exchange,stock_code,short_name,legal_full_name,list_date,current_industry,exchange_status_code,coverage_scope,source_url,retrieved_date
上海证券交易所,600000,浦发银行,上海浦东发展银行股份有限公司,19991110,金融业,2,上交所接口所列A股/科创板及指定状态,https://query.sse.com.cn/commonQuery.do?sqlId=COMMON_SSE_CP_GPJCTPZ_GPLB_GP_L,2026-08-06
上海证券交易所,600004,白云机场,广州白云国际机场股份有限公司,20030428,交通运输、仓储和邮政业,2,上交所接口所列A股/科创板及指定状态,https://query.sse.com.cn/commonQuery.do?sqlId=COMMON_SSE_CP_GPJCTPZ_GPLB_GP_L,2026-08-06
上海证券交易所,600006,东风股份,东风汽车股份有限公司,19990727,制造业,2,上交所接口所列A股/科创板及指定状态,https://query.sse.com.cn/commonQuery.do?sqlId=COMMON_SSE_CP_GPJCTPZ_GPLB_GP_L,2026-08-06
上海证券交易所,600007,中国国贸,中国国际贸易中心股份有限公司,19990312,房地产业,2,上交所接口所列A股/科创板及指定状态,https://query.sse.com.cn/commonQuery.do?sqlId=COMMON_SSE_CP_GPJCTPZ_GPLB_GP_L,2026-08-06
上海证券交易所,600008,首创环保,北京首创生态环保集团股份有限公司,20000427,电力、热力、燃气及水生产和供应业,2,上交所接口所列A股/科创板及指定状态,https://query.sse.com.cn/commonQuery.do?sqlId=COMMON_SSE_CP_GPJCTPZ_GPLB_GP_L,2026-08-06
上海证券交易所,600009,上海机场,上海国际机场股份有限公司,19980218,交通运输、仓储和邮政业,2,上交所接口所列A股/科创板及指定状态,https://query.sse.com.cn/commonQuery.do?sqlId=COMMON_SSE_CP_GPJCTPZ_GPLB_GP_L,2026-08-06
上海证券交易所,600010,包钢股份,内蒙古包钢钢联股份有限公司,20010309,制造业,2,上交所接口所列A股/科创板及指定状态,https://query.sse.com.cn/commonQuery.do?sqlId=COMMON_SSE_CP_GPJCTPZ_GPLB_GP_L,2026-08-06
上海证券交易所,600011,华能国际,华能国际电力股份有限公司,20011206,电力、热力、燃气及水生产和供应业,2,上交所接口所列A股/科创板及指定状态,https://query.sse.com.cn/commonQuery.do?sqlId=COMMON_SSE_CP_GPJCTPZ_GPLB_GP_L,2026-08-06
上海证券交易所,600012,皖通高速,安徽皖通高速公路股份有限公司,20030107,交通运输、仓储和邮政业,2,上交所接口所列A股/科创板及指定状态,https://query.sse.com.cn/commonQuery.do?sqlId=COMMON_SSE_CP_GPJCTPZ_GPLB_GP_L,2026-08-06
上海证券交易所,600015,华夏银行,华夏银行股份有限公司,20030912,金融业,2,上交所接口所列A股/科创板及指定状态,https://query.sse.com.cn/commonQuery.do?sqlId=COMMON_SSE_CP_GPJCTPZ_GPLB_GP_L,2026-08-06
上海证券交易所,600016,民生银行,中国民生银行股份有限公司,20001219,金融业,2,上交所接口所列A股/科创板及指定状态,https://query.sse.com.cn/commonQuery.do?sqlId=COMMON_SSE_CP_GPJCTPZ_GPLB_GP_L,2026-08-06
上海证券交易所,600017,日照港,日照港股份有限公司,20061017,交通运输、仓储和邮政业,2,上交所接口所列A股/科创板及指定状态,https://query.sse.com.cn/commonQuery.do?sqlId=COMMON_SSE_CP_GPJCTPZ_GPLB_GP_L,2026-08-06
上海证券交易所,600018,上港集团,上海国际港务(集团)股份有限公司,20000719,交通运输、仓储和邮政业,2,上交所接口所列A股/科创板及指定状态,https://query.sse.com.cn/commonQuery.do?sqlId=COMMON_SSE_CP_GPJCTPZ_GPLB_GP_L,2026-08-06
上海证券交易所,600019,宝钢股份,宝山钢铁股份有限公司,20001212,制造业,2,上交所接口所列A股/科创板及指定状态,https://query.sse.com.cn/commonQuery.do?sqlId=COMMON_SSE_CP_GPJCTPZ_GPLB_GP_L,2026-08-06
上海证券交易所,600020,中原高速,河南中原高速公路股份有限公司,20030808,交通运输、仓储和邮政业,2,上交所接口所列A股/科创板及指定状态,https://query.sse.com.cn/commonQuery.do?sqlId=COMMON_SSE_CP_GPJCTPZ_GPLB_GP_L,2026-08-06
上海证券交易所,600021,上海电力,上海电力股份有限公司,20031029,电力、热力、燃气及水生产和供应业,2,上交所接口所列A股/科创板及指定状态,https://query.sse.com.cn/commonQuery.do?sqlId=COMMON_SSE_CP_GPJCTPZ_GPLB_GP_L,2026-08-06
上海证券交易所,600022,山东钢铁,山东钢铁股份有限公司,20040629,制造业,2,上交所接口所列A股/科创板及指定状态,https://query.sse.com.cn/commonQuery.do?sqlId=COMMON_SSE_CP_GPJCTPZ_GPLB_GP_L,2026-08-06
上海证券交易所,600023,浙能电力,浙江浙能电力股份有限公司,20131219,电力、热力、燃气及水生产和供应业,2,上交所接口所列A股/科创板及指定状态,https://query.sse.com.cn/commonQuery.do?sqlId=COMMON_SSE_CP_GPJCTPZ_GPLB_GP_L,2026-08-06
上海证券交易所,600025,华能水电,华能澜沧江水电股份有限公司,20171215,电力、热力、燃气及水生产和供应业,2,上交所接口所列A股/科创板及指定状态,https://query.sse.com.cn/commonQuery.do?sqlId=COMMON_SSE_CP_GPJCTPZ_GPLB_GP_L,2026-08-06
上海证券交易所,600026,中远海能,中远海运能源运输股份有限公司,20020523,交通运输、仓储和邮政业,2,上交所接口所列A股/科创板及指定状态,https://query.sse.com.cn/commonQuery.do?sqlId=COMMON_SSE_CP_GPJCTPZ_GPLB_GP_L,2026-08-06
上海证券交易所,600027,华电国际,华电国际电力股份有限公司,20050203,电力、热力、燃气及水生产和供应业,2,上交所接口所列A股/科创板及指定状态,https://query.sse.com.cn/commonQuery.do?sqlId=COMMON_SSE_CP_GPJCTPZ_GPLB_GP_L,2026-08-06
上海证券交易所,600028,中国石化,中国石油化工股份有限公司,20010808,采矿业,2,上交所接口所列A股/科创板及指定状态,https://query.sse.com.cn/commonQuery.do?sqlId=COMMON_SSE_CP_GPJCTPZ_GPLB_GP_L,2026-08-06
上海证券交易所,600029,南方航空,中国南方航空股份有限公司,20030725,交通运输、仓储和邮政业,2,上交所接口所列A股/科创板及指定状态,https://query.sse.com.cn/commonQuery.do?sqlId=COMMON_SSE_CP_GPJCTPZ_GPLB_GP_L,2026-08-06
上海证券交易所,600030,中信证券,中信证券股份有限公司,20030106,金融业,2,上交所接口所列A股/科创板及指定状态,https://query.sse.com.cn/commonQuery.do?sqlId=COMMON_SSE_CP_GPJCTPZ_GPLB_GP_L,2026-08-06
上海证券交易所,600031,三一重工,三一重工股份有限公司,20030703,制造业,2,上交所接口所列A股/科创板及指定状态,https://query.sse.com.cn/commonQuery.do?sqlId=COMMON_SSE_CP_GPJCTPZ_GPLB_GP_L,2026-08-06
上海证券交易所,600032,浙江新能,浙江省新能源投资集团股份有限公司,20210525,电力、热力、燃气及水生产和供应业,2,上交所接口所列A股/科创板及指定状态,https://query.sse.com.cn/commonQuery.do?sqlId=COMMON_SSE_CP_GPJCTPZ_GPLB_GP_L,2026-08-06
上海证券交易所,600033,福建高速,福建发展高速公路股份有限公司,20010209,交通运输、仓储和邮政业,2,上交所接口所列A股/科创板及指定状态,https://query.sse.com.cn/commonQuery.do?sqlId=COMMON_SSE_CP_GPJCTPZ_GPLB_GP_L,2026-08-06
上海证券交易所,600035,楚天高速,湖北楚天智能交通股份有限公司,20040310,交通运输、仓储和邮政业,2,上交所接口所列A股/科创板及指定状态,https://query.sse.com.cn/commonQuery.do?sqlId=COMMON_SSE_CP_GPJCTPZ_GPLB_GP_L,2026-08-06
上海证券交易所,600036,招商银行,招商银行股份有限公司,20020409,金融业,2,上交所接口所列A股/科创板及指定状态,https://query.sse.com.cn/commonQuery.do?sqlId=COMMON_SSE_CP_GPJCTPZ_GPLB_GP_L,2026-08-06
上海证券交易所,600037,歌华有线,北京歌华有线电视网络股份有限公司,20010208,信息传输、软件和信息技术服务业,2,上交所接口所列A股/科创板及指定状态,https://query.sse.com.cn/commonQuery.do?sqlId=COMMON_SSE_CP_GPJCTPZ_GPLB_GP_L,2026-08-06
上海证券交易所,600038,中直股份,中航直升机股份有限公司,20001218,制造业,2,上交所接口所列A股/科创板及指定状态,https://query.sse.com.cn/commonQuery.do?sqlId=COMMON_SSE_CP_GPJCTPZ_GPLB_GP_L,2026-08-06
上海证券交易所,600039,四川路桥,四川路桥建设集团股份有限公司,20030325,建筑业,2,上交所接口所列A股/科创板及指定状态,https://query.sse.com.cn/commonQuery.do?sqlId=COMMON_SSE_CP_GPJCTPZ_GPLB_GP_L,2026-08-06
上海证券交易所,600048,保利发展,保利发展控股集团股份有限公司,20060731,房地产业,2,上交所接口所列A股/科创板及指定状态,https://query.sse.com.cn/commonQuery.do?sqlId=COMMON_SSE_CP_GPJCTPZ_GPLB_GP_L,2026-08-06
上海证券交易所,600050,中国联通,中国联合网络通信股份有限公司,20021009,信息传输、软件和信息技术服务业,2,上交所接口所列A股/科创板及指定状态,https://query.sse.com.cn/commonQuery.do?sqlId=COMMON_SSE_CP_GPJCTPZ_GPLB_GP_L,2026-08-06
上海证券交易所,600051,宁波联合,宁波联合集团股份有限公司,19970410,批发和零售业,2,上交所接口所列A股/科创板及指定状态,https://query.sse.com.cn/commonQuery.do?sqlId=COMMON_SSE_CP_GPJCTPZ_GPLB_GP_L,2026-08-06
上海证券交易所,600052,东望时代,浙江东望时代科技股份有限公司,19970415,租赁和商务服务业,2,上交所接口所列A股/科创板及指定状态,https://query.sse.com.cn/commonQuery.do?sqlId=COMMON_SSE_CP_GPJCTPZ_GPLB_GP_L,2026-08-06
上海证券交易所,600053,*ST九鼎,昆吾九鼎投资控股股份有限公司,19970418,金融业,7,上交所接口所列A股/科创板及指定状态,https://query.sse.com.cn/commonQuery.do?sqlId=COMMON_SSE_CP_GPJCTPZ_GPLB_GP_L,2026-08-06
上海证券交易所,600054,黄山旅游,黄山旅游发展股份有限公司,19970506,水利、环境和公共设施管理业,2,上交所接口所列A股/科创板及指定状态,https://query.sse.com.cn/commonQuery.do?sqlId=COMMON_SSE_CP_GPJCTPZ_GPLB_GP_L,2026-08-06
上海证券交易所,600055,万东医疗,北京万东医疗科技股份有限公司,19970519,制造业,2,上交所接口所列A股/科创板及指定状态,https://query.sse.com.cn/commonQuery.do?sqlId=COMMON_SSE_CP_GPJCTPZ_GPLB_GP_L,2026-08-06
上海证券交易所,600056,中国医药,中国医药健康产业股份有限公司,19970515,批发和零售业,2,上交所接口所列A股/科创板及指定状态,https://query.sse.com.cn/commonQuery.do?sqlId=COMMON_SSE_CP_GPJCTPZ_GPLB_GP_L,2026-08-06
上海证券交易所,600057,厦门象屿,厦门象屿股份有限公司,19970604,租赁和商务服务业,2,上交所接口所列A股/科创板及指定状态,https://query.sse.com.cn/commonQuery.do?sqlId=COMMON_SSE_CP_GPJCTPZ_GPLB_GP_L,2026-08-06
上海证券交易所,600058,五矿发展,五矿发展股份有限公司,19970528,批发和零售业,2,上交所接口所列A股/科创板及指定状态,https://query.sse.com.cn/commonQuery.do?sqlId=COMMON_SSE_CP_GPJCTPZ_GPLB_GP_L,2026-08-06
上海证券交易所,600059,古越龙山,浙江古越龙山绍兴酒股份有限公司,19970516,制造业,2,上交所接口所列A股/科创板及指定状态,https://query.sse.com.cn/commonQuery.do?sqlId=COMMON_SSE_CP_GPJCTPZ_GPLB_GP_L,2026-08-06
上海证券交易所,600060,海信视像,海信视像科技股份有限公司,19970422,制造业,2,上交所接口所列A股/科创板及指定状态,https://query.sse.com.cn/commonQuery.do?sqlId=COMMON_SSE_CP_GPJCTPZ_GPLB_GP_L,2026-08-06
上海证券交易所,600061,国投资本,国投资本股份有限公司,19970519,金融业,2,上交所接口所列A股/科创板及指定状态,https://query.sse.com.cn/commonQuery.do?sqlId=COMMON_SSE_CP_GPJCTPZ_GPLB_GP_L,2026-08-06
上海证券交易所,600062,华润双鹤,华润双鹤药业股份有限公司,19970522,制造业,2,上交所接口所列A股/科创板及指定状态,https://query.sse.com.cn/commonQuery.do?sqlId=COMMON_SSE_CP_GPJCTPZ_GPLB_GP_L,2026-08-06
上海证券交易所,600063,皖维高新,安徽皖维高新材料股份有限公司,19970528,制造业,2,上交所接口所列A股/科创板及指定状态,https://query.sse.com.cn/commonQuery.do?sqlId=COMMON_SSE_CP_GPJCTPZ_GPLB_GP_L,2026-08-06
上海证券交易所,600064,南京高科,南京高科股份有限公司,19970506,房地产业,2,上交所接口所列A股/科创板及指定状态,https://query.sse.com.cn/commonQuery.do?sqlId=COMMON_SSE_CP_GPJCTPZ_GPLB_GP_L,2026-08-06
上海证券交易所,600066,宇通客车,宇通客车股份有限公司,19970508,制造业,2,上交所接口所列A股/科创板及指定状态,https://query.sse.com.cn/commonQuery.do?sqlId=COMMON_SSE_CP_GPJCTPZ_GPLB_GP_L,2026-08-06
上海证券交易所,600067,冠城新材,冠城大通新材料股份有限公司,19970508,制造业,2,上交所接口所列A股/科创板及指定状态,https://query.sse.com.cn/commonQuery.do?sqlId=COMMON_SSE_CP_GPJCTPZ_GPLB_GP_L,2026-08-06
上海证券交易所,600071,凤凰光学,凤凰光学股份有限公司,19970528,制造业,2,上交所接口所列A股/科创板及指定状态,https://query.sse.com.cn/commonQuery.do?sqlId=COMMON_SSE_CP_GPJCTPZ_GPLB_GP_L,2026-08-06
上海证券交易所,600072,中船科技,中船科技股份有限公司,19970603,建筑业,2,上交所接口所列A股/科创板及指定状态,https://query.sse.com.cn/commonQuery.do?sqlId=COMMON_SSE_CP_GPJCTPZ_GPLB_GP_L,2026-08-06
上海证券交易所,600073,光明肉业,上海光明肉业集团股份有限公司,19970704,制造业,2,上交所接口所列A股/科创板及指定状态,https://query.sse.com.cn/commonQuery.do?sqlId=COMMON_SSE_CP_GPJCTPZ_GPLB_GP_L,2026-08-06
上海证券交易所,600075,新疆天业,新疆天业股份有限公司,19970617,制造业,2,上交所接口所列A股/科创板及指定状态,https://query.sse.com.cn/commonQuery.do?sqlId=COMMON_SSE_CP_GPJCTPZ_GPLB_GP_L,2026-08-06
上海证券交易所,600076,康欣新材,康欣新材料股份有限公司,19970526,制造业,2,上交所接口所列A股/科创板及指定状态,https://query.sse.com.cn/commonQuery.do?sqlId=COMMON_SSE_CP_GPJCTPZ_GPLB_GP_L,2026-08-06
上海证券交易所,600078,澄星股份,江苏澄星磷化工股份有限公司,19970627,制造业,2,上交所接口所列A股/科创板及指定状态,https://query.sse.com.cn/commonQuery.do?sqlId=COMMON_SSE_CP_GPJCTPZ_GPLB_GP_L,2026-08-06
上海证券交易所,600079,ST人福,人福医药集团股份公司,19970606,制造业,7,上交所接口所列A股/科创板及指定状态,https://query.sse.com.cn/commonQuery.do?sqlId=COMMON_SSE_CP_GPJCTPZ_GPLB_GP_L,2026-08-06
上海证券交易所,600080,ST金花,金花企业(集团)股份有限公司,19970612,制造业,7,上交所接口所列A股/科创板及指定状态,https://query.sse.com.cn/commonQuery.do?sqlId=COMMON_SSE_CP_GPJCTPZ_GPLB_GP_L,2026-08-06
上海证券交易所,600081,东风科技,东风电子科技股份有限公司,19970703,制造业,2,上交所接口所列A股/科创板及指定状态,https://query.sse.com.cn/commonQuery.do?sqlId=COMMON_SSE_CP_GPJCTPZ_GPLB_GP_L,2026-08-06
上海证券交易所,600082,ST海泰,天津海泰科技发展股份有限公司,19970620,批发和零售业,7,上交所接口所列A股/科创板及指定状态,https://query.sse.com.cn/commonQuery.do?sqlId=COMMON_SSE_CP_GPJCTPZ_GPLB_GP_L,2026-08-06
上海证券交易所,600084,*ST尼雅,中信尼雅葡萄酒股份有限公司,19970711,制造业,7,上交所接口所列A股/科创板及指定状态,https://query.sse.com.cn/commonQuery.do?sqlId=COMMON_SSE_CP_GPJCTPZ_GPLB_GP_L,2026-08-06
上海证券交易所,600085,同仁堂,北京同仁堂股份有限公司,19970625,制造业,2,上交所接口所列A股/科创板及指定状态,https://query.sse.com.cn/commonQuery.do?sqlId=COMMON_SSE_CP_GPJCTPZ_GPLB_GP_L,2026-08-06
上海证券交易所,600088,中视传媒,中视传媒股份有限公司,19970616,文化、体育和娱乐业,2,上交所接口所列A股/科创板及指定状态,https://query.sse.com.cn/commonQuery.do?sqlId=COMMON_SSE_CP_GPJCTPZ_GPLB_GP_L,2026-08-06
上海证券交易所,600089,特变电工,特变电工股份有限公司,19970618,制造业,2,上交所接口所列A股/科创板及指定状态,https://query.sse.com.cn/commonQuery.do?sqlId=COMMON_SSE_CP_GPJCTPZ_GPLB_GP_L,2026-08-06
上海证券交易所,600094,大名城,上海大名城企业股份有限公司,19970703,房地产业,2,上交所接口所列A股/科创板及指定状态,https://query.sse.com.cn/commonQuery.do?sqlId=COMMON_SSE_CP_GPJCTPZ_GPLB_GP_L,2026-08-06
上海证券交易所,600095,湘财股份,湘财股份有限公司,19970708,金融业,2,上交所接口所列A股/科创板及指定状态,https://query.sse.com.cn/commonQuery.do?sqlId=COMMON_SSE_CP_GPJCTPZ_GPLB_GP_L,2026-08-06
上海证券交易所,600096,云天化,云南云天化股份有限公司,19970709,制造业,2,上交所接口所列A股/科创板及指定状态,https://query.sse.com.cn/commonQuery.do?sqlId=COMMON_SSE_CP_GPJCTPZ_GPLB_GP_L,2026-08-06
上海证券交易所,600097,开创国际,上海开创国际海洋资源股份有限公司,19970619,农、林、牧、渔业,2,上交所接口所列A股/科创板及指定状态,https://query.sse.com.cn/commonQuery.do?sqlId=COMMON_SSE_CP_GPJCTPZ_GPLB_GP_L,2026-08-06
上海证券交易所,600098,广州发展,广州发展集团股份有限公司,19970718,电力、热力、燃气及水生产和供应业,2,上交所接口所列A股/科创板及指定状态,https://query.sse.com.cn/commonQuery.do?sqlId=COMMON_SSE_CP_GPJCTPZ_GPLB_GP_L,2026-08-06
上海证券交易所,600099,林海股份,林海股份有限公司,19970704,制造业,2,上交所接口所列A股/科创板及指定状态,https://query.sse.com.cn/commonQuery.do?sqlId=COMMON_SSE_CP_GPJCTPZ_GPLB_GP_L,2026-08-06
上海证券交易所,600100,同方股份,同方股份有限公司,19970627,制造业,2,上交所接口所列A股/科创板及指定状态,https://query.sse.com.cn/commonQuery.do?sqlId=COMMON_SSE_CP_GPJCTPZ_GPLB_GP_L,2026-08-06
上海证券交易所,600101,明星电力,四川明星电力股份有限公司,19970627,电力、热力、燃气及水生产和供应业,2,上交所接口所列A股/科创板及指定状态,https://query.sse.com.cn/commonQuery.do?sqlId=COMMON_SSE_CP_GPJCTPZ_GPLB_GP_L,2026-08-06
上海证券交易所,600103,青山纸业,福建省青山纸业股份有限公司,19970703,制造业,2,上交所接口所列A股/科创板及指定状态,https://query.sse.com.cn/commonQuery.do?sqlId=COMMON_SSE_CP_GPJCTPZ_GPLB_GP_L,2026-08-06
上海证券交易所,600104,上汽集团,上海汽车集团股份有限公司,19971125,制造业,2,上交所接口所列A股/科创板及指定状态,https://query.sse.com.cn/commonQuery.do?sqlId=COMMON_SSE_CP_GPJCTPZ_GPLB_GP_L,2026-08-06
上海证券交易所,600105,永鼎股份,江苏永鼎股份有限公司,19970929,制造业,2,上交所接口所列A股/科创板及指定状态,https://query.sse.com.cn/commonQuery.do?sqlId=COMMON_SSE_CP_GPJCTPZ_GPLB_GP_L,2026-08-06
上海证券交易所,600106,重庆路桥,重庆路桥股份有限公司,19970618,交通运输、仓储和邮政业,2,上交所接口所列A股/科创板及指定状态,https://query.sse.com.cn/commonQuery.do?sqlId=COMMON_SSE_CP_GPJCTPZ_GPLB_GP_L,2026-08-06
上海证券交易所,600107,*ST尔雅,湖北美尔雅股份有限公司,19971106,制造业,7,上交所接口所列A股/科创板及指定状态,https://query.sse.com.cn/commonQuery.do?sqlId=COMMON_SSE_CP_GPJCTPZ_GPLB_GP_L,2026-08-06
上海证券交易所,600108,亚盛集团,甘肃亚盛实业(集团)股份有限公司,19970818,农、林、牧、渔业,2,上交所接口所列A股/科创板及指定状态,https://query.sse.com.cn/commonQuery.do?sqlId=COMMON_SSE_CP_GPJCTPZ_GPLB_GP_L,2026-08-06
上海证券交易所,600109,国金证券,国金证券股份有限公司,19970807,金融业,2,上交所接口所列A股/科创板及指定状态,https://query.sse.com.cn/commonQuery.do?sqlId=COMMON_SSE_CP_GPJCTPZ_GPLB_GP_L,2026-08-06
上海证券交易所,600110,诺德股份,诺德新材料股份有限公司,19971007,制造业,2,上交所接口所列A股/科创板及指定状态,https://query.sse.com.cn/commonQuery.do?sqlId=COMMON_SSE_CP_GPJCTPZ_GPLB_GP_L,2026-08-06
上海证券交易所,600111,北方稀土,中国北方稀土(集团)高科技股份有限公司,19970924,制造业,2,上交所接口所列A股/科创板及指定状态,https://query.sse.com.cn/commonQuery.do?sqlId=COMMON_SSE_CP_GPJCTPZ_GPLB_GP_L,2026-08-06
上海证券交易所,600113,浙江东日,浙江东日股份有限公司,19971021,租赁和商务服务业,2,上交所接口所列A股/科创板及指定状态,https://query.sse.com.cn/commonQuery.do?sqlId=COMMON_SSE_CP_GPJCTPZ_GPLB_GP_L,2026-08-06
上海证券交易所,600114,东睦股份,东睦新材料集团股份有限公司,20040511,制造业,2,上交所接口所列A股/科创板及指定状态,https://query.sse.com.cn/commonQuery.do?sqlId=COMMON_SSE_CP_GPJCTPZ_GPLB_GP_L,2026-08-06
上海证券交易所,600115,中国东航,中国东方航空股份有限公司,19971105,交通运输、仓储和邮政业,2,上交所接口所列A股/科创板及指定状态,https://query.sse.com.cn/commonQuery.do?sqlId=COMMON_SSE_CP_GPJCTPZ_GPLB_GP_L,2026-08-06
上海证券交易所,600116,三峡水利,重庆三峡水利电力(集团)股份有限公司,19970804,电力、热力、燃气及水生产和供应业,2,上交所接口所列A股/科创板及指定状态,https://query.sse.com.cn/commonQuery.do?sqlId=COMMON_SSE_CP_GPJCTPZ_GPLB_GP_L,2026-08-06
上海证券交易所,600117,西宁特钢,西宁特殊钢股份有限公司,19971015,制造业,2,上交所接口所列A股/科创板及指定状态,https://query.sse.com.cn/commonQuery.do?sqlId=COMMON_SSE_CP_GPJCTPZ_GPLB_GP_L,2026-08-06
上海证券交易所,600118,中国卫星,中国东方红卫星股份有限公司,19970908,制造业,2,上交所接口所列A股/科创板及指定状态,https://query.sse.com.cn/commonQuery.do?sqlId=COMMON_SSE_CP_GPJCTPZ_GPLB_GP_L,2026-08-06
上海证券交易所,600119,*ST长投,长发集团长江投资实业股份有限公司,19980115,交通运输、仓储和邮政业,7,上交所接口所列A股/科创板及指定状态,https://query.sse.com.cn/commonQuery.do?sqlId=COMMON_SSE_CP_GPJCTPZ_GPLB_GP_L,2026-08-06
上海证券交易所,600120,浙江东方,浙江东方控股集团股份有限公司,19971201,金融业,2,上交所接口所列A股/科创板及指定状态,https://query.sse.com.cn/commonQuery.do?sqlId=COMMON_SSE_CP_GPJCTPZ_GPLB_GP_L,2026-08-06
上海证券交易所,600121,郑州煤电,郑州煤电股份有限公司,19980107,采矿业,2,上交所接口所列A股/科创板及指定状态,https://query.sse.com.cn/commonQuery.do?sqlId=COMMON_SSE_CP_GPJCTPZ_GPLB_GP_L,2026-08-06
上海证券交易所,600123,兰花科创,山西兰花科技创业股份有限公司,19981217,采矿业,2,上交所接口所列A股/科创板及指定状态,https://query.sse.com.cn/commonQuery.do?sqlId=COMMON_SSE_CP_GPJCTPZ_GPLB_GP_L,2026-08-06
上海证券交易所,600125,铁龙物流,中铁铁龙集装箱物流股份有限公司,19980511,交通运输、仓储和邮政业,2,上交所接口所列A股/科创板及指定状态,https://query.sse.com.cn/commonQuery.do?sqlId=COMMON_SSE_CP_GPJCTPZ_GPLB_GP_L,2026-08-06
上海证券交易所,600126,杭钢股份,杭州钢铁股份有限公司,19980311,制造业,2,上交所接口所列A股/科创板及指定状态,https://query.sse.com.cn/commonQuery.do?sqlId=COMMON_SSE_CP_GPJCTPZ_GPLB_GP_L,2026-08-06
上海证券交易所,600127,金健米业,金健米业股份有限公司,19980506,制造业,2,上交所接口所列A股/科创板及指定状态,https://query.sse.com.cn/commonQuery.do?sqlId=COMMON_SSE_CP_GPJCTPZ_GPLB_GP_L,2026-08-06
上海证券交易所,600128,苏豪弘业,苏豪弘业股份有限公司,19970901,批发和零售业,2,上交所接口所列A股/科创板及指定状态,https://query.sse.com.cn/commonQuery.do?sqlId=COMMON_SSE_CP_GPJCTPZ_GPLB_GP_L,2026-08-06
上海证券交易所,600129,太极集团,重庆太极实业(集团)股份有限公司,19971118,制造业,2,上交所接口所列A股/科创板及指定状态,https://query.sse.com.cn/commonQuery.do?sqlId=COMMON_SSE_CP_GPJCTPZ_GPLB_GP_L,2026-08-06
上海证券交易所,600130,波导股份,宁波波导股份有限公司,20000706,制造业,2,上交所接口所列A股/科创板及指定状态,https://query.sse.com.cn/commonQuery.do?sqlId=COMMON_SSE_CP_GPJCTPZ_GPLB_GP_L,2026-08-06
上海证券交易所,600131,国网信通,国网信息通信股份有限公司,19980402,信息传输、软件和信息技术服务业,2,上交所接口所列A股/科创板及指定状态,https://query.sse.com.cn/commonQuery.do?sqlId=COMMON_SSE_CP_GPJCTPZ_GPLB_GP_L,2026-08-06
上海证券交易所,600132,重庆啤酒,重庆啤酒股份有限公司,19971030,制造业,2,上交所接口所列A股/科创板及指定状态,https://query.sse.com.cn/commonQuery.do?sqlId=COMMON_SSE_CP_GPJCTPZ_GPLB_GP_L,2026-08-06
上海证券交易所,600133,东湖高新,武汉东湖高新集团股份有限公司,19980212,水利、环境和公共设施管理业,2,上交所接口所列A股/科创板及指定状态,https://query.sse.com.cn/commonQuery.do?sqlId=COMMON_SSE_CP_GPJCTPZ_GPLB_GP_L,2026-08-06
上海证券交易所,600135,乐凯胶片,乐凯胶片股份有限公司,19980122,制造业,2,上交所接口所列A股/科创板及指定状态,https://query.sse.com.cn/commonQuery.do?sqlId=COMMON_SSE_CP_GPJCTPZ_GPLB_GP_L,2026-08-06
上海证券交易所,600136,ST明诚,武汉明诚文化体育集团股份有限公司,19980303,文化、体育和娱乐业,7,上交所接口所列A股/科创板及指定状态,https://query.sse.com.cn/commonQuery.do?sqlId=COMMON_SSE_CP_GPJCTPZ_GPLB_GP_L,2026-08-06
上海证券交易所,600137,浪莎股份,四川浪莎控股股份有限公司,19980416,制造业,2,上交所接口所列A股/科创板及指定状态,https://query.sse.com.cn/commonQuery.do?sqlId=COMMON_SSE_CP_GPJCTPZ_GPLB_GP_L,2026-08-06
上海证券交易所,600138,中青旅,中青旅控股股份有限公司,19971203,租赁和商务服务业,2,上交所接口所列A股/科创板及指定状态,https://query.sse.com.cn/commonQuery.do?sqlId=COMMON_SSE_CP_GPJCTPZ_GPLB_GP_L,2026-08-06
上海证券交易所,600141,兴发集团,湖北兴发化工集团股份有限公司,19990616,制造业,2,上交所接口所列A股/科创板及指定状态,https://query.sse.com.cn/commonQuery.do?sqlId=COMMON_SSE_CP_GPJCTPZ_GPLB_GP_L,2026-08-06
上海证券交易所,600143,金发科技,金发科技股份有限公司,20040623,制造业,2,上交所接口所列A股/科创板及指定状态,https://query.sse.com.cn/commonQuery.do?sqlId=COMMON_SSE_CP_GPJCTPZ_GPLB_GP_L,2026-08-06
上海证券交易所,600148,长春一东,长春一东离合器股份有限公司,19980520,制造业,2,上交所接口所列A股/科创板及指定状态,https://query.sse.com.cn/commonQuery.do?sqlId=COMMON_SSE_CP_GPJCTPZ_GPLB_GP_L,2026-08-06
上海证券交易所,600149,廊坊发展,廊坊发展股份有限公司,19991014,电力、热力、燃气及水生产和供应业,2,上交所接口所列A股/科创板及指定状态,https://query.sse.com.cn/commonQuery.do?sqlId=COMMON_SSE_CP_GPJCTPZ_GPLB_GP_L,2026-08-06
上海证券交易所,600150,中国船舶,中国船舶工业股份有限公司,19980520,制造业,2,上交所接口所列A股/科创板及指定状态,https://query.sse.com.cn/commonQuery.do?sqlId=COMMON_SSE_CP_GPJCTPZ_GPLB_GP_L,2026-08-06
上海证券交易所,600151,航天机电,上海航天汽车机电股份有限公司,19980605,制造业,2,上交所接口所列A股/科创板及指定状态,https://query.sse.com.cn/commonQuery.do?sqlId=COMMON_SSE_CP_GPJCTPZ_GPLB_GP_L,2026-08-06
上海证券交易所,600152,维科技术,维科技术股份有限公司,19980609,制造业,2,上交所接口所列A股/科创板及指定状态,https://query.sse.com.cn/commonQuery.do?sqlId=COMMON_SSE_CP_GPJCTPZ_GPLB_GP_L,2026-08-06
上海证券交易所,600153,建发股份,厦门建发股份有限公司,19980616,租赁和商务服务业,2,上交所接口所列A股/科创板及指定状态,https://query.sse.com.cn/commonQuery.do?sqlId=COMMON_SSE_CP_GPJCTPZ_GPLB_GP_L,2026-08-06
上海证券交易所,600155,华创云信,华创云信数字技术股份有限公司,19980918,金融业,2,上交所接口所列A股/科创板及指定状态,https://query.sse.com.cn/commonQuery.do?sqlId=COMMON_SSE_CP_GPJCTPZ_GPLB_GP_L,2026-08-06
上海证券交易所,600156,华升股份,湖南华升股份有限公司,19980527,制造业,2,上交所接口所列A股/科创板及指定状态,https://query.sse.com.cn/commonQuery.do?sqlId=COMMON_SSE_CP_GPJCTPZ_GPLB_GP_L,2026-08-06
上海证券交易所,600157,永泰能源,永泰能源集团股份有限公司,19980513,电力、热力、燃气及水生产和供应业,2,上交所接口所列A股/科创板及指定状态,https://query.sse.com.cn/commonQuery.do?sqlId=COMMON_SSE_CP_GPJCTPZ_GPLB_GP_L,2026-08-06
上海证券交易所,600158,中体产业,中体产业集团股份有限公司,19980327,文化、体育和娱乐业,2,上交所接口所列A股/科创板及指定状态,https://query.sse.com.cn/commonQuery.do?sqlId=COMMON_SSE_CP_GPJCTPZ_GPLB_GP_L,2026-08-06
上海证券交易所,600159,大龙地产,北京市大龙伟业房地产开发股份有限公司,19980526,建筑业,2,上交所接口所列A股/科创板及指定状态,https://query.sse.com.cn/commonQuery.do?sqlId=COMMON_SSE_CP_GPJCTPZ_GPLB_GP_L,2026-08-06
上海证券交易所,600160,巨化股份,浙江巨化股份有限公司,19980626,制造业,2,上交所接口所列A股/科创板及指定状态,https://query.sse.com.cn/commonQuery.do?sqlId=COMMON_SSE_CP_GPJCTPZ_GPLB_GP_L,2026-08-06
上海证券交易所,600161,天坛生物,北京天坛生物制品股份有限公司,19980616,制造业,2,上交所接口所列A股/科创板及指定状态,https://query.sse.com.cn/commonQuery.do?sqlId=COMMON_SSE_CP_GPJCTPZ_GPLB_GP_L,2026-08-06
上海证券交易所,600162,香江控股,深圳香江控股股份有限公司,19980609,房地产业,2,上交所接口所列A股/科创板及指定状态,https://query.sse.com.cn/commonQuery.do?sqlId=COMMON_SSE_CP_GPJCTPZ_GPLB_GP_L,2026-08-06
上海证券交易所,600163,中闽能源,中闽能源股份有限公司,19980602,电力、热力、燃气及水生产和供应业,2,上交所接口所列A股/科创板及指定状态,https://query.sse.com.cn/commonQuery.do?sqlId=COMMON_SSE_CP_GPJCTPZ_GPLB_GP_L,2026-08-06
上海证券交易所,600165,ST宁科,宁夏中科生物科技股份有限公司,19980529,制造业,7,上交所接口所列A股/科创板及指定状态,https://query.sse.com.cn/commonQuery.do?sqlId=COMMON_SSE_CP_GPJCTPZ_GPLB_GP_L,2026-08-06
上海证券交易所,600166,福田汽车,北汽福田汽车股份有限公司,19980602,制造业,2,上交所接口所列A股/科创板及指定状态,https://query.sse.com.cn/commonQuery.do?sqlId=COMMON_SSE_CP_GPJCTPZ_GPLB_GP_L,2026-08-06
上海证券交易所,600167,联美控股,联美量子股份有限公司,19990128,电力、热力、燃气及水生产和供应业,2,上交所接口所列A股/科创板及指定状态,https://query.sse.com.cn/commonQuery.do?sqlId=COMMON_SSE_CP_GPJCTPZ_GPLB_GP_L,2026-08-06
上海证券交易所,600168,武汉控股,武汉三镇实业控股股份有限公司,19980427,电力、热力、燃气及水生产和供应业,2,上交所接口所列A股/科创板及指定状态,https://query.sse.com.cn/commonQuery.do?sqlId=COMMON_SSE_CP_GPJCTPZ_GPLB_GP_L,2026-08-06
上海证券交易所,600169,ST太重,太原重工股份有限公司,19980904,制造业,7,上交所接口所列A股/科创板及指定状态,https://query.sse.com.cn/commonQuery.do?sqlId=COMMON_SSE_CP_GPJCTPZ_GPLB_GP_L,2026-08-06
上海证券交易所,600170,上海建工,上海建工集团股份有限公司,19980623,建筑业,2,上交所接口所列A股/科创板及指定状态,https://query.sse.com.cn/commonQuery.do?sqlId=COMMON_SSE_CP_GPJCTPZ_GPLB_GP_L,2026-08-06
上海证券交易所,600171,上海贝岭,上海贝岭股份有限公司,19980924,制造业,2,上交所接口所列A股/科创板及指定状态,https://query.sse.com.cn/commonQuery.do?sqlId=COMMON_SSE_CP_GPJCTPZ_GPLB_GP_L,2026-08-06
上海证券交易所,600172,黄河旋风,河南黄河旋风股份有限公司,19981126,制造业,2,上交所接口所列A股/科创板及指定状态,https://query.sse.com.cn/commonQuery.do?sqlId=COMMON_SSE_CP_GPJCTPZ_GPLB_GP_L,2026-08-06
上海证券交易所,600173,卧龙新能,卧龙新能源集团股份有限公司,19990415,房地产业,2,上交所接口所列A股/科创板及指定状态,https://query.sse.com.cn/commonQuery.do?sqlId=COMMON_SSE_CP_GPJCTPZ_GPLB_GP_L,2026-08-06
上海证券交易所,600176,中国巨石,中国巨石股份有限公司,19990422,制造业,2,上交所接口所列A股/科创板及指定状态,https://query.sse.com.cn/commonQuery.do?sqlId=COMMON_SSE_CP_GPJCTPZ_GPLB_GP_L,2026-08-06
上海证券交易所,600177,雅戈尔,雅戈尔时尚股份有限公司,19981119,制造业,2,上交所接口所列A股/科创板及指定状态,https://query.sse.com.cn/commonQuery.do?sqlId=COMMON_SSE_CP_GPJCTPZ_GPLB_GP_L,2026-08-06
上海证券交易所,600178,东安动力,哈尔滨东安汽车动力股份有限公司,19981014,制造业,2,上交所接口所列A股/科创板及指定状态,https://query.sse.com.cn/commonQuery.do?sqlId=COMMON_SSE_CP_GPJCTPZ_GPLB_GP_L,2026-08-06
上海证券交易所,600179,安通控股,安通控股股份有限公司,19981104,交通运输、仓储和邮政业,2,上交所接口所列A股/科创板及指定状态,https://query.sse.com.cn/commonQuery.do?sqlId=COMMON_SSE_CP_GPJCTPZ_GPLB_GP_L,2026-08-06
上海证券交易所,600180,*ST瑞茂,瑞茂通供应链管理股份有限公司,19980703,批发和零售业,7,上交所接口所列A股/科创板及指定状态,https://query.sse.com.cn/commonQuery.do?sqlId=COMMON_SSE_CP_GPJCTPZ_GPLB_GP_L,2026-08-06
上海证券交易所,600182,S佳通,佳通轮胎股份有限公司,19990507,制造业,2,上交所接口所列A股/科创板及指定状态,https://query.sse.com.cn/commonQuery.do?sqlId=COMMON_SSE_CP_GPJCTPZ_GPLB_GP_L,2026-08-06
上海证券交易所,600183,生益科技,广东生益科技股份有限公司,19981028,制造业,2,上交所接口所列A股/科创板及指定状态,https://query.sse.com.cn/commonQuery.do?sqlId=COMMON_SSE_CP_GPJCTPZ_GPLB_GP_L,2026-08-06
上海证券交易所,600184,光电股份,北方光电股份有限公司,20031106,制造业,2,上交所接口所列A股/科创板及指定状态,https://query.sse.com.cn/commonQuery.do?sqlId=COMMON_SSE_CP_GPJCTPZ_GPLB_GP_L,2026-08-06
上海证券交易所,600185,珠免集团,珠海珠免集团股份有限公司,19990611,租赁和商务服务业,2,上交所接口所列A股/科创板及指定状态,https://query.sse.com.cn/commonQuery.do?sqlId=COMMON_SSE_CP_GPJCTPZ_GPLB_GP_L,2026-08-06
上海证券交易所,600186,莲花控股,莲花控股股份有限公司,19980825,制造业,2,上交所接口所列A股/科创板及指定状态,https://query.sse.com.cn/commonQuery.do?sqlId=COMMON_SSE_CP_GPJCTPZ_GPLB_GP_L,2026-08-06
上海证券交易所,600187,*ST国中,黑龙江国中水务股份有限公司,19981111,电力、热力、燃气及水生产和供应业,7,上交所接口所列A股/科创板及指定状态,https://query.sse.com.cn/commonQuery.do?sqlId=COMMON_SSE_CP_GPJCTPZ_GPLB_GP_L,2026-08-06
上海证券交易所,600188,兖矿能源,兖矿能源集团股份有限公司,19980701,采矿业,2,上交所接口所列A股/科创板及指定状态,https://query.sse.com.cn/commonQuery.do?sqlId=COMMON_SSE_CP_GPJCTPZ_GPLB_GP_L,2026-08-06
上海证券交易所,600189,泉阳泉,吉林泉阳泉股份有限公司,19981007,制造业,2,上交所接口所列A股/科创板及指定状态,https://query.sse.com.cn/commonQuery.do?sqlId=COMMON_SSE_CP_GPJCTPZ_GPLB_GP_L,2026-08-06
上海证券交易所,600191,华资实业,包头华资实业股份有限公司,19981210,制造业,2,上交所接口所列A股/科创板及指定状态,https://query.sse.com.cn/commonQuery.do?sqlId=COMMON_SSE_CP_GPJCTPZ_GPLB_GP_L,2026-08-06
上海证券交易所,600192,长城电工,兰州长城电工股份有限公司,19981224,制造业,2,上交所接口所列A股/科创板及指定状态,https://query.sse.com.cn/commonQuery.do?sqlId=COMMON_SSE_CP_GPJCTPZ_GPLB_GP_L,2026-08-06
上海证券交易所,600195,中牧股份,中牧实业股份有限公司,19990107,制造业,2,上交所接口所列A股/科创板及指定状态,https://query.sse.com.cn/commonQuery.do?sqlId=COMMON_SSE_CP_GPJCTPZ_GPLB_GP_L,2026-08-06
上海证券交易所,600196,复星医药,上海复星医药(集团)股份有限公司,19980807,制造业,2,上交所接口所列A股/科创板及指定状态,https://query.sse.com.cn/commonQuery.do?sqlId=COMMON_SSE_CP_GPJCTPZ_GPLB_GP_L,2026-08-06
上海证券交易所,600197,伊力特,新疆伊力特实业股份有限公司,19990916,制造业,2,上交所接口所列A股/科创板及指定状态,https://query.sse.com.cn/commonQuery.do?sqlId=COMMON_SSE_CP_GPJCTPZ_GPLB_GP_L,2026-08-06
上海证券交易所,600198,大唐电信,大唐电信科技股份有限公司,19981021,制造业,2,上交所接口所列A股/科创板及指定状态,https://query.sse.com.cn/commonQuery.do?sqlId=COMMON_SSE_CP_GPJCTPZ_GPLB_GP_L,2026-08-06
上海证券交易所,600199,金种子酒,安徽金种子酒业股份有限公司,19980812,制造业,2,上交所接口所列A股/科创板及指定状态,https://query.sse.com.cn/commonQuery.do?sqlId=COMMON_SSE_CP_GPJCTPZ_GPLB_GP_L,2026-08-06
上海证券交易所,600201,生物股份,金宇生物技术股份有限公司,19990115,制造业,2,上交所接口所列A股/科创板及指定状态,https://query.sse.com.cn/commonQuery.do?sqlId=COMMON_SSE_CP_GPJCTPZ_GPLB_GP_L,2026-08-06
上海证券交易所,600202,哈空调,哈尔滨空调股份有限公司,19990603,制造业,2,上交所接口所列A股/科创板及指定状态,https://query.sse.com.cn/commonQuery.do?sqlId=COMMON_SSE_CP_GPJCTPZ_GPLB_GP_L,2026-08-06
上海证券交易所,600203,福日电子,福建福日电子股份有限公司,19990514,制造业,2,上交所接口所列A股/科创板及指定状态,https://query.sse.com.cn/commonQuery.do?sqlId=COMMON_SSE_CP_GPJCTPZ_GPLB_GP_L,2026-08-06
上海证券交易所,600206,有研新材,有研新材料股份有限公司,19990319,制造业,2,上交所接口所列A股/科创板及指定状态,https://query.sse.com.cn/commonQuery.do?sqlId=COMMON_SSE_CP_GPJCTPZ_GPLB_GP_L,2026-08-06
上海证券交易所,600207,安彩高科,河南安彩高科股份有限公司,19990714,制造业,2,上交所接口所列A股/科创板及指定状态,https://query.sse.com.cn/commonQuery.do?sqlId=COMMON_SSE_CP_GPJCTPZ_GPLB_GP_L,2026-08-06
上海证券交易所,600208,衢州发展,衢州信安发展股份有限公司,19990623,房地产业,2,上交所接口所列A股/科创板及指定状态,https://query.sse.com.cn/commonQuery.do?sqlId=COMMON_SSE_CP_GPJCTPZ_GPLB_GP_L,2026-08-06
上海证券交易所,600210,紫江企业,上海紫江企业集团股份有限公司,19990824,制造业,2,上交所接口所列A股/科创板及指定状态,https://query.sse.com.cn/commonQuery.do?sqlId=COMMON_SSE_CP_GPJCTPZ_GPLB_GP_L,2026-08-06
上海证券交易所,600211,西藏药业,西藏诺迪康药业股份有限公司,19990721,制造业,2,上交所接口所列A股/科创板及指定状态,https://query.sse.com.cn/commonQuery.do?sqlId=COMMON_SSE_CP_GPJCTPZ_GPLB_GP_L,2026-08-06
上海证券交易所,600212,绿能慧充,绿能慧充数字能源技术股份有限公司,19990817,制造业,2,上交所接口所列A股/科创板及指定状态,https://query.sse.com.cn/commonQuery.do?sqlId=COMMON_SSE_CP_GPJCTPZ_GPLB_GP_L,2026-08-06
上海证券交易所,600215,派斯林,派斯林数字科技股份有限公司,19990909,制造业,2,上交所接口所列A股/科创板及指定状态,https://query.sse.com.cn/commonQuery.do?sqlId=COMMON_SSE_CP_GPJCTPZ_GPLB_GP_L,2026-08-06
上海证券交易所,600216,浙江医药,浙江医药股份有限公司,19991021,制造业,2,上交所接口所列A股/科创板及指定状态,https://query.sse.com.cn/commonQuery.do?sqlId=COMMON_SSE_CP_GPJCTPZ_GPLB_GP_L,2026-08-06
上海证券交易所,600217,中再资环,中再资源环境股份有限公司,19991216,制造业,2,上交所接口所列A股/科创板及指定状态,https://query.sse.com.cn/commonQuery.do?sqlId=COMMON_SSE_CP_GPJCTPZ_GPLB_GP_L,2026-08-06
上海证券交易所,600218,全柴动力,安徽全柴动力股份有限公司,19981203,制造业,2,上交所接口所列A股/科创板及指定状态,https://query.sse.com.cn/commonQuery.do?sqlId=COMMON_SSE_CP_GPJCTPZ_GPLB_GP_L,2026-08-06
上海证券交易所,600219,南山铝业,山东南山铝业股份有限公司,19991223,制造业,2,上交所接口所列A股/科创板及指定状态,https://query.sse.com.cn/commonQuery.do?sqlId=COMMON_SSE_CP_GPJCTPZ_GPLB_GP_L,2026-08-06
上海证券交易所,600221,海航控股,海南航空控股股份有限公司,19991125,交通运输、仓储和邮政业,2,上交所接口所列A股/科创板及指定状态,https://query.sse.com.cn/commonQuery.do?sqlId=COMMON_SSE_CP_GPJCTPZ_GPLB_GP_L,2026-08-06
上海证券交易所,600222,太龙药业,河南太龙药业股份有限公司,19991105,制造业,2,上交所接口所列A股/科创板及指定状态,https://query.sse.com.cn/commonQuery.do?sqlId=COMMON_SSE_CP_GPJCTPZ_GPLB_GP_L,2026-08-06
上海证券交易所,600223,福瑞达,鲁商福瑞达医药股份有限公司,20000113,制造业,2,上交所接口所列A股/科创板及指定状态,https://query.sse.com.cn/commonQuery.do?sqlId=COMMON_SSE_CP_GPJCTPZ_GPLB_GP_L,2026-08-06
上海证券交易所,600226,亨通股份,浙江亨通控股股份有限公司,19991116,电力、热力、燃气及水生产和供应业,2,上交所接口所列A股/科创板及指定状态,https://query.sse.com.cn/commonQuery.do?sqlId=COMMON_SSE_CP_GPJCTPZ_GPLB_GP_L,2026-08-06
上海证券交易所,600227,赤天化,贵州赤天化股份有限公司,20000221,制造业,2,上交所接口所列A股/科创板及指定状态,https://query.sse.com.cn/commonQuery.do?sqlId=COMMON_SSE_CP_GPJCTPZ_GPLB_GP_L,2026-08-06
上海证券交易所,600228,返利科技,返利网数字科技股份有限公司,19990119,信息传输、软件和信息技术服务业,2,上交所接口所列A股/科创板及指定状态,https://query.sse.com.cn/commonQuery.do?sqlId=COMMON_SSE_CP_GPJCTPZ_GPLB_GP_L,2026-08-06
上海证券交易所,600229,城市传媒,青岛城市传媒股份有限公司,20000309,文化、体育和娱乐业,2,上交所接口所列A股/科创板及指定状态,https://query.sse.com.cn/commonQuery.do?sqlId=COMMON_SSE_CP_GPJCTPZ_GPLB_GP_L,2026-08-06
上海证券交易所,600230,沧州大化,沧州大化股份有限公司,20000406,制造业,2,上交所接口所列A股/科创板及指定状态,https://query.sse.com.cn/commonQuery.do?sqlId=COMMON_SSE_CP_GPJCTPZ_GPLB_GP_L,2026-08-06
上海证券交易所,600231,凌钢股份,凌源钢铁股份有限公司,20000511,制造业,2,上交所接口所列A股/科创板及指定状态,https://query.sse.com.cn/commonQuery.do?sqlId=COMMON_SSE_CP_GPJCTPZ_GPLB_GP_L,2026-08-06
上海证券交易所,600232,金鹰股份,浙江金鹰股份有限公司,20000602,制造业,2,上交所接口所列A股/科创板及指定状态,https://query.sse.com.cn/commonQuery.do?sqlId=COMMON_SSE_CP_GPJCTPZ_GPLB_GP_L,2026-08-06
上海证券交易所,600233,圆通速递,圆通速递股份有限公司,20000608,交通运输、仓储和邮政业,2,上交所接口所列A股/科创板及指定状态,https://query.sse.com.cn/commonQuery.do?sqlId=COMMON_SSE_CP_GPJCTPZ_GPLB_GP_L,2026-08-06
上海证券交易所,600234,科新发展,山西科新发展股份有限公司,20000615,建筑业,2,上交所接口所列A股/科创板及指定状态,https://query.sse.com.cn/commonQuery.do?sqlId=COMMON_SSE_CP_GPJCTPZ_GPLB_GP_L,2026-08-06
上海证券交易所,600235,民丰特纸,民丰特种纸股份有限公司,20000615,制造业,2,上交所接口所列A股/科创板及指定状态,https://query.sse.com.cn/commonQuery.do?sqlId=COMMON_SSE_CP_GPJCTPZ_GPLB_GP_L,2026-08-06
上海证券交易所,600236,桂冠电力,广西桂冠电力股份有限公司,20000323,电力、热力、燃气及水生产和供应业,2,上交所接口所列A股/科创板及指定状态,https://query.sse.com.cn/commonQuery.do?sqlId=COMMON_SSE_CP_GPJCTPZ_GPLB_GP_L,2026-08-06
上海证券交易所,600237,铜峰电子,安徽铜峰电子股份有限公司,20000609,制造业,2,上交所接口所列A股/科创板及指定状态,https://query.sse.com.cn/commonQuery.do?sqlId=COMMON_SSE_CP_GPJCTPZ_GPLB_GP_L,2026-08-06
上海证券交易所,600238,ST椰岛,海南椰岛(集团)股份有限公司,20000120,制造业,7,上交所接口所列A股/科创板及指定状态,https://query.sse.com.cn/commonQuery.do?sqlId=COMMON_SSE_CP_GPJCTPZ_GPLB_GP_L,2026-08-06
上海证券交易所,600239,ST云城,云南城投置业股份有限公司,19991202,房地产业,7,上交所接口所列A股/科创板及指定状态,https://query.sse.com.cn/commonQuery.do?sqlId=COMMON_SSE_CP_GPJCTPZ_GPLB_GP_L,2026-08-06
上海证券交易所,600241,时代万恒,辽宁时代万恒股份有限公司,20001128,制造业,2,上交所接口所列A股/科创板及指定状态,https://query.sse.com.cn/commonQuery.do?sqlId=COMMON_SSE_CP_GPJCTPZ_GPLB_GP_L,2026-08-06
上海证券交易所,600243,*ST海华,青海华鼎实业股份有限公司,20001120,制造业,7,上交所接口所列A股/科创板及指定状态,https://query.sse.com.cn/commonQuery.do?sqlId=COMMON_SSE_CP_GPJCTPZ_GPLB_GP_L,2026-08-06
上海证券交易所,600246,万通发展,北京万通新发展集团股份有限公司,20000922,房地产业,2,上交所接口所列A股/科创板及指定状态,https://query.sse.com.cn/commonQuery.do?sqlId=COMMON_SSE_CP_GPJCTPZ_GPLB_GP_L,2026-08-06
上海证券交易所,600248,陕建股份,陕西建工集团股份有限公司,20000622,建筑业,2,上交所接口所列A股/科创板及指定状态,https://query.sse.com.cn/commonQuery.do?sqlId=COMMON_SSE_CP_GPJCTPZ_GPLB_GP_L,2026-08-06
上海证券交易所,600249,两面针,柳州两面针股份有限公司,20040130,制造业,2,上交所接口所列A股/科创板及指定状态,https://query.sse.com.cn/commonQuery.do?sqlId=COMMON_SSE_CP_GPJCTPZ_GPLB_GP_L,2026-08-06
上海证券交易所,600250,南京商旅,南京商贸旅游股份有限公司,20010306,水利、环境和公共设施管理业,2,上交所接口所列A股/科创板及指定状态,https://query.sse.com.cn/commonQuery.do?sqlId=COMMON_SSE_CP_GPJCTPZ_GPLB_GP_L,2026-08-06
上海证券交易所,600251,冠农股份,新疆冠农股份有限公司,20030609,制造业,2,上交所接口所列A股/科创板及指定状态,https://query.sse.com.cn/commonQuery.do?sqlId=COMMON_SSE_CP_GPJCTPZ_GPLB_GP_L,2026-08-06
上海证券交易所,600252,中恒集团,广西梧州中恒集团股份有限公司,20001130,制造业,2,上交所接口所列A股/科创板及指定状态,https://query.sse.com.cn/commonQuery.do?sqlId=COMMON_SSE_CP_GPJCTPZ_GPLB_GP_L,2026-08-06
上海证券交易所,600255,鑫科材料,安徽鑫科新材料股份有限公司,20001122,制造业,2,上交所接口所列A股/科创板及指定状态,https://query.sse.com.cn/commonQuery.do?sqlId=COMMON_SSE_CP_GPJCTPZ_GPLB_GP_L,2026-08-06
上海证券交易所,600256,广汇能源,广汇能源股份有限公司,20000526,采矿业,2,上交所接口所列A股/科创板及指定状态,https://query.sse.com.cn/commonQuery.do?sqlId=COMMON_SSE_CP_GPJCTPZ_GPLB_GP_L,2026-08-06
上海证券交易所,600257,大湖股份,大湖健康产业股份有限公司,20000612,农、林、牧、渔业,2,上交所接口所列A股/科创板及指定状态,https://query.sse.com.cn/commonQuery.do?sqlId=COMMON_SSE_CP_GPJCTPZ_GPLB_GP_L,2026-08-06
上海证券交易所,600258,首旅酒店,北京首旅酒店(集团)股份有限公司,20000601,住宿和餐饮业,2,上交所接口所列A股/科创板及指定状态,https://query.sse.com.cn/commonQuery.do?sqlId=COMMON_SSE_CP_GPJCTPZ_GPLB_GP_L,2026-08-06
上海证券交易所,600259,中稀有色,中稀有色金属股份有限公司,20000525,采矿业,2,上交所接口所列A股/科创板及指定状态,https://query.sse.com.cn/commonQuery.do?sqlId=COMMON_SSE_CP_GPJCTPZ_GPLB_GP_L,2026-08-06
上海证券交易所,600261,阳光照明,浙江阳光照明电器集团股份有限公司,20000720,制造业,2,上交所接口所列A股/科创板及指定状态,https://query.sse.com.cn/commonQuery.do?sqlId=COMMON_SSE_CP_GPJCTPZ_GPLB_GP_L,2026-08-06
上海证券交易所,600262,北方股份,内蒙古北方重型汽车股份有限公司,20000630,制造业,2,上交所接口所列A股/科创板及指定状态,https://query.sse.com.cn/commonQuery.do?sqlId=COMMON_SSE_CP_GPJCTPZ_GPLB_GP_L,2026-08-06
上海证券交易所,600265,*ST景谷,云南景谷林业股份有限公司,20000825,制造业,7,上交所接口所列A股/科创板及指定状态,https://query.sse.com.cn/commonQuery.do?sqlId=COMMON_SSE_CP_GPJCTPZ_GPLB_GP_L,2026-08-06
上海证券交易所,600266,XD城建发,北京城建投资发展股份有限公司,19990203,房地产业,2,上交所接口所列A股/科创板及指定状态,https://query.sse.com.cn/commonQuery.do?sqlId=COMMON_SSE_CP_GPJCTPZ_GPLB_GP_L,2026-08-06
上海证券交易所,600267,海正药业,浙江海正药业股份有限公司,20000725,制造业,2,上交所接口所列A股/科创板及指定状态,https://query.sse.com.cn/commonQuery.do?sqlId=COMMON_SSE_CP_GPJCTPZ_GPLB_GP_L,2026-08-06
上海证券交易所,600268,国电南自,国电南京自动化股份有限公司,19991118,制造业,2,上交所接口所列A股/科创板及指定状态,https://query.sse.com.cn/commonQuery.do?sqlId=COMMON_SSE_CP_GPJCTPZ_GPLB_GP_L,2026-08-06
上海证券交易所,600269,赣粤高速,江西赣粤高速公路股份有限公司,20000518,交通运输、仓储和邮政业,2,上交所接口所列A股/科创板及指定状态,https://query.sse.com.cn/commonQuery.do?sqlId=COMMON_SSE_CP_GPJCTPZ_GPLB_GP_L,2026-08-06
上海证券交易所,600271,航天信息,航天信息股份有限公司,20030711,信息传输、软件和信息技术服务业,2,上交所接口所列A股/科创板及指定状态,https://query.sse.com.cn/commonQuery.do?sqlId=COMMON_SSE_CP_GPJCTPZ_GPLB_GP_L,2026-08-06
上海证券交易所,600272,开开实业,上海开开实业股份有限公司,20010228,批发和零售业,2,上交所接口所列A股/科创板及指定状态,https://query.sse.com.cn/commonQuery.do?sqlId=COMMON_SSE_CP_GPJCTPZ_GPLB_GP_L,2026-08-06
上海证券交易所,600273,嘉化能源,浙江嘉化能源化工股份有限公司,20030627,制造业,2,上交所接口所列A股/科创板及指定状态,https://query.sse.com.cn/commonQuery.do?sqlId=COMMON_SSE_CP_GPJCTPZ_GPLB_GP_L,2026-08-06
上海证券交易所,600276,恒瑞医药,江苏恒瑞医药股份有限公司,20001018,制造业,2,上交所接口所列A股/科创板及指定状态,https://query.sse.com.cn/commonQuery.do?sqlId=COMMON_SSE_CP_GPJCTPZ_GPLB_GP_L,2026-08-06
上海证券交易所,600278,东方创业,东方国际创业股份有限公司,20000712,批发和零售业,2,上交所接口所列A股/科创板及指定状态,https://query.sse.com.cn/commonQuery.do?sqlId=COMMON_SSE_CP_GPJCTPZ_GPLB_GP_L,2026-08-06
上海证券交易所,600279,重庆港,重庆港股份有限公司,20000731,交通运输、仓储和邮政业,2,上交所接口所列A股/科创板及指定状态,https://query.sse.com.cn/commonQuery.do?sqlId=COMMON_SSE_CP_GPJCTPZ_GPLB_GP_L,2026-08-06
上海证券交易所,600280,中央商场,南京中央商场(集团)股份有限公司,20000926,批发和零售业,2,上交所接口所列A股/科创板及指定状态,https://query.sse.com.cn/commonQuery.do?sqlId=COMMON_SSE_CP_GPJCTPZ_GPLB_GP_L,2026-08-06
上海证券交易所,600281,华阳新材,山西华阳新材料股份有限公司,20001109,制造业,2,上交所接口所列A股/科创板及指定状态,https://query.sse.com.cn/commonQuery.do?sqlId=COMMON_SSE_CP_GPJCTPZ_GPLB_GP_L,2026-08-06
上海证券交易所,600282,南钢股份,南京钢铁股份有限公司,20000919,制造业,2,上交所接口所列A股/科创板及指定状态,https://query.sse.com.cn/commonQuery.do?sqlId=COMMON_SSE_CP_GPJCTPZ_GPLB_GP_L,2026-08-06
上海证券交易所,600283,钱江水利,钱江水利开发股份有限公司,20001018,电力、热力、燃气及水生产和供应业,2,上交所接口所列A股/科创板及指定状态,https://query.sse.com.cn/commonQuery.do?sqlId=COMMON_SSE_CP_GPJCTPZ_GPLB_GP_L,2026-08-06
上海证券交易所,600284,浦东建设,上海浦东建设股份有限公司,20040316,建筑业,2,上交所接口所列A股/科创板及指定状态,https://query.sse.com.cn/commonQuery.do?sqlId=COMMON_SSE_CP_GPJCTPZ_GPLB_GP_L,2026-08-06
上海证券交易所,600285,羚锐制药,河南羚锐制药股份有限公司,20001018,制造业,2,上交所接口所列A股/科创板及指定状态,https://query.sse.com.cn/commonQuery.do?sqlId=COMMON_SSE_CP_GPJCTPZ_GPLB_GP_L,2026-08-06
上海证券交易所,600287,苏豪时尚,江苏苏豪时尚集团股份有限公司,20000901,批发和零售业,2,上交所接口所列A股/科创板及指定状态,https://query.sse.com.cn/commonQuery.do?sqlId=COMMON_SSE_CP_GPJCTPZ_GPLB_GP_L,2026-08-06
上海证券交易所,600288,大恒科技,大恒新纪元科技股份有限公司,20001129,制造业,2,上交所接口所列A股/科创板及指定状态,https://query.sse.com.cn/commonQuery.do?sqlId=COMMON_SSE_CP_GPJCTPZ_GPLB_GP_L,2026-08-06
上海证券交易所,600289,ST信通,亿阳信通股份有限公司,20000720,信息传输、软件和信息技术服务业,7,上交所接口所列A股/科创板及指定状态,https://query.sse.com.cn/commonQuery.do?sqlId=COMMON_SSE_CP_GPJCTPZ_GPLB_GP_L,2026-08-06
上海证券交易所,600292,电投水电,国家电投集团水电股份有限公司,20001101,水利、环境和公共设施管理业,2,上交所接口所列A股/科创板及指定状态,https://query.sse.com.cn/commonQuery.do?sqlId=COMMON_SSE_CP_GPJCTPZ_GPLB_GP_L,2026-08-06
上海证券交易所,600293,三峡新材,湖北三峡新型建材股份有限公司,20000919,制造业,2,上交所接口所列A股/科创板及指定状态,https://query.sse.com.cn/commonQuery.do?sqlId=COMMON_SSE_CP_GPJCTPZ_GPLB_GP_L,2026-08-06
上海证券交易所,600295,鄂尔多斯,内蒙古鄂尔多斯资源股份有限公司,20010426,制造业,2,上交所接口所列A股/科创板及指定状态,https://query.sse.com.cn/commonQuery.do?sqlId=COMMON_SSE_CP_GPJCTPZ_GPLB_GP_L,2026-08-06
上海证券交易所,600298,安琪酵母,安琪酵母股份有限公司,20000818,制造业,2,上交所接口所列A股/科创板及指定状态,https://query.sse.com.cn/commonQuery.do?sqlId=COMMON_SSE_CP_GPJCTPZ_GPLB_GP_L,2026-08-06
上海证券交易所,600299,安迪苏,蓝星安迪苏股份有限公司,20000420,制造业,2,上交所接口所列A股/科创板及指定状态,https://query.sse.com.cn/commonQuery.do?sqlId=COMMON_SSE_CP_GPJCTPZ_GPLB_GP_L,2026-08-06
上海证券交易所,600300,维维股份,维维食品饮料股份有限公司,20000630,制造业,2,上交所接口所列A股/科创板及指定状态,https://query.sse.com.cn/commonQuery.do?sqlId=COMMON_SSE_CP_GPJCTPZ_GPLB_GP_L,2026-08-06
上海证券交易所,600301,华锡有色,广西华锡有色金属股份有限公司,20000712,采矿业,2,上交所接口所列A股/科创板及指定状态,https://query.sse.com.cn/commonQuery.do?sqlId=COMMON_SSE_CP_GPJCTPZ_GPLB_GP_L,2026-08-06
上海证券交易所,600302,ST标准,西安标准工业股份有限公司,20001213,制造业,7,上交所接口所列A股/科创板及指定状态,https://query.sse.com.cn/commonQuery.do?sqlId=COMMON_SSE_CP_GPJCTPZ_GPLB_GP_L,2026-08-06
上海证券交易所,600303,曙光股份,辽宁曙光汽车集团股份有限公司,20001226,制造业,2,上交所接口所列A股/科创板及指定状态,https://query.sse.com.cn/commonQuery.do?sqlId=COMMON_SSE_CP_GPJCTPZ_GPLB_GP_L,2026-08-06
上海证券交易所,600305,恒顺醋业,江苏恒顺醋业股份有限公司,20010206,制造业,2,上交所接口所列A股/科创板及指定状态,https://query.sse.com.cn/commonQuery.do?sqlId=COMMON_SSE_CP_GPJCTPZ_GPLB_GP_L,2026-08-06
上海证券交易所,600307,酒钢宏兴,甘肃酒钢集团宏兴钢铁股份有限公司,20001220,制造业,2,上交所接口所列A股/科创板及指定状态,https://query.sse.com.cn/commonQuery.do?sqlId=COMMON_SSE_CP_GPJCTPZ_GPLB_GP_L,2026-08-06
上海证券交易所,600308,华泰股份,山东华泰纸业股份有限公司,20000928,制造业,2,上交所接口所列A股/科创板及指定状态,https://query.sse.com.cn/commonQuery.do?sqlId=COMMON_SSE_CP_GPJCTPZ_GPLB_GP_L,2026-08-06
上海证券交易所,600309,万华化学,万华化学集团股份有限公司,20010105,制造业,2,上交所接口所列A股/科创板及指定状态,https://query.sse.com.cn/commonQuery.do?sqlId=COMMON_SSE_CP_GPJCTPZ_GPLB_GP_L,2026-08-06
上海证券交易所,600310,广西能源,广西能源股份有限公司,20010228,电力、热力、燃气及水生产和供应业,2,上交所接口所列A股/科创板及指定状态,https://query.sse.com.cn/commonQuery.do?sqlId=COMMON_SSE_CP_GPJCTPZ_GPLB_GP_L,2026-08-06
上海证券交易所,600312,平高电气,河南平高电气股份有限公司,20010221,制造业,2,上交所接口所列A股/科创板及指定状态,https://query.sse.com.cn/commonQuery.do?sqlId=COMMON_SSE_CP_GPJCTPZ_GPLB_GP_L,2026-08-06
上海证券交易所,600313,农发种业,中农发种业集团股份有限公司,20010119,批发和零售业,2,上交所接口所列A股/科创板及指定状态,https://query.sse.com.cn/commonQuery.do?sqlId=COMMON_SSE_CP_GPJCTPZ_GPLB_GP_L,2026-08-06
上海证券交易所,600315,上海家化,上海家化联合股份有限公司,20010315,制造业,2,上交所接口所列A股/科创板及指定状态,https://query.sse.com.cn/commonQuery.do?sqlId=COMMON_SSE_CP_GPJCTPZ_GPLB_GP_L,2026-08-06
上海证券交易所,600316,洪都航空,江西洪都航空工业股份有限公司,20001215,制造业,2,上交所接口所列A股/科创板及指定状态,https://query.sse.com.cn/commonQuery.do?sqlId=COMMON_SSE_CP_GPJCTPZ_GPLB_GP_L,2026-08-06
上海证券交易所,600318,新力金融,安徽新力金融股份有限公司,20001208,金融业,2,上交所接口所列A股/科创板及指定状态,https://query.sse.com.cn/commonQuery.do?sqlId=COMMON_SSE_CP_GPJCTPZ_GPLB_GP_L,2026-08-06
上海证券交易所,600319,亚星化学,潍坊亚星化学股份有限公司,20010326,制造业,2,上交所接口所列A股/科创板及指定状态,https://query.sse.com.cn/commonQuery.do?sqlId=COMMON_SSE_CP_GPJCTPZ_GPLB_GP_L,2026-08-06
上海证券交易所,600320,振华重工,上海振华重工(集团)股份有限公司,20001221,制造业,2,上交所接口所列A股/科创板及指定状态,https://query.sse.com.cn/commonQuery.do?sqlId=COMMON_SSE_CP_GPJCTPZ_GPLB_GP_L,2026-08-06
上海证券交易所,600322,津投城开,天津津投城市开发股份有限公司,20010910,房地产业,2,上交所接口所列A股/科创板及指定状态,https://query.sse.com.cn/commonQuery.do?sqlId=COMMON_SSE_CP_GPJCTPZ_GPLB_GP_L,2026-08-06
上海证券交易所,600323,瀚蓝环境,瀚蓝环境股份有限公司,20001225,水利、环境和公共设施管理业,2,上交所接口所列A股/科创板及指定状态,https://query.sse.com.cn/commonQuery.do?sqlId=COMMON_SSE_CP_GPJCTPZ_GPLB_GP_L,2026-08-06
上海证券交易所,600325,华发股份,珠海华发实业股份有限公司,20040225,房地产业,2,上交所接口所列A股/科创板及指定状态,https://query.sse.com.cn/commonQuery.do?sqlId=COMMON_SSE_CP_GPJCTPZ_GPLB_GP_L,2026-08-06
上海证券交易所,600326,西藏天路,西藏天路股份有限公司,20010116,制造业,2,上交所接口所列A股/科创板及指定状态,https://query.sse.com.cn/commonQuery.do?sqlId=COMMON_SSE_CP_GPJCTPZ_GPLB_GP_L,2026-08-06
上海证券交易所,600327,大东方,无锡商业大厦大东方股份有限公司,20020625,卫生和社会工作,2,上交所接口所列A股/科创板及指定状态,https://query.sse.com.cn/commonQuery.do?sqlId=COMMON_SSE_CP_GPJCTPZ_GPLB_GP_L,2026-08-06
上海证券交易所,600328,中盐化工,中盐内蒙古化工股份有限公司,20001222,制造业,2,上交所接口所列A股/科创板及指定状态,https://query.sse.com.cn/commonQuery.do?sqlId=COMMON_SSE_CP_GPJCTPZ_GPLB_GP_L,2026-08-06
上海证券交易所,600329,达仁堂,津药达仁堂集团股份有限公司,20010606,制造业,2,上交所接口所列A股/科创板及指定状态,https://query.sse.com.cn/commonQuery.do?sqlId=COMMON_SSE_CP_GPJCTPZ_GPLB_GP_L,2026-08-06
上海证券交易所,600330,天通股份,天通控股股份有限公司,20010118,制造业,2,上交所接口所列A股/科创板及指定状态,https://query.sse.com.cn/commonQuery.do?sqlId=COMMON_SSE_CP_GPJCTPZ_GPLB_GP_L,2026-08-06
上海证券交易所,600331,宏达股份,四川宏达股份有限公司,20011220,制造业,2,上交所接口所列A股/科创板及指定状态,https://query.sse.com.cn/commonQuery.do?sqlId=COMMON_SSE_CP_GPJCTPZ_GPLB_GP_L,2026-08-06
上海证券交易所,600332,白云山,广州白云山医药集团股份有限公司,20010206,制造业,2,上交所接口所列A股/科创板及指定状态,https://query.sse.com.cn/commonQuery.do?sqlId=COMMON_SSE_CP_GPJCTPZ_GPLB_GP_L,2026-08-06
上海证券交易所,600333,长春燃气,长春燃气股份有限公司,20001211,电力、热力、燃气及水生产和供应业,2,上交所接口所列A股/科创板及指定状态,https://query.sse.com.cn/commonQuery.do?sqlId=COMMON_SSE_CP_GPJCTPZ_GPLB_GP_L,2026-08-06
上海证券交易所,600335,国机汽车,国机汽车股份有限公司,20010305,批发和零售业,2,上交所接口所列A股/科创板及指定状态,https://query.sse.com.cn/commonQuery.do?sqlId=COMMON_SSE_CP_GPJCTPZ_GPLB_GP_L,2026-08-06
上海证券交易所,600336,澳柯玛,澳柯玛股份有限公司,20001229,制造业,2,上交所接口所列A股/科创板及指定状态,https://query.sse.com.cn/commonQuery.do?sqlId=COMMON_SSE_CP_GPJCTPZ_GPLB_GP_L,2026-08-06
上海证券交易所,600337,ST美克,美克国际家居用品股份有限公司,20001127,批发和零售业,7,上交所接口所列A股/科创板及指定状态,https://query.sse.com.cn/commonQuery.do?sqlId=COMMON_SSE_CP_GPJCTPZ_GPLB_GP_L,2026-08-06
上海证券交易所,600338,西藏珠峰,西藏珠峰资源股份有限公司,20001227,采矿业,2,上交所接口所列A股/科创板及指定状态,https://query.sse.com.cn/commonQuery.do?sqlId=COMMON_SSE_CP_GPJCTPZ_GPLB_GP_L,2026-08-06
上海证券交易所,600339,中油工程,中国石油集团工程股份有限公司,20001225,采矿业,2,上交所接口所列A股/科创板及指定状态,https://query.sse.com.cn/commonQuery.do?sqlId=COMMON_SSE_CP_GPJCTPZ_GPLB_GP_L,2026-08-06
上海证券交易所,600340,*ST华幸,华夏幸福基业股份有限公司,20031230,房地产业,7,上交所接口所列A股/科创板及指定状态,https://query.sse.com.cn/commonQuery.do?sqlId=COMMON_SSE_CP_GPJCTPZ_GPLB_GP_L,2026-08-06
上海证券交易所,600343,航天动力,陕西航天动力高科技股份有限公司,20030408,制造业,2,上交所接口所列A股/科创板及指定状态,https://query.sse.com.cn/commonQuery.do?sqlId=COMMON_SSE_CP_GPJCTPZ_GPLB_GP_L,2026-08-06
上海证券交易所,600345,长江通信,武汉长江通信产业集团股份有限公司,20001222,制造业,2,上交所接口所列A股/科创板及指定状态,https://query.sse.com.cn/commonQuery.do?sqlId=COMMON_SSE_CP_GPJCTPZ_GPLB_GP_L,2026-08-06
上海证券交易所,600346,恒力石化,恒力石化股份有限公司,20010820,制造业,2,上交所接口所列A股/科创板及指定状态,https://query.sse.com.cn/commonQuery.do?sqlId=COMMON_SSE_CP_GPJCTPZ_GPLB_GP_L,2026-08-06
上海证券交易所,600348,华阳股份,山西华阳集团新能股份有限公司,20030821,采矿业,2,上交所接口所列A股/科创板及指定状态,https://query.sse.com.cn/commonQuery.do?sqlId=COMMON_SSE_CP_GPJCTPZ_GPLB_GP_L,2026-08-06
上海证券交易所,600350,山东高速,山东高速股份有限公司,20020318,交通运输、仓储和邮政业,2,上交所接口所列A股/科创板及指定状态,https://query.sse.com.cn/commonQuery.do?sqlId=COMMON_SSE_CP_GPJCTPZ_GPLB_GP_L,2026-08-06
上海证券交易所,600351,亚宝药业,亚宝药业集团股份有限公司,20020926,制造业,2,上交所接口所列A股/科创板及指定状态,https://query.sse.com.cn/commonQuery.do?sqlId=COMMON_SSE_CP_GPJCTPZ_GPLB_GP_L,2026-08-06
上海证券交易所,600352,浙江龙盛,浙江龙盛集团股份有限公司,20030801,制造业,2,上交所接口所列A股/科创板及指定状态,https://query.sse.com.cn/commonQuery.do?sqlId=COMMON_SSE_CP_GPJCTPZ_GPLB_GP_L,2026-08-06
上海证券交易所,600353,旭光电子,成都旭光电子股份有限公司,20021120,制造业,2,上交所接口所列A股/科创板及指定状态,https://query.sse.com.cn/commonQuery.do?sqlId=COMMON_SSE_CP_GPJCTPZ_GPLB_GP_L,2026-08-06
上海证券交易所,600354,敦煌种业,甘肃省敦煌种业集团股份有限公司,20040115,农、林、牧、渔业,2,上交所接口所列A股/科创板及指定状态,https://query.sse.com.cn/commonQuery.do?sqlId=COMMON_SSE_CP_GPJCTPZ_GPLB_GP_L,2026-08-06
上海证券交易所,600356,恒丰纸业,牡丹江恒丰纸业股份有限公司,20010419,制造业,2,上交所接口所列A股/科创板及指定状态,https://query.sse.com.cn/commonQuery.do?sqlId=COMMON_SSE_CP_GPJCTPZ_GPLB_GP_L,2026-08-06
上海证券交易所,600358,国旅联合,国旅文化投资集团股份有限公司,20000922,租赁和商务服务业,2,上交所接口所列A股/科创板及指定状态,https://query.sse.com.cn/commonQuery.do?sqlId=COMMON_SSE_CP_GPJCTPZ_GPLB_GP_L,2026-08-06
上海证券交易所,600359,新农开发,新疆塔里木农业综合开发股份有限公司,19990429,农、林、牧、渔业,2,上交所接口所列A股/科创板及指定状态,https://query.sse.com.cn/commonQuery.do?sqlId=COMMON_SSE_CP_GPJCTPZ_GPLB_GP_L,2026-08-06
上海证券交易所,600360,华微电子,吉林华微电子股份有限公司,20010316,制造业,2,上交所接口所列A股/科创板及指定状态,https://query.sse.com.cn/commonQuery.do?sqlId=COMMON_SSE_CP_GPJCTPZ_GPLB_GP_L,2026-08-06
上海证券交易所,600361,创新新材,创新新材料科技股份有限公司,20011129,制造业,2,上交所接口所列A股/科创板及指定状态,https://query.sse.com.cn/commonQuery.do?sqlId=COMMON_SSE_CP_GPJCTPZ_GPLB_GP_L,2026-08-06
上海证券交易所,600362,江西铜业,江西铜业股份有限公司,20020111,制造业,2,上交所接口所列A股/科创板及指定状态,https://query.sse.com.cn/commonQuery.do?sqlId=COMMON_SSE_CP_GPJCTPZ_GPLB_GP_L,2026-08-06
上海证券交易所,600363,联创光电,江西联创光电科技股份有限公司,20010329,制造业,2,上交所接口所列A股/科创板及指定状态,https://query.sse.com.cn/commonQuery.do?sqlId=COMMON_SSE_CP_GPJCTPZ_GPLB_GP_L,2026-08-06
上海证券交易所,600365,ST通葡,通化葡萄酒股份有限公司,20010115,批发和零售业,7,上交所接口所列A股/科创板及指定状态,https://query.sse.com.cn/commonQuery.do?sqlId=COMMON_SSE_CP_GPJCTPZ_GPLB_GP_L,2026-08-06
上海证券交易所,600366,宁波韵升,宁波韵升股份有限公司,20001030,制造业,2,上交所接口所列A股/科创板及指定状态,https://query.sse.com.cn/commonQuery.do?sqlId=COMMON_SSE_CP_GPJCTPZ_GPLB_GP_L,2026-08-06
上海证券交易所,600367,红星发展,贵州红星发展股份有限公司,20010320,制造业,2,上交所接口所列A股/科创板及指定状态,https://query.sse.com.cn/commonQuery.do?sqlId=COMMON_SSE_CP_GPJCTPZ_GPLB_GP_L,2026-08-06
上海证券交易所,600368,五洲交通,广西五洲交通股份有限公司,20001221,交通运输、仓储和邮政业,2,上交所接口所列A股/科创板及指定状态,https://query.sse.com.cn/commonQuery.do?sqlId=COMMON_SSE_CP_GPJCTPZ_GPLB_GP_L,2026-08-06
上海证券交易所,600369,西南证券,西南证券股份有限公司,20010109,金融业,2,上交所接口所列A股/科创板及指定状态,https://query.sse.com.cn/commonQuery.do?sqlId=COMMON_SSE_CP_GPJCTPZ_GPLB_GP_L,2026-08-06
上海证券交易所,600370,*ST三房,江苏三房巷聚材股份有限公司,20030306,制造业,7,上交所接口所列A股/科创板及指定状态,https://query.sse.com.cn/commonQuery.do?sqlId=COMMON_SSE_CP_GPJCTPZ_GPLB_GP_L,2026-08-06
上海证券交易所,600371,万向德农,万向德农股份有限公司,20020916,农、林、牧、渔业,2,上交所接口所列A股/科创板及指定状态,https://query.sse.com.cn/commonQuery.do?sqlId=COMMON_SSE_CP_GPJCTPZ_GPLB_GP_L,2026-08-06
上海证券交易所,600372,中航机载,中航机载系统股份有限公司,20010706,制造业,2,上交所接口所列A股/科创板及指定状态,https://query.sse.com.cn/commonQuery.do?sqlId=COMMON_SSE_CP_GPJCTPZ_GPLB_GP_L,2026-08-06
上海证券交易所,600373,中文传媒,中文天地出版传媒集团股份有限公司,20020304,文化、体育和娱乐业,2,上交所接口所列A股/科创板及指定状态,https://query.sse.com.cn/commonQuery.do?sqlId=COMMON_SSE_CP_GPJCTPZ_GPLB_GP_L,2026-08-06
上海证券交易所,600375,汉马科技,汉马科技集团股份有限公司,20030401,制造业,2,上交所接口所列A股/科创板及指定状态,https://query.sse.com.cn/commonQuery.do?sqlId=COMMON_SSE_CP_GPJCTPZ_GPLB_GP_L,2026-08-06
上海证券交易所,600376,首开股份,北京首都开发股份有限公司,20010312,房地产业,2,上交所接口所列A股/科创板及指定状态,https://query.sse.com.cn/commonQuery.do?sqlId=COMMON_SSE_CP_GPJCTPZ_GPLB_GP_L,2026-08-06
上海证券交易所,600377,宁沪高速,江苏宁沪高速公路股份有限公司,20010116,交通运输、仓储和邮政业,2,上交所接口所列A股/科创板及指定状态,https://query.sse.com.cn/commonQuery.do?sqlId=COMMON_SSE_CP_GPJCTPZ_GPLB_GP_L,2026-08-06
上海证券交易所,600378,昊华科技,昊华化工科技集团股份有限公司,20010111,制造业,2,上交所接口所列A股/科创板及指定状态,https://query.sse.com.cn/commonQuery.do?sqlId=COMMON_SSE_CP_GPJCTPZ_GPLB_GP_L,2026-08-06
上海证券交易所,600379,宝光股份,陕西宝光真空电器股份有限公司,20020116,制造业,2,上交所接口所列A股/科创板及指定状态,https://query.sse.com.cn/commonQuery.do?sqlId=COMMON_SSE_CP_GPJCTPZ_GPLB_GP_L,2026-08-06
上海证券交易所,600380,健康元,健康元药业集团股份有限公司,20010608,制造业,2,上交所接口所列A股/科创板及指定状态,https://query.sse.com.cn/commonQuery.do?sqlId=COMMON_SSE_CP_GPJCTPZ_GPLB_GP_L,2026-08-06
上海证券交易所,600381,*ST春天,青海春天药用资源科技股份有限公司,20010508,制造业,7,上交所接口所列A股/科创板及指定状态,https://query.sse.com.cn/commonQuery.do?sqlId=COMMON_SSE_CP_GPJCTPZ_GPLB_GP_L,2026-08-06
上海证券交易所,600382,广东明珠,广东明珠集团股份有限公司,20010118,采矿业,2,上交所接口所列A股/科创板及指定状态,https://query.sse.com.cn/commonQuery.do?sqlId=COMMON_SSE_CP_GPJCTPZ_GPLB_GP_L,2026-08-06
上海证券交易所,600383,金地集团,金地(集团)股份有限公司,20010412,房地产业,2,上交所接口所列A股/科创板及指定状态,https://query.sse.com.cn/commonQuery.do?sqlId=COMMON_SSE_CP_GPJCTPZ_GPLB_GP_L,2026-08-06
上海证券交易所,600386,北巴传媒,北京巴士传媒股份有限公司,20010216,批发和零售业,2,上交所接口所列A股/科创板及指定状态,https://query.sse.com.cn/commonQuery.do?sqlId=COMMON_SSE_CP_GPJCTPZ_GPLB_GP_L,2026-08-06
上海证券交易所,600388,龙净环保,福建龙净环保股份有限公司,20001229,制造业,2,上交所接口所列A股/科创板及指定状态,https://query.sse.com.cn/commonQuery.do?sqlId=COMMON_SSE_CP_GPJCTPZ_GPLB_GP_L,2026-08-06
上海证券交易所,600389,江山股份,南通江山农药化工股份有限公司,20010110,制造业,2,上交所接口所列A股/科创板及指定状态,https://query.sse.com.cn/commonQuery.do?sqlId=COMMON_SSE_CP_GPJCTPZ_GPLB_GP_L,2026-08-06
上海证券交易所,600390,五矿资本,五矿资本股份有限公司,20010115,金融业,2,上交所接口所列A股/科创板及指定状态,https://query.sse.com.cn/commonQuery.do?sqlId=COMMON_SSE_CP_GPJCTPZ_GPLB_GP_L,2026-08-06
上海证券交易所,600391,航发科技,中国航发航空科技股份有限公司,20011212,制造业,2,上交所接口所列A股/科创板及指定状态,https://query.sse.com.cn/commonQuery.do?sqlId=COMMON_SSE_CP_GPJCTPZ_GPLB_GP_L,2026-08-06
上海证券交易所,600392,盛和资源,盛和资源控股股份有限公司,20030529,制造业,2,上交所接口所列A股/科创板及指定状态,https://query.sse.com.cn/commonQuery.do?sqlId=COMMON_SSE_CP_GPJCTPZ_GPLB_GP_L,2026-08-06
上海证券交易所,600395,盘江股份,贵州盘江精煤股份有限公司,20010531,采矿业,2,上交所接口所列A股/科创板及指定状态,https://query.sse.com.cn/commonQuery.do?sqlId=COMMON_SSE_CP_GPJCTPZ_GPLB_GP_L,2026-08-06
上海证券交易所,600396,华电辽能,华电辽宁能源发展股份有限公司,20010328,电力、热力、燃气及水生产和供应业,2,上交所接口所列A股/科创板及指定状态,https://query.sse.com.cn/commonQuery.do?sqlId=COMMON_SSE_CP_GPJCTPZ_GPLB_GP_L,2026-08-06
上海证券交易所,600397,江钨装备,江西江钨稀贵装备股份有限公司,20020702,批发和零售业,2,上交所接口所列A股/科创板及指定状态,https://query.sse.com.cn/commonQuery.do?sqlId=COMMON_SSE_CP_GPJCTPZ_GPLB_GP_L,2026-08-06
上海证券交易所,600398,海澜之家,海澜之家集团股份有限公司,20001228,制造业,2,上交所接口所列A股/科创板及指定状态,https://query.sse.com.cn/commonQuery.do?sqlId=COMMON_SSE_CP_GPJCTPZ_GPLB_GP_L,2026-08-06
上海证券交易所,600399,抚顺特钢,抚顺特殊钢股份有限公司,20001229,制造业,2,上交所接口所列A股/科创板及指定状态,https://query.sse.com.cn/commonQuery.do?sqlId=COMMON_SSE_CP_GPJCTPZ_GPLB_GP_L,2026-08-06
上海证券交易所,600400,红豆股份,江苏红豆实业股份有限公司,20010108,制造业,2,上交所接口所列A股/科创板及指定状态,https://query.sse.com.cn/commonQuery.do?sqlId=COMMON_SSE_CP_GPJCTPZ_GPLB_GP_L,2026-08-06
上海证券交易所,600403,大有能源,河南大有能源股份有限公司,20031009,采矿业,2,上交所接口所列A股/科创板及指定状态,https://query.sse.com.cn/commonQuery.do?sqlId=COMMON_SSE_CP_GPJCTPZ_GPLB_GP_L,2026-08-06
上海证券交易所,600405,动力源,北京动力源科技股份有限公司,20040401,制造业,2,上交所接口所列A股/科创板及指定状态,https://query.sse.com.cn/commonQuery.do?sqlId=COMMON_SSE_CP_GPJCTPZ_GPLB_GP_L,2026-08-06
上海证券交易所,600406,国电南瑞,国电南瑞科技股份有限公司,20031016,信息传输、软件和信息技术服务业,2,上交所接口所列A股/科创板及指定状态,https://query.sse.com.cn/commonQuery.do?sqlId=COMMON_SSE_CP_GPJCTPZ_GPLB_GP_L,2026-08-06
上海证券交易所,600408,安泰集团,山西安泰集团股份有限公司,20030212,制造业,2,上交所接口所列A股/科创板及指定状态,https://query.sse.com.cn/commonQuery.do?sqlId=COMMON_SSE_CP_GPJCTPZ_GPLB_GP_L,2026-08-06
上海证券交易所,600409,三友化工,唐山三友化工股份有限公司,20030618,制造业,2,上交所接口所列A股/科创板及指定状态,https://query.sse.com.cn/commonQuery.do?sqlId=COMMON_SSE_CP_GPJCTPZ_GPLB_GP_L,2026-08-06
上海证券交易所,600410,华胜天成,北京华胜天成科技股份有限公司,20040427,信息传输、软件和信息技术服务业,2,上交所接口所列A股/科创板及指定状态,https://query.sse.com.cn/commonQuery.do?sqlId=COMMON_SSE_CP_GPJCTPZ_GPLB_GP_L,2026-08-06
上海证券交易所,600415,小商品城,浙江中国小商品城集团股份有限公司,20020509,租赁和商务服务业,2,上交所接口所列A股/科创板及指定状态,https://query.sse.com.cn/commonQuery.do?sqlId=COMMON_SSE_CP_GPJCTPZ_GPLB_GP_L,2026-08-06
上海证券交易所,600416,湘电股份,湘潭电机股份有限公司,20020718,制造业,2,上交所接口所列A股/科创板及指定状态,https://query.sse.com.cn/commonQuery.do?sqlId=COMMON_SSE_CP_GPJCTPZ_GPLB_GP_L,2026-08-06
上海证券交易所,600418,江淮汽车,安徽江淮汽车集团股份有限公司,20010824,制造业,2,上交所接口所列A股/科创板及指定状态,https://query.sse.com.cn/commonQuery.do?sqlId=COMMON_SSE_CP_GPJCTPZ_GPLB_GP_L,2026-08-06
上海证券交易所,600419,天润乳业,新疆天润乳业股份有限公司,20010628,制造业,2,上交所接口所列A股/科创板及指定状态,https://query.sse.com.cn/commonQuery.do?sqlId=COMMON_SSE_CP_GPJCTPZ_GPLB_GP_L,2026-08-06
上海证券交易所,600420,国药现代,上海现代制药股份有限公司,20040616,制造业,2,上交所接口所列A股/科创板及指定状态,https://query.sse.com.cn/commonQuery.do?sqlId=COMMON_SSE_CP_GPJCTPZ_GPLB_GP_L,2026-08-06
上海证券交易所,600422,昆药集团,昆药集团股份有限公司,20001206,制造业,2,上交所接口所列A股/科创板及指定状态,https://query.sse.com.cn/commonQuery.do?sqlId=COMMON_SSE_CP_GPJCTPZ_GPLB_GP_L,2026-08-06
上海证券交易所,600423,*ST柳化,柳州化工股份有限公司,20030717,制造业,7,上交所接口所列A股/科创板及指定状态,https://query.sse.com.cn/commonQuery.do?sqlId=COMMON_SSE_CP_GPJCTPZ_GPLB_GP_L,2026-08-06
上海证券交易所,600425,青松建化,新疆青松建材化工集团股份有限公司,20030724,制造业,2,上交所接口所列A股/科创板及指定状态,https://query.sse.com.cn/commonQuery.do?sqlId=COMMON_SSE_CP_GPJCTPZ_GPLB_GP_L,2026-08-06
上海证券交易所,600426,华鲁恒升,山东华鲁恒升化工股份有限公司,20020620,制造业,2,上交所接口所列A股/科创板及指定状态,https://query.sse.com.cn/commonQuery.do?sqlId=COMMON_SSE_CP_GPJCTPZ_GPLB_GP_L,2026-08-06
上海证券交易所,600428,中远海特,中远海运特种运输股份有限公司,20020418,交通运输、仓储和邮政业,2,上交所接口所列A股/科创板及指定状态,https://query.sse.com.cn/commonQuery.do?sqlId=COMMON_SSE_CP_GPJCTPZ_GPLB_GP_L,2026-08-06
上海证券交易所,600429,三元股份,北京三元食品股份有限公司,20030915,制造业,2,上交所接口所列A股/科创板及指定状态,https://query.sse.com.cn/commonQuery.do?sqlId=COMMON_SSE_CP_GPJCTPZ_GPLB_GP_L,2026-08-06
上海证券交易所,600433,冠豪高新,广东冠豪高新技术股份有限公司,20030619,制造业,2,上交所接口所列A股/科创板及指定状态,https://query.sse.com.cn/commonQuery.do?sqlId=COMMON_SSE_CP_GPJCTPZ_GPLB_GP_L,2026-08-06
上海证券交易所,600435,北方导航,北方导航控制技术股份有限公司,20030704,制造业,2,上交所接口所列A股/科创板及指定状态,https://query.sse.com.cn/commonQuery.do?sqlId=COMMON_SSE_CP_GPJCTPZ_GPLB_GP_L,2026-08-06
上海证券交易所,600436,片仔癀,漳州片仔癀药业股份有限公司,20030616,制造业,2,上交所接口所列A股/科创板及指定状态,https://query.sse.com.cn/commonQuery.do?sqlId=COMMON_SSE_CP_GPJCTPZ_GPLB_GP_L,2026-08-06
上海证券交易所,600438,通威股份,通威股份有限公司,20040302,制造业,2,上交所接口所列A股/科创板及指定状态,https://query.sse.com.cn/commonQuery.do?sqlId=COMMON_SSE_CP_GPJCTPZ_GPLB_GP_L,2026-08-06
上海证券交易所,600439,ST瑞贝卡,河南瑞贝卡发制品股份有限公司,20030710,制造业,7,上交所接口所列A股/科创板及指定状态,https://query.sse.com.cn/commonQuery.do?sqlId=COMMON_SSE_CP_GPJCTPZ_GPLB_GP_L,2026-08-06
上海证券交易所,600444,国机通用,国机通用机械科技股份有限公司,20040219,制造业,2,上交所接口所列A股/科创板及指定状态,https://query.sse.com.cn/commonQuery.do?sqlId=COMMON_SSE_CP_GPJCTPZ_GPLB_GP_L,2026-08-06
上海证券交易所,600446,金证股份,深圳市金证科技股份有限公司,20031224,信息传输、软件和信息技术服务业,2,上交所接口所列A股/科创板及指定状态,https://query.sse.com.cn/commonQuery.do?sqlId=COMMON_SSE_CP_GPJCTPZ_GPLB_GP_L,2026-08-06
上海证券交易所,600448,华纺股份,华纺股份有限公司,20010903,制造业,2,上交所接口所列A股/科创板及指定状态,https://query.sse.com.cn/commonQuery.do?sqlId=COMMON_SSE_CP_GPJCTPZ_GPLB_GP_L,2026-08-06
上海证券交易所,600449,宁夏建材,宁夏建材集团股份有限公司,20030829,制造业,2,上交所接口所列A股/科创板及指定状态,https://query.sse.com.cn/commonQuery.do?sqlId=COMMON_SSE_CP_GPJCTPZ_GPLB_GP_L,2026-08-06
上海证券交易所,600452,涪陵电力,重庆涪陵电力实业股份有限公司,20040303,电力、热力、燃气及水生产和供应业,2,上交所接口所列A股/科创板及指定状态,https://query.sse.com.cn/commonQuery.do?sqlId=COMMON_SSE_CP_GPJCTPZ_GPLB_GP_L,2026-08-06
上海证券交易所,600455,博通股份,西安博通资讯股份有限公司,20040329,教育,2,上交所接口所列A股/科创板及指定状态,https://query.sse.com.cn/commonQuery.do?sqlId=COMMON_SSE_CP_GPJCTPZ_GPLB_GP_L,2026-08-06
上海证券交易所,600456,宝钛股份,宝鸡钛业股份有限公司,20020412,制造业,2,上交所接口所列A股/科创板及指定状态,https://query.sse.com.cn/commonQuery.do?sqlId=COMMON_SSE_CP_GPJCTPZ_GPLB_GP_L,2026-08-06
上海证券交易所,600458,时代新材,株洲时代新材料科技股份有限公司,20021219,制造业,2,上交所接口所列A股/科创板及指定状态,https://query.sse.com.cn/commonQuery.do?sqlId=COMMON_SSE_CP_GPJCTPZ_GPLB_GP_L,2026-08-06
上海证券交易所,600459,贵研铂业,云南省贵金属新材料控股集团股份有限公司,20030516,制造业,2,上交所接口所列A股/科创板及指定状态,https://query.sse.com.cn/commonQuery.do?sqlId=COMMON_SSE_CP_GPJCTPZ_GPLB_GP_L,2026-08-06
上海证券交易所,600460,士兰微,杭州士兰微电子股份有限公司,20030311,制造业,2,上交所接口所列A股/科创板及指定状态,https://query.sse.com.cn/commonQuery.do?sqlId=COMMON_SSE_CP_GPJCTPZ_GPLB_GP_L,2026-08-06
上海证券交易所,600461,洪城环境,江西洪城环境股份有限公司,20040601,电力、热力、燃气及水生产和供应业,2,上交所接口所列A股/科创板及指定状态,https://query.sse.com.cn/commonQuery.do?sqlId=COMMON_SSE_CP_GPJCTPZ_GPLB_GP_L,2026-08-06
上海证券交易所,600463,空港股份,北京空港科技园区股份有限公司,20040318,建筑业,2,上交所接口所列A股/科创板及指定状态,https://query.sse.com.cn/commonQuery.do?sqlId=COMMON_SSE_CP_GPJCTPZ_GPLB_GP_L,2026-08-06
上海证券交易所,600467,好当家,山东好当家海洋发展股份有限公司,20040405,农、林、牧、渔业,2,上交所接口所列A股/科创板及指定状态,https://query.sse.com.cn/commonQuery.do?sqlId=COMMON_SSE_CP_GPJCTPZ_GPLB_GP_L,2026-08-06
上海证券交易所,600468,百利电气,天津百利特精电气股份有限公司,20010615,制造业,2,上交所接口所列A股/科创板及指定状态,https://query.sse.com.cn/commonQuery.do?sqlId=COMMON_SSE_CP_GPJCTPZ_GPLB_GP_L,2026-08-06
上海证券交易所,600469,风神股份,风神轮胎股份有限公司,20031021,制造业,2,上交所接口所列A股/科创板及指定状态,https://query.sse.com.cn/commonQuery.do?sqlId=COMMON_SSE_CP_GPJCTPZ_GPLB_GP_L,2026-08-06
上海证券交易所,600470,六国化工,安徽六国化工股份有限公司,20040305,制造业,2,上交所接口所列A股/科创板及指定状态,https://query.sse.com.cn/commonQuery.do?sqlId=COMMON_SSE_CP_GPJCTPZ_GPLB_GP_L,2026-08-06
上海证券交易所,600475,华光环能,无锡华光环保能源集团股份有限公司,20030721,水利、环境和公共设施管理业,2,上交所接口所列A股/科创板及指定状态,https://query.sse.com.cn/commonQuery.do?sqlId=COMMON_SSE_CP_GPJCTPZ_GPLB_GP_L,2026-08-06
上海证券交易所,600476,*ST湘邮,湖南湘邮科技股份有限公司,20031210,信息传输、软件和信息技术服务业,7,上交所接口所列A股/科创板及指定状态,https://query.sse.com.cn/commonQuery.do?sqlId=COMMON_SSE_CP_GPJCTPZ_GPLB_GP_L,2026-08-06
上海证券交易所,600477,杭萧钢构,杭萧钢构股份有限公司,20031110,制造业,2,上交所接口所列A股/科创板及指定状态,https://query.sse.com.cn/commonQuery.do?sqlId=COMMON_SSE_CP_GPJCTPZ_GPLB_GP_L,2026-08-06
上海证券交易所,600478,科力远,湖南科力远新能源股份有限公司,20030918,制造业,2,上交所接口所列A股/科创板及指定状态,https://query.sse.com.cn/commonQuery.do?sqlId=COMMON_SSE_CP_GPJCTPZ_GPLB_GP_L,2026-08-06
上海证券交易所,600479,千金药业,株洲千金药业股份有限公司,20040312,制造业,2,上交所接口所列A股/科创板及指定状态,https://query.sse.com.cn/commonQuery.do?sqlId=COMMON_SSE_CP_GPJCTPZ_GPLB_GP_L,2026-08-06
上海证券交易所,600480,凌云股份,凌云工业股份有限公司,20030815,制造业,2,上交所接口所列A股/科创板及指定状态,https://query.sse.com.cn/commonQuery.do?sqlId=COMMON_SSE_CP_GPJCTPZ_GPLB_GP_L,2026-08-06
上海证券交易所,600481,双良节能,双良节能系统股份有限公司,20030422,制造业,2,上交所接口所列A股/科创板及指定状态,https://query.sse.com.cn/commonQuery.do?sqlId=COMMON_SSE_CP_GPJCTPZ_GPLB_GP_L,2026-08-06
上海证券交易所,600482,中国动力,中国船舶重工集团动力股份有限公司,20040714,制造业,2,上交所接口所列A股/科创板及指定状态,https://query.sse.com.cn/commonQuery.do?sqlId=COMMON_SSE_CP_GPJCTPZ_GPLB_GP_L,2026-08-06
上海证券交易所,600483,福能股份,福建福能股份有限公司,20040531,电力、热力、燃气及水生产和供应业,2,上交所接口所列A股/科创板及指定状态,https://query.sse.com.cn/commonQuery.do?sqlId=COMMON_SSE_CP_GPJCTPZ_GPLB_GP_L,2026-08-06
上海证券交易所,600486,扬农化工,江苏扬农化工股份有限公司,20020425,制造业,2,上交所接口所列A股/科创板及指定状态,https://query.sse.com.cn/commonQuery.do?sqlId=COMMON_SSE_CP_GPJCTPZ_GPLB_GP_L,2026-08-06
上海证券交易所,600487,亨通光电,江苏亨通光电股份有限公司,20030822,制造业,2,上交所接口所列A股/科创板及指定状态,https://query.sse.com.cn/commonQuery.do?sqlId=COMMON_SSE_CP_GPJCTPZ_GPLB_GP_L,2026-08-06
上海证券交易所,600488,津药药业,津药药业股份有限公司,20010618,制造业,2,上交所接口所列A股/科创板及指定状态,https://query.sse.com.cn/commonQuery.do?sqlId=COMMON_SSE_CP_GPJCTPZ_GPLB_GP_L,2026-08-06
上海证券交易所,600489,中金黄金,中金黄金股份有限公司,20030814,采矿业,2,上交所接口所列A股/科创板及指定状态,https://query.sse.com.cn/commonQuery.do?sqlId=COMMON_SSE_CP_GPJCTPZ_GPLB_GP_L,2026-08-06
上海证券交易所,600490,鹏欣资源,鹏欣环球资源股份有限公司,20030626,制造业,2,上交所接口所列A股/科创板及指定状态,https://query.sse.com.cn/commonQuery.do?sqlId=COMMON_SSE_CP_GPJCTPZ_GPLB_GP_L,2026-08-06
上海证券交易所,600491,ST龙元,龙元建设集团股份有限公司,20040524,建筑业,7,上交所接口所列A股/科创板及指定状态,https://query.sse.com.cn/commonQuery.do?sqlId=COMMON_SSE_CP_GPJCTPZ_GPLB_GP_L,2026-08-06
上海证券交易所,600493,凤竹纺织,福建凤竹纺织科技股份有限公司,20040421,制造业,2,上交所接口所列A股/科创板及指定状态,https://query.sse.com.cn/commonQuery.do?sqlId=COMMON_SSE_CP_GPJCTPZ_GPLB_GP_L,2026-08-06
上海证券交易所,600495,晋西车轴,晋西车轴股份有限公司,20040526,制造业,2,上交所接口所列A股/科创板及指定状态,https://query.sse.com.cn/commonQuery.do?sqlId=COMMON_SSE_CP_GPJCTPZ_GPLB_GP_L,2026-08-06
上海证券交易所,600496,精工钢构,长江精工钢结构(集团)股份有限公司,20020605,制造业,2,上交所接口所列A股/科创板及指定状态,https://query.sse.com.cn/commonQuery.do?sqlId=COMMON_SSE_CP_GPJCTPZ_GPLB_GP_L,2026-08-06
上海证券交易所,600497,驰宏锌锗,云南驰宏锌锗股份有限公司,20040420,制造业,2,上交所接口所列A股/科创板及指定状态,https://query.sse.com.cn/commonQuery.do?sqlId=COMMON_SSE_CP_GPJCTPZ_GPLB_GP_L,2026-08-06
上海证券交易所,600498,烽火通信,烽火通信科技股份有限公司,20010823,制造业,2,上交所接口所列A股/科创板及指定状态,https://query.sse.com.cn/commonQuery.do?sqlId=COMMON_SSE_CP_GPJCTPZ_GPLB_GP_L,2026-08-06
上海证券交易所,600499,科达制造,科达制造股份有限公司,20021010,制造业,2,上交所接口所列A股/科创板及指定状态,https://query.sse.com.cn/commonQuery.do?sqlId=COMMON_SSE_CP_GPJCTPZ_GPLB_GP_L,2026-08-06
上海证券交易所,600500,中化国际,中化国际(控股)股份有限公司,20000301,制造业,2,上交所接口所列A股/科创板及指定状态,https://query.sse.com.cn/commonQuery.do?sqlId=COMMON_SSE_CP_GPJCTPZ_GPLB_GP_L,2026-08-06
上海证券交易所,600501,航天晨光,航天晨光股份有限公司,20010615,制造业,2,上交所接口所列A股/科创板及指定状态,https://query.sse.com.cn/commonQuery.do?sqlId=COMMON_SSE_CP_GPJCTPZ_GPLB_GP_L,2026-08-06
上海证券交易所,600502,安徽建工,安徽建工集团股份有限公司,20030415,建筑业,2,上交所接口所列A股/科创板及指定状态,https://query.sse.com.cn/commonQuery.do?sqlId=COMMON_SSE_CP_GPJCTPZ_GPLB_GP_L,2026-08-06
上海证券交易所,600503,华丽家族,华丽家族股份有限公司,20020709,房地产业,2,上交所接口所列A股/科创板及指定状态,https://query.sse.com.cn/commonQuery.do?sqlId=COMMON_SSE_CP_GPJCTPZ_GPLB_GP_L,2026-08-06
上海证券交易所,600505,西昌电力,四川西昌电力股份有限公司,20020530,电力、热力、燃气及水生产和供应业,2,上交所接口所列A股/科创板及指定状态,https://query.sse.com.cn/commonQuery.do?sqlId=COMMON_SSE_CP_GPJCTPZ_GPLB_GP_L,2026-08-06
上海证券交易所,600506,统一股份,统一低碳科技(新疆)股份有限公司,20011226,制造业,2,上交所接口所列A股/科创板及指定状态,https://query.sse.com.cn/commonQuery.do?sqlId=COMMON_SSE_CP_GPJCTPZ_GPLB_GP_L,2026-08-06
上海证券交易所,600507,方大特钢,方大特钢科技股份有限公司,20030930,制造业,2,上交所接口所列A股/科创板及指定状态,https://query.sse.com.cn/commonQuery.do?sqlId=COMMON_SSE_CP_GPJCTPZ_GPLB_GP_L,2026-08-06
上海证券交易所,600508,上海能源,上海大屯能源股份有限公司,20010829,采矿业,2,上交所接口所列A股/科创板及指定状态,https://query.sse.com.cn/commonQuery.do?sqlId=COMMON_SSE_CP_GPJCTPZ_GPLB_GP_L,2026-08-06
上海证券交易所,600509,天富能源,新疆天富能源股份有限公司,20020228,电力、热力、燃气及水生产和供应业,2,上交所接口所列A股/科创板及指定状态,https://query.sse.com.cn/commonQuery.do?sqlId=COMMON_SSE_CP_GPJCTPZ_GPLB_GP_L,2026-08-06
上海证券交易所,600510,黑牡丹,黑牡丹(集团)股份有限公司,20020618,房地产业,2,上交所接口所列A股/科创板及指定状态,https://query.sse.com.cn/commonQuery.do?sqlId=COMMON_SSE_CP_GPJCTPZ_GPLB_GP_L,2026-08-06
上海证券交易所,600511,国药股份,国药集团药业股份有限公司,20021127,批发和零售业,2,上交所接口所列A股/科创板及指定状态,https://query.sse.com.cn/commonQuery.do?sqlId=COMMON_SSE_CP_GPJCTPZ_GPLB_GP_L,2026-08-06
上海证券交易所,600512,腾达建设,腾达建设集团股份有限公司,20021226,建筑业,2,上交所接口所列A股/科创板及指定状态,https://query.sse.com.cn/commonQuery.do?sqlId=COMMON_SSE_CP_GPJCTPZ_GPLB_GP_L,2026-08-06
上海证券交易所,600513,联环药业,江苏联环药业股份有限公司,20030319,制造业,2,上交所接口所列A股/科创板及指定状态,https://query.sse.com.cn/commonQuery.do?sqlId=COMMON_SSE_CP_GPJCTPZ_GPLB_GP_L,2026-08-06
上海证券交易所,600515,海南机场,海南机场设施股份有限公司,20020806,房地产业,2,上交所接口所列A股/科创板及指定状态,https://query.sse.com.cn/commonQuery.do?sqlId=COMMON_SSE_CP_GPJCTPZ_GPLB_GP_L,2026-08-06
上海证券交易所,600516,方大炭素,方大炭素新材料科技股份有限公司,20020830,制造业,2,上交所接口所列A股/科创板及指定状态,https://query.sse.com.cn/commonQuery.do?sqlId=COMMON_SSE_CP_GPJCTPZ_GPLB_GP_L,2026-08-06
上海证券交易所,600517,国网英大,国网英大股份有限公司,20031010,金融业,2,上交所接口所列A股/科创板及指定状态,https://query.sse.com.cn/commonQuery.do?sqlId=COMMON_SSE_CP_GPJCTPZ_GPLB_GP_L,2026-08-06
上海证券交易所,600518,康美药业,康美药业股份有限公司,20010319,制造业,2,上交所接口所列A股/科创板及指定状态,https://query.sse.com.cn/commonQuery.do?sqlId=COMMON_SSE_CP_GPJCTPZ_GPLB_GP_L,2026-08-06
上海证券交易所,600519,贵州茅台,贵州茅台酒股份有限公司,20010827,制造业,2,上交所接口所列A股/科创板及指定状态,https://query.sse.com.cn/commonQuery.do?sqlId=COMMON_SSE_CP_GPJCTPZ_GPLB_GP_L,2026-08-06
上海证券交易所,600520,三佳科技,产投三佳(安徽)科技股份有限公司,20020108,制造业,2,上交所接口所列A股/科创板及指定状态,https://query.sse.com.cn/commonQuery.do?sqlId=COMMON_SSE_CP_GPJCTPZ_GPLB_GP_L,2026-08-06
上海证券交易所,600521,华海药业,浙江华海药业股份有限公司,20030304,制造业,2,上交所接口所列A股/科创板及指定状态,https://query.sse.com.cn/commonQuery.do?sqlId=COMMON_SSE_CP_GPJCTPZ_GPLB_GP_L,2026-08-06
上海证券交易所,600522,中天科技,江苏中天科技股份有限公司,20021024,制造业,2,上交所接口所列A股/科创板及指定状态,https://query.sse.com.cn/commonQuery.do?sqlId=COMMON_SSE_CP_GPJCTPZ_GPLB_GP_L,2026-08-06
上海证券交易所,600523,贵航股份,贵州贵航汽车零部件股份有限公司,20011227,制造业,2,上交所接口所列A股/科创板及指定状态,https://query.sse.com.cn/commonQuery.do?sqlId=COMMON_SSE_CP_GPJCTPZ_GPLB_GP_L,2026-08-06
上海证券交易所,600525,ST长园,长园科技集团股份有限公司,20021202,制造业,7,上交所接口所列A股/科创板及指定状态,https://query.sse.com.cn/commonQuery.do?sqlId=COMMON_SSE_CP_GPJCTPZ_GPLB_GP_L,2026-08-06
上海证券交易所,600526,菲达环保,浙江菲达环保科技股份有限公司,20020722,制造业,2,上交所接口所列A股/科创板及指定状态,https://query.sse.com.cn/commonQuery.do?sqlId=COMMON_SSE_CP_GPJCTPZ_GPLB_GP_L,2026-08-06
上海证券交易所,600527,江南高纤,江苏江南高纤股份有限公司,20031127,制造业,2,上交所接口所列A股/科创板及指定状态,https://query.sse.com.cn/commonQuery.do?sqlId=COMMON_SSE_CP_GPJCTPZ_GPLB_GP_L,2026-08-06
上海证券交易所,600528,中铁工业,中铁高新工业股份有限公司,20010528,制造业,2,上交所接口所列A股/科创板及指定状态,https://query.sse.com.cn/commonQuery.do?sqlId=COMMON_SSE_CP_GPJCTPZ_GPLB_GP_L,2026-08-06
上海证券交易所,600529,山东药玻,山东省药用玻璃股份有限公司,20020603,制造业,2,上交所接口所列A股/科创板及指定状态,https://query.sse.com.cn/commonQuery.do?sqlId=COMMON_SSE_CP_GPJCTPZ_GPLB_GP_L,2026-08-06
上海证券交易所,600530,ST交昂,上海交大昂立股份有限公司,20010702,制造业,7,上交所接口所列A股/科创板及指定状态,https://query.sse.com.cn/commonQuery.do?sqlId=COMMON_SSE_CP_GPJCTPZ_GPLB_GP_L,2026-08-06
上海证券交易所,600531,豫光金铅,河南豫光金铅股份有限公司,20020730,制造业,2,上交所接口所列A股/科创板及指定状态,https://query.sse.com.cn/commonQuery.do?sqlId=COMMON_SSE_CP_GPJCTPZ_GPLB_GP_L,2026-08-06
上海证券交易所,600533,栖霞建设,南京栖霞建设股份有限公司,20020328,房地产业,2,上交所接口所列A股/科创板及指定状态,https://query.sse.com.cn/commonQuery.do?sqlId=COMMON_SSE_CP_GPJCTPZ_GPLB_GP_L,2026-08-06
上海证券交易所,600535,天士力,天士力医药集团股份有限公司,20020823,制造业,2,上交所接口所列A股/科创板及指定状态,https://query.sse.com.cn/commonQuery.do?sqlId=COMMON_SSE_CP_GPJCTPZ_GPLB_GP_L,2026-08-06
上海证券交易所,600536,中国软件,中国软件与技术服务股份有限公司,20020517,信息传输、软件和信息技术服务业,2,上交所接口所列A股/科创板及指定状态,https://query.sse.com.cn/commonQuery.do?sqlId=COMMON_SSE_CP_GPJCTPZ_GPLB_GP_L,2026-08-06
上海证券交易所,600537,*ST亿晶,亿晶光电科技股份有限公司,20030123,制造业,7,上交所接口所列A股/科创板及指定状态,https://query.sse.com.cn/commonQuery.do?sqlId=COMMON_SSE_CP_GPJCTPZ_GPLB_GP_L,2026-08-06
上海证券交易所,600538,国发股份,北海国发川山生物股份有限公司,20030114,批发和零售业,2,上交所接口所列A股/科创板及指定状态,https://query.sse.com.cn/commonQuery.do?sqlId=COMMON_SSE_CP_GPJCTPZ_GPLB_GP_L,2026-08-06
上海证券交易所,600539,狮头股份,狮头科技发展股份有限公司,20010824,批发和零售业,2,上交所接口所列A股/科创板及指定状态,https://query.sse.com.cn/commonQuery.do?sqlId=COMMON_SSE_CP_GPJCTPZ_GPLB_GP_L,2026-08-06
上海证券交易所,600540,新赛股份,新疆赛里木现代农业股份有限公司,20040107,农、林、牧、渔业,2,上交所接口所列A股/科创板及指定状态,https://query.sse.com.cn/commonQuery.do?sqlId=COMMON_SSE_CP_GPJCTPZ_GPLB_GP_L,2026-08-06
上海证券交易所,600543,*ST莫高,甘肃莫高实业发展股份有限公司,20040324,制造业,7,上交所接口所列A股/科创板及指定状态,https://query.sse.com.cn/commonQuery.do?sqlId=COMMON_SSE_CP_GPJCTPZ_GPLB_GP_L,2026-08-06
上海证券交易所,600545,卓郎智能,卓郎智能技术股份有限公司,20031203,制造业,2,上交所接口所列A股/科创板及指定状态,https://query.sse.com.cn/commonQuery.do?sqlId=COMMON_SSE_CP_GPJCTPZ_GPLB_GP_L,2026-08-06
上海证券交易所,600546,山煤国际,山煤国际能源集团股份有限公司,20030731,采矿业,2,上交所接口所列A股/科创板及指定状态,https://query.sse.com.cn/commonQuery.do?sqlId=COMMON_SSE_CP_GPJCTPZ_GPLB_GP_L,2026-08-06
上海证券交易所,600547,山东黄金,山东黄金矿业股份有限公司,20030828,采矿业,2,上交所接口所列A股/科创板及指定状态,https://query.sse.com.cn/commonQuery.do?sqlId=COMMON_SSE_CP_GPJCTPZ_GPLB_GP_L,2026-08-06
上海证券交易所,600548,深高速,深圳高速公路集团股份有限公司,20011225,交通运输、仓储和邮政业,2,上交所接口所列A股/科创板及指定状态,https://query.sse.com.cn/commonQuery.do?sqlId=COMMON_SSE_CP_GPJCTPZ_GPLB_GP_L,2026-08-06
上海证券交易所,600549,厦门钨业,厦门钨业股份有限公司,20021107,制造业,2,上交所接口所列A股/科创板及指定状态,https://query.sse.com.cn/commonQuery.do?sqlId=COMMON_SSE_CP_GPJCTPZ_GPLB_GP_L,2026-08-06
上海证券交易所,600550,保变电气,保定天威保变电气股份有限公司,20010228,制造业,2,上交所接口所列A股/科创板及指定状态,https://query.sse.com.cn/commonQuery.do?sqlId=COMMON_SSE_CP_GPJCTPZ_GPLB_GP_L,2026-08-06
上海证券交易所,600551,时代出版,时代出版传媒股份有限公司,20020905,文化、体育和娱乐业,2,上交所接口所列A股/科创板及指定状态,https://query.sse.com.cn/commonQuery.do?sqlId=COMMON_SSE_CP_GPJCTPZ_GPLB_GP_L,2026-08-06
上海证券交易所,600552,凯盛科技,凯盛科技股份有限公司,20021108,制造业,2,上交所接口所列A股/科创板及指定状态,https://query.sse.com.cn/commonQuery.do?sqlId=COMMON_SSE_CP_GPJCTPZ_GPLB_GP_L,2026-08-06
上海证券交易所,600556,天下秀,天下秀数字科技(集团)股份有限公司,20010807,信息传输、软件和信息技术服务业,2,上交所接口所列A股/科创板及指定状态,https://query.sse.com.cn/commonQuery.do?sqlId=COMMON_SSE_CP_GPJCTPZ_GPLB_GP_L,2026-08-06
上海证券交易所,600557,康缘药业,江苏康缘药业股份有限公司,20020918,制造业,2,上交所接口所列A股/科创板及指定状态,https://query.sse.com.cn/commonQuery.do?sqlId=COMMON_SSE_CP_GPJCTPZ_GPLB_GP_L,2026-08-06
上海证券交易所,600558,大西洋,四川大西洋焊接材料股份有限公司,20010227,制造业,2,上交所接口所列A股/科创板及指定状态,https://query.sse.com.cn/commonQuery.do?sqlId=COMMON_SSE_CP_GPJCTPZ_GPLB_GP_L,2026-08-06
上海证券交易所,600559,老白干酒,河北衡水老白干酒业股份有限公司,20021029,制造业,2,上交所接口所列A股/科创板及指定状态,https://query.sse.com.cn/commonQuery.do?sqlId=COMMON_SSE_CP_GPJCTPZ_GPLB_GP_L,2026-08-06
上海证券交易所,600560,金自天正,北京金自天正智能控制股份有限公司,20020919,制造业,2,上交所接口所列A股/科创板及指定状态,https://query.sse.com.cn/commonQuery.do?sqlId=COMMON_SSE_CP_GPJCTPZ_GPLB_GP_L,2026-08-06
上海证券交易所,600561,江西长运,江西长运股份有限公司,20020716,交通运输、仓储和邮政业,2,上交所接口所列A股/科创板及指定状态,https://query.sse.com.cn/commonQuery.do?sqlId=COMMON_SSE_CP_GPJCTPZ_GPLB_GP_L,2026-08-06
上海证券交易所,600562,国睿科技,国睿科技股份有限公司,20030128,制造业,2,上交所接口所列A股/科创板及指定状态,https://query.sse.com.cn/commonQuery.do?sqlId=COMMON_SSE_CP_GPJCTPZ_GPLB_GP_L,2026-08-06
上海证券交易所,600563,法拉电子,厦门法拉电子股份有限公司,20021210,制造业,2,上交所接口所列A股/科创板及指定状态,https://query.sse.com.cn/commonQuery.do?sqlId=COMMON_SSE_CP_GPJCTPZ_GPLB_GP_L,2026-08-06
上海证券交易所,600566,济川药业,湖北济川药业股份有限公司,20010822,制造业,2,上交所接口所列A股/科创板及指定状态,https://query.sse.com.cn/commonQuery.do?sqlId=COMMON_SSE_CP_GPJCTPZ_GPLB_GP_L,2026-08-06
上海证券交易所,600567,山鹰国际,山鹰国际控股股份公司,20011218,制造业,2,上交所接口所列A股/科创板及指定状态,https://query.sse.com.cn/commonQuery.do?sqlId=COMMON_SSE_CP_GPJCTPZ_GPLB_GP_L,2026-08-06
上海证券交易所,600568,ST中珠,中珠医疗控股股份有限公司,20010518,卫生和社会工作,7,上交所接口所列A股/科创板及指定状态,https://query.sse.com.cn/commonQuery.do?sqlId=COMMON_SSE_CP_GPJCTPZ_GPLB_GP_L,2026-08-06
上海证券交易所,600569,安阳钢铁,安阳钢铁股份有限公司,20010820,制造业,2,上交所接口所列A股/科创板及指定状态,https://query.sse.com.cn/commonQuery.do?sqlId=COMMON_SSE_CP_GPJCTPZ_GPLB_GP_L,2026-08-06
上海证券交易所,600570,恒生电子,恒生电子股份有限公司,20031216,信息传输、软件和信息技术服务业,2,上交所接口所列A股/科创板及指定状态,https://query.sse.com.cn/commonQuery.do?sqlId=COMMON_SSE_CP_GPJCTPZ_GPLB_GP_L,2026-08-06
上海证券交易所,600571,信雅达,信雅达科技股份有限公司,20021101,信息传输、软件和信息技术服务业,2,上交所接口所列A股/科创板及指定状态,https://query.sse.com.cn/commonQuery.do?sqlId=COMMON_SSE_CP_GPJCTPZ_GPLB_GP_L,2026-08-06
上海证券交易所,600572,康恩贝,浙江康恩贝制药股份有限公司,20040412,制造业,2,上交所接口所列A股/科创板及指定状态,https://query.sse.com.cn/commonQuery.do?sqlId=COMMON_SSE_CP_GPJCTPZ_GPLB_GP_L,2026-08-06
上海证券交易所,600573,惠泉啤酒,福建省燕京惠泉啤酒股份有限公司,20030226,制造业,2,上交所接口所列A股/科创板及指定状态,https://query.sse.com.cn/commonQuery.do?sqlId=COMMON_SSE_CP_GPJCTPZ_GPLB_GP_L,2026-08-06
上海证券交易所,600575,淮河能源,淮河能源(集团)股份有限公司,20030328,交通运输、仓储和邮政业,2,上交所接口所列A股/科创板及指定状态,https://query.sse.com.cn/commonQuery.do?sqlId=COMMON_SSE_CP_GPJCTPZ_GPLB_GP_L,2026-08-06
上海证券交易所,600576,祥源文旅,浙江祥源文旅股份有限公司,20030220,水利、环境和公共设施管理业,2,上交所接口所列A股/科创板及指定状态,https://query.sse.com.cn/commonQuery.do?sqlId=COMMON_SSE_CP_GPJCTPZ_GPLB_GP_L,2026-08-06
上海证券交易所,600577,精达股份,铜陵精达特种电磁线股份有限公司,20020911,制造业,2,上交所接口所列A股/科创板及指定状态,https://query.sse.com.cn/commonQuery.do?sqlId=COMMON_SSE_CP_GPJCTPZ_GPLB_GP_L,2026-08-06
上海证券交易所,600578,京能电力,北京京能电力股份有限公司,20020510,电力、热力、燃气及水生产和供应业,2,上交所接口所列A股/科创板及指定状态,https://query.sse.com.cn/commonQuery.do?sqlId=COMMON_SSE_CP_GPJCTPZ_GPLB_GP_L,2026-08-06
上海证券交易所,600579,中化装备,中化装备科技(青岛)股份有限公司,20020809,制造业,2,上交所接口所列A股/科创板及指定状态,https://query.sse.com.cn/commonQuery.do?sqlId=COMMON_SSE_CP_GPJCTPZ_GPLB_GP_L,2026-08-06
上海证券交易所,600580,卧龙电驱,卧龙电气驱动集团股份有限公司,20020606,制造业,2,上交所接口所列A股/科创板及指定状态,https://query.sse.com.cn/commonQuery.do?sqlId=COMMON_SSE_CP_GPJCTPZ_GPLB_GP_L,2026-08-06
上海证券交易所,600581,*ST八钢,新疆八一钢铁股份有限公司,20020816,制造业,7,上交所接口所列A股/科创板及指定状态,https://query.sse.com.cn/commonQuery.do?sqlId=COMMON_SSE_CP_GPJCTPZ_GPLB_GP_L,2026-08-06
上海证券交易所,600582,天地科技,天地科技股份有限公司,20020515,制造业,2,上交所接口所列A股/科创板及指定状态,https://query.sse.com.cn/commonQuery.do?sqlId=COMMON_SSE_CP_GPJCTPZ_GPLB_GP_L,2026-08-06
上海证券交易所,600583,海油工程,海洋石油工程股份有限公司,20020205,采矿业,2,上交所接口所列A股/科创板及指定状态,https://query.sse.com.cn/commonQuery.do?sqlId=COMMON_SSE_CP_GPJCTPZ_GPLB_GP_L,2026-08-06
上海证券交易所,600584,长电科技,江苏长电科技股份有限公司,20030603,制造业,2,上交所接口所列A股/科创板及指定状态,https://query.sse.com.cn/commonQuery.do?sqlId=COMMON_SSE_CP_GPJCTPZ_GPLB_GP_L,2026-08-06
上海证券交易所,600585,海螺水泥,安徽海螺水泥股份有限公司,20020207,制造业,2,上交所接口所列A股/科创板及指定状态,https://query.sse.com.cn/commonQuery.do?sqlId=COMMON_SSE_CP_GPJCTPZ_GPLB_GP_L,2026-08-06
上海证券交易所,600586,金晶科技,山东金晶科技股份有限公司,20020815,制造业,2,上交所接口所列A股/科创板及指定状态,https://query.sse.com.cn/commonQuery.do?sqlId=COMMON_SSE_CP_GPJCTPZ_GPLB_GP_L,2026-08-06
上海证券交易所,600587,新华医疗,山东新华医疗器械股份有限公司,20020927,制造业,2,上交所接口所列A股/科创板及指定状态,https://query.sse.com.cn/commonQuery.do?sqlId=COMMON_SSE_CP_GPJCTPZ_GPLB_GP_L,2026-08-06
上海证券交易所,600588,用友网络,用友网络科技股份有限公司,20010518,信息传输、软件和信息技术服务业,2,上交所接口所列A股/科创板及指定状态,https://query.sse.com.cn/commonQuery.do?sqlId=COMMON_SSE_CP_GPJCTPZ_GPLB_GP_L,2026-08-06
上海证券交易所,600589,大位科技,大位数据科技(广东)集团股份有限公司,20010612,信息传输、软件和信息技术服务业,2,上交所接口所列A股/科创板及指定状态,https://query.sse.com.cn/commonQuery.do?sqlId=COMMON_SSE_CP_GPJCTPZ_GPLB_GP_L,2026-08-06
上海证券交易所,600590,泰豪科技,泰豪科技股份有限公司,20020703,制造业,2,上交所接口所列A股/科创板及指定状态,https://query.sse.com.cn/commonQuery.do?sqlId=COMMON_SSE_CP_GPJCTPZ_GPLB_GP_L,2026-08-06
上海证券交易所,600592,龙溪股份,福建龙溪轴承(集团)股份有限公司,20020805,制造业,2,上交所接口所列A股/科创板及指定状态,https://query.sse.com.cn/commonQuery.do?sqlId=COMMON_SSE_CP_GPJCTPZ_GPLB_GP_L,2026-08-06
上海证券交易所,600593,大连圣亚,大连圣亚旅游控股股份有限公司,20020711,水利、环境和公共设施管理业,2,上交所接口所列A股/科创板及指定状态,https://query.sse.com.cn/commonQuery.do?sqlId=COMMON_SSE_CP_GPJCTPZ_GPLB_GP_L,2026-08-06
上海证券交易所,600594,益佰制药,贵州益佰制药股份有限公司,20040323,制造业,2,上交所接口所列A股/科创板及指定状态,https://query.sse.com.cn/commonQuery.do?sqlId=COMMON_SSE_CP_GPJCTPZ_GPLB_GP_L,2026-08-06
上海证券交易所,600595,中孚实业,河南中孚实业股份有限公司,20020626,制造业,2,上交所接口所列A股/科创板及指定状态,https://query.sse.com.cn/commonQuery.do?sqlId=COMMON_SSE_CP_GPJCTPZ_GPLB_GP_L,2026-08-06
上海证券交易所,600596,新安股份,浙江新安化工集团股份有限公司,20010906,制造业,2,上交所接口所列A股/科创板及指定状态,https://query.sse.com.cn/commonQuery.do?sqlId=COMMON_SSE_CP_GPJCTPZ_GPLB_GP_L,2026-08-06
上海证券交易所,600597,光明乳业,光明乳业股份有限公司,20020828,制造业,2,上交所接口所列A股/科创板及指定状态,https://query.sse.com.cn/commonQuery.do?sqlId=COMMON_SSE_CP_GPJCTPZ_GPLB_GP_L,2026-08-06
上海证券交易所,600598,北大荒,黑龙江北大荒农业股份有限公司,20020329,农、林、牧、渔业,2,上交所接口所列A股/科创板及指定状态,https://query.sse.com.cn/commonQuery.do?sqlId=COMMON_SSE_CP_GPJCTPZ_GPLB_GP_L,2026-08-06
上海证券交易所,600600,青岛啤酒,青岛啤酒股份有限公司,19930827,制造业,2,上交所接口所列A股/科创板及指定状态,https://query.sse.com.cn/commonQuery.do?sqlId=COMMON_SSE_CP_GPJCTPZ_GPLB_GP_L,2026-08-06
上海证券交易所,600601,方正科技,方正科技集团股份有限公司,19901219,制造业,2,上交所接口所列A股/科创板及指定状态,https://query.sse.com.cn/commonQuery.do?sqlId=COMMON_SSE_CP_GPJCTPZ_GPLB_GP_L,2026-08-06
上海证券交易所,600602,云赛智联,云赛智联股份有限公司,19901219,信息传输、软件和信息技术服务业,2,上交所接口所列A股/科创板及指定状态,https://query.sse.com.cn/commonQuery.do?sqlId=COMMON_SSE_CP_GPJCTPZ_GPLB_GP_L,2026-08-06
上海证券交易所,600603,广汇物流,广汇物流股份有限公司,19920113,交通运输、仓储和邮政业,2,上交所接口所列A股/科创板及指定状态,https://query.sse.com.cn/commonQuery.do?sqlId=COMMON_SSE_CP_GPJCTPZ_GPLB_GP_L,2026-08-06
上海证券交易所,600604,市北高新,上海市北高新股份有限公司,19920327,房地产业,2,上交所接口所列A股/科创板及指定状态,https://query.sse.com.cn/commonQuery.do?sqlId=COMMON_SSE_CP_GPJCTPZ_GPLB_GP_L,2026-08-06
上海证券交易所,600605,汇通能源,上海汇通能源股份有限公司,19920327,房地产业,2,上交所接口所列A股/科创板及指定状态,https://query.sse.com.cn/commonQuery.do?sqlId=COMMON_SSE_CP_GPJCTPZ_GPLB_GP_L,2026-08-06
上海证券交易所,600606,绿地控股,绿地控股集团股份有限公司,19920327,建筑业,2,上交所接口所列A股/科创板及指定状态,https://query.sse.com.cn/commonQuery.do?sqlId=COMMON_SSE_CP_GPJCTPZ_GPLB_GP_L,2026-08-06
上海证券交易所,600609,金杯汽车,金杯汽车股份有限公司,19920724,制造业,2,上交所接口所列A股/科创板及指定状态,https://query.sse.com.cn/commonQuery.do?sqlId=COMMON_SSE_CP_GPJCTPZ_GPLB_GP_L,2026-08-06
上海证券交易所,600610,中毅达,贵州中毅达股份有限公司,19920805,制造业,2,上交所接口所列A股/科创板及指定状态,https://query.sse.com.cn/commonQuery.do?sqlId=COMMON_SSE_CP_GPJCTPZ_GPLB_GP_L,2026-08-06
上海证券交易所,600611,大众交通,大众交通(集团)股份有限公司,19920807,交通运输、仓储和邮政业,2,上交所接口所列A股/科创板及指定状态,https://query.sse.com.cn/commonQuery.do?sqlId=COMMON_SSE_CP_GPJCTPZ_GPLB_GP_L,2026-08-06
上海证券交易所,600612,老凤祥,老凤祥股份有限公司,19920814,制造业,2,上交所接口所列A股/科创板及指定状态,https://query.sse.com.cn/commonQuery.do?sqlId=COMMON_SSE_CP_GPJCTPZ_GPLB_GP_L,2026-08-06
上海证券交易所,600613,神奇制药,上海神奇制药投资管理股份有限公司,19920820,制造业,2,上交所接口所列A股/科创板及指定状态,https://query.sse.com.cn/commonQuery.do?sqlId=COMMON_SSE_CP_GPJCTPZ_GPLB_GP_L,2026-08-06
上海证券交易所,600615,鑫源智造,重庆鑫源智造科技股份有限公司,19920910,制造业,2,上交所接口所列A股/科创板及指定状态,https://query.sse.com.cn/commonQuery.do?sqlId=COMMON_SSE_CP_GPJCTPZ_GPLB_GP_L,2026-08-06
上海证券交易所,600616,金枫酒业,上海金枫酒业股份有限公司,19920929,制造业,2,上交所接口所列A股/科创板及指定状态,https://query.sse.com.cn/commonQuery.do?sqlId=COMMON_SSE_CP_GPJCTPZ_GPLB_GP_L,2026-08-06
上海证券交易所,600617,国新能源,山西省国新能源股份有限公司,19921013,电力、热力、燃气及水生产和供应业,2,上交所接口所列A股/科创板及指定状态,https://query.sse.com.cn/commonQuery.do?sqlId=COMMON_SSE_CP_GPJCTPZ_GPLB_GP_L,2026-08-06
上海证券交易所,600618,氯碱化工,上海氯碱化工股份有限公司,19921113,制造业,2,上交所接口所列A股/科创板及指定状态,https://query.sse.com.cn/commonQuery.do?sqlId=COMMON_SSE_CP_GPJCTPZ_GPLB_GP_L,2026-08-06
上海证券交易所,600619,海立股份,上海海立(集团)股份有限公司,19921116,制造业,2,上交所接口所列A股/科创板及指定状态,https://query.sse.com.cn/commonQuery.do?sqlId=COMMON_SSE_CP_GPJCTPZ_GPLB_GP_L,2026-08-06
上海证券交易所,600620,天宸股份,上海市天宸股份有限公司,19921117,综合,2,上交所接口所列A股/科创板及指定状态,https://query.sse.com.cn/commonQuery.do?sqlId=COMMON_SSE_CP_GPJCTPZ_GPLB_GP_L,2026-08-06
上海证券交易所,600621,华鑫股份,上海华鑫股份有限公司,19921202,金融业,2,上交所接口所列A股/科创板及指定状态,https://query.sse.com.cn/commonQuery.do?sqlId=COMMON_SSE_CP_GPJCTPZ_GPLB_GP_L,2026-08-06
上海证券交易所,600622,光大嘉宝,光大嘉宝股份有限公司,19921203,房地产业,2,上交所接口所列A股/科创板及指定状态,https://query.sse.com.cn/commonQuery.do?sqlId=COMMON_SSE_CP_GPJCTPZ_GPLB_GP_L,2026-08-06
上海证券交易所,600623,华谊集团,上海华谊集团股份有限公司,19921204,制造业,2,上交所接口所列A股/科创板及指定状态,https://query.sse.com.cn/commonQuery.do?sqlId=COMMON_SSE_CP_GPJCTPZ_GPLB_GP_L,2026-08-06
上海证券交易所,600624,ST复华,上海复旦复华科技股份有限公司,19930105,制造业,7,上交所接口所列A股/科创板及指定状态,https://query.sse.com.cn/commonQuery.do?sqlId=COMMON_SSE_CP_GPJCTPZ_GPLB_GP_L,2026-08-06
上海证券交易所,600626,申达股份,上海申达股份有限公司,19930107,制造业,2,上交所接口所列A股/科创板及指定状态,https://query.sse.com.cn/commonQuery.do?sqlId=COMMON_SSE_CP_GPJCTPZ_GPLB_GP_L,2026-08-06
上海证券交易所,600628,新世界,上海新世界股份有限公司,19930119,批发和零售业,2,上交所接口所列A股/科创板及指定状态,https://query.sse.com.cn/commonQuery.do?sqlId=COMMON_SSE_CP_GPJCTPZ_GPLB_GP_L,2026-08-06
上海证券交易所,600629,华建集团,华东建筑集团股份有限公司,19930209,科学研究和技术服务业,2,上交所接口所列A股/科创板及指定状态,https://query.sse.com.cn/commonQuery.do?sqlId=COMMON_SSE_CP_GPJCTPZ_GPLB_GP_L,2026-08-06
上海证券交易所,600630,龙头股份,上海龙头(集团)股份有限公司,19930209,制造业,2,上交所接口所列A股/科创板及指定状态,https://query.sse.com.cn/commonQuery.do?sqlId=COMMON_SSE_CP_GPJCTPZ_GPLB_GP_L,2026-08-06
上海证券交易所,600633,浙数文化,浙数文化科技集团股份有限公司,19930304,信息传输、软件和信息技术服务业,2,上交所接口所列A股/科创板及指定状态,https://query.sse.com.cn/commonQuery.do?sqlId=COMMON_SSE_CP_GPJCTPZ_GPLB_GP_L,2026-08-06
上海证券交易所,600635,XD大众公,上海大众公用事业(集团)股份有限公司,19930304,电力、热力、燃气及水生产和供应业,2,上交所接口所列A股/科创板及指定状态,https://query.sse.com.cn/commonQuery.do?sqlId=COMMON_SSE_CP_GPJCTPZ_GPLB_GP_L,2026-08-06
上海证券交易所,600637,东方明珠,东方明珠新媒体股份有限公司,19930316,信息传输、软件和信息技术服务业,2,上交所接口所列A股/科创板及指定状态,https://query.sse.com.cn/commonQuery.do?sqlId=COMMON_SSE_CP_GPJCTPZ_GPLB_GP_L,2026-08-06
上海证券交易所,600638,新黄浦,上海新黄浦实业集团股份有限公司,19930326,房地产业,2,上交所接口所列A股/科创板及指定状态,https://query.sse.com.cn/commonQuery.do?sqlId=COMMON_SSE_CP_GPJCTPZ_GPLB_GP_L,2026-08-06
上海证券交易所,600639,浦东金桥,上海金桥出口加工区开发股份有限公司,19930326,房地产业,2,上交所接口所列A股/科创板及指定状态,https://query.sse.com.cn/commonQuery.do?sqlId=COMMON_SSE_CP_GPJCTPZ_GPLB_GP_L,2026-08-06
上海证券交易所,600640,国脉文化,新国脉数字文化股份有限公司,19930407,信息传输、软件和信息技术服务业,2,上交所接口所列A股/科创板及指定状态,https://query.sse.com.cn/commonQuery.do?sqlId=COMMON_SSE_CP_GPJCTPZ_GPLB_GP_L,2026-08-06
上海证券交易所,600641,先导基电,上海先导基电科技股份有限公司,19930407,房地产业,2,上交所接口所列A股/科创板及指定状态,https://query.sse.com.cn/commonQuery.do?sqlId=COMMON_SSE_CP_GPJCTPZ_GPLB_GP_L,2026-08-06
上海证券交易所,600642,申能股份,申能股份有限公司,19930416,电力、热力、燃气及水生产和供应业,2,上交所接口所列A股/科创板及指定状态,https://query.sse.com.cn/commonQuery.do?sqlId=COMMON_SSE_CP_GPJCTPZ_GPLB_GP_L,2026-08-06
上海证券交易所,600643,爱建集团,上海爱建集团股份有限公司,19930426,金融业,2,上交所接口所列A股/科创板及指定状态,https://query.sse.com.cn/commonQuery.do?sqlId=COMMON_SSE_CP_GPJCTPZ_GPLB_GP_L,2026-08-06
上海证券交易所,600644,乐山电力,乐山电力股份有限公司,19930426,电力、热力、燃气及水生产和供应业,2,上交所接口所列A股/科创板及指定状态,https://query.sse.com.cn/commonQuery.do?sqlId=COMMON_SSE_CP_GPJCTPZ_GPLB_GP_L,2026-08-06
上海证券交易所,600645,中源协和,中源协和细胞基因工程股份有限公司,19930504,制造业,2,上交所接口所列A股/科创板及指定状态,https://query.sse.com.cn/commonQuery.do?sqlId=COMMON_SSE_CP_GPJCTPZ_GPLB_GP_L,2026-08-06
上海证券交易所,600648,外高桥,上海外高桥集团股份有限公司,19930504,批发和零售业,2,上交所接口所列A股/科创板及指定状态,https://query.sse.com.cn/commonQuery.do?sqlId=COMMON_SSE_CP_GPJCTPZ_GPLB_GP_L,2026-08-06
上海证券交易所,600649,城投控股,上海城投控股股份有限公司,19930518,房地产业,2,上交所接口所列A股/科创板及指定状态,https://query.sse.com.cn/commonQuery.do?sqlId=COMMON_SSE_CP_GPJCTPZ_GPLB_GP_L,2026-08-06
上海证券交易所,600650,锦江在线,上海锦江在线网络服务股份有限公司,19930607,交通运输、仓储和邮政业,2,上交所接口所列A股/科创板及指定状态,https://query.sse.com.cn/commonQuery.do?sqlId=COMMON_SSE_CP_GPJCTPZ_GPLB_GP_L,2026-08-06
上海证券交易所,600651,飞乐音响,上海飞乐音响股份有限公司,19901219,制造业,2,上交所接口所列A股/科创板及指定状态,https://query.sse.com.cn/commonQuery.do?sqlId=COMMON_SSE_CP_GPJCTPZ_GPLB_GP_L,2026-08-06
上海证券交易所,600653,申华控股,辽宁申华控股股份有限公司,19901219,批发和零售业,2,上交所接口所列A股/科创板及指定状态,https://query.sse.com.cn/commonQuery.do?sqlId=COMMON_SSE_CP_GPJCTPZ_GPLB_GP_L,2026-08-06
上海证券交易所,600654,中安科,中安科股份有限公司,19901219,租赁和商务服务业,2,上交所接口所列A股/科创板及指定状态,https://query.sse.com.cn/commonQuery.do?sqlId=COMMON_SSE_CP_GPJCTPZ_GPLB_GP_L,2026-08-06
上海证券交易所,600655,豫园股份,上海豫园旅游商城(集团)股份有限公司,19920902,批发和零售业,2,上交所接口所列A股/科创板及指定状态,https://query.sse.com.cn/commonQuery.do?sqlId=COMMON_SSE_CP_GPJCTPZ_GPLB_GP_L,2026-08-06
上海证券交易所,600657,信达地产,信达地产股份有限公司,19930524,房地产业,2,上交所接口所列A股/科创板及指定状态,https://query.sse.com.cn/commonQuery.do?sqlId=COMMON_SSE_CP_GPJCTPZ_GPLB_GP_L,2026-08-06
上海证券交易所,600658,电子城,北京电子城高科技集团股份有限公司,19930524,房地产业,2,上交所接口所列A股/科创板及指定状态,https://query.sse.com.cn/commonQuery.do?sqlId=COMMON_SSE_CP_GPJCTPZ_GPLB_GP_L,2026-08-06
上海证券交易所,600660,福耀玻璃,福耀玻璃工业集团股份有限公司,19930610,制造业,2,上交所接口所列A股/科创板及指定状态,https://query.sse.com.cn/commonQuery.do?sqlId=COMMON_SSE_CP_GPJCTPZ_GPLB_GP_L,2026-08-06
上海证券交易所,600661,昂立教育,上海新南洋昂立教育科技股份有限公司,19930614,教育,2,上交所接口所列A股/科创板及指定状态,https://query.sse.com.cn/commonQuery.do?sqlId=COMMON_SSE_CP_GPJCTPZ_GPLB_GP_L,2026-08-06
上海证券交易所,600662,外服控股,上海外服控股集团股份有限公司,19930614,租赁和商务服务业,2,上交所接口所列A股/科创板及指定状态,https://query.sse.com.cn/commonQuery.do?sqlId=COMMON_SSE_CP_GPJCTPZ_GPLB_GP_L,2026-08-06
上海证券交易所,600663,陆家嘴,上海陆家嘴金融贸易区开发股份有限公司,19930628,房地产业,2,上交所接口所列A股/科创板及指定状态,https://query.sse.com.cn/commonQuery.do?sqlId=COMMON_SSE_CP_GPJCTPZ_GPLB_GP_L,2026-08-06
上海证券交易所,600664,哈药股份,哈药集团股份有限公司,19930629,制造业,2,上交所接口所列A股/科创板及指定状态,https://query.sse.com.cn/commonQuery.do?sqlId=COMMON_SSE_CP_GPJCTPZ_GPLB_GP_L,2026-08-06
上海证券交易所,600665,天地源,天地源股份有限公司,19930709,房地产业,2,上交所接口所列A股/科创板及指定状态,https://query.sse.com.cn/commonQuery.do?sqlId=COMMON_SSE_CP_GPJCTPZ_GPLB_GP_L,2026-08-06
上海证券交易所,600666,奥瑞德,奥瑞德光电股份有限公司,19930712,制造业,2,上交所接口所列A股/科创板及指定状态,https://query.sse.com.cn/commonQuery.do?sqlId=COMMON_SSE_CP_GPJCTPZ_GPLB_GP_L,2026-08-06
上海证券交易所,600667,太极实业,无锡市太极实业股份有限公司,19930728,建筑业,2,上交所接口所列A股/科创板及指定状态,https://query.sse.com.cn/commonQuery.do?sqlId=COMMON_SSE_CP_GPJCTPZ_GPLB_GP_L,2026-08-06
上海证券交易所,600668,尖峰集团,浙江尖峰集团股份有限公司,19930728,制造业,2,上交所接口所列A股/科创板及指定状态,https://query.sse.com.cn/commonQuery.do?sqlId=COMMON_SSE_CP_GPJCTPZ_GPLB_GP_L,2026-08-06
上海证券交易所,600671,天目药业,杭州天目山药业股份有限公司,19930823,制造业,2,上交所接口所列A股/科创板及指定状态,https://query.sse.com.cn/commonQuery.do?sqlId=COMMON_SSE_CP_GPJCTPZ_GPLB_GP_L,2026-08-06
上海证券交易所,600673,东阳光,广东东阳光科技控股股份有限公司,19930917,综合,2,上交所接口所列A股/科创板及指定状态,https://query.sse.com.cn/commonQuery.do?sqlId=COMMON_SSE_CP_GPJCTPZ_GPLB_GP_L,2026-08-06
上海证券交易所,600674,川投能源,四川川投能源股份有限公司,19930924,电力、热力、燃气及水生产和供应业,2,上交所接口所列A股/科创板及指定状态,https://query.sse.com.cn/commonQuery.do?sqlId=COMMON_SSE_CP_GPJCTPZ_GPLB_GP_L,2026-08-06
上海证券交易所,600675,中华企业,中华企业股份有限公司,19930924,房地产业,2,上交所接口所列A股/科创板及指定状态,https://query.sse.com.cn/commonQuery.do?sqlId=COMMON_SSE_CP_GPJCTPZ_GPLB_GP_L,2026-08-06
上海证券交易所,600676,久事动娱,上海久事动娱文旅集团股份有限公司,19930928,交通运输、仓储和邮政业,2,上交所接口所列A股/科创板及指定状态,https://query.sse.com.cn/commonQuery.do?sqlId=COMMON_SSE_CP_GPJCTPZ_GPLB_GP_L,2026-08-06
上海证券交易所,600678,ST金顶,四川金顶(集团)股份有限公司,19931008,制造业,7,上交所接口所列A股/科创板及指定状态,https://query.sse.com.cn/commonQuery.do?sqlId=COMMON_SSE_CP_GPJCTPZ_GPLB_GP_L,2026-08-06
上海证券交易所,600679,上海凤凰,上海凤凰企业(集团)股份有限公司,19931008,制造业,2,上交所接口所列A股/科创板及指定状态,https://query.sse.com.cn/commonQuery.do?sqlId=COMMON_SSE_CP_GPJCTPZ_GPLB_GP_L,2026-08-06
上海证券交易所,600681,百川能源,百川能源股份有限公司,19931018,电力、热力、燃气及水生产和供应业,2,上交所接口所列A股/科创板及指定状态,https://query.sse.com.cn/commonQuery.do?sqlId=COMMON_SSE_CP_GPJCTPZ_GPLB_GP_L,2026-08-06
上海证券交易所,600682,南京新百,南京新街口百货商店股份有限公司,19931018,制造业,2,上交所接口所列A股/科创板及指定状态,https://query.sse.com.cn/commonQuery.do?sqlId=COMMON_SSE_CP_GPJCTPZ_GPLB_GP_L,2026-08-06
上海证券交易所,600683,京投发展,京投发展股份有限公司,19931025,房地产业,2,上交所接口所列A股/科创板及指定状态,https://query.sse.com.cn/commonQuery.do?sqlId=COMMON_SSE_CP_GPJCTPZ_GPLB_GP_L,2026-08-06
上海证券交易所,600684,珠江股份,广州珠江发展集团股份有限公司,19931028,房地产业,2,上交所接口所列A股/科创板及指定状态,https://query.sse.com.cn/commonQuery.do?sqlId=COMMON_SSE_CP_GPJCTPZ_GPLB_GP_L,2026-08-06
上海证券交易所,600685,中船防务,中船海洋与防务装备股份有限公司,19931028,制造业,2,上交所接口所列A股/科创板及指定状态,https://query.sse.com.cn/commonQuery.do?sqlId=COMMON_SSE_CP_GPJCTPZ_GPLB_GP_L,2026-08-06
上海证券交易所,600686,金龙汽车,厦门金龙汽车集团股份有限公司,19931108,制造业,2,上交所接口所列A股/科创板及指定状态,https://query.sse.com.cn/commonQuery.do?sqlId=COMMON_SSE_CP_GPJCTPZ_GPLB_GP_L,2026-08-06
上海证券交易所,600688,上海石化,中国石化上海石油化工股份有限公司,19931108,制造业,2,上交所接口所列A股/科创板及指定状态,https://query.sse.com.cn/commonQuery.do?sqlId=COMMON_SSE_CP_GPJCTPZ_GPLB_GP_L,2026-08-06
上海证券交易所,600689,上海三毛,上海三毛企业(集团)股份有限公司,19931108,批发和零售业,2,上交所接口所列A股/科创板及指定状态,https://query.sse.com.cn/commonQuery.do?sqlId=COMMON_SSE_CP_GPJCTPZ_GPLB_GP_L,2026-08-06
上海证券交易所,600690,海尔智家,海尔智家股份有限公司,19931119,制造业,2,上交所接口所列A股/科创板及指定状态,https://query.sse.com.cn/commonQuery.do?sqlId=COMMON_SSE_CP_GPJCTPZ_GPLB_GP_L,2026-08-06
上海证券交易所,600691,潞化科技,山西潞安化工科技股份有限公司,19931119,制造业,2,上交所接口所列A股/科创板及指定状态,https://query.sse.com.cn/commonQuery.do?sqlId=COMMON_SSE_CP_GPJCTPZ_GPLB_GP_L,2026-08-06
上海证券交易所,600692,亚通股份,上海亚通股份有限公司,19931119,房地产业,2,上交所接口所列A股/科创板及指定状态,https://query.sse.com.cn/commonQuery.do?sqlId=COMMON_SSE_CP_GPJCTPZ_GPLB_GP_L,2026-08-06
上海证券交易所,600693,东百集团,福建东百集团股份有限公司,19931122,批发和零售业,2,上交所接口所列A股/科创板及指定状态,https://query.sse.com.cn/commonQuery.do?sqlId=COMMON_SSE_CP_GPJCTPZ_GPLB_GP_L,2026-08-06
上海证券交易所,600694,大商股份,大商股份有限公司,19931122,批发和零售业,2,上交所接口所列A股/科创板及指定状态,https://query.sse.com.cn/commonQuery.do?sqlId=COMMON_SSE_CP_GPJCTPZ_GPLB_GP_L,2026-08-06
上海证券交易所,600697,欧亚集团,长春欧亚集团股份有限公司,19931206,批发和零售业,2,上交所接口所列A股/科创板及指定状态,https://query.sse.com.cn/commonQuery.do?sqlId=COMMON_SSE_CP_GPJCTPZ_GPLB_GP_L,2026-08-06
上海证券交易所,600698,湖南天雁,湖南天雁机械股份有限公司,19931206,制造业,2,上交所接口所列A股/科创板及指定状态,https://query.sse.com.cn/commonQuery.do?sqlId=COMMON_SSE_CP_GPJCTPZ_GPLB_GP_L,2026-08-06
上海证券交易所,600699,均胜电子,宁波均胜电子股份有限公司,19931206,制造业,2,上交所接口所列A股/科创板及指定状态,https://query.sse.com.cn/commonQuery.do?sqlId=COMMON_SSE_CP_GPJCTPZ_GPLB_GP_L,2026-08-06
上海证券交易所,600702,舍得酒业,舍得酒业股份有限公司,19960524,制造业,2,上交所接口所列A股/科创板及指定状态,https://query.sse.com.cn/commonQuery.do?sqlId=COMMON_SSE_CP_GPJCTPZ_GPLB_GP_L,2026-08-06
上海证券交易所,600703,三安光电,三安光电股份有限公司,19960528,制造业,2,上交所接口所列A股/科创板及指定状态,https://query.sse.com.cn/commonQuery.do?sqlId=COMMON_SSE_CP_GPJCTPZ_GPLB_GP_L,2026-08-06
上海证券交易所,600704,物产中大,物产中大集团股份有限公司,19960606,批发和零售业,2,上交所接口所列A股/科创板及指定状态,https://query.sse.com.cn/commonQuery.do?sqlId=COMMON_SSE_CP_GPJCTPZ_GPLB_GP_L,2026-08-06
上海证券交易所,600706,曲江文旅,西安曲江文化旅游股份有限公司,19960516,水利、环境和公共设施管理业,2,上交所接口所列A股/科创板及指定状态,https://query.sse.com.cn/commonQuery.do?sqlId=COMMON_SSE_CP_GPJCTPZ_GPLB_GP_L,2026-08-06
上海证券交易所,600707,彩虹股份,彩虹显示器件股份有限公司,19960520,制造业,2,上交所接口所列A股/科创板及指定状态,https://query.sse.com.cn/commonQuery.do?sqlId=COMMON_SSE_CP_GPJCTPZ_GPLB_GP_L,2026-08-06
上海证券交易所,600708,光明地产,光明房地产集团股份有限公司,19960606,房地产业,2,上交所接口所列A股/科创板及指定状态,https://query.sse.com.cn/commonQuery.do?sqlId=COMMON_SSE_CP_GPJCTPZ_GPLB_GP_L,2026-08-06
上海证券交易所,600710,苏美达,苏美达股份有限公司,19960701,批发和零售业,2,上交所接口所列A股/科创板及指定状态,https://query.sse.com.cn/commonQuery.do?sqlId=COMMON_SSE_CP_GPJCTPZ_GPLB_GP_L,2026-08-06
上海证券交易所,600711,盛屯矿业,盛屯矿业集团股份有限公司,19960531,采矿业,2,上交所接口所列A股/科创板及指定状态,https://query.sse.com.cn/commonQuery.do?sqlId=COMMON_SSE_CP_GPJCTPZ_GPLB_GP_L,2026-08-06
上海证券交易所,600712,南宁百货,南宁百货大楼股份有限公司,19960626,批发和零售业,2,上交所接口所列A股/科创板及指定状态,https://query.sse.com.cn/commonQuery.do?sqlId=COMMON_SSE_CP_GPJCTPZ_GPLB_GP_L,2026-08-06
上海证券交易所,600713,南京医药,南京医药集团股份有限公司,19960701,批发和零售业,2,上交所接口所列A股/科创板及指定状态,https://query.sse.com.cn/commonQuery.do?sqlId=COMMON_SSE_CP_GPJCTPZ_GPLB_GP_L,2026-08-06
上海证券交易所,600714,金瑞矿业,青海金瑞矿业发展股份有限公司,19960606,制造业,2,上交所接口所列A股/科创板及指定状态,https://query.sse.com.cn/commonQuery.do?sqlId=COMMON_SSE_CP_GPJCTPZ_GPLB_GP_L,2026-08-06
上海证券交易所,600715,文投控股,文投控股股份有限公司,19960701,文化、体育和娱乐业,2,上交所接口所列A股/科创板及指定状态,https://query.sse.com.cn/commonQuery.do?sqlId=COMMON_SSE_CP_GPJCTPZ_GPLB_GP_L,2026-08-06
上海证券交易所,600716,凤凰股份,江苏凤凰置业投资股份有限公司,19960702,房地产业,2,上交所接口所列A股/科创板及指定状态,https://query.sse.com.cn/commonQuery.do?sqlId=COMMON_SSE_CP_GPJCTPZ_GPLB_GP_L,2026-08-06
上海证券交易所,600717,天津港,天津港股份有限公司,19960614,交通运输、仓储和邮政业,2,上交所接口所列A股/科创板及指定状态,https://query.sse.com.cn/commonQuery.do?sqlId=COMMON_SSE_CP_GPJCTPZ_GPLB_GP_L,2026-08-06
上海证券交易所,600718,东软集团,东软集团股份有限公司,19960618,信息传输、软件和信息技术服务业,2,上交所接口所列A股/科创板及指定状态,https://query.sse.com.cn/commonQuery.do?sqlId=COMMON_SSE_CP_GPJCTPZ_GPLB_GP_L,2026-08-06
上海证券交易所,600719,大连热电,大连热电股份有限公司,19960716,电力、热力、燃气及水生产和供应业,2,上交所接口所列A股/科创板及指定状态,https://query.sse.com.cn/commonQuery.do?sqlId=COMMON_SSE_CP_GPJCTPZ_GPLB_GP_L,2026-08-06
上海证券交易所,600720,中交设计,中交设计咨询集团股份有限公司,19960716,科学研究和技术服务业,2,上交所接口所列A股/科创板及指定状态,https://query.sse.com.cn/commonQuery.do?sqlId=COMMON_SSE_CP_GPJCTPZ_GPLB_GP_L,2026-08-06
上海证券交易所,600721,百花医药,新疆百花村医药集团股份有限公司,19960626,科学研究和技术服务业,2,上交所接口所列A股/科创板及指定状态,https://query.sse.com.cn/commonQuery.do?sqlId=COMMON_SSE_CP_GPJCTPZ_GPLB_GP_L,2026-08-06
上海证券交易所,600722,金牛化工,河北金牛化工股份有限公司,19960626,制造业,2,上交所接口所列A股/科创板及指定状态,https://query.sse.com.cn/commonQuery.do?sqlId=COMMON_SSE_CP_GPJCTPZ_GPLB_GP_L,2026-08-06
上海证券交易所,600724,宁波富达,宁波富达股份有限公司,19960716,制造业,2,上交所接口所列A股/科创板及指定状态,https://query.sse.com.cn/commonQuery.do?sqlId=COMMON_SSE_CP_GPJCTPZ_GPLB_GP_L,2026-08-06
上海证券交易所,600725,云维股份,云南云维股份有限公司,19960702,批发和零售业,2,上交所接口所列A股/科创板及指定状态,https://query.sse.com.cn/commonQuery.do?sqlId=COMMON_SSE_CP_GPJCTPZ_GPLB_GP_L,2026-08-06
上海证券交易所,600726,华电能源,华电能源股份有限公司,19960701,电力、热力、燃气及水生产和供应业,2,上交所接口所列A股/科创板及指定状态,https://query.sse.com.cn/commonQuery.do?sqlId=COMMON_SSE_CP_GPJCTPZ_GPLB_GP_L,2026-08-06
上海证券交易所,600727,鲁北化工,山东鲁北化工股份有限公司,19960702,制造业,2,上交所接口所列A股/科创板及指定状态,https://query.sse.com.cn/commonQuery.do?sqlId=COMMON_SSE_CP_GPJCTPZ_GPLB_GP_L,2026-08-06
上海证券交易所,600728,佳都科技,佳都科技集团股份有限公司,19960716,信息传输、软件和信息技术服务业,2,上交所接口所列A股/科创板及指定状态,https://query.sse.com.cn/commonQuery.do?sqlId=COMMON_SSE_CP_GPJCTPZ_GPLB_GP_L,2026-08-06
上海证券交易所,600729,重百集团,重庆重百科技集团股份有限公司,19960702,批发和零售业,2,上交所接口所列A股/科创板及指定状态,https://query.sse.com.cn/commonQuery.do?sqlId=COMMON_SSE_CP_GPJCTPZ_GPLB_GP_L,2026-08-06
上海证券交易所,600730,*ST高科,中国高科集团股份有限公司,19960726,教育,7,上交所接口所列A股/科创板及指定状态,https://query.sse.com.cn/commonQuery.do?sqlId=COMMON_SSE_CP_GPJCTPZ_GPLB_GP_L,2026-08-06
上海证券交易所,600731,湖南海利,湖南海利化工股份有限公司,19960802,制造业,2,上交所接口所列A股/科创板及指定状态,https://query.sse.com.cn/commonQuery.do?sqlId=COMMON_SSE_CP_GPJCTPZ_GPLB_GP_L,2026-08-06
上海证券交易所,600732,爱旭股份,上海爱旭新能源股份有限公司,19960816,制造业,2,上交所接口所列A股/科创板及指定状态,https://query.sse.com.cn/commonQuery.do?sqlId=COMMON_SSE_CP_GPJCTPZ_GPLB_GP_L,2026-08-06
上海证券交易所,600733,北汽蓝谷,北汽蓝谷新能源科技股份有限公司,19960816,制造业,2,上交所接口所列A股/科创板及指定状态,https://query.sse.com.cn/commonQuery.do?sqlId=COMMON_SSE_CP_GPJCTPZ_GPLB_GP_L,2026-08-06
上海证券交易所,600734,*ST实达,福建实达集团股份有限公司,19960808,信息传输、软件和信息技术服务业,7,上交所接口所列A股/科创板及指定状态,https://query.sse.com.cn/commonQuery.do?sqlId=COMMON_SSE_CP_GPJCTPZ_GPLB_GP_L,2026-08-06
上海证券交易所,600735,ST新华锦,山东新华锦国际股份有限公司,19960726,制造业,7,上交所接口所列A股/科创板及指定状态,https://query.sse.com.cn/commonQuery.do?sqlId=COMMON_SSE_CP_GPJCTPZ_GPLB_GP_L,2026-08-06
上海证券交易所,600736,苏州高新,苏州新区高新技术产业股份有限公司,19960815,房地产业,2,上交所接口所列A股/科创板及指定状态,https://query.sse.com.cn/commonQuery.do?sqlId=COMMON_SSE_CP_GPJCTPZ_GPLB_GP_L,2026-08-06
上海证券交易所,600737,中粮糖业,中粮糖业控股股份有限公司,19960731,制造业,2,上交所接口所列A股/科创板及指定状态,https://query.sse.com.cn/commonQuery.do?sqlId=COMMON_SSE_CP_GPJCTPZ_GPLB_GP_L,2026-08-06
上海证券交易所,600738,丽尚国潮,兰州丽尚国潮实业集团股份有限公司,19960802,批发和零售业,2,上交所接口所列A股/科创板及指定状态,https://query.sse.com.cn/commonQuery.do?sqlId=COMMON_SSE_CP_GPJCTPZ_GPLB_GP_L,2026-08-06
上海证券交易所,600739,辽宁成大,辽宁成大股份有限公司,19960819,批发和零售业,2,上交所接口所列A股/科创板及指定状态,https://query.sse.com.cn/commonQuery.do?sqlId=COMMON_SSE_CP_GPJCTPZ_GPLB_GP_L,2026-08-06
上海证券交易所,600740,山西焦化,山西焦化股份有限公司,19960808,制造业,2,上交所接口所列A股/科创板及指定状态,https://query.sse.com.cn/commonQuery.do?sqlId=COMMON_SSE_CP_GPJCTPZ_GPLB_GP_L,2026-08-06
上海证券交易所,600741,华域汽车,华域汽车系统股份有限公司,19960826,制造业,2,上交所接口所列A股/科创板及指定状态,https://query.sse.com.cn/commonQuery.do?sqlId=COMMON_SSE_CP_GPJCTPZ_GPLB_GP_L,2026-08-06
上海证券交易所,600742,富维股份,长春富维集团汽车零部件股份有限公司,19960826,制造业,2,上交所接口所列A股/科创板及指定状态,https://query.sse.com.cn/commonQuery.do?sqlId=COMMON_SSE_CP_GPJCTPZ_GPLB_GP_L,2026-08-06
上海证券交易所,600743,华远控股,北京华远新航控股股份有限公司,19960909,房地产业,2,上交所接口所列A股/科创板及指定状态,https://query.sse.com.cn/commonQuery.do?sqlId=COMMON_SSE_CP_GPJCTPZ_GPLB_GP_L,2026-08-06
上海证券交易所,600744,华银电力,大唐华银电力股份有限公司,19960905,电力、热力、燃气及水生产和供应业,2,上交所接口所列A股/科创板及指定状态,https://query.sse.com.cn/commonQuery.do?sqlId=COMMON_SSE_CP_GPJCTPZ_GPLB_GP_L,2026-08-06
上海证券交易所,600745,*ST闻泰,闻泰科技股份有限公司,19960828,制造业,7,上交所接口所列A股/科创板及指定状态,https://query.sse.com.cn/commonQuery.do?sqlId=COMMON_SSE_CP_GPJCTPZ_GPLB_GP_L,2026-08-06
上海证券交易所,600746,江苏索普,江苏索普化工股份有限公司,19960918,制造业,2,上交所接口所列A股/科创板及指定状态,https://query.sse.com.cn/commonQuery.do?sqlId=COMMON_SSE_CP_GPJCTPZ_GPLB_GP_L,2026-08-06
上海证券交易所,600748,上实发展,上海实业发展股份有限公司,19960925,房地产业,2,上交所接口所列A股/科创板及指定状态,https://query.sse.com.cn/commonQuery.do?sqlId=COMMON_SSE_CP_GPJCTPZ_GPLB_GP_L,2026-08-06
上海证券交易所,600749,西藏旅游,西藏旅游股份有限公司,19961015,水利、环境和公共设施管理业,2,上交所接口所列A股/科创板及指定状态,https://query.sse.com.cn/commonQuery.do?sqlId=COMMON_SSE_CP_GPJCTPZ_GPLB_GP_L,2026-08-06
上海证券交易所,600750,华润江中,华润江中药业股份有限公司,19960923,制造业,2,上交所接口所列A股/科创板及指定状态,https://query.sse.com.cn/commonQuery.do?sqlId=COMMON_SSE_CP_GPJCTPZ_GPLB_GP_L,2026-08-06
上海证券交易所,600751,海航科技,海航科技股份有限公司,19960909,交通运输、仓储和邮政业,2,上交所接口所列A股/科创板及指定状态,https://query.sse.com.cn/commonQuery.do?sqlId=COMMON_SSE_CP_GPJCTPZ_GPLB_GP_L,2026-08-06
上海证券交易所,600753,ST海钦,福建海钦能源集团股份有限公司,19960927,批发和零售业,7,上交所接口所列A股/科创板及指定状态,https://query.sse.com.cn/commonQuery.do?sqlId=COMMON_SSE_CP_GPJCTPZ_GPLB_GP_L,2026-08-06
上海证券交易所,600754,锦江酒店,上海锦江国际酒店股份有限公司,19961011,住宿和餐饮业,2,上交所接口所列A股/科创板及指定状态,https://query.sse.com.cn/commonQuery.do?sqlId=COMMON_SSE_CP_GPJCTPZ_GPLB_GP_L,2026-08-06
上海证券交易所,600755,厦门国贸,厦门国贸集团股份有限公司,19961003,租赁和商务服务业,2,上交所接口所列A股/科创板及指定状态,https://query.sse.com.cn/commonQuery.do?sqlId=COMMON_SSE_CP_GPJCTPZ_GPLB_GP_L,2026-08-06
上海证券交易所,600756,浪潮软件,浪潮软件股份有限公司,19960923,信息传输、软件和信息技术服务业,2,上交所接口所列A股/科创板及指定状态,https://query.sse.com.cn/commonQuery.do?sqlId=COMMON_SSE_CP_GPJCTPZ_GPLB_GP_L,2026-08-06
上海证券交易所,600757,长江传媒,长江出版传媒股份有限公司,19961003,文化、体育和娱乐业,2,上交所接口所列A股/科创板及指定状态,https://query.sse.com.cn/commonQuery.do?sqlId=COMMON_SSE_CP_GPJCTPZ_GPLB_GP_L,2026-08-06
上海证券交易所,600758,辽宁能源,辽宁能源煤电产业股份有限公司,19961029,采矿业,2,上交所接口所列A股/科创板及指定状态,https://query.sse.com.cn/commonQuery.do?sqlId=COMMON_SSE_CP_GPJCTPZ_GPLB_GP_L,2026-08-06
上海证券交易所,600759,ST洲际,洲际油气股份有限公司,19961008,采矿业,7,上交所接口所列A股/科创板及指定状态,https://query.sse.com.cn/commonQuery.do?sqlId=COMMON_SSE_CP_GPJCTPZ_GPLB_GP_L,2026-08-06
上海证券交易所,600760,中航沈飞,中航沈飞股份有限公司,19961011,制造业,2,上交所接口所列A股/科创板及指定状态,https://query.sse.com.cn/commonQuery.do?sqlId=COMMON_SSE_CP_GPJCTPZ_GPLB_GP_L,2026-08-06
上海证券交易所,600761,安徽合力,安徽合力股份有限公司,19961009,制造业,2,上交所接口所列A股/科创板及指定状态,https://query.sse.com.cn/commonQuery.do?sqlId=COMMON_SSE_CP_GPJCTPZ_GPLB_GP_L,2026-08-06
上海证券交易所,600763,通策医疗,通策医疗股份有限公司,19961030,卫生和社会工作,2,上交所接口所列A股/科创板及指定状态,https://query.sse.com.cn/commonQuery.do?sqlId=COMMON_SSE_CP_GPJCTPZ_GPLB_GP_L,2026-08-06
上海证券交易所,600764,中国海防,中国船舶重工集团海洋防务与信息对抗股份有限公司,19961104,制造业,2,上交所接口所列A股/科创板及指定状态,https://query.sse.com.cn/commonQuery.do?sqlId=COMMON_SSE_CP_GPJCTPZ_GPLB_GP_L,2026-08-06
上海证券交易所,600765,中航重机,中航重机股份有限公司,19961106,制造业,2,上交所接口所列A股/科创板及指定状态,https://query.sse.com.cn/commonQuery.do?sqlId=COMMON_SSE_CP_GPJCTPZ_GPLB_GP_L,2026-08-06
上海证券交易所,600768,宁波富邦,宁波富邦精业集团股份有限公司,19961111,制造业,2,上交所接口所列A股/科创板及指定状态,https://query.sse.com.cn/commonQuery.do?sqlId=COMMON_SSE_CP_GPJCTPZ_GPLB_GP_L,2026-08-06
上海证券交易所,600769,祥龙电业,武汉祥龙电业股份有限公司,19961101,电力、热力、燃气及水生产和供应业,2,上交所接口所列A股/科创板及指定状态,https://query.sse.com.cn/commonQuery.do?sqlId=COMMON_SSE_CP_GPJCTPZ_GPLB_GP_L,2026-08-06
上海证券交易所,600770,综艺股份,江苏综艺股份有限公司,19961120,电力、热力、燃气及水生产和供应业,2,上交所接口所列A股/科创板及指定状态,https://query.sse.com.cn/commonQuery.do?sqlId=COMMON_SSE_CP_GPJCTPZ_GPLB_GP_L,2026-08-06
上海证券交易所,600771,广誉远,广誉远中药股份有限公司,19961105,制造业,2,上交所接口所列A股/科创板及指定状态,https://query.sse.com.cn/commonQuery.do?sqlId=COMMON_SSE_CP_GPJCTPZ_GPLB_GP_L,2026-08-06
上海证券交易所,600773,西藏城投,西藏城市发展投资股份有限公司,19961108,房地产业,2,上交所接口所列A股/科创板及指定状态,https://query.sse.com.cn/commonQuery.do?sqlId=COMMON_SSE_CP_GPJCTPZ_GPLB_GP_L,2026-08-06
上海证券交易所,600774,汉商集团,汉商集团股份有限公司,19961108,制造业,2,上交所接口所列A股/科创板及指定状态,https://query.sse.com.cn/commonQuery.do?sqlId=COMMON_SSE_CP_GPJCTPZ_GPLB_GP_L,2026-08-06
上海证券交易所,600775,南京熊猫,南京熊猫电子股份有限公司,19961118,制造业,2,上交所接口所列A股/科创板及指定状态,https://query.sse.com.cn/commonQuery.do?sqlId=COMMON_SSE_CP_GPJCTPZ_GPLB_GP_L,2026-08-06
上海证券交易所,600776,东方通信,东方通信股份有限公司,19961126,制造业,2,上交所接口所列A股/科创板及指定状态,https://query.sse.com.cn/commonQuery.do?sqlId=COMMON_SSE_CP_GPJCTPZ_GPLB_GP_L,2026-08-06
上海证券交易所,600777,新潮能源,山东新潮能源股份有限公司,19961121,采矿业,2,上交所接口所列A股/科创板及指定状态,https://query.sse.com.cn/commonQuery.do?sqlId=COMMON_SSE_CP_GPJCTPZ_GPLB_GP_L,2026-08-06
上海证券交易所,600778,友好集团,新疆友好(集团)股份有限公司,19961203,批发和零售业,2,上交所接口所列A股/科创板及指定状态,https://query.sse.com.cn/commonQuery.do?sqlId=COMMON_SSE_CP_GPJCTPZ_GPLB_GP_L,2026-08-06
上海证券交易所,600779,水井坊,四川水井坊股份有限公司,19961206,制造业,2,上交所接口所列A股/科创板及指定状态,https://query.sse.com.cn/commonQuery.do?sqlId=COMMON_SSE_CP_GPJCTPZ_GPLB_GP_L,2026-08-06
上海证券交易所,600780,通宝能源,山西通宝能源股份有限公司,19961205,电力、热力、燃气及水生产和供应业,2,上交所接口所列A股/科创板及指定状态,https://query.sse.com.cn/commonQuery.do?sqlId=COMMON_SSE_CP_GPJCTPZ_GPLB_GP_L,2026-08-06
上海证券交易所,600782,新钢股份,新余钢铁股份有限公司,19961225,制造业,2,上交所接口所列A股/科创板及指定状态,https://query.sse.com.cn/commonQuery.do?sqlId=COMMON_SSE_CP_GPJCTPZ_GPLB_GP_L,2026-08-06
上海证券交易所,600783,鲁信创投,鲁信创业投资集团股份有限公司,19961225,金融业,2,上交所接口所列A股/科创板及指定状态,https://query.sse.com.cn/commonQuery.do?sqlId=COMMON_SSE_CP_GPJCTPZ_GPLB_GP_L,2026-08-06
上海证券交易所,600784,鲁银投资,鲁银投资集团股份有限公司,19961225,制造业,2,上交所接口所列A股/科创板及指定状态,https://query.sse.com.cn/commonQuery.do?sqlId=COMMON_SSE_CP_GPJCTPZ_GPLB_GP_L,2026-08-06
上海证券交易所,600785,新华百货,银川新华百货商业集团股份有限公司,19970108,批发和零售业,2,上交所接口所列A股/科创板及指定状态,https://query.sse.com.cn/commonQuery.do?sqlId=COMMON_SSE_CP_GPJCTPZ_GPLB_GP_L,2026-08-06
上海证券交易所,600787,中储股份,中储发展股份有限公司,19970121,交通运输、仓储和邮政业,2,上交所接口所列A股/科创板及指定状态,https://query.sse.com.cn/commonQuery.do?sqlId=COMMON_SSE_CP_GPJCTPZ_GPLB_GP_L,2026-08-06
上海证券交易所,600789,鲁抗医药,山东鲁抗医药股份有限公司,19970226,制造业,2,上交所接口所列A股/科创板及指定状态,https://query.sse.com.cn/commonQuery.do?sqlId=COMMON_SSE_CP_GPJCTPZ_GPLB_GP_L,2026-08-06
上海证券交易所,600790,轻纺城,浙江中国轻纺城集团股份有限公司,19970228,租赁和商务服务业,2,上交所接口所列A股/科创板及指定状态,https://query.sse.com.cn/commonQuery.do?sqlId=COMMON_SSE_CP_GPJCTPZ_GPLB_GP_L,2026-08-06
上海证券交易所,600791,京能置业,京能置业股份有限公司,19970130,房地产业,2,上交所接口所列A股/科创板及指定状态,https://query.sse.com.cn/commonQuery.do?sqlId=COMMON_SSE_CP_GPJCTPZ_GPLB_GP_L,2026-08-06
上海证券交易所,600792,云煤能源,云南煤业能源股份有限公司,19970123,制造业,2,上交所接口所列A股/科创板及指定状态,https://query.sse.com.cn/commonQuery.do?sqlId=COMMON_SSE_CP_GPJCTPZ_GPLB_GP_L,2026-08-06
上海证券交易所,600793,宜宾纸业,宜宾纸业股份有限公司,19970220,制造业,2,上交所接口所列A股/科创板及指定状态,https://query.sse.com.cn/commonQuery.do?sqlId=COMMON_SSE_CP_GPJCTPZ_GPLB_GP_L,2026-08-06
上海证券交易所,600794,保税科技,张家港保税科技(集团)股份有限公司,19970306,交通运输、仓储和邮政业,2,上交所接口所列A股/科创板及指定状态,https://query.sse.com.cn/commonQuery.do?sqlId=COMMON_SSE_CP_GPJCTPZ_GPLB_GP_L,2026-08-06
上海证券交易所,600795,国电电力,国电电力发展股份有限公司,19970318,电力、热力、燃气及水生产和供应业,2,上交所接口所列A股/科创板及指定状态,https://query.sse.com.cn/commonQuery.do?sqlId=COMMON_SSE_CP_GPJCTPZ_GPLB_GP_L,2026-08-06
上海证券交易所,600796,钱江生化,浙江钱江生物化学股份有限公司,19970408,电力、热力、燃气及水生产和供应业,2,上交所接口所列A股/科创板及指定状态,https://query.sse.com.cn/commonQuery.do?sqlId=COMMON_SSE_CP_GPJCTPZ_GPLB_GP_L,2026-08-06
上海证券交易所,600797,浙大网新,浙大网新科技股份有限公司,19970418,信息传输、软件和信息技术服务业,2,上交所接口所列A股/科创板及指定状态,https://query.sse.com.cn/commonQuery.do?sqlId=COMMON_SSE_CP_GPJCTPZ_GPLB_GP_L,2026-08-06
上海证券交易所,600798,宁波海运,宁波海运股份有限公司,19970423,交通运输、仓储和邮政业,2,上交所接口所列A股/科创板及指定状态,https://query.sse.com.cn/commonQuery.do?sqlId=COMMON_SSE_CP_GPJCTPZ_GPLB_GP_L,2026-08-06
上海证券交易所,600800,渤海化学,天津渤海化学股份有限公司,19931206,制造业,2,上交所接口所列A股/科创板及指定状态,https://query.sse.com.cn/commonQuery.do?sqlId=COMMON_SSE_CP_GPJCTPZ_GPLB_GP_L,2026-08-06
上海证券交易所,600801,华新建材,华新建材集团股份有限公司,19940103,制造业,2,上交所接口所列A股/科创板及指定状态,https://query.sse.com.cn/commonQuery.do?sqlId=COMMON_SSE_CP_GPJCTPZ_GPLB_GP_L,2026-08-06
上海证券交易所,600802,福建水泥,福建水泥股份有限公司,19940103,制造业,2,上交所接口所列A股/科创板及指定状态,https://query.sse.com.cn/commonQuery.do?sqlId=COMMON_SSE_CP_GPJCTPZ_GPLB_GP_L,2026-08-06
上海证券交易所,600803,新奥股份,新奥天然气股份有限公司,19940103,电力、热力、燃气及水生产和供应业,2,上交所接口所列A股/科创板及指定状态,https://query.sse.com.cn/commonQuery.do?sqlId=COMMON_SSE_CP_GPJCTPZ_GPLB_GP_L,2026-08-06
上海证券交易所,600805,悦达投资,江苏悦达投资股份有限公司,19940103,综合,2,上交所接口所列A股/科创板及指定状态,https://query.sse.com.cn/commonQuery.do?sqlId=COMMON_SSE_CP_GPJCTPZ_GPLB_GP_L,2026-08-06
上海证券交易所,600807,济高发展,济南高新发展股份有限公司,19940103,制造业,2,上交所接口所列A股/科创板及指定状态,https://query.sse.com.cn/commonQuery.do?sqlId=COMMON_SSE_CP_GPJCTPZ_GPLB_GP_L,2026-08-06
上海证券交易所,600808,马钢股份,马鞍山钢铁股份有限公司,19940106,制造业,2,上交所接口所列A股/科创板及指定状态,https://query.sse.com.cn/commonQuery.do?sqlId=COMMON_SSE_CP_GPJCTPZ_GPLB_GP_L,2026-08-06
上海证券交易所,600809,山西汾酒,山西杏花村汾酒厂股份有限公司,19940106,制造业,2,上交所接口所列A股/科创板及指定状态,https://query.sse.com.cn/commonQuery.do?sqlId=COMMON_SSE_CP_GPJCTPZ_GPLB_GP_L,2026-08-06
上海证券交易所,600810,神马股份,神马实业股份有限公司,19940106,制造业,2,上交所接口所列A股/科创板及指定状态,https://query.sse.com.cn/commonQuery.do?sqlId=COMMON_SSE_CP_GPJCTPZ_GPLB_GP_L,2026-08-06
上海证券交易所,600812,华北制药,华北制药股份有限公司,19940114,制造业,2,上交所接口所列A股/科创板及指定状态,https://query.sse.com.cn/commonQuery.do?sqlId=COMMON_SSE_CP_GPJCTPZ_GPLB_GP_L,2026-08-06
上海证券交易所,600814,杭州解百,杭州解百集团股份有限公司,19940114,批发和零售业,2,上交所接口所列A股/科创板及指定状态,https://query.sse.com.cn/commonQuery.do?sqlId=COMMON_SSE_CP_GPJCTPZ_GPLB_GP_L,2026-08-06
上海证券交易所,600815,厦工股份,厦门厦工机械股份有限公司,19940128,制造业,2,上交所接口所列A股/科创板及指定状态,https://query.sse.com.cn/commonQuery.do?sqlId=COMMON_SSE_CP_GPJCTPZ_GPLB_GP_L,2026-08-06
上海证券交易所,600816,建元信托,建元信托股份有限公司,19940128,金融业,2,上交所接口所列A股/科创板及指定状态,https://query.sse.com.cn/commonQuery.do?sqlId=COMMON_SSE_CP_GPJCTPZ_GPLB_GP_L,2026-08-06
上海证券交易所,600817,宇通重工,宇通重工股份有限公司,19940128,制造业,2,上交所接口所列A股/科创板及指定状态,https://query.sse.com.cn/commonQuery.do?sqlId=COMMON_SSE_CP_GPJCTPZ_GPLB_GP_L,2026-08-06
上海证券交易所,600818,ST中路,中路股份有限公司,19940128,制造业,7,上交所接口所列A股/科创板及指定状态,https://query.sse.com.cn/commonQuery.do?sqlId=COMMON_SSE_CP_GPJCTPZ_GPLB_GP_L,2026-08-06
上海证券交易所,600819,耀皮玻璃,上海耀皮玻璃集团股份有限公司,19940128,制造业,2,上交所接口所列A股/科创板及指定状态,https://query.sse.com.cn/commonQuery.do?sqlId=COMMON_SSE_CP_GPJCTPZ_GPLB_GP_L,2026-08-06
上海证券交易所,600820,隧道股份,上海隧道工程股份有限公司,19940128,建筑业,2,上交所接口所列A股/科创板及指定状态,https://query.sse.com.cn/commonQuery.do?sqlId=COMMON_SSE_CP_GPJCTPZ_GPLB_GP_L,2026-08-06
上海证券交易所,600821,金开新能,金开新能源股份有限公司,19940128,电力、热力、燃气及水生产和供应业,2,上交所接口所列A股/科创板及指定状态,https://query.sse.com.cn/commonQuery.do?sqlId=COMMON_SSE_CP_GPJCTPZ_GPLB_GP_L,2026-08-06
上海证券交易所,600822,上海物贸,上海物资贸易股份有限公司,19940204,批发和零售业,2,上交所接口所列A股/科创板及指定状态,https://query.sse.com.cn/commonQuery.do?sqlId=COMMON_SSE_CP_GPJCTPZ_GPLB_GP_L,2026-08-06
上海证券交易所,600824,益民集团,上海益民商业集团股份有限公司,19940204,批发和零售业,2,上交所接口所列A股/科创板及指定状态,https://query.sse.com.cn/commonQuery.do?sqlId=COMMON_SSE_CP_GPJCTPZ_GPLB_GP_L,2026-08-06
上海证券交易所,600825,新华传媒,上海新华传媒股份有限公司,19940204,文化、体育和娱乐业,2,上交所接口所列A股/科创板及指定状态,https://query.sse.com.cn/commonQuery.do?sqlId=COMMON_SSE_CP_GPJCTPZ_GPLB_GP_L,2026-08-06
上海证券交易所,600826,兰生股份,东浩兰生会展集团股份有限公司,19940204,租赁和商务服务业,2,上交所接口所列A股/科创板及指定状态,https://query.sse.com.cn/commonQuery.do?sqlId=COMMON_SSE_CP_GPJCTPZ_GPLB_GP_L,2026-08-06
上海证券交易所,600827,百联股份,上海百联集团股份有限公司,19940204,批发和零售业,2,上交所接口所列A股/科创板及指定状态,https://query.sse.com.cn/commonQuery.do?sqlId=COMMON_SSE_CP_GPJCTPZ_GPLB_GP_L,2026-08-06
上海证券交易所,600828,茂业商业,茂业商业股份有限公司,19940224,批发和零售业,2,上交所接口所列A股/科创板及指定状态,https://query.sse.com.cn/commonQuery.do?sqlId=COMMON_SSE_CP_GPJCTPZ_GPLB_GP_L,2026-08-06
上海证券交易所,600829,人民同泰,哈药集团人民同泰医药股份有限公司,19940224,批发和零售业,2,上交所接口所列A股/科创板及指定状态,https://query.sse.com.cn/commonQuery.do?sqlId=COMMON_SSE_CP_GPJCTPZ_GPLB_GP_L,2026-08-06
上海证券交易所,600830,香溢融通,香溢融通控股集团股份有限公司,19940224,金融业,2,上交所接口所列A股/科创板及指定状态,https://query.sse.com.cn/commonQuery.do?sqlId=COMMON_SSE_CP_GPJCTPZ_GPLB_GP_L,2026-08-06
上海证券交易所,600831,广电网络,陕西广电网络传媒(集团)股份有限公司,19940224,信息传输、软件和信息技术服务业,2,上交所接口所列A股/科创板及指定状态,https://query.sse.com.cn/commonQuery.do?sqlId=COMMON_SSE_CP_GPJCTPZ_GPLB_GP_L,2026-08-06
上海证券交易所,600833,第一医药,上海第一医药股份有限公司,19940224,批发和零售业,2,上交所接口所列A股/科创板及指定状态,https://query.sse.com.cn/commonQuery.do?sqlId=COMMON_SSE_CP_GPJCTPZ_GPLB_GP_L,2026-08-06
上海证券交易所,600834,申通地铁,上海申通地铁股份有限公司,19940224,综合,2,上交所接口所列A股/科创板及指定状态,https://query.sse.com.cn/commonQuery.do?sqlId=COMMON_SSE_CP_GPJCTPZ_GPLB_GP_L,2026-08-06
上海证券交易所,600835,上海机电,上海机电股份有限公司,19940224,制造业,2,上交所接口所列A股/科创板及指定状态,https://query.sse.com.cn/commonQuery.do?sqlId=COMMON_SSE_CP_GPJCTPZ_GPLB_GP_L,2026-08-06
上海证券交易所,600838,上海九百,上海九百股份有限公司,19940224,批发和零售业,2,上交所接口所列A股/科创板及指定状态,https://query.sse.com.cn/commonQuery.do?sqlId=COMMON_SSE_CP_GPJCTPZ_GPLB_GP_L,2026-08-06
上海证券交易所,600839,四川长虹,四川长虹电器股份有限公司,19940311,制造业,2,上交所接口所列A股/科创板及指定状态,https://query.sse.com.cn/commonQuery.do?sqlId=COMMON_SSE_CP_GPJCTPZ_GPLB_GP_L,2026-08-06
上海证券交易所,600841,动力新科,上海新动力汽车科技股份有限公司,19940311,制造业,2,上交所接口所列A股/科创板及指定状态,https://query.sse.com.cn/commonQuery.do?sqlId=COMMON_SSE_CP_GPJCTPZ_GPLB_GP_L,2026-08-06
上海证券交易所,600843,上工申贝,上工申贝(集团)股份有限公司,19940311,制造业,2,上交所接口所列A股/科创板及指定状态,https://query.sse.com.cn/commonQuery.do?sqlId=COMMON_SSE_CP_GPJCTPZ_GPLB_GP_L,2026-08-06
上海证券交易所,600844,金煤科技,内蒙古金煤化工科技股份有限公司,19940311,制造业,2,上交所接口所列A股/科创板及指定状态,https://query.sse.com.cn/commonQuery.do?sqlId=COMMON_SSE_CP_GPJCTPZ_GPLB_GP_L,2026-08-06
上海证券交易所,600845,宝信软件,上海宝信软件股份有限公司,19940311,信息传输、软件和信息技术服务业,2,上交所接口所列A股/科创板及指定状态,https://query.sse.com.cn/commonQuery.do?sqlId=COMMON_SSE_CP_GPJCTPZ_GPLB_GP_L,2026-08-06
上海证券交易所,600846,同济科技,上海同济科技实业股份有限公司,19940311,建筑业,2,上交所接口所列A股/科创板及指定状态,https://query.sse.com.cn/commonQuery.do?sqlId=COMMON_SSE_CP_GPJCTPZ_GPLB_GP_L,2026-08-06
上海证券交易所,600847,万里股份,重庆万里新能源股份有限公司,19940324,制造业,2,上交所接口所列A股/科创板及指定状态,https://query.sse.com.cn/commonQuery.do?sqlId=COMMON_SSE_CP_GPJCTPZ_GPLB_GP_L,2026-08-06
上海证券交易所,600848,上海临港,上海临港控股股份有限公司,19940324,房地产业,2,上交所接口所列A股/科创板及指定状态,https://query.sse.com.cn/commonQuery.do?sqlId=COMMON_SSE_CP_GPJCTPZ_GPLB_GP_L,2026-08-06
上海证券交易所,600850,电科数字,中电科数字技术股份有限公司,19940324,信息传输、软件和信息技术服务业,2,上交所接口所列A股/科创板及指定状态,https://query.sse.com.cn/commonQuery.do?sqlId=COMMON_SSE_CP_GPJCTPZ_GPLB_GP_L,2026-08-06
上海证券交易所,600851,海欣股份,上海海欣集团股份有限公司,19940404,制造业,2,上交所接口所列A股/科创板及指定状态,https://query.sse.com.cn/commonQuery.do?sqlId=COMMON_SSE_CP_GPJCTPZ_GPLB_GP_L,2026-08-06
上海证券交易所,600853,龙建股份,龙建路桥股份有限公司,19940404,建筑业,2,上交所接口所列A股/科创板及指定状态,https://query.sse.com.cn/commonQuery.do?sqlId=COMMON_SSE_CP_GPJCTPZ_GPLB_GP_L,2026-08-06
上海证券交易所,600854,春兰股份,江苏春兰制冷设备股份有限公司,19940425,制造业,2,上交所接口所列A股/科创板及指定状态,https://query.sse.com.cn/commonQuery.do?sqlId=COMMON_SSE_CP_GPJCTPZ_GPLB_GP_L,2026-08-06
上海证券交易所,600855,航天长峰,北京航天长峰股份有限公司,19940425,制造业,2,上交所接口所列A股/科创板及指定状态,https://query.sse.com.cn/commonQuery.do?sqlId=COMMON_SSE_CP_GPJCTPZ_GPLB_GP_L,2026-08-06
上海证券交易所,600857,宁波中百,宁波中百股份有限公司,19940425,批发和零售业,2,上交所接口所列A股/科创板及指定状态,https://query.sse.com.cn/commonQuery.do?sqlId=COMMON_SSE_CP_GPJCTPZ_GPLB_GP_L,2026-08-06
上海证券交易所,600858,银座股份,银座集团股份有限公司,19940506,批发和零售业,2,上交所接口所列A股/科创板及指定状态,https://query.sse.com.cn/commonQuery.do?sqlId=COMMON_SSE_CP_GPJCTPZ_GPLB_GP_L,2026-08-06
上海证券交易所,600859,王府井,王府井集团股份有限公司,19940506,批发和零售业,2,上交所接口所列A股/科创板及指定状态,https://query.sse.com.cn/commonQuery.do?sqlId=COMMON_SSE_CP_GPJCTPZ_GPLB_GP_L,2026-08-06
上海证券交易所,600860,京城股份,北京京城机电股份有限公司,19940506,制造业,2,上交所接口所列A股/科创板及指定状态,https://query.sse.com.cn/commonQuery.do?sqlId=COMMON_SSE_CP_GPJCTPZ_GPLB_GP_L,2026-08-06
上海证券交易所,600861,北京人力,北京国际人力资本集团股份有限公司,19940520,租赁和商务服务业,2,上交所接口所列A股/科创板及指定状态,https://query.sse.com.cn/commonQuery.do?sqlId=COMMON_SSE_CP_GPJCTPZ_GPLB_GP_L,2026-08-06
上海证券交易所,600862,中航高科,中航航空高科技股份有限公司,19940520,制造业,2,上交所接口所列A股/科创板及指定状态,https://query.sse.com.cn/commonQuery.do?sqlId=COMMON_SSE_CP_GPJCTPZ_GPLB_GP_L,2026-08-06
上海证券交易所,600863,华能蒙电,内蒙古蒙电华能热电股份有限公司,19940520,电力、热力、燃气及水生产和供应业,2,上交所接口所列A股/科创板及指定状态,https://query.sse.com.cn/commonQuery.do?sqlId=COMMON_SSE_CP_GPJCTPZ_GPLB_GP_L,2026-08-06
上海证券交易所,600864,哈投股份,哈尔滨哈投投资股份有限公司,19940809,金融业,2,上交所接口所列A股/科创板及指定状态,https://query.sse.com.cn/commonQuery.do?sqlId=COMMON_SSE_CP_GPJCTPZ_GPLB_GP_L,2026-08-06
上海证券交易所,600865,百大集团,百大集团股份有限公司,19940809,批发和零售业,2,上交所接口所列A股/科创板及指定状态,https://query.sse.com.cn/commonQuery.do?sqlId=COMMON_SSE_CP_GPJCTPZ_GPLB_GP_L,2026-08-06
上海证券交易所,600866,星湖科技,广东肇庆星湖生物科技股份有限公司,19940818,制造业,2,上交所接口所列A股/科创板及指定状态,https://query.sse.com.cn/commonQuery.do?sqlId=COMMON_SSE_CP_GPJCTPZ_GPLB_GP_L,2026-08-06
上海证券交易所,600867,通化东宝,通化东宝药业股份有限公司,19940824,制造业,2,上交所接口所列A股/科创板及指定状态,https://query.sse.com.cn/commonQuery.do?sqlId=COMMON_SSE_CP_GPJCTPZ_GPLB_GP_L,2026-08-06
上海证券交易所,600868,梅雁吉祥,广东梅雁吉祥水电股份有限公司,19940912,电力、热力、燃气及水生产和供应业,2,上交所接口所列A股/科创板及指定状态,https://query.sse.com.cn/commonQuery.do?sqlId=COMMON_SSE_CP_GPJCTPZ_GPLB_GP_L,2026-08-06
上海证券交易所,600869,远东股份,远东智慧能源股份有限公司,19950206,制造业,2,上交所接口所列A股/科创板及指定状态,https://query.sse.com.cn/commonQuery.do?sqlId=COMMON_SSE_CP_GPJCTPZ_GPLB_GP_L,2026-08-06
上海证券交易所,600871,石化油服,中石化石油工程技术服务股份有限公司,19950411,采矿业,2,上交所接口所列A股/科创板及指定状态,https://query.sse.com.cn/commonQuery.do?sqlId=COMMON_SSE_CP_GPJCTPZ_GPLB_GP_L,2026-08-06
上海证券交易所,600872,中炬高新,中炬高新技术实业(集团)股份有限公司,19950124,制造业,2,上交所接口所列A股/科创板及指定状态,https://query.sse.com.cn/commonQuery.do?sqlId=COMMON_SSE_CP_GPJCTPZ_GPLB_GP_L,2026-08-06
上海证券交易所,600873,梅花生物,梅花生物科技集团股份有限公司,19950217,制造业,2,上交所接口所列A股/科创板及指定状态,https://query.sse.com.cn/commonQuery.do?sqlId=COMMON_SSE_CP_GPJCTPZ_GPLB_GP_L,2026-08-06
上海证券交易所,600874,创业环保,天津创业环保集团股份有限公司,19950630,电力、热力、燃气及水生产和供应业,2,上交所接口所列A股/科创板及指定状态,https://query.sse.com.cn/commonQuery.do?sqlId=COMMON_SSE_CP_GPJCTPZ_GPLB_GP_L,2026-08-06
上海证券交易所,600875,东方电气,东方电气股份有限公司,19951010,制造业,2,上交所接口所列A股/科创板及指定状态,https://query.sse.com.cn/commonQuery.do?sqlId=COMMON_SSE_CP_GPJCTPZ_GPLB_GP_L,2026-08-06
上海证券交易所,600876,凯盛新能,凯盛新能源股份有限公司,19951031,制造业,2,上交所接口所列A股/科创板及指定状态,https://query.sse.com.cn/commonQuery.do?sqlId=COMMON_SSE_CP_GPJCTPZ_GPLB_GP_L,2026-08-06
上海证券交易所,600877,电科芯片,中电科芯片技术股份有限公司,19951013,制造业,2,上交所接口所列A股/科创板及指定状态,https://query.sse.com.cn/commonQuery.do?sqlId=COMMON_SSE_CP_GPJCTPZ_GPLB_GP_L,2026-08-06
上海证券交易所,600879,航天电子,航天时代电子技术股份有限公司,19951115,制造业,2,上交所接口所列A股/科创板及指定状态,https://query.sse.com.cn/commonQuery.do?sqlId=COMMON_SSE_CP_GPJCTPZ_GPLB_GP_L,2026-08-06
上海证券交易所,600880,博瑞传播,成都博瑞传播股份有限公司,19951115,文化、体育和娱乐业,2,上交所接口所列A股/科创板及指定状态,https://query.sse.com.cn/commonQuery.do?sqlId=COMMON_SSE_CP_GPJCTPZ_GPLB_GP_L,2026-08-06
上海证券交易所,600881,亚泰集团,吉林亚泰(集团)股份有限公司,19951115,制造业,2,上交所接口所列A股/科创板及指定状态,https://query.sse.com.cn/commonQuery.do?sqlId=COMMON_SSE_CP_GPJCTPZ_GPLB_GP_L,2026-08-06
上海证券交易所,600882,妙可蓝多,上海妙可蓝多食品科技股份有限公司,19951206,制造业,2,上交所接口所列A股/科创板及指定状态,https://query.sse.com.cn/commonQuery.do?sqlId=COMMON_SSE_CP_GPJCTPZ_GPLB_GP_L,2026-08-06
上海证券交易所,600883,博闻科技,云南博闻科技实业股份有限公司,19951208,制造业,2,上交所接口所列A股/科创板及指定状态,https://query.sse.com.cn/commonQuery.do?sqlId=COMMON_SSE_CP_GPJCTPZ_GPLB_GP_L,2026-08-06
上海证券交易所,600884,杉杉股份,宁波杉杉股份有限公司,19960130,制造业,2,上交所接口所列A股/科创板及指定状态,https://query.sse.com.cn/commonQuery.do?sqlId=COMMON_SSE_CP_GPJCTPZ_GPLB_GP_L,2026-08-06
上海证券交易所,600885,宏发股份,宏发科技股份有限公司,19960205,制造业,2,上交所接口所列A股/科创板及指定状态,https://query.sse.com.cn/commonQuery.do?sqlId=COMMON_SSE_CP_GPJCTPZ_GPLB_GP_L,2026-08-06
上海证券交易所,600886,国投电力,国投电力控股股份有限公司,19960118,电力、热力、燃气及水生产和供应业,2,上交所接口所列A股/科创板及指定状态,https://query.sse.com.cn/commonQuery.do?sqlId=COMMON_SSE_CP_GPJCTPZ_GPLB_GP_L,2026-08-06
上海证券交易所,600887,伊利股份,内蒙古伊利实业集团股份有限公司,19960312,制造业,2,上交所接口所列A股/科创板及指定状态,https://query.sse.com.cn/commonQuery.do?sqlId=COMMON_SSE_CP_GPJCTPZ_GPLB_GP_L,2026-08-06
上海证券交易所,600888,新疆众和,新疆众和股份有限公司,19960215,制造业,2,上交所接口所列A股/科创板及指定状态,https://query.sse.com.cn/commonQuery.do?sqlId=COMMON_SSE_CP_GPJCTPZ_GPLB_GP_L,2026-08-06
上海证券交易所,600889,*ST京化,南京化纤股份有限公司,19960308,制造业,7,上交所接口所列A股/科创板及指定状态,https://query.sse.com.cn/commonQuery.do?sqlId=COMMON_SSE_CP_GPJCTPZ_GPLB_GP_L,2026-08-06
上海证券交易所,600892,大晟文化,大晟时代文化投资股份有限公司,19960315,信息传输、软件和信息技术服务业,2,上交所接口所列A股/科创板及指定状态,https://query.sse.com.cn/commonQuery.do?sqlId=COMMON_SSE_CP_GPJCTPZ_GPLB_GP_L,2026-08-06
上海证券交易所,600893,航发动力,中国航发动力股份有限公司,19960408,制造业,2,上交所接口所列A股/科创板及指定状态,https://query.sse.com.cn/commonQuery.do?sqlId=COMMON_SSE_CP_GPJCTPZ_GPLB_GP_L,2026-08-06
上海证券交易所,600894,广日股份,广州广日股份有限公司,19960328,制造业,2,上交所接口所列A股/科创板及指定状态,https://query.sse.com.cn/commonQuery.do?sqlId=COMMON_SSE_CP_GPJCTPZ_GPLB_GP_L,2026-08-06
上海证券交易所,600895,张江高科,上海张江高科技园区开发股份有限公司,19960422,房地产业,2,上交所接口所列A股/科创板及指定状态,https://query.sse.com.cn/commonQuery.do?sqlId=COMMON_SSE_CP_GPJCTPZ_GPLB_GP_L,2026-08-06
上海证券交易所,600897,厦门空港,元翔(厦门)国际航空港股份有限公司,19960531,交通运输、仓储和邮政业,2,上交所接口所列A股/科创板及指定状态,https://query.sse.com.cn/commonQuery.do?sqlId=COMMON_SSE_CP_GPJCTPZ_GPLB_GP_L,2026-08-06
上海证券交易所,600900,长江电力,中国长江电力股份有限公司,20031118,电力、热力、燃气及水生产和供应业,2,上交所接口所列A股/科创板及指定状态,https://query.sse.com.cn/commonQuery.do?sqlId=COMMON_SSE_CP_GPJCTPZ_GPLB_GP_L,2026-08-06
上海证券交易所,600901,江苏金租,江苏金融租赁股份有限公司,20180301,金融业,2,上交所接口所列A股/科创板及指定状态,https://query.sse.com.cn/commonQuery.do?sqlId=COMMON_SSE_CP_GPJCTPZ_GPLB_GP_L,2026-08-06
上海证券交易所,600903,贵州燃气,贵州燃气集团股份有限公司,20171107,电力、热力、燃气及水生产和供应业,2,上交所接口所列A股/科创板及指定状态,https://query.sse.com.cn/commonQuery.do?sqlId=COMMON_SSE_CP_GPJCTPZ_GPLB_GP_L,2026-08-06
上海证券交易所,600905,三峡能源,中国三峡新能源(集团)股份有限公司,20210610,电力、热力、燃气及水生产和供应业,2,上交所接口所列A股/科创板及指定状态,https://query.sse.com.cn/commonQuery.do?sqlId=COMMON_SSE_CP_GPJCTPZ_GPLB_GP_L,2026-08-06
上海证券交易所,600906,财达证券,财达证券股份有限公司,20210507,金融业,2,上交所接口所列A股/科创板及指定状态,https://query.sse.com.cn/commonQuery.do?sqlId=COMMON_SSE_CP_GPJCTPZ_GPLB_GP_L,2026-08-06
上海证券交易所,600908,无锡银行,无锡农村商业银行股份有限公司,20160923,金融业,2,上交所接口所列A股/科创板及指定状态,https://query.sse.com.cn/commonQuery.do?sqlId=COMMON_SSE_CP_GPJCTPZ_GPLB_GP_L,2026-08-06
上海证券交易所,600909,华安证券,华安证券股份有限公司,20161206,金融业,2,上交所接口所列A股/科创板及指定状态,https://query.sse.com.cn/commonQuery.do?sqlId=COMMON_SSE_CP_GPJCTPZ_GPLB_GP_L,2026-08-06
上海证券交易所,600916,中国黄金,中国黄金集团黄金珠宝股份有限公司,20210205,批发和零售业,2,上交所接口所列A股/科创板及指定状态,https://query.sse.com.cn/commonQuery.do?sqlId=COMMON_SSE_CP_GPJCTPZ_GPLB_GP_L,2026-08-06
上海证券交易所,600917,重庆燃气,重庆燃气集团股份有限公司,20140930,电力、热力、燃气及水生产和供应业,2,上交所接口所列A股/科创板及指定状态,https://query.sse.com.cn/commonQuery.do?sqlId=COMMON_SSE_CP_GPJCTPZ_GPLB_GP_L,2026-08-06
上海证券交易所,600918,中泰证券,中泰证券股份有限公司,20200603,金融业,2,上交所接口所列A股/科创板及指定状态,https://query.sse.com.cn/commonQuery.do?sqlId=COMMON_SSE_CP_GPJCTPZ_GPLB_GP_L,2026-08-06
上海证券交易所,600919,江苏银行,江苏银行股份有限公司,20160802,金融业,2,上交所接口所列A股/科创板及指定状态,https://query.sse.com.cn/commonQuery.do?sqlId=COMMON_SSE_CP_GPJCTPZ_GPLB_GP_L,2026-08-06
上海证券交易所,600925,苏能股份,江苏徐矿能源股份有限公司,20230329,采矿业,2,上交所接口所列A股/科创板及指定状态,https://query.sse.com.cn/commonQuery.do?sqlId=COMMON_SSE_CP_GPJCTPZ_GPLB_GP_L,2026-08-06
上海证券交易所,600926,杭州银行,杭州银行股份有限公司,20161027,金融业,2,上交所接口所列A股/科创板及指定状态,https://query.sse.com.cn/commonQuery.do?sqlId=COMMON_SSE_CP_GPJCTPZ_GPLB_GP_L,2026-08-06
上海证券交易所,600927,永安期货,永安期货股份有限公司,20211223,金融业,2,上交所接口所列A股/科创板及指定状态,https://query.sse.com.cn/commonQuery.do?sqlId=COMMON_SSE_CP_GPJCTPZ_GPLB_GP_L,2026-08-06
上海证券交易所,600928,西安银行,西安银行股份有限公司,20190301,金融业,2,上交所接口所列A股/科创板及指定状态,https://query.sse.com.cn/commonQuery.do?sqlId=COMMON_SSE_CP_GPJCTPZ_GPLB_GP_L,2026-08-06
上海证券交易所,600929,雪天盐业,雪天盐业集团股份有限公司,20180326,制造业,2,上交所接口所列A股/科创板及指定状态,https://query.sse.com.cn/commonQuery.do?sqlId=COMMON_SSE_CP_GPJCTPZ_GPLB_GP_L,2026-08-06
上海证券交易所,600930,华电新能,华电新能源集团股份有限公司,20250716,电力、热力、燃气及水生产和供应业,2,上交所接口所列A股/科创板及指定状态,https://query.sse.com.cn/commonQuery.do?sqlId=COMMON_SSE_CP_GPJCTPZ_GPLB_GP_L,2026-08-06
上海证券交易所,600933,爱柯迪,爱柯迪股份有限公司,20171117,制造业,2,上交所接口所列A股/科创板及指定状态,https://query.sse.com.cn/commonQuery.do?sqlId=COMMON_SSE_CP_GPJCTPZ_GPLB_GP_L,2026-08-06
上海证券交易所,600935,华塑股份,安徽华塑股份有限公司,20211126,制造业,2,上交所接口所列A股/科创板及指定状态,https://query.sse.com.cn/commonQuery.do?sqlId=COMMON_SSE_CP_GPJCTPZ_GPLB_GP_L,2026-08-06
上海证券交易所,600936,北投科技,广西北投科技股份有限公司,20160815,信息传输、软件和信息技术服务业,2,上交所接口所列A股/科创板及指定状态,https://query.sse.com.cn/commonQuery.do?sqlId=COMMON_SSE_CP_GPJCTPZ_GPLB_GP_L,2026-08-06
上海证券交易所,600938,中国海油,中国海洋石油有限公司,20220421,采矿业,2,上交所接口所列A股/科创板及指定状态,https://query.sse.com.cn/commonQuery.do?sqlId=COMMON_SSE_CP_GPJCTPZ_GPLB_GP_L,2026-08-06
上海证券交易所,600939,重庆建工,重庆建工集团股份有限公司,20170221,建筑业,2,上交所接口所列A股/科创板及指定状态,https://query.sse.com.cn/commonQuery.do?sqlId=COMMON_SSE_CP_GPJCTPZ_GPLB_GP_L,2026-08-06
上海证券交易所,600941,中国移动,中国移动有限公司,20220105,信息传输、软件和信息技术服务业,2,上交所接口所列A股/科创板及指定状态,https://query.sse.com.cn/commonQuery.do?sqlId=COMMON_SSE_CP_GPJCTPZ_GPLB_GP_L,2026-08-06
上海证券交易所,600955,维远股份,利华益维远化学股份有限公司,20210915,制造业,2,上交所接口所列A股/科创板及指定状态,https://query.sse.com.cn/commonQuery.do?sqlId=COMMON_SSE_CP_GPJCTPZ_GPLB_GP_L,2026-08-06
上海证券交易所,600956,新天绿能,新天绿色能源股份有限公司,20200629,电力、热力、燃气及水生产和供应业,2,上交所接口所列A股/科创板及指定状态,https://query.sse.com.cn/commonQuery.do?sqlId=COMMON_SSE_CP_GPJCTPZ_GPLB_GP_L,2026-08-06
上海证券交易所,600958,东方证券,东方证券股份有限公司,20150323,金融业,2,上交所接口所列A股/科创板及指定状态,https://query.sse.com.cn/commonQuery.do?sqlId=COMMON_SSE_CP_GPJCTPZ_GPLB_GP_L,2026-08-06
上海证券交易所,600959,江苏有线,江苏省广电有线信息网络股份有限公司,20150428,信息传输、软件和信息技术服务业,2,上交所接口所列A股/科创板及指定状态,https://query.sse.com.cn/commonQuery.do?sqlId=COMMON_SSE_CP_GPJCTPZ_GPLB_GP_L,2026-08-06
上海证券交易所,600960,渤海汽车,渤海汽车系统股份有限公司,20040407,制造业,2,上交所接口所列A股/科创板及指定状态,https://query.sse.com.cn/commonQuery.do?sqlId=COMMON_SSE_CP_GPJCTPZ_GPLB_GP_L,2026-08-06
上海证券交易所,600961,株冶集团,株洲冶炼集团股份有限公司,20040830,制造业,2,上交所接口所列A股/科创板及指定状态,https://query.sse.com.cn/commonQuery.do?sqlId=COMMON_SSE_CP_GPJCTPZ_GPLB_GP_L,2026-08-06
上海证券交易所,600962,国投中鲁,国投中鲁果汁股份有限公司,20040622,制造业,2,上交所接口所列A股/科创板及指定状态,https://query.sse.com.cn/commonQuery.do?sqlId=COMMON_SSE_CP_GPJCTPZ_GPLB_GP_L,2026-08-06
上海证券交易所,600963,岳阳林纸,岳阳林纸股份有限公司,20040525,制造业,2,上交所接口所列A股/科创板及指定状态,https://query.sse.com.cn/commonQuery.do?sqlId=COMMON_SSE_CP_GPJCTPZ_GPLB_GP_L,2026-08-06
上海证券交易所,600965,*ST福成,河北福成五丰食品股份有限公司,20040713,制造业,7,上交所接口所列A股/科创板及指定状态,https://query.sse.com.cn/commonQuery.do?sqlId=COMMON_SSE_CP_GPJCTPZ_GPLB_GP_L,2026-08-06
上海证券交易所,600966,博汇纸业,山东博汇纸业股份有限公司,20040608,制造业,2,上交所接口所列A股/科创板及指定状态,https://query.sse.com.cn/commonQuery.do?sqlId=COMMON_SSE_CP_GPJCTPZ_GPLB_GP_L,2026-08-06
上海证券交易所,600967,内蒙一机,内蒙古第一机械集团股份有限公司,20040518,制造业,2,上交所接口所列A股/科创板及指定状态,https://query.sse.com.cn/commonQuery.do?sqlId=COMMON_SSE_CP_GPJCTPZ_GPLB_GP_L,2026-08-06
上海证券交易所,600968,海油发展,中海油能源发展股份有限公司,20190626,采矿业,2,上交所接口所列A股/科创板及指定状态,https://query.sse.com.cn/commonQuery.do?sqlId=COMMON_SSE_CP_GPJCTPZ_GPLB_GP_L,2026-08-06
上海证券交易所,600969,郴电国际,湖南郴电国际发展股份有限公司,20040408,电力、热力、燃气及水生产和供应业,2,上交所接口所列A股/科创板及指定状态,https://query.sse.com.cn/commonQuery.do?sqlId=COMMON_SSE_CP_GPJCTPZ_GPLB_GP_L,2026-08-06
上海证券交易所,600970,中材国际,中国中材国际工程股份有限公司,20050412,建筑业,2,上交所接口所列A股/科创板及指定状态,https://query.sse.com.cn/commonQuery.do?sqlId=COMMON_SSE_CP_GPJCTPZ_GPLB_GP_L,2026-08-06
上海证券交易所,600971,恒源煤电,安徽恒源煤电股份有限公司,20040817,采矿业,2,上交所接口所列A股/科创板及指定状态,https://query.sse.com.cn/commonQuery.do?sqlId=COMMON_SSE_CP_GPJCTPZ_GPLB_GP_L,2026-08-06
上海证券交易所,600973,宝胜股份,宝胜科技创新股份有限公司,20040802,制造业,2,上交所接口所列A股/科创板及指定状态,https://query.sse.com.cn/commonQuery.do?sqlId=COMMON_SSE_CP_GPJCTPZ_GPLB_GP_L,2026-08-06
上海证券交易所,600975,新五丰,湖南新五丰股份有限公司,20040609,农、林、牧、渔业,2,上交所接口所列A股/科创板及指定状态,https://query.sse.com.cn/commonQuery.do?sqlId=COMMON_SSE_CP_GPJCTPZ_GPLB_GP_L,2026-08-06
上海证券交易所,600976,健民集团,健民药业集团股份有限公司,20040419,批发和零售业,2,上交所接口所列A股/科创板及指定状态,https://query.sse.com.cn/commonQuery.do?sqlId=COMMON_SSE_CP_GPJCTPZ_GPLB_GP_L,2026-08-06
上海证券交易所,600977,中国电影,中国电影产业集团股份有限公司,20160809,文化、体育和娱乐业,2,上交所接口所列A股/科创板及指定状态,https://query.sse.com.cn/commonQuery.do?sqlId=COMMON_SSE_CP_GPJCTPZ_GPLB_GP_L,2026-08-06
上海证券交易所,600979,广安爱众,四川广安爱众股份有限公司,20040906,电力、热力、燃气及水生产和供应业,2,上交所接口所列A股/科创板及指定状态,https://query.sse.com.cn/commonQuery.do?sqlId=COMMON_SSE_CP_GPJCTPZ_GPLB_GP_L,2026-08-06
上海证券交易所,600980,北矿科技,北矿科技股份有限公司,20040512,制造业,2,上交所接口所列A股/科创板及指定状态,https://query.sse.com.cn/commonQuery.do?sqlId=COMMON_SSE_CP_GPJCTPZ_GPLB_GP_L,2026-08-06
上海证券交易所,600981,苏豪汇鸿,江苏苏豪汇鸿集团股份有限公司,20040630,批发和零售业,2,上交所接口所列A股/科创板及指定状态,https://query.sse.com.cn/commonQuery.do?sqlId=COMMON_SSE_CP_GPJCTPZ_GPLB_GP_L,2026-08-06
上海证券交易所,600982,宁波能源,宁波能源集团股份有限公司,20040706,电力、热力、燃气及水生产和供应业,2,上交所接口所列A股/科创板及指定状态,https://query.sse.com.cn/commonQuery.do?sqlId=COMMON_SSE_CP_GPJCTPZ_GPLB_GP_L,2026-08-06
上海证券交易所,600983,惠而浦,惠而浦(中国)股份有限公司,20040727,制造业,2,上交所接口所列A股/科创板及指定状态,https://query.sse.com.cn/commonQuery.do?sqlId=COMMON_SSE_CP_GPJCTPZ_GPLB_GP_L,2026-08-06
上海证券交易所,600984,建设机械,陕西建设机械股份有限公司,20040707,租赁和商务服务业,2,上交所接口所列A股/科创板及指定状态,https://query.sse.com.cn/commonQuery.do?sqlId=COMMON_SSE_CP_GPJCTPZ_GPLB_GP_L,2026-08-06
上海证券交易所,600985,淮北矿业,淮北矿业控股股份有限公司,20040428,采矿业,2,上交所接口所列A股/科创板及指定状态,https://query.sse.com.cn/commonQuery.do?sqlId=COMMON_SSE_CP_GPJCTPZ_GPLB_GP_L,2026-08-06
上海证券交易所,600986,浙文互联,浙文互联集团股份有限公司,20040426,信息传输、软件和信息技术服务业,2,上交所接口所列A股/科创板及指定状态,https://query.sse.com.cn/commonQuery.do?sqlId=COMMON_SSE_CP_GPJCTPZ_GPLB_GP_L,2026-08-06
上海证券交易所,600987,航民股份,浙江航民股份有限公司,20040809,制造业,2,上交所接口所列A股/科创板及指定状态,https://query.sse.com.cn/commonQuery.do?sqlId=COMMON_SSE_CP_GPJCTPZ_GPLB_GP_L,2026-08-06
上海证券交易所,600988,赤峰黄金,赤峰吉隆黄金矿业集团股份有限公司,20040414,采矿业,2,上交所接口所列A股/科创板及指定状态,https://query.sse.com.cn/commonQuery.do?sqlId=COMMON_SSE_CP_GPJCTPZ_GPLB_GP_L,2026-08-06
上海证券交易所,600989,宝丰能源,宁夏宝丰能源集团股份有限公司,20190516,制造业,2,上交所接口所列A股/科创板及指定状态,https://query.sse.com.cn/commonQuery.do?sqlId=COMMON_SSE_CP_GPJCTPZ_GPLB_GP_L,2026-08-06
上海证券交易所,600990,四创电子,四创电子股份有限公司,20040510,制造业,2,上交所接口所列A股/科创板及指定状态,https://query.sse.com.cn/commonQuery.do?sqlId=COMMON_SSE_CP_GPJCTPZ_GPLB_GP_L,2026-08-06
上海证券交易所,600992,贵绳股份,贵州钢绳股份有限公司,20040514,制造业,2,上交所接口所列A股/科创板及指定状态,https://query.sse.com.cn/commonQuery.do?sqlId=COMMON_SSE_CP_GPJCTPZ_GPLB_GP_L,2026-08-06
上海证券交易所,600993,XD马应龙,马应龙药业集团股份有限公司,20040517,制造业,2,上交所接口所列A股/科创板及指定状态,https://query.sse.com.cn/commonQuery.do?sqlId=COMMON_SSE_CP_GPJCTPZ_GPLB_GP_L,2026-08-06
上海证券交易所,600995,南网储能,南方电网储能股份有限公司,20040615,电力、热力、燃气及水生产和供应业,2,上交所接口所列A股/科创板及指定状态,https://query.sse.com.cn/commonQuery.do?sqlId=COMMON_SSE_CP_GPJCTPZ_GPLB_GP_L,2026-08-06
上海证券交易所,600996,贵广网络,贵州省广播电视信息网络股份有限公司,20161226,信息传输、软件和信息技术服务业,2,上交所接口所列A股/科创板及指定状态,https://query.sse.com.cn/commonQuery.do?sqlId=COMMON_SSE_CP_GPJCTPZ_GPLB_GP_L,2026-08-06
上海证券交易所,600997,开滦股份,开滦能源化工股份有限公司,20040602,制造业,2,上交所接口所列A股/科创板及指定状态,https://query.sse.com.cn/commonQuery.do?sqlId=COMMON_SSE_CP_GPJCTPZ_GPLB_GP_L,2026-08-06
上海证券交易所,600998,九州通,九州通医药集团股份有限公司,20101102,批发和零售业,2,上交所接口所列A股/科创板及指定状态,https://query.sse.com.cn/commonQuery.do?sqlId=COMMON_SSE_CP_GPJCTPZ_GPLB_GP_L,2026-08-06
上海证券交易所,600999,招商证券,招商证券股份有限公司,20091117,金融业,2,上交所接口所列A股/科创板及指定状态,https://query.sse.com.cn/commonQuery.do?sqlId=COMMON_SSE_CP_GPJCTPZ_GPLB_GP_L,2026-08-06
上海证券交易所,601000,唐山港,唐山港集团股份有限公司,20100705,交通运输、仓储和邮政业,2,上交所接口所列A股/科创板及指定状态,https://query.sse.com.cn/commonQuery.do?sqlId=COMMON_SSE_CP_GPJCTPZ_GPLB_GP_L,2026-08-06
上海证券交易所,601001,晋控煤业,晋能控股山西煤业股份有限公司,20060623,采矿业,2,上交所接口所列A股/科创板及指定状态,https://query.sse.com.cn/commonQuery.do?sqlId=COMMON_SSE_CP_GPJCTPZ_GPLB_GP_L,2026-08-06
上海证券交易所,601002,晋亿实业,晋亿实业股份有限公司,20070126,制造业,2,上交所接口所列A股/科创板及指定状态,https://query.sse.com.cn/commonQuery.do?sqlId=COMMON_SSE_CP_GPJCTPZ_GPLB_GP_L,2026-08-06
上海证券交易所,601003,柳钢股份,柳州钢铁股份有限公司,20070227,制造业,2,上交所接口所列A股/科创板及指定状态,https://query.sse.com.cn/commonQuery.do?sqlId=COMMON_SSE_CP_GPJCTPZ_GPLB_GP_L,2026-08-06
上海证券交易所,601005,重庆钢铁,重庆钢铁股份有限公司,20070228,制造业,2,上交所接口所列A股/科创板及指定状态,https://query.sse.com.cn/commonQuery.do?sqlId=COMMON_SSE_CP_GPJCTPZ_GPLB_GP_L,2026-08-06
上海证券交易所,601006,大秦铁路,大秦铁路股份有限公司,20060801,交通运输、仓储和邮政业,2,上交所接口所列A股/科创板及指定状态,https://query.sse.com.cn/commonQuery.do?sqlId=COMMON_SSE_CP_GPJCTPZ_GPLB_GP_L,2026-08-06
上海证券交易所,601007,金陵饭店,金陵饭店股份有限公司,20070406,住宿和餐饮业,2,上交所接口所列A股/科创板及指定状态,https://query.sse.com.cn/commonQuery.do?sqlId=COMMON_SSE_CP_GPJCTPZ_GPLB_GP_L,2026-08-06
上海证券交易所,601008,连云港,江苏连云港港口股份有限公司,20070426,交通运输、仓储和邮政业,2,上交所接口所列A股/科创板及指定状态,https://query.sse.com.cn/commonQuery.do?sqlId=COMMON_SSE_CP_GPJCTPZ_GPLB_GP_L,2026-08-06
上海证券交易所,601009,南京银行,南京银行股份有限公司,20070719,金融业,2,上交所接口所列A股/科创板及指定状态,https://query.sse.com.cn/commonQuery.do?sqlId=COMMON_SSE_CP_GPJCTPZ_GPLB_GP_L,2026-08-06
上海证券交易所,601010,ST文峰,文峰大世界连锁发展股份有限公司,20110603,批发和零售业,7,上交所接口所列A股/科创板及指定状态,https://query.sse.com.cn/commonQuery.do?sqlId=COMMON_SSE_CP_GPJCTPZ_GPLB_GP_L,2026-08-06
上海证券交易所,601011,宝泰隆,宝泰隆新材料股份有限公司,20110309,制造业,2,上交所接口所列A股/科创板及指定状态,https://query.sse.com.cn/commonQuery.do?sqlId=COMMON_SSE_CP_GPJCTPZ_GPLB_GP_L,2026-08-06
上海证券交易所,601012,隆基绿能,隆基绿能科技股份有限公司,20120411,制造业,2,上交所接口所列A股/科创板及指定状态,https://query.sse.com.cn/commonQuery.do?sqlId=COMMON_SSE_CP_GPJCTPZ_GPLB_GP_L,2026-08-06
上海证券交易所,601015,陕西黑猫,陕西黑猫焦化股份有限公司,20141105,制造业,2,上交所接口所列A股/科创板及指定状态,https://query.sse.com.cn/commonQuery.do?sqlId=COMMON_SSE_CP_GPJCTPZ_GPLB_GP_L,2026-08-06
上海证券交易所,601016,节能风电,中节能风力发电股份有限公司,20140929,电力、热力、燃气及水生产和供应业,2,上交所接口所列A股/科创板及指定状态,https://query.sse.com.cn/commonQuery.do?sqlId=COMMON_SSE_CP_GPJCTPZ_GPLB_GP_L,2026-08-06
上海证券交易所,601018,宁波港,宁波舟山港股份有限公司,20100928,交通运输、仓储和邮政业,2,上交所接口所列A股/科创板及指定状态,https://query.sse.com.cn/commonQuery.do?sqlId=COMMON_SSE_CP_GPJCTPZ_GPLB_GP_L,2026-08-06
上海证券交易所,601019,山东出版,山东出版传媒股份有限公司,20171122,文化、体育和娱乐业,2,上交所接口所列A股/科创板及指定状态,https://query.sse.com.cn/commonQuery.do?sqlId=COMMON_SSE_CP_GPJCTPZ_GPLB_GP_L,2026-08-06
上海证券交易所,601020,华钰矿业,西藏华钰矿业股份有限公司,20160316,采矿业,2,上交所接口所列A股/科创板及指定状态,https://query.sse.com.cn/commonQuery.do?sqlId=COMMON_SSE_CP_GPJCTPZ_GPLB_GP_L,2026-08-06
上海证券交易所,601021,春秋航空,春秋航空股份有限公司,20150121,交通运输、仓储和邮政业,2,上交所接口所列A股/科创板及指定状态,https://query.sse.com.cn/commonQuery.do?sqlId=COMMON_SSE_CP_GPJCTPZ_GPLB_GP_L,2026-08-06
上海证券交易所,601022,宁波远洋,宁波远洋运输股份有限公司,20221208,交通运输、仓储和邮政业,2,上交所接口所列A股/科创板及指定状态,https://query.sse.com.cn/commonQuery.do?sqlId=COMMON_SSE_CP_GPJCTPZ_GPLB_GP_L,2026-08-06
上海证券交易所,601026,道生天合,道生天合材料科技(上海)股份有限公司,20251017,制造业,2,上交所接口所列A股/科创板及指定状态,https://query.sse.com.cn/commonQuery.do?sqlId=COMMON_SSE_CP_GPJCTPZ_GPLB_GP_L,2026-08-06
上海证券交易所,601033,永兴股份,广州环投永兴集团股份有限公司,20240118,水利、环境和公共设施管理业,2,上交所接口所列A股/科创板及指定状态,https://query.sse.com.cn/commonQuery.do?sqlId=COMMON_SSE_CP_GPJCTPZ_GPLB_GP_L,2026-08-06
上海证券交易所,601038,一拖股份,第一拖拉机股份有限公司,20120808,制造业,2,上交所接口所列A股/科创板及指定状态,https://query.sse.com.cn/commonQuery.do?sqlId=COMMON_SSE_CP_GPJCTPZ_GPLB_GP_L,2026-08-06
上海证券交易所,601058,赛轮轮胎,赛轮集团股份有限公司,20110630,制造业,2,上交所接口所列A股/科创板及指定状态,https://query.sse.com.cn/commonQuery.do?sqlId=COMMON_SSE_CP_GPJCTPZ_GPLB_GP_L,2026-08-06
上海证券交易所,601059,信达证券,信达证券股份有限公司,20230201,金融业,2,上交所接口所列A股/科创板及指定状态,https://query.sse.com.cn/commonQuery.do?sqlId=COMMON_SSE_CP_GPJCTPZ_GPLB_GP_L,2026-08-06
上海证券交易所,601061,中信金属,中信金属股份有限公司,20230410,批发和零售业,2,上交所接口所列A股/科创板及指定状态,https://query.sse.com.cn/commonQuery.do?sqlId=COMMON_SSE_CP_GPJCTPZ_GPLB_GP_L,2026-08-06
上海证券交易所,601065,江盐集团,江西省盐业集团股份有限公司,20230410,制造业,2,上交所接口所列A股/科创板及指定状态,https://query.sse.com.cn/commonQuery.do?sqlId=COMMON_SSE_CP_GPJCTPZ_GPLB_GP_L,2026-08-06
上海证券交易所,601066,中信建投,中信建投证券股份有限公司,20180620,金融业,2,上交所接口所列A股/科创板及指定状态,https://query.sse.com.cn/commonQuery.do?sqlId=COMMON_SSE_CP_GPJCTPZ_GPLB_GP_L,2026-08-06
上海证券交易所,601068,中铝国际,中铝国际工程股份有限公司,20180831,建筑业,2,上交所接口所列A股/科创板及指定状态,https://query.sse.com.cn/commonQuery.do?sqlId=COMMON_SSE_CP_GPJCTPZ_GPLB_GP_L,2026-08-06
上海证券交易所,601069,西部黄金,西部黄金股份有限公司,20150122,采矿业,2,上交所接口所列A股/科创板及指定状态,https://query.sse.com.cn/commonQuery.do?sqlId=COMMON_SSE_CP_GPJCTPZ_GPLB_GP_L,2026-08-06
上海证券交易所,601077,渝农商行,重庆农村商业银行股份有限公司,20191029,金融业,2,上交所接口所列A股/科创板及指定状态,https://query.sse.com.cn/commonQuery.do?sqlId=COMMON_SSE_CP_GPJCTPZ_GPLB_GP_L,2026-08-06
上海证券交易所,601083,锦江航运,上海锦江航运(集团)股份有限公司,20231205,交通运输、仓储和邮政业,2,上交所接口所列A股/科创板及指定状态,https://query.sse.com.cn/commonQuery.do?sqlId=COMMON_SSE_CP_GPJCTPZ_GPLB_GP_L,2026-08-06
上海证券交易所,601086,国芳集团,甘肃国芳工贸(集团)股份有限公司,20170929,批发和零售业,2,上交所接口所列A股/科创板及指定状态,https://query.sse.com.cn/commonQuery.do?sqlId=COMMON_SSE_CP_GPJCTPZ_GPLB_GP_L,2026-08-06
上海证券交易所,601088,中国神华,中国神华能源股份有限公司,20071009,采矿业,2,上交所接口所列A股/科创板及指定状态,https://query.sse.com.cn/commonQuery.do?sqlId=COMMON_SSE_CP_GPJCTPZ_GPLB_GP_L,2026-08-06
上海证券交易所,601089,福元医药,北京福元医药股份有限公司,20220630,制造业,2,上交所接口所列A股/科创板及指定状态,https://query.sse.com.cn/commonQuery.do?sqlId=COMMON_SSE_CP_GPJCTPZ_GPLB_GP_L,2026-08-06
上海证券交易所,601096,宏盛华源,宏盛华源铁塔集团股份有限公司,20231222,制造业,2,上交所接口所列A股/科创板及指定状态,https://query.sse.com.cn/commonQuery.do?sqlId=COMMON_SSE_CP_GPJCTPZ_GPLB_GP_L,2026-08-06
上海证券交易所,601098,中南传媒,中南出版传媒集团股份有限公司,20101028,文化、体育和娱乐业,2,上交所接口所列A股/科创板及指定状态,https://query.sse.com.cn/commonQuery.do?sqlId=COMMON_SSE_CP_GPJCTPZ_GPLB_GP_L,2026-08-06
上海证券交易所,601099,太平洋,太平洋证券股份有限公司,20071228,金融业,2,上交所接口所列A股/科创板及指定状态,https://query.sse.com.cn/commonQuery.do?sqlId=COMMON_SSE_CP_GPJCTPZ_GPLB_GP_L,2026-08-06
上海证券交易所,601100,恒立液压,江苏恒立液压股份有限公司,20111028,制造业,2,上交所接口所列A股/科创板及指定状态,https://query.sse.com.cn/commonQuery.do?sqlId=COMMON_SSE_CP_GPJCTPZ_GPLB_GP_L,2026-08-06
上海证券交易所,601101,昊华能源,北京昊华能源股份有限公司,20100331,采矿业,2,上交所接口所列A股/科创板及指定状态,https://query.sse.com.cn/commonQuery.do?sqlId=COMMON_SSE_CP_GPJCTPZ_GPLB_GP_L,2026-08-06
上海证券交易所,601106,中国一重,中国第一重型机械股份公司,20100209,制造业,2,上交所接口所列A股/科创板及指定状态,https://query.sse.com.cn/commonQuery.do?sqlId=COMMON_SSE_CP_GPJCTPZ_GPLB_GP_L,2026-08-06
上海证券交易所,601107,四川成渝,四川成渝高速公路股份有限公司,20090727,交通运输、仓储和邮政业,2,上交所接口所列A股/科创板及指定状态,https://query.sse.com.cn/commonQuery.do?sqlId=COMMON_SSE_CP_GPJCTPZ_GPLB_GP_L,2026-08-06
上海证券交易所,601108,财通证券,财通证券股份有限公司,20171024,金融业,2,上交所接口所列A股/科创板及指定状态,https://query.sse.com.cn/commonQuery.do?sqlId=COMMON_SSE_CP_GPJCTPZ_GPLB_GP_L,2026-08-06
上海证券交易所,601111,中国国航,中国国际航空股份有限公司,20060818,交通运输、仓储和邮政业,2,上交所接口所列A股/科创板及指定状态,https://query.sse.com.cn/commonQuery.do?sqlId=COMMON_SSE_CP_GPJCTPZ_GPLB_GP_L,2026-08-06
上海证券交易所,601112,振石股份,浙江振石新材料股份有限公司,20260129,制造业,2,上交所接口所列A股/科创板及指定状态,https://query.sse.com.cn/commonQuery.do?sqlId=COMMON_SSE_CP_GPJCTPZ_GPLB_GP_L,2026-08-06
上海证券交易所,601113,华鼎股份,义乌华鼎锦纶股份有限公司,20110509,批发和零售业,2,上交所接口所列A股/科创板及指定状态,https://query.sse.com.cn/commonQuery.do?sqlId=COMMON_SSE_CP_GPJCTPZ_GPLB_GP_L,2026-08-06
上海证券交易所,601116,三江购物,三江购物俱乐部股份有限公司,20110302,批发和零售业,2,上交所接口所列A股/科创板及指定状态,https://query.sse.com.cn/commonQuery.do?sqlId=COMMON_SSE_CP_GPJCTPZ_GPLB_GP_L,2026-08-06
上海证券交易所,601117,中国化学,中国化学工程股份有限公司,20100107,建筑业,2,上交所接口所列A股/科创板及指定状态,https://query.sse.com.cn/commonQuery.do?sqlId=COMMON_SSE_CP_GPJCTPZ_GPLB_GP_L,2026-08-06
上海证券交易所,601118,海南橡胶,海南天然橡胶产业集团股份有限公司,20110107,农、林、牧、渔业,2,上交所接口所列A股/科创板及指定状态,https://query.sse.com.cn/commonQuery.do?sqlId=COMMON_SSE_CP_GPJCTPZ_GPLB_GP_L,2026-08-06
上海证券交易所,601121,宝地矿业,新疆宝地矿业股份有限公司,20230310,采矿业,2,上交所接口所列A股/科创板及指定状态,https://query.sse.com.cn/commonQuery.do?sqlId=COMMON_SSE_CP_GPJCTPZ_GPLB_GP_L,2026-08-06
上海证券交易所,601126,四方股份,北京四方继保自动化股份有限公司,20101231,制造业,2,上交所接口所列A股/科创板及指定状态,https://query.sse.com.cn/commonQuery.do?sqlId=COMMON_SSE_CP_GPJCTPZ_GPLB_GP_L,2026-08-06
上海证券交易所,601127,赛力斯,赛力斯集团股份有限公司,20160615,制造业,2,上交所接口所列A股/科创板及指定状态,https://query.sse.com.cn/commonQuery.do?sqlId=COMMON_SSE_CP_GPJCTPZ_GPLB_GP_L,2026-08-06
上海证券交易所,601128,常熟银行,江苏常熟农村商业银行股份有限公司,20160930,金融业,2,上交所接口所列A股/科创板及指定状态,https://query.sse.com.cn/commonQuery.do?sqlId=COMMON_SSE_CP_GPJCTPZ_GPLB_GP_L,2026-08-06
上海证券交易所,601133,柏诚股份,柏诚系统科技股份有限公司,20230410,建筑业,2,上交所接口所列A股/科创板及指定状态,https://query.sse.com.cn/commonQuery.do?sqlId=COMMON_SSE_CP_GPJCTPZ_GPLB_GP_L,2026-08-06
上海证券交易所,601136,首创证券,首创证券股份有限公司,20221222,金融业,2,上交所接口所列A股/科创板及指定状态,https://query.sse.com.cn/commonQuery.do?sqlId=COMMON_SSE_CP_GPJCTPZ_GPLB_GP_L,2026-08-06
上海证券交易所,601137,博威合金,宁波博威合金材料股份有限公司,20110127,制造业,2,上交所接口所列A股/科创板及指定状态,https://query.sse.com.cn/commonQuery.do?sqlId=COMMON_SSE_CP_GPJCTPZ_GPLB_GP_L,2026-08-06
上海证券交易所,601138,工业富联,富士康工业互联网股份有限公司,20180608,制造业,2,上交所接口所列A股/科创板及指定状态,https://query.sse.com.cn/commonQuery.do?sqlId=COMMON_SSE_CP_GPJCTPZ_GPLB_GP_L,2026-08-06
上海证券交易所,601139,深圳燃气,深圳市燃气集团股份有限公司,20091225,电力、热力、燃气及水生产和供应业,2,上交所接口所列A股/科创板及指定状态,https://query.sse.com.cn/commonQuery.do?sqlId=COMMON_SSE_CP_GPJCTPZ_GPLB_GP_L,2026-08-06
上海证券交易所,601155,新城控股,新城控股集团股份有限公司,20151204,房地产业,2,上交所接口所列A股/科创板及指定状态,https://query.sse.com.cn/commonQuery.do?sqlId=COMMON_SSE_CP_GPJCTPZ_GPLB_GP_L,2026-08-06
上海证券交易所,601156,东航物流,东方航空物流股份有限公司,20210609,交通运输、仓储和邮政业,2,上交所接口所列A股/科创板及指定状态,https://query.sse.com.cn/commonQuery.do?sqlId=COMMON_SSE_CP_GPJCTPZ_GPLB_GP_L,2026-08-06
上海证券交易所,601158,重庆水务,重庆水务集团股份有限公司,20100329,电力、热力、燃气及水生产和供应业,2,上交所接口所列A股/科创板及指定状态,https://query.sse.com.cn/commonQuery.do?sqlId=COMMON_SSE_CP_GPJCTPZ_GPLB_GP_L,2026-08-06
上海证券交易所,601162,天风证券,天风证券股份有限公司,20181019,金融业,2,上交所接口所列A股/科创板及指定状态,https://query.sse.com.cn/commonQuery.do?sqlId=COMMON_SSE_CP_GPJCTPZ_GPLB_GP_L,2026-08-06
上海证券交易所,601163,三角轮胎,三角轮胎股份有限公司,20160909,制造业,2,上交所接口所列A股/科创板及指定状态,https://query.sse.com.cn/commonQuery.do?sqlId=COMMON_SSE_CP_GPJCTPZ_GPLB_GP_L,2026-08-06
上海证券交易所,601166,兴业银行,兴业银行股份有限公司,20070205,金融业,2,上交所接口所列A股/科创板及指定状态,https://query.sse.com.cn/commonQuery.do?sqlId=COMMON_SSE_CP_GPJCTPZ_GPLB_GP_L,2026-08-06
上海证券交易所,601168,西部矿业,西部矿业股份有限公司,20070712,采矿业,2,上交所接口所列A股/科创板及指定状态,https://query.sse.com.cn/commonQuery.do?sqlId=COMMON_SSE_CP_GPJCTPZ_GPLB_GP_L,2026-08-06
上海证券交易所,601169,北京银行,北京银行股份有限公司,20070919,金融业,2,上交所接口所列A股/科创板及指定状态,https://query.sse.com.cn/commonQuery.do?sqlId=COMMON_SSE_CP_GPJCTPZ_GPLB_GP_L,2026-08-06
上海证券交易所,601177,杭齿前进,杭州前进齿轮箱集团股份有限公司,20101011,制造业,2,上交所接口所列A股/科创板及指定状态,https://query.sse.com.cn/commonQuery.do?sqlId=COMMON_SSE_CP_GPJCTPZ_GPLB_GP_L,2026-08-06
上海证券交易所,601179,中国西电,中国西电电气股份有限公司,20100128,制造业,2,上交所接口所列A股/科创板及指定状态,https://query.sse.com.cn/commonQuery.do?sqlId=COMMON_SSE_CP_GPJCTPZ_GPLB_GP_L,2026-08-06
上海证券交易所,601186,中国铁建,中国铁建股份有限公司,20080310,建筑业,2,上交所接口所列A股/科创板及指定状态,https://query.sse.com.cn/commonQuery.do?sqlId=COMMON_SSE_CP_GPJCTPZ_GPLB_GP_L,2026-08-06
上海证券交易所,601187,厦门银行,厦门银行股份有限公司,20201027,金融业,2,上交所接口所列A股/科创板及指定状态,https://query.sse.com.cn/commonQuery.do?sqlId=COMMON_SSE_CP_GPJCTPZ_GPLB_GP_L,2026-08-06
上海证券交易所,601188,龙江交通,黑龙江交通发展股份有限公司,20100319,交通运输、仓储和邮政业,2,上交所接口所列A股/科创板及指定状态,https://query.sse.com.cn/commonQuery.do?sqlId=COMMON_SSE_CP_GPJCTPZ_GPLB_GP_L,2026-08-06
上海证券交易所,601198,东兴证券,东兴证券股份有限公司,20150226,金融业,2,上交所接口所列A股/科创板及指定状态,https://query.sse.com.cn/commonQuery.do?sqlId=COMMON_SSE_CP_GPJCTPZ_GPLB_GP_L,2026-08-06
上海证券交易所,601199,江南水务,江苏江南水务股份有限公司,20110317,电力、热力、燃气及水生产和供应业,2,上交所接口所列A股/科创板及指定状态,https://query.sse.com.cn/commonQuery.do?sqlId=COMMON_SSE_CP_GPJCTPZ_GPLB_GP_L,2026-08-06
上海证券交易所,601200,上海环境,上海环境集团股份有限公司,20170331,水利、环境和公共设施管理业,2,上交所接口所列A股/科创板及指定状态,https://query.sse.com.cn/commonQuery.do?sqlId=COMMON_SSE_CP_GPJCTPZ_GPLB_GP_L,2026-08-06
上海证券交易所,601208,东材科技,四川东材科技集团股份有限公司,20110520,制造业,2,上交所接口所列A股/科创板及指定状态,https://query.sse.com.cn/commonQuery.do?sqlId=COMMON_SSE_CP_GPJCTPZ_GPLB_GP_L,2026-08-06
上海证券交易所,601211,国泰海通,国泰海通证券股份有限公司,20150626,金融业,2,上交所接口所列A股/科创板及指定状态,https://query.sse.com.cn/commonQuery.do?sqlId=COMMON_SSE_CP_GPJCTPZ_GPLB_GP_L,2026-08-06
上海证券交易所,601212,白银有色,白银有色集团股份有限公司,20170215,制造业,2,上交所接口所列A股/科创板及指定状态,https://query.sse.com.cn/commonQuery.do?sqlId=COMMON_SSE_CP_GPJCTPZ_GPLB_GP_L,2026-08-06
上海证券交易所,601216,君正集团,内蒙古君正能源化工集团股份有限公司,20110222,制造业,2,上交所接口所列A股/科创板及指定状态,https://query.sse.com.cn/commonQuery.do?sqlId=COMMON_SSE_CP_GPJCTPZ_GPLB_GP_L,2026-08-06
上海证券交易所,601218,吉鑫科技,江苏吉鑫风能科技股份有限公司,20110506,制造业,2,上交所接口所列A股/科创板及指定状态,https://query.sse.com.cn/commonQuery.do?sqlId=COMMON_SSE_CP_GPJCTPZ_GPLB_GP_L,2026-08-06
上海证券交易所,601222,林洋能源,江苏林洋能源股份有限公司,20110808,制造业,2,上交所接口所列A股/科创板及指定状态,https://query.sse.com.cn/commonQuery.do?sqlId=COMMON_SSE_CP_GPJCTPZ_GPLB_GP_L,2026-08-06
上海证券交易所,601225,陕西煤业,陕西煤业股份有限公司,20140128,采矿业,2,上交所接口所列A股/科创板及指定状态,https://query.sse.com.cn/commonQuery.do?sqlId=COMMON_SSE_CP_GPJCTPZ_GPLB_GP_L,2026-08-06
上海证券交易所,601226,华电科工,华电科工股份有限公司,20141211,科学研究和技术服务业,2,上交所接口所列A股/科创板及指定状态,https://query.sse.com.cn/commonQuery.do?sqlId=COMMON_SSE_CP_GPJCTPZ_GPLB_GP_L,2026-08-06
上海证券交易所,601228,广州港,广州港股份有限公司,20170329,交通运输、仓储和邮政业,2,上交所接口所列A股/科创板及指定状态,https://query.sse.com.cn/commonQuery.do?sqlId=COMMON_SSE_CP_GPJCTPZ_GPLB_GP_L,2026-08-06
上海证券交易所,601229,上海银行,上海银行股份有限公司,20161116,金融业,2,上交所接口所列A股/科创板及指定状态,https://query.sse.com.cn/commonQuery.do?sqlId=COMMON_SSE_CP_GPJCTPZ_GPLB_GP_L,2026-08-06
上海证券交易所,601231,环旭电子,环旭电子股份有限公司,20120220,制造业,2,上交所接口所列A股/科创板及指定状态,https://query.sse.com.cn/commonQuery.do?sqlId=COMMON_SSE_CP_GPJCTPZ_GPLB_GP_L,2026-08-06
上海证券交易所,601233,桐昆股份,桐昆集团股份有限公司,20110518,制造业,2,上交所接口所列A股/科创板及指定状态,https://query.sse.com.cn/commonQuery.do?sqlId=COMMON_SSE_CP_GPJCTPZ_GPLB_GP_L,2026-08-06
上海证券交易所,601236,红塔证券,红塔证券股份有限公司,20190705,金融业,2,上交所接口所列A股/科创板及指定状态,https://query.sse.com.cn/commonQuery.do?sqlId=COMMON_SSE_CP_GPJCTPZ_GPLB_GP_L,2026-08-06
上海证券交易所,601238,广汽集团,广州汽车集团股份有限公司,20120329,制造业,2,上交所接口所列A股/科创板及指定状态,https://query.sse.com.cn/commonQuery.do?sqlId=COMMON_SSE_CP_GPJCTPZ_GPLB_GP_L,2026-08-06
上海证券交易所,601279,英利汽车,长春英利汽车工业股份有限公司,20210415,制造业,2,上交所接口所列A股/科创板及指定状态,https://query.sse.com.cn/commonQuery.do?sqlId=COMMON_SSE_CP_GPJCTPZ_GPLB_GP_L,2026-08-06
上海证券交易所,601288,农业银行,中国农业银行股份有限公司,20100715,金融业,2,上交所接口所列A股/科创板及指定状态,https://query.sse.com.cn/commonQuery.do?sqlId=COMMON_SSE_CP_GPJCTPZ_GPLB_GP_L,2026-08-06
上海证券交易所,601298,青岛港,青岛港国际股份有限公司,20190121,交通运输、仓储和邮政业,2,上交所接口所列A股/科创板及指定状态,https://query.sse.com.cn/commonQuery.do?sqlId=COMMON_SSE_CP_GPJCTPZ_GPLB_GP_L,2026-08-06
上海证券交易所,601311,骆驼股份,骆驼集团股份有限公司,20110602,制造业,2,上交所接口所列A股/科创板及指定状态,https://query.sse.com.cn/commonQuery.do?sqlId=COMMON_SSE_CP_GPJCTPZ_GPLB_GP_L,2026-08-06
上海证券交易所,601318,中国平安,中国平安保险(集团)股份有限公司,20070301,金融业,2,上交所接口所列A股/科创板及指定状态,https://query.sse.com.cn/commonQuery.do?sqlId=COMMON_SSE_CP_GPJCTPZ_GPLB_GP_L,2026-08-06
上海证券交易所,601319,中国人保,中国人民保险集团股份有限公司,20181116,金融业,2,上交所接口所列A股/科创板及指定状态,https://query.sse.com.cn/commonQuery.do?sqlId=COMMON_SSE_CP_GPJCTPZ_GPLB_GP_L,2026-08-06
上海证券交易所,601326,秦港股份,秦皇岛港股份有限公司,20170816,交通运输、仓储和邮政业,2,上交所接口所列A股/科创板及指定状态,https://query.sse.com.cn/commonQuery.do?sqlId=COMMON_SSE_CP_GPJCTPZ_GPLB_GP_L,2026-08-06
上海证券交易所,601328,交通银行,交通银行股份有限公司,20070515,金融业,2,上交所接口所列A股/科创板及指定状态,https://query.sse.com.cn/commonQuery.do?sqlId=COMMON_SSE_CP_GPJCTPZ_GPLB_GP_L,2026-08-06
上海证券交易所,601330,绿色动力,绿色动力环保集团股份有限公司,20180611,水利、环境和公共设施管理业,2,上交所接口所列A股/科创板及指定状态,https://query.sse.com.cn/commonQuery.do?sqlId=COMMON_SSE_CP_GPJCTPZ_GPLB_GP_L,2026-08-06
上海证券交易所,601333,广深铁路,广深铁路股份有限公司,20061222,交通运输、仓储和邮政业,2,上交所接口所列A股/科创板及指定状态,https://query.sse.com.cn/commonQuery.do?sqlId=COMMON_SSE_CP_GPJCTPZ_GPLB_GP_L,2026-08-06
上海证券交易所,601336,新华保险,新华人寿保险股份有限公司,20111216,金融业,2,上交所接口所列A股/科创板及指定状态,https://query.sse.com.cn/commonQuery.do?sqlId=COMMON_SSE_CP_GPJCTPZ_GPLB_GP_L,2026-08-06
上海证券交易所,601339,百隆东方,百隆东方股份有限公司,20120612,制造业,2,上交所接口所列A股/科创板及指定状态,https://query.sse.com.cn/commonQuery.do?sqlId=COMMON_SSE_CP_GPJCTPZ_GPLB_GP_L,2026-08-06
上海证券交易所,601360,三六零,三六零安全科技股份有限公司,20120116,信息传输、软件和信息技术服务业,2,上交所接口所列A股/科创板及指定状态,https://query.sse.com.cn/commonQuery.do?sqlId=COMMON_SSE_CP_GPJCTPZ_GPLB_GP_L,2026-08-06
上海证券交易所,601366,利群股份,利群商业集团股份有限公司,20170412,批发和零售业,2,上交所接口所列A股/科创板及指定状态,https://query.sse.com.cn/commonQuery.do?sqlId=COMMON_SSE_CP_GPJCTPZ_GPLB_GP_L,2026-08-06
上海证券交易所,601368,绿城水务,广西绿城水务集团股份有限公司,20150612,电力、热力、燃气及水生产和供应业,2,上交所接口所列A股/科创板及指定状态,https://query.sse.com.cn/commonQuery.do?sqlId=COMMON_SSE_CP_GPJCTPZ_GPLB_GP_L,2026-08-06
上海证券交易所,601369,陕鼓动力,西安陕鼓动力股份有限公司,20100428,制造业,2,上交所接口所列A股/科创板及指定状态,https://query.sse.com.cn/commonQuery.do?sqlId=COMMON_SSE_CP_GPJCTPZ_GPLB_GP_L,2026-08-06
上海证券交易所,601375,中原证券,中原证券股份有限公司,20170103,金融业,2,上交所接口所列A股/科创板及指定状态,https://query.sse.com.cn/commonQuery.do?sqlId=COMMON_SSE_CP_GPJCTPZ_GPLB_GP_L,2026-08-06
上海证券交易所,601377,兴业证券,兴业证券股份有限公司,20101013,金融业,2,上交所接口所列A股/科创板及指定状态,https://query.sse.com.cn/commonQuery.do?sqlId=COMMON_SSE_CP_GPJCTPZ_GPLB_GP_L,2026-08-06
上海证券交易所,601388,怡球资源,怡球金属资源再生(中国)股份有限公司,20120423,制造业,2,上交所接口所列A股/科创板及指定状态,https://query.sse.com.cn/commonQuery.do?sqlId=COMMON_SSE_CP_GPJCTPZ_GPLB_GP_L,2026-08-06
上海证券交易所,601390,中国中铁,中国中铁股份有限公司,20071203,建筑业,2,上交所接口所列A股/科创板及指定状态,https://query.sse.com.cn/commonQuery.do?sqlId=COMMON_SSE_CP_GPJCTPZ_GPLB_GP_L,2026-08-06
上海证券交易所,601398,工商银行,中国工商银行股份有限公司,20061027,金融业,2,上交所接口所列A股/科创板及指定状态,https://query.sse.com.cn/commonQuery.do?sqlId=COMMON_SSE_CP_GPJCTPZ_GPLB_GP_L,2026-08-06
上海证券交易所,601399,国机重装,国机重型装备集团股份有限公司,20200608,制造业,2,上交所接口所列A股/科创板及指定状态,https://query.sse.com.cn/commonQuery.do?sqlId=COMMON_SSE_CP_GPJCTPZ_GPLB_GP_L,2026-08-06
上海证券交易所,601456,国联民生,国联民生证券股份有限公司,20200731,金融业,2,上交所接口所列A股/科创板及指定状态,https://query.sse.com.cn/commonQuery.do?sqlId=COMMON_SSE_CP_GPJCTPZ_GPLB_GP_L,2026-08-06
上海证券交易所,601500,通用股份,江苏通用科技股份有限公司,20160919,制造业,2,上交所接口所列A股/科创板及指定状态,https://query.sse.com.cn/commonQuery.do?sqlId=COMMON_SSE_CP_GPJCTPZ_GPLB_GP_L,2026-08-06
上海证券交易所,601512,中新集团,中新苏州工业园区开发集团股份有限公司,20191220,房地产业,2,上交所接口所列A股/科创板及指定状态,https://query.sse.com.cn/commonQuery.do?sqlId=COMMON_SSE_CP_GPJCTPZ_GPLB_GP_L,2026-08-06
上海证券交易所,601515,衢州东峰,衢州东峰新材料集团股份有限公司,20120216,制造业,2,上交所接口所列A股/科创板及指定状态,https://query.sse.com.cn/commonQuery.do?sqlId=COMMON_SSE_CP_GPJCTPZ_GPLB_GP_L,2026-08-06
上海证券交易所,601518,吉林高速,吉林高速公路股份有限公司,20100319,交通运输、仓储和邮政业,2,上交所接口所列A股/科创板及指定状态,https://query.sse.com.cn/commonQuery.do?sqlId=COMMON_SSE_CP_GPJCTPZ_GPLB_GP_L,2026-08-06
上海证券交易所,601519,大智慧,上海大智慧股份有限公司,20110128,金融业,2,上交所接口所列A股/科创板及指定状态,https://query.sse.com.cn/commonQuery.do?sqlId=COMMON_SSE_CP_GPJCTPZ_GPLB_GP_L,2026-08-06
上海证券交易所,601528,瑞丰银行,浙江绍兴瑞丰农村商业银行股份有限公司,20210625,金融业,2,上交所接口所列A股/科创板及指定状态,https://query.sse.com.cn/commonQuery.do?sqlId=COMMON_SSE_CP_GPJCTPZ_GPLB_GP_L,2026-08-06
上海证券交易所,601555,东吴证券,东吴证券股份有限公司,20111212,金融业,2,上交所接口所列A股/科创板及指定状态,https://query.sse.com.cn/commonQuery.do?sqlId=COMMON_SSE_CP_GPJCTPZ_GPLB_GP_L,2026-08-06
上海证券交易所,601566,九牧王,九牧王股份有限公司,20110530,制造业,2,上交所接口所列A股/科创板及指定状态,https://query.sse.com.cn/commonQuery.do?sqlId=COMMON_SSE_CP_GPJCTPZ_GPLB_GP_L,2026-08-06
上海证券交易所,601567,三星电气,宁波三星医疗电气股份有限公司,20110615,制造业,2,上交所接口所列A股/科创板及指定状态,https://query.sse.com.cn/commonQuery.do?sqlId=COMMON_SSE_CP_GPJCTPZ_GPLB_GP_L,2026-08-06
上海证券交易所,601568,北元化工,陕西北元化工集团股份有限公司,20201020,制造业,2,上交所接口所列A股/科创板及指定状态,https://query.sse.com.cn/commonQuery.do?sqlId=COMMON_SSE_CP_GPJCTPZ_GPLB_GP_L,2026-08-06
上海证券交易所,601577,长沙银行,长沙银行股份有限公司,20180926,金融业,2,上交所接口所列A股/科创板及指定状态,https://query.sse.com.cn/commonQuery.do?sqlId=COMMON_SSE_CP_GPJCTPZ_GPLB_GP_L,2026-08-06
上海证券交易所,601579,会稽山,会稽山绍兴酒股份有限公司,20140825,制造业,2,上交所接口所列A股/科创板及指定状态,https://query.sse.com.cn/commonQuery.do?sqlId=COMMON_SSE_CP_GPJCTPZ_GPLB_GP_L,2026-08-06
上海证券交易所,601588,北辰实业,北京北辰实业股份有限公司,20061016,房地产业,2,上交所接口所列A股/科创板及指定状态,https://query.sse.com.cn/commonQuery.do?sqlId=COMMON_SSE_CP_GPJCTPZ_GPLB_GP_L,2026-08-06
上海证券交易所,601595,上海电影,上海电影股份有限公司,20160817,文化、体育和娱乐业,2,上交所接口所列A股/科创板及指定状态,https://query.sse.com.cn/commonQuery.do?sqlId=COMMON_SSE_CP_GPJCTPZ_GPLB_GP_L,2026-08-06
上海证券交易所,601598,中国外运,中国外运股份有限公司,20190118,交通运输、仓储和邮政业,2,上交所接口所列A股/科创板及指定状态,https://query.sse.com.cn/commonQuery.do?sqlId=COMMON_SSE_CP_GPJCTPZ_GPLB_GP_L,2026-08-06
上海证券交易所,601599,浙文影业,浙文影业集团股份有限公司,20110527,制造业,2,上交所接口所列A股/科创板及指定状态,https://query.sse.com.cn/commonQuery.do?sqlId=COMMON_SSE_CP_GPJCTPZ_GPLB_GP_L,2026-08-06
上海证券交易所,601600,中国铝业,中国铝业股份有限公司,20070430,制造业,2,上交所接口所列A股/科创板及指定状态,https://query.sse.com.cn/commonQuery.do?sqlId=COMMON_SSE_CP_GPJCTPZ_GPLB_GP_L,2026-08-06
上海证券交易所,601601,中国太保,中国太平洋保险(集团)股份有限公司,20071225,金融业,2,上交所接口所列A股/科创板及指定状态,https://query.sse.com.cn/commonQuery.do?sqlId=COMMON_SSE_CP_GPJCTPZ_GPLB_GP_L,2026-08-06
上海证券交易所,601606,长城军工,安徽长城军工股份有限公司,20180806,制造业,2,上交所接口所列A股/科创板及指定状态,https://query.sse.com.cn/commonQuery.do?sqlId=COMMON_SSE_CP_GPJCTPZ_GPLB_GP_L,2026-08-06
上海证券交易所,601607,上海医药,上海医药集团股份有限公司,19940324,批发和零售业,2,上交所接口所列A股/科创板及指定状态,https://query.sse.com.cn/commonQuery.do?sqlId=COMMON_SSE_CP_GPJCTPZ_GPLB_GP_L,2026-08-06
上海证券交易所,601608,中信重工,中信重工机械股份有限公司,20120706,制造业,2,上交所接口所列A股/科创板及指定状态,https://query.sse.com.cn/commonQuery.do?sqlId=COMMON_SSE_CP_GPJCTPZ_GPLB_GP_L,2026-08-06
上海证券交易所,601609,金田股份,宁波金田铜业(集团)股份有限公司,20200422,制造业,2,上交所接口所列A股/科创板及指定状态,https://query.sse.com.cn/commonQuery.do?sqlId=COMMON_SSE_CP_GPJCTPZ_GPLB_GP_L,2026-08-06
上海证券交易所,601611,中国核建,中国核工业建设股份有限公司,20160606,建筑业,2,上交所接口所列A股/科创板及指定状态,https://query.sse.com.cn/commonQuery.do?sqlId=COMMON_SSE_CP_GPJCTPZ_GPLB_GP_L,2026-08-06
上海证券交易所,601615,明阳智能,明阳智慧能源集团股份公司,20190123,制造业,2,上交所接口所列A股/科创板及指定状态,https://query.sse.com.cn/commonQuery.do?sqlId=COMMON_SSE_CP_GPJCTPZ_GPLB_GP_L,2026-08-06
上海证券交易所,601616,广电电气,上海广电电气(集团)股份有限公司,20110201,制造业,2,上交所接口所列A股/科创板及指定状态,https://query.sse.com.cn/commonQuery.do?sqlId=COMMON_SSE_CP_GPJCTPZ_GPLB_GP_L,2026-08-06
上海证券交易所,601618,中国中冶,中国冶金科工股份有限公司,20090921,建筑业,2,上交所接口所列A股/科创板及指定状态,https://query.sse.com.cn/commonQuery.do?sqlId=COMMON_SSE_CP_GPJCTPZ_GPLB_GP_L,2026-08-06
上海证券交易所,601619,嘉泽新能,嘉泽新能源股份有限公司,20170720,电力、热力、燃气及水生产和供应业,2,上交所接口所列A股/科创板及指定状态,https://query.sse.com.cn/commonQuery.do?sqlId=COMMON_SSE_CP_GPJCTPZ_GPLB_GP_L,2026-08-06
上海证券交易所,601628,中国人寿,中国人寿保险股份有限公司,20070109,金融业,2,上交所接口所列A股/科创板及指定状态,https://query.sse.com.cn/commonQuery.do?sqlId=COMMON_SSE_CP_GPJCTPZ_GPLB_GP_L,2026-08-06
上海证券交易所,601633,长城汽车,长城汽车股份有限公司,20110928,制造业,2,上交所接口所列A股/科创板及指定状态,https://query.sse.com.cn/commonQuery.do?sqlId=COMMON_SSE_CP_GPJCTPZ_GPLB_GP_L,2026-08-06
上海证券交易所,601636,旗滨集团,株洲旗滨集团股份有限公司,20110812,制造业,2,上交所接口所列A股/科创板及指定状态,https://query.sse.com.cn/commonQuery.do?sqlId=COMMON_SSE_CP_GPJCTPZ_GPLB_GP_L,2026-08-06
上海证券交易所,601658,邮储银行,中国邮政储蓄银行股份有限公司,20191210,金融业,2,上交所接口所列A股/科创板及指定状态,https://query.sse.com.cn/commonQuery.do?sqlId=COMMON_SSE_CP_GPJCTPZ_GPLB_GP_L,2026-08-06
上海证券交易所,601665,齐鲁银行,齐鲁银行股份有限公司,20210618,金融业,2,上交所接口所列A股/科创板及指定状态,https://query.sse.com.cn/commonQuery.do?sqlId=COMMON_SSE_CP_GPJCTPZ_GPLB_GP_L,2026-08-06
上海证券交易所,601666,平煤股份,平顶山天安煤业股份有限公司,20061123,采矿业,2,上交所接口所列A股/科创板及指定状态,https://query.sse.com.cn/commonQuery.do?sqlId=COMMON_SSE_CP_GPJCTPZ_GPLB_GP_L,2026-08-06
上海证券交易所,601668,中国建筑,中国建筑股份有限公司,20090729,建筑业,2,上交所接口所列A股/科创板及指定状态,https://query.sse.com.cn/commonQuery.do?sqlId=COMMON_SSE_CP_GPJCTPZ_GPLB_GP_L,2026-08-06
上海证券交易所,601669,中国电建,中国电力建设股份有限公司,20111018,建筑业,2,上交所接口所列A股/科创板及指定状态,https://query.sse.com.cn/commonQuery.do?sqlId=COMMON_SSE_CP_GPJCTPZ_GPLB_GP_L,2026-08-06
上海证券交易所,601677,明泰铝业,河南明泰铝业股份有限公司,20110919,制造业,2,上交所接口所列A股/科创板及指定状态,https://query.sse.com.cn/commonQuery.do?sqlId=COMMON_SSE_CP_GPJCTPZ_GPLB_GP_L,2026-08-06
上海证券交易所,601678,滨化股份,滨化集团股份有限公司,20100223,制造业,2,上交所接口所列A股/科创板及指定状态,https://query.sse.com.cn/commonQuery.do?sqlId=COMMON_SSE_CP_GPJCTPZ_GPLB_GP_L,2026-08-06
上海证券交易所,601686,友发集团,天津友发钢管集团股份有限公司,20201204,制造业,2,上交所接口所列A股/科创板及指定状态,https://query.sse.com.cn/commonQuery.do?sqlId=COMMON_SSE_CP_GPJCTPZ_GPLB_GP_L,2026-08-06
上海证券交易所,601688,华泰证券,华泰证券股份有限公司,20100226,金融业,2,上交所接口所列A股/科创板及指定状态,https://query.sse.com.cn/commonQuery.do?sqlId=COMMON_SSE_CP_GPJCTPZ_GPLB_GP_L,2026-08-06
上海证券交易所,601689,拓普集团,宁波拓普集团股份有限公司,20150319,制造业,2,上交所接口所列A股/科创板及指定状态,https://query.sse.com.cn/commonQuery.do?sqlId=COMMON_SSE_CP_GPJCTPZ_GPLB_GP_L,2026-08-06
上海证券交易所,601696,中银证券,中银国际证券股份有限公司,20200226,金融业,2,上交所接口所列A股/科创板及指定状态,https://query.sse.com.cn/commonQuery.do?sqlId=COMMON_SSE_CP_GPJCTPZ_GPLB_GP_L,2026-08-06
上海证券交易所,601698,中国卫通,中国卫通集团股份有限公司,20190628,信息传输、软件和信息技术服务业,2,上交所接口所列A股/科创板及指定状态,https://query.sse.com.cn/commonQuery.do?sqlId=COMMON_SSE_CP_GPJCTPZ_GPLB_GP_L,2026-08-06
上海证券交易所,601699,潞安环能,山西潞安环保能源开发股份有限公司,20060922,采矿业,2,上交所接口所列A股/科创板及指定状态,https://query.sse.com.cn/commonQuery.do?sqlId=COMMON_SSE_CP_GPJCTPZ_GPLB_GP_L,2026-08-06
上海证券交易所,601700,风范股份,常熟风范电力设备股份有限公司,20110118,制造业,2,上交所接口所列A股/科创板及指定状态,https://query.sse.com.cn/commonQuery.do?sqlId=COMMON_SSE_CP_GPJCTPZ_GPLB_GP_L,2026-08-06
上海证券交易所,601702,华峰铝业,上海华峰铝业股份有限公司,20200907,制造业,2,上交所接口所列A股/科创板及指定状态,https://query.sse.com.cn/commonQuery.do?sqlId=COMMON_SSE_CP_GPJCTPZ_GPLB_GP_L,2026-08-06
上海证券交易所,601717,中创智领,中创智领(郑州)工业技术集团股份有限公司,20100803,制造业,2,上交所接口所列A股/科创板及指定状态,https://query.sse.com.cn/commonQuery.do?sqlId=COMMON_SSE_CP_GPJCTPZ_GPLB_GP_L,2026-08-06
上海证券交易所,601718,ST际华,际华集团股份有限公司,20100816,制造业,7,上交所接口所列A股/科创板及指定状态,https://query.sse.com.cn/commonQuery.do?sqlId=COMMON_SSE_CP_GPJCTPZ_GPLB_GP_L,2026-08-06
上海证券交易所,601727,上海电气,上海电气集团股份有限公司,20081205,制造业,2,上交所接口所列A股/科创板及指定状态,https://query.sse.com.cn/commonQuery.do?sqlId=COMMON_SSE_CP_GPJCTPZ_GPLB_GP_L,2026-08-06
上海证券交易所,601728,中国电信,中国电信股份有限公司,20210820,信息传输、软件和信息技术服务业,2,上交所接口所列A股/科创板及指定状态,https://query.sse.com.cn/commonQuery.do?sqlId=COMMON_SSE_CP_GPJCTPZ_GPLB_GP_L,2026-08-06
上海证券交易所,601766,中国中车,中国中车股份有限公司,20080818,制造业,2,上交所接口所列A股/科创板及指定状态,https://query.sse.com.cn/commonQuery.do?sqlId=COMMON_SSE_CP_GPJCTPZ_GPLB_GP_L,2026-08-06
上海证券交易所,601777,千里科技,重庆千里科技股份有限公司,20101125,制造业,2,上交所接口所列A股/科创板及指定状态,https://query.sse.com.cn/commonQuery.do?sqlId=COMMON_SSE_CP_GPJCTPZ_GPLB_GP_L,2026-08-06
上海证券交易所,601778,晶科科技,晶科电力科技股份有限公司,20200519,电力、热力、燃气及水生产和供应业,2,上交所接口所列A股/科创板及指定状态,https://query.sse.com.cn/commonQuery.do?sqlId=COMMON_SSE_CP_GPJCTPZ_GPLB_GP_L,2026-08-06
上海证券交易所,601788,光大证券,光大证券股份有限公司,20090818,金融业,2,上交所接口所列A股/科创板及指定状态,https://query.sse.com.cn/commonQuery.do?sqlId=COMMON_SSE_CP_GPJCTPZ_GPLB_GP_L,2026-08-06
上海证券交易所,601789,宁波建工,宁波建工股份有限公司,20110816,建筑业,2,上交所接口所列A股/科创板及指定状态,https://query.sse.com.cn/commonQuery.do?sqlId=COMMON_SSE_CP_GPJCTPZ_GPLB_GP_L,2026-08-06
上海证券交易所,601798,蓝科高新,甘肃蓝科石化高新装备股份有限公司,20110622,制造业,2,上交所接口所列A股/科创板及指定状态,https://query.sse.com.cn/commonQuery.do?sqlId=COMMON_SSE_CP_GPJCTPZ_GPLB_GP_L,2026-08-06
上海证券交易所,601799,星宇股份,常州星宇车灯股份有限公司,20110201,制造业,2,上交所接口所列A股/科创板及指定状态,https://query.sse.com.cn/commonQuery.do?sqlId=COMMON_SSE_CP_GPJCTPZ_GPLB_GP_L,2026-08-06
上海证券交易所,601800,中国交建,中国交通建设股份有限公司,20120309,建筑业,2,上交所接口所列A股/科创板及指定状态,https://query.sse.com.cn/commonQuery.do?sqlId=COMMON_SSE_CP_GPJCTPZ_GPLB_GP_L,2026-08-06
上海证券交易所,601801,皖新传媒,安徽新华传媒股份有限公司,20100118,文化、体育和娱乐业,2,上交所接口所列A股/科创板及指定状态,https://query.sse.com.cn/commonQuery.do?sqlId=COMMON_SSE_CP_GPJCTPZ_GPLB_GP_L,2026-08-06
上海证券交易所,601808,中海油服,中海油田服务股份有限公司,20070928,采矿业,2,上交所接口所列A股/科创板及指定状态,https://query.sse.com.cn/commonQuery.do?sqlId=COMMON_SSE_CP_GPJCTPZ_GPLB_GP_L,2026-08-06
上海证券交易所,601811,新华文轩,新华文轩出版传媒股份有限公司,20160808,文化、体育和娱乐业,2,上交所接口所列A股/科创板及指定状态,https://query.sse.com.cn/commonQuery.do?sqlId=COMMON_SSE_CP_GPJCTPZ_GPLB_GP_L,2026-08-06
上海证券交易所,601816,京沪高铁,京沪高速铁路股份有限公司,20200116,交通运输、仓储和邮政业,2,上交所接口所列A股/科创板及指定状态,https://query.sse.com.cn/commonQuery.do?sqlId=COMMON_SSE_CP_GPJCTPZ_GPLB_GP_L,2026-08-06
上海证券交易所,601818,光大银行,中国光大银行股份有限公司,20100818,金融业,2,上交所接口所列A股/科创板及指定状态,https://query.sse.com.cn/commonQuery.do?sqlId=COMMON_SSE_CP_GPJCTPZ_GPLB_GP_L,2026-08-06
上海证券交易所,601825,沪农商行,上海农村商业银行股份有限公司,20210819,金融业,2,上交所接口所列A股/科创板及指定状态,https://query.sse.com.cn/commonQuery.do?sqlId=COMMON_SSE_CP_GPJCTPZ_GPLB_GP_L,2026-08-06
上海证券交易所,601827,三峰环境,重庆三峰环境集团股份有限公司,20200605,水利、环境和公共设施管理业,2,上交所接口所列A股/科创板及指定状态,https://query.sse.com.cn/commonQuery.do?sqlId=COMMON_SSE_CP_GPJCTPZ_GPLB_GP_L,2026-08-06
上海证券交易所,601828,美凯龙,红星美凯龙家居集团股份有限公司,20180117,租赁和商务服务业,2,上交所接口所列A股/科创板及指定状态,https://query.sse.com.cn/commonQuery.do?sqlId=COMMON_SSE_CP_GPJCTPZ_GPLB_GP_L,2026-08-06
上海证券交易所,601838,成都银行,成都银行股份有限公司,20180131,金融业,2,上交所接口所列A股/科创板及指定状态,https://query.sse.com.cn/commonQuery.do?sqlId=COMMON_SSE_CP_GPJCTPZ_GPLB_GP_L,2026-08-06
上海证券交易所,601857,中国石油,中国石油天然气股份有限公司,20071105,采矿业,2,上交所接口所列A股/科创板及指定状态,https://query.sse.com.cn/commonQuery.do?sqlId=COMMON_SSE_CP_GPJCTPZ_GPLB_GP_L,2026-08-06
上海证券交易所,601858,中国科传,中国科技出版传媒股份有限公司,20170118,文化、体育和娱乐业,2,上交所接口所列A股/科创板及指定状态,https://query.sse.com.cn/commonQuery.do?sqlId=COMMON_SSE_CP_GPJCTPZ_GPLB_GP_L,2026-08-06
上海证券交易所,601860,紫金银行,江苏紫金农村商业银行股份有限公司,20190103,金融业,2,上交所接口所列A股/科创板及指定状态,https://query.sse.com.cn/commonQuery.do?sqlId=COMMON_SSE_CP_GPJCTPZ_GPLB_GP_L,2026-08-06
上海证券交易所,601865,福莱特,福莱特玻璃集团股份有限公司,20190215,制造业,2,上交所接口所列A股/科创板及指定状态,https://query.sse.com.cn/commonQuery.do?sqlId=COMMON_SSE_CP_GPJCTPZ_GPLB_GP_L,2026-08-06
上海证券交易所,601866,中远海发,中远海运发展股份有限公司,20071212,交通运输、仓储和邮政业,2,上交所接口所列A股/科创板及指定状态,https://query.sse.com.cn/commonQuery.do?sqlId=COMMON_SSE_CP_GPJCTPZ_GPLB_GP_L,2026-08-06
上海证券交易所,601868,中国能建,中国能源建设股份有限公司,20210928,建筑业,2,上交所接口所列A股/科创板及指定状态,https://query.sse.com.cn/commonQuery.do?sqlId=COMMON_SSE_CP_GPJCTPZ_GPLB_GP_L,2026-08-06
上海证券交易所,601869,长飞光纤,长飞光纤光缆股份有限公司,20180720,制造业,2,上交所接口所列A股/科创板及指定状态,https://query.sse.com.cn/commonQuery.do?sqlId=COMMON_SSE_CP_GPJCTPZ_GPLB_GP_L,2026-08-06
上海证券交易所,601872,招商轮船,招商局能源运输股份有限公司,20061201,交通运输、仓储和邮政业,2,上交所接口所列A股/科创板及指定状态,https://query.sse.com.cn/commonQuery.do?sqlId=COMMON_SSE_CP_GPJCTPZ_GPLB_GP_L,2026-08-06
上海证券交易所,601877,正泰电器,浙江正泰电器股份有限公司,20100121,制造业,2,上交所接口所列A股/科创板及指定状态,https://query.sse.com.cn/commonQuery.do?sqlId=COMMON_SSE_CP_GPJCTPZ_GPLB_GP_L,2026-08-06
上海证券交易所,601878,浙商证券,浙商证券股份有限公司,20170626,金融业,2,上交所接口所列A股/科创板及指定状态,https://query.sse.com.cn/commonQuery.do?sqlId=COMMON_SSE_CP_GPJCTPZ_GPLB_GP_L,2026-08-06
上海证券交易所,601880,辽港股份,辽宁港口股份有限公司,20101206,交通运输、仓储和邮政业,2,上交所接口所列A股/科创板及指定状态,https://query.sse.com.cn/commonQuery.do?sqlId=COMMON_SSE_CP_GPJCTPZ_GPLB_GP_L,2026-08-06
上海证券交易所,601881,中国银河,中国银河证券股份有限公司,20170123,金融业,2,上交所接口所列A股/科创板及指定状态,https://query.sse.com.cn/commonQuery.do?sqlId=COMMON_SSE_CP_GPJCTPZ_GPLB_GP_L,2026-08-06
上海证券交易所,601882,海天精工,宁波海天精工股份有限公司,20161107,制造业,2,上交所接口所列A股/科创板及指定状态,https://query.sse.com.cn/commonQuery.do?sqlId=COMMON_SSE_CP_GPJCTPZ_GPLB_GP_L,2026-08-06
上海证券交易所,601886,江河集团,江河创建集团股份有限公司,20110818,建筑业,2,上交所接口所列A股/科创板及指定状态,https://query.sse.com.cn/commonQuery.do?sqlId=COMMON_SSE_CP_GPJCTPZ_GPLB_GP_L,2026-08-06
上海证券交易所,601888,中国中免,中国旅游集团中免股份有限公司,20091015,租赁和商务服务业,2,上交所接口所列A股/科创板及指定状态,https://query.sse.com.cn/commonQuery.do?sqlId=COMMON_SSE_CP_GPJCTPZ_GPLB_GP_L,2026-08-06
上海证券交易所,601890,亚星锚链,江苏亚星锚链股份有限公司,20101228,制造业,2,上交所接口所列A股/科创板及指定状态,https://query.sse.com.cn/commonQuery.do?sqlId=COMMON_SSE_CP_GPJCTPZ_GPLB_GP_L,2026-08-06
上海证券交易所,601898,中煤能源,中国中煤能源股份有限公司,20080201,采矿业,2,上交所接口所列A股/科创板及指定状态,https://query.sse.com.cn/commonQuery.do?sqlId=COMMON_SSE_CP_GPJCTPZ_GPLB_GP_L,2026-08-06
上海证券交易所,601899,紫金矿业,紫金矿业集团股份有限公司,20080425,采矿业,2,上交所接口所列A股/科创板及指定状态,https://query.sse.com.cn/commonQuery.do?sqlId=COMMON_SSE_CP_GPJCTPZ_GPLB_GP_L,2026-08-06
上海证券交易所,601900,南方传媒,南方出版传媒股份有限公司,20160215,文化、体育和娱乐业,2,上交所接口所列A股/科创板及指定状态,https://query.sse.com.cn/commonQuery.do?sqlId=COMMON_SSE_CP_GPJCTPZ_GPLB_GP_L,2026-08-06
上海证券交易所,601901,方正证券,方正证券股份有限公司,20110810,金融业,2,上交所接口所列A股/科创板及指定状态,https://query.sse.com.cn/commonQuery.do?sqlId=COMMON_SSE_CP_GPJCTPZ_GPLB_GP_L,2026-08-06
上海证券交易所,601908,京运通,北京京运通科技股份有限公司,20110908,制造业,2,上交所接口所列A股/科创板及指定状态,https://query.sse.com.cn/commonQuery.do?sqlId=COMMON_SSE_CP_GPJCTPZ_GPLB_GP_L,2026-08-06
上海证券交易所,601916,浙商银行,浙商银行股份有限公司,20191126,金融业,2,上交所接口所列A股/科创板及指定状态,https://query.sse.com.cn/commonQuery.do?sqlId=COMMON_SSE_CP_GPJCTPZ_GPLB_GP_L,2026-08-06
上海证券交易所,601918,新集能源,中煤新集能源股份有限公司,20071219,采矿业,2,上交所接口所列A股/科创板及指定状态,https://query.sse.com.cn/commonQuery.do?sqlId=COMMON_SSE_CP_GPJCTPZ_GPLB_GP_L,2026-08-06
上海证券交易所,601919,中远海控,中远海运控股股份有限公司,20070626,交通运输、仓储和邮政业,2,上交所接口所列A股/科创板及指定状态,https://query.sse.com.cn/commonQuery.do?sqlId=COMMON_SSE_CP_GPJCTPZ_GPLB_GP_L,2026-08-06
上海证券交易所,601921,浙版传媒,浙江出版传媒股份有限公司,20210723,文化、体育和娱乐业,2,上交所接口所列A股/科创板及指定状态,https://query.sse.com.cn/commonQuery.do?sqlId=COMMON_SSE_CP_GPJCTPZ_GPLB_GP_L,2026-08-06
上海证券交易所,601928,凤凰传媒,江苏凤凰出版传媒股份有限公司,20111130,文化、体育和娱乐业,2,上交所接口所列A股/科创板及指定状态,https://query.sse.com.cn/commonQuery.do?sqlId=COMMON_SSE_CP_GPJCTPZ_GPLB_GP_L,2026-08-06
上海证券交易所,601929,吉视传媒,吉视传媒股份有限公司,20120223,信息传输、软件和信息技术服务业,2,上交所接口所列A股/科创板及指定状态,https://query.sse.com.cn/commonQuery.do?sqlId=COMMON_SSE_CP_GPJCTPZ_GPLB_GP_L,2026-08-06
上海证券交易所,601933,永辉超市,永辉超市股份有限公司,20101215,批发和零售业,2,上交所接口所列A股/科创板及指定状态,https://query.sse.com.cn/commonQuery.do?sqlId=COMMON_SSE_CP_GPJCTPZ_GPLB_GP_L,2026-08-06
上海证券交易所,601939,建设银行,中国建设银行股份有限公司,20070925,金融业,2,上交所接口所列A股/科创板及指定状态,https://query.sse.com.cn/commonQuery.do?sqlId=COMMON_SSE_CP_GPJCTPZ_GPLB_GP_L,2026-08-06
上海证券交易所,601949,中国出版,中国出版传媒股份有限公司,20170821,文化、体育和娱乐业,2,上交所接口所列A股/科创板及指定状态,https://query.sse.com.cn/commonQuery.do?sqlId=COMMON_SSE_CP_GPJCTPZ_GPLB_GP_L,2026-08-06
上海证券交易所,601952,苏垦农发,江苏省农垦农业发展股份有限公司,20170515,制造业,2,上交所接口所列A股/科创板及指定状态,https://query.sse.com.cn/commonQuery.do?sqlId=COMMON_SSE_CP_GPJCTPZ_GPLB_GP_L,2026-08-06
上海证券交易所,601956,东贝集团,湖北东贝机电集团股份有限公司,20201225,制造业,2,上交所接口所列A股/科创板及指定状态,https://query.sse.com.cn/commonQuery.do?sqlId=COMMON_SSE_CP_GPJCTPZ_GPLB_GP_L,2026-08-06
上海证券交易所,601958,金钼股份,金堆城钼业股份有限公司,20080417,采矿业,2,上交所接口所列A股/科创板及指定状态,https://query.sse.com.cn/commonQuery.do?sqlId=COMMON_SSE_CP_GPJCTPZ_GPLB_GP_L,2026-08-06
上海证券交易所,601963,重庆银行,重庆银行股份有限公司,20210205,金融业,2,上交所接口所列A股/科创板及指定状态,https://query.sse.com.cn/commonQuery.do?sqlId=COMMON_SSE_CP_GPJCTPZ_GPLB_GP_L,2026-08-06
上海证券交易所,601965,中国汽研,中国汽车工程研究院股份有限公司,20120611,科学研究和技术服务业,2,上交所接口所列A股/科创板及指定状态,https://query.sse.com.cn/commonQuery.do?sqlId=COMMON_SSE_CP_GPJCTPZ_GPLB_GP_L,2026-08-06
上海证券交易所,601966,玲珑轮胎,山东玲珑轮胎股份有限公司,20160706,制造业,2,上交所接口所列A股/科创板及指定状态,https://query.sse.com.cn/commonQuery.do?sqlId=COMMON_SSE_CP_GPJCTPZ_GPLB_GP_L,2026-08-06
上海证券交易所,601968,宝钢包装,上海宝钢包装股份有限公司,20150611,制造业,2,上交所接口所列A股/科创板及指定状态,https://query.sse.com.cn/commonQuery.do?sqlId=COMMON_SSE_CP_GPJCTPZ_GPLB_GP_L,2026-08-06
上海证券交易所,601969,海南矿业,海南矿业股份有限公司,20141209,采矿业,2,上交所接口所列A股/科创板及指定状态,https://query.sse.com.cn/commonQuery.do?sqlId=COMMON_SSE_CP_GPJCTPZ_GPLB_GP_L,2026-08-06
上海证券交易所,601975,招商南油,招商局南京油运股份有限公司,20190108,交通运输、仓储和邮政业,2,上交所接口所列A股/科创板及指定状态,https://query.sse.com.cn/commonQuery.do?sqlId=COMMON_SSE_CP_GPJCTPZ_GPLB_GP_L,2026-08-06
上海证券交易所,601985,中国核电,中国核能电力股份有限公司,20150610,电力、热力、燃气及水生产和供应业,2,上交所接口所列A股/科创板及指定状态,https://query.sse.com.cn/commonQuery.do?sqlId=COMMON_SSE_CP_GPJCTPZ_GPLB_GP_L,2026-08-06
上海证券交易所,601988,中国银行,中国银行股份有限公司,20060705,金融业,2,上交所接口所列A股/科创板及指定状态,https://query.sse.com.cn/commonQuery.do?sqlId=COMMON_SSE_CP_GPJCTPZ_GPLB_GP_L,2026-08-06
上海证券交易所,601990,南京证券,南京证券股份有限公司,20180613,金融业,2,上交所接口所列A股/科创板及指定状态,https://query.sse.com.cn/commonQuery.do?sqlId=COMMON_SSE_CP_GPJCTPZ_GPLB_GP_L,2026-08-06
上海证券交易所,601991,大唐发电,大唐国际发电股份有限公司,20061220,电力、热力、燃气及水生产和供应业,2,上交所接口所列A股/科创板及指定状态,https://query.sse.com.cn/commonQuery.do?sqlId=COMMON_SSE_CP_GPJCTPZ_GPLB_GP_L,2026-08-06
上海证券交易所,601992,金隅集团,北京金隅集团股份有限公司,20110301,制造业,2,上交所接口所列A股/科创板及指定状态,https://query.sse.com.cn/commonQuery.do?sqlId=COMMON_SSE_CP_GPJCTPZ_GPLB_GP_L,2026-08-06
上海证券交易所,601995,中金公司,中国国际金融股份有限公司,20201102,金融业,2,上交所接口所列A股/科创板及指定状态,https://query.sse.com.cn/commonQuery.do?sqlId=COMMON_SSE_CP_GPJCTPZ_GPLB_GP_L,2026-08-06
上海证券交易所,601996,丰林集团,广西丰林木业集团股份有限公司,20110929,制造业,2,上交所接口所列A股/科创板及指定状态,https://query.sse.com.cn/commonQuery.do?sqlId=COMMON_SSE_CP_GPJCTPZ_GPLB_GP_L,2026-08-06
上海证券交易所,601997,贵阳银行,贵阳银行股份有限公司,20160816,金融业,2,上交所接口所列A股/科创板及指定状态,https://query.sse.com.cn/commonQuery.do?sqlId=COMMON_SSE_CP_GPJCTPZ_GPLB_GP_L,2026-08-06
上海证券交易所,601998,中信银行,中信银行股份有限公司,20070427,金融业,2,上交所接口所列A股/科创板及指定状态,https://query.sse.com.cn/commonQuery.do?sqlId=COMMON_SSE_CP_GPJCTPZ_GPLB_GP_L,2026-08-06
上海证券交易所,601999,出版传媒,北方联合出版传媒(集团)股份有限公司,20071221,文化、体育和娱乐业,2,上交所接口所列A股/科创板及指定状态,https://query.sse.com.cn/commonQuery.do?sqlId=COMMON_SSE_CP_GPJCTPZ_GPLB_GP_L,2026-08-06
上海证券交易所,603000,人民网,人民网股份有限公司,20120427,信息传输、软件和信息技术服务业,2,上交所接口所列A股/科创板及指定状态,https://query.sse.com.cn/commonQuery.do?sqlId=COMMON_SSE_CP_GPJCTPZ_GPLB_GP_L,2026-08-06
上海证券交易所,603001,奥康国际,浙江奥康鞋业股份有限公司,20120426,制造业,2,上交所接口所列A股/科创板及指定状态,https://query.sse.com.cn/commonQuery.do?sqlId=COMMON_SSE_CP_GPJCTPZ_GPLB_GP_L,2026-08-06
上海证券交易所,603002,宏昌电子,宏昌电子材料股份有限公司,20120518,制造业,2,上交所接口所列A股/科创板及指定状态,https://query.sse.com.cn/commonQuery.do?sqlId=COMMON_SSE_CP_GPJCTPZ_GPLB_GP_L,2026-08-06
上海证券交易所,603004,鼎龙科技,浙江鼎龙科技股份有限公司,20231227,制造业,2,上交所接口所列A股/科创板及指定状态,https://query.sse.com.cn/commonQuery.do?sqlId=COMMON_SSE_CP_GPJCTPZ_GPLB_GP_L,2026-08-06
上海证券交易所,603005,晶方科技,苏州晶方半导体科技股份有限公司,20140210,制造业,2,上交所接口所列A股/科创板及指定状态,https://query.sse.com.cn/commonQuery.do?sqlId=COMMON_SSE_CP_GPJCTPZ_GPLB_GP_L,2026-08-06
上海证券交易所,603006,联明股份,上海联明机械股份有限公司,20140630,制造业,2,上交所接口所列A股/科创板及指定状态,https://query.sse.com.cn/commonQuery.do?sqlId=COMMON_SSE_CP_GPJCTPZ_GPLB_GP_L,2026-08-06
上海证券交易所,603007,顺景科技,丹阳顺景智能科技股份有限公司,20160826,建筑业,2,上交所接口所列A股/科创板及指定状态,https://query.sse.com.cn/commonQuery.do?sqlId=COMMON_SSE_CP_GPJCTPZ_GPLB_GP_L,2026-08-06
上海证券交易所,603008,ST喜临门,喜临门健康睡眠科技股份公司,20120717,制造业,7,上交所接口所列A股/科创板及指定状态,https://query.sse.com.cn/commonQuery.do?sqlId=COMMON_SSE_CP_GPJCTPZ_GPLB_GP_L,2026-08-06
上海证券交易所,603009,北特科技,上海北特科技集团股份有限公司,20140718,制造业,2,上交所接口所列A股/科创板及指定状态,https://query.sse.com.cn/commonQuery.do?sqlId=COMMON_SSE_CP_GPJCTPZ_GPLB_GP_L,2026-08-06
上海证券交易所,603010,万盛股份,浙江万盛股份有限公司,20141010,制造业,2,上交所接口所列A股/科创板及指定状态,https://query.sse.com.cn/commonQuery.do?sqlId=COMMON_SSE_CP_GPJCTPZ_GPLB_GP_L,2026-08-06
上海证券交易所,603011,合锻智能,合肥合锻智能制造股份有限公司,20141107,制造业,2,上交所接口所列A股/科创板及指定状态,https://query.sse.com.cn/commonQuery.do?sqlId=COMMON_SSE_CP_GPJCTPZ_GPLB_GP_L,2026-08-06
上海证券交易所,603012,创力集团,上海创力集团股份有限公司,20150320,制造业,2,上交所接口所列A股/科创板及指定状态,https://query.sse.com.cn/commonQuery.do?sqlId=COMMON_SSE_CP_GPJCTPZ_GPLB_GP_L,2026-08-06
上海证券交易所,603013,亚普股份,亚普汽车部件股份有限公司,20180509,制造业,2,上交所接口所列A股/科创板及指定状态,https://query.sse.com.cn/commonQuery.do?sqlId=COMMON_SSE_CP_GPJCTPZ_GPLB_GP_L,2026-08-06
上海证券交易所,603014,威高血净,山东威高血液净化制品股份有限公司,20250519,制造业,2,上交所接口所列A股/科创板及指定状态,https://query.sse.com.cn/commonQuery.do?sqlId=COMMON_SSE_CP_GPJCTPZ_GPLB_GP_L,2026-08-06
上海证券交易所,603015,弘讯科技,宁波弘讯科技股份有限公司,20150303,制造业,2,上交所接口所列A股/科创板及指定状态,https://query.sse.com.cn/commonQuery.do?sqlId=COMMON_SSE_CP_GPJCTPZ_GPLB_GP_L,2026-08-06
上海证券交易所,603016,新宏泰,无锡新宏泰电器科技股份有限公司,20160701,制造业,2,上交所接口所列A股/科创板及指定状态,https://query.sse.com.cn/commonQuery.do?sqlId=COMMON_SSE_CP_GPJCTPZ_GPLB_GP_L,2026-08-06
上海证券交易所,603017,中衡设计,中衡设计集团股份有限公司,20141231,科学研究和技术服务业,2,上交所接口所列A股/科创板及指定状态,https://query.sse.com.cn/commonQuery.do?sqlId=COMMON_SSE_CP_GPJCTPZ_GPLB_GP_L,2026-08-06
上海证券交易所,603018,华设集团,华设设计集团股份有限公司,20141013,科学研究和技术服务业,2,上交所接口所列A股/科创板及指定状态,https://query.sse.com.cn/commonQuery.do?sqlId=COMMON_SSE_CP_GPJCTPZ_GPLB_GP_L,2026-08-06
上海证券交易所,603019,中科曙光,曙光信息产业股份有限公司,20141106,制造业,2,上交所接口所列A股/科创板及指定状态,https://query.sse.com.cn/commonQuery.do?sqlId=COMMON_SSE_CP_GPJCTPZ_GPLB_GP_L,2026-08-06
上海证券交易所,603020,爱普股份,爱普香料集团股份有限公司,20150325,制造业,2,上交所接口所列A股/科创板及指定状态,https://query.sse.com.cn/commonQuery.do?sqlId=COMMON_SSE_CP_GPJCTPZ_GPLB_GP_L,2026-08-06
上海证券交易所,603021,*ST华鹏,山东华鹏玻璃股份有限公司,20150423,制造业,7,上交所接口所列A股/科创板及指定状态,https://query.sse.com.cn/commonQuery.do?sqlId=COMMON_SSE_CP_GPJCTPZ_GPLB_GP_L,2026-08-06
上海证券交易所,603022,新通联,上海新通联包装股份有限公司,20150518,制造业,2,上交所接口所列A股/科创板及指定状态,https://query.sse.com.cn/commonQuery.do?sqlId=COMMON_SSE_CP_GPJCTPZ_GPLB_GP_L,2026-08-06
上海证券交易所,603023,威帝股份,哈尔滨威帝电子股份有限公司,20150527,制造业,2,上交所接口所列A股/科创板及指定状态,https://query.sse.com.cn/commonQuery.do?sqlId=COMMON_SSE_CP_GPJCTPZ_GPLB_GP_L,2026-08-06
上海证券交易所,603025,大豪科技,北京大豪科技股份有限公司,20150422,制造业,2,上交所接口所列A股/科创板及指定状态,https://query.sse.com.cn/commonQuery.do?sqlId=COMMON_SSE_CP_GPJCTPZ_GPLB_GP_L,2026-08-06
上海证券交易所,603026,石大胜华,石大胜华新材料集团股份有限公司,20150529,制造业,2,上交所接口所列A股/科创板及指定状态,https://query.sse.com.cn/commonQuery.do?sqlId=COMMON_SSE_CP_GPJCTPZ_GPLB_GP_L,2026-08-06
上海证券交易所,603027,千禾味业,千禾味业食品股份有限公司,20160307,制造业,2,上交所接口所列A股/科创板及指定状态,https://query.sse.com.cn/commonQuery.do?sqlId=COMMON_SSE_CP_GPJCTPZ_GPLB_GP_L,2026-08-06
上海证券交易所,603028,赛福天,江苏赛福天集团股份有限公司,20160331,制造业,2,上交所接口所列A股/科创板及指定状态,https://query.sse.com.cn/commonQuery.do?sqlId=COMMON_SSE_CP_GPJCTPZ_GPLB_GP_L,2026-08-06
上海证券交易所,603029,天鹅股份,山东天鹅棉业机械股份有限公司,20160427,制造业,2,上交所接口所列A股/科创板及指定状态,https://query.sse.com.cn/commonQuery.do?sqlId=COMMON_SSE_CP_GPJCTPZ_GPLB_GP_L,2026-08-06
上海证券交易所,603030,全筑股份,上海全筑控股集团股份有限公司,20150320,建筑业,2,上交所接口所列A股/科创板及指定状态,https://query.sse.com.cn/commonQuery.do?sqlId=COMMON_SSE_CP_GPJCTPZ_GPLB_GP_L,2026-08-06
上海证券交易所,603031,安孚科技,安徽安孚电池科技股份有限公司,20160822,制造业,2,上交所接口所列A股/科创板及指定状态,https://query.sse.com.cn/commonQuery.do?sqlId=COMMON_SSE_CP_GPJCTPZ_GPLB_GP_L,2026-08-06
上海证券交易所,603032,德新科技,德力西新能源科技股份有限公司,20170105,制造业,2,上交所接口所列A股/科创板及指定状态,https://query.sse.com.cn/commonQuery.do?sqlId=COMMON_SSE_CP_GPJCTPZ_GPLB_GP_L,2026-08-06
上海证券交易所,603033,三维股份,三维控股集团股份有限公司,20161207,制造业,2,上交所接口所列A股/科创板及指定状态,https://query.sse.com.cn/commonQuery.do?sqlId=COMMON_SSE_CP_GPJCTPZ_GPLB_GP_L,2026-08-06
上海证券交易所,603035,常熟汽饰,江苏常熟汽饰集团股份有限公司,20170105,制造业,2,上交所接口所列A股/科创板及指定状态,https://query.sse.com.cn/commonQuery.do?sqlId=COMMON_SSE_CP_GPJCTPZ_GPLB_GP_L,2026-08-06
上海证券交易所,603036,如通股份,江苏如通石油机械股份有限公司,20161209,制造业,2,上交所接口所列A股/科创板及指定状态,https://query.sse.com.cn/commonQuery.do?sqlId=COMMON_SSE_CP_GPJCTPZ_GPLB_GP_L,2026-08-06
上海证券交易所,603037,凯众股份,上海凯众材料科技股份有限公司,20170120,制造业,2,上交所接口所列A股/科创板及指定状态,https://query.sse.com.cn/commonQuery.do?sqlId=COMMON_SSE_CP_GPJCTPZ_GPLB_GP_L,2026-08-06
上海证券交易所,603038,华立股份,东莞市华立实业股份有限公司,20170116,制造业,2,上交所接口所列A股/科创板及指定状态,https://query.sse.com.cn/commonQuery.do?sqlId=COMMON_SSE_CP_GPJCTPZ_GPLB_GP_L,2026-08-06
上海证券交易所,603039,泛微网络,泛微网络科技股份有限公司,20170113,信息传输、软件和信息技术服务业,2,上交所接口所列A股/科创板及指定状态,https://query.sse.com.cn/commonQuery.do?sqlId=COMMON_SSE_CP_GPJCTPZ_GPLB_GP_L,2026-08-06
上海证券交易所,603040,新坐标,杭州新坐标科技股份有限公司,20170209,制造业,2,上交所接口所列A股/科创板及指定状态,https://query.sse.com.cn/commonQuery.do?sqlId=COMMON_SSE_CP_GPJCTPZ_GPLB_GP_L,2026-08-06
上海证券交易所,603041,美思德,江苏美思德化学股份有限公司,20170330,制造业,2,上交所接口所列A股/科创板及指定状态,https://query.sse.com.cn/commonQuery.do?sqlId=COMMON_SSE_CP_GPJCTPZ_GPLB_GP_L,2026-08-06
上海证券交易所,603042,华脉科技,南京华脉科技股份有限公司,20170602,制造业,2,上交所接口所列A股/科创板及指定状态,https://query.sse.com.cn/commonQuery.do?sqlId=COMMON_SSE_CP_GPJCTPZ_GPLB_GP_L,2026-08-06
上海证券交易所,603043,广州酒家,广州酒家集团股份有限公司,20170627,制造业,2,上交所接口所列A股/科创板及指定状态,https://query.sse.com.cn/commonQuery.do?sqlId=COMMON_SSE_CP_GPJCTPZ_GPLB_GP_L,2026-08-06
上海证券交易所,603045,福达合金,福达新材料集团股份有限公司,20180517,制造业,2,上交所接口所列A股/科创板及指定状态,https://query.sse.com.cn/commonQuery.do?sqlId=COMMON_SSE_CP_GPJCTPZ_GPLB_GP_L,2026-08-06
上海证券交易所,603048,浙江黎明,浙江黎明智造股份有限公司,20211116,制造业,2,上交所接口所列A股/科创板及指定状态,https://query.sse.com.cn/commonQuery.do?sqlId=COMMON_SSE_CP_GPJCTPZ_GPLB_GP_L,2026-08-06
上海证券交易所,603049,中策橡胶,中策橡胶集团股份有限公司,20250605,制造业,2,上交所接口所列A股/科创板及指定状态,https://query.sse.com.cn/commonQuery.do?sqlId=COMMON_SSE_CP_GPJCTPZ_GPLB_GP_L,2026-08-06
上海证券交易所,603050,科林电气,石家庄科林电气股份有限公司,20170414,制造业,2,上交所接口所列A股/科创板及指定状态,https://query.sse.com.cn/commonQuery.do?sqlId=COMMON_SSE_CP_GPJCTPZ_GPLB_GP_L,2026-08-06
上海证券交易所,603051,鹿山新材,广州鹿山新材料股份有限公司,20220325,制造业,2,上交所接口所列A股/科创板及指定状态,https://query.sse.com.cn/commonQuery.do?sqlId=COMMON_SSE_CP_GPJCTPZ_GPLB_GP_L,2026-08-06
上海证券交易所,603052,可川科技,苏州可川电子科技股份有限公司,20221011,制造业,2,上交所接口所列A股/科创板及指定状态,https://query.sse.com.cn/commonQuery.do?sqlId=COMMON_SSE_CP_GPJCTPZ_GPLB_GP_L,2026-08-06
上海证券交易所,603053,成都燃气,成都燃气集团股份有限公司,20191217,电力、热力、燃气及水生产和供应业,2,上交所接口所列A股/科创板及指定状态,https://query.sse.com.cn/commonQuery.do?sqlId=COMMON_SSE_CP_GPJCTPZ_GPLB_GP_L,2026-08-06
上海证券交易所,603055,台华新材,浙江台华新材料集团股份有限公司,20170921,制造业,2,上交所接口所列A股/科创板及指定状态,https://query.sse.com.cn/commonQuery.do?sqlId=COMMON_SSE_CP_GPJCTPZ_GPLB_GP_L,2026-08-06
上海证券交易所,603057,紫燕食品,紫燕食品集团股份有限公司,20220926,制造业,2,上交所接口所列A股/科创板及指定状态,https://query.sse.com.cn/commonQuery.do?sqlId=COMMON_SSE_CP_GPJCTPZ_GPLB_GP_L,2026-08-06
上海证券交易所,603058,永吉股份,贵州永吉印务股份有限公司,20161223,制造业,2,上交所接口所列A股/科创板及指定状态,https://query.sse.com.cn/commonQuery.do?sqlId=COMMON_SSE_CP_GPJCTPZ_GPLB_GP_L,2026-08-06
上海证券交易所,603059,倍加洁,倍加洁集团股份有限公司,20180302,制造业,2,上交所接口所列A股/科创板及指定状态,https://query.sse.com.cn/commonQuery.do?sqlId=COMMON_SSE_CP_GPJCTPZ_GPLB_GP_L,2026-08-06
上海证券交易所,603060,国检集团,中国国检测试控股集团股份有限公司,20161109,科学研究和技术服务业,2,上交所接口所列A股/科创板及指定状态,https://query.sse.com.cn/commonQuery.do?sqlId=COMMON_SSE_CP_GPJCTPZ_GPLB_GP_L,2026-08-06
上海证券交易所,603061,金海通,天津金海通半导体设备股份有限公司,20230303,制造业,2,上交所接口所列A股/科创板及指定状态,https://query.sse.com.cn/commonQuery.do?sqlId=COMMON_SSE_CP_GPJCTPZ_GPLB_GP_L,2026-08-06
上海证券交易所,603062,麦加芯彩,麦加芯彩新材料科技(上海)股份有限公司,20231107,制造业,2,上交所接口所列A股/科创板及指定状态,https://query.sse.com.cn/commonQuery.do?sqlId=COMMON_SSE_CP_GPJCTPZ_GPLB_GP_L,2026-08-06
上海证券交易所,603063,禾望电气,深圳市禾望电气股份有限公司,20170728,制造业,2,上交所接口所列A股/科创板及指定状态,https://query.sse.com.cn/commonQuery.do?sqlId=COMMON_SSE_CP_GPJCTPZ_GPLB_GP_L,2026-08-06
上海证券交易所,603065,宿迁联盛,宿迁联盛科技股份有限公司,20230321,制造业,2,上交所接口所列A股/科创板及指定状态,https://query.sse.com.cn/commonQuery.do?sqlId=COMMON_SSE_CP_GPJCTPZ_GPLB_GP_L,2026-08-06
上海证券交易所,603066,音飞储存,南京音飞储存设备(集团)股份有限公司,20150611,交通运输、仓储和邮政业,2,上交所接口所列A股/科创板及指定状态,https://query.sse.com.cn/commonQuery.do?sqlId=COMMON_SSE_CP_GPJCTPZ_GPLB_GP_L,2026-08-06
上海证券交易所,603067,振华股份,湖北振华化学股份有限公司,20160913,制造业,2,上交所接口所列A股/科创板及指定状态,https://query.sse.com.cn/commonQuery.do?sqlId=COMMON_SSE_CP_GPJCTPZ_GPLB_GP_L,2026-08-06
上海证券交易所,603068,博通集成,博通集成电路(上海)股份有限公司,20190415,制造业,2,上交所接口所列A股/科创板及指定状态,https://query.sse.com.cn/commonQuery.do?sqlId=COMMON_SSE_CP_GPJCTPZ_GPLB_GP_L,2026-08-06
上海证券交易所,603069,海汽集团,海南海汽运输集团股份有限公司,20160712,交通运输、仓储和邮政业,2,上交所接口所列A股/科创板及指定状态,https://query.sse.com.cn/commonQuery.do?sqlId=COMMON_SSE_CP_GPJCTPZ_GPLB_GP_L,2026-08-06
上海证券交易所,603070,万控智造,万控智造股份有限公司,20220310,制造业,2,上交所接口所列A股/科创板及指定状态,https://query.sse.com.cn/commonQuery.do?sqlId=COMMON_SSE_CP_GPJCTPZ_GPLB_GP_L,2026-08-06
上海证券交易所,603071,物产环能,浙江物产环保能源股份有限公司,20211216,批发和零售业,2,上交所接口所列A股/科创板及指定状态,https://query.sse.com.cn/commonQuery.do?sqlId=COMMON_SSE_CP_GPJCTPZ_GPLB_GP_L,2026-08-06
上海证券交易所,603072,天和磁材,包头天和磁材科技股份有限公司,20250103,制造业,2,上交所接口所列A股/科创板及指定状态,https://query.sse.com.cn/commonQuery.do?sqlId=COMMON_SSE_CP_GPJCTPZ_GPLB_GP_L,2026-08-06
上海证券交易所,603073,彩蝶实业,浙江彩蝶实业股份有限公司,20230316,制造业,2,上交所接口所列A股/科创板及指定状态,https://query.sse.com.cn/commonQuery.do?sqlId=COMMON_SSE_CP_GPJCTPZ_GPLB_GP_L,2026-08-06
上海证券交易所,603075,热威股份,杭州热威电热科技股份有限公司,20230911,制造业,2,上交所接口所列A股/科创板及指定状态,https://query.sse.com.cn/commonQuery.do?sqlId=COMMON_SSE_CP_GPJCTPZ_GPLB_GP_L,2026-08-06
上海证券交易所,603076,乐惠国际,宁波乐惠国际工程装备股份有限公司,20171113,制造业,2,上交所接口所列A股/科创板及指定状态,https://query.sse.com.cn/commonQuery.do?sqlId=COMMON_SSE_CP_GPJCTPZ_GPLB_GP_L,2026-08-06
上海证券交易所,603077,和邦生物,四川和邦生物科技股份有限公司,20120731,制造业,2,上交所接口所列A股/科创板及指定状态,https://query.sse.com.cn/commonQuery.do?sqlId=COMMON_SSE_CP_GPJCTPZ_GPLB_GP_L,2026-08-06
上海证券交易所,603078,江化微,江阴江化微电子材料股份有限公司,20170410,制造业,2,上交所接口所列A股/科创板及指定状态,https://query.sse.com.cn/commonQuery.do?sqlId=COMMON_SSE_CP_GPJCTPZ_GPLB_GP_L,2026-08-06
上海证券交易所,603079,圣达生物,浙江圣达生物药业股份有限公司,20170823,制造业,2,上交所接口所列A股/科创板及指定状态,https://query.sse.com.cn/commonQuery.do?sqlId=COMMON_SSE_CP_GPJCTPZ_GPLB_GP_L,2026-08-06
上海证券交易所,603080,新疆火炬,新疆火炬燃气股份有限公司,20180103,电力、热力、燃气及水生产和供应业,2,上交所接口所列A股/科创板及指定状态,https://query.sse.com.cn/commonQuery.do?sqlId=COMMON_SSE_CP_GPJCTPZ_GPLB_GP_L,2026-08-06
上海证券交易所,603081,大丰实业,浙江大丰实业股份有限公司,20170420,制造业,2,上交所接口所列A股/科创板及指定状态,https://query.sse.com.cn/commonQuery.do?sqlId=COMMON_SSE_CP_GPJCTPZ_GPLB_GP_L,2026-08-06
上海证券交易所,603082,北自科技,北自所(北京)科技发展股份有限公司,20240130,制造业,2,上交所接口所列A股/科创板及指定状态,https://query.sse.com.cn/commonQuery.do?sqlId=COMMON_SSE_CP_GPJCTPZ_GPLB_GP_L,2026-08-06
上海证券交易所,603083,剑桥科技,上海剑桥科技股份有限公司,20171110,制造业,2,上交所接口所列A股/科创板及指定状态,https://query.sse.com.cn/commonQuery.do?sqlId=COMMON_SSE_CP_GPJCTPZ_GPLB_GP_L,2026-08-06
上海证券交易所,603085,天成自控,浙江天成自控股份有限公司,20150630,制造业,2,上交所接口所列A股/科创板及指定状态,https://query.sse.com.cn/commonQuery.do?sqlId=COMMON_SSE_CP_GPJCTPZ_GPLB_GP_L,2026-08-06
上海证券交易所,603086,先达股份,山东先达农化股份有限公司,20170511,制造业,2,上交所接口所列A股/科创板及指定状态,https://query.sse.com.cn/commonQuery.do?sqlId=COMMON_SSE_CP_GPJCTPZ_GPLB_GP_L,2026-08-06
上海证券交易所,603087,甘李药业,甘李药业股份有限公司,20200629,制造业,2,上交所接口所列A股/科创板及指定状态,https://query.sse.com.cn/commonQuery.do?sqlId=COMMON_SSE_CP_GPJCTPZ_GPLB_GP_L,2026-08-06
上海证券交易所,603088,宁波精达,宁波精达成形装备股份有限公司,20141111,制造业,2,上交所接口所列A股/科创板及指定状态,https://query.sse.com.cn/commonQuery.do?sqlId=COMMON_SSE_CP_GPJCTPZ_GPLB_GP_L,2026-08-06
上海证券交易所,603089,正裕工业,浙江正裕工业股份有限公司,20170126,制造业,2,上交所接口所列A股/科创板及指定状态,https://query.sse.com.cn/commonQuery.do?sqlId=COMMON_SSE_CP_GPJCTPZ_GPLB_GP_L,2026-08-06
上海证券交易所,603090,宏盛股份,无锡宏盛换热器制造股份有限公司,20160831,制造业,2,上交所接口所列A股/科创板及指定状态,https://query.sse.com.cn/commonQuery.do?sqlId=COMMON_SSE_CP_GPJCTPZ_GPLB_GP_L,2026-08-06
上海证券交易所,603091,众鑫股份,浙江众鑫环保科技集团股份有限公司,20240920,制造业,2,上交所接口所列A股/科创板及指定状态,https://query.sse.com.cn/commonQuery.do?sqlId=COMMON_SSE_CP_GPJCTPZ_GPLB_GP_L,2026-08-06
上海证券交易所,603092,德力佳,德力佳传动科技(江苏)股份有限公司,20251107,制造业,2,上交所接口所列A股/科创板及指定状态,https://query.sse.com.cn/commonQuery.do?sqlId=COMMON_SSE_CP_GPJCTPZ_GPLB_GP_L,2026-08-06
上海证券交易所,603093,南华期货,南华期货股份有限公司,20190830,金融业,2,上交所接口所列A股/科创板及指定状态,https://query.sse.com.cn/commonQuery.do?sqlId=COMMON_SSE_CP_GPJCTPZ_GPLB_GP_L,2026-08-06
上海证券交易所,603095,越剑智能,浙江越剑智能装备股份有限公司,20200415,制造业,2,上交所接口所列A股/科创板及指定状态,https://query.sse.com.cn/commonQuery.do?sqlId=COMMON_SSE_CP_GPJCTPZ_GPLB_GP_L,2026-08-06
上海证券交易所,603096,新经典,新经典文化股份有限公司,20170425,文化、体育和娱乐业,2,上交所接口所列A股/科创板及指定状态,https://query.sse.com.cn/commonQuery.do?sqlId=COMMON_SSE_CP_GPJCTPZ_GPLB_GP_L,2026-08-06
上海证券交易所,603097,江苏华辰,江苏华辰变压器股份有限公司,20220512,制造业,2,上交所接口所列A股/科创板及指定状态,https://query.sse.com.cn/commonQuery.do?sqlId=COMMON_SSE_CP_GPJCTPZ_GPLB_GP_L,2026-08-06
上海证券交易所,603098,森特股份,森特士兴集团股份有限公司,20161216,建筑业,2,上交所接口所列A股/科创板及指定状态,https://query.sse.com.cn/commonQuery.do?sqlId=COMMON_SSE_CP_GPJCTPZ_GPLB_GP_L,2026-08-06
上海证券交易所,603099,长白山,长白山旅游股份有限公司,20140822,水利、环境和公共设施管理业,2,上交所接口所列A股/科创板及指定状态,https://query.sse.com.cn/commonQuery.do?sqlId=COMMON_SSE_CP_GPJCTPZ_GPLB_GP_L,2026-08-06
上海证券交易所,603100,川仪股份,重庆川仪自动化股份有限公司,20140805,制造业,2,上交所接口所列A股/科创板及指定状态,https://query.sse.com.cn/commonQuery.do?sqlId=COMMON_SSE_CP_GPJCTPZ_GPLB_GP_L,2026-08-06
上海证券交易所,603101,汇嘉时代,新疆汇嘉时代百货股份有限公司,20160506,批发和零售业,2,上交所接口所列A股/科创板及指定状态,https://query.sse.com.cn/commonQuery.do?sqlId=COMMON_SSE_CP_GPJCTPZ_GPLB_GP_L,2026-08-06
上海证券交易所,603102,百合股份,威海百合生物技术股份有限公司,20220125,制造业,2,上交所接口所列A股/科创板及指定状态,https://query.sse.com.cn/commonQuery.do?sqlId=COMMON_SSE_CP_GPJCTPZ_GPLB_GP_L,2026-08-06
上海证券交易所,603103,横店影视,横店影视股份有限公司,20171012,文化、体育和娱乐业,2,上交所接口所列A股/科创板及指定状态,https://query.sse.com.cn/commonQuery.do?sqlId=COMMON_SSE_CP_GPJCTPZ_GPLB_GP_L,2026-08-06
上海证券交易所,603105,芯能科技,浙江芯能光伏科技股份有限公司,20180709,电力、热力、燃气及水生产和供应业,2,上交所接口所列A股/科创板及指定状态,https://query.sse.com.cn/commonQuery.do?sqlId=COMMON_SSE_CP_GPJCTPZ_GPLB_GP_L,2026-08-06
上海证券交易所,603106,恒银科技,恒银金融科技股份有限公司,20170920,制造业,2,上交所接口所列A股/科创板及指定状态,https://query.sse.com.cn/commonQuery.do?sqlId=COMMON_SSE_CP_GPJCTPZ_GPLB_GP_L,2026-08-06
上海证券交易所,603107,上海汽配,上海汽车空调配件股份有限公司,20231101,制造业,2,上交所接口所列A股/科创板及指定状态,https://query.sse.com.cn/commonQuery.do?sqlId=COMMON_SSE_CP_GPJCTPZ_GPLB_GP_L,2026-08-06
上海证券交易所,603108,润达医疗,上海润达医疗科技股份有限公司,20150527,批发和零售业,2,上交所接口所列A股/科创板及指定状态,https://query.sse.com.cn/commonQuery.do?sqlId=COMMON_SSE_CP_GPJCTPZ_GPLB_GP_L,2026-08-06
上海证券交易所,603109,神驰机电,神驰机电股份有限公司,20191231,制造业,2,上交所接口所列A股/科创板及指定状态,https://query.sse.com.cn/commonQuery.do?sqlId=COMMON_SSE_CP_GPJCTPZ_GPLB_GP_L,2026-08-06
上海证券交易所,603110,东方材料,新东方新材料股份有限公司,20171013,制造业,2,上交所接口所列A股/科创板及指定状态,https://query.sse.com.cn/commonQuery.do?sqlId=COMMON_SSE_CP_GPJCTPZ_GPLB_GP_L,2026-08-06
上海证券交易所,603111,康尼机电,南京康尼机电股份有限公司,20140801,制造业,2,上交所接口所列A股/科创板及指定状态,https://query.sse.com.cn/commonQuery.do?sqlId=COMMON_SSE_CP_GPJCTPZ_GPLB_GP_L,2026-08-06
上海证券交易所,603112,华翔股份,山西华翔集团股份有限公司,20200917,制造业,2,上交所接口所列A股/科创板及指定状态,https://query.sse.com.cn/commonQuery.do?sqlId=COMMON_SSE_CP_GPJCTPZ_GPLB_GP_L,2026-08-06
上海证券交易所,603113,金能科技,金能科技股份有限公司,20170511,制造业,2,上交所接口所列A股/科创板及指定状态,https://query.sse.com.cn/commonQuery.do?sqlId=COMMON_SSE_CP_GPJCTPZ_GPLB_GP_L,2026-08-06
上海证券交易所,603115,海星股份,南通海星电子股份有限公司,20190809,制造业,2,上交所接口所列A股/科创板及指定状态,https://query.sse.com.cn/commonQuery.do?sqlId=COMMON_SSE_CP_GPJCTPZ_GPLB_GP_L,2026-08-06
上海证券交易所,603116,红蜻蜓,浙江红蜻蜓鞋业股份有限公司,20150629,制造业,2,上交所接口所列A股/科创板及指定状态,https://query.sse.com.cn/commonQuery.do?sqlId=COMMON_SSE_CP_GPJCTPZ_GPLB_GP_L,2026-08-06
上海证券交易所,603117,万林物流,江苏万林现代物流股份有限公司,20150629,交通运输、仓储和邮政业,2,上交所接口所列A股/科创板及指定状态,https://query.sse.com.cn/commonQuery.do?sqlId=COMMON_SSE_CP_GPJCTPZ_GPLB_GP_L,2026-08-06
上海证券交易所,603118,共进股份,深圳市共进电子股份有限公司,20150225,制造业,2,上交所接口所列A股/科创板及指定状态,https://query.sse.com.cn/commonQuery.do?sqlId=COMMON_SSE_CP_GPJCTPZ_GPLB_GP_L,2026-08-06
上海证券交易所,603119,浙江荣泰,浙江荣泰电工器材股份有限公司,20230801,制造业,2,上交所接口所列A股/科创板及指定状态,https://query.sse.com.cn/commonQuery.do?sqlId=COMMON_SSE_CP_GPJCTPZ_GPLB_GP_L,2026-08-06
上海证券交易所,603120,肯特催化,肯特催化材料股份有限公司,20250416,制造业,2,上交所接口所列A股/科创板及指定状态,https://query.sse.com.cn/commonQuery.do?sqlId=COMMON_SSE_CP_GPJCTPZ_GPLB_GP_L,2026-08-06
上海证券交易所,603121,华培动力,上海华培数能科技(集团)股份有限公司,20190111,制造业,2,上交所接口所列A股/科创板及指定状态,https://query.sse.com.cn/commonQuery.do?sqlId=COMMON_SSE_CP_GPJCTPZ_GPLB_GP_L,2026-08-06
上海证券交易所,603122,合富中国,合富(中国)医疗科技股份有限公司,20220216,批发和零售业,2,上交所接口所列A股/科创板及指定状态,https://query.sse.com.cn/commonQuery.do?sqlId=COMMON_SSE_CP_GPJCTPZ_GPLB_GP_L,2026-08-06
上海证券交易所,603123,翠微股份,北京翠微大厦股份有限公司,20120503,批发和零售业,2,上交所接口所列A股/科创板及指定状态,https://query.sse.com.cn/commonQuery.do?sqlId=COMMON_SSE_CP_GPJCTPZ_GPLB_GP_L,2026-08-06
上海证券交易所,603124,江南新材,江西江南新材料科技股份有限公司,20250320,制造业,2,上交所接口所列A股/科创板及指定状态,https://query.sse.com.cn/commonQuery.do?sqlId=COMMON_SSE_CP_GPJCTPZ_GPLB_GP_L,2026-08-06
上海证券交易所,603125,常青科技,江苏常青树新材料科技股份有限公司,20230410,制造业,2,上交所接口所列A股/科创板及指定状态,https://query.sse.com.cn/commonQuery.do?sqlId=COMMON_SSE_CP_GPJCTPZ_GPLB_GP_L,2026-08-06
上海证券交易所,603126,中材节能,中材节能股份有限公司,20140731,科学研究和技术服务业,2,上交所接口所列A股/科创板及指定状态,https://query.sse.com.cn/commonQuery.do?sqlId=COMMON_SSE_CP_GPJCTPZ_GPLB_GP_L,2026-08-06
上海证券交易所,603127,昭衍新药,北京昭衍新药研究中心股份有限公司,20170825,科学研究和技术服务业,2,上交所接口所列A股/科创板及指定状态,https://query.sse.com.cn/commonQuery.do?sqlId=COMMON_SSE_CP_GPJCTPZ_GPLB_GP_L,2026-08-06
上海证券交易所,603128,华贸物流,港中旅华贸国际物流股份有限公司,20120529,交通运输、仓储和邮政业,2,上交所接口所列A股/科创板及指定状态,https://query.sse.com.cn/commonQuery.do?sqlId=COMMON_SSE_CP_GPJCTPZ_GPLB_GP_L,2026-08-06
上海证券交易所,603129,春风动力,浙江春风动力股份有限公司,20170818,制造业,2,上交所接口所列A股/科创板及指定状态,https://query.sse.com.cn/commonQuery.do?sqlId=COMMON_SSE_CP_GPJCTPZ_GPLB_GP_L,2026-08-06
上海证券交易所,603130,云中马,浙江云中马股份有限公司,20221118,制造业,2,上交所接口所列A股/科创板及指定状态,https://query.sse.com.cn/commonQuery.do?sqlId=COMMON_SSE_CP_GPJCTPZ_GPLB_GP_L,2026-08-06
上海证券交易所,603131,上海沪工,上海沪工焊接集团股份有限公司,20160607,制造业,2,上交所接口所列A股/科创板及指定状态,https://query.sse.com.cn/commonQuery.do?sqlId=COMMON_SSE_CP_GPJCTPZ_GPLB_GP_L,2026-08-06
上海证券交易所,603132,金徽股份,金徽矿业股份有限公司,20220222,采矿业,2,上交所接口所列A股/科创板及指定状态,https://query.sse.com.cn/commonQuery.do?sqlId=COMMON_SSE_CP_GPJCTPZ_GPLB_GP_L,2026-08-06
上海证券交易所,603135,中重科技,中重科技(天津)股份有限公司,20230410,制造业,2,上交所接口所列A股/科创板及指定状态,https://query.sse.com.cn/commonQuery.do?sqlId=COMMON_SSE_CP_GPJCTPZ_GPLB_GP_L,2026-08-06
上海证券交易所,603136,天目湖,江苏天目湖旅游股份有限公司,20170927,水利、环境和公共设施管理业,2,上交所接口所列A股/科创板及指定状态,https://query.sse.com.cn/commonQuery.do?sqlId=COMMON_SSE_CP_GPJCTPZ_GPLB_GP_L,2026-08-06
上海证券交易所,603137,恒尚节能,江苏恒尚节能科技股份有限公司,20230419,建筑业,2,上交所接口所列A股/科创板及指定状态,https://query.sse.com.cn/commonQuery.do?sqlId=COMMON_SSE_CP_GPJCTPZ_GPLB_GP_L,2026-08-06
上海证券交易所,603138,海量数据,北京海量数据技术股份有限公司,20170306,信息传输、软件和信息技术服务业,2,上交所接口所列A股/科创板及指定状态,https://query.sse.com.cn/commonQuery.do?sqlId=COMMON_SSE_CP_GPJCTPZ_GPLB_GP_L,2026-08-06
上海证券交易所,603139,康惠股份,陕西康惠制药股份有限公司,20170421,制造业,2,上交所接口所列A股/科创板及指定状态,https://query.sse.com.cn/commonQuery.do?sqlId=COMMON_SSE_CP_GPJCTPZ_GPLB_GP_L,2026-08-06
上海证券交易所,603150,万朗磁塑,安徽万朗磁塑股份有限公司,20220124,制造业,2,上交所接口所列A股/科创板及指定状态,https://query.sse.com.cn/commonQuery.do?sqlId=COMMON_SSE_CP_GPJCTPZ_GPLB_GP_L,2026-08-06
上海证券交易所,603151,邦基科技,山东邦基科技股份有限公司,20221019,制造业,2,上交所接口所列A股/科创板及指定状态,https://query.sse.com.cn/commonQuery.do?sqlId=COMMON_SSE_CP_GPJCTPZ_GPLB_GP_L,2026-08-06
上海证券交易所,603153,上海建科,上海建科咨询集团股份有限公司,20230313,科学研究和技术服务业,2,上交所接口所列A股/科创板及指定状态,https://query.sse.com.cn/commonQuery.do?sqlId=COMMON_SSE_CP_GPJCTPZ_GPLB_GP_L,2026-08-06
上海证券交易所,603155,新亚强,新亚强硅化学股份有限公司,20200901,制造业,2,上交所接口所列A股/科创板及指定状态,https://query.sse.com.cn/commonQuery.do?sqlId=COMMON_SSE_CP_GPJCTPZ_GPLB_GP_L,2026-08-06
上海证券交易所,603156,养元饮品,河北养元智汇饮品股份有限公司,20180212,制造业,2,上交所接口所列A股/科创板及指定状态,https://query.sse.com.cn/commonQuery.do?sqlId=COMMON_SSE_CP_GPJCTPZ_GPLB_GP_L,2026-08-06
上海证券交易所,603158,腾龙股份,常州腾龙汽车零部件股份有限公司,20150320,制造业,2,上交所接口所列A股/科创板及指定状态,https://query.sse.com.cn/commonQuery.do?sqlId=COMMON_SSE_CP_GPJCTPZ_GPLB_GP_L,2026-08-06
上海证券交易所,603159,上海亚虹,上海亚虹模具股份有限公司,20160812,制造业,2,上交所接口所列A股/科创板及指定状态,https://query.sse.com.cn/commonQuery.do?sqlId=COMMON_SSE_CP_GPJCTPZ_GPLB_GP_L,2026-08-06
上海证券交易所,603160,汇顶科技,深圳市汇顶科技股份有限公司,20161017,制造业,2,上交所接口所列A股/科创板及指定状态,https://query.sse.com.cn/commonQuery.do?sqlId=COMMON_SSE_CP_GPJCTPZ_GPLB_GP_L,2026-08-06
上海证券交易所,603161,科华控股,科华控股股份有限公司,20180105,制造业,2,上交所接口所列A股/科创板及指定状态,https://query.sse.com.cn/commonQuery.do?sqlId=COMMON_SSE_CP_GPJCTPZ_GPLB_GP_L,2026-08-06
上海证券交易所,603162,海通发展,福建海通发展股份有限公司,20230329,交通运输、仓储和邮政业,2,上交所接口所列A股/科创板及指定状态,https://query.sse.com.cn/commonQuery.do?sqlId=COMMON_SSE_CP_GPJCTPZ_GPLB_GP_L,2026-08-06
上海证券交易所,603163,圣晖集成,圣晖系统集成集团股份有限公司,20221013,建筑业,2,上交所接口所列A股/科创板及指定状态,https://query.sse.com.cn/commonQuery.do?sqlId=COMMON_SSE_CP_GPJCTPZ_GPLB_GP_L,2026-08-06
上海证券交易所,603165,荣晟环保,浙江荣晟环保纸业股份有限公司,20170117,制造业,2,上交所接口所列A股/科创板及指定状态,https://query.sse.com.cn/commonQuery.do?sqlId=COMMON_SSE_CP_GPJCTPZ_GPLB_GP_L,2026-08-06
上海证券交易所,603166,福达股份,桂林福达股份有限公司,20141127,制造业,2,上交所接口所列A股/科创板及指定状态,https://query.sse.com.cn/commonQuery.do?sqlId=COMMON_SSE_CP_GPJCTPZ_GPLB_GP_L,2026-08-06
上海证券交易所,603167,渤海轮渡,渤海轮渡集团股份有限公司,20120906,交通运输、仓储和邮政业,2,上交所接口所列A股/科创板及指定状态,https://query.sse.com.cn/commonQuery.do?sqlId=COMMON_SSE_CP_GPJCTPZ_GPLB_GP_L,2026-08-06
上海证券交易所,603168,莎普爱思,浙江莎普爱思药业股份有限公司,20140702,制造业,2,上交所接口所列A股/科创板及指定状态,https://query.sse.com.cn/commonQuery.do?sqlId=COMMON_SSE_CP_GPJCTPZ_GPLB_GP_L,2026-08-06
上海证券交易所,603169,兰石重装,兰州兰石重型装备股份有限公司,20141009,制造业,2,上交所接口所列A股/科创板及指定状态,https://query.sse.com.cn/commonQuery.do?sqlId=COMMON_SSE_CP_GPJCTPZ_GPLB_GP_L,2026-08-06
上海证券交易所,603170,宝立食品,上海宝立食品科技股份有限公司,20220715,制造业,2,上交所接口所列A股/科创板及指定状态,https://query.sse.com.cn/commonQuery.do?sqlId=COMMON_SSE_CP_GPJCTPZ_GPLB_GP_L,2026-08-06
上海证券交易所,603171,税友股份,税友软件集团股份有限公司,20210630,信息传输、软件和信息技术服务业,2,上交所接口所列A股/科创板及指定状态,https://query.sse.com.cn/commonQuery.do?sqlId=COMMON_SSE_CP_GPJCTPZ_GPLB_GP_L,2026-08-06
上海证券交易所,603172,万丰股份,浙江万丰化工股份有限公司,20230510,制造业,2,上交所接口所列A股/科创板及指定状态,https://query.sse.com.cn/commonQuery.do?sqlId=COMMON_SSE_CP_GPJCTPZ_GPLB_GP_L,2026-08-06
上海证券交易所,603173,福斯达,杭州福斯达深冷装备股份有限公司,20230130,制造业,2,上交所接口所列A股/科创板及指定状态,https://query.sse.com.cn/commonQuery.do?sqlId=COMMON_SSE_CP_GPJCTPZ_GPLB_GP_L,2026-08-06
上海证券交易所,603175,超颖电子,超颖电子电路股份有限公司,20251024,制造业,2,上交所接口所列A股/科创板及指定状态,https://query.sse.com.cn/commonQuery.do?sqlId=COMMON_SSE_CP_GPJCTPZ_GPLB_GP_L,2026-08-06
上海证券交易所,603176,汇通集团,汇通建设集团股份有限公司,20211231,建筑业,2,上交所接口所列A股/科创板及指定状态,https://query.sse.com.cn/commonQuery.do?sqlId=COMMON_SSE_CP_GPJCTPZ_GPLB_GP_L,2026-08-06
上海证券交易所,603177,德创环保,浙江德创环保科技股份有限公司,20170207,水利、环境和公共设施管理业,2,上交所接口所列A股/科创板及指定状态,https://query.sse.com.cn/commonQuery.do?sqlId=COMMON_SSE_CP_GPJCTPZ_GPLB_GP_L,2026-08-06
上海证券交易所,603178,圣龙股份,宁波圣龙汽车动力系统股份有限公司,20170328,制造业,2,上交所接口所列A股/科创板及指定状态,https://query.sse.com.cn/commonQuery.do?sqlId=COMMON_SSE_CP_GPJCTPZ_GPLB_GP_L,2026-08-06
上海证券交易所,603179,新泉股份,江苏新泉汽车饰件股份有限公司,20170317,制造业,2,上交所接口所列A股/科创板及指定状态,https://query.sse.com.cn/commonQuery.do?sqlId=COMMON_SSE_CP_GPJCTPZ_GPLB_GP_L,2026-08-06
上海证券交易所,603180,金牌家居,金牌厨柜家居科技股份有限公司,20170512,制造业,2,上交所接口所列A股/科创板及指定状态,https://query.sse.com.cn/commonQuery.do?sqlId=COMMON_SSE_CP_GPJCTPZ_GPLB_GP_L,2026-08-06
上海证券交易所,603181,皇马科技,浙江皇马科技股份有限公司,20170824,制造业,2,上交所接口所列A股/科创板及指定状态,https://query.sse.com.cn/commonQuery.do?sqlId=COMMON_SSE_CP_GPJCTPZ_GPLB_GP_L,2026-08-06
上海证券交易所,603182,嘉华股份,山东嘉华生物科技股份有限公司,20220909,制造业,2,上交所接口所列A股/科创板及指定状态,https://query.sse.com.cn/commonQuery.do?sqlId=COMMON_SSE_CP_GPJCTPZ_GPLB_GP_L,2026-08-06
上海证券交易所,603183,建研院,苏州市建筑科学研究院集团股份有限公司,20170905,科学研究和技术服务业,2,上交所接口所列A股/科创板及指定状态,https://query.sse.com.cn/commonQuery.do?sqlId=COMMON_SSE_CP_GPJCTPZ_GPLB_GP_L,2026-08-06
上海证券交易所,603185,弘元绿能,弘元绿色能源股份有限公司,20181228,制造业,2,上交所接口所列A股/科创板及指定状态,https://query.sse.com.cn/commonQuery.do?sqlId=COMMON_SSE_CP_GPJCTPZ_GPLB_GP_L,2026-08-06
上海证券交易所,603186,华正新材,浙江华正新材料股份有限公司,20170103,制造业,2,上交所接口所列A股/科创板及指定状态,https://query.sse.com.cn/commonQuery.do?sqlId=COMMON_SSE_CP_GPJCTPZ_GPLB_GP_L,2026-08-06
上海证券交易所,603187,海容冷链,青岛海容商用冷链股份有限公司,20181129,制造业,2,上交所接口所列A股/科创板及指定状态,https://query.sse.com.cn/commonQuery.do?sqlId=COMMON_SSE_CP_GPJCTPZ_GPLB_GP_L,2026-08-06
上海证券交易所,603188,亚邦股份,江苏亚邦染料股份有限公司,20140909,制造业,2,上交所接口所列A股/科创板及指定状态,https://query.sse.com.cn/commonQuery.do?sqlId=COMMON_SSE_CP_GPJCTPZ_GPLB_GP_L,2026-08-06
上海证券交易所,603189,*ST网达,上海网达软件股份有限公司,20160914,信息传输、软件和信息技术服务业,7,上交所接口所列A股/科创板及指定状态,https://query.sse.com.cn/commonQuery.do?sqlId=COMMON_SSE_CP_GPJCTPZ_GPLB_GP_L,2026-08-06
上海证券交易所,603190,亚通精工,烟台亚通精工机械股份有限公司,20230217,制造业,2,上交所接口所列A股/科创板及指定状态,https://query.sse.com.cn/commonQuery.do?sqlId=COMMON_SSE_CP_GPJCTPZ_GPLB_GP_L,2026-08-06
上海证券交易所,603191,望变电气,重庆望变电气(集团)股份有限公司,20220428,制造业,2,上交所接口所列A股/科创板及指定状态,https://query.sse.com.cn/commonQuery.do?sqlId=COMMON_SSE_CP_GPJCTPZ_GPLB_GP_L,2026-08-06
上海证券交易所,603192,汇得科技,上海汇得科技股份有限公司,20180828,制造业,2,上交所接口所列A股/科创板及指定状态,https://query.sse.com.cn/commonQuery.do?sqlId=COMMON_SSE_CP_GPJCTPZ_GPLB_GP_L,2026-08-06
上海证券交易所,603193,润本股份,润本生物技术股份有限公司,20231017,制造业,2,上交所接口所列A股/科创板及指定状态,https://query.sse.com.cn/commonQuery.do?sqlId=COMMON_SSE_CP_GPJCTPZ_GPLB_GP_L,2026-08-06
上海证券交易所,603194,中力股份,浙江中力机械股份有限公司,20241224,制造业,2,上交所接口所列A股/科创板及指定状态,https://query.sse.com.cn/commonQuery.do?sqlId=COMMON_SSE_CP_GPJCTPZ_GPLB_GP_L,2026-08-06
上海证券交易所,603195,公牛集团,公牛集团股份有限公司,20200206,制造业,2,上交所接口所列A股/科创板及指定状态,https://query.sse.com.cn/commonQuery.do?sqlId=COMMON_SSE_CP_GPJCTPZ_GPLB_GP_L,2026-08-06
上海证券交易所,603196,璞源材料,上海璞源化学材料集团股份有限公司,20170531,制造业,2,上交所接口所列A股/科创板及指定状态,https://query.sse.com.cn/commonQuery.do?sqlId=COMMON_SSE_CP_GPJCTPZ_GPLB_GP_L,2026-08-06
上海证券交易所,603197,保隆科技,上海保隆汽车科技股份有限公司,20170519,制造业,2,上交所接口所列A股/科创板及指定状态,https://query.sse.com.cn/commonQuery.do?sqlId=COMMON_SSE_CP_GPJCTPZ_GPLB_GP_L,2026-08-06
上海证券交易所,603198,迎驾贡酒,安徽迎驾贡酒股份有限公司,20150528,制造业,2,上交所接口所列A股/科创板及指定状态,https://query.sse.com.cn/commonQuery.do?sqlId=COMMON_SSE_CP_GPJCTPZ_GPLB_GP_L,2026-08-06
上海证券交易所,603199,九华旅游,安徽九华山旅游发展股份有限公司,20150326,水利、环境和公共设施管理业,2,上交所接口所列A股/科创板及指定状态,https://query.sse.com.cn/commonQuery.do?sqlId=COMMON_SSE_CP_GPJCTPZ_GPLB_GP_L,2026-08-06
上海证券交易所,603200,上海洗霸,上海洗霸科技股份有限公司,20170601,水利、环境和公共设施管理业,2,上交所接口所列A股/科创板及指定状态,https://query.sse.com.cn/commonQuery.do?sqlId=COMMON_SSE_CP_GPJCTPZ_GPLB_GP_L,2026-08-06
上海证券交易所,603201,常润股份,常熟通润汽车零部件股份有限公司,20220729,制造业,2,上交所接口所列A股/科创板及指定状态,https://query.sse.com.cn/commonQuery.do?sqlId=COMMON_SSE_CP_GPJCTPZ_GPLB_GP_L,2026-08-06
上海证券交易所,603202,天有为,黑龙江天有为电子股份有限公司,20250424,制造业,2,上交所接口所列A股/科创板及指定状态,https://query.sse.com.cn/commonQuery.do?sqlId=COMMON_SSE_CP_GPJCTPZ_GPLB_GP_L,2026-08-06
上海证券交易所,603203,快克智能,快克智能装备股份有限公司,20161108,制造业,2,上交所接口所列A股/科创板及指定状态,https://query.sse.com.cn/commonQuery.do?sqlId=COMMON_SSE_CP_GPJCTPZ_GPLB_GP_L,2026-08-06
上海证券交易所,603205,健尔康,健尔康医疗科技股份有限公司,20241107,制造业,2,上交所接口所列A股/科创板及指定状态,https://query.sse.com.cn/commonQuery.do?sqlId=COMMON_SSE_CP_GPJCTPZ_GPLB_GP_L,2026-08-06
上海证券交易所,603206,嘉环科技,嘉环科技股份有限公司,20220506,信息传输、软件和信息技术服务业,2,上交所接口所列A股/科创板及指定状态,https://query.sse.com.cn/commonQuery.do?sqlId=COMMON_SSE_CP_GPJCTPZ_GPLB_GP_L,2026-08-06
上海证券交易所,603207,小方制药,上海小方制药股份有限公司,20240826,制造业,2,上交所接口所列A股/科创板及指定状态,https://query.sse.com.cn/commonQuery.do?sqlId=COMMON_SSE_CP_GPJCTPZ_GPLB_GP_L,2026-08-06
上海证券交易所,603208,江山欧派,江山欧派门业股份有限公司,20170210,制造业,2,上交所接口所列A股/科创板及指定状态,https://query.sse.com.cn/commonQuery.do?sqlId=COMMON_SSE_CP_GPJCTPZ_GPLB_GP_L,2026-08-06
上海证券交易所,603209,兴通股份,兴通海运股份有限公司,20220324,交通运输、仓储和邮政业,2,上交所接口所列A股/科创板及指定状态,https://query.sse.com.cn/commonQuery.do?sqlId=COMMON_SSE_CP_GPJCTPZ_GPLB_GP_L,2026-08-06
上海证券交易所,603210,泰鸿万立,浙江泰鸿万立科技股份有限公司,20250409,制造业,2,上交所接口所列A股/科创板及指定状态,https://query.sse.com.cn/commonQuery.do?sqlId=COMMON_SSE_CP_GPJCTPZ_GPLB_GP_L,2026-08-06
上海证券交易所,603211,晋拓股份,晋拓科技股份有限公司,20220725,制造业,2,上交所接口所列A股/科创板及指定状态,https://query.sse.com.cn/commonQuery.do?sqlId=COMMON_SSE_CP_GPJCTPZ_GPLB_GP_L,2026-08-06
上海证券交易所,603212,赛伍技术,苏州赛伍应用技术股份有限公司,20200430,制造业,2,上交所接口所列A股/科创板及指定状态,https://query.sse.com.cn/commonQuery.do?sqlId=COMMON_SSE_CP_GPJCTPZ_GPLB_GP_L,2026-08-06
上海证券交易所,603213,镇洋发展,浙江镇洋发展股份有限公司,20211111,制造业,2,上交所接口所列A股/科创板及指定状态,https://query.sse.com.cn/commonQuery.do?sqlId=COMMON_SSE_CP_GPJCTPZ_GPLB_GP_L,2026-08-06
上海证券交易所,603214,爱婴室,上海爱婴室商务服务股份有限公司,20180330,批发和零售业,2,上交所接口所列A股/科创板及指定状态,https://query.sse.com.cn/commonQuery.do?sqlId=COMMON_SSE_CP_GPJCTPZ_GPLB_GP_L,2026-08-06
上海证券交易所,603215,比依股份,浙江比依电器股份有限公司,20220218,制造业,2,上交所接口所列A股/科创板及指定状态,https://query.sse.com.cn/commonQuery.do?sqlId=COMMON_SSE_CP_GPJCTPZ_GPLB_GP_L,2026-08-06
上海证券交易所,603216,梦天家居,梦天家居集团股份有限公司,20211215,制造业,2,上交所接口所列A股/科创板及指定状态,https://query.sse.com.cn/commonQuery.do?sqlId=COMMON_SSE_CP_GPJCTPZ_GPLB_GP_L,2026-08-06
上海证券交易所,603217,元利科技,元利化学集团股份有限公司,20190620,制造业,2,上交所接口所列A股/科创板及指定状态,https://query.sse.com.cn/commonQuery.do?sqlId=COMMON_SSE_CP_GPJCTPZ_GPLB_GP_L,2026-08-06
上海证券交易所,603218,日月股份,日月重工股份有限公司,20161228,制造业,2,上交所接口所列A股/科创板及指定状态,https://query.sse.com.cn/commonQuery.do?sqlId=COMMON_SSE_CP_GPJCTPZ_GPLB_GP_L,2026-08-06
上海证券交易所,603219,富佳股份,宁波富佳实业股份有限公司,20211122,制造业,2,上交所接口所列A股/科创板及指定状态,https://query.sse.com.cn/commonQuery.do?sqlId=COMMON_SSE_CP_GPJCTPZ_GPLB_GP_L,2026-08-06
上海证券交易所,603220,中贝通信,中贝通信集团股份有限公司,20181115,信息传输、软件和信息技术服务业,2,上交所接口所列A股/科创板及指定状态,https://query.sse.com.cn/commonQuery.do?sqlId=COMMON_SSE_CP_GPJCTPZ_GPLB_GP_L,2026-08-06
上海证券交易所,603221,爱丽家居,爱丽家居科技股份有限公司,20200323,制造业,2,上交所接口所列A股/科创板及指定状态,https://query.sse.com.cn/commonQuery.do?sqlId=COMMON_SSE_CP_GPJCTPZ_GPLB_GP_L,2026-08-06
上海证券交易所,603222,济民健康,济民健康管理股份有限公司,20150217,制造业,2,上交所接口所列A股/科创板及指定状态,https://query.sse.com.cn/commonQuery.do?sqlId=COMMON_SSE_CP_GPJCTPZ_GPLB_GP_L,2026-08-06
上海证券交易所,603223,恒通股份,恒通物流股份有限公司,20150630,电力、热力、燃气及水生产和供应业,2,上交所接口所列A股/科创板及指定状态,https://query.sse.com.cn/commonQuery.do?sqlId=COMMON_SSE_CP_GPJCTPZ_GPLB_GP_L,2026-08-06
上海证券交易所,603225,新凤鸣,新凤鸣集团股份有限公司,20170418,制造业,2,上交所接口所列A股/科创板及指定状态,https://query.sse.com.cn/commonQuery.do?sqlId=COMMON_SSE_CP_GPJCTPZ_GPLB_GP_L,2026-08-06
上海证券交易所,603226,菲林格尔,菲林格尔家居科技股份有限公司,20170615,制造业,2,上交所接口所列A股/科创板及指定状态,https://query.sse.com.cn/commonQuery.do?sqlId=COMMON_SSE_CP_GPJCTPZ_GPLB_GP_L,2026-08-06
上海证券交易所,603227,雪峰科技,新疆雪峰科技(集团)股份有限公司,20150515,制造业,2,上交所接口所列A股/科创板及指定状态,https://query.sse.com.cn/commonQuery.do?sqlId=COMMON_SSE_CP_GPJCTPZ_GPLB_GP_L,2026-08-06
上海证券交易所,603228,景旺电子,深圳市景旺电子股份有限公司,20170106,制造业,2,上交所接口所列A股/科创板及指定状态,https://query.sse.com.cn/commonQuery.do?sqlId=COMMON_SSE_CP_GPJCTPZ_GPLB_GP_L,2026-08-06
上海证券交易所,603229,奥翔药业,浙江奥翔药业股份有限公司,20170509,制造业,2,上交所接口所列A股/科创板及指定状态,https://query.sse.com.cn/commonQuery.do?sqlId=COMMON_SSE_CP_GPJCTPZ_GPLB_GP_L,2026-08-06
上海证券交易所,603230,内蒙新华,内蒙古新华发行集团股份有限公司,20211224,文化、体育和娱乐业,2,上交所接口所列A股/科创板及指定状态,https://query.sse.com.cn/commonQuery.do?sqlId=COMMON_SSE_CP_GPJCTPZ_GPLB_GP_L,2026-08-06
上海证券交易所,603231,索宝蛋白,宁波索宝蛋白科技股份有限公司,20231215,制造业,2,上交所接口所列A股/科创板及指定状态,https://query.sse.com.cn/commonQuery.do?sqlId=COMMON_SSE_CP_GPJCTPZ_GPLB_GP_L,2026-08-06
上海证券交易所,603232,格尔软件,格尔软件股份有限公司,20170421,信息传输、软件和信息技术服务业,2,上交所接口所列A股/科创板及指定状态,https://query.sse.com.cn/commonQuery.do?sqlId=COMMON_SSE_CP_GPJCTPZ_GPLB_GP_L,2026-08-06
上海证券交易所,603233,大参林,大参林医药集团股份有限公司,20170731,批发和零售业,2,上交所接口所列A股/科创板及指定状态,https://query.sse.com.cn/commonQuery.do?sqlId=COMMON_SSE_CP_GPJCTPZ_GPLB_GP_L,2026-08-06
上海证券交易所,603235,天新药业,江西天新药业股份有限公司,20220712,制造业,2,上交所接口所列A股/科创板及指定状态,https://query.sse.com.cn/commonQuery.do?sqlId=COMMON_SSE_CP_GPJCTPZ_GPLB_GP_L,2026-08-06
上海证券交易所,603236,移远通信,上海移远通信技术股份有限公司,20190716,制造业,2,上交所接口所列A股/科创板及指定状态,https://query.sse.com.cn/commonQuery.do?sqlId=COMMON_SSE_CP_GPJCTPZ_GPLB_GP_L,2026-08-06
上海证券交易所,603237,五芳斋,浙江五芳斋实业股份有限公司,20220831,制造业,2,上交所接口所列A股/科创板及指定状态,https://query.sse.com.cn/commonQuery.do?sqlId=COMMON_SSE_CP_GPJCTPZ_GPLB_GP_L,2026-08-06
上海证券交易所,603238,诺邦股份,杭州诺邦无纺股份有限公司,20170222,制造业,2,上交所接口所列A股/科创板及指定状态,https://query.sse.com.cn/commonQuery.do?sqlId=COMMON_SSE_CP_GPJCTPZ_GPLB_GP_L,2026-08-06
上海证券交易所,603239,浙江仙通,浙江仙通橡塑股份有限公司,20161230,制造业,2,上交所接口所列A股/科创板及指定状态,https://query.sse.com.cn/commonQuery.do?sqlId=COMMON_SSE_CP_GPJCTPZ_GPLB_GP_L,2026-08-06
上海证券交易所,603248,锡华科技,江苏锡华新能源科技股份有限公司,20251223,制造业,2,上交所接口所列A股/科创板及指定状态,https://query.sse.com.cn/commonQuery.do?sqlId=COMMON_SSE_CP_GPJCTPZ_GPLB_GP_L,2026-08-06
上海证券交易所,603255,鼎际得,辽宁鼎际得石化股份有限公司,20220818,制造业,2,上交所接口所列A股/科创板及指定状态,https://query.sse.com.cn/commonQuery.do?sqlId=COMMON_SSE_CP_GPJCTPZ_GPLB_GP_L,2026-08-06
上海证券交易所,603256,宏和科技,宏和电子材料科技股份有限公司,20190719,制造业,2,上交所接口所列A股/科创板及指定状态,https://query.sse.com.cn/commonQuery.do?sqlId=COMMON_SSE_CP_GPJCTPZ_GPLB_GP_L,2026-08-06
上海证券交易所,603257,中国瑞林,中国瑞林工程技术股份有限公司,20250408,科学研究和技术服务业,2,上交所接口所列A股/科创板及指定状态,https://query.sse.com.cn/commonQuery.do?sqlId=COMMON_SSE_CP_GPJCTPZ_GPLB_GP_L,2026-08-06
上海证券交易所,603258,电魂网络,杭州电魂网络科技股份有限公司,20161026,信息传输、软件和信息技术服务业,2,上交所接口所列A股/科创板及指定状态,https://query.sse.com.cn/commonQuery.do?sqlId=COMMON_SSE_CP_GPJCTPZ_GPLB_GP_L,2026-08-06
上海证券交易所,603259,药明康德,无锡药明康德新药开发股份有限公司,20180508,科学研究和技术服务业,2,上交所接口所列A股/科创板及指定状态,https://query.sse.com.cn/commonQuery.do?sqlId=COMMON_SSE_CP_GPJCTPZ_GPLB_GP_L,2026-08-06
上海证券交易所,603260,合盛硅业,合盛硅业股份有限公司,20171030,制造业,2,上交所接口所列A股/科创板及指定状态,https://query.sse.com.cn/commonQuery.do?sqlId=COMMON_SSE_CP_GPJCTPZ_GPLB_GP_L,2026-08-06
上海证券交易所,603261,立航科技,成都立航科技股份有限公司,20220315,制造业,2,上交所接口所列A股/科创板及指定状态,https://query.sse.com.cn/commonQuery.do?sqlId=COMMON_SSE_CP_GPJCTPZ_GPLB_GP_L,2026-08-06
上海证券交易所,603262,技源集团,技源集团股份有限公司,20250723,制造业,2,上交所接口所列A股/科创板及指定状态,https://query.sse.com.cn/commonQuery.do?sqlId=COMMON_SSE_CP_GPJCTPZ_GPLB_GP_L,2026-08-06
上海证券交易所,603266,天龙股份,宁波天龙电子股份有限公司,20170110,制造业,2,上交所接口所列A股/科创板及指定状态,https://query.sse.com.cn/commonQuery.do?sqlId=COMMON_SSE_CP_GPJCTPZ_GPLB_GP_L,2026-08-06
上海证券交易所,603267,鸿远电子,北京元六鸿远电子科技股份有限公司,20190515,制造业,2,上交所接口所列A股/科创板及指定状态,https://query.sse.com.cn/commonQuery.do?sqlId=COMMON_SSE_CP_GPJCTPZ_GPLB_GP_L,2026-08-06
上海证券交易所,603268,松发股份,广东松发陶瓷股份有限公司,20150319,制造业,2,上交所接口所列A股/科创板及指定状态,https://query.sse.com.cn/commonQuery.do?sqlId=COMMON_SSE_CP_GPJCTPZ_GPLB_GP_L,2026-08-06
上海证券交易所,603269,海鸥股份,江苏海鸥冷却塔股份有限公司,20170517,制造业,2,上交所接口所列A股/科创板及指定状态,https://query.sse.com.cn/commonQuery.do?sqlId=COMMON_SSE_CP_GPJCTPZ_GPLB_GP_L,2026-08-06
上海证券交易所,603270,金帝股份,山东金帝精密机械科技股份有限公司,20230901,制造业,2,上交所接口所列A股/科创板及指定状态,https://query.sse.com.cn/commonQuery.do?sqlId=COMMON_SSE_CP_GPJCTPZ_GPLB_GP_L,2026-08-06
上海证券交易所,603271,永杰新材,永杰新材料股份有限公司,20250311,制造业,2,上交所接口所列A股/科创板及指定状态,https://query.sse.com.cn/commonQuery.do?sqlId=COMMON_SSE_CP_GPJCTPZ_GPLB_GP_L,2026-08-06
上海证券交易所,603272,*ST联翔,浙江联翔智能家居股份有限公司,20220520,制造业,7,上交所接口所列A股/科创板及指定状态,https://query.sse.com.cn/commonQuery.do?sqlId=COMMON_SSE_CP_GPJCTPZ_GPLB_GP_L,2026-08-06
上海证券交易所,603273,天元智能,江苏天元智能装备股份有限公司,20231023,制造业,2,上交所接口所列A股/科创板及指定状态,https://query.sse.com.cn/commonQuery.do?sqlId=COMMON_SSE_CP_GPJCTPZ_GPLB_GP_L,2026-08-06
上海证券交易所,603275,众辰科技,上海众辰电子科技股份有限公司,20230823,制造业,2,上交所接口所列A股/科创板及指定状态,https://query.sse.com.cn/commonQuery.do?sqlId=COMMON_SSE_CP_GPJCTPZ_GPLB_GP_L,2026-08-06
上海证券交易所,603276,恒兴新材,江苏恒兴新材料科技股份有限公司,20230925,制造业,2,上交所接口所列A股/科创板及指定状态,https://query.sse.com.cn/commonQuery.do?sqlId=COMMON_SSE_CP_GPJCTPZ_GPLB_GP_L,2026-08-06
上海证券交易所,603277,银都股份,银都餐饮设备股份有限公司,20170911,制造业,2,上交所接口所列A股/科创板及指定状态,https://query.sse.com.cn/commonQuery.do?sqlId=COMMON_SSE_CP_GPJCTPZ_GPLB_GP_L,2026-08-06
上海证券交易所,603278,大业股份,山东大业股份有限公司,20171113,制造业,2,上交所接口所列A股/科创板及指定状态,https://query.sse.com.cn/commonQuery.do?sqlId=COMMON_SSE_CP_GPJCTPZ_GPLB_GP_L,2026-08-06
上海证券交易所,603279,景津装备,景津装备股份有限公司,20190729,制造业,2,上交所接口所列A股/科创板及指定状态,https://query.sse.com.cn/commonQuery.do?sqlId=COMMON_SSE_CP_GPJCTPZ_GPLB_GP_L,2026-08-06
上海证券交易所,603280,南方路机,福建南方路面机械股份有限公司,20221108,制造业,2,上交所接口所列A股/科创板及指定状态,https://query.sse.com.cn/commonQuery.do?sqlId=COMMON_SSE_CP_GPJCTPZ_GPLB_GP_L,2026-08-06
上海证券交易所,603281,江瀚新材,湖北江瀚新材料股份有限公司,20230131,制造业,2,上交所接口所列A股/科创板及指定状态,https://query.sse.com.cn/commonQuery.do?sqlId=COMMON_SSE_CP_GPJCTPZ_GPLB_GP_L,2026-08-06
上海证券交易所,603282,亚光股份,浙江亚光科技股份有限公司,20230315,制造业,2,上交所接口所列A股/科创板及指定状态,https://query.sse.com.cn/commonQuery.do?sqlId=COMMON_SSE_CP_GPJCTPZ_GPLB_GP_L,2026-08-06
上海证券交易所,603283,赛腾股份,苏州赛腾精密电子股份有限公司,20171225,制造业,2,上交所接口所列A股/科创板及指定状态,https://query.sse.com.cn/commonQuery.do?sqlId=COMMON_SSE_CP_GPJCTPZ_GPLB_GP_L,2026-08-06
上海证券交易所,603284,林平发展,安徽林平循环发展股份有限公司,20260210,制造业,2,上交所接口所列A股/科创板及指定状态,https://query.sse.com.cn/commonQuery.do?sqlId=COMMON_SSE_CP_GPJCTPZ_GPLB_GP_L,2026-08-06
上海证券交易所,603285,键邦股份,山东键邦新材料股份有限公司,20240705,制造业,2,上交所接口所列A股/科创板及指定状态,https://query.sse.com.cn/commonQuery.do?sqlId=COMMON_SSE_CP_GPJCTPZ_GPLB_GP_L,2026-08-06
上海证券交易所,603286,日盈电子,江苏日盈电子股份有限公司,20170627,制造业,2,上交所接口所列A股/科创板及指定状态,https://query.sse.com.cn/commonQuery.do?sqlId=COMMON_SSE_CP_GPJCTPZ_GPLB_GP_L,2026-08-06
上海证券交易所,603288,海天味业,佛山市海天调味食品股份有限公司,20140211,制造业,2,上交所接口所列A股/科创板及指定状态,https://query.sse.com.cn/commonQuery.do?sqlId=COMMON_SSE_CP_GPJCTPZ_GPLB_GP_L,2026-08-06
上海证券交易所,603289,泰瑞机器,泰瑞机器股份有限公司,20171031,制造业,2,上交所接口所列A股/科创板及指定状态,https://query.sse.com.cn/commonQuery.do?sqlId=COMMON_SSE_CP_GPJCTPZ_GPLB_GP_L,2026-08-06
上海证券交易所,603290,斯达半导,斯达半导体股份有限公司,20200204,制造业,2,上交所接口所列A股/科创板及指定状态,https://query.sse.com.cn/commonQuery.do?sqlId=COMMON_SSE_CP_GPJCTPZ_GPLB_GP_L,2026-08-06
上海证券交易所,603291,联合水务,江苏联合水务科技股份有限公司,20230327,电力、热力、燃气及水生产和供应业,2,上交所接口所列A股/科创板及指定状态,https://query.sse.com.cn/commonQuery.do?sqlId=COMMON_SSE_CP_GPJCTPZ_GPLB_GP_L,2026-08-06
上海证券交易所,603293,埃泰克,芜湖埃泰克汽车电子股份有限公司,20260416,制造业,2,上交所接口所列A股/科创板及指定状态,https://query.sse.com.cn/commonQuery.do?sqlId=COMMON_SSE_CP_GPJCTPZ_GPLB_GP_L,2026-08-06
上海证券交易所,603296,华勤技术,华勤技术股份有限公司,20230808,制造业,2,上交所接口所列A股/科创板及指定状态,https://query.sse.com.cn/commonQuery.do?sqlId=COMMON_SSE_CP_GPJCTPZ_GPLB_GP_L,2026-08-06
上海证券交易所,603297,永新光学,宁波永新光学股份有限公司,20180910,制造业,2,上交所接口所列A股/科创板及指定状态,https://query.sse.com.cn/commonQuery.do?sqlId=COMMON_SSE_CP_GPJCTPZ_GPLB_GP_L,2026-08-06
上海证券交易所,603298,杭叉集团,杭叉集团股份有限公司,20161227,制造业,2,上交所接口所列A股/科创板及指定状态,https://query.sse.com.cn/commonQuery.do?sqlId=COMMON_SSE_CP_GPJCTPZ_GPLB_GP_L,2026-08-06
上海证券交易所,603299,苏盐井神,江苏苏盐井神股份有限公司,20151231,制造业,2,上交所接口所列A股/科创板及指定状态,https://query.sse.com.cn/commonQuery.do?sqlId=COMMON_SSE_CP_GPJCTPZ_GPLB_GP_L,2026-08-06
上海证券交易所,603300,海南华铁,浙江海控南科华铁数智科技股份有限公司,20150529,租赁和商务服务业,2,上交所接口所列A股/科创板及指定状态,https://query.sse.com.cn/commonQuery.do?sqlId=COMMON_SSE_CP_GPJCTPZ_GPLB_GP_L,2026-08-06
上海证券交易所,603301,振德医疗,振德医疗用品股份有限公司,20180412,制造业,2,上交所接口所列A股/科创板及指定状态,https://query.sse.com.cn/commonQuery.do?sqlId=COMMON_SSE_CP_GPJCTPZ_GPLB_GP_L,2026-08-06
上海证券交易所,603303,得邦照明,横店集团得邦照明股份有限公司,20170330,制造业,2,上交所接口所列A股/科创板及指定状态,https://query.sse.com.cn/commonQuery.do?sqlId=COMMON_SSE_CP_GPJCTPZ_GPLB_GP_L,2026-08-06
上海证券交易所,603305,旭升集团,宁波旭升集团股份有限公司,20170710,制造业,2,上交所接口所列A股/科创板及指定状态,https://query.sse.com.cn/commonQuery.do?sqlId=COMMON_SSE_CP_GPJCTPZ_GPLB_GP_L,2026-08-06
上海证券交易所,603306,华懋科技,华懋(厦门)新材料科技股份有限公司,20140926,制造业,2,上交所接口所列A股/科创板及指定状态,https://query.sse.com.cn/commonQuery.do?sqlId=COMMON_SSE_CP_GPJCTPZ_GPLB_GP_L,2026-08-06
上海证券交易所,603307,扬州金泉,扬州金泉旅游用品股份有限公司,20230216,制造业,2,上交所接口所列A股/科创板及指定状态,https://query.sse.com.cn/commonQuery.do?sqlId=COMMON_SSE_CP_GPJCTPZ_GPLB_GP_L,2026-08-06
上海证券交易所,603308,应流股份,安徽应流机电股份有限公司,20140122,制造业,2,上交所接口所列A股/科创板及指定状态,https://query.sse.com.cn/commonQuery.do?sqlId=COMMON_SSE_CP_GPJCTPZ_GPLB_GP_L,2026-08-06
上海证券交易所,603309,维力医疗,广州维力医疗器械股份有限公司,20150302,制造业,2,上交所接口所列A股/科创板及指定状态,https://query.sse.com.cn/commonQuery.do?sqlId=COMMON_SSE_CP_GPJCTPZ_GPLB_GP_L,2026-08-06
上海证券交易所,603310,巍华新材,浙江巍华新材料股份有限公司,20240814,制造业,2,上交所接口所列A股/科创板及指定状态,https://query.sse.com.cn/commonQuery.do?sqlId=COMMON_SSE_CP_GPJCTPZ_GPLB_GP_L,2026-08-06
上海证券交易所,603311,金海高科,浙江金海高科股份有限公司,20150518,制造业,2,上交所接口所列A股/科创板及指定状态,https://query.sse.com.cn/commonQuery.do?sqlId=COMMON_SSE_CP_GPJCTPZ_GPLB_GP_L,2026-08-06
上海证券交易所,603312,西典新能,苏州西典新能源电气股份有限公司,20240111,制造业,2,上交所接口所列A股/科创板及指定状态,https://query.sse.com.cn/commonQuery.do?sqlId=COMMON_SSE_CP_GPJCTPZ_GPLB_GP_L,2026-08-06
上海证券交易所,603313,梦百合,梦百合家居科技股份有限公司,20161013,制造业,2,上交所接口所列A股/科创板及指定状态,https://query.sse.com.cn/commonQuery.do?sqlId=COMMON_SSE_CP_GPJCTPZ_GPLB_GP_L,2026-08-06
上海证券交易所,603315,福鞍股份,辽宁福鞍重工股份有限公司,20150424,水利、环境和公共设施管理业,2,上交所接口所列A股/科创板及指定状态,https://query.sse.com.cn/commonQuery.do?sqlId=COMMON_SSE_CP_GPJCTPZ_GPLB_GP_L,2026-08-06
上海证券交易所,603316,诚邦股份,诚邦智芯科技股份有限公司,20170619,建筑业,2,上交所接口所列A股/科创板及指定状态,https://query.sse.com.cn/commonQuery.do?sqlId=COMMON_SSE_CP_GPJCTPZ_GPLB_GP_L,2026-08-06
上海证券交易所,603317,天味食品,四川天味食品集团股份有限公司,20190416,制造业,2,上交所接口所列A股/科创板及指定状态,https://query.sse.com.cn/commonQuery.do?sqlId=COMMON_SSE_CP_GPJCTPZ_GPLB_GP_L,2026-08-06
上海证券交易所,603318,水发燃气,水发派思燃气股份有限公司,20150424,电力、热力、燃气及水生产和供应业,2,上交所接口所列A股/科创板及指定状态,https://query.sse.com.cn/commonQuery.do?sqlId=COMMON_SSE_CP_GPJCTPZ_GPLB_GP_L,2026-08-06
上海证券交易所,603319,美湖股份,湖南美湖智造股份有限公司,20161130,制造业,2,上交所接口所列A股/科创板及指定状态,https://query.sse.com.cn/commonQuery.do?sqlId=COMMON_SSE_CP_GPJCTPZ_GPLB_GP_L,2026-08-06
上海证券交易所,603320,迪贝电气,浙江迪贝电气股份有限公司,20170502,制造业,2,上交所接口所列A股/科创板及指定状态,https://query.sse.com.cn/commonQuery.do?sqlId=COMMON_SSE_CP_GPJCTPZ_GPLB_GP_L,2026-08-06
上海证券交易所,603321,梅轮电梯,浙江梅轮电梯股份有限公司,20170915,制造业,2,上交所接口所列A股/科创板及指定状态,https://query.sse.com.cn/commonQuery.do?sqlId=COMMON_SSE_CP_GPJCTPZ_GPLB_GP_L,2026-08-06
上海证券交易所,603322,超讯科技,超讯科技股份有限公司,20160728,信息传输、软件和信息技术服务业,2,上交所接口所列A股/科创板及指定状态,https://query.sse.com.cn/commonQuery.do?sqlId=COMMON_SSE_CP_GPJCTPZ_GPLB_GP_L,2026-08-06
上海证券交易所,603323,苏农银行,江苏苏州农村商业银行股份有限公司,20161129,金融业,2,上交所接口所列A股/科创板及指定状态,https://query.sse.com.cn/commonQuery.do?sqlId=COMMON_SSE_CP_GPJCTPZ_GPLB_GP_L,2026-08-06
上海证券交易所,603324,盛剑科技,上海盛剑科技股份有限公司,20210407,制造业,2,上交所接口所列A股/科创板及指定状态,https://query.sse.com.cn/commonQuery.do?sqlId=COMMON_SSE_CP_GPJCTPZ_GPLB_GP_L,2026-08-06
上海证券交易所,603325,博隆技术,上海博隆装备技术股份有限公司,20240110,制造业,2,上交所接口所列A股/科创板及指定状态,https://query.sse.com.cn/commonQuery.do?sqlId=COMMON_SSE_CP_GPJCTPZ_GPLB_GP_L,2026-08-06
上海证券交易所,603326,我乐家居,南京我乐家居股份有限公司,20170616,制造业,2,上交所接口所列A股/科创板及指定状态,https://query.sse.com.cn/commonQuery.do?sqlId=COMMON_SSE_CP_GPJCTPZ_GPLB_GP_L,2026-08-06
上海证券交易所,603327,福蓉科技,四川福蓉科技股份公司,20190523,制造业,2,上交所接口所列A股/科创板及指定状态,https://query.sse.com.cn/commonQuery.do?sqlId=COMMON_SSE_CP_GPJCTPZ_GPLB_GP_L,2026-08-06
上海证券交易所,603328,依顿电子,广东依顿电子科技股份有限公司,20140701,制造业,2,上交所接口所列A股/科创板及指定状态,https://query.sse.com.cn/commonQuery.do?sqlId=COMMON_SSE_CP_GPJCTPZ_GPLB_GP_L,2026-08-06
上海证券交易所,603329,上海雅仕,上海雅仕投资发展股份有限公司,20171229,租赁和商务服务业,2,上交所接口所列A股/科创板及指定状态,https://query.sse.com.cn/commonQuery.do?sqlId=COMMON_SSE_CP_GPJCTPZ_GPLB_GP_L,2026-08-06
上海证券交易所,603330,天洋新材,天洋新材(上海)科技股份有限公司,20170213,制造业,2,上交所接口所列A股/科创板及指定状态,https://query.sse.com.cn/commonQuery.do?sqlId=COMMON_SSE_CP_GPJCTPZ_GPLB_GP_L,2026-08-06
上海证券交易所,603331,百达精工,浙江百达精工股份有限公司,20170705,制造业,2,上交所接口所列A股/科创板及指定状态,https://query.sse.com.cn/commonQuery.do?sqlId=COMMON_SSE_CP_GPJCTPZ_GPLB_GP_L,2026-08-06
上海证券交易所,603332,苏州龙杰,苏州龙杰特种纤维股份有限公司,20190117,制造业,2,上交所接口所列A股/科创板及指定状态,https://query.sse.com.cn/commonQuery.do?sqlId=COMMON_SSE_CP_GPJCTPZ_GPLB_GP_L,2026-08-06
上海证券交易所,603333,福华尚纬,福华尚纬股份有限公司,20120507,制造业,2,上交所接口所列A股/科创板及指定状态,https://query.sse.com.cn/commonQuery.do?sqlId=COMMON_SSE_CP_GPJCTPZ_GPLB_GP_L,2026-08-06
上海证券交易所,603334,丰倍生物,苏州丰倍生物科技股份有限公司,20251105,制造业,2,上交所接口所列A股/科创板及指定状态,https://query.sse.com.cn/commonQuery.do?sqlId=COMMON_SSE_CP_GPJCTPZ_GPLB_GP_L,2026-08-06
上海证券交易所,603335,迪生力,广东迪生力汽配股份有限公司,20170620,制造业,2,上交所接口所列A股/科创板及指定状态,https://query.sse.com.cn/commonQuery.do?sqlId=COMMON_SSE_CP_GPJCTPZ_GPLB_GP_L,2026-08-06
上海证券交易所,603336,宏辉果蔬,宏辉果蔬股份有限公司,20161124,制造业,2,上交所接口所列A股/科创板及指定状态,https://query.sse.com.cn/commonQuery.do?sqlId=COMMON_SSE_CP_GPJCTPZ_GPLB_GP_L,2026-08-06
上海证券交易所,603337,杰克科技,杰克科技股份有限公司,20170119,制造业,2,上交所接口所列A股/科创板及指定状态,https://query.sse.com.cn/commonQuery.do?sqlId=COMMON_SSE_CP_GPJCTPZ_GPLB_GP_L,2026-08-06
上海证券交易所,603338,浙江鼎力,浙江鼎力机械股份有限公司,20150325,制造业,2,上交所接口所列A股/科创板及指定状态,https://query.sse.com.cn/commonQuery.do?sqlId=COMMON_SSE_CP_GPJCTPZ_GPLB_GP_L,2026-08-06
上海证券交易所,603339,四方科技,四方科技集团股份有限公司,20160519,制造业,2,上交所接口所列A股/科创板及指定状态,https://query.sse.com.cn/commonQuery.do?sqlId=COMMON_SSE_CP_GPJCTPZ_GPLB_GP_L,2026-08-06
上海证券交易所,603341,龙旗科技,上海龙旗科技股份有限公司,20240301,制造业,2,上交所接口所列A股/科创板及指定状态,https://query.sse.com.cn/commonQuery.do?sqlId=COMMON_SSE_CP_GPJCTPZ_GPLB_GP_L,2026-08-06
上海证券交易所,603344,星德胜,星德胜科技(苏州)股份有限公司,20240320,制造业,2,上交所接口所列A股/科创板及指定状态,https://query.sse.com.cn/commonQuery.do?sqlId=COMMON_SSE_CP_GPJCTPZ_GPLB_GP_L,2026-08-06
上海证券交易所,603345,安井食品,安井食品集团股份有限公司,20170222,制造业,2,上交所接口所列A股/科创板及指定状态,https://query.sse.com.cn/commonQuery.do?sqlId=COMMON_SSE_CP_GPJCTPZ_GPLB_GP_L,2026-08-06
上海证券交易所,603348,文灿股份,文灿集团股份有限公司,20180426,制造业,2,上交所接口所列A股/科创板及指定状态,https://query.sse.com.cn/commonQuery.do?sqlId=COMMON_SSE_CP_GPJCTPZ_GPLB_GP_L,2026-08-06
上海证券交易所,603350,安乃达,安乃达驱动技术(上海)股份有限公司,20240703,制造业,2,上交所接口所列A股/科创板及指定状态,https://query.sse.com.cn/commonQuery.do?sqlId=COMMON_SSE_CP_GPJCTPZ_GPLB_GP_L,2026-08-06
上海证券交易所,603351,威尔药业,南京威尔药业集团股份有限公司,20190130,制造业,2,上交所接口所列A股/科创板及指定状态,https://query.sse.com.cn/commonQuery.do?sqlId=COMMON_SSE_CP_GPJCTPZ_GPLB_GP_L,2026-08-06
上海证券交易所,603352,至信股份,重庆至信实业股份有限公司,20260115,制造业,2,上交所接口所列A股/科创板及指定状态,https://query.sse.com.cn/commonQuery.do?sqlId=COMMON_SSE_CP_GPJCTPZ_GPLB_GP_L,2026-08-06
上海证券交易所,603353,和顺石油,湖南和顺石油股份有限公司,20200407,批发和零售业,2,上交所接口所列A股/科创板及指定状态,https://query.sse.com.cn/commonQuery.do?sqlId=COMMON_SSE_CP_GPJCTPZ_GPLB_GP_L,2026-08-06
上海证券交易所,603355,莱克电气,莱克电气股份有限公司,20150513,制造业,2,上交所接口所列A股/科创板及指定状态,https://query.sse.com.cn/commonQuery.do?sqlId=COMMON_SSE_CP_GPJCTPZ_GPLB_GP_L,2026-08-06
上海证券交易所,603356,华菱精工,宣城市华菱精工科技股份有限公司,20180124,制造业,2,上交所接口所列A股/科创板及指定状态,https://query.sse.com.cn/commonQuery.do?sqlId=COMMON_SSE_CP_GPJCTPZ_GPLB_GP_L,2026-08-06
上海证券交易所,603357,设计总院,安徽省交通规划设计研究总院股份有限公司,20170801,科学研究和技术服务业,2,上交所接口所列A股/科创板及指定状态,https://query.sse.com.cn/commonQuery.do?sqlId=COMMON_SSE_CP_GPJCTPZ_GPLB_GP_L,2026-08-06
上海证券交易所,603358,华达科技,华达汽车科技股份有限公司,20170125,制造业,2,上交所接口所列A股/科创板及指定状态,https://query.sse.com.cn/commonQuery.do?sqlId=COMMON_SSE_CP_GPJCTPZ_GPLB_GP_L,2026-08-06
上海证券交易所,603359,*ST东珠,东珠生态环保股份有限公司,20170901,建筑业,7,上交所接口所列A股/科创板及指定状态,https://query.sse.com.cn/commonQuery.do?sqlId=COMMON_SSE_CP_GPJCTPZ_GPLB_GP_L,2026-08-06
上海证券交易所,603360,百傲化学,大连百傲化学股份有限公司,20170206,制造业,2,上交所接口所列A股/科创板及指定状态,https://query.sse.com.cn/commonQuery.do?sqlId=COMMON_SSE_CP_GPJCTPZ_GPLB_GP_L,2026-08-06
上海证券交易所,603363,傲农生物,福建傲农生物科技集团股份有限公司,20170926,制造业,2,上交所接口所列A股/科创板及指定状态,https://query.sse.com.cn/commonQuery.do?sqlId=COMMON_SSE_CP_GPJCTPZ_GPLB_GP_L,2026-08-06
上海证券交易所,603365,水星家纺,上海水星家用纺织品股份有限公司,20171120,制造业,2,上交所接口所列A股/科创板及指定状态,https://query.sse.com.cn/commonQuery.do?sqlId=COMMON_SSE_CP_GPJCTPZ_GPLB_GP_L,2026-08-06
上海证券交易所,603366,日出东方,日出东方控股股份有限公司,20120521,制造业,2,上交所接口所列A股/科创板及指定状态,https://query.sse.com.cn/commonQuery.do?sqlId=COMMON_SSE_CP_GPJCTPZ_GPLB_GP_L,2026-08-06
上海证券交易所,603367,辰欣药业,辰欣药业股份有限公司,20170929,制造业,2,上交所接口所列A股/科创板及指定状态,https://query.sse.com.cn/commonQuery.do?sqlId=COMMON_SSE_CP_GPJCTPZ_GPLB_GP_L,2026-08-06
上海证券交易所,603368,柳药集团,广西柳药集团股份有限公司,20141204,批发和零售业,2,上交所接口所列A股/科创板及指定状态,https://query.sse.com.cn/commonQuery.do?sqlId=COMMON_SSE_CP_GPJCTPZ_GPLB_GP_L,2026-08-06
上海证券交易所,603369,今世缘,江苏今世缘酒业股份有限公司,20140703,制造业,2,上交所接口所列A股/科创板及指定状态,https://query.sse.com.cn/commonQuery.do?sqlId=COMMON_SSE_CP_GPJCTPZ_GPLB_GP_L,2026-08-06
上海证券交易所,603370,华新精科,江阴华新精密科技股份有限公司,20250905,制造业,2,上交所接口所列A股/科创板及指定状态,https://query.sse.com.cn/commonQuery.do?sqlId=COMMON_SSE_CP_GPJCTPZ_GPLB_GP_L,2026-08-06
上海证券交易所,603373,安邦护卫,安邦护卫集团股份有限公司,20231220,租赁和商务服务业,2,上交所接口所列A股/科创板及指定状态,https://query.sse.com.cn/commonQuery.do?sqlId=COMMON_SSE_CP_GPJCTPZ_GPLB_GP_L,2026-08-06
上海证券交易所,603375,盛景微,无锡盛景微电子股份有限公司,20240124,制造业,2,上交所接口所列A股/科创板及指定状态,https://query.sse.com.cn/commonQuery.do?sqlId=COMMON_SSE_CP_GPJCTPZ_GPLB_GP_L,2026-08-06
上海证券交易所,603376,大明电子,大明电子股份有限公司,20251106,制造业,2,上交所接口所列A股/科创板及指定状态,https://query.sse.com.cn/commonQuery.do?sqlId=COMMON_SSE_CP_GPJCTPZ_GPLB_GP_L,2026-08-06
上海证券交易所,603377,ST东时,东方时尚驾驶学校股份有限公司,20160205,教育,7,上交所接口所列A股/科创板及指定状态,https://query.sse.com.cn/commonQuery.do?sqlId=COMMON_SSE_CP_GPJCTPZ_GPLB_GP_L,2026-08-06
上海证券交易所,603378,*ST亚士,亚士创能科技(上海)股份有限公司,20170928,制造业,7,上交所接口所列A股/科创板及指定状态,https://query.sse.com.cn/commonQuery.do?sqlId=COMMON_SSE_CP_GPJCTPZ_GPLB_GP_L,2026-08-06
上海证券交易所,603379,三美股份,浙江三美化工股份有限公司,20190402,制造业,2,上交所接口所列A股/科创板及指定状态,https://query.sse.com.cn/commonQuery.do?sqlId=COMMON_SSE_CP_GPJCTPZ_GPLB_GP_L,2026-08-06
上海证券交易所,603380,易德龙,苏州易德龙科技股份有限公司,20170622,制造业,2,上交所接口所列A股/科创板及指定状态,https://query.sse.com.cn/commonQuery.do?sqlId=COMMON_SSE_CP_GPJCTPZ_GPLB_GP_L,2026-08-06
上海证券交易所,603381,永臻股份,永臻科技股份有限公司,20240626,制造业,2,上交所接口所列A股/科创板及指定状态,https://query.sse.com.cn/commonQuery.do?sqlId=COMMON_SSE_CP_GPJCTPZ_GPLB_GP_L,2026-08-06
上海证券交易所,603382,海阳科技,海阳科技股份有限公司,20250612,制造业,2,上交所接口所列A股/科创板及指定状态,https://query.sse.com.cn/commonQuery.do?sqlId=COMMON_SSE_CP_GPJCTPZ_GPLB_GP_L,2026-08-06
上海证券交易所,603383,顶点软件,福建顶点软件股份有限公司,20170522,信息传输、软件和信息技术服务业,2,上交所接口所列A股/科创板及指定状态,https://query.sse.com.cn/commonQuery.do?sqlId=COMMON_SSE_CP_GPJCTPZ_GPLB_GP_L,2026-08-06
上海证券交易所,603385,惠达卫浴,惠达卫浴股份有限公司,20170405,制造业,2,上交所接口所列A股/科创板及指定状态,https://query.sse.com.cn/commonQuery.do?sqlId=COMMON_SSE_CP_GPJCTPZ_GPLB_GP_L,2026-08-06
上海证券交易所,603386,骏亚科技,广东骏亚电子科技股份有限公司,20170912,制造业,2,上交所接口所列A股/科创板及指定状态,https://query.sse.com.cn/commonQuery.do?sqlId=COMMON_SSE_CP_GPJCTPZ_GPLB_GP_L,2026-08-06
上海证券交易所,603387,基蛋生物,基蛋生物科技股份有限公司,20170717,制造业,2,上交所接口所列A股/科创板及指定状态,https://query.sse.com.cn/commonQuery.do?sqlId=COMMON_SSE_CP_GPJCTPZ_GPLB_GP_L,2026-08-06
上海证券交易所,603389,亚振家居,亚振家居股份有限公司,20161215,制造业,2,上交所接口所列A股/科创板及指定状态,https://query.sse.com.cn/commonQuery.do?sqlId=COMMON_SSE_CP_GPJCTPZ_GPLB_GP_L,2026-08-06
上海证券交易所,603390,通达电气,广州通达汽车电气股份有限公司,20191125,制造业,2,上交所接口所列A股/科创板及指定状态,https://query.sse.com.cn/commonQuery.do?sqlId=COMMON_SSE_CP_GPJCTPZ_GPLB_GP_L,2026-08-06
上海证券交易所,603391,力聚热能,浙江力聚热能装备股份有限公司,20240731,制造业,2,上交所接口所列A股/科创板及指定状态,https://query.sse.com.cn/commonQuery.do?sqlId=COMMON_SSE_CP_GPJCTPZ_GPLB_GP_L,2026-08-06
上海证券交易所,603392,万泰生物,北京万泰生物药业股份有限公司,20200429,制造业,2,上交所接口所列A股/科创板及指定状态,https://query.sse.com.cn/commonQuery.do?sqlId=COMMON_SSE_CP_GPJCTPZ_GPLB_GP_L,2026-08-06
上海证券交易所,603393,新天然气,新疆鑫泰天然气股份有限公司,20160912,电力、热力、燃气及水生产和供应业,2,上交所接口所列A股/科创板及指定状态,https://query.sse.com.cn/commonQuery.do?sqlId=COMMON_SSE_CP_GPJCTPZ_GPLB_GP_L,2026-08-06
上海证券交易所,603395,红四方,中盐安徽红四方肥业股份有限公司,20241126,制造业,2,上交所接口所列A股/科创板及指定状态,https://query.sse.com.cn/commonQuery.do?sqlId=COMMON_SSE_CP_GPJCTPZ_GPLB_GP_L,2026-08-06
上海证券交易所,603396,金辰股份,营口金辰机械股份有限公司,20171018,制造业,2,上交所接口所列A股/科创板及指定状态,https://query.sse.com.cn/commonQuery.do?sqlId=COMMON_SSE_CP_GPJCTPZ_GPLB_GP_L,2026-08-06
上海证券交易所,603398,*ST沐邦,江西沐邦高科股份有限公司,20151209,制造业,7,上交所接口所列A股/科创板及指定状态,https://query.sse.com.cn/commonQuery.do?sqlId=COMMON_SSE_CP_GPJCTPZ_GPLB_GP_L,2026-08-06
上海证券交易所,603399,永杉锂业,锦州永杉锂业股份有限公司,20120824,制造业,2,上交所接口所列A股/科创板及指定状态,https://query.sse.com.cn/commonQuery.do?sqlId=COMMON_SSE_CP_GPJCTPZ_GPLB_GP_L,2026-08-06
上海证券交易所,603400,华之杰,苏州华之杰电讯股份有限公司,20250620,制造业,2,上交所接口所列A股/科创板及指定状态,https://query.sse.com.cn/commonQuery.do?sqlId=COMMON_SSE_CP_GPJCTPZ_GPLB_GP_L,2026-08-06
上海证券交易所,603402,陕西旅游,陕西旅游文化产业股份有限公司,20260106,文化、体育和娱乐业,2,上交所接口所列A股/科创板及指定状态,https://query.sse.com.cn/commonQuery.do?sqlId=COMMON_SSE_CP_GPJCTPZ_GPLB_GP_L,2026-08-06
上海证券交易所,603406,天富龙,扬州天富龙集团股份有限公司,20250808,制造业,2,上交所接口所列A股/科创板及指定状态,https://query.sse.com.cn/commonQuery.do?sqlId=COMMON_SSE_CP_GPJCTPZ_GPLB_GP_L,2026-08-06
上海证券交易所,603407,长裕集团,长裕控股集团股份有限公司,20260511,制造业,2,上交所接口所列A股/科创板及指定状态,https://query.sse.com.cn/commonQuery.do?sqlId=COMMON_SSE_CP_GPJCTPZ_GPLB_GP_L,2026-08-06
上海证券交易所,603408,建霖家居,厦门建霖智慧家居股份有限公司,20200730,制造业,2,上交所接口所列A股/科创板及指定状态,https://query.sse.com.cn/commonQuery.do?sqlId=COMMON_SSE_CP_GPJCTPZ_GPLB_GP_L,2026-08-06
上海证券交易所,603409,汇通控股,合肥汇通控股股份有限公司,20250304,制造业,2,上交所接口所列A股/科创板及指定状态,https://query.sse.com.cn/commonQuery.do?sqlId=COMMON_SSE_CP_GPJCTPZ_GPLB_GP_L,2026-08-06
上海证券交易所,603416,信捷电气,无锡信捷电气股份有限公司,20161221,制造业,2,上交所接口所列A股/科创板及指定状态,https://query.sse.com.cn/commonQuery.do?sqlId=COMMON_SSE_CP_GPJCTPZ_GPLB_GP_L,2026-08-06
上海证券交易所,603418,友升股份,上海友升铝业股份有限公司,20250923,制造业,2,上交所接口所列A股/科创板及指定状态,https://query.sse.com.cn/commonQuery.do?sqlId=COMMON_SSE_CP_GPJCTPZ_GPLB_GP_L,2026-08-06
上海证券交易所,603421,鼎信通讯,青岛鼎信通讯股份有限公司,20161011,制造业,2,上交所接口所列A股/科创板及指定状态,https://query.sse.com.cn/commonQuery.do?sqlId=COMMON_SSE_CP_GPJCTPZ_GPLB_GP_L,2026-08-06
上海证券交易所,603429,*ST集友,安徽集友新材料股份有限公司,20170124,制造业,7,上交所接口所列A股/科创板及指定状态,https://query.sse.com.cn/commonQuery.do?sqlId=COMMON_SSE_CP_GPJCTPZ_GPLB_GP_L,2026-08-06
上海证券交易所,603435,嘉德利,泉州嘉德利电子材料股份公司,20260522,制造业,2,上交所接口所列A股/科创板及指定状态,https://query.sse.com.cn/commonQuery.do?sqlId=COMMON_SSE_CP_GPJCTPZ_GPLB_GP_L,2026-08-06
上海证券交易所,603439,三力制药,贵州三力制药股份有限公司,20200428,制造业,2,上交所接口所列A股/科创板及指定状态,https://query.sse.com.cn/commonQuery.do?sqlId=COMMON_SSE_CP_GPJCTPZ_GPLB_GP_L,2026-08-06
上海证券交易所,603444,吉比特,厦门吉比特网络技术股份有限公司,20170104,信息传输、软件和信息技术服务业,2,上交所接口所列A股/科创板及指定状态,https://query.sse.com.cn/commonQuery.do?sqlId=COMMON_SSE_CP_GPJCTPZ_GPLB_GP_L,2026-08-06
上海证券交易所,603456,九洲药业,浙江九洲药业股份有限公司,20141010,制造业,2,上交所接口所列A股/科创板及指定状态,https://query.sse.com.cn/commonQuery.do?sqlId=COMMON_SSE_CP_GPJCTPZ_GPLB_GP_L,2026-08-06
上海证券交易所,603458,勘设股份,贵州省交通规划勘察设计研究院股份有限公司,20170809,科学研究和技术服务业,2,上交所接口所列A股/科创板及指定状态,https://query.sse.com.cn/commonQuery.do?sqlId=COMMON_SSE_CP_GPJCTPZ_GPLB_GP_L,2026-08-06
上海证券交易所,603459,红板科技,江西红板科技股份有限公司,20260408,制造业,2,上交所接口所列A股/科创板及指定状态,https://query.sse.com.cn/commonQuery.do?sqlId=COMMON_SSE_CP_GPJCTPZ_GPLB_GP_L,2026-08-06
上海证券交易所,603466,风语筑,上海风语筑文化科技股份有限公司,20171020,文化、体育和娱乐业,2,上交所接口所列A股/科创板及指定状态,https://query.sse.com.cn/commonQuery.do?sqlId=COMMON_SSE_CP_GPJCTPZ_GPLB_GP_L,2026-08-06
上海证券交易所,603468,-,天津富士达自行车工业股份有限公司,20260806,制造业,2,上交所接口所列A股/科创板及指定状态,https://query.sse.com.cn/commonQuery.do?sqlId=COMMON_SSE_CP_GPJCTPZ_GPLB_GP_L,2026-08-06
上海证券交易所,603477,巨星农牧,乐山巨星农牧股份有限公司,20171218,农、林、牧、渔业,2,上交所接口所列A股/科创板及指定状态,https://query.sse.com.cn/commonQuery.do?sqlId=COMMON_SSE_CP_GPJCTPZ_GPLB_GP_L,2026-08-06
上海证券交易所,603486,科沃斯,科沃斯机器人股份有限公司,20180528,制造业,2,上交所接口所列A股/科创板及指定状态,https://query.sse.com.cn/commonQuery.do?sqlId=COMMON_SSE_CP_GPJCTPZ_GPLB_GP_L,2026-08-06
上海证券交易所,603488,展鹏科技,展鹏科技股份有限公司,20170516,制造业,2,上交所接口所列A股/科创板及指定状态,https://query.sse.com.cn/commonQuery.do?sqlId=COMMON_SSE_CP_GPJCTPZ_GPLB_GP_L,2026-08-06
上海证券交易所,603489,八方股份,八方电气(苏州)股份有限公司,20191111,制造业,2,上交所接口所列A股/科创板及指定状态,https://query.sse.com.cn/commonQuery.do?sqlId=COMMON_SSE_CP_GPJCTPZ_GPLB_GP_L,2026-08-06
上海证券交易所,603496,恒为科技,恒为科技(上海)股份有限公司,20170607,制造业,2,上交所接口所列A股/科创板及指定状态,https://query.sse.com.cn/commonQuery.do?sqlId=COMMON_SSE_CP_GPJCTPZ_GPLB_GP_L,2026-08-06
上海证券交易所,603499,翔港科技,上海翔港包装科技股份有限公司,20171016,制造业,2,上交所接口所列A股/科创板及指定状态,https://query.sse.com.cn/commonQuery.do?sqlId=COMMON_SSE_CP_GPJCTPZ_GPLB_GP_L,2026-08-06
上海证券交易所,603500,祥和实业,浙江天台祥和实业股份有限公司,20170904,制造业,2,上交所接口所列A股/科创板及指定状态,https://query.sse.com.cn/commonQuery.do?sqlId=COMMON_SSE_CP_GPJCTPZ_GPLB_GP_L,2026-08-06
上海证券交易所,603501,豪威集团,豪威集成电路(集团)股份有限公司,20170504,制造业,2,上交所接口所列A股/科创板及指定状态,https://query.sse.com.cn/commonQuery.do?sqlId=COMMON_SSE_CP_GPJCTPZ_GPLB_GP_L,2026-08-06
上海证券交易所,603505,金石资源,金石资源集团股份有限公司,20170503,采矿业,2,上交所接口所列A股/科创板及指定状态,https://query.sse.com.cn/commonQuery.do?sqlId=COMMON_SSE_CP_GPJCTPZ_GPLB_GP_L,2026-08-06
上海证券交易所,603506,南都物业,南都物业服务集团股份有限公司,20180201,房地产业,2,上交所接口所列A股/科创板及指定状态,https://query.sse.com.cn/commonQuery.do?sqlId=COMMON_SSE_CP_GPJCTPZ_GPLB_GP_L,2026-08-06
上海证券交易所,603507,振江股份,江苏振江新能源装备股份有限公司,20171106,制造业,2,上交所接口所列A股/科创板及指定状态,https://query.sse.com.cn/commonQuery.do?sqlId=COMMON_SSE_CP_GPJCTPZ_GPLB_GP_L,2026-08-06
上海证券交易所,603508,思维列控,河南思维自动化设备股份有限公司,20151224,制造业,2,上交所接口所列A股/科创板及指定状态,https://query.sse.com.cn/commonQuery.do?sqlId=COMMON_SSE_CP_GPJCTPZ_GPLB_GP_L,2026-08-06
上海证券交易所,603511,爱慕股份,爱慕股份有限公司,20210531,制造业,2,上交所接口所列A股/科创板及指定状态,https://query.sse.com.cn/commonQuery.do?sqlId=COMMON_SSE_CP_GPJCTPZ_GPLB_GP_L,2026-08-06
上海证券交易所,603515,欧普照明,欧普照明股份有限公司,20160819,制造业,2,上交所接口所列A股/科创板及指定状态,https://query.sse.com.cn/commonQuery.do?sqlId=COMMON_SSE_CP_GPJCTPZ_GPLB_GP_L,2026-08-06
上海证券交易所,603516,淳中科技,北京淳中科技股份有限公司,20180202,制造业,2,上交所接口所列A股/科创板及指定状态,https://query.sse.com.cn/commonQuery.do?sqlId=COMMON_SSE_CP_GPJCTPZ_GPLB_GP_L,2026-08-06
上海证券交易所,603517,ST绝味,绝味食品股份有限公司,20170317,制造业,7,上交所接口所列A股/科创板及指定状态,https://query.sse.com.cn/commonQuery.do?sqlId=COMMON_SSE_CP_GPJCTPZ_GPLB_GP_L,2026-08-06
上海证券交易所,603518,锦泓集团,锦泓时装集团股份有限公司,20141203,制造业,2,上交所接口所列A股/科创板及指定状态,https://query.sse.com.cn/commonQuery.do?sqlId=COMMON_SSE_CP_GPJCTPZ_GPLB_GP_L,2026-08-06
上海证券交易所,603519,立霸股份,江苏立霸实业股份有限公司,20150319,制造业,2,上交所接口所列A股/科创板及指定状态,https://query.sse.com.cn/commonQuery.do?sqlId=COMMON_SSE_CP_GPJCTPZ_GPLB_GP_L,2026-08-06
上海证券交易所,603520,司太立,浙江司太立制药股份有限公司,20160309,制造业,2,上交所接口所列A股/科创板及指定状态,https://query.sse.com.cn/commonQuery.do?sqlId=COMMON_SSE_CP_GPJCTPZ_GPLB_GP_L,2026-08-06
上海证券交易所,603527,众源新材,安徽众源新材料股份有限公司,20170907,制造业,2,上交所接口所列A股/科创板及指定状态,https://query.sse.com.cn/commonQuery.do?sqlId=COMMON_SSE_CP_GPJCTPZ_GPLB_GP_L,2026-08-06
上海证券交易所,603528,多伦科技,多伦科技股份有限公司,20160503,信息传输、软件和信息技术服务业,2,上交所接口所列A股/科创板及指定状态,https://query.sse.com.cn/commonQuery.do?sqlId=COMMON_SSE_CP_GPJCTPZ_GPLB_GP_L,2026-08-06
上海证券交易所,603529,爱玛科技,爱玛科技集团股份有限公司,20210615,制造业,2,上交所接口所列A股/科创板及指定状态,https://query.sse.com.cn/commonQuery.do?sqlId=COMMON_SSE_CP_GPJCTPZ_GPLB_GP_L,2026-08-06
上海证券交易所,603530,神马电力,江苏神马电力股份有限公司,20190805,制造业,2,上交所接口所列A股/科创板及指定状态,https://query.sse.com.cn/commonQuery.do?sqlId=COMMON_SSE_CP_GPJCTPZ_GPLB_GP_L,2026-08-06
上海证券交易所,603533,掌阅科技,掌阅科技股份有限公司,20170921,信息传输、软件和信息技术服务业,2,上交所接口所列A股/科创板及指定状态,https://query.sse.com.cn/commonQuery.do?sqlId=COMMON_SSE_CP_GPJCTPZ_GPLB_GP_L,2026-08-06
上海证券交易所,603535,嘉诚国际,广州市嘉诚国际物流股份有限公司,20170808,交通运输、仓储和邮政业,2,上交所接口所列A股/科创板及指定状态,https://query.sse.com.cn/commonQuery.do?sqlId=COMMON_SSE_CP_GPJCTPZ_GPLB_GP_L,2026-08-06
上海证券交易所,603536,惠发食品,山东惠发食品股份有限公司,20170613,制造业,2,上交所接口所列A股/科创板及指定状态,https://query.sse.com.cn/commonQuery.do?sqlId=COMMON_SSE_CP_GPJCTPZ_GPLB_GP_L,2026-08-06
上海证券交易所,603538,美诺华,宁波美诺华药业股份有限公司,20170407,制造业,2,上交所接口所列A股/科创板及指定状态,https://query.sse.com.cn/commonQuery.do?sqlId=COMMON_SSE_CP_GPJCTPZ_GPLB_GP_L,2026-08-06
上海证券交易所,603551,奥普科技,奥普智能科技股份有限公司,20200115,制造业,2,上交所接口所列A股/科创板及指定状态,https://query.sse.com.cn/commonQuery.do?sqlId=COMMON_SSE_CP_GPJCTPZ_GPLB_GP_L,2026-08-06
上海证券交易所,603556,海兴电力,杭州海兴电力科技股份有限公司,20161110,制造业,2,上交所接口所列A股/科创板及指定状态,https://query.sse.com.cn/commonQuery.do?sqlId=COMMON_SSE_CP_GPJCTPZ_GPLB_GP_L,2026-08-06
上海证券交易所,603557,*ST起步,起步股份有限公司,20170818,制造业,7,上交所接口所列A股/科创板及指定状态,https://query.sse.com.cn/commonQuery.do?sqlId=COMMON_SSE_CP_GPJCTPZ_GPLB_GP_L,2026-08-06
上海证券交易所,603558,健盛集团,浙江健盛集团股份有限公司,20150127,制造业,2,上交所接口所列A股/科创板及指定状态,https://query.sse.com.cn/commonQuery.do?sqlId=COMMON_SSE_CP_GPJCTPZ_GPLB_GP_L,2026-08-06
上海证券交易所,603559,中通国脉,中通国脉通信股份有限公司,20161202,信息传输、软件和信息技术服务业,2,上交所接口所列A股/科创板及指定状态,https://query.sse.com.cn/commonQuery.do?sqlId=COMMON_SSE_CP_GPJCTPZ_GPLB_GP_L,2026-08-06
上海证券交易所,603565,中谷物流,上海中谷物流股份有限公司,20200925,交通运输、仓储和邮政业,2,上交所接口所列A股/科创板及指定状态,https://query.sse.com.cn/commonQuery.do?sqlId=COMMON_SSE_CP_GPJCTPZ_GPLB_GP_L,2026-08-06
上海证券交易所,603566,普莱柯,普莱柯生物工程股份有限公司,20150518,制造业,2,上交所接口所列A股/科创板及指定状态,https://query.sse.com.cn/commonQuery.do?sqlId=COMMON_SSE_CP_GPJCTPZ_GPLB_GP_L,2026-08-06
上海证券交易所,603567,珍宝岛,黑龙江珍宝岛药业股份有限公司,20150424,制造业,2,上交所接口所列A股/科创板及指定状态,https://query.sse.com.cn/commonQuery.do?sqlId=COMMON_SSE_CP_GPJCTPZ_GPLB_GP_L,2026-08-06
上海证券交易所,603568,伟明环保,浙江伟明环保股份有限公司,20150528,水利、环境和公共设施管理业,2,上交所接口所列A股/科创板及指定状态,https://query.sse.com.cn/commonQuery.do?sqlId=COMMON_SSE_CP_GPJCTPZ_GPLB_GP_L,2026-08-06
上海证券交易所,603569,长久物流,北京长久物流股份有限公司,20160810,交通运输、仓储和邮政业,2,上交所接口所列A股/科创板及指定状态,https://query.sse.com.cn/commonQuery.do?sqlId=COMMON_SSE_CP_GPJCTPZ_GPLB_GP_L,2026-08-06
上海证券交易所,603577,汇金通,青岛汇金通电力设备股份有限公司,20161222,制造业,2,上交所接口所列A股/科创板及指定状态,https://query.sse.com.cn/commonQuery.do?sqlId=COMMON_SSE_CP_GPJCTPZ_GPLB_GP_L,2026-08-06
上海证券交易所,603578,三星新材,浙江三星新材股份有限公司,20170306,制造业,2,上交所接口所列A股/科创板及指定状态,https://query.sse.com.cn/commonQuery.do?sqlId=COMMON_SSE_CP_GPJCTPZ_GPLB_GP_L,2026-08-06
上海证券交易所,603579,荣泰健康,上海荣泰健康科技股份有限公司,20170111,制造业,2,上交所接口所列A股/科创板及指定状态,https://query.sse.com.cn/commonQuery.do?sqlId=COMMON_SSE_CP_GPJCTPZ_GPLB_GP_L,2026-08-06
上海证券交易所,603580,艾艾精工,艾艾精密工业输送系统(上海)股份有限公司,20170525,制造业,2,上交所接口所列A股/科创板及指定状态,https://query.sse.com.cn/commonQuery.do?sqlId=COMMON_SSE_CP_GPJCTPZ_GPLB_GP_L,2026-08-06
上海证券交易所,603583,捷昌驱动,浙江捷昌线性驱动科技股份有限公司,20180921,制造业,2,上交所接口所列A股/科创板及指定状态,https://query.sse.com.cn/commonQuery.do?sqlId=COMMON_SSE_CP_GPJCTPZ_GPLB_GP_L,2026-08-06
上海证券交易所,603585,苏利股份,江苏苏利精细化工股份有限公司,20161214,制造业,2,上交所接口所列A股/科创板及指定状态,https://query.sse.com.cn/commonQuery.do?sqlId=COMMON_SSE_CP_GPJCTPZ_GPLB_GP_L,2026-08-06
上海证券交易所,603586,金麒麟,山东金麒麟股份有限公司,20170406,制造业,2,上交所接口所列A股/科创板及指定状态,https://query.sse.com.cn/commonQuery.do?sqlId=COMMON_SSE_CP_GPJCTPZ_GPLB_GP_L,2026-08-06
上海证券交易所,603587,地素时尚,地素时尚股份有限公司,20180622,制造业,2,上交所接口所列A股/科创板及指定状态,https://query.sse.com.cn/commonQuery.do?sqlId=COMMON_SSE_CP_GPJCTPZ_GPLB_GP_L,2026-08-06
上海证券交易所,603588,高能环境,北京高能时代环境技术股份有限公司,20141229,水利、环境和公共设施管理业,2,上交所接口所列A股/科创板及指定状态,https://query.sse.com.cn/commonQuery.do?sqlId=COMMON_SSE_CP_GPJCTPZ_GPLB_GP_L,2026-08-06
上海证券交易所,603589,口子窖,安徽口子酒业股份有限公司,20150629,制造业,2,上交所接口所列A股/科创板及指定状态,https://query.sse.com.cn/commonQuery.do?sqlId=COMMON_SSE_CP_GPJCTPZ_GPLB_GP_L,2026-08-06
上海证券交易所,603590,康辰药业,北京康辰药业股份有限公司,20180827,制造业,2,上交所接口所列A股/科创板及指定状态,https://query.sse.com.cn/commonQuery.do?sqlId=COMMON_SSE_CP_GPJCTPZ_GPLB_GP_L,2026-08-06
上海证券交易所,603595,ST东尼,浙江东尼电子股份有限公司,20170712,制造业,7,上交所接口所列A股/科创板及指定状态,https://query.sse.com.cn/commonQuery.do?sqlId=COMMON_SSE_CP_GPJCTPZ_GPLB_GP_L,2026-08-06
上海证券交易所,603596,伯特利,芜湖伯特利汽车安全系统股份有限公司,20180427,制造业,2,上交所接口所列A股/科创板及指定状态,https://query.sse.com.cn/commonQuery.do?sqlId=COMMON_SSE_CP_GPJCTPZ_GPLB_GP_L,2026-08-06
上海证券交易所,603598,引力传媒,引力传媒股份有限公司,20150527,租赁和商务服务业,2,上交所接口所列A股/科创板及指定状态,https://query.sse.com.cn/commonQuery.do?sqlId=COMMON_SSE_CP_GPJCTPZ_GPLB_GP_L,2026-08-06
上海证券交易所,603599,广信股份,安徽广信农化股份有限公司,20150513,制造业,2,上交所接口所列A股/科创板及指定状态,https://query.sse.com.cn/commonQuery.do?sqlId=COMMON_SSE_CP_GPJCTPZ_GPLB_GP_L,2026-08-06
上海证券交易所,603600,永艺股份,永艺家具股份有限公司,20150123,制造业,2,上交所接口所列A股/科创板及指定状态,https://query.sse.com.cn/commonQuery.do?sqlId=COMMON_SSE_CP_GPJCTPZ_GPLB_GP_L,2026-08-06
上海证券交易所,603601,再升科技,重庆再升科技股份有限公司,20150122,制造业,2,上交所接口所列A股/科创板及指定状态,https://query.sse.com.cn/commonQuery.do?sqlId=COMMON_SSE_CP_GPJCTPZ_GPLB_GP_L,2026-08-06
上海证券交易所,603602,纵横通信,杭州纵横通信股份有限公司,20170810,信息传输、软件和信息技术服务业,2,上交所接口所列A股/科创板及指定状态,https://query.sse.com.cn/commonQuery.do?sqlId=COMMON_SSE_CP_GPJCTPZ_GPLB_GP_L,2026-08-06
上海证券交易所,603605,珀莱雅,珀莱雅化妆品股份有限公司,20171115,制造业,2,上交所接口所列A股/科创板及指定状态,https://query.sse.com.cn/commonQuery.do?sqlId=COMMON_SSE_CP_GPJCTPZ_GPLB_GP_L,2026-08-06
上海证券交易所,603606,东方电缆,宁波东方电缆股份有限公司,20141015,制造业,2,上交所接口所列A股/科创板及指定状态,https://query.sse.com.cn/commonQuery.do?sqlId=COMMON_SSE_CP_GPJCTPZ_GPLB_GP_L,2026-08-06
上海证券交易所,603607,京华激光,浙江京华激光科技股份有限公司,20171025,制造业,2,上交所接口所列A股/科创板及指定状态,https://query.sse.com.cn/commonQuery.do?sqlId=COMMON_SSE_CP_GPJCTPZ_GPLB_GP_L,2026-08-06
上海证券交易所,603608,天创时尚,天创时尚股份有限公司,20160218,制造业,2,上交所接口所列A股/科创板及指定状态,https://query.sse.com.cn/commonQuery.do?sqlId=COMMON_SSE_CP_GPJCTPZ_GPLB_GP_L,2026-08-06
上海证券交易所,603609,禾丰股份,禾丰食品股份有限公司,20140808,制造业,2,上交所接口所列A股/科创板及指定状态,https://query.sse.com.cn/commonQuery.do?sqlId=COMMON_SSE_CP_GPJCTPZ_GPLB_GP_L,2026-08-06
上海证券交易所,603610,麒盛科技,麒盛科技股份有限公司,20191029,制造业,2,上交所接口所列A股/科创板及指定状态,https://query.sse.com.cn/commonQuery.do?sqlId=COMMON_SSE_CP_GPJCTPZ_GPLB_GP_L,2026-08-06
上海证券交易所,603611,诺力股份,诺力智能装备股份有限公司,20150128,制造业,2,上交所接口所列A股/科创板及指定状态,https://query.sse.com.cn/commonQuery.do?sqlId=COMMON_SSE_CP_GPJCTPZ_GPLB_GP_L,2026-08-06
上海证券交易所,603612,索通发展,索通发展股份有限公司,20170718,制造业,2,上交所接口所列A股/科创板及指定状态,https://query.sse.com.cn/commonQuery.do?sqlId=COMMON_SSE_CP_GPJCTPZ_GPLB_GP_L,2026-08-06
上海证券交易所,603613,国联股份,北京国联视讯信息技术股份有限公司,20190730,信息传输、软件和信息技术服务业,2,上交所接口所列A股/科创板及指定状态,https://query.sse.com.cn/commonQuery.do?sqlId=COMMON_SSE_CP_GPJCTPZ_GPLB_GP_L,2026-08-06
上海证券交易所,603615,茶花股份,茶花现代家居用品股份有限公司,20170213,制造业,2,上交所接口所列A股/科创板及指定状态,https://query.sse.com.cn/commonQuery.do?sqlId=COMMON_SSE_CP_GPJCTPZ_GPLB_GP_L,2026-08-06
上海证券交易所,603616,韩建河山,北京韩建河山管业股份有限公司,20150611,制造业,2,上交所接口所列A股/科创板及指定状态,https://query.sse.com.cn/commonQuery.do?sqlId=COMMON_SSE_CP_GPJCTPZ_GPLB_GP_L,2026-08-06
上海证券交易所,603617,君禾股份,君禾泵业股份有限公司,20170703,制造业,2,上交所接口所列A股/科创板及指定状态,https://query.sse.com.cn/commonQuery.do?sqlId=COMMON_SSE_CP_GPJCTPZ_GPLB_GP_L,2026-08-06
上海证券交易所,603618,杭电股份,杭州电缆股份有限公司,20150217,制造业,2,上交所接口所列A股/科创板及指定状态,https://query.sse.com.cn/commonQuery.do?sqlId=COMMON_SSE_CP_GPJCTPZ_GPLB_GP_L,2026-08-06
上海证券交易所,603619,中曼石油,中曼石油天然气集团股份有限公司,20171117,采矿业,2,上交所接口所列A股/科创板及指定状态,https://query.sse.com.cn/commonQuery.do?sqlId=COMMON_SSE_CP_GPJCTPZ_GPLB_GP_L,2026-08-06
上海证券交易所,603626,科森科技,昆山科森科技股份有限公司,20170209,制造业,2,上交所接口所列A股/科创板及指定状态,https://query.sse.com.cn/commonQuery.do?sqlId=COMMON_SSE_CP_GPJCTPZ_GPLB_GP_L,2026-08-06
上海证券交易所,603628,清源股份,清源科技股份有限公司,20170112,制造业,2,上交所接口所列A股/科创板及指定状态,https://query.sse.com.cn/commonQuery.do?sqlId=COMMON_SSE_CP_GPJCTPZ_GPLB_GP_L,2026-08-06
上海证券交易所,603629,利通电子,江苏利通电子股份有限公司,20181224,制造业,2,上交所接口所列A股/科创板及指定状态,https://query.sse.com.cn/commonQuery.do?sqlId=COMMON_SSE_CP_GPJCTPZ_GPLB_GP_L,2026-08-06
上海证券交易所,603630,拉芳家化,拉芳家化股份有限公司,20170313,制造业,2,上交所接口所列A股/科创板及指定状态,https://query.sse.com.cn/commonQuery.do?sqlId=COMMON_SSE_CP_GPJCTPZ_GPLB_GP_L,2026-08-06
上海证券交易所,603633,徕木股份,上海徕木电子股份有限公司,20161117,制造业,2,上交所接口所列A股/科创板及指定状态,https://query.sse.com.cn/commonQuery.do?sqlId=COMMON_SSE_CP_GPJCTPZ_GPLB_GP_L,2026-08-06
上海证券交易所,603636,南威软件,南威软件股份有限公司,20141230,信息传输、软件和信息技术服务业,2,上交所接口所列A股/科创板及指定状态,https://query.sse.com.cn/commonQuery.do?sqlId=COMMON_SSE_CP_GPJCTPZ_GPLB_GP_L,2026-08-06
上海证券交易所,603637,镇海股份,镇海石化工程股份有限公司,20170208,建筑业,2,上交所接口所列A股/科创板及指定状态,https://query.sse.com.cn/commonQuery.do?sqlId=COMMON_SSE_CP_GPJCTPZ_GPLB_GP_L,2026-08-06
上海证券交易所,603638,艾迪精密,烟台艾迪精密机械股份有限公司,20170120,制造业,2,上交所接口所列A股/科创板及指定状态,https://query.sse.com.cn/commonQuery.do?sqlId=COMMON_SSE_CP_GPJCTPZ_GPLB_GP_L,2026-08-06
上海证券交易所,603639,海利尔,海利尔药业集团股份有限公司,20170112,制造业,2,上交所接口所列A股/科创板及指定状态,https://query.sse.com.cn/commonQuery.do?sqlId=COMMON_SSE_CP_GPJCTPZ_GPLB_GP_L,2026-08-06
上海证券交易所,603648,畅联股份,上海畅联国际物流股份有限公司,20170913,租赁和商务服务业,2,上交所接口所列A股/科创板及指定状态,https://query.sse.com.cn/commonQuery.do?sqlId=COMMON_SSE_CP_GPJCTPZ_GPLB_GP_L,2026-08-06
上海证券交易所,603650,彤程新材,彤程新材料集团股份有限公司,20180627,制造业,2,上交所接口所列A股/科创板及指定状态,https://query.sse.com.cn/commonQuery.do?sqlId=COMMON_SSE_CP_GPJCTPZ_GPLB_GP_L,2026-08-06
上海证券交易所,603655,朗博科技,常州朗博密封科技股份有限公司,20171229,制造业,2,上交所接口所列A股/科创板及指定状态,https://query.sse.com.cn/commonQuery.do?sqlId=COMMON_SSE_CP_GPJCTPZ_GPLB_GP_L,2026-08-06
上海证券交易所,603656,泰禾智能,合肥泰禾智能科技集团股份有限公司,20170321,制造业,2,上交所接口所列A股/科创板及指定状态,https://query.sse.com.cn/commonQuery.do?sqlId=COMMON_SSE_CP_GPJCTPZ_GPLB_GP_L,2026-08-06
上海证券交易所,603657,春光科技,金华春光橡塑科技股份有限公司,20180730,制造业,2,上交所接口所列A股/科创板及指定状态,https://query.sse.com.cn/commonQuery.do?sqlId=COMMON_SSE_CP_GPJCTPZ_GPLB_GP_L,2026-08-06
上海证券交易所,603658,安图生物,郑州安图生物工程股份有限公司,20160901,制造业,2,上交所接口所列A股/科创板及指定状态,https://query.sse.com.cn/commonQuery.do?sqlId=COMMON_SSE_CP_GPJCTPZ_GPLB_GP_L,2026-08-06
上海证券交易所,603659,璞泰来,上海璞泰来新能源科技集团股份有限公司,20171103,制造业,2,上交所接口所列A股/科创板及指定状态,https://query.sse.com.cn/commonQuery.do?sqlId=COMMON_SSE_CP_GPJCTPZ_GPLB_GP_L,2026-08-06
上海证券交易所,603660,苏州科达,苏州科达科技股份有限公司,20161201,制造业,2,上交所接口所列A股/科创板及指定状态,https://query.sse.com.cn/commonQuery.do?sqlId=COMMON_SSE_CP_GPJCTPZ_GPLB_GP_L,2026-08-06
上海证券交易所,603661,恒林股份,恒林家居股份有限公司,20171121,制造业,2,上交所接口所列A股/科创板及指定状态,https://query.sse.com.cn/commonQuery.do?sqlId=COMMON_SSE_CP_GPJCTPZ_GPLB_GP_L,2026-08-06
上海证券交易所,603662,柯力传感,宁波柯力传感科技股份有限公司,20190806,制造业,2,上交所接口所列A股/科创板及指定状态,https://query.sse.com.cn/commonQuery.do?sqlId=COMMON_SSE_CP_GPJCTPZ_GPLB_GP_L,2026-08-06
上海证券交易所,603663,三祥新材,三祥新材股份有限公司,20160801,制造业,2,上交所接口所列A股/科创板及指定状态,https://query.sse.com.cn/commonQuery.do?sqlId=COMMON_SSE_CP_GPJCTPZ_GPLB_GP_L,2026-08-06
上海证券交易所,603665,康隆达,浙江康隆达特种防护科技股份有限公司,20170313,制造业,2,上交所接口所列A股/科创板及指定状态,https://query.sse.com.cn/commonQuery.do?sqlId=COMMON_SSE_CP_GPJCTPZ_GPLB_GP_L,2026-08-06
上海证券交易所,603666,亿嘉和,亿嘉和科技股份有限公司,20180612,制造业,2,上交所接口所列A股/科创板及指定状态,https://query.sse.com.cn/commonQuery.do?sqlId=COMMON_SSE_CP_GPJCTPZ_GPLB_GP_L,2026-08-06
上海证券交易所,603667,五洲新春,浙江五洲新春集团股份有限公司,20161025,制造业,2,上交所接口所列A股/科创板及指定状态,https://query.sse.com.cn/commonQuery.do?sqlId=COMMON_SSE_CP_GPJCTPZ_GPLB_GP_L,2026-08-06
上海证券交易所,603668,天马科技,福建天马科技集团股份有限公司,20170117,制造业,2,上交所接口所列A股/科创板及指定状态,https://query.sse.com.cn/commonQuery.do?sqlId=COMMON_SSE_CP_GPJCTPZ_GPLB_GP_L,2026-08-06
上海证券交易所,603669,灵康药业,灵康药业集团股份有限公司,20150528,制造业,2,上交所接口所列A股/科创板及指定状态,https://query.sse.com.cn/commonQuery.do?sqlId=COMMON_SSE_CP_GPJCTPZ_GPLB_GP_L,2026-08-06
上海证券交易所,603676,卫信康,西藏卫信康医药股份有限公司,20170721,制造业,2,上交所接口所列A股/科创板及指定状态,https://query.sse.com.cn/commonQuery.do?sqlId=COMMON_SSE_CP_GPJCTPZ_GPLB_GP_L,2026-08-06
上海证券交易所,603677,奇精机械,奇精机械股份有限公司,20170206,制造业,2,上交所接口所列A股/科创板及指定状态,https://query.sse.com.cn/commonQuery.do?sqlId=COMMON_SSE_CP_GPJCTPZ_GPLB_GP_L,2026-08-06
上海证券交易所,603678,火炬电子,福建火炬电子科技股份有限公司,20150126,制造业,2,上交所接口所列A股/科创板及指定状态,https://query.sse.com.cn/commonQuery.do?sqlId=COMMON_SSE_CP_GPJCTPZ_GPLB_GP_L,2026-08-06
上海证券交易所,603679,华体科技,四川华体照明科技股份有限公司,20170621,制造业,2,上交所接口所列A股/科创板及指定状态,https://query.sse.com.cn/commonQuery.do?sqlId=COMMON_SSE_CP_GPJCTPZ_GPLB_GP_L,2026-08-06
上海证券交易所,603680,今创集团,今创集团股份有限公司,20180227,制造业,2,上交所接口所列A股/科创板及指定状态,https://query.sse.com.cn/commonQuery.do?sqlId=COMMON_SSE_CP_GPJCTPZ_GPLB_GP_L,2026-08-06
上海证券交易所,603681,永冠新材,上海永冠众诚新材料科技(集团)股份有限公司,20190326,制造业,2,上交所接口所列A股/科创板及指定状态,https://query.sse.com.cn/commonQuery.do?sqlId=COMMON_SSE_CP_GPJCTPZ_GPLB_GP_L,2026-08-06
上海证券交易所,603682,锦和商管,上海锦和商业经营管理(集团)股份有限公司,20200421,租赁和商务服务业,2,上交所接口所列A股/科创板及指定状态,https://query.sse.com.cn/commonQuery.do?sqlId=COMMON_SSE_CP_GPJCTPZ_GPLB_GP_L,2026-08-06
上海证券交易所,603683,晶华新材,上海晶华胶粘新材料股份有限公司,20171020,制造业,2,上交所接口所列A股/科创板及指定状态,https://query.sse.com.cn/commonQuery.do?sqlId=COMMON_SSE_CP_GPJCTPZ_GPLB_GP_L,2026-08-06
上海证券交易所,603685,晨丰科技,浙江晨丰科技股份有限公司,20171127,制造业,2,上交所接口所列A股/科创板及指定状态,https://query.sse.com.cn/commonQuery.do?sqlId=COMMON_SSE_CP_GPJCTPZ_GPLB_GP_L,2026-08-06
上海证券交易所,603686,福龙马,福龙马集团股份有限公司,20150126,水利、环境和公共设施管理业,2,上交所接口所列A股/科创板及指定状态,https://query.sse.com.cn/commonQuery.do?sqlId=COMMON_SSE_CP_GPJCTPZ_GPLB_GP_L,2026-08-06
上海证券交易所,603687,大胜达,浙江大胜达包装股份有限公司,20190726,制造业,2,上交所接口所列A股/科创板及指定状态,https://query.sse.com.cn/commonQuery.do?sqlId=COMMON_SSE_CP_GPJCTPZ_GPLB_GP_L,2026-08-06
上海证券交易所,603688,石英股份,江苏太平洋石英股份有限公司,20141031,制造业,2,上交所接口所列A股/科创板及指定状态,https://query.sse.com.cn/commonQuery.do?sqlId=COMMON_SSE_CP_GPJCTPZ_GPLB_GP_L,2026-08-06
上海证券交易所,603689,皖天然气,安徽省天然气开发股份有限公司,20170110,电力、热力、燃气及水生产和供应业,2,上交所接口所列A股/科创板及指定状态,https://query.sse.com.cn/commonQuery.do?sqlId=COMMON_SSE_CP_GPJCTPZ_GPLB_GP_L,2026-08-06
上海证券交易所,603690,至纯科技,上海至纯洁净系统科技股份有限公司,20170113,制造业,2,上交所接口所列A股/科创板及指定状态,https://query.sse.com.cn/commonQuery.do?sqlId=COMMON_SSE_CP_GPJCTPZ_GPLB_GP_L,2026-08-06
上海证券交易所,603693,江苏新能,江苏省新能源开发股份有限公司,20180703,电力、热力、燃气及水生产和供应业,2,上交所接口所列A股/科创板及指定状态,https://query.sse.com.cn/commonQuery.do?sqlId=COMMON_SSE_CP_GPJCTPZ_GPLB_GP_L,2026-08-06
上海证券交易所,603696,安记食品,安记食品股份有限公司,20151209,制造业,2,上交所接口所列A股/科创板及指定状态,https://query.sse.com.cn/commonQuery.do?sqlId=COMMON_SSE_CP_GPJCTPZ_GPLB_GP_L,2026-08-06
上海证券交易所,603697,有友食品,有友食品股份有限公司,20190508,制造业,2,上交所接口所列A股/科创板及指定状态,https://query.sse.com.cn/commonQuery.do?sqlId=COMMON_SSE_CP_GPJCTPZ_GPLB_GP_L,2026-08-06
上海证券交易所,603698,航天工程,航天长征化学工程股份有限公司,20150128,制造业,2,上交所接口所列A股/科创板及指定状态,https://query.sse.com.cn/commonQuery.do?sqlId=COMMON_SSE_CP_GPJCTPZ_GPLB_GP_L,2026-08-06
上海证券交易所,603699,纽威股份,苏州纽威阀门股份有限公司,20140117,制造业,2,上交所接口所列A股/科创板及指定状态,https://query.sse.com.cn/commonQuery.do?sqlId=COMMON_SSE_CP_GPJCTPZ_GPLB_GP_L,2026-08-06
上海证券交易所,603700,宁水集团,宁波水表(集团)股份有限公司,20190122,制造业,2,上交所接口所列A股/科创板及指定状态,https://query.sse.com.cn/commonQuery.do?sqlId=COMMON_SSE_CP_GPJCTPZ_GPLB_GP_L,2026-08-06
上海证券交易所,603701,德宏股份,浙江德宏汽车电子电器股份有限公司,20160412,制造业,2,上交所接口所列A股/科创板及指定状态,https://query.sse.com.cn/commonQuery.do?sqlId=COMMON_SSE_CP_GPJCTPZ_GPLB_GP_L,2026-08-06
上海证券交易所,603703,盛洋科技,浙江盛洋科技股份有限公司,20150423,制造业,2,上交所接口所列A股/科创板及指定状态,https://query.sse.com.cn/commonQuery.do?sqlId=COMMON_SSE_CP_GPJCTPZ_GPLB_GP_L,2026-08-06
上海证券交易所,603706,东方环宇,新疆东方环宇燃气股份有限公司,20180709,电力、热力、燃气及水生产和供应业,2,上交所接口所列A股/科创板及指定状态,https://query.sse.com.cn/commonQuery.do?sqlId=COMMON_SSE_CP_GPJCTPZ_GPLB_GP_L,2026-08-06
上海证券交易所,603707,健友股份,南京健友生化制药股份有限公司,20170719,制造业,2,上交所接口所列A股/科创板及指定状态,https://query.sse.com.cn/commonQuery.do?sqlId=COMMON_SSE_CP_GPJCTPZ_GPLB_GP_L,2026-08-06
上海证券交易所,603708,家家悦,家家悦集团股份有限公司,20161213,批发和零售业,2,上交所接口所列A股/科创板及指定状态,https://query.sse.com.cn/commonQuery.do?sqlId=COMMON_SSE_CP_GPJCTPZ_GPLB_GP_L,2026-08-06
上海证券交易所,603709,中源家居,中源家居股份有限公司,20180208,制造业,2,上交所接口所列A股/科创板及指定状态,https://query.sse.com.cn/commonQuery.do?sqlId=COMMON_SSE_CP_GPJCTPZ_GPLB_GP_L,2026-08-06
上海证券交易所,603711,香飘飘,香飘飘食品股份有限公司,20171130,制造业,2,上交所接口所列A股/科创板及指定状态,https://query.sse.com.cn/commonQuery.do?sqlId=COMMON_SSE_CP_GPJCTPZ_GPLB_GP_L,2026-08-06
上海证券交易所,603712,七一二,天津七一二通信广播股份有限公司,20180226,制造业,2,上交所接口所列A股/科创板及指定状态,https://query.sse.com.cn/commonQuery.do?sqlId=COMMON_SSE_CP_GPJCTPZ_GPLB_GP_L,2026-08-06
上海证券交易所,603713,密尔克卫,密尔克卫智能供应链服务集团股份有限公司,20180713,交通运输、仓储和邮政业,2,上交所接口所列A股/科创板及指定状态,https://query.sse.com.cn/commonQuery.do?sqlId=COMMON_SSE_CP_GPJCTPZ_GPLB_GP_L,2026-08-06
上海证券交易所,603716,塞力医疗,塞力斯医疗科技集团股份有限公司,20161031,批发和零售业,2,上交所接口所列A股/科创板及指定状态,https://query.sse.com.cn/commonQuery.do?sqlId=COMMON_SSE_CP_GPJCTPZ_GPLB_GP_L,2026-08-06
上海证券交易所,603717,天域生物,天域生物科技股份有限公司,20170327,农、林、牧、渔业,2,上交所接口所列A股/科创板及指定状态,https://query.sse.com.cn/commonQuery.do?sqlId=COMMON_SSE_CP_GPJCTPZ_GPLB_GP_L,2026-08-06
上海证券交易所,603718,*ST海利,上海海利生物技术股份有限公司,20150515,制造业,7,上交所接口所列A股/科创板及指定状态,https://query.sse.com.cn/commonQuery.do?sqlId=COMMON_SSE_CP_GPJCTPZ_GPLB_GP_L,2026-08-06
上海证券交易所,603719,良品铺子,良品铺子股份有限公司,20200224,批发和零售业,2,上交所接口所列A股/科创板及指定状态,https://query.sse.com.cn/commonQuery.do?sqlId=COMMON_SSE_CP_GPJCTPZ_GPLB_GP_L,2026-08-06
上海证券交易所,603721,中广天择,中广天择传媒股份有限公司,20170811,文化、体育和娱乐业,2,上交所接口所列A股/科创板及指定状态,https://query.sse.com.cn/commonQuery.do?sqlId=COMMON_SSE_CP_GPJCTPZ_GPLB_GP_L,2026-08-06
上海证券交易所,603722,阿科力,无锡阿科力科技股份有限公司,20171025,制造业,2,上交所接口所列A股/科创板及指定状态,https://query.sse.com.cn/commonQuery.do?sqlId=COMMON_SSE_CP_GPJCTPZ_GPLB_GP_L,2026-08-06
上海证券交易所,603725,天安新材,广东天安新材料股份有限公司,20170906,制造业,2,上交所接口所列A股/科创板及指定状态,https://query.sse.com.cn/commonQuery.do?sqlId=COMMON_SSE_CP_GPJCTPZ_GPLB_GP_L,2026-08-06
上海证券交易所,603726,朗迪集团,浙江朗迪集团股份有限公司,20160421,制造业,2,上交所接口所列A股/科创板及指定状态,https://query.sse.com.cn/commonQuery.do?sqlId=COMMON_SSE_CP_GPJCTPZ_GPLB_GP_L,2026-08-06
上海证券交易所,603727,博迈科,博迈科海洋工程股份有限公司,20161122,采矿业,2,上交所接口所列A股/科创板及指定状态,https://query.sse.com.cn/commonQuery.do?sqlId=COMMON_SSE_CP_GPJCTPZ_GPLB_GP_L,2026-08-06
上海证券交易所,603728,鸣志电器,上海鸣志电器股份有限公司,20170509,制造业,2,上交所接口所列A股/科创板及指定状态,https://query.sse.com.cn/commonQuery.do?sqlId=COMMON_SSE_CP_GPJCTPZ_GPLB_GP_L,2026-08-06
上海证券交易所,603729,ST龙韵,上海龙韵文创科技集团股份有限公司,20150324,租赁和商务服务业,7,上交所接口所列A股/科创板及指定状态,https://query.sse.com.cn/commonQuery.do?sqlId=COMMON_SSE_CP_GPJCTPZ_GPLB_GP_L,2026-08-06
上海证券交易所,603730,岱美股份,上海岱美汽车内饰件股份有限公司,20170728,制造业,2,上交所接口所列A股/科创板及指定状态,https://query.sse.com.cn/commonQuery.do?sqlId=COMMON_SSE_CP_GPJCTPZ_GPLB_GP_L,2026-08-06
上海证券交易所,603733,仙鹤股份,仙鹤股份有限公司,20180420,制造业,2,上交所接口所列A股/科创板及指定状态,https://query.sse.com.cn/commonQuery.do?sqlId=COMMON_SSE_CP_GPJCTPZ_GPLB_GP_L,2026-08-06
上海证券交易所,603737,三棵树,三棵树涂料股份有限公司,20160603,制造业,2,上交所接口所列A股/科创板及指定状态,https://query.sse.com.cn/commonQuery.do?sqlId=COMMON_SSE_CP_GPJCTPZ_GPLB_GP_L,2026-08-06
上海证券交易所,603738,泰晶科技,泰晶科技股份有限公司,20160928,制造业,2,上交所接口所列A股/科创板及指定状态,https://query.sse.com.cn/commonQuery.do?sqlId=COMMON_SSE_CP_GPJCTPZ_GPLB_GP_L,2026-08-06
上海证券交易所,603739,蔚蓝生物,青岛蔚蓝生物股份有限公司,20190116,制造业,2,上交所接口所列A股/科创板及指定状态,https://query.sse.com.cn/commonQuery.do?sqlId=COMMON_SSE_CP_GPJCTPZ_GPLB_GP_L,2026-08-06
上海证券交易所,603755,日辰股份,青岛日辰食品股份有限公司,20190828,制造业,2,上交所接口所列A股/科创板及指定状态,https://query.sse.com.cn/commonQuery.do?sqlId=COMMON_SSE_CP_GPJCTPZ_GPLB_GP_L,2026-08-06
上海证券交易所,603757,大元泵业,浙江大元泵业股份有限公司,20170711,制造业,2,上交所接口所列A股/科创板及指定状态,https://query.sse.com.cn/commonQuery.do?sqlId=COMMON_SSE_CP_GPJCTPZ_GPLB_GP_L,2026-08-06
上海证券交易所,603758,秦安股份,重庆秦安机电股份有限公司,20170517,制造业,2,上交所接口所列A股/科创板及指定状态,https://query.sse.com.cn/commonQuery.do?sqlId=COMMON_SSE_CP_GPJCTPZ_GPLB_GP_L,2026-08-06
上海证券交易所,603759,海天股份,海天水务集团股份公司,20210326,电力、热力、燃气及水生产和供应业,2,上交所接口所列A股/科创板及指定状态,https://query.sse.com.cn/commonQuery.do?sqlId=COMMON_SSE_CP_GPJCTPZ_GPLB_GP_L,2026-08-06
上海证券交易所,603766,隆鑫通用,隆鑫通用动力股份有限公司,20120810,制造业,2,上交所接口所列A股/科创板及指定状态,https://query.sse.com.cn/commonQuery.do?sqlId=COMMON_SSE_CP_GPJCTPZ_GPLB_GP_L,2026-08-06
上海证券交易所,603767,中马传动,浙江中马传动股份有限公司,20170613,制造业,2,上交所接口所列A股/科创板及指定状态,https://query.sse.com.cn/commonQuery.do?sqlId=COMMON_SSE_CP_GPJCTPZ_GPLB_GP_L,2026-08-06
上海证券交易所,603768,常青股份,合肥常青机械股份有限公司,20170324,制造业,2,上交所接口所列A股/科创板及指定状态,https://query.sse.com.cn/commonQuery.do?sqlId=COMMON_SSE_CP_GPJCTPZ_GPLB_GP_L,2026-08-06
上海证券交易所,603773,沃格光电,江西沃格光电集团股份有限公司,20180417,制造业,2,上交所接口所列A股/科创板及指定状态,https://query.sse.com.cn/commonQuery.do?sqlId=COMMON_SSE_CP_GPJCTPZ_GPLB_GP_L,2026-08-06
上海证券交易所,603776,永安行,永安行科技股份有限公司,20170817,信息传输、软件和信息技术服务业,2,上交所接口所列A股/科创板及指定状态,https://query.sse.com.cn/commonQuery.do?sqlId=COMMON_SSE_CP_GPJCTPZ_GPLB_GP_L,2026-08-06
上海证券交易所,603777,来伊份,上海来伊份股份有限公司,20161012,批发和零售业,2,上交所接口所列A股/科创板及指定状态,https://query.sse.com.cn/commonQuery.do?sqlId=COMMON_SSE_CP_GPJCTPZ_GPLB_GP_L,2026-08-06
上海证券交易所,603778,国晟科技,国晟世安科技股份有限公司,20151231,制造业,2,上交所接口所列A股/科创板及指定状态,https://query.sse.com.cn/commonQuery.do?sqlId=COMMON_SSE_CP_GPJCTPZ_GPLB_GP_L,2026-08-06
上海证券交易所,603779,威龙股份,威龙葡萄酒股份有限公司,20160516,制造业,2,上交所接口所列A股/科创板及指定状态,https://query.sse.com.cn/commonQuery.do?sqlId=COMMON_SSE_CP_GPJCTPZ_GPLB_GP_L,2026-08-06
上海证券交易所,603786,科博达,科博达技术股份有限公司,20191015,制造业,2,上交所接口所列A股/科创板及指定状态,https://query.sse.com.cn/commonQuery.do?sqlId=COMMON_SSE_CP_GPJCTPZ_GPLB_GP_L,2026-08-06
上海证券交易所,603787,新日股份,江苏新日电动车股份有限公司,20170427,制造业,2,上交所接口所列A股/科创板及指定状态,https://query.sse.com.cn/commonQuery.do?sqlId=COMMON_SSE_CP_GPJCTPZ_GPLB_GP_L,2026-08-06
上海证券交易所,603788,宁波高发,宁波高发汽车控制系统股份有限公司,20150120,制造业,2,上交所接口所列A股/科创板及指定状态,https://query.sse.com.cn/commonQuery.do?sqlId=COMMON_SSE_CP_GPJCTPZ_GPLB_GP_L,2026-08-06
上海证券交易所,603789,ST星农,星光农机股份有限公司,20150427,制造业,7,上交所接口所列A股/科创板及指定状态,https://query.sse.com.cn/commonQuery.do?sqlId=COMMON_SSE_CP_GPJCTPZ_GPLB_GP_L,2026-08-06
上海证券交易所,603790,雅运股份,上海雅运纺织化工股份有限公司,20180912,制造业,2,上交所接口所列A股/科创板及指定状态,https://query.sse.com.cn/commonQuery.do?sqlId=COMMON_SSE_CP_GPJCTPZ_GPLB_GP_L,2026-08-06
上海证券交易所,603797,联泰环保,广东联泰环保股份有限公司,20170413,水利、环境和公共设施管理业,2,上交所接口所列A股/科创板及指定状态,https://query.sse.com.cn/commonQuery.do?sqlId=COMMON_SSE_CP_GPJCTPZ_GPLB_GP_L,2026-08-06
上海证券交易所,603798,康普顿,青岛康普顿科技股份有限公司,20160406,制造业,2,上交所接口所列A股/科创板及指定状态,https://query.sse.com.cn/commonQuery.do?sqlId=COMMON_SSE_CP_GPJCTPZ_GPLB_GP_L,2026-08-06
上海证券交易所,603799,华友钴业,浙江华友钴业股份有限公司,20150129,制造业,2,上交所接口所列A股/科创板及指定状态,https://query.sse.com.cn/commonQuery.do?sqlId=COMMON_SSE_CP_GPJCTPZ_GPLB_GP_L,2026-08-06
上海证券交易所,603800,洪田股份,江苏洪田科技股份有限公司,20151210,制造业,2,上交所接口所列A股/科创板及指定状态,https://query.sse.com.cn/commonQuery.do?sqlId=COMMON_SSE_CP_GPJCTPZ_GPLB_GP_L,2026-08-06
上海证券交易所,603801,志邦家居,志邦家居股份有限公司,20170630,制造业,2,上交所接口所列A股/科创板及指定状态,https://query.sse.com.cn/commonQuery.do?sqlId=COMMON_SSE_CP_GPJCTPZ_GPLB_GP_L,2026-08-06
上海证券交易所,603803,瑞斯康达,瑞斯康达科技发展股份有限公司,20170420,制造业,2,上交所接口所列A股/科创板及指定状态,https://query.sse.com.cn/commonQuery.do?sqlId=COMMON_SSE_CP_GPJCTPZ_GPLB_GP_L,2026-08-06
上海证券交易所,603806,福斯特,杭州福斯特应用材料股份有限公司,20140905,制造业,2,上交所接口所列A股/科创板及指定状态,https://query.sse.com.cn/commonQuery.do?sqlId=COMMON_SSE_CP_GPJCTPZ_GPLB_GP_L,2026-08-06
上海证券交易所,603808,歌力思,深圳歌力思服饰股份有限公司,20150422,制造业,2,上交所接口所列A股/科创板及指定状态,https://query.sse.com.cn/commonQuery.do?sqlId=COMMON_SSE_CP_GPJCTPZ_GPLB_GP_L,2026-08-06
上海证券交易所,603809,豪能股份,成都豪能科技股份有限公司,20171128,制造业,2,上交所接口所列A股/科创板及指定状态,https://query.sse.com.cn/commonQuery.do?sqlId=COMMON_SSE_CP_GPJCTPZ_GPLB_GP_L,2026-08-06
上海证券交易所,603810,丰山集团,江苏丰山集团股份有限公司,20180917,制造业,2,上交所接口所列A股/科创板及指定状态,https://query.sse.com.cn/commonQuery.do?sqlId=COMMON_SSE_CP_GPJCTPZ_GPLB_GP_L,2026-08-06
上海证券交易所,603811,诚意药业,浙江诚意药业股份有限公司,20170315,制造业,2,上交所接口所列A股/科创板及指定状态,https://query.sse.com.cn/commonQuery.do?sqlId=COMMON_SSE_CP_GPJCTPZ_GPLB_GP_L,2026-08-06
上海证券交易所,603813,原尚股份,广东原尚物流股份有限公司,20170918,交通运输、仓储和邮政业,2,上交所接口所列A股/科创板及指定状态,https://query.sse.com.cn/commonQuery.do?sqlId=COMMON_SSE_CP_GPJCTPZ_GPLB_GP_L,2026-08-06
上海证券交易所,603815,交建股份,安徽省交通建设股份有限公司,20191021,建筑业,2,上交所接口所列A股/科创板及指定状态,https://query.sse.com.cn/commonQuery.do?sqlId=COMMON_SSE_CP_GPJCTPZ_GPLB_GP_L,2026-08-06
上海证券交易所,603816,顾家家居,顾家家居股份有限公司,20161014,制造业,2,上交所接口所列A股/科创板及指定状态,https://query.sse.com.cn/commonQuery.do?sqlId=COMMON_SSE_CP_GPJCTPZ_GPLB_GP_L,2026-08-06
上海证券交易所,603817,海峡环保,福建海峡环保集团股份有限公司,20170220,电力、热力、燃气及水生产和供应业,2,上交所接口所列A股/科创板及指定状态,https://query.sse.com.cn/commonQuery.do?sqlId=COMMON_SSE_CP_GPJCTPZ_GPLB_GP_L,2026-08-06
上海证券交易所,603818,曲美家居,曲美家居集团股份有限公司,20150422,制造业,2,上交所接口所列A股/科创板及指定状态,https://query.sse.com.cn/commonQuery.do?sqlId=COMMON_SSE_CP_GPJCTPZ_GPLB_GP_L,2026-08-06
上海证券交易所,603819,神力股份,常州神力电机股份有限公司,20161125,制造业,2,上交所接口所列A股/科创板及指定状态,https://query.sse.com.cn/commonQuery.do?sqlId=COMMON_SSE_CP_GPJCTPZ_GPLB_GP_L,2026-08-06
上海证券交易所,603822,ST嘉澳,浙江嘉澳环保科技股份有限公司,20160428,制造业,7,上交所接口所列A股/科创板及指定状态,https://query.sse.com.cn/commonQuery.do?sqlId=COMMON_SSE_CP_GPJCTPZ_GPLB_GP_L,2026-08-06
上海证券交易所,603823,百合花,百合花集团股份有限公司,20161220,制造业,2,上交所接口所列A股/科创板及指定状态,https://query.sse.com.cn/commonQuery.do?sqlId=COMMON_SSE_CP_GPJCTPZ_GPLB_GP_L,2026-08-06
上海证券交易所,603825,ST华扬,华扬联众数字技术股份有限公司,20170802,租赁和商务服务业,7,上交所接口所列A股/科创板及指定状态,https://query.sse.com.cn/commonQuery.do?sqlId=COMMON_SSE_CP_GPJCTPZ_GPLB_GP_L,2026-08-06
上海证券交易所,603826,坤彩科技,福建坤彩材料科技股份有限公司,20170414,制造业,2,上交所接口所列A股/科创板及指定状态,https://query.sse.com.cn/commonQuery.do?sqlId=COMMON_SSE_CP_GPJCTPZ_GPLB_GP_L,2026-08-06
上海证券交易所,603828,*ST利达,苏州柯利达装饰股份有限公司,20150226,建筑业,7,上交所接口所列A股/科创板及指定状态,https://query.sse.com.cn/commonQuery.do?sqlId=COMMON_SSE_CP_GPJCTPZ_GPLB_GP_L,2026-08-06
上海证券交易所,603829,洛凯股份,江苏洛凯机电股份有限公司,20171017,制造业,2,上交所接口所列A股/科创板及指定状态,https://query.sse.com.cn/commonQuery.do?sqlId=COMMON_SSE_CP_GPJCTPZ_GPLB_GP_L,2026-08-06
上海证券交易所,603833,欧派家居,欧派家居集团股份有限公司,20170328,制造业,2,上交所接口所列A股/科创板及指定状态,https://query.sse.com.cn/commonQuery.do?sqlId=COMMON_SSE_CP_GPJCTPZ_GPLB_GP_L,2026-08-06
上海证券交易所,603836,海程邦达,海程邦达供应链管理股份有限公司,20210526,租赁和商务服务业,2,上交所接口所列A股/科创板及指定状态,https://query.sse.com.cn/commonQuery.do?sqlId=COMMON_SSE_CP_GPJCTPZ_GPLB_GP_L,2026-08-06
上海证券交易所,603838,*ST四通,广东四通集团股份有限公司,20150701,制造业,7,上交所接口所列A股/科创板及指定状态,https://query.sse.com.cn/commonQuery.do?sqlId=COMMON_SSE_CP_GPJCTPZ_GPLB_GP_L,2026-08-06
上海证券交易所,603839,安正时尚,安正时尚集团股份有限公司,20170214,制造业,2,上交所接口所列A股/科创板及指定状态,https://query.sse.com.cn/commonQuery.do?sqlId=COMMON_SSE_CP_GPJCTPZ_GPLB_GP_L,2026-08-06
上海证券交易所,603843,*ST正平,正平路桥建设股份有限公司,20160905,建筑业,7,上交所接口所列A股/科创板及指定状态,https://query.sse.com.cn/commonQuery.do?sqlId=COMMON_SSE_CP_GPJCTPZ_GPLB_GP_L,2026-08-06
上海证券交易所,603848,好太太,广东好太太科技集团股份有限公司,20171201,制造业,2,上交所接口所列A股/科创板及指定状态,https://query.sse.com.cn/commonQuery.do?sqlId=COMMON_SSE_CP_GPJCTPZ_GPLB_GP_L,2026-08-06
上海证券交易所,603855,华荣股份,华荣科技股份有限公司,20170524,制造业,2,上交所接口所列A股/科创板及指定状态,https://query.sse.com.cn/commonQuery.do?sqlId=COMMON_SSE_CP_GPJCTPZ_GPLB_GP_L,2026-08-06
上海证券交易所,603856,东宏股份,山东东宏管业股份有限公司,20171106,制造业,2,上交所接口所列A股/科创板及指定状态,https://query.sse.com.cn/commonQuery.do?sqlId=COMMON_SSE_CP_GPJCTPZ_GPLB_GP_L,2026-08-06
上海证券交易所,603858,步长制药,山东步长制药股份有限公司,20161118,制造业,2,上交所接口所列A股/科创板及指定状态,https://query.sse.com.cn/commonQuery.do?sqlId=COMMON_SSE_CP_GPJCTPZ_GPLB_GP_L,2026-08-06
上海证券交易所,603859,能科科技,能科科技股份有限公司,20161021,信息传输、软件和信息技术服务业,2,上交所接口所列A股/科创板及指定状态,https://query.sse.com.cn/commonQuery.do?sqlId=COMMON_SSE_CP_GPJCTPZ_GPLB_GP_L,2026-08-06
上海证券交易所,603860,中公高科,中公高科养护科技股份有限公司,20170802,科学研究和技术服务业,2,上交所接口所列A股/科创板及指定状态,https://query.sse.com.cn/commonQuery.do?sqlId=COMMON_SSE_CP_GPJCTPZ_GPLB_GP_L,2026-08-06
上海证券交易所,603861,白云电器,广州白云电器设备股份有限公司,20160322,制造业,2,上交所接口所列A股/科创板及指定状态,https://query.sse.com.cn/commonQuery.do?sqlId=COMMON_SSE_CP_GPJCTPZ_GPLB_GP_L,2026-08-06
上海证券交易所,603863,松炀资源,广东松炀再生资源股份有限公司,20190621,制造业,2,上交所接口所列A股/科创板及指定状态,https://query.sse.com.cn/commonQuery.do?sqlId=COMMON_SSE_CP_GPJCTPZ_GPLB_GP_L,2026-08-06
上海证券交易所,603866,桃李面包,桃李面包股份有限公司,20151222,制造业,2,上交所接口所列A股/科创板及指定状态,https://query.sse.com.cn/commonQuery.do?sqlId=COMMON_SSE_CP_GPJCTPZ_GPLB_GP_L,2026-08-06
上海证券交易所,603867,新化股份,浙江新化化工股份有限公司,20190627,制造业,2,上交所接口所列A股/科创板及指定状态,https://query.sse.com.cn/commonQuery.do?sqlId=COMMON_SSE_CP_GPJCTPZ_GPLB_GP_L,2026-08-06
上海证券交易所,603868,飞科电器,上海飞科电器股份有限公司,20160418,制造业,2,上交所接口所列A股/科创板及指定状态,https://query.sse.com.cn/commonQuery.do?sqlId=COMMON_SSE_CP_GPJCTPZ_GPLB_GP_L,2026-08-06
上海证券交易所,603869,ST智知,新智认知数字科技股份有限公司,20150326,信息传输、软件和信息技术服务业,7,上交所接口所列A股/科创板及指定状态,https://query.sse.com.cn/commonQuery.do?sqlId=COMMON_SSE_CP_GPJCTPZ_GPLB_GP_L,2026-08-06
上海证券交易所,603871,嘉友国际,嘉友国际物流股份有限公司,20180206,交通运输、仓储和邮政业,2,上交所接口所列A股/科创板及指定状态,https://query.sse.com.cn/commonQuery.do?sqlId=COMMON_SSE_CP_GPJCTPZ_GPLB_GP_L,2026-08-06
上海证券交易所,603876,鼎胜新材,江苏鼎胜新能源材料股份有限公司,20180418,制造业,2,上交所接口所列A股/科创板及指定状态,https://query.sse.com.cn/commonQuery.do?sqlId=COMMON_SSE_CP_GPJCTPZ_GPLB_GP_L,2026-08-06
上海证券交易所,603877,太平鸟,宁波太平鸟时尚服饰股份有限公司,20170109,制造业,2,上交所接口所列A股/科创板及指定状态,https://query.sse.com.cn/commonQuery.do?sqlId=COMMON_SSE_CP_GPJCTPZ_GPLB_GP_L,2026-08-06
上海证券交易所,603878,武进不锈,江苏武进不锈股份有限公司,20161219,制造业,2,上交所接口所列A股/科创板及指定状态,https://query.sse.com.cn/commonQuery.do?sqlId=COMMON_SSE_CP_GPJCTPZ_GPLB_GP_L,2026-08-06
上海证券交易所,603879,永悦科技,永悦科技股份有限公司,20170614,制造业,2,上交所接口所列A股/科创板及指定状态,https://query.sse.com.cn/commonQuery.do?sqlId=COMMON_SSE_CP_GPJCTPZ_GPLB_GP_L,2026-08-06
上海证券交易所,603880,南卫股份,江苏南方卫材医药股份有限公司,20170807,制造业,2,上交所接口所列A股/科创板及指定状态,https://query.sse.com.cn/commonQuery.do?sqlId=COMMON_SSE_CP_GPJCTPZ_GPLB_GP_L,2026-08-06
上海证券交易所,603881,数据港,上海数据港股份有限公司,20170208,信息传输、软件和信息技术服务业,2,上交所接口所列A股/科创板及指定状态,https://query.sse.com.cn/commonQuery.do?sqlId=COMMON_SSE_CP_GPJCTPZ_GPLB_GP_L,2026-08-06
上海证券交易所,603882,金域医学,广州金域医学检验集团股份有限公司,20170908,卫生和社会工作,2,上交所接口所列A股/科创板及指定状态,https://query.sse.com.cn/commonQuery.do?sqlId=COMMON_SSE_CP_GPJCTPZ_GPLB_GP_L,2026-08-06
上海证券交易所,603883,老百姓,老百姓大药房连锁股份有限公司,20150423,批发和零售业,2,上交所接口所列A股/科创板及指定状态,https://query.sse.com.cn/commonQuery.do?sqlId=COMMON_SSE_CP_GPJCTPZ_GPLB_GP_L,2026-08-06
上海证券交易所,603885,吉祥航空,上海吉祥航空股份有限公司,20150527,交通运输、仓储和邮政业,2,上交所接口所列A股/科创板及指定状态,https://query.sse.com.cn/commonQuery.do?sqlId=COMMON_SSE_CP_GPJCTPZ_GPLB_GP_L,2026-08-06
上海证券交易所,603886,元祖股份,上海元祖梦果子股份有限公司,20161228,制造业,2,上交所接口所列A股/科创板及指定状态,https://query.sse.com.cn/commonQuery.do?sqlId=COMMON_SSE_CP_GPJCTPZ_GPLB_GP_L,2026-08-06
上海证券交易所,603887,城地香江,上海城地香江数据科技股份有限公司,20161010,信息传输、软件和信息技术服务业,2,上交所接口所列A股/科创板及指定状态,https://query.sse.com.cn/commonQuery.do?sqlId=COMMON_SSE_CP_GPJCTPZ_GPLB_GP_L,2026-08-06
上海证券交易所,603888,新华网,新华网股份有限公司,20161028,信息传输、软件和信息技术服务业,2,上交所接口所列A股/科创板及指定状态,https://query.sse.com.cn/commonQuery.do?sqlId=COMMON_SSE_CP_GPJCTPZ_GPLB_GP_L,2026-08-06
上海证券交易所,603889,新澳股份,浙江新澳纺织股份有限公司,20141231,制造业,2,上交所接口所列A股/科创板及指定状态,https://query.sse.com.cn/commonQuery.do?sqlId=COMMON_SSE_CP_GPJCTPZ_GPLB_GP_L,2026-08-06
上海证券交易所,603890,春秋电子,苏州春秋电子科技股份有限公司,20171212,制造业,2,上交所接口所列A股/科创板及指定状态,https://query.sse.com.cn/commonQuery.do?sqlId=COMMON_SSE_CP_GPJCTPZ_GPLB_GP_L,2026-08-06
上海证券交易所,603893,瑞芯微,瑞芯微电子股份有限公司,20200207,制造业,2,上交所接口所列A股/科创板及指定状态,https://query.sse.com.cn/commonQuery.do?sqlId=COMMON_SSE_CP_GPJCTPZ_GPLB_GP_L,2026-08-06
上海证券交易所,603895,天永智能,上海天永智能装备股份有限公司,20180122,制造业,2,上交所接口所列A股/科创板及指定状态,https://query.sse.com.cn/commonQuery.do?sqlId=COMMON_SSE_CP_GPJCTPZ_GPLB_GP_L,2026-08-06
上海证券交易所,603896,寿仙谷,浙江寿仙谷医药股份有限公司,20170510,制造业,2,上交所接口所列A股/科创板及指定状态,https://query.sse.com.cn/commonQuery.do?sqlId=COMMON_SSE_CP_GPJCTPZ_GPLB_GP_L,2026-08-06
上海证券交易所,603897,长城科技,浙江长城电工科技股份有限公司,20180410,制造业,2,上交所接口所列A股/科创板及指定状态,https://query.sse.com.cn/commonQuery.do?sqlId=COMMON_SSE_CP_GPJCTPZ_GPLB_GP_L,2026-08-06
上海证券交易所,603898,好莱客,广州好莱客创意家居股份有限公司,20150217,制造业,2,上交所接口所列A股/科创板及指定状态,https://query.sse.com.cn/commonQuery.do?sqlId=COMMON_SSE_CP_GPJCTPZ_GPLB_GP_L,2026-08-06
上海证券交易所,603899,晨光股份,上海晨光文具股份有限公司,20150127,制造业,2,上交所接口所列A股/科创板及指定状态,https://query.sse.com.cn/commonQuery.do?sqlId=COMMON_SSE_CP_GPJCTPZ_GPLB_GP_L,2026-08-06
上海证券交易所,603900,莱绅通灵,莱绅通灵珠宝股份有限公司,20161123,批发和零售业,2,上交所接口所列A股/科创板及指定状态,https://query.sse.com.cn/commonQuery.do?sqlId=COMMON_SSE_CP_GPJCTPZ_GPLB_GP_L,2026-08-06
上海证券交易所,603901,永创智能,杭州永创智能设备股份有限公司,20150529,制造业,2,上交所接口所列A股/科创板及指定状态,https://query.sse.com.cn/commonQuery.do?sqlId=COMMON_SSE_CP_GPJCTPZ_GPLB_GP_L,2026-08-06
上海证券交易所,603903,中持股份,中持水务股份有限公司,20170314,水利、环境和公共设施管理业,2,上交所接口所列A股/科创板及指定状态,https://query.sse.com.cn/commonQuery.do?sqlId=COMMON_SSE_CP_GPJCTPZ_GPLB_GP_L,2026-08-06
上海证券交易所,603906,龙蟠科技,江苏龙蟠科技集团股份有限公司,20170410,制造业,2,上交所接口所列A股/科创板及指定状态,https://query.sse.com.cn/commonQuery.do?sqlId=COMMON_SSE_CP_GPJCTPZ_GPLB_GP_L,2026-08-06
上海证券交易所,603908,牧高笛,牧高笛户外用品股份有限公司,20170307,制造业,2,上交所接口所列A股/科创板及指定状态,https://query.sse.com.cn/commonQuery.do?sqlId=COMMON_SSE_CP_GPJCTPZ_GPLB_GP_L,2026-08-06
上海证券交易所,603909,建发合诚,建发合诚工程咨询股份有限公司,20160628,建筑业,2,上交所接口所列A股/科创板及指定状态,https://query.sse.com.cn/commonQuery.do?sqlId=COMMON_SSE_CP_GPJCTPZ_GPLB_GP_L,2026-08-06
上海证券交易所,603912,佳力图,南京佳力图机房环境技术股份有限公司,20171101,制造业,2,上交所接口所列A股/科创板及指定状态,https://query.sse.com.cn/commonQuery.do?sqlId=COMMON_SSE_CP_GPJCTPZ_GPLB_GP_L,2026-08-06
上海证券交易所,603915,国茂股份,江苏国茂减速机股份有限公司,20190614,制造业,2,上交所接口所列A股/科创板及指定状态,https://query.sse.com.cn/commonQuery.do?sqlId=COMMON_SSE_CP_GPJCTPZ_GPLB_GP_L,2026-08-06
上海证券交易所,603916,苏博特,江苏苏博特新材料股份有限公司,20171110,制造业,2,上交所接口所列A股/科创板及指定状态,https://query.sse.com.cn/commonQuery.do?sqlId=COMMON_SSE_CP_GPJCTPZ_GPLB_GP_L,2026-08-06
上海证券交易所,603917,合力科技,宁波合力科技股份有限公司,20171204,制造业,2,上交所接口所列A股/科创板及指定状态,https://query.sse.com.cn/commonQuery.do?sqlId=COMMON_SSE_CP_GPJCTPZ_GPLB_GP_L,2026-08-06
上海证券交易所,603918,金桥信息,上海金桥信息股份有限公司,20150528,信息传输、软件和信息技术服务业,2,上交所接口所列A股/科创板及指定状态,https://query.sse.com.cn/commonQuery.do?sqlId=COMMON_SSE_CP_GPJCTPZ_GPLB_GP_L,2026-08-06
上海证券交易所,603919,金徽酒,金徽酒股份有限公司,20160310,制造业,2,上交所接口所列A股/科创板及指定状态,https://query.sse.com.cn/commonQuery.do?sqlId=COMMON_SSE_CP_GPJCTPZ_GPLB_GP_L,2026-08-06
上海证券交易所,603920,世运电路,广东世运电路科技股份有限公司,20170426,制造业,2,上交所接口所列A股/科创板及指定状态,https://query.sse.com.cn/commonQuery.do?sqlId=COMMON_SSE_CP_GPJCTPZ_GPLB_GP_L,2026-08-06
上海证券交易所,603922,ST金鸿顺,苏州金鸿顺汽车部件股份有限公司,20171023,制造业,7,上交所接口所列A股/科创板及指定状态,https://query.sse.com.cn/commonQuery.do?sqlId=COMMON_SSE_CP_GPJCTPZ_GPLB_GP_L,2026-08-06
上海证券交易所,603926,铁流股份,铁流股份有限公司,20170510,制造业,2,上交所接口所列A股/科创板及指定状态,https://query.sse.com.cn/commonQuery.do?sqlId=COMMON_SSE_CP_GPJCTPZ_GPLB_GP_L,2026-08-06
上海证券交易所,603927,中科软,中科软科技股份有限公司,20190909,信息传输、软件和信息技术服务业,2,上交所接口所列A股/科创板及指定状态,https://query.sse.com.cn/commonQuery.do?sqlId=COMMON_SSE_CP_GPJCTPZ_GPLB_GP_L,2026-08-06
上海证券交易所,603928,兴业股份,苏州兴业材料科技股份有限公司,20161212,制造业,2,上交所接口所列A股/科创板及指定状态,https://query.sse.com.cn/commonQuery.do?sqlId=COMMON_SSE_CP_GPJCTPZ_GPLB_GP_L,2026-08-06
上海证券交易所,603929,亚翔集成,亚翔系统集成科技(苏州)股份有限公司,20161230,建筑业,2,上交所接口所列A股/科创板及指定状态,https://query.sse.com.cn/commonQuery.do?sqlId=COMMON_SSE_CP_GPJCTPZ_GPLB_GP_L,2026-08-06
上海证券交易所,603931,格林达,杭州格林达电子材料股份有限公司,20200819,制造业,2,上交所接口所列A股/科创板及指定状态,https://query.sse.com.cn/commonQuery.do?sqlId=COMMON_SSE_CP_GPJCTPZ_GPLB_GP_L,2026-08-06
上海证券交易所,603933,睿能科技,福建睿能科技股份有限公司,20170706,制造业,2,上交所接口所列A股/科创板及指定状态,https://query.sse.com.cn/commonQuery.do?sqlId=COMMON_SSE_CP_GPJCTPZ_GPLB_GP_L,2026-08-06
上海证券交易所,603936,博敏电子,博敏电子股份有限公司,20151209,制造业,2,上交所接口所列A股/科创板及指定状态,https://query.sse.com.cn/commonQuery.do?sqlId=COMMON_SSE_CP_GPJCTPZ_GPLB_GP_L,2026-08-06
上海证券交易所,603937,丽岛新材,江苏丽岛新材料股份有限公司,20171102,制造业,2,上交所接口所列A股/科创板及指定状态,https://query.sse.com.cn/commonQuery.do?sqlId=COMMON_SSE_CP_GPJCTPZ_GPLB_GP_L,2026-08-06
上海证券交易所,603938,三孚股份,唐山三孚硅业股份有限公司,20170628,制造业,2,上交所接口所列A股/科创板及指定状态,https://query.sse.com.cn/commonQuery.do?sqlId=COMMON_SSE_CP_GPJCTPZ_GPLB_GP_L,2026-08-06
上海证券交易所,603939,益丰药房,益丰大药房连锁股份有限公司,20150217,批发和零售业,2,上交所接口所列A股/科创板及指定状态,https://query.sse.com.cn/commonQuery.do?sqlId=COMMON_SSE_CP_GPJCTPZ_GPLB_GP_L,2026-08-06
上海证券交易所,603948,建业股份,浙江建业化工股份有限公司,20200302,制造业,2,上交所接口所列A股/科创板及指定状态,https://query.sse.com.cn/commonQuery.do?sqlId=COMMON_SSE_CP_GPJCTPZ_GPLB_GP_L,2026-08-06
上海证券交易所,603949,雪龙集团,雪龙集团股份有限公司,20200310,制造业,2,上交所接口所列A股/科创板及指定状态,https://query.sse.com.cn/commonQuery.do?sqlId=COMMON_SSE_CP_GPJCTPZ_GPLB_GP_L,2026-08-06
上海证券交易所,603950,长源东谷,襄阳长源东谷实业股份有限公司,20200526,制造业,2,上交所接口所列A股/科创板及指定状态,https://query.sse.com.cn/commonQuery.do?sqlId=COMMON_SSE_CP_GPJCTPZ_GPLB_GP_L,2026-08-06
上海证券交易所,603955,大千生态,大千生态环境集团股份有限公司,20170310,建筑业,2,上交所接口所列A股/科创板及指定状态,https://query.sse.com.cn/commonQuery.do?sqlId=COMMON_SSE_CP_GPJCTPZ_GPLB_GP_L,2026-08-06
上海证券交易所,603956,威派格,上海威派格智慧水务股份有限公司,20190222,制造业,2,上交所接口所列A股/科创板及指定状态,https://query.sse.com.cn/commonQuery.do?sqlId=COMMON_SSE_CP_GPJCTPZ_GPLB_GP_L,2026-08-06
上海证券交易所,603958,哈森股份,哈森商贸(中国)股份有限公司,20160629,制造业,2,上交所接口所列A股/科创板及指定状态,https://query.sse.com.cn/commonQuery.do?sqlId=COMMON_SSE_CP_GPJCTPZ_GPLB_GP_L,2026-08-06
上海证券交易所,603959,ST百利,湖南百利工程科技股份有限公司,20160517,建筑业,7,上交所接口所列A股/科创板及指定状态,https://query.sse.com.cn/commonQuery.do?sqlId=COMMON_SSE_CP_GPJCTPZ_GPLB_GP_L,2026-08-06
上海证券交易所,603960,克来机电,上海克来机电自动化工程股份有限公司,20170314,制造业,2,上交所接口所列A股/科创板及指定状态,https://query.sse.com.cn/commonQuery.do?sqlId=COMMON_SSE_CP_GPJCTPZ_GPLB_GP_L,2026-08-06
上海证券交易所,603966,法兰泰克,法兰泰克重工股份有限公司,20170125,制造业,2,上交所接口所列A股/科创板及指定状态,https://query.sse.com.cn/commonQuery.do?sqlId=COMMON_SSE_CP_GPJCTPZ_GPLB_GP_L,2026-08-06
上海证券交易所,603967,中创物流,中创物流股份有限公司,20190429,交通运输、仓储和邮政业,2,上交所接口所列A股/科创板及指定状态,https://query.sse.com.cn/commonQuery.do?sqlId=COMMON_SSE_CP_GPJCTPZ_GPLB_GP_L,2026-08-06
上海证券交易所,603968,醋化股份,南通醋酸化工股份有限公司,20150518,制造业,2,上交所接口所列A股/科创板及指定状态,https://query.sse.com.cn/commonQuery.do?sqlId=COMMON_SSE_CP_GPJCTPZ_GPLB_GP_L,2026-08-06
上海证券交易所,603969,银龙股份,天津银龙集团股份有限公司,20150227,制造业,2,上交所接口所列A股/科创板及指定状态,https://query.sse.com.cn/commonQuery.do?sqlId=COMMON_SSE_CP_GPJCTPZ_GPLB_GP_L,2026-08-06
上海证券交易所,603970,中农立华,中农立华生物科技股份有限公司,20171116,批发和零售业,2,上交所接口所列A股/科创板及指定状态,https://query.sse.com.cn/commonQuery.do?sqlId=COMMON_SSE_CP_GPJCTPZ_GPLB_GP_L,2026-08-06
上海证券交易所,603976,正川股份,重庆正川医药包装材料股份有限公司,20170822,制造业,2,上交所接口所列A股/科创板及指定状态,https://query.sse.com.cn/commonQuery.do?sqlId=COMMON_SSE_CP_GPJCTPZ_GPLB_GP_L,2026-08-06
上海证券交易所,603977,国泰集团,江西国泰集团股份有限公司,20161111,制造业,2,上交所接口所列A股/科创板及指定状态,https://query.sse.com.cn/commonQuery.do?sqlId=COMMON_SSE_CP_GPJCTPZ_GPLB_GP_L,2026-08-06
上海证券交易所,603978,深圳新星,深圳市新星轻合金材料股份有限公司,20170807,制造业,2,上交所接口所列A股/科创板及指定状态,https://query.sse.com.cn/commonQuery.do?sqlId=COMMON_SSE_CP_GPJCTPZ_GPLB_GP_L,2026-08-06
上海证券交易所,603979,金诚信,金诚信矿业管理股份有限公司,20150630,采矿业,2,上交所接口所列A股/科创板及指定状态,https://query.sse.com.cn/commonQuery.do?sqlId=COMMON_SSE_CP_GPJCTPZ_GPLB_GP_L,2026-08-06
上海证券交易所,603980,吉华集团,浙江吉华集团股份有限公司,20170615,制造业,2,上交所接口所列A股/科创板及指定状态,https://query.sse.com.cn/commonQuery.do?sqlId=COMMON_SSE_CP_GPJCTPZ_GPLB_GP_L,2026-08-06
上海证券交易所,603982,泉峰汽车,南京泉峰汽车精密技术股份有限公司,20190522,制造业,2,上交所接口所列A股/科创板及指定状态,https://query.sse.com.cn/commonQuery.do?sqlId=COMMON_SSE_CP_GPJCTPZ_GPLB_GP_L,2026-08-06
上海证券交易所,603983,丸美生物,广东丸美生物技术股份有限公司,20190725,制造业,2,上交所接口所列A股/科创板及指定状态,https://query.sse.com.cn/commonQuery.do?sqlId=COMMON_SSE_CP_GPJCTPZ_GPLB_GP_L,2026-08-06
上海证券交易所,603985,恒润股份,江阴市恒润重工股份有限公司,20170505,制造业,2,上交所接口所列A股/科创板及指定状态,https://query.sse.com.cn/commonQuery.do?sqlId=COMMON_SSE_CP_GPJCTPZ_GPLB_GP_L,2026-08-06
上海证券交易所,603986,兆易创新,兆易创新科技集团股份有限公司,20160818,制造业,2,上交所接口所列A股/科创板及指定状态,https://query.sse.com.cn/commonQuery.do?sqlId=COMMON_SSE_CP_GPJCTPZ_GPLB_GP_L,2026-08-06
上海证券交易所,603987,康德莱,上海康德莱企业发展集团股份有限公司,20161121,制造业,2,上交所接口所列A股/科创板及指定状态,https://query.sse.com.cn/commonQuery.do?sqlId=COMMON_SSE_CP_GPJCTPZ_GPLB_GP_L,2026-08-06
上海证券交易所,603988,中电电机,中电电机股份有限公司,20141104,制造业,2,上交所接口所列A股/科创板及指定状态,https://query.sse.com.cn/commonQuery.do?sqlId=COMMON_SSE_CP_GPJCTPZ_GPLB_GP_L,2026-08-06
上海证券交易所,603989,艾华集团,湖南艾华集团股份有限公司,20150515,制造业,2,上交所接口所列A股/科创板及指定状态,https://query.sse.com.cn/commonQuery.do?sqlId=COMMON_SSE_CP_GPJCTPZ_GPLB_GP_L,2026-08-06
上海证券交易所,603990,麦迪科技,苏州麦迪斯顿医疗科技股份有限公司,20161208,信息传输、软件和信息技术服务业,2,上交所接口所列A股/科创板及指定状态,https://query.sse.com.cn/commonQuery.do?sqlId=COMMON_SSE_CP_GPJCTPZ_GPLB_GP_L,2026-08-06
上海证券交易所,603991,领先股份,深圳市领先半导体科技产业股份有限公司,20170308,制造业,2,上交所接口所列A股/科创板及指定状态,https://query.sse.com.cn/commonQuery.do?sqlId=COMMON_SSE_CP_GPJCTPZ_GPLB_GP_L,2026-08-06
上海证券交易所,603992,松霖科技,厦门松霖科技股份有限公司,20190826,制造业,2,上交所接口所列A股/科创板及指定状态,https://query.sse.com.cn/commonQuery.do?sqlId=COMMON_SSE_CP_GPJCTPZ_GPLB_GP_L,2026-08-06
上海证券交易所,603993,洛阳钼业,洛阳栾川钼业集团股份有限公司,20121009,采矿业,2,上交所接口所列A股/科创板及指定状态,https://query.sse.com.cn/commonQuery.do?sqlId=COMMON_SSE_CP_GPJCTPZ_GPLB_GP_L,2026-08-06
上海证券交易所,603995,甬金股份,甬金科技集团股份有限公司,20191224,制造业,2,上交所接口所列A股/科创板及指定状态,https://query.sse.com.cn/commonQuery.do?sqlId=COMMON_SSE_CP_GPJCTPZ_GPLB_GP_L,2026-08-06
上海证券交易所,603997,继峰股份,宁波继峰汽车零部件股份有限公司,20150302,制造业,2,上交所接口所列A股/科创板及指定状态,https://query.sse.com.cn/commonQuery.do?sqlId=COMMON_SSE_CP_GPJCTPZ_GPLB_GP_L,2026-08-06
上海证券交易所,603998,方盛制药,湖南方盛制药股份有限公司,20141205,制造业,2,上交所接口所列A股/科创板及指定状态,https://query.sse.com.cn/commonQuery.do?sqlId=COMMON_SSE_CP_GPJCTPZ_GPLB_GP_L,2026-08-06
上海证券交易所,603999,读者传媒,读者出版传媒股份有限公司,20151210,文化、体育和娱乐业,2,上交所接口所列A股/科创板及指定状态,https://query.sse.com.cn/commonQuery.do?sqlId=COMMON_SSE_CP_GPJCTPZ_GPLB_GP_L,2026-08-06
上海证券交易所,605001,威奥股份,青岛威奥轨道股份有限公司,20200522,制造业,2,上交所接口所列A股/科创板及指定状态,https://query.sse.com.cn/commonQuery.do?sqlId=COMMON_SSE_CP_GPJCTPZ_GPLB_GP_L,2026-08-06
上海证券交易所,605003,众望布艺,众望布艺股份有限公司,20200908,制造业,2,上交所接口所列A股/科创板及指定状态,https://query.sse.com.cn/commonQuery.do?sqlId=COMMON_SSE_CP_GPJCTPZ_GPLB_GP_L,2026-08-06
上海证券交易所,605005,合兴股份,合兴汽车电子股份有限公司,20210119,制造业,2,上交所接口所列A股/科创板及指定状态,https://query.sse.com.cn/commonQuery.do?sqlId=COMMON_SSE_CP_GPJCTPZ_GPLB_GP_L,2026-08-06
上海证券交易所,605006,山东玻纤,山东玻纤集团股份有限公司,20200903,制造业,2,上交所接口所列A股/科创板及指定状态,https://query.sse.com.cn/commonQuery.do?sqlId=COMMON_SSE_CP_GPJCTPZ_GPLB_GP_L,2026-08-06
上海证券交易所,605007,五洲特纸,五洲特种纸业集团股份有限公司,20201110,制造业,2,上交所接口所列A股/科创板及指定状态,https://query.sse.com.cn/commonQuery.do?sqlId=COMMON_SSE_CP_GPJCTPZ_GPLB_GP_L,2026-08-06
上海证券交易所,605008,长鸿高科,宁波长鸿高分子科技股份有限公司,20200821,制造业,2,上交所接口所列A股/科创板及指定状态,https://query.sse.com.cn/commonQuery.do?sqlId=COMMON_SSE_CP_GPJCTPZ_GPLB_GP_L,2026-08-06
上海证券交易所,605009,豪悦护理,杭州豪悦护理用品股份有限公司,20200911,制造业,2,上交所接口所列A股/科创板及指定状态,https://query.sse.com.cn/commonQuery.do?sqlId=COMMON_SSE_CP_GPJCTPZ_GPLB_GP_L,2026-08-06
上海证券交易所,605011,杭州热电,杭州热电集团股份有限公司,20210630,电力、热力、燃气及水生产和供应业,2,上交所接口所列A股/科创板及指定状态,https://query.sse.com.cn/commonQuery.do?sqlId=COMMON_SSE_CP_GPJCTPZ_GPLB_GP_L,2026-08-06
上海证券交易所,605016,百龙创园,山东百龙创园生物科技股份有限公司,20210421,制造业,2,上交所接口所列A股/科创板及指定状态,https://query.sse.com.cn/commonQuery.do?sqlId=COMMON_SSE_CP_GPJCTPZ_GPLB_GP_L,2026-08-06
上海证券交易所,605018,长华集团,长华控股集团股份有限公司,20200929,制造业,2,上交所接口所列A股/科创板及指定状态,https://query.sse.com.cn/commonQuery.do?sqlId=COMMON_SSE_CP_GPJCTPZ_GPLB_GP_L,2026-08-06
上海证券交易所,605020,永和股份,浙江永和制冷股份有限公司,20210709,制造业,2,上交所接口所列A股/科创板及指定状态,https://query.sse.com.cn/commonQuery.do?sqlId=COMMON_SSE_CP_GPJCTPZ_GPLB_GP_L,2026-08-06
上海证券交易所,605028,世茂能源,宁波世茂能源股份有限公司,20210712,电力、热力、燃气及水生产和供应业,2,上交所接口所列A股/科创板及指定状态,https://query.sse.com.cn/commonQuery.do?sqlId=COMMON_SSE_CP_GPJCTPZ_GPLB_GP_L,2026-08-06
上海证券交易所,605033,美邦股份,陕西美邦药业集团股份有限公司,20210916,制造业,2,上交所接口所列A股/科创板及指定状态,https://query.sse.com.cn/commonQuery.do?sqlId=COMMON_SSE_CP_GPJCTPZ_GPLB_GP_L,2026-08-06
上海证券交易所,605050,福然德,福然德股份有限公司,20200924,交通运输、仓储和邮政业,2,上交所接口所列A股/科创板及指定状态,https://query.sse.com.cn/commonQuery.do?sqlId=COMMON_SSE_CP_GPJCTPZ_GPLB_GP_L,2026-08-06
上海证券交易所,605055,迎丰股份,浙江迎丰科技股份有限公司,20210129,制造业,2,上交所接口所列A股/科创板及指定状态,https://query.sse.com.cn/commonQuery.do?sqlId=COMMON_SSE_CP_GPJCTPZ_GPLB_GP_L,2026-08-06
上海证券交易所,605056,咸亨国际,咸亨国际科技股份有限公司,20210720,批发和零售业,2,上交所接口所列A股/科创板及指定状态,https://query.sse.com.cn/commonQuery.do?sqlId=COMMON_SSE_CP_GPJCTPZ_GPLB_GP_L,2026-08-06
上海证券交易所,605058,澳弘电子,常州澳弘电子股份有限公司,20201021,制造业,2,上交所接口所列A股/科创板及指定状态,https://query.sse.com.cn/commonQuery.do?sqlId=COMMON_SSE_CP_GPJCTPZ_GPLB_GP_L,2026-08-06
上海证券交易所,605060,联德股份,杭州联德精密机械股份有限公司,20210301,制造业,2,上交所接口所列A股/科创板及指定状态,https://query.sse.com.cn/commonQuery.do?sqlId=COMMON_SSE_CP_GPJCTPZ_GPLB_GP_L,2026-08-06
上海证券交易所,605066,天正电气,浙江天正电气股份有限公司,20200807,制造业,2,上交所接口所列A股/科创板及指定状态,https://query.sse.com.cn/commonQuery.do?sqlId=COMMON_SSE_CP_GPJCTPZ_GPLB_GP_L,2026-08-06
上海证券交易所,605068,明新旭腾,明新旭腾新材料股份有限公司,20201123,制造业,2,上交所接口所列A股/科创板及指定状态,https://query.sse.com.cn/commonQuery.do?sqlId=COMMON_SSE_CP_GPJCTPZ_GPLB_GP_L,2026-08-06
上海证券交易所,605069,正和生态,北京正和恒基滨水生态环境治理股份有限公司,20210816,水利、环境和公共设施管理业,2,上交所接口所列A股/科创板及指定状态,https://query.sse.com.cn/commonQuery.do?sqlId=COMMON_SSE_CP_GPJCTPZ_GPLB_GP_L,2026-08-06
上海证券交易所,605077,华康股份,浙江华康药业股份有限公司,20210209,制造业,2,上交所接口所列A股/科创板及指定状态,https://query.sse.com.cn/commonQuery.do?sqlId=COMMON_SSE_CP_GPJCTPZ_GPLB_GP_L,2026-08-06
上海证券交易所,605080,浙江自然,浙江大自然户外用品股份有限公司,20210506,制造业,2,上交所接口所列A股/科创板及指定状态,https://query.sse.com.cn/commonQuery.do?sqlId=COMMON_SSE_CP_GPJCTPZ_GPLB_GP_L,2026-08-06
上海证券交易所,605086,龙高股份,龙岩高岭土股份有限公司,20210416,采矿业,2,上交所接口所列A股/科创板及指定状态,https://query.sse.com.cn/commonQuery.do?sqlId=COMMON_SSE_CP_GPJCTPZ_GPLB_GP_L,2026-08-06
上海证券交易所,605088,冠盛股份,温州市冠盛汽车零部件集团股份有限公司,20200817,制造业,2,上交所接口所列A股/科创板及指定状态,https://query.sse.com.cn/commonQuery.do?sqlId=COMMON_SSE_CP_GPJCTPZ_GPLB_GP_L,2026-08-06
上海证券交易所,605089,味知香,苏州市味知香食品股份有限公司,20210427,制造业,2,上交所接口所列A股/科创板及指定状态,https://query.sse.com.cn/commonQuery.do?sqlId=COMMON_SSE_CP_GPJCTPZ_GPLB_GP_L,2026-08-06
上海证券交易所,605090,九丰能源,江西九丰能源股份有限公司,20210525,电力、热力、燃气及水生产和供应业,2,上交所接口所列A股/科创板及指定状态,https://query.sse.com.cn/commonQuery.do?sqlId=COMMON_SSE_CP_GPJCTPZ_GPLB_GP_L,2026-08-06
上海证券交易所,605098,行动教育,上海行动教育科技股份有限公司,20210421,教育,2,上交所接口所列A股/科创板及指定状态,https://query.sse.com.cn/commonQuery.do?sqlId=COMMON_SSE_CP_GPJCTPZ_GPLB_GP_L,2026-08-06
上海证券交易所,605099,共创草坪,江苏共创人造草坪股份有限公司,20200930,制造业,2,上交所接口所列A股/科创板及指定状态,https://query.sse.com.cn/commonQuery.do?sqlId=COMMON_SSE_CP_GPJCTPZ_GPLB_GP_L,2026-08-06
上海证券交易所,605100,华丰股份,华丰动力股份有限公司,20200811,制造业,2,上交所接口所列A股/科创板及指定状态,https://query.sse.com.cn/commonQuery.do?sqlId=COMMON_SSE_CP_GPJCTPZ_GPLB_GP_L,2026-08-06
上海证券交易所,605108,同庆楼,同庆楼餐饮股份有限公司,20200716,住宿和餐饮业,2,上交所接口所列A股/科创板及指定状态,https://query.sse.com.cn/commonQuery.do?sqlId=COMMON_SSE_CP_GPJCTPZ_GPLB_GP_L,2026-08-06
上海证券交易所,605111,新洁能,无锡新洁能股份有限公司,20200928,制造业,2,上交所接口所列A股/科创板及指定状态,https://query.sse.com.cn/commonQuery.do?sqlId=COMMON_SSE_CP_GPJCTPZ_GPLB_GP_L,2026-08-06
上海证券交易所,605116,奥锐特,奥锐特药业股份有限公司,20200921,制造业,2,上交所接口所列A股/科创板及指定状态,https://query.sse.com.cn/commonQuery.do?sqlId=COMMON_SSE_CP_GPJCTPZ_GPLB_GP_L,2026-08-06
上海证券交易所,605117,德业股份,宁波德业科技股份有限公司,20210420,制造业,2,上交所接口所列A股/科创板及指定状态,https://query.sse.com.cn/commonQuery.do?sqlId=COMMON_SSE_CP_GPJCTPZ_GPLB_GP_L,2026-08-06
上海证券交易所,605118,力鼎光电,厦门力鼎光电股份有限公司,20200730,制造业,2,上交所接口所列A股/科创板及指定状态,https://query.sse.com.cn/commonQuery.do?sqlId=COMMON_SSE_CP_GPJCTPZ_GPLB_GP_L,2026-08-06
上海证券交易所,605122,四方新材,重庆四方新材股份有限公司,20210310,制造业,2,上交所接口所列A股/科创板及指定状态,https://query.sse.com.cn/commonQuery.do?sqlId=COMMON_SSE_CP_GPJCTPZ_GPLB_GP_L,2026-08-06
上海证券交易所,605123,派克新材,无锡派克新材料科技股份有限公司,20200825,制造业,2,上交所接口所列A股/科创板及指定状态,https://query.sse.com.cn/commonQuery.do?sqlId=COMMON_SSE_CP_GPJCTPZ_GPLB_GP_L,2026-08-06
上海证券交易所,605128,上海沿浦,上海沿浦精工科技(集团)股份有限公司,20200915,制造业,2,上交所接口所列A股/科创板及指定状态,https://query.sse.com.cn/commonQuery.do?sqlId=COMMON_SSE_CP_GPJCTPZ_GPLB_GP_L,2026-08-06
上海证券交易所,605133,嵘泰股份,江苏嵘泰工业股份有限公司,20210224,制造业,2,上交所接口所列A股/科创板及指定状态,https://query.sse.com.cn/commonQuery.do?sqlId=COMMON_SSE_CP_GPJCTPZ_GPLB_GP_L,2026-08-06
上海证券交易所,605136,丽人丽妆,上海丽人丽妆化妆品股份有限公司,20200929,批发和零售业,2,上交所接口所列A股/科创板及指定状态,https://query.sse.com.cn/commonQuery.do?sqlId=COMMON_SSE_CP_GPJCTPZ_GPLB_GP_L,2026-08-06
上海证券交易所,605138,盛泰集团,盛泰智造集团股份有限公司,20211027,制造业,2,上交所接口所列A股/科创板及指定状态,https://query.sse.com.cn/commonQuery.do?sqlId=COMMON_SSE_CP_GPJCTPZ_GPLB_GP_L,2026-08-06
上海证券交易所,605151,西上海,西上海汽车服务股份有限公司,20201215,制造业,2,上交所接口所列A股/科创板及指定状态,https://query.sse.com.cn/commonQuery.do?sqlId=COMMON_SSE_CP_GPJCTPZ_GPLB_GP_L,2026-08-06
上海证券交易所,605155,西大门,浙江西大门新材料股份有限公司,20201231,制造业,2,上交所接口所列A股/科创板及指定状态,https://query.sse.com.cn/commonQuery.do?sqlId=COMMON_SSE_CP_GPJCTPZ_GPLB_GP_L,2026-08-06
上海证券交易所,605158,华达新材,浙江华达新型材料股份有限公司,20200805,制造业,2,上交所接口所列A股/科创板及指定状态,https://query.sse.com.cn/commonQuery.do?sqlId=COMMON_SSE_CP_GPJCTPZ_GPLB_GP_L,2026-08-06
上海证券交易所,605162,新中港,浙江新中港热电股份有限公司,20210707,电力、热力、燃气及水生产和供应业,2,上交所接口所列A股/科创板及指定状态,https://query.sse.com.cn/commonQuery.do?sqlId=COMMON_SSE_CP_GPJCTPZ_GPLB_GP_L,2026-08-06
上海证券交易所,605166,聚合顺,聚合顺新材料股份有限公司,20200618,制造业,2,上交所接口所列A股/科创板及指定状态,https://query.sse.com.cn/commonQuery.do?sqlId=COMMON_SSE_CP_GPJCTPZ_GPLB_GP_L,2026-08-06
上海证券交易所,605167,利柏特,江苏利柏特股份有限公司,20210726,建筑业,2,上交所接口所列A股/科创板及指定状态,https://query.sse.com.cn/commonQuery.do?sqlId=COMMON_SSE_CP_GPJCTPZ_GPLB_GP_L,2026-08-06
上海证券交易所,605168,三人行,三人行未来科技集团股份有限公司,20200528,租赁和商务服务业,2,上交所接口所列A股/科创板及指定状态,https://query.sse.com.cn/commonQuery.do?sqlId=COMMON_SSE_CP_GPJCTPZ_GPLB_GP_L,2026-08-06
上海证券交易所,605169,洪通燃气,新疆洪通燃气股份有限公司,20201030,电力、热力、燃气及水生产和供应业,2,上交所接口所列A股/科创板及指定状态,https://query.sse.com.cn/commonQuery.do?sqlId=COMMON_SSE_CP_GPJCTPZ_GPLB_GP_L,2026-08-06
上海证券交易所,605177,东亚药业,浙江东亚药业股份有限公司,20201125,制造业,2,上交所接口所列A股/科创板及指定状态,https://query.sse.com.cn/commonQuery.do?sqlId=COMMON_SSE_CP_GPJCTPZ_GPLB_GP_L,2026-08-06
上海证券交易所,605178,时空科技,北京新时空科技股份有限公司,20200821,建筑业,2,上交所接口所列A股/科创板及指定状态,https://query.sse.com.cn/commonQuery.do?sqlId=COMMON_SSE_CP_GPJCTPZ_GPLB_GP_L,2026-08-06
上海证券交易所,605179,一鸣食品,浙江一鸣食品股份有限公司,20201228,制造业,2,上交所接口所列A股/科创板及指定状态,https://query.sse.com.cn/commonQuery.do?sqlId=COMMON_SSE_CP_GPJCTPZ_GPLB_GP_L,2026-08-06
上海证券交易所,605180,华生科技,浙江华生科技股份有限公司,20210430,制造业,2,上交所接口所列A股/科创板及指定状态,https://query.sse.com.cn/commonQuery.do?sqlId=COMMON_SSE_CP_GPJCTPZ_GPLB_GP_L,2026-08-06
上海证券交易所,605183,确成股份,确成硅化学股份有限公司,20201207,制造业,2,上交所接口所列A股/科创板及指定状态,https://query.sse.com.cn/commonQuery.do?sqlId=COMMON_SSE_CP_GPJCTPZ_GPLB_GP_L,2026-08-06
上海证券交易所,605186,健麾信息,上海健麾信息技术股份有限公司,20201222,制造业,2,上交所接口所列A股/科创板及指定状态,https://query.sse.com.cn/commonQuery.do?sqlId=COMMON_SSE_CP_GPJCTPZ_GPLB_GP_L,2026-08-06
上海证券交易所,605188,国光连锁,江西国光商业连锁股份有限公司,20200728,批发和零售业,2,上交所接口所列A股/科创板及指定状态,https://query.sse.com.cn/commonQuery.do?sqlId=COMMON_SSE_CP_GPJCTPZ_GPLB_GP_L,2026-08-06
上海证券交易所,605189,富春染织,富春染织集团股份有限公司,20210528,制造业,2,上交所接口所列A股/科创板及指定状态,https://query.sse.com.cn/commonQuery.do?sqlId=COMMON_SSE_CP_GPJCTPZ_GPLB_GP_L,2026-08-06
上海证券交易所,605196,华通线缆,河北华通线缆集团股份有限公司,20210511,制造业,2,上交所接口所列A股/科创板及指定状态,https://query.sse.com.cn/commonQuery.do?sqlId=COMMON_SSE_CP_GPJCTPZ_GPLB_GP_L,2026-08-06
上海证券交易所,605198,安德利,烟台北方安德利果汁股份有限公司,20200918,制造业,2,上交所接口所列A股/科创板及指定状态,https://query.sse.com.cn/commonQuery.do?sqlId=COMMON_SSE_CP_GPJCTPZ_GPLB_GP_L,2026-08-06
上海证券交易所,605199,ST葫芦娃,海南葫芦娃药业集团股份有限公司,20200710,制造业,7,上交所接口所列A股/科创板及指定状态,https://query.sse.com.cn/commonQuery.do?sqlId=COMMON_SSE_CP_GPJCTPZ_GPLB_GP_L,2026-08-06
上海证券交易所,605208,永茂泰,上海永茂泰汽车科技股份有限公司,20210308,制造业,2,上交所接口所列A股/科创板及指定状态,https://query.sse.com.cn/commonQuery.do?sqlId=COMMON_SSE_CP_GPJCTPZ_GPLB_GP_L,2026-08-06
上海证券交易所,605218,伟时电子,伟时电子股份有限公司,20200928,制造业,2,上交所接口所列A股/科创板及指定状态,https://query.sse.com.cn/commonQuery.do?sqlId=COMMON_SSE_CP_GPJCTPZ_GPLB_GP_L,2026-08-06
上海证券交易所,605222,起帆电缆,上海起帆电缆股份有限公司,20200731,制造业,2,上交所接口所列A股/科创板及指定状态,https://query.sse.com.cn/commonQuery.do?sqlId=COMMON_SSE_CP_GPJCTPZ_GPLB_GP_L,2026-08-06
上海证券交易所,605228,神通科技,神通科技集团股份有限公司,20210120,制造业,2,上交所接口所列A股/科创板及指定状态,https://query.sse.com.cn/commonQuery.do?sqlId=COMMON_SSE_CP_GPJCTPZ_GPLB_GP_L,2026-08-06
上海证券交易所,605255,天普股份,宁波市天普橡胶科技股份有限公司,20200825,制造业,2,上交所接口所列A股/科创板及指定状态,https://query.sse.com.cn/commonQuery.do?sqlId=COMMON_SSE_CP_GPJCTPZ_GPLB_GP_L,2026-08-06
上海证券交易所,605258,协和电子,江苏协和电子股份有限公司,20201203,制造业,2,上交所接口所列A股/科创板及指定状态,https://query.sse.com.cn/commonQuery.do?sqlId=COMMON_SSE_CP_GPJCTPZ_GPLB_GP_L,2026-08-06
上海证券交易所,605259,绿田机械,绿田机械股份有限公司,20210615,制造业,2,上交所接口所列A股/科创板及指定状态,https://query.sse.com.cn/commonQuery.do?sqlId=COMMON_SSE_CP_GPJCTPZ_GPLB_GP_L,2026-08-06
上海证券交易所,605266,健之佳,健之佳医药连锁集团股份有限公司,20201201,批发和零售业,2,上交所接口所列A股/科创板及指定状态,https://query.sse.com.cn/commonQuery.do?sqlId=COMMON_SSE_CP_GPJCTPZ_GPLB_GP_L,2026-08-06
上海证券交易所,605268,王力安防,王力安防科技股份有限公司,20210224,制造业,2,上交所接口所列A股/科创板及指定状态,https://query.sse.com.cn/commonQuery.do?sqlId=COMMON_SSE_CP_GPJCTPZ_GPLB_GP_L,2026-08-06
上海证券交易所,605277,新亚电子,新亚电子股份有限公司,20210106,制造业,2,上交所接口所列A股/科创板及指定状态,https://query.sse.com.cn/commonQuery.do?sqlId=COMMON_SSE_CP_GPJCTPZ_GPLB_GP_L,2026-08-06
上海证券交易所,605286,同力天启,江苏同力天启科技股份有限公司,20210322,制造业,2,上交所接口所列A股/科创板及指定状态,https://query.sse.com.cn/commonQuery.do?sqlId=COMMON_SSE_CP_GPJCTPZ_GPLB_GP_L,2026-08-06
上海证券交易所,605287,德才股份,德才装饰股份有限公司,20210706,建筑业,2,上交所接口所列A股/科创板及指定状态,https://query.sse.com.cn/commonQuery.do?sqlId=COMMON_SSE_CP_GPJCTPZ_GPLB_GP_L,2026-08-06
上海证券交易所,605288,凯迪股份,常州市凯迪电器股份有限公司,20200601,制造业,2,上交所接口所列A股/科创板及指定状态,https://query.sse.com.cn/commonQuery.do?sqlId=COMMON_SSE_CP_GPJCTPZ_GPLB_GP_L,2026-08-06
上海证券交易所,605289,罗曼股份,上海罗曼科技股份有限公司,20210426,建筑业,2,上交所接口所列A股/科创板及指定状态,https://query.sse.com.cn/commonQuery.do?sqlId=COMMON_SSE_CP_GPJCTPZ_GPLB_GP_L,2026-08-06
上海证券交易所,605296,神农集团,云南神农农业产业集团股份有限公司,20210528,农、林、牧、渔业,2,上交所接口所列A股/科创板及指定状态,https://query.sse.com.cn/commonQuery.do?sqlId=COMMON_SSE_CP_GPJCTPZ_GPLB_GP_L,2026-08-06
上海证券交易所,605298,必得科技,江苏必得科技股份有限公司,20210301,制造业,2,上交所接口所列A股/科创板及指定状态,https://query.sse.com.cn/commonQuery.do?sqlId=COMMON_SSE_CP_GPJCTPZ_GPLB_GP_L,2026-08-06
上海证券交易所,605299,舒华体育,舒华体育股份有限公司,20201215,制造业,2,上交所接口所列A股/科创板及指定状态,https://query.sse.com.cn/commonQuery.do?sqlId=COMMON_SSE_CP_GPJCTPZ_GPLB_GP_L,2026-08-06
上海证券交易所,605300,佳禾食品,佳禾食品工业股份有限公司,20210430,制造业,2,上交所接口所列A股/科创板及指定状态,https://query.sse.com.cn/commonQuery.do?sqlId=COMMON_SSE_CP_GPJCTPZ_GPLB_GP_L,2026-08-06
上海证券交易所,605303,园林股份,杭州市园林绿化股份有限公司,20210301,建筑业,2,上交所接口所列A股/科创板及指定状态,https://query.sse.com.cn/commonQuery.do?sqlId=COMMON_SSE_CP_GPJCTPZ_GPLB_GP_L,2026-08-06
上海证券交易所,605305,中际联合,中际联合(北京)科技股份有限公司,20210506,制造业,2,上交所接口所列A股/科创板及指定状态,https://query.sse.com.cn/commonQuery.do?sqlId=COMMON_SSE_CP_GPJCTPZ_GPLB_GP_L,2026-08-06
上海证券交易所,605318,法狮龙,法狮龙家居建材股份有限公司,20200803,制造业,2,上交所接口所列A股/科创板及指定状态,https://query.sse.com.cn/commonQuery.do?sqlId=COMMON_SSE_CP_GPJCTPZ_GPLB_GP_L,2026-08-06
上海证券交易所,605319,无锡振华,无锡市振华汽车部件股份有限公司,20210607,制造业,2,上交所接口所列A股/科创板及指定状态,https://query.sse.com.cn/commonQuery.do?sqlId=COMMON_SSE_CP_GPJCTPZ_GPLB_GP_L,2026-08-06
上海证券交易所,605333,沪光股份,昆山沪光汽车电器股份有限公司,20200818,制造业,2,上交所接口所列A股/科创板及指定状态,https://query.sse.com.cn/commonQuery.do?sqlId=COMMON_SSE_CP_GPJCTPZ_GPLB_GP_L,2026-08-06
上海证券交易所,605336,*ST帅电,浙江帅丰电器股份有限公司,20201019,制造业,7,上交所接口所列A股/科创板及指定状态,https://query.sse.com.cn/commonQuery.do?sqlId=COMMON_SSE_CP_GPJCTPZ_GPLB_GP_L,2026-08-06
上海证券交易所,605337,李子园,浙江李子园食品股份有限公司,20210208,制造业,2,上交所接口所列A股/科创板及指定状态,https://query.sse.com.cn/commonQuery.do?sqlId=COMMON_SSE_CP_GPJCTPZ_GPLB_GP_L,2026-08-06
上海证券交易所,605338,巴比食品,中饮巴比食品股份有限公司,20201012,制造业,2,上交所接口所列A股/科创板及指定状态,https://query.sse.com.cn/commonQuery.do?sqlId=COMMON_SSE_CP_GPJCTPZ_GPLB_GP_L,2026-08-06
上海证券交易所,605339,南侨食品,南侨食品集团(上海)股份有限公司,20210518,制造业,2,上交所接口所列A股/科创板及指定状态,https://query.sse.com.cn/commonQuery.do?sqlId=COMMON_SSE_CP_GPJCTPZ_GPLB_GP_L,2026-08-06
上海证券交易所,605358,立昂微,杭州立昂微电子股份有限公司,20200911,制造业,2,上交所接口所列A股/科创板及指定状态,https://query.sse.com.cn/commonQuery.do?sqlId=COMMON_SSE_CP_GPJCTPZ_GPLB_GP_L,2026-08-06
上海证券交易所,605365,立达信,立达信物联科技股份有限公司,20210720,制造业,2,上交所接口所列A股/科创板及指定状态,https://query.sse.com.cn/commonQuery.do?sqlId=COMMON_SSE_CP_GPJCTPZ_GPLB_GP_L,2026-08-06
上海证券交易所,605366,宏柏新材,江西宏柏新材料股份有限公司,20200812,制造业,2,上交所接口所列A股/科创板及指定状态,https://query.sse.com.cn/commonQuery.do?sqlId=COMMON_SSE_CP_GPJCTPZ_GPLB_GP_L,2026-08-06
上海证券交易所,605368,蓝天燃气,河南蓝天燃气股份有限公司,20210129,电力、热力、燃气及水生产和供应业,2,上交所接口所列A股/科创板及指定状态,https://query.sse.com.cn/commonQuery.do?sqlId=COMMON_SSE_CP_GPJCTPZ_GPLB_GP_L,2026-08-06
上海证券交易所,605369,拱东医疗,浙江拱东医疗器械股份有限公司,20200916,制造业,2,上交所接口所列A股/科创板及指定状态,https://query.sse.com.cn/commonQuery.do?sqlId=COMMON_SSE_CP_GPJCTPZ_GPLB_GP_L,2026-08-06
上海证券交易所,605376,博迁新材,江苏博迁新材料股份有限公司,20201208,制造业,2,上交所接口所列A股/科创板及指定状态,https://query.sse.com.cn/commonQuery.do?sqlId=COMMON_SSE_CP_GPJCTPZ_GPLB_GP_L,2026-08-06
上海证券交易所,605377,华旺科技,杭州华旺新材料科技股份有限公司,20201228,制造业,2,上交所接口所列A股/科创板及指定状态,https://query.sse.com.cn/commonQuery.do?sqlId=COMMON_SSE_CP_GPJCTPZ_GPLB_GP_L,2026-08-06
上海证券交易所,605378,野马电池,浙江野马电池股份有限公司,20210412,制造业,2,上交所接口所列A股/科创板及指定状态,https://query.sse.com.cn/commonQuery.do?sqlId=COMMON_SSE_CP_GPJCTPZ_GPLB_GP_L,2026-08-06
上海证券交易所,605388,均瑶健康,湖北均瑶大健康饮品股份有限公司,20200818,制造业,2,上交所接口所列A股/科创板及指定状态,https://query.sse.com.cn/commonQuery.do?sqlId=COMMON_SSE_CP_GPJCTPZ_GPLB_GP_L,2026-08-06
上海证券交易所,605389,长龄液压,江苏长龄液压股份有限公司,20210322,制造业,2,上交所接口所列A股/科创板及指定状态,https://query.sse.com.cn/commonQuery.do?sqlId=COMMON_SSE_CP_GPJCTPZ_GPLB_GP_L,2026-08-06
上海证券交易所,605398,新炬网络,上海新炬网络信息技术股份有限公司,20210121,信息传输、软件和信息技术服务业,2,上交所接口所列A股/科创板及指定状态,https://query.sse.com.cn/commonQuery.do?sqlId=COMMON_SSE_CP_GPJCTPZ_GPLB_GP_L,2026-08-06
上海证券交易所,605399,晨光新材,江西晨光新材料股份有限公司,20200804,制造业,2,上交所接口所列A股/科创板及指定状态,https://query.sse.com.cn/commonQuery.do?sqlId=COMMON_SSE_CP_GPJCTPZ_GPLB_GP_L,2026-08-06
上海证券交易所,605488,福莱新材,浙江福莱新材料股份有限公司,20210513,制造业,2,上交所接口所列A股/科创板及指定状态,https://query.sse.com.cn/commonQuery.do?sqlId=COMMON_SSE_CP_GPJCTPZ_GPLB_GP_L,2026-08-06
上海证券交易所,605499,东鹏饮料,东鹏饮料(集团)股份有限公司,20210527,制造业,2,上交所接口所列A股/科创板及指定状态,https://query.sse.com.cn/commonQuery.do?sqlId=COMMON_SSE_CP_GPJCTPZ_GPLB_GP_L,2026-08-06
上海证券交易所,605500,森林包装,森林包装集团股份有限公司,20201222,制造业,2,上交所接口所列A股/科创板及指定状态,https://query.sse.com.cn/commonQuery.do?sqlId=COMMON_SSE_CP_GPJCTPZ_GPLB_GP_L,2026-08-06
上海证券交易所,605507,国邦医药,国邦医药集团股份有限公司,20210802,制造业,2,上交所接口所列A股/科创板及指定状态,https://query.sse.com.cn/commonQuery.do?sqlId=COMMON_SSE_CP_GPJCTPZ_GPLB_GP_L,2026-08-06
上海证券交易所,605555,德昌股份,宁波德昌电机股份有限公司,20211021,制造业,2,上交所接口所列A股/科创板及指定状态,https://query.sse.com.cn/commonQuery.do?sqlId=COMMON_SSE_CP_GPJCTPZ_GPLB_GP_L,2026-08-06
上海证券交易所,605566,福莱蒽特,杭州福莱蒽特股份有限公司,20211025,制造业,2,上交所接口所列A股/科创板及指定状态,https://query.sse.com.cn/commonQuery.do?sqlId=COMMON_SSE_CP_GPJCTPZ_GPLB_GP_L,2026-08-06
上海证券交易所,605567,春雪食品,春雪食品集团股份有限公司,20211013,制造业,2,上交所接口所列A股/科创板及指定状态,https://query.sse.com.cn/commonQuery.do?sqlId=COMMON_SSE_CP_GPJCTPZ_GPLB_GP_L,2026-08-06
上海证券交易所,605577,龙版传媒,黑龙江出版传媒股份有限公司,20210824,文化、体育和娱乐业,2,上交所接口所列A股/科创板及指定状态,https://query.sse.com.cn/commonQuery.do?sqlId=COMMON_SSE_CP_GPJCTPZ_GPLB_GP_L,2026-08-06
上海证券交易所,605580,恒盛能源,恒盛能源股份有限公司,20210819,电力、热力、燃气及水生产和供应业,2,上交所接口所列A股/科创板及指定状态,https://query.sse.com.cn/commonQuery.do?sqlId=COMMON_SSE_CP_GPJCTPZ_GPLB_GP_L,2026-08-06
上海证券交易所,605588,冠石科技,南京冠石科技股份有限公司,20210812,制造业,2,上交所接口所列A股/科创板及指定状态,https://query.sse.com.cn/commonQuery.do?sqlId=COMMON_SSE_CP_GPJCTPZ_GPLB_GP_L,2026-08-06
上海证券交易所,605589,圣泉集团,济南圣泉集团股份有限公司,20210810,制造业,2,上交所接口所列A股/科创板及指定状态,https://query.sse.com.cn/commonQuery.do?sqlId=COMMON_SSE_CP_GPJCTPZ_GPLB_GP_L,2026-08-06
上海证券交易所,605598,上海港湾,上海港湾基础建设(集团)股份有限公司,20210917,建筑业,2,上交所接口所列A股/科创板及指定状态,https://query.sse.com.cn/commonQuery.do?sqlId=COMMON_SSE_CP_GPJCTPZ_GPLB_GP_L,2026-08-06
上海证券交易所,605599,菜百股份,北京菜市口百货股份有限公司,20210909,批发和零售业,2,上交所接口所列A股/科创板及指定状态,https://query.sse.com.cn/commonQuery.do?sqlId=COMMON_SSE_CP_GPJCTPZ_GPLB_GP_L,2026-08-06
上海证券交易所,688001,华兴源创,苏州华兴源创科技股份有限公司,20190722,制造业,2,上交所接口所列A股/科创板及指定状态,https://query.sse.com.cn/commonQuery.do?sqlId=COMMON_SSE_CP_GPJCTPZ_GPLB_GP_L,2026-08-06
上海证券交易所,688002,睿创微纳,烟台睿创微纳技术股份有限公司,20190722,制造业,2,上交所接口所列A股/科创板及指定状态,https://query.sse.com.cn/commonQuery.do?sqlId=COMMON_SSE_CP_GPJCTPZ_GPLB_GP_L,2026-08-06
上海证券交易所,688003,天准科技,苏州天准科技股份有限公司,20190722,制造业,2,上交所接口所列A股/科创板及指定状态,https://query.sse.com.cn/commonQuery.do?sqlId=COMMON_SSE_CP_GPJCTPZ_GPLB_GP_L,2026-08-06
上海证券交易所,688004,博汇科技,北京市博汇科技股份有限公司,20200612,信息传输、软件和信息技术服务业,2,上交所接口所列A股/科创板及指定状态,https://query.sse.com.cn/commonQuery.do?sqlId=COMMON_SSE_CP_GPJCTPZ_GPLB_GP_L,2026-08-06
上海证券交易所,688005,容百科技,宁波容百新能源科技股份有限公司,20190722,制造业,2,上交所接口所列A股/科创板及指定状态,https://query.sse.com.cn/commonQuery.do?sqlId=COMMON_SSE_CP_GPJCTPZ_GPLB_GP_L,2026-08-06
上海证券交易所,688006,杭可科技,浙江杭可科技股份有限公司,20190722,制造业,2,上交所接口所列A股/科创板及指定状态,https://query.sse.com.cn/commonQuery.do?sqlId=COMMON_SSE_CP_GPJCTPZ_GPLB_GP_L,2026-08-06
上海证券交易所,688007,光峰科技,深圳光峰科技股份有限公司,20190722,制造业,2,上交所接口所列A股/科创板及指定状态,https://query.sse.com.cn/commonQuery.do?sqlId=COMMON_SSE_CP_GPJCTPZ_GPLB_GP_L,2026-08-06
上海证券交易所,688008,澜起科技,澜起科技股份有限公司,20190722,制造业,2,上交所接口所列A股/科创板及指定状态,https://query.sse.com.cn/commonQuery.do?sqlId=COMMON_SSE_CP_GPJCTPZ_GPLB_GP_L,2026-08-06
上海证券交易所,688009,中国通号,中国铁路通信信号股份有限公司,20190722,制造业,2,上交所接口所列A股/科创板及指定状态,https://query.sse.com.cn/commonQuery.do?sqlId=COMMON_SSE_CP_GPJCTPZ_GPLB_GP_L,2026-08-06
上海证券交易所,688010,福光股份,福建福光股份有限公司,20190722,制造业,2,上交所接口所列A股/科创板及指定状态,https://query.sse.com.cn/commonQuery.do?sqlId=COMMON_SSE_CP_GPJCTPZ_GPLB_GP_L,2026-08-06
上海证券交易所,688011,新光光电,哈尔滨新光光电科技股份有限公司,20190722,制造业,2,上交所接口所列A股/科创板及指定状态,https://query.sse.com.cn/commonQuery.do?sqlId=COMMON_SSE_CP_GPJCTPZ_GPLB_GP_L,2026-08-06
上海证券交易所,688012,中微公司,中微半导体设备(上海)股份有限公司,20190722,制造业,2,上交所接口所列A股/科创板及指定状态,https://query.sse.com.cn/commonQuery.do?sqlId=COMMON_SSE_CP_GPJCTPZ_GPLB_GP_L,2026-08-06
上海证券交易所,688013,天臣医疗,天臣国际医疗科技股份有限公司,20200928,制造业,2,上交所接口所列A股/科创板及指定状态,https://query.sse.com.cn/commonQuery.do?sqlId=COMMON_SSE_CP_GPJCTPZ_GPLB_GP_L,2026-08-06
上海证券交易所,688015,交控科技,交控科技股份有限公司,20190722,制造业,2,上交所接口所列A股/科创板及指定状态,https://query.sse.com.cn/commonQuery.do?sqlId=COMMON_SSE_CP_GPJCTPZ_GPLB_GP_L,2026-08-06
上海证券交易所,688016,心脉医疗,上海微创心脉医疗科技(集团)股份有限公司,20190722,制造业,2,上交所接口所列A股/科创板及指定状态,https://query.sse.com.cn/commonQuery.do?sqlId=COMMON_SSE_CP_GPJCTPZ_GPLB_GP_L,2026-08-06
上海证券交易所,688017,绿的谐波,苏州绿的谐波传动科技股份有限公司,20200828,制造业,2,上交所接口所列A股/科创板及指定状态,https://query.sse.com.cn/commonQuery.do?sqlId=COMMON_SSE_CP_GPJCTPZ_GPLB_GP_L,2026-08-06
上海证券交易所,688018,乐鑫科技,乐鑫信息科技(上海)股份有限公司,20190722,信息传输、软件和信息技术服务业,2,上交所接口所列A股/科创板及指定状态,https://query.sse.com.cn/commonQuery.do?sqlId=COMMON_SSE_CP_GPJCTPZ_GPLB_GP_L,2026-08-06
上海证券交易所,688019,安集科技,安集微电子科技(上海)股份有限公司,20190722,制造业,2,上交所接口所列A股/科创板及指定状态,https://query.sse.com.cn/commonQuery.do?sqlId=COMMON_SSE_CP_GPJCTPZ_GPLB_GP_L,2026-08-06
上海证券交易所,688020,方邦股份,广州方邦电子股份有限公司,20190722,制造业,2,上交所接口所列A股/科创板及指定状态,https://query.sse.com.cn/commonQuery.do?sqlId=COMMON_SSE_CP_GPJCTPZ_GPLB_GP_L,2026-08-06
上海证券交易所,688021,奥福科技,山东奥福环保科技股份有限公司,20191106,制造业,2,上交所接口所列A股/科创板及指定状态,https://query.sse.com.cn/commonQuery.do?sqlId=COMMON_SSE_CP_GPJCTPZ_GPLB_GP_L,2026-08-06
上海证券交易所,688022,ST瀚川,苏州瀚川智能科技股份有限公司,20190722,制造业,7,上交所接口所列A股/科创板及指定状态,https://query.sse.com.cn/commonQuery.do?sqlId=COMMON_SSE_CP_GPJCTPZ_GPLB_GP_L,2026-08-06
上海证券交易所,688023,安恒信息,杭州安恒信息技术股份有限公司,20191105,信息传输、软件和信息技术服务业,2,上交所接口所列A股/科创板及指定状态,https://query.sse.com.cn/commonQuery.do?sqlId=COMMON_SSE_CP_GPJCTPZ_GPLB_GP_L,2026-08-06
上海证券交易所,688025,杰普特,深圳市杰普特光电股份有限公司,20191031,制造业,2,上交所接口所列A股/科创板及指定状态,https://query.sse.com.cn/commonQuery.do?sqlId=COMMON_SSE_CP_GPJCTPZ_GPLB_GP_L,2026-08-06
上海证券交易所,688026,洁特生物,广州洁特生物过滤股份有限公司,20200122,制造业,2,上交所接口所列A股/科创板及指定状态,https://query.sse.com.cn/commonQuery.do?sqlId=COMMON_SSE_CP_GPJCTPZ_GPLB_GP_L,2026-08-06
上海证券交易所,688027,国盾量子,科大国盾量子技术股份有限公司,20200709,制造业,2,上交所接口所列A股/科创板及指定状态,https://query.sse.com.cn/commonQuery.do?sqlId=COMMON_SSE_CP_GPJCTPZ_GPLB_GP_L,2026-08-06
上海证券交易所,688028,沃尔德,北京沃尔德金刚石工具股份有限公司,20190722,制造业,2,上交所接口所列A股/科创板及指定状态,https://query.sse.com.cn/commonQuery.do?sqlId=COMMON_SSE_CP_GPJCTPZ_GPLB_GP_L,2026-08-06
上海证券交易所,688029,南微医学,南微医学科技股份有限公司,20190722,制造业,2,上交所接口所列A股/科创板及指定状态,https://query.sse.com.cn/commonQuery.do?sqlId=COMMON_SSE_CP_GPJCTPZ_GPLB_GP_L,2026-08-06
上海证券交易所,688030,山石网科,山石网科通信技术股份有限公司,20190930,信息传输、软件和信息技术服务业,2,上交所接口所列A股/科创板及指定状态,https://query.sse.com.cn/commonQuery.do?sqlId=COMMON_SSE_CP_GPJCTPZ_GPLB_GP_L,2026-08-06
上海证券交易所,688031,星环科技,星环信息科技(上海)股份有限公司,20221018,信息传输、软件和信息技术服务业,2,上交所接口所列A股/科创板及指定状态,https://query.sse.com.cn/commonQuery.do?sqlId=COMMON_SSE_CP_GPJCTPZ_GPLB_GP_L,2026-08-06
上海证券交易所,688032,禾迈股份,杭州禾迈电力电子股份有限公司,20211220,制造业,2,上交所接口所列A股/科创板及指定状态,https://query.sse.com.cn/commonQuery.do?sqlId=COMMON_SSE_CP_GPJCTPZ_GPLB_GP_L,2026-08-06
上海证券交易所,688033,*ST天宜,北京天宜上佳高新材料股份有限公司,20190722,制造业,7,上交所接口所列A股/科创板及指定状态,https://query.sse.com.cn/commonQuery.do?sqlId=COMMON_SSE_CP_GPJCTPZ_GPLB_GP_L,2026-08-06
上海证券交易所,688035,德邦科技,烟台德邦科技股份有限公司,20220919,制造业,2,上交所接口所列A股/科创板及指定状态,https://query.sse.com.cn/commonQuery.do?sqlId=COMMON_SSE_CP_GPJCTPZ_GPLB_GP_L,2026-08-06
上海证券交易所,688036,传音控股,深圳传音控股股份有限公司,20190930,制造业,2,上交所接口所列A股/科创板及指定状态,https://query.sse.com.cn/commonQuery.do?sqlId=COMMON_SSE_CP_GPJCTPZ_GPLB_GP_L,2026-08-06
上海证券交易所,688037,芯源微,沈阳芯源微电子设备股份有限公司,20191216,制造业,2,上交所接口所列A股/科创板及指定状态,https://query.sse.com.cn/commonQuery.do?sqlId=COMMON_SSE_CP_GPJCTPZ_GPLB_GP_L,2026-08-06
上海证券交易所,688038,中科通达,武汉中科通达高新技术股份有限公司,20210713,信息传输、软件和信息技术服务业,2,上交所接口所列A股/科创板及指定状态,https://query.sse.com.cn/commonQuery.do?sqlId=COMMON_SSE_CP_GPJCTPZ_GPLB_GP_L,2026-08-06
上海证券交易所,688039,当虹科技,杭州当虹科技股份有限公司,20191211,信息传输、软件和信息技术服务业,2,上交所接口所列A股/科创板及指定状态,https://query.sse.com.cn/commonQuery.do?sqlId=COMMON_SSE_CP_GPJCTPZ_GPLB_GP_L,2026-08-06
上海证券交易所,688041,海光信息,海光信息技术股份有限公司,20220812,制造业,2,上交所接口所列A股/科创板及指定状态,https://query.sse.com.cn/commonQuery.do?sqlId=COMMON_SSE_CP_GPJCTPZ_GPLB_GP_L,2026-08-06
上海证券交易所,688045,必易微,深圳市必易微电子股份有限公司,20220526,信息传输、软件和信息技术服务业,2,上交所接口所列A股/科创板及指定状态,https://query.sse.com.cn/commonQuery.do?sqlId=COMMON_SSE_CP_GPJCTPZ_GPLB_GP_L,2026-08-06
上海证券交易所,688046,药康生物,江苏集萃药康生物科技股份有限公司,20220425,科学研究和技术服务业,2,上交所接口所列A股/科创板及指定状态,https://query.sse.com.cn/commonQuery.do?sqlId=COMMON_SSE_CP_GPJCTPZ_GPLB_GP_L,2026-08-06
上海证券交易所,688047,龙芯中科,龙芯中科技术股份有限公司,20220624,制造业,2,上交所接口所列A股/科创板及指定状态,https://query.sse.com.cn/commonQuery.do?sqlId=COMMON_SSE_CP_GPJCTPZ_GPLB_GP_L,2026-08-06
上海证券交易所,688048,长光华芯,苏州长光华芯光电技术股份有限公司,20220401,制造业,2,上交所接口所列A股/科创板及指定状态,https://query.sse.com.cn/commonQuery.do?sqlId=COMMON_SSE_CP_GPJCTPZ_GPLB_GP_L,2026-08-06
上海证券交易所,688049,炬芯科技,炬芯科技股份有限公司,20211129,制造业,2,上交所接口所列A股/科创板及指定状态,https://query.sse.com.cn/commonQuery.do?sqlId=COMMON_SSE_CP_GPJCTPZ_GPLB_GP_L,2026-08-06
上海证券交易所,688050,爱博医疗,爱博诺德(北京)医疗科技股份有限公司,20200729,制造业,2,上交所接口所列A股/科创板及指定状态,https://query.sse.com.cn/commonQuery.do?sqlId=COMMON_SSE_CP_GPJCTPZ_GPLB_GP_L,2026-08-06
上海证券交易所,688051,佳华科技,罗克佳华科技集团股份有限公司,20200320,信息传输、软件和信息技术服务业,2,上交所接口所列A股/科创板及指定状态,https://query.sse.com.cn/commonQuery.do?sqlId=COMMON_SSE_CP_GPJCTPZ_GPLB_GP_L,2026-08-06
上海证券交易所,688052,纳芯微,苏州纳芯微电子股份有限公司,20220422,信息传输、软件和信息技术服务业,2,上交所接口所列A股/科创板及指定状态,https://query.sse.com.cn/commonQuery.do?sqlId=COMMON_SSE_CP_GPJCTPZ_GPLB_GP_L,2026-08-06
上海证券交易所,688053,ST思科瑞,成都思科瑞微电子股份有限公司,20220708,科学研究和技术服务业,7,上交所接口所列A股/科创板及指定状态,https://query.sse.com.cn/commonQuery.do?sqlId=COMMON_SSE_CP_GPJCTPZ_GPLB_GP_L,2026-08-06
上海证券交易所,688055,龙腾光电,昆山龙腾光电股份有限公司,20200817,制造业,2,上交所接口所列A股/科创板及指定状态,https://query.sse.com.cn/commonQuery.do?sqlId=COMMON_SSE_CP_GPJCTPZ_GPLB_GP_L,2026-08-06
上海证券交易所,688056,莱伯泰科,北京莱伯泰科仪器股份有限公司,20200902,制造业,2,上交所接口所列A股/科创板及指定状态,https://query.sse.com.cn/commonQuery.do?sqlId=COMMON_SSE_CP_GPJCTPZ_GPLB_GP_L,2026-08-06
上海证券交易所,688057,金达莱,江西金达莱环保股份有限公司,20201111,水利、环境和公共设施管理业,2,上交所接口所列A股/科创板及指定状态,https://query.sse.com.cn/commonQuery.do?sqlId=COMMON_SSE_CP_GPJCTPZ_GPLB_GP_L,2026-08-06
上海证券交易所,688058,宝兰德,北京宝兰德软件股份有限公司,20191101,信息传输、软件和信息技术服务业,2,上交所接口所列A股/科创板及指定状态,https://query.sse.com.cn/commonQuery.do?sqlId=COMMON_SSE_CP_GPJCTPZ_GPLB_GP_L,2026-08-06
上海证券交易所,688059,华锐精密,株洲华锐精密工具股份有限公司,20210208,制造业,2,上交所接口所列A股/科创板及指定状态,https://query.sse.com.cn/commonQuery.do?sqlId=COMMON_SSE_CP_GPJCTPZ_GPLB_GP_L,2026-08-06
上海证券交易所,688060,云涌科技,江苏云涌电子科技股份有限公司,20200710,信息传输、软件和信息技术服务业,2,上交所接口所列A股/科创板及指定状态,https://query.sse.com.cn/commonQuery.do?sqlId=COMMON_SSE_CP_GPJCTPZ_GPLB_GP_L,2026-08-06
上海证券交易所,688061,灿瑞科技,上海灿瑞科技股份有限公司,20221018,信息传输、软件和信息技术服务业,2,上交所接口所列A股/科创板及指定状态,https://query.sse.com.cn/commonQuery.do?sqlId=COMMON_SSE_CP_GPJCTPZ_GPLB_GP_L,2026-08-06
上海证券交易所,688062,迈威生物,迈威(上海)生物科技股份有限公司,20220118,制造业,2,上交所接口所列A股/科创板及指定状态,https://query.sse.com.cn/commonQuery.do?sqlId=COMMON_SSE_CP_GPJCTPZ_GPLB_GP_L,2026-08-06
上海证券交易所,688063,派能科技,上海派能能源科技股份有限公司,20201230,制造业,2,上交所接口所列A股/科创板及指定状态,https://query.sse.com.cn/commonQuery.do?sqlId=COMMON_SSE_CP_GPJCTPZ_GPLB_GP_L,2026-08-06
上海证券交易所,688065,凯赛生物,上海凯赛生物技术股份有限公司,20200812,制造业,2,上交所接口所列A股/科创板及指定状态,https://query.sse.com.cn/commonQuery.do?sqlId=COMMON_SSE_CP_GPJCTPZ_GPLB_GP_L,2026-08-06
上海证券交易所,688066,*ST航图,航天宏图信息技术股份有限公司,20190722,信息传输、软件和信息技术服务业,7,上交所接口所列A股/科创板及指定状态,https://query.sse.com.cn/commonQuery.do?sqlId=COMMON_SSE_CP_GPJCTPZ_GPLB_GP_L,2026-08-06
上海证券交易所,688067,爱威科技,爱威科技股份有限公司,20210616,制造业,2,上交所接口所列A股/科创板及指定状态,https://query.sse.com.cn/commonQuery.do?sqlId=COMMON_SSE_CP_GPJCTPZ_GPLB_GP_L,2026-08-06
上海证券交易所,688068,热景生物,北京热景生物技术股份有限公司,20190930,制造业,2,上交所接口所列A股/科创板及指定状态,https://query.sse.com.cn/commonQuery.do?sqlId=COMMON_SSE_CP_GPJCTPZ_GPLB_GP_L,2026-08-06
上海证券交易所,688069,德林海,无锡德林海环保科技股份有限公司,20200722,水利、环境和公共设施管理业,2,上交所接口所列A股/科创板及指定状态,https://query.sse.com.cn/commonQuery.do?sqlId=COMMON_SSE_CP_GPJCTPZ_GPLB_GP_L,2026-08-06
上海证券交易所,688070,纵横股份,成都纵横自动化技术股份有限公司,20210210,制造业,2,上交所接口所列A股/科创板及指定状态,https://query.sse.com.cn/commonQuery.do?sqlId=COMMON_SSE_CP_GPJCTPZ_GPLB_GP_L,2026-08-06
上海证券交易所,688071,华依科技,上海华依科技集团股份有限公司,20210729,制造业,2,上交所接口所列A股/科创板及指定状态,https://query.sse.com.cn/commonQuery.do?sqlId=COMMON_SSE_CP_GPJCTPZ_GPLB_GP_L,2026-08-06
上海证券交易所,688072,拓荆科技,拓荆科技股份有限公司,20220420,制造业,2,上交所接口所列A股/科创板及指定状态,https://query.sse.com.cn/commonQuery.do?sqlId=COMMON_SSE_CP_GPJCTPZ_GPLB_GP_L,2026-08-06
上海证券交易所,688073,毕得医药,上海毕得医药科技股份有限公司,20221011,科学研究和技术服务业,2,上交所接口所列A股/科创板及指定状态,https://query.sse.com.cn/commonQuery.do?sqlId=COMMON_SSE_CP_GPJCTPZ_GPLB_GP_L,2026-08-06
上海证券交易所,688075,安旭生物,杭州安旭生物科技股份有限公司,20211118,制造业,2,上交所接口所列A股/科创板及指定状态,https://query.sse.com.cn/commonQuery.do?sqlId=COMMON_SSE_CP_GPJCTPZ_GPLB_GP_L,2026-08-06
上海证券交易所,688076,ST诺泰,江苏诺泰澳赛诺生物制药股份有限公司,20210520,制造业,7,上交所接口所列A股/科创板及指定状态,https://query.sse.com.cn/commonQuery.do?sqlId=COMMON_SSE_CP_GPJCTPZ_GPLB_GP_L,2026-08-06
上海证券交易所,688077,大地熊,安徽大地熊新材料股份有限公司,20200722,制造业,2,上交所接口所列A股/科创板及指定状态,https://query.sse.com.cn/commonQuery.do?sqlId=COMMON_SSE_CP_GPJCTPZ_GPLB_GP_L,2026-08-06
上海证券交易所,688078,龙软科技,北京龙软科技股份有限公司,20191230,信息传输、软件和信息技术服务业,2,上交所接口所列A股/科创板及指定状态,https://query.sse.com.cn/commonQuery.do?sqlId=COMMON_SSE_CP_GPJCTPZ_GPLB_GP_L,2026-08-06
上海证券交易所,688079,美迪凯,杭州美迪凯光电科技股份有限公司,20210302,制造业,2,上交所接口所列A股/科创板及指定状态,https://query.sse.com.cn/commonQuery.do?sqlId=COMMON_SSE_CP_GPJCTPZ_GPLB_GP_L,2026-08-06
上海证券交易所,688080,映翰通,北京映翰通网络技术股份有限公司,20200212,制造业,2,上交所接口所列A股/科创板及指定状态,https://query.sse.com.cn/commonQuery.do?sqlId=COMMON_SSE_CP_GPJCTPZ_GPLB_GP_L,2026-08-06
上海证券交易所,688081,兴图新科,武汉兴图新科电子股份有限公司,20200106,制造业,2,上交所接口所列A股/科创板及指定状态,https://query.sse.com.cn/commonQuery.do?sqlId=COMMON_SSE_CP_GPJCTPZ_GPLB_GP_L,2026-08-06
上海证券交易所,688082,盛美上海,盛美半导体设备(上海)股份有限公司,20211118,制造业,2,上交所接口所列A股/科创板及指定状态,https://query.sse.com.cn/commonQuery.do?sqlId=COMMON_SSE_CP_GPJCTPZ_GPLB_GP_L,2026-08-06
上海证券交易所,688083,中望软件,广州中望龙腾软件股份有限公司,20210311,信息传输、软件和信息技术服务业,2,上交所接口所列A股/科创板及指定状态,https://query.sse.com.cn/commonQuery.do?sqlId=COMMON_SSE_CP_GPJCTPZ_GPLB_GP_L,2026-08-06
上海证券交易所,688084,晶品特装,北京晶品特装科技股份有限公司,20221208,制造业,2,上交所接口所列A股/科创板及指定状态,https://query.sse.com.cn/commonQuery.do?sqlId=COMMON_SSE_CP_GPJCTPZ_GPLB_GP_L,2026-08-06
上海证券交易所,688085,三友医疗,上海三友医疗器械股份有限公司,20200409,制造业,2,上交所接口所列A股/科创板及指定状态,https://query.sse.com.cn/commonQuery.do?sqlId=COMMON_SSE_CP_GPJCTPZ_GPLB_GP_L,2026-08-06
上海证券交易所,688087,英科再生,英科再生资源股份有限公司,20210709,制造业,2,上交所接口所列A股/科创板及指定状态,https://query.sse.com.cn/commonQuery.do?sqlId=COMMON_SSE_CP_GPJCTPZ_GPLB_GP_L,2026-08-06
上海证券交易所,688088,虹软科技,虹软科技股份有限公司,20190722,信息传输、软件和信息技术服务业,2,上交所接口所列A股/科创板及指定状态,https://query.sse.com.cn/commonQuery.do?sqlId=COMMON_SSE_CP_GPJCTPZ_GPLB_GP_L,2026-08-06
上海证券交易所,688089,ST嘉必优,嘉必优生物技术(武汉)股份有限公司,20191219,制造业,7,上交所接口所列A股/科创板及指定状态,https://query.sse.com.cn/commonQuery.do?sqlId=COMMON_SSE_CP_GPJCTPZ_GPLB_GP_L,2026-08-06
上海证券交易所,688090,瑞松科技,广州瑞松智能科技股份有限公司,20200217,制造业,2,上交所接口所列A股/科创板及指定状态,https://query.sse.com.cn/commonQuery.do?sqlId=COMMON_SSE_CP_GPJCTPZ_GPLB_GP_L,2026-08-06
上海证券交易所,688091,上海谊众,上海谊众药业股份有限公司,20210909,制造业,2,上交所接口所列A股/科创板及指定状态,https://query.sse.com.cn/commonQuery.do?sqlId=COMMON_SSE_CP_GPJCTPZ_GPLB_GP_L,2026-08-06
上海证券交易所,688092,爱科科技,杭州爱科科技股份有限公司,20210319,制造业,2,上交所接口所列A股/科创板及指定状态,https://query.sse.com.cn/commonQuery.do?sqlId=COMMON_SSE_CP_GPJCTPZ_GPLB_GP_L,2026-08-06
上海证券交易所,688093,世华科技,苏州世华新材料科技股份有限公司,20200930,制造业,2,上交所接口所列A股/科创板及指定状态,https://query.sse.com.cn/commonQuery.do?sqlId=COMMON_SSE_CP_GPJCTPZ_GPLB_GP_L,2026-08-06
上海证券交易所,688095,福昕软件,福建福昕软件开发股份有限公司,20200908,信息传输、软件和信息技术服务业,2,上交所接口所列A股/科创板及指定状态,https://query.sse.com.cn/commonQuery.do?sqlId=COMMON_SSE_CP_GPJCTPZ_GPLB_GP_L,2026-08-06
上海证券交易所,688096,京源环保,江苏京源环保股份有限公司,20200409,制造业,2,上交所接口所列A股/科创板及指定状态,https://query.sse.com.cn/commonQuery.do?sqlId=COMMON_SSE_CP_GPJCTPZ_GPLB_GP_L,2026-08-06
上海证券交易所,688097,博众精工,博众精工科技股份有限公司,20210512,制造业,2,上交所接口所列A股/科创板及指定状态,https://query.sse.com.cn/commonQuery.do?sqlId=COMMON_SSE_CP_GPJCTPZ_GPLB_GP_L,2026-08-06
上海证券交易所,688098,申联生物,申联生物医药(上海)股份有限公司,20191028,制造业,2,上交所接口所列A股/科创板及指定状态,https://query.sse.com.cn/commonQuery.do?sqlId=COMMON_SSE_CP_GPJCTPZ_GPLB_GP_L,2026-08-06
上海证券交易所,688099,晶晨股份,晶晨半导体(上海)股份有限公司,20190808,信息传输、软件和信息技术服务业,2,上交所接口所列A股/科创板及指定状态,https://query.sse.com.cn/commonQuery.do?sqlId=COMMON_SSE_CP_GPJCTPZ_GPLB_GP_L,2026-08-06
上海证券交易所,688100,威胜信息,威胜信息技术股份有限公司,20200121,制造业,2,上交所接口所列A股/科创板及指定状态,https://query.sse.com.cn/commonQuery.do?sqlId=COMMON_SSE_CP_GPJCTPZ_GPLB_GP_L,2026-08-06
上海证券交易所,688101,三达膜,三达膜环境技术股份有限公司,20191115,制造业,2,上交所接口所列A股/科创板及指定状态,https://query.sse.com.cn/commonQuery.do?sqlId=COMMON_SSE_CP_GPJCTPZ_GPLB_GP_L,2026-08-06
上海证券交易所,688102,斯瑞新材,陕西斯瑞新材料股份有限公司,20220316,制造业,2,上交所接口所列A股/科创板及指定状态,https://query.sse.com.cn/commonQuery.do?sqlId=COMMON_SSE_CP_GPJCTPZ_GPLB_GP_L,2026-08-06
上海证券交易所,688103,国力电子,昆山国力电子科技股份有限公司,20210910,制造业,2,上交所接口所列A股/科创板及指定状态,https://query.sse.com.cn/commonQuery.do?sqlId=COMMON_SSE_CP_GPJCTPZ_GPLB_GP_L,2026-08-06
上海证券交易所,688105,诺唯赞,南京诺唯赞生物科技股份有限公司,20211115,科学研究和技术服务业,2,上交所接口所列A股/科创板及指定状态,https://query.sse.com.cn/commonQuery.do?sqlId=COMMON_SSE_CP_GPJCTPZ_GPLB_GP_L,2026-08-06
上海证券交易所,688106,金宏气体,金宏气体股份有限公司,20200616,制造业,2,上交所接口所列A股/科创板及指定状态,https://query.sse.com.cn/commonQuery.do?sqlId=COMMON_SSE_CP_GPJCTPZ_GPLB_GP_L,2026-08-06
上海证券交易所,688107,安路科技,上海安路信息科技股份有限公司,20211112,制造业,2,上交所接口所列A股/科创板及指定状态,https://query.sse.com.cn/commonQuery.do?sqlId=COMMON_SSE_CP_GPJCTPZ_GPLB_GP_L,2026-08-06
上海证券交易所,688108,赛诺医疗,赛诺医疗科学技术股份有限公司,20191030,制造业,2,上交所接口所列A股/科创板及指定状态,https://query.sse.com.cn/commonQuery.do?sqlId=COMMON_SSE_CP_GPJCTPZ_GPLB_GP_L,2026-08-06
上海证券交易所,688109,品茗科技,品茗科技股份有限公司,20210330,信息传输、软件和信息技术服务业,2,上交所接口所列A股/科创板及指定状态,https://query.sse.com.cn/commonQuery.do?sqlId=COMMON_SSE_CP_GPJCTPZ_GPLB_GP_L,2026-08-06
上海证券交易所,688110,东芯股份,东芯半导体股份有限公司,20211210,制造业,2,上交所接口所列A股/科创板及指定状态,https://query.sse.com.cn/commonQuery.do?sqlId=COMMON_SSE_CP_GPJCTPZ_GPLB_GP_L,2026-08-06
上海证券交易所,688111,金山办公,北京金山办公软件股份有限公司,20191118,信息传输、软件和信息技术服务业,2,上交所接口所列A股/科创板及指定状态,https://query.sse.com.cn/commonQuery.do?sqlId=COMMON_SSE_CP_GPJCTPZ_GPLB_GP_L,2026-08-06
上海证券交易所,688112,鼎阳科技,深圳市鼎阳科技股份有限公司,20211201,制造业,2,上交所接口所列A股/科创板及指定状态,https://query.sse.com.cn/commonQuery.do?sqlId=COMMON_SSE_CP_GPJCTPZ_GPLB_GP_L,2026-08-06
上海证券交易所,688113,联测科技,江苏联测机电科技股份有限公司,20210506,制造业,2,上交所接口所列A股/科创板及指定状态,https://query.sse.com.cn/commonQuery.do?sqlId=COMMON_SSE_CP_GPJCTPZ_GPLB_GP_L,2026-08-06
上海证券交易所,688114,华大智造,深圳华大智造科技股份有限公司,20220909,制造业,2,上交所接口所列A股/科创板及指定状态,https://query.sse.com.cn/commonQuery.do?sqlId=COMMON_SSE_CP_GPJCTPZ_GPLB_GP_L,2026-08-06
上海证券交易所,688115,思林杰,广州思林杰科技股份有限公司,20220314,制造业,2,上交所接口所列A股/科创板及指定状态,https://query.sse.com.cn/commonQuery.do?sqlId=COMMON_SSE_CP_GPJCTPZ_GPLB_GP_L,2026-08-06
上海证券交易所,688116,天奈科技,江苏天奈科技股份有限公司,20190925,制造业,2,上交所接口所列A股/科创板及指定状态,https://query.sse.com.cn/commonQuery.do?sqlId=COMMON_SSE_CP_GPJCTPZ_GPLB_GP_L,2026-08-06
上海证券交易所,688117,圣诺生物,成都圣诺生物科技股份有限公司,20210603,制造业,2,上交所接口所列A股/科创板及指定状态,https://query.sse.com.cn/commonQuery.do?sqlId=COMMON_SSE_CP_GPJCTPZ_GPLB_GP_L,2026-08-06
上海证券交易所,688118,普元信息,普元信息技术股份有限公司,20191204,信息传输、软件和信息技术服务业,2,上交所接口所列A股/科创板及指定状态,https://query.sse.com.cn/commonQuery.do?sqlId=COMMON_SSE_CP_GPJCTPZ_GPLB_GP_L,2026-08-06
上海证券交易所,688119,中钢洛耐,中钢洛耐科技股份有限公司,20220606,制造业,2,上交所接口所列A股/科创板及指定状态,https://query.sse.com.cn/commonQuery.do?sqlId=COMMON_SSE_CP_GPJCTPZ_GPLB_GP_L,2026-08-06
上海证券交易所,688120,华海清科,华海清科股份有限公司,20220608,制造业,2,上交所接口所列A股/科创板及指定状态,https://query.sse.com.cn/commonQuery.do?sqlId=COMMON_SSE_CP_GPJCTPZ_GPLB_GP_L,2026-08-06
上海证券交易所,688121,*ST卓然,上海卓然工程技术股份有限公司,20210906,制造业,7,上交所接口所列A股/科创板及指定状态,https://query.sse.com.cn/commonQuery.do?sqlId=COMMON_SSE_CP_GPJCTPZ_GPLB_GP_L,2026-08-06
上海证券交易所,688122,西部超导,西部超导材料科技股份有限公司,20190722,制造业,2,上交所接口所列A股/科创板及指定状态,https://query.sse.com.cn/commonQuery.do?sqlId=COMMON_SSE_CP_GPJCTPZ_GPLB_GP_L,2026-08-06
上海证券交易所,688123,聚辰股份,聚辰半导体股份有限公司,20191223,制造业,2,上交所接口所列A股/科创板及指定状态,https://query.sse.com.cn/commonQuery.do?sqlId=COMMON_SSE_CP_GPJCTPZ_GPLB_GP_L,2026-08-06
上海证券交易所,688125,安达智能,广东安达智能装备股份有限公司,20220415,制造业,2,上交所接口所列A股/科创板及指定状态,https://query.sse.com.cn/commonQuery.do?sqlId=COMMON_SSE_CP_GPJCTPZ_GPLB_GP_L,2026-08-06
上海证券交易所,688126,沪硅产业,上海硅产业集团股份有限公司,20200420,制造业,2,上交所接口所列A股/科创板及指定状态,https://query.sse.com.cn/commonQuery.do?sqlId=COMMON_SSE_CP_GPJCTPZ_GPLB_GP_L,2026-08-06
上海证券交易所,688127,蓝特光学,浙江蓝特光学股份有限公司,20200921,制造业,2,上交所接口所列A股/科创板及指定状态,https://query.sse.com.cn/commonQuery.do?sqlId=COMMON_SSE_CP_GPJCTPZ_GPLB_GP_L,2026-08-06
上海证券交易所,688128,中国电研,中国电器科学研究院股份有限公司,20191105,制造业,2,上交所接口所列A股/科创板及指定状态,https://query.sse.com.cn/commonQuery.do?sqlId=COMMON_SSE_CP_GPJCTPZ_GPLB_GP_L,2026-08-06
上海证券交易所,688129,东来技术,东来涂料技术(上海)股份有限公司,20201023,制造业,2,上交所接口所列A股/科创板及指定状态,https://query.sse.com.cn/commonQuery.do?sqlId=COMMON_SSE_CP_GPJCTPZ_GPLB_GP_L,2026-08-06
上海证券交易所,688130,晶华微,杭州晶华微电子股份有限公司,20220729,信息传输、软件和信息技术服务业,2,上交所接口所列A股/科创板及指定状态,https://query.sse.com.cn/commonQuery.do?sqlId=COMMON_SSE_CP_GPJCTPZ_GPLB_GP_L,2026-08-06
上海证券交易所,688131,皓元医药,上海皓元医药股份有限公司,20210608,科学研究和技术服务业,2,上交所接口所列A股/科创板及指定状态,https://query.sse.com.cn/commonQuery.do?sqlId=COMMON_SSE_CP_GPJCTPZ_GPLB_GP_L,2026-08-06
上海证券交易所,688132,邦彦技术,邦彦技术股份有限公司,20220923,制造业,2,上交所接口所列A股/科创板及指定状态,https://query.sse.com.cn/commonQuery.do?sqlId=COMMON_SSE_CP_GPJCTPZ_GPLB_GP_L,2026-08-06
上海证券交易所,688133,泰坦科技,上海泰坦科技股份有限公司,20201030,科学研究和技术服务业,2,上交所接口所列A股/科创板及指定状态,https://query.sse.com.cn/commonQuery.do?sqlId=COMMON_SSE_CP_GPJCTPZ_GPLB_GP_L,2026-08-06
上海证券交易所,688135,利扬芯片,广东利扬芯片测试股份有限公司,20201111,制造业,2,上交所接口所列A股/科创板及指定状态,https://query.sse.com.cn/commonQuery.do?sqlId=COMMON_SSE_CP_GPJCTPZ_GPLB_GP_L,2026-08-06
上海证券交易所,688136,科兴制药,科兴生物制药股份有限公司,20201214,制造业,2,上交所接口所列A股/科创板及指定状态,https://query.sse.com.cn/commonQuery.do?sqlId=COMMON_SSE_CP_GPJCTPZ_GPLB_GP_L,2026-08-06
上海证券交易所,688137,近岸蛋白,苏州近岸蛋白质科技股份有限公司,20220929,科学研究和技术服务业,2,上交所接口所列A股/科创板及指定状态,https://query.sse.com.cn/commonQuery.do?sqlId=COMMON_SSE_CP_GPJCTPZ_GPLB_GP_L,2026-08-06
上海证券交易所,688138,清溢光电,深圳清溢光电股份有限公司,20191120,制造业,2,上交所接口所列A股/科创板及指定状态,https://query.sse.com.cn/commonQuery.do?sqlId=COMMON_SSE_CP_GPJCTPZ_GPLB_GP_L,2026-08-06
上海证券交易所,688139,海尔生物,青岛海尔生物医疗股份有限公司,20191025,制造业,2,上交所接口所列A股/科创板及指定状态,https://query.sse.com.cn/commonQuery.do?sqlId=COMMON_SSE_CP_GPJCTPZ_GPLB_GP_L,2026-08-06
上海证券交易所,688141,杰华特,杰华特微电子股份有限公司,20221223,信息传输、软件和信息技术服务业,2,上交所接口所列A股/科创板及指定状态,https://query.sse.com.cn/commonQuery.do?sqlId=COMMON_SSE_CP_GPJCTPZ_GPLB_GP_L,2026-08-06
上海证券交易所,688143,长盈通,武汉长盈通光电技术股份有限公司,20221212,制造业,2,上交所接口所列A股/科创板及指定状态,https://query.sse.com.cn/commonQuery.do?sqlId=COMMON_SSE_CP_GPJCTPZ_GPLB_GP_L,2026-08-06
上海证券交易所,688146,中船特气,中船(邯郸)派瑞特种气体股份有限公司,20230421,制造业,2,上交所接口所列A股/科创板及指定状态,https://query.sse.com.cn/commonQuery.do?sqlId=COMMON_SSE_CP_GPJCTPZ_GPLB_GP_L,2026-08-06
上海证券交易所,688147,微导纳米,江苏微导纳米科技股份有限公司,20221223,制造业,2,上交所接口所列A股/科创板及指定状态,https://query.sse.com.cn/commonQuery.do?sqlId=COMMON_SSE_CP_GPJCTPZ_GPLB_GP_L,2026-08-06
上海证券交易所,688148,芳源股份,广东芳源新材料集团股份有限公司,20210806,制造业,2,上交所接口所列A股/科创板及指定状态,https://query.sse.com.cn/commonQuery.do?sqlId=COMMON_SSE_CP_GPJCTPZ_GPLB_GP_L,2026-08-06
上海证券交易所,688150,莱特光电,陕西莱特光电材料股份有限公司,20220318,制造业,2,上交所接口所列A股/科创板及指定状态,https://query.sse.com.cn/commonQuery.do?sqlId=COMMON_SSE_CP_GPJCTPZ_GPLB_GP_L,2026-08-06
上海证券交易所,688151,华强科技,湖北华强科技股份有限公司,20211206,制造业,2,上交所接口所列A股/科创板及指定状态,https://query.sse.com.cn/commonQuery.do?sqlId=COMMON_SSE_CP_GPJCTPZ_GPLB_GP_L,2026-08-06
上海证券交易所,688152,麒麟信安,湖南麒麟信安科技股份有限公司,20221028,信息传输、软件和信息技术服务业,2,上交所接口所列A股/科创板及指定状态,https://query.sse.com.cn/commonQuery.do?sqlId=COMMON_SSE_CP_GPJCTPZ_GPLB_GP_L,2026-08-06
上海证券交易所,688153,唯捷创芯,唯捷创芯(天津)电子技术股份有限公司,20220412,制造业,2,上交所接口所列A股/科创板及指定状态,https://query.sse.com.cn/commonQuery.do?sqlId=COMMON_SSE_CP_GPJCTPZ_GPLB_GP_L,2026-08-06
上海证券交易所,688155,先惠技术,上海先惠自动化技术股份有限公司,20200811,制造业,2,上交所接口所列A股/科创板及指定状态,https://query.sse.com.cn/commonQuery.do?sqlId=COMMON_SSE_CP_GPJCTPZ_GPLB_GP_L,2026-08-06
上海证券交易所,688156,路德科技,路德生物环保科技股份有限公司,20200922,水利、环境和公共设施管理业,2,上交所接口所列A股/科创板及指定状态,https://query.sse.com.cn/commonQuery.do?sqlId=COMMON_SSE_CP_GPJCTPZ_GPLB_GP_L,2026-08-06
上海证券交易所,688157,松井股份,松井新材料集团股份有限公司,20200609,制造业,2,上交所接口所列A股/科创板及指定状态,https://query.sse.com.cn/commonQuery.do?sqlId=COMMON_SSE_CP_GPJCTPZ_GPLB_GP_L,2026-08-06
上海证券交易所,688158,优刻得,优刻得科技股份有限公司,20200120,信息传输、软件和信息技术服务业,2,上交所接口所列A股/科创板及指定状态,https://query.sse.com.cn/commonQuery.do?sqlId=COMMON_SSE_CP_GPJCTPZ_GPLB_GP_L,2026-08-06
上海证券交易所,688159,有方科技,深圳市有方科技股份有限公司,20200123,制造业,2,上交所接口所列A股/科创板及指定状态,https://query.sse.com.cn/commonQuery.do?sqlId=COMMON_SSE_CP_GPJCTPZ_GPLB_GP_L,2026-08-06
上海证券交易所,688160,步科股份,上海步科自动化股份有限公司,20201112,制造业,2,上交所接口所列A股/科创板及指定状态,https://query.sse.com.cn/commonQuery.do?sqlId=COMMON_SSE_CP_GPJCTPZ_GPLB_GP_L,2026-08-06
上海证券交易所,688161,威高骨科,山东威高骨科材料股份有限公司,20210630,制造业,2,上交所接口所列A股/科创板及指定状态,https://query.sse.com.cn/commonQuery.do?sqlId=COMMON_SSE_CP_GPJCTPZ_GPLB_GP_L,2026-08-06
上海证券交易所,688162,巨一科技,安徽巨一科技股份有限公司,20211110,制造业,2,上交所接口所列A股/科创板及指定状态,https://query.sse.com.cn/commonQuery.do?sqlId=COMMON_SSE_CP_GPJCTPZ_GPLB_GP_L,2026-08-06
上海证券交易所,688163,赛伦生物,上海赛伦生物技术股份有限公司,20220311,制造业,2,上交所接口所列A股/科创板及指定状态,https://query.sse.com.cn/commonQuery.do?sqlId=COMMON_SSE_CP_GPJCTPZ_GPLB_GP_L,2026-08-06
上海证券交易所,688165,埃夫特,埃夫特智能机器人股份有限公司,20200715,制造业,2,上交所接口所列A股/科创板及指定状态,https://query.sse.com.cn/commonQuery.do?sqlId=COMMON_SSE_CP_GPJCTPZ_GPLB_GP_L,2026-08-06
上海证券交易所,688166,博瑞医药,博瑞生物医药(苏州)股份有限公司,20191108,制造业,2,上交所接口所列A股/科创板及指定状态,https://query.sse.com.cn/commonQuery.do?sqlId=COMMON_SSE_CP_GPJCTPZ_GPLB_GP_L,2026-08-06
上海证券交易所,688167,炬光科技,西安炬光科技股份有限公司,20211224,制造业,2,上交所接口所列A股/科创板及指定状态,https://query.sse.com.cn/commonQuery.do?sqlId=COMMON_SSE_CP_GPJCTPZ_GPLB_GP_L,2026-08-06
上海证券交易所,688168,安博通,北京安博通科技股份有限公司,20190906,信息传输、软件和信息技术服务业,2,上交所接口所列A股/科创板及指定状态,https://query.sse.com.cn/commonQuery.do?sqlId=COMMON_SSE_CP_GPJCTPZ_GPLB_GP_L,2026-08-06
上海证券交易所,688169,石头科技,北京石头世纪科技股份有限公司,20200221,制造业,2,上交所接口所列A股/科创板及指定状态,https://query.sse.com.cn/commonQuery.do?sqlId=COMMON_SSE_CP_GPJCTPZ_GPLB_GP_L,2026-08-06
上海证券交易所,688170,德龙激光,苏州德龙激光股份有限公司,20220429,制造业,2,上交所接口所列A股/科创板及指定状态,https://query.sse.com.cn/commonQuery.do?sqlId=COMMON_SSE_CP_GPJCTPZ_GPLB_GP_L,2026-08-06
上海证券交易所,688171,纬德信息,广东纬德信息科技股份有限公司,20220127,信息传输、软件和信息技术服务业,2,上交所接口所列A股/科创板及指定状态,https://query.sse.com.cn/commonQuery.do?sqlId=COMMON_SSE_CP_GPJCTPZ_GPLB_GP_L,2026-08-06
上海证券交易所,688172,燕东微,北京燕东微电子股份有限公司,20221216,制造业,2,上交所接口所列A股/科创板及指定状态,https://query.sse.com.cn/commonQuery.do?sqlId=COMMON_SSE_CP_GPJCTPZ_GPLB_GP_L,2026-08-06
上海证券交易所,688173,希荻微,希荻微电子集团股份有限公司,20220121,信息传输、软件和信息技术服务业,2,上交所接口所列A股/科创板及指定状态,https://query.sse.com.cn/commonQuery.do?sqlId=COMMON_SSE_CP_GPJCTPZ_GPLB_GP_L,2026-08-06
上海证券交易所,688175,高凌信息,珠海高凌信息科技股份有限公司,20220315,制造业,2,上交所接口所列A股/科创板及指定状态,https://query.sse.com.cn/commonQuery.do?sqlId=COMMON_SSE_CP_GPJCTPZ_GPLB_GP_L,2026-08-06
上海证券交易所,688176,亚虹医药,江苏亚虹医药科技股份有限公司,20220107,制造业,2,上交所接口所列A股/科创板及指定状态,https://query.sse.com.cn/commonQuery.do?sqlId=COMMON_SSE_CP_GPJCTPZ_GPLB_GP_L,2026-08-06
上海证券交易所,688177,百奥泰,百奥泰生物制药股份有限公司,20200221,制造业,2,上交所接口所列A股/科创板及指定状态,https://query.sse.com.cn/commonQuery.do?sqlId=COMMON_SSE_CP_GPJCTPZ_GPLB_GP_L,2026-08-06
上海证券交易所,688178,万德斯,南京万德斯环保科技股份有限公司,20200114,水利、环境和公共设施管理业,2,上交所接口所列A股/科创板及指定状态,https://query.sse.com.cn/commonQuery.do?sqlId=COMMON_SSE_CP_GPJCTPZ_GPLB_GP_L,2026-08-06
上海证券交易所,688179,阿拉丁,上海阿拉丁生化科技股份有限公司,20201026,科学研究和技术服务业,2,上交所接口所列A股/科创板及指定状态,https://query.sse.com.cn/commonQuery.do?sqlId=COMMON_SSE_CP_GPJCTPZ_GPLB_GP_L,2026-08-06
上海证券交易所,688180,君实生物,上海君实生物医药科技股份有限公司,20200715,制造业,2,上交所接口所列A股/科创板及指定状态,https://query.sse.com.cn/commonQuery.do?sqlId=COMMON_SSE_CP_GPJCTPZ_GPLB_GP_L,2026-08-06
上海证券交易所,688181,八亿时空,北京八亿时空液晶科技股份有限公司,20200106,制造业,2,上交所接口所列A股/科创板及指定状态,https://query.sse.com.cn/commonQuery.do?sqlId=COMMON_SSE_CP_GPJCTPZ_GPLB_GP_L,2026-08-06
上海证券交易所,688182,灿勤科技,江苏灿勤科技股份有限公司,20211116,制造业,2,上交所接口所列A股/科创板及指定状态,https://query.sse.com.cn/commonQuery.do?sqlId=COMMON_SSE_CP_GPJCTPZ_GPLB_GP_L,2026-08-06
上海证券交易所,688183,生益电子,生益电子股份有限公司,20210225,制造业,2,上交所接口所列A股/科创板及指定状态,https://query.sse.com.cn/commonQuery.do?sqlId=COMMON_SSE_CP_GPJCTPZ_GPLB_GP_L,2026-08-06
上海证券交易所,688184,ST帕瓦,浙江帕瓦新能源股份有限公司,20220919,制造业,7,上交所接口所列A股/科创板及指定状态,https://query.sse.com.cn/commonQuery.do?sqlId=COMMON_SSE_CP_GPJCTPZ_GPLB_GP_L,2026-08-06
上海证券交易所,688185,康希诺,康希诺生物股份公司,20200813,制造业,2,上交所接口所列A股/科创板及指定状态,https://query.sse.com.cn/commonQuery.do?sqlId=COMMON_SSE_CP_GPJCTPZ_GPLB_GP_L,2026-08-06
上海证券交易所,688186,广大特材,张家港广大特材股份有限公司,20200211,制造业,2,上交所接口所列A股/科创板及指定状态,https://query.sse.com.cn/commonQuery.do?sqlId=COMMON_SSE_CP_GPJCTPZ_GPLB_GP_L,2026-08-06
上海证券交易所,688187,时代电气,株洲中车时代电气股份有限公司,20210907,制造业,2,上交所接口所列A股/科创板及指定状态,https://query.sse.com.cn/commonQuery.do?sqlId=COMMON_SSE_CP_GPJCTPZ_GPLB_GP_L,2026-08-06
上海证券交易所,688188,柏楚电子,上海柏楚电子科技股份有限公司,20190808,信息传输、软件和信息技术服务业,2,上交所接口所列A股/科创板及指定状态,https://query.sse.com.cn/commonQuery.do?sqlId=COMMON_SSE_CP_GPJCTPZ_GPLB_GP_L,2026-08-06
上海证券交易所,688189,ST南新,湖南南新制药股份有限公司,20200326,制造业,7,上交所接口所列A股/科创板及指定状态,https://query.sse.com.cn/commonQuery.do?sqlId=COMMON_SSE_CP_GPJCTPZ_GPLB_GP_L,2026-08-06
上海证券交易所,688190,云路股份,青岛云路先进材料技术股份有限公司,20211126,制造业,2,上交所接口所列A股/科创板及指定状态,https://query.sse.com.cn/commonQuery.do?sqlId=COMMON_SSE_CP_GPJCTPZ_GPLB_GP_L,2026-08-06
上海证券交易所,688191,智洋创新,智洋创新科技股份有限公司,20210408,信息传输、软件和信息技术服务业,2,上交所接口所列A股/科创板及指定状态,https://query.sse.com.cn/commonQuery.do?sqlId=COMMON_SSE_CP_GPJCTPZ_GPLB_GP_L,2026-08-06
上海证券交易所,688192,迪哲医药,迪哲(江苏)医药股份有限公司,20211210,制造业,2,上交所接口所列A股/科创板及指定状态,https://query.sse.com.cn/commonQuery.do?sqlId=COMMON_SSE_CP_GPJCTPZ_GPLB_GP_L,2026-08-06
上海证券交易所,688193,仁度生物,上海仁度生物科技股份有限公司,20220330,制造业,2,上交所接口所列A股/科创板及指定状态,https://query.sse.com.cn/commonQuery.do?sqlId=COMMON_SSE_CP_GPJCTPZ_GPLB_GP_L,2026-08-06
上海证券交易所,688195,腾景科技,腾景科技股份有限公司,20210326,制造业,2,上交所接口所列A股/科创板及指定状态,https://query.sse.com.cn/commonQuery.do?sqlId=COMMON_SSE_CP_GPJCTPZ_GPLB_GP_L,2026-08-06
上海证券交易所,688196,卓越新能,龙岩卓越新能源股份有限公司,20191121,制造业,2,上交所接口所列A股/科创板及指定状态,https://query.sse.com.cn/commonQuery.do?sqlId=COMMON_SSE_CP_GPJCTPZ_GPLB_GP_L,2026-08-06
上海证券交易所,688197,首药控股,首药控股(北京)股份有限公司,20220323,制造业,2,上交所接口所列A股/科创板及指定状态,https://query.sse.com.cn/commonQuery.do?sqlId=COMMON_SSE_CP_GPJCTPZ_GPLB_GP_L,2026-08-06
上海证券交易所,688198,佰仁医疗,北京佰仁医疗科技股份有限公司,20191209,制造业,2,上交所接口所列A股/科创板及指定状态,https://query.sse.com.cn/commonQuery.do?sqlId=COMMON_SSE_CP_GPJCTPZ_GPLB_GP_L,2026-08-06
上海证券交易所,688199,久日新材,天津久日新材料股份有限公司,20191105,制造业,2,上交所接口所列A股/科创板及指定状态,https://query.sse.com.cn/commonQuery.do?sqlId=COMMON_SSE_CP_GPJCTPZ_GPLB_GP_L,2026-08-06
上海证券交易所,688200,华峰测控,北京华峰测控技术股份有限公司,20200218,制造业,2,上交所接口所列A股/科创板及指定状态,https://query.sse.com.cn/commonQuery.do?sqlId=COMMON_SSE_CP_GPJCTPZ_GPLB_GP_L,2026-08-06
上海证券交易所,688201,ST信安,北京信安世纪科技股份有限公司,20210421,信息传输、软件和信息技术服务业,7,上交所接口所列A股/科创板及指定状态,https://query.sse.com.cn/commonQuery.do?sqlId=COMMON_SSE_CP_GPJCTPZ_GPLB_GP_L,2026-08-06
上海证券交易所,688202,美迪西,上海美迪西生物医药股份有限公司,20191105,科学研究和技术服务业,2,上交所接口所列A股/科创板及指定状态,https://query.sse.com.cn/commonQuery.do?sqlId=COMMON_SSE_CP_GPJCTPZ_GPLB_GP_L,2026-08-06
上海证券交易所,688203,海正生材,浙江海正生物材料股份有限公司,20220816,制造业,2,上交所接口所列A股/科创板及指定状态,https://query.sse.com.cn/commonQuery.do?sqlId=COMMON_SSE_CP_GPJCTPZ_GPLB_GP_L,2026-08-06
上海证券交易所,688205,德科立,无锡市德科立光电子技术股份有限公司,20220809,制造业,2,上交所接口所列A股/科创板及指定状态,https://query.sse.com.cn/commonQuery.do?sqlId=COMMON_SSE_CP_GPJCTPZ_GPLB_GP_L,2026-08-06
上海证券交易所,688206,概伦电子,上海概伦电子股份有限公司,20211228,信息传输、软件和信息技术服务业,2,上交所接口所列A股/科创板及指定状态,https://query.sse.com.cn/commonQuery.do?sqlId=COMMON_SSE_CP_GPJCTPZ_GPLB_GP_L,2026-08-06
上海证券交易所,688207,格灵深瞳,北京格灵深瞳信息技术股份有限公司,20220317,信息传输、软件和信息技术服务业,2,上交所接口所列A股/科创板及指定状态,https://query.sse.com.cn/commonQuery.do?sqlId=COMMON_SSE_CP_GPJCTPZ_GPLB_GP_L,2026-08-06
上海证券交易所,688208,道通科技,深圳市道通科技股份有限公司,20200213,制造业,2,上交所接口所列A股/科创板及指定状态,https://query.sse.com.cn/commonQuery.do?sqlId=COMMON_SSE_CP_GPJCTPZ_GPLB_GP_L,2026-08-06
上海证券交易所,688209,英集芯,深圳英集芯科技股份有限公司,20220419,制造业,2,上交所接口所列A股/科创板及指定状态,https://query.sse.com.cn/commonQuery.do?sqlId=COMMON_SSE_CP_GPJCTPZ_GPLB_GP_L,2026-08-06
上海证券交易所,688210,统联精密,深圳市泛海统联精密制造股份有限公司,20211227,制造业,2,上交所接口所列A股/科创板及指定状态,https://query.sse.com.cn/commonQuery.do?sqlId=COMMON_SSE_CP_GPJCTPZ_GPLB_GP_L,2026-08-06
上海证券交易所,688211,中科微至,中科微至科技股份有限公司,20211026,制造业,2,上交所接口所列A股/科创板及指定状态,https://query.sse.com.cn/commonQuery.do?sqlId=COMMON_SSE_CP_GPJCTPZ_GPLB_GP_L,2026-08-06
上海证券交易所,688212,澳华内镜,上海澳华内镜股份有限公司,20211115,制造业,2,上交所接口所列A股/科创板及指定状态,https://query.sse.com.cn/commonQuery.do?sqlId=COMMON_SSE_CP_GPJCTPZ_GPLB_GP_L,2026-08-06
上海证券交易所,688213,思特威,思特威(上海)电子科技股份有限公司,20220520,信息传输、软件和信息技术服务业,2,上交所接口所列A股/科创板及指定状态,https://query.sse.com.cn/commonQuery.do?sqlId=COMMON_SSE_CP_GPJCTPZ_GPLB_GP_L,2026-08-06
上海证券交易所,688215,瑞晟智能,浙江瑞晟智能科技股份有限公司,20200828,制造业,2,上交所接口所列A股/科创板及指定状态,https://query.sse.com.cn/commonQuery.do?sqlId=COMMON_SSE_CP_GPJCTPZ_GPLB_GP_L,2026-08-06
上海证券交易所,688216,气派科技,气派科技股份有限公司,20210623,制造业,2,上交所接口所列A股/科创板及指定状态,https://query.sse.com.cn/commonQuery.do?sqlId=COMMON_SSE_CP_GPJCTPZ_GPLB_GP_L,2026-08-06
上海证券交易所,688217,睿昂基因,上海睿昂基因科技股份有限公司,20210517,制造业,2,上交所接口所列A股/科创板及指定状态,https://query.sse.com.cn/commonQuery.do?sqlId=COMMON_SSE_CP_GPJCTPZ_GPLB_GP_L,2026-08-06
上海证券交易所,688218,江苏北人,江苏北人智能制造科技股份有限公司,20191211,制造业,2,上交所接口所列A股/科创板及指定状态,https://query.sse.com.cn/commonQuery.do?sqlId=COMMON_SSE_CP_GPJCTPZ_GPLB_GP_L,2026-08-06
上海证券交易所,688219,会通股份,会通新材料股份有限公司,20201118,制造业,2,上交所接口所列A股/科创板及指定状态,https://query.sse.com.cn/commonQuery.do?sqlId=COMMON_SSE_CP_GPJCTPZ_GPLB_GP_L,2026-08-06
上海证券交易所,688220,翱捷科技,翱捷科技股份有限公司,20220114,制造业,2,上交所接口所列A股/科创板及指定状态,https://query.sse.com.cn/commonQuery.do?sqlId=COMMON_SSE_CP_GPJCTPZ_GPLB_GP_L,2026-08-06
上海证券交易所,688221,前沿生物,前沿生物药业(南京)股份有限公司,20201028,制造业,2,上交所接口所列A股/科创板及指定状态,https://query.sse.com.cn/commonQuery.do?sqlId=COMMON_SSE_CP_GPJCTPZ_GPLB_GP_L,2026-08-06
上海证券交易所,688222,成都先导,成都先导药物开发股份有限公司,20200416,科学研究和技术服务业,2,上交所接口所列A股/科创板及指定状态,https://query.sse.com.cn/commonQuery.do?sqlId=COMMON_SSE_CP_GPJCTPZ_GPLB_GP_L,2026-08-06
上海证券交易所,688223,晶科能源,晶科能源股份有限公司,20220126,制造业,2,上交所接口所列A股/科创板及指定状态,https://query.sse.com.cn/commonQuery.do?sqlId=COMMON_SSE_CP_GPJCTPZ_GPLB_GP_L,2026-08-06
上海证券交易所,688225,亚信安全,亚信安全科技股份有限公司,20220209,信息传输、软件和信息技术服务业,2,上交所接口所列A股/科创板及指定状态,https://query.sse.com.cn/commonQuery.do?sqlId=COMMON_SSE_CP_GPJCTPZ_GPLB_GP_L,2026-08-06
上海证券交易所,688226,威腾电气,威腾电气集团股份有限公司,20210707,制造业,2,上交所接口所列A股/科创板及指定状态,https://query.sse.com.cn/commonQuery.do?sqlId=COMMON_SSE_CP_GPJCTPZ_GPLB_GP_L,2026-08-06
上海证券交易所,688227,品高股份,广州市品高软件股份有限公司,20211230,信息传输、软件和信息技术服务业,2,上交所接口所列A股/科创板及指定状态,https://query.sse.com.cn/commonQuery.do?sqlId=COMMON_SSE_CP_GPJCTPZ_GPLB_GP_L,2026-08-06
上海证券交易所,688228,开普云,开普云信息科技股份有限公司,20200327,信息传输、软件和信息技术服务业,2,上交所接口所列A股/科创板及指定状态,https://query.sse.com.cn/commonQuery.do?sqlId=COMMON_SSE_CP_GPJCTPZ_GPLB_GP_L,2026-08-06
上海证券交易所,688229,博睿数据,北京博睿宏远数据科技股份有限公司,20200817,信息传输、软件和信息技术服务业,2,上交所接口所列A股/科创板及指定状态,https://query.sse.com.cn/commonQuery.do?sqlId=COMMON_SSE_CP_GPJCTPZ_GPLB_GP_L,2026-08-06
上海证券交易所,688230,芯导科技,上海芯导电子科技股份有限公司,20211201,制造业,2,上交所接口所列A股/科创板及指定状态,https://query.sse.com.cn/commonQuery.do?sqlId=COMMON_SSE_CP_GPJCTPZ_GPLB_GP_L,2026-08-06
上海证券交易所,688231,隆达股份,江苏隆达超合金股份有限公司,20220722,制造业,2,上交所接口所列A股/科创板及指定状态,https://query.sse.com.cn/commonQuery.do?sqlId=COMMON_SSE_CP_GPJCTPZ_GPLB_GP_L,2026-08-06
上海证券交易所,688232,新点软件,国泰新点软件股份有限公司,20211117,信息传输、软件和信息技术服务业,2,上交所接口所列A股/科创板及指定状态,https://query.sse.com.cn/commonQuery.do?sqlId=COMMON_SSE_CP_GPJCTPZ_GPLB_GP_L,2026-08-06
上海证券交易所,688233,神工股份,锦州神工半导体股份有限公司,20200221,制造业,2,上交所接口所列A股/科创板及指定状态,https://query.sse.com.cn/commonQuery.do?sqlId=COMMON_SSE_CP_GPJCTPZ_GPLB_GP_L,2026-08-06
上海证券交易所,688234,天岳先进,山东天岳先进科技股份有限公司,20220112,制造业,2,上交所接口所列A股/科创板及指定状态,https://query.sse.com.cn/commonQuery.do?sqlId=COMMON_SSE_CP_GPJCTPZ_GPLB_GP_L,2026-08-06
上海证券交易所,688235,百济神州,百济神州有限公司,20211215,制造业,2,上交所接口所列A股/科创板及指定状态,https://query.sse.com.cn/commonQuery.do?sqlId=COMMON_SSE_CP_GPJCTPZ_GPLB_GP_L,2026-08-06
上海证券交易所,688236,春立医疗,北京市春立正达医疗器械股份有限公司,20211230,制造业,2,上交所接口所列A股/科创板及指定状态,https://query.sse.com.cn/commonQuery.do?sqlId=COMMON_SSE_CP_GPJCTPZ_GPLB_GP_L,2026-08-06
上海证券交易所,688237,超卓航科,湖北超卓航空科技集团股份有限公司,20220701,制造业,2,上交所接口所列A股/科创板及指定状态,https://query.sse.com.cn/commonQuery.do?sqlId=COMMON_SSE_CP_GPJCTPZ_GPLB_GP_L,2026-08-06
上海证券交易所,688238,和元生物,上海和元生物技术(集团)股份有限公司,20220322,科学研究和技术服务业,2,上交所接口所列A股/科创板及指定状态,https://query.sse.com.cn/commonQuery.do?sqlId=COMMON_SSE_CP_GPJCTPZ_GPLB_GP_L,2026-08-06
上海证券交易所,688239,航宇科技,贵州航宇科技发展股份有限公司,20210705,制造业,2,上交所接口所列A股/科创板及指定状态,https://query.sse.com.cn/commonQuery.do?sqlId=COMMON_SSE_CP_GPJCTPZ_GPLB_GP_L,2026-08-06
上海证券交易所,688244,永信至诚,永信至诚科技集团股份有限公司,20221019,信息传输、软件和信息技术服务业,2,上交所接口所列A股/科创板及指定状态,https://query.sse.com.cn/commonQuery.do?sqlId=COMMON_SSE_CP_GPJCTPZ_GPLB_GP_L,2026-08-06
上海证券交易所,688246,嘉和美康,嘉和美康(北京)科技股份有限公司,20211214,信息传输、软件和信息技术服务业,2,上交所接口所列A股/科创板及指定状态,https://query.sse.com.cn/commonQuery.do?sqlId=COMMON_SSE_CP_GPJCTPZ_GPLB_GP_L,2026-08-06
上海证券交易所,688247,宣泰医药,上海宣泰医药科技股份有限公司,20220825,制造业,2,上交所接口所列A股/科创板及指定状态,https://query.sse.com.cn/commonQuery.do?sqlId=COMMON_SSE_CP_GPJCTPZ_GPLB_GP_L,2026-08-06
上海证券交易所,688248,南网科技,南方电网电力科技股份有限公司,20211222,科学研究和技术服务业,2,上交所接口所列A股/科创板及指定状态,https://query.sse.com.cn/commonQuery.do?sqlId=COMMON_SSE_CP_GPJCTPZ_GPLB_GP_L,2026-08-06
上海证券交易所,688249,晶合集成,合肥晶合集成电路股份有限公司,20230505,制造业,2,上交所接口所列A股/科创板及指定状态,https://query.sse.com.cn/commonQuery.do?sqlId=COMMON_SSE_CP_GPJCTPZ_GPLB_GP_L,2026-08-06
上海证券交易所,688251,井松智能,合肥井松智能科技股份有限公司,20220606,制造业,2,上交所接口所列A股/科创板及指定状态,https://query.sse.com.cn/commonQuery.do?sqlId=COMMON_SSE_CP_GPJCTPZ_GPLB_GP_L,2026-08-06
上海证券交易所,688252,天德钰,深圳天德钰科技股份有限公司,20220927,信息传输、软件和信息技术服务业,2,上交所接口所列A股/科创板及指定状态,https://query.sse.com.cn/commonQuery.do?sqlId=COMMON_SSE_CP_GPJCTPZ_GPLB_GP_L,2026-08-06
上海证券交易所,688253,英诺特,北京英诺特生物技术股份有限公司,20220728,制造业,2,上交所接口所列A股/科创板及指定状态,https://query.sse.com.cn/commonQuery.do?sqlId=COMMON_SSE_CP_GPJCTPZ_GPLB_GP_L,2026-08-06
上海证券交易所,688255,凯尔达,杭州凯尔达焊接机器人股份有限公司,20211025,制造业,2,上交所接口所列A股/科创板及指定状态,https://query.sse.com.cn/commonQuery.do?sqlId=COMMON_SSE_CP_GPJCTPZ_GPLB_GP_L,2026-08-06
上海证券交易所,688256,寒武纪,中科寒武纪科技股份有限公司,20200720,信息传输、软件和信息技术服务业,2,上交所接口所列A股/科创板及指定状态,https://query.sse.com.cn/commonQuery.do?sqlId=COMMON_SSE_CP_GPJCTPZ_GPLB_GP_L,2026-08-06
上海证券交易所,688257,新锐股份,苏州新锐合金工具股份有限公司,20211027,制造业,2,上交所接口所列A股/科创板及指定状态,https://query.sse.com.cn/commonQuery.do?sqlId=COMMON_SSE_CP_GPJCTPZ_GPLB_GP_L,2026-08-06
上海证券交易所,688258,卓易信息,江苏卓易信息科技股份有限公司,20191209,信息传输、软件和信息技术服务业,2,上交所接口所列A股/科创板及指定状态,https://query.sse.com.cn/commonQuery.do?sqlId=COMMON_SSE_CP_GPJCTPZ_GPLB_GP_L,2026-08-06
上海证券交易所,688259,创耀科技,创耀(苏州)通信科技股份有限公司,20220112,信息传输、软件和信息技术服务业,2,上交所接口所列A股/科创板及指定状态,https://query.sse.com.cn/commonQuery.do?sqlId=COMMON_SSE_CP_GPJCTPZ_GPLB_GP_L,2026-08-06
上海证券交易所,688260,昀冢科技,苏州昀冢电子科技股份有限公司,20210406,制造业,2,上交所接口所列A股/科创板及指定状态,https://query.sse.com.cn/commonQuery.do?sqlId=COMMON_SSE_CP_GPJCTPZ_GPLB_GP_L,2026-08-06
上海证券交易所,688261,东微半导,苏州东微半导体股份有限公司,20220210,制造业,2,上交所接口所列A股/科创板及指定状态,https://query.sse.com.cn/commonQuery.do?sqlId=COMMON_SSE_CP_GPJCTPZ_GPLB_GP_L,2026-08-06
上海证券交易所,688262,国芯科技,苏州国芯科技股份有限公司,20220106,信息传输、软件和信息技术服务业,2,上交所接口所列A股/科创板及指定状态,https://query.sse.com.cn/commonQuery.do?sqlId=COMMON_SSE_CP_GPJCTPZ_GPLB_GP_L,2026-08-06
上海证券交易所,688265,南模生物,上海南方模式生物科技股份有限公司,20211228,科学研究和技术服务业,2,上交所接口所列A股/科创板及指定状态,https://query.sse.com.cn/commonQuery.do?sqlId=COMMON_SSE_CP_GPJCTPZ_GPLB_GP_L,2026-08-06
上海证券交易所,688266,泽璟制药,苏州泽璟生物制药股份有限公司,20200123,制造业,2,上交所接口所列A股/科创板及指定状态,https://query.sse.com.cn/commonQuery.do?sqlId=COMMON_SSE_CP_GPJCTPZ_GPLB_GP_L,2026-08-06
上海证券交易所,688267,中触媒,中触媒新材料股份有限公司,20220216,制造业,2,上交所接口所列A股/科创板及指定状态,https://query.sse.com.cn/commonQuery.do?sqlId=COMMON_SSE_CP_GPJCTPZ_GPLB_GP_L,2026-08-06
上海证券交易所,688268,华特气体,广东华特气体股份有限公司,20191226,制造业,2,上交所接口所列A股/科创板及指定状态,https://query.sse.com.cn/commonQuery.do?sqlId=COMMON_SSE_CP_GPJCTPZ_GPLB_GP_L,2026-08-06
上海证券交易所,688269,凯立新材,西安凯立新材料股份有限公司,20210609,制造业,2,上交所接口所列A股/科创板及指定状态,https://query.sse.com.cn/commonQuery.do?sqlId=COMMON_SSE_CP_GPJCTPZ_GPLB_GP_L,2026-08-06
上海证券交易所,688270,ST臻镭,浙江臻镭科技股份有限公司,20220127,制造业,7,上交所接口所列A股/科创板及指定状态,https://query.sse.com.cn/commonQuery.do?sqlId=COMMON_SSE_CP_GPJCTPZ_GPLB_GP_L,2026-08-06
上海证券交易所,688271,联影医疗,上海联影医疗科技股份有限公司,20220822,制造业,2,上交所接口所列A股/科创板及指定状态,https://query.sse.com.cn/commonQuery.do?sqlId=COMMON_SSE_CP_GPJCTPZ_GPLB_GP_L,2026-08-06
上海证券交易所,688272,富吉瑞,北京富吉瑞光电科技股份有限公司,20211018,制造业,2,上交所接口所列A股/科创板及指定状态,https://query.sse.com.cn/commonQuery.do?sqlId=COMMON_SSE_CP_GPJCTPZ_GPLB_GP_L,2026-08-06
上海证券交易所,688273,麦澜德,南京麦澜德医疗科技股份有限公司,20220811,制造业,2,上交所接口所列A股/科创板及指定状态,https://query.sse.com.cn/commonQuery.do?sqlId=COMMON_SSE_CP_GPJCTPZ_GPLB_GP_L,2026-08-06
上海证券交易所,688275,万润新能,湖北万润新能源科技股份有限公司,20220929,制造业,2,上交所接口所列A股/科创板及指定状态,https://query.sse.com.cn/commonQuery.do?sqlId=COMMON_SSE_CP_GPJCTPZ_GPLB_GP_L,2026-08-06
上海证券交易所,688276,百克生物,长春百克生物科技股份公司,20210625,制造业,2,上交所接口所列A股/科创板及指定状态,https://query.sse.com.cn/commonQuery.do?sqlId=COMMON_SSE_CP_GPJCTPZ_GPLB_GP_L,2026-08-06
上海证券交易所,688277,天智航,北京天智航医疗科技股份有限公司,20200707,制造业,2,上交所接口所列A股/科创板及指定状态,https://query.sse.com.cn/commonQuery.do?sqlId=COMMON_SSE_CP_GPJCTPZ_GPLB_GP_L,2026-08-06
上海证券交易所,688278,特宝生物,厦门特宝生物工程股份有限公司,20200117,制造业,2,上交所接口所列A股/科创板及指定状态,https://query.sse.com.cn/commonQuery.do?sqlId=COMMON_SSE_CP_GPJCTPZ_GPLB_GP_L,2026-08-06
上海证券交易所,688279,峰岹科技,峰岹科技(深圳)股份有限公司,20220420,信息传输、软件和信息技术服务业,2,上交所接口所列A股/科创板及指定状态,https://query.sse.com.cn/commonQuery.do?sqlId=COMMON_SSE_CP_GPJCTPZ_GPLB_GP_L,2026-08-06
上海证券交易所,688280,精进电动,精进电动科技股份有限公司,20211027,制造业,2,上交所接口所列A股/科创板及指定状态,https://query.sse.com.cn/commonQuery.do?sqlId=COMMON_SSE_CP_GPJCTPZ_GPLB_GP_L,2026-08-06
上海证券交易所,688281,华秦科技,陕西华秦科技实业股份有限公司,20220307,制造业,2,上交所接口所列A股/科创板及指定状态,https://query.sse.com.cn/commonQuery.do?sqlId=COMMON_SSE_CP_GPJCTPZ_GPLB_GP_L,2026-08-06
上海证券交易所,688282,理工导航,北京理工导航控制科技股份有限公司,20220318,制造业,2,上交所接口所列A股/科创板及指定状态,https://query.sse.com.cn/commonQuery.do?sqlId=COMMON_SSE_CP_GPJCTPZ_GPLB_GP_L,2026-08-06
上海证券交易所,688283,坤恒顺维,成都坤恒顺维科技股份有限公司,20220215,制造业,2,上交所接口所列A股/科创板及指定状态,https://query.sse.com.cn/commonQuery.do?sqlId=COMMON_SSE_CP_GPJCTPZ_GPLB_GP_L,2026-08-06
上海证券交易所,688285,高铁电气,中铁高铁电气装备股份有限公司,20211020,制造业,2,上交所接口所列A股/科创板及指定状态,https://query.sse.com.cn/commonQuery.do?sqlId=COMMON_SSE_CP_GPJCTPZ_GPLB_GP_L,2026-08-06
上海证券交易所,688286,敏芯股份,苏州敏芯微电子技术股份有限公司,20200810,制造业,2,上交所接口所列A股/科创板及指定状态,https://query.sse.com.cn/commonQuery.do?sqlId=COMMON_SSE_CP_GPJCTPZ_GPLB_GP_L,2026-08-06
上海证券交易所,688288,鸿泉技术,杭州鸿泉物联网技术股份有限公司,20191106,制造业,2,上交所接口所列A股/科创板及指定状态,https://query.sse.com.cn/commonQuery.do?sqlId=COMMON_SSE_CP_GPJCTPZ_GPLB_GP_L,2026-08-06
上海证券交易所,688289,圣湘生物,圣湘生物科技股份有限公司,20200828,制造业,2,上交所接口所列A股/科创板及指定状态,https://query.sse.com.cn/commonQuery.do?sqlId=COMMON_SSE_CP_GPJCTPZ_GPLB_GP_L,2026-08-06
上海证券交易所,688290,景业智能,杭州景业智能科技股份有限公司,20220429,制造业,2,上交所接口所列A股/科创板及指定状态,https://query.sse.com.cn/commonQuery.do?sqlId=COMMON_SSE_CP_GPJCTPZ_GPLB_GP_L,2026-08-06
上海证券交易所,688291,金橙子,北京金橙子科技股份有限公司,20221026,信息传输、软件和信息技术服务业,2,上交所接口所列A股/科创板及指定状态,https://query.sse.com.cn/commonQuery.do?sqlId=COMMON_SSE_CP_GPJCTPZ_GPLB_GP_L,2026-08-06
上海证券交易所,688292,浩瀚深度,北京浩瀚深度信息技术股份有限公司,20220818,信息传输、软件和信息技术服务业,2,上交所接口所列A股/科创板及指定状态,https://query.sse.com.cn/commonQuery.do?sqlId=COMMON_SSE_CP_GPJCTPZ_GPLB_GP_L,2026-08-06
上海证券交易所,688293,奥浦迈,上海奥浦迈生物科技股份有限公司,20220902,科学研究和技术服务业,2,上交所接口所列A股/科创板及指定状态,https://query.sse.com.cn/commonQuery.do?sqlId=COMMON_SSE_CP_GPJCTPZ_GPLB_GP_L,2026-08-06
上海证券交易所,688295,中复神鹰,中复神鹰碳纤维股份有限公司,20220406,制造业,2,上交所接口所列A股/科创板及指定状态,https://query.sse.com.cn/commonQuery.do?sqlId=COMMON_SSE_CP_GPJCTPZ_GPLB_GP_L,2026-08-06
上海证券交易所,688296,和达科技,浙江和达科技股份有限公司,20210727,信息传输、软件和信息技术服务业,2,上交所接口所列A股/科创板及指定状态,https://query.sse.com.cn/commonQuery.do?sqlId=COMMON_SSE_CP_GPJCTPZ_GPLB_GP_L,2026-08-06
上海证券交易所,688297,中无人机,中航(成都)无人机系统股份有限公司,20220629,制造业,2,上交所接口所列A股/科创板及指定状态,https://query.sse.com.cn/commonQuery.do?sqlId=COMMON_SSE_CP_GPJCTPZ_GPLB_GP_L,2026-08-06
上海证券交易所,688298,东方生物,浙江东方基因生物制品股份有限公司,20200205,制造业,2,上交所接口所列A股/科创板及指定状态,https://query.sse.com.cn/commonQuery.do?sqlId=COMMON_SSE_CP_GPJCTPZ_GPLB_GP_L,2026-08-06
上海证券交易所,688299,长阳科技,宁波长阳科技股份有限公司,20191106,制造业,2,上交所接口所列A股/科创板及指定状态,https://query.sse.com.cn/commonQuery.do?sqlId=COMMON_SSE_CP_GPJCTPZ_GPLB_GP_L,2026-08-06
上海证券交易所,688300,联瑞新材,江苏联瑞新材料股份有限公司,20191115,制造业,2,上交所接口所列A股/科创板及指定状态,https://query.sse.com.cn/commonQuery.do?sqlId=COMMON_SSE_CP_GPJCTPZ_GPLB_GP_L,2026-08-06
上海证券交易所,688301,奕瑞科技,奕瑞电子科技集团股份有限公司,20200918,制造业,2,上交所接口所列A股/科创板及指定状态,https://query.sse.com.cn/commonQuery.do?sqlId=COMMON_SSE_CP_GPJCTPZ_GPLB_GP_L,2026-08-06
上海证券交易所,688302,海创药业,海创药业股份有限公司,20220412,制造业,2,上交所接口所列A股/科创板及指定状态,https://query.sse.com.cn/commonQuery.do?sqlId=COMMON_SSE_CP_GPJCTPZ_GPLB_GP_L,2026-08-06
上海证券交易所,688303,大全能源,新疆大全新能源股份有限公司,20210722,制造业,2,上交所接口所列A股/科创板及指定状态,https://query.sse.com.cn/commonQuery.do?sqlId=COMMON_SSE_CP_GPJCTPZ_GPLB_GP_L,2026-08-06
上海证券交易所,688305,科德数控,科德数控股份有限公司,20210709,制造业,2,上交所接口所列A股/科创板及指定状态,https://query.sse.com.cn/commonQuery.do?sqlId=COMMON_SSE_CP_GPJCTPZ_GPLB_GP_L,2026-08-06
上海证券交易所,688306,均普智能,宁波均普智能制造股份有限公司,20220322,制造业,2,上交所接口所列A股/科创板及指定状态,https://query.sse.com.cn/commonQuery.do?sqlId=COMMON_SSE_CP_GPJCTPZ_GPLB_GP_L,2026-08-06
上海证券交易所,688307,中润光学,嘉兴中润光学科技股份有限公司,20230216,制造业,2,上交所接口所列A股/科创板及指定状态,https://query.sse.com.cn/commonQuery.do?sqlId=COMMON_SSE_CP_GPJCTPZ_GPLB_GP_L,2026-08-06
上海证券交易所,688308,欧科亿,株洲欧科亿数控精密刀具股份有限公司,20201210,制造业,2,上交所接口所列A股/科创板及指定状态,https://query.sse.com.cn/commonQuery.do?sqlId=COMMON_SSE_CP_GPJCTPZ_GPLB_GP_L,2026-08-06
上海证券交易所,688309,恒誉环保,济南恒誉环保科技股份有限公司,20200714,制造业,2,上交所接口所列A股/科创板及指定状态,https://query.sse.com.cn/commonQuery.do?sqlId=COMMON_SSE_CP_GPJCTPZ_GPLB_GP_L,2026-08-06
上海证券交易所,688310,迈得医疗,迈得医疗工业设备股份有限公司,20191203,制造业,2,上交所接口所列A股/科创板及指定状态,https://query.sse.com.cn/commonQuery.do?sqlId=COMMON_SSE_CP_GPJCTPZ_GPLB_GP_L,2026-08-06
上海证券交易所,688311,盟升电子,成都盟升电子技术股份有限公司,20200731,制造业,2,上交所接口所列A股/科创板及指定状态,https://query.sse.com.cn/commonQuery.do?sqlId=COMMON_SSE_CP_GPJCTPZ_GPLB_GP_L,2026-08-06
上海证券交易所,688312,燕麦科技,深圳市燕麦科技股份有限公司,20200608,制造业,2,上交所接口所列A股/科创板及指定状态,https://query.sse.com.cn/commonQuery.do?sqlId=COMMON_SSE_CP_GPJCTPZ_GPLB_GP_L,2026-08-06
上海证券交易所,688313,仕佳光子,河南仕佳光子科技股份有限公司,20200812,制造业,2,上交所接口所列A股/科创板及指定状态,https://query.sse.com.cn/commonQuery.do?sqlId=COMMON_SSE_CP_GPJCTPZ_GPLB_GP_L,2026-08-06
上海证券交易所,688314,康拓医疗,西安康拓医疗技术股份有限公司,20210518,制造业,2,上交所接口所列A股/科创板及指定状态,https://query.sse.com.cn/commonQuery.do?sqlId=COMMON_SSE_CP_GPJCTPZ_GPLB_GP_L,2026-08-06
上海证券交易所,688315,诺禾致源,北京诺禾致源科技股份有限公司,20210413,科学研究和技术服务业,2,上交所接口所列A股/科创板及指定状态,https://query.sse.com.cn/commonQuery.do?sqlId=COMMON_SSE_CP_GPJCTPZ_GPLB_GP_L,2026-08-06
上海证券交易所,688316,青云科技,青云科技集团股份有限公司,20210316,信息传输、软件和信息技术服务业,2,上交所接口所列A股/科创板及指定状态,https://query.sse.com.cn/commonQuery.do?sqlId=COMMON_SSE_CP_GPJCTPZ_GPLB_GP_L,2026-08-06
上海证券交易所,688317,之江生物,上海之江生物科技股份有限公司,20210118,制造业,2,上交所接口所列A股/科创板及指定状态,https://query.sse.com.cn/commonQuery.do?sqlId=COMMON_SSE_CP_GPJCTPZ_GPLB_GP_L,2026-08-06
上海证券交易所,688318,财富趋势,深圳市财富趋势科技股份有限公司,20200427,信息传输、软件和信息技术服务业,2,上交所接口所列A股/科创板及指定状态,https://query.sse.com.cn/commonQuery.do?sqlId=COMMON_SSE_CP_GPJCTPZ_GPLB_GP_L,2026-08-06
上海证券交易所,688319,欧林生物,成都欧林生物科技股份有限公司,20210608,制造业,2,上交所接口所列A股/科创板及指定状态,https://query.sse.com.cn/commonQuery.do?sqlId=COMMON_SSE_CP_GPJCTPZ_GPLB_GP_L,2026-08-06
上海证券交易所,688320,禾川科技,浙江禾川科技股份有限公司,20220428,制造业,2,上交所接口所列A股/科创板及指定状态,https://query.sse.com.cn/commonQuery.do?sqlId=COMMON_SSE_CP_GPJCTPZ_GPLB_GP_L,2026-08-06
上海证券交易所,688321,微芯生物,深圳微芯生物科技股份有限公司,20190812,制造业,2,上交所接口所列A股/科创板及指定状态,https://query.sse.com.cn/commonQuery.do?sqlId=COMMON_SSE_CP_GPJCTPZ_GPLB_GP_L,2026-08-06
上海证券交易所,688322,奥比中光,奥比中光科技集团股份有限公司,20220707,制造业,2,上交所接口所列A股/科创板及指定状态,https://query.sse.com.cn/commonQuery.do?sqlId=COMMON_SSE_CP_GPJCTPZ_GPLB_GP_L,2026-08-06
上海证券交易所,688323,瑞华泰,深圳瑞华泰薄膜科技股份有限公司,20210428,制造业,2,上交所接口所列A股/科创板及指定状态,https://query.sse.com.cn/commonQuery.do?sqlId=COMMON_SSE_CP_GPJCTPZ_GPLB_GP_L,2026-08-06
上海证券交易所,688325,赛微微电,广东赛微微电子股份有限公司,20220422,信息传输、软件和信息技术服务业,2,上交所接口所列A股/科创板及指定状态,https://query.sse.com.cn/commonQuery.do?sqlId=COMMON_SSE_CP_GPJCTPZ_GPLB_GP_L,2026-08-06
上海证券交易所,688326,经纬恒润,北京经纬恒润科技股份有限公司,20220419,制造业,2,上交所接口所列A股/科创板及指定状态,https://query.sse.com.cn/commonQuery.do?sqlId=COMMON_SSE_CP_GPJCTPZ_GPLB_GP_L,2026-08-06
上海证券交易所,688327,云从科技,云从科技集团股份有限公司,20220527,信息传输、软件和信息技术服务业,2,上交所接口所列A股/科创板及指定状态,https://query.sse.com.cn/commonQuery.do?sqlId=COMMON_SSE_CP_GPJCTPZ_GPLB_GP_L,2026-08-06
上海证券交易所,688328,深科达,深圳市深科达智能装备股份有限公司,20210309,制造业,2,上交所接口所列A股/科创板及指定状态,https://query.sse.com.cn/commonQuery.do?sqlId=COMMON_SSE_CP_GPJCTPZ_GPLB_GP_L,2026-08-06
上海证券交易所,688329,艾隆科技,苏州艾隆科技股份有限公司,20210329,制造业,2,上交所接口所列A股/科创板及指定状态,https://query.sse.com.cn/commonQuery.do?sqlId=COMMON_SSE_CP_GPJCTPZ_GPLB_GP_L,2026-08-06
上海证券交易所,688330,宏力达,上海宏力达信息技术股份有限公司,20201015,制造业,2,上交所接口所列A股/科创板及指定状态,https://query.sse.com.cn/commonQuery.do?sqlId=COMMON_SSE_CP_GPJCTPZ_GPLB_GP_L,2026-08-06
上海证券交易所,688331,荣昌生物,荣昌生物制药(烟台)股份有限公司,20220331,制造业,2,上交所接口所列A股/科创板及指定状态,https://query.sse.com.cn/commonQuery.do?sqlId=COMMON_SSE_CP_GPJCTPZ_GPLB_GP_L,2026-08-06
上海证券交易所,688332,中科蓝讯,深圳市中科蓝讯科技股份有限公司,20220715,制造业,2,上交所接口所列A股/科创板及指定状态,https://query.sse.com.cn/commonQuery.do?sqlId=COMMON_SSE_CP_GPJCTPZ_GPLB_GP_L,2026-08-06
上海证券交易所,688333,铂力特,西安铂力特增材技术股份有限公司,20190722,制造业,2,上交所接口所列A股/科创板及指定状态,https://query.sse.com.cn/commonQuery.do?sqlId=COMMON_SSE_CP_GPJCTPZ_GPLB_GP_L,2026-08-06
上海证券交易所,688334,西高院,西安高压电器研究院股份有限公司,20230619,科学研究和技术服务业,2,上交所接口所列A股/科创板及指定状态,https://query.sse.com.cn/commonQuery.do?sqlId=COMMON_SSE_CP_GPJCTPZ_GPLB_GP_L,2026-08-06
上海证券交易所,688335,复洁科技,上海复洁科技股份有限公司,20200817,制造业,2,上交所接口所列A股/科创板及指定状态,https://query.sse.com.cn/commonQuery.do?sqlId=COMMON_SSE_CP_GPJCTPZ_GPLB_GP_L,2026-08-06
上海证券交易所,688336,三生国健,三生国健药业(上海)股份有限公司,20200722,制造业,2,上交所接口所列A股/科创板及指定状态,https://query.sse.com.cn/commonQuery.do?sqlId=COMMON_SSE_CP_GPJCTPZ_GPLB_GP_L,2026-08-06
上海证券交易所,688337,普源精电,普源精电科技股份有限公司,20220408,制造业,2,上交所接口所列A股/科创板及指定状态,https://query.sse.com.cn/commonQuery.do?sqlId=COMMON_SSE_CP_GPJCTPZ_GPLB_GP_L,2026-08-06
上海证券交易所,688338,赛科希德,北京赛科希德科技股份有限公司,20200806,制造业,2,上交所接口所列A股/科创板及指定状态,https://query.sse.com.cn/commonQuery.do?sqlId=COMMON_SSE_CP_GPJCTPZ_GPLB_GP_L,2026-08-06
上海证券交易所,688339,亿华通,北京亿华通科技股份有限公司,20200810,制造业,2,上交所接口所列A股/科创板及指定状态,https://query.sse.com.cn/commonQuery.do?sqlId=COMMON_SSE_CP_GPJCTPZ_GPLB_GP_L,2026-08-06
上海证券交易所,688343,云天励飞,深圳云天励飞技术股份有限公司,20230404,信息传输、软件和信息技术服务业,2,上交所接口所列A股/科创板及指定状态,https://query.sse.com.cn/commonQuery.do?sqlId=COMMON_SSE_CP_GPJCTPZ_GPLB_GP_L,2026-08-06
上海证券交易所,688345,博力威,广东博力威科技股份有限公司,20210611,制造业,2,上交所接口所列A股/科创板及指定状态,https://query.sse.com.cn/commonQuery.do?sqlId=COMMON_SSE_CP_GPJCTPZ_GPLB_GP_L,2026-08-06
上海证券交易所,688347,华虹宏力,华虹宏力半导体有限公司,20230807,制造业,2,上交所接口所列A股/科创板及指定状态,https://query.sse.com.cn/commonQuery.do?sqlId=COMMON_SSE_CP_GPJCTPZ_GPLB_GP_L,2026-08-06
上海证券交易所,688348,昱能科技,昱能科技股份有限公司,20220608,制造业,2,上交所接口所列A股/科创板及指定状态,https://query.sse.com.cn/commonQuery.do?sqlId=COMMON_SSE_CP_GPJCTPZ_GPLB_GP_L,2026-08-06
上海证券交易所,688349,三一重能,三一重能股份有限公司,20220622,制造业,2,上交所接口所列A股/科创板及指定状态,https://query.sse.com.cn/commonQuery.do?sqlId=COMMON_SSE_CP_GPJCTPZ_GPLB_GP_L,2026-08-06
上海证券交易所,688350,富淼科技,江苏富淼科技股份有限公司,20210128,制造业,2,上交所接口所列A股/科创板及指定状态,https://query.sse.com.cn/commonQuery.do?sqlId=COMMON_SSE_CP_GPJCTPZ_GPLB_GP_L,2026-08-06
上海证券交易所,688351,微电生理,上海微创电生理医疗科技股份有限公司,20220831,制造业,2,上交所接口所列A股/科创板及指定状态,https://query.sse.com.cn/commonQuery.do?sqlId=COMMON_SSE_CP_GPJCTPZ_GPLB_GP_L,2026-08-06
上海证券交易所,688352,颀中科技,合肥颀中科技股份有限公司,20230420,制造业,2,上交所接口所列A股/科创板及指定状态,https://query.sse.com.cn/commonQuery.do?sqlId=COMMON_SSE_CP_GPJCTPZ_GPLB_GP_L,2026-08-06
上海证券交易所,688353,华盛锂电,江苏华盛锂电材料股份有限公司,20220713,制造业,2,上交所接口所列A股/科创板及指定状态,https://query.sse.com.cn/commonQuery.do?sqlId=COMMON_SSE_CP_GPJCTPZ_GPLB_GP_L,2026-08-06
上海证券交易所,688355,明志科技,苏州明志科技股份有限公司,20210512,制造业,2,上交所接口所列A股/科创板及指定状态,https://query.sse.com.cn/commonQuery.do?sqlId=COMMON_SSE_CP_GPJCTPZ_GPLB_GP_L,2026-08-06
上海证券交易所,688356,键凯科技,北京键凯科技股份有限公司,20200826,制造业,2,上交所接口所列A股/科创板及指定状态,https://query.sse.com.cn/commonQuery.do?sqlId=COMMON_SSE_CP_GPJCTPZ_GPLB_GP_L,2026-08-06
上海证券交易所,688357,建龙微纳,洛阳建龙微纳新材料股份有限公司,20191204,制造业,2,上交所接口所列A股/科创板及指定状态,https://query.sse.com.cn/commonQuery.do?sqlId=COMMON_SSE_CP_GPJCTPZ_GPLB_GP_L,2026-08-06
上海证券交易所,688358,祥生医疗,无锡祥生医疗科技股份有限公司,20191203,制造业,2,上交所接口所列A股/科创板及指定状态,https://query.sse.com.cn/commonQuery.do?sqlId=COMMON_SSE_CP_GPJCTPZ_GPLB_GP_L,2026-08-06
上海证券交易所,688359,三孚新科,广州三孚新材料科技股份有限公司,20210521,制造业,2,上交所接口所列A股/科创板及指定状态,https://query.sse.com.cn/commonQuery.do?sqlId=COMMON_SSE_CP_GPJCTPZ_GPLB_GP_L,2026-08-06
上海证券交易所,688360,德马科技,德马科技集团股份有限公司,20200602,制造业,2,上交所接口所列A股/科创板及指定状态,https://query.sse.com.cn/commonQuery.do?sqlId=COMMON_SSE_CP_GPJCTPZ_GPLB_GP_L,2026-08-06
上海证券交易所,688361,中科飞测,深圳中科飞测科技股份有限公司,20230519,制造业,2,上交所接口所列A股/科创板及指定状态,https://query.sse.com.cn/commonQuery.do?sqlId=COMMON_SSE_CP_GPJCTPZ_GPLB_GP_L,2026-08-06
上海证券交易所,688362,甬矽电子,甬矽电子(宁波)股份有限公司,20221116,制造业,2,上交所接口所列A股/科创板及指定状态,https://query.sse.com.cn/commonQuery.do?sqlId=COMMON_SSE_CP_GPJCTPZ_GPLB_GP_L,2026-08-06
上海证券交易所,688363,华熙生物,华熙生物科技股份有限公司,20191106,制造业,2,上交所接口所列A股/科创板及指定状态,https://query.sse.com.cn/commonQuery.do?sqlId=COMMON_SSE_CP_GPJCTPZ_GPLB_GP_L,2026-08-06
上海证券交易所,688365,光云科技,杭州光云科技股份有限公司,20200429,信息传输、软件和信息技术服务业,2,上交所接口所列A股/科创板及指定状态,https://query.sse.com.cn/commonQuery.do?sqlId=COMMON_SSE_CP_GPJCTPZ_GPLB_GP_L,2026-08-06
上海证券交易所,688366,昊海生科,上海昊海生物科技股份有限公司,20191030,制造业,2,上交所接口所列A股/科创板及指定状态,https://query.sse.com.cn/commonQuery.do?sqlId=COMMON_SSE_CP_GPJCTPZ_GPLB_GP_L,2026-08-06
上海证券交易所,688367,工大高科,合肥工大高科信息科技股份有限公司,20210628,制造业,2,上交所接口所列A股/科创板及指定状态,https://query.sse.com.cn/commonQuery.do?sqlId=COMMON_SSE_CP_GPJCTPZ_GPLB_GP_L,2026-08-06
上海证券交易所,688368,晶丰明源,上海晶丰明源半导体股份有限公司,20191014,信息传输、软件和信息技术服务业,2,上交所接口所列A股/科创板及指定状态,https://query.sse.com.cn/commonQuery.do?sqlId=COMMON_SSE_CP_GPJCTPZ_GPLB_GP_L,2026-08-06
上海证券交易所,688369,致远互联,北京致远互联软件股份有限公司,20191031,信息传输、软件和信息技术服务业,2,上交所接口所列A股/科创板及指定状态,https://query.sse.com.cn/commonQuery.do?sqlId=COMMON_SSE_CP_GPJCTPZ_GPLB_GP_L,2026-08-06
上海证券交易所,688370,丛麟科技,上海丛麟环保科技股份有限公司,20220825,水利、环境和公共设施管理业,2,上交所接口所列A股/科创板及指定状态,https://query.sse.com.cn/commonQuery.do?sqlId=COMMON_SSE_CP_GPJCTPZ_GPLB_GP_L,2026-08-06
上海证券交易所,688371,菲沃泰,江苏菲沃泰纳米科技股份有限公司,20220802,制造业,2,上交所接口所列A股/科创板及指定状态,https://query.sse.com.cn/commonQuery.do?sqlId=COMMON_SSE_CP_GPJCTPZ_GPLB_GP_L,2026-08-06
上海证券交易所,688372,伟测科技,上海伟测半导体科技股份有限公司,20221026,科学研究和技术服务业,2,上交所接口所列A股/科创板及指定状态,https://query.sse.com.cn/commonQuery.do?sqlId=COMMON_SSE_CP_GPJCTPZ_GPLB_GP_L,2026-08-06
上海证券交易所,688373,盟科药业,上海盟科药业股份有限公司,20220805,制造业,2,上交所接口所列A股/科创板及指定状态,https://query.sse.com.cn/commonQuery.do?sqlId=COMMON_SSE_CP_GPJCTPZ_GPLB_GP_L,2026-08-06
上海证券交易所,688375,国博电子,南京国博电子股份有限公司,20220722,制造业,2,上交所接口所列A股/科创板及指定状态,https://query.sse.com.cn/commonQuery.do?sqlId=COMMON_SSE_CP_GPJCTPZ_GPLB_GP_L,2026-08-06
上海证券交易所,688376,美埃科技,美埃(中国)环境科技股份有限公司,20221118,制造业,2,上交所接口所列A股/科创板及指定状态,https://query.sse.com.cn/commonQuery.do?sqlId=COMMON_SSE_CP_GPJCTPZ_GPLB_GP_L,2026-08-06
上海证券交易所,688377,迪威尔,南京迪威尔高端制造股份有限公司,20200708,制造业,2,上交所接口所列A股/科创板及指定状态,https://query.sse.com.cn/commonQuery.do?sqlId=COMMON_SSE_CP_GPJCTPZ_GPLB_GP_L,2026-08-06
上海证券交易所,688378,奥来德,吉林奥来德光电材料股份有限公司,20200903,制造业,2,上交所接口所列A股/科创板及指定状态,https://query.sse.com.cn/commonQuery.do?sqlId=COMMON_SSE_CP_GPJCTPZ_GPLB_GP_L,2026-08-06
上海证券交易所,688379,华光新材,杭州华光焊接新材料股份有限公司,20200819,制造业,2,上交所接口所列A股/科创板及指定状态,https://query.sse.com.cn/commonQuery.do?sqlId=COMMON_SSE_CP_GPJCTPZ_GPLB_GP_L,2026-08-06
上海证券交易所,688380,中微半导,中微半导体(深圳)股份有限公司,20220805,制造业,2,上交所接口所列A股/科创板及指定状态,https://query.sse.com.cn/commonQuery.do?sqlId=COMMON_SSE_CP_GPJCTPZ_GPLB_GP_L,2026-08-06
上海证券交易所,688381,帝奥微,江苏帝奥微电子股份有限公司,20220823,制造业,2,上交所接口所列A股/科创板及指定状态,https://query.sse.com.cn/commonQuery.do?sqlId=COMMON_SSE_CP_GPJCTPZ_GPLB_GP_L,2026-08-06
上海证券交易所,688382,益方生物,益方生物科技(上海)股份有限公司,20220725,制造业,2,上交所接口所列A股/科创板及指定状态,https://query.sse.com.cn/commonQuery.do?sqlId=COMMON_SSE_CP_GPJCTPZ_GPLB_GP_L,2026-08-06
上海证券交易所,688383,新益昌,深圳新益昌科技股份有限公司,20210428,制造业,2,上交所接口所列A股/科创板及指定状态,https://query.sse.com.cn/commonQuery.do?sqlId=COMMON_SSE_CP_GPJCTPZ_GPLB_GP_L,2026-08-06
上海证券交易所,688385,复旦微电,上海复旦微电子集团股份有限公司,20210804,制造业,2,上交所接口所列A股/科创板及指定状态,https://query.sse.com.cn/commonQuery.do?sqlId=COMMON_SSE_CP_GPJCTPZ_GPLB_GP_L,2026-08-06
上海证券交易所,688386,泛亚微透,江苏泛亚微透科技股份有限公司,20201016,制造业,2,上交所接口所列A股/科创板及指定状态,https://query.sse.com.cn/commonQuery.do?sqlId=COMMON_SSE_CP_GPJCTPZ_GPLB_GP_L,2026-08-06
上海证券交易所,688387,信科移动,中信科移动通信技术股份有限公司,20220926,制造业,2,上交所接口所列A股/科创板及指定状态,https://query.sse.com.cn/commonQuery.do?sqlId=COMMON_SSE_CP_GPJCTPZ_GPLB_GP_L,2026-08-06
上海证券交易所,688388,嘉元科技,广东嘉元科技股份有限公司,20190722,制造业,2,上交所接口所列A股/科创板及指定状态,https://query.sse.com.cn/commonQuery.do?sqlId=COMMON_SSE_CP_GPJCTPZ_GPLB_GP_L,2026-08-06
上海证券交易所,688389,普门科技,深圳普门科技股份有限公司,20191105,制造业,2,上交所接口所列A股/科创板及指定状态,https://query.sse.com.cn/commonQuery.do?sqlId=COMMON_SSE_CP_GPJCTPZ_GPLB_GP_L,2026-08-06
上海证券交易所,688390,固德威,固德威技术股份有限公司,20200904,制造业,2,上交所接口所列A股/科创板及指定状态,https://query.sse.com.cn/commonQuery.do?sqlId=COMMON_SSE_CP_GPJCTPZ_GPLB_GP_L,2026-08-06
上海证券交易所,688391,钜泉科技,钜泉光电科技(上海)股份有限公司,20220913,信息传输、软件和信息技术服务业,2,上交所接口所列A股/科创板及指定状态,https://query.sse.com.cn/commonQuery.do?sqlId=COMMON_SSE_CP_GPJCTPZ_GPLB_GP_L,2026-08-06
上海证券交易所,688392,骄成超声,上海骄成超声波技术股份有限公司,20220927,制造业,2,上交所接口所列A股/科创板及指定状态,https://query.sse.com.cn/commonQuery.do?sqlId=COMMON_SSE_CP_GPJCTPZ_GPLB_GP_L,2026-08-06
上海证券交易所,688393,安必平,广州安必平医药科技股份有限公司,20200820,制造业,2,上交所接口所列A股/科创板及指定状态,https://query.sse.com.cn/commonQuery.do?sqlId=COMMON_SSE_CP_GPJCTPZ_GPLB_GP_L,2026-08-06
上海证券交易所,688395,正弦电气,深圳市正弦电气股份有限公司,20210429,制造业,2,上交所接口所列A股/科创板及指定状态,https://query.sse.com.cn/commonQuery.do?sqlId=COMMON_SSE_CP_GPJCTPZ_GPLB_GP_L,2026-08-06
上海证券交易所,688396,华润微,华润微电子有限公司,20200227,制造业,2,上交所接口所列A股/科创板及指定状态,https://query.sse.com.cn/commonQuery.do?sqlId=COMMON_SSE_CP_GPJCTPZ_GPLB_GP_L,2026-08-06
上海证券交易所,688398,赛特新材,福建赛特新材股份有限公司,20200211,制造业,2,上交所接口所列A股/科创板及指定状态,https://query.sse.com.cn/commonQuery.do?sqlId=COMMON_SSE_CP_GPJCTPZ_GPLB_GP_L,2026-08-06
上海证券交易所,688399,硕世生物,江苏硕世生物科技股份有限公司,20191205,制造业,2,上交所接口所列A股/科创板及指定状态,https://query.sse.com.cn/commonQuery.do?sqlId=COMMON_SSE_CP_GPJCTPZ_GPLB_GP_L,2026-08-06
上海证券交易所,688400,凌云光,凌云光技术股份有限公司,20220706,制造业,2,上交所接口所列A股/科创板及指定状态,https://query.sse.com.cn/commonQuery.do?sqlId=COMMON_SSE_CP_GPJCTPZ_GPLB_GP_L,2026-08-06
上海证券交易所,688401,路维光电,深圳市路维光电股份有限公司,20220817,制造业,2,上交所接口所列A股/科创板及指定状态,https://query.sse.com.cn/commonQuery.do?sqlId=COMMON_SSE_CP_GPJCTPZ_GPLB_GP_L,2026-08-06
上海证券交易所,688403,汇成股份,合肥新汇成微电子股份有限公司,20220818,制造业,2,上交所接口所列A股/科创板及指定状态,https://query.sse.com.cn/commonQuery.do?sqlId=COMMON_SSE_CP_GPJCTPZ_GPLB_GP_L,2026-08-06
上海证券交易所,688408,中信博,江苏中信博新能源科技股份有限公司,20200828,制造业,2,上交所接口所列A股/科创板及指定状态,https://query.sse.com.cn/commonQuery.do?sqlId=COMMON_SSE_CP_GPJCTPZ_GPLB_GP_L,2026-08-06
上海证券交易所,688409,富创精密,沈阳富创精密设备股份有限公司,20221010,制造业,2,上交所接口所列A股/科创板及指定状态,https://query.sse.com.cn/commonQuery.do?sqlId=COMMON_SSE_CP_GPJCTPZ_GPLB_GP_L,2026-08-06
上海证券交易所,688410,山外山,重庆山外山血液净化技术股份有限公司,20221226,制造业,2,上交所接口所列A股/科创板及指定状态,https://query.sse.com.cn/commonQuery.do?sqlId=COMMON_SSE_CP_GPJCTPZ_GPLB_GP_L,2026-08-06
上海证券交易所,688411,海博思创,北京海博思创科技股份有限公司,20250127,制造业,2,上交所接口所列A股/科创板及指定状态,https://query.sse.com.cn/commonQuery.do?sqlId=COMMON_SSE_CP_GPJCTPZ_GPLB_GP_L,2026-08-06
上海证券交易所,688416,恒烁股份,恒烁半导体(合肥)股份有限公司,20220829,制造业,2,上交所接口所列A股/科创板及指定状态,https://query.sse.com.cn/commonQuery.do?sqlId=COMMON_SSE_CP_GPJCTPZ_GPLB_GP_L,2026-08-06
上海证券交易所,688418,震有科技,深圳震有科技股份有限公司,20200722,制造业,2,上交所接口所列A股/科创板及指定状态,https://query.sse.com.cn/commonQuery.do?sqlId=COMMON_SSE_CP_GPJCTPZ_GPLB_GP_L,2026-08-06
上海证券交易所,688419,耐科装备,安徽耐科装备科技股份有限公司,20221107,制造业,2,上交所接口所列A股/科创板及指定状态,https://query.sse.com.cn/commonQuery.do?sqlId=COMMON_SSE_CP_GPJCTPZ_GPLB_GP_L,2026-08-06
上海证券交易所,688420,美腾科技,天津美腾科技股份有限公司,20221209,制造业,2,上交所接口所列A股/科创板及指定状态,https://query.sse.com.cn/commonQuery.do?sqlId=COMMON_SSE_CP_GPJCTPZ_GPLB_GP_L,2026-08-06
上海证券交易所,688425,铁建重工,中国铁建重工集团股份有限公司,20210622,制造业,2,上交所接口所列A股/科创板及指定状态,https://query.sse.com.cn/commonQuery.do?sqlId=COMMON_SSE_CP_GPJCTPZ_GPLB_GP_L,2026-08-06
上海证券交易所,688426,康为世纪,江苏康为世纪生物科技股份有限公司,20221025,制造业,2,上交所接口所列A股/科创板及指定状态,https://query.sse.com.cn/commonQuery.do?sqlId=COMMON_SSE_CP_GPJCTPZ_GPLB_GP_L,2026-08-06
上海证券交易所,688428,诺诚健华,诺诚健华医药有限公司,20220921,制造业,2,上交所接口所列A股/科创板及指定状态,https://query.sse.com.cn/commonQuery.do?sqlId=COMMON_SSE_CP_GPJCTPZ_GPLB_GP_L,2026-08-06
上海证券交易所,688429,时创能源,常州时创能源股份有限公司,20230629,制造业,2,上交所接口所列A股/科创板及指定状态,https://query.sse.com.cn/commonQuery.do?sqlId=COMMON_SSE_CP_GPJCTPZ_GPLB_GP_L,2026-08-06
上海证券交易所,688432,有研硅,有研半导体硅材料股份公司,20221110,制造业,2,上交所接口所列A股/科创板及指定状态,https://query.sse.com.cn/commonQuery.do?sqlId=COMMON_SSE_CP_GPJCTPZ_GPLB_GP_L,2026-08-06
上海证券交易所,688433,华曙高科,湖南华曙高科技股份有限公司,20230417,制造业,2,上交所接口所列A股/科创板及指定状态,https://query.sse.com.cn/commonQuery.do?sqlId=COMMON_SSE_CP_GPJCTPZ_GPLB_GP_L,2026-08-06
上海证券交易所,688435,英方软件,上海英方软件股份有限公司,20230119,信息传输、软件和信息技术服务业,2,上交所接口所列A股/科创板及指定状态,https://query.sse.com.cn/commonQuery.do?sqlId=COMMON_SSE_CP_GPJCTPZ_GPLB_GP_L,2026-08-06
上海证券交易所,688439,振华风光,贵州振华风光半导体股份有限公司,20220826,制造业,2,上交所接口所列A股/科创板及指定状态,https://query.sse.com.cn/commonQuery.do?sqlId=COMMON_SSE_CP_GPJCTPZ_GPLB_GP_L,2026-08-06
上海证券交易所,688443,智翔金泰,重庆智翔金泰生物制药股份有限公司,20230620,制造业,2,上交所接口所列A股/科创板及指定状态,https://query.sse.com.cn/commonQuery.do?sqlId=COMMON_SSE_CP_GPJCTPZ_GPLB_GP_L,2026-08-06
上海证券交易所,688448,磁谷科技,南京磁谷科技股份有限公司,20220921,制造业,2,上交所接口所列A股/科创板及指定状态,https://query.sse.com.cn/commonQuery.do?sqlId=COMMON_SSE_CP_GPJCTPZ_GPLB_GP_L,2026-08-06
上海证券交易所,688449,联芸科技,联芸科技(杭州)股份有限公司,20241129,信息传输、软件和信息技术服务业,2,上交所接口所列A股/科创板及指定状态,https://query.sse.com.cn/commonQuery.do?sqlId=COMMON_SSE_CP_GPJCTPZ_GPLB_GP_L,2026-08-06
上海证券交易所,688450,光格科技,苏州光格科技股份有限公司,20230724,制造业,2,上交所接口所列A股/科创板及指定状态,https://query.sse.com.cn/commonQuery.do?sqlId=COMMON_SSE_CP_GPJCTPZ_GPLB_GP_L,2026-08-06
上海证券交易所,688455,科捷智能,科捷智能科技股份有限公司,20220915,制造业,2,上交所接口所列A股/科创板及指定状态,https://query.sse.com.cn/commonQuery.do?sqlId=COMMON_SSE_CP_GPJCTPZ_GPLB_GP_L,2026-08-06
上海证券交易所,688456,有研粉材,有研粉末新材料股份有限公司,20210317,制造业,2,上交所接口所列A股/科创板及指定状态,https://query.sse.com.cn/commonQuery.do?sqlId=COMMON_SSE_CP_GPJCTPZ_GPLB_GP_L,2026-08-06
上海证券交易所,688458,美芯晟,美芯晟科技(北京)股份有限公司,20230522,制造业,2,上交所接口所列A股/科创板及指定状态,https://query.sse.com.cn/commonQuery.do?sqlId=COMMON_SSE_CP_GPJCTPZ_GPLB_GP_L,2026-08-06
上海证券交易所,688459,哈铁科技,哈尔滨国铁科技集团股份有限公司,20221012,制造业,2,上交所接口所列A股/科创板及指定状态,https://query.sse.com.cn/commonQuery.do?sqlId=COMMON_SSE_CP_GPJCTPZ_GPLB_GP_L,2026-08-06
上海证券交易所,688466,金科环境,金科环境股份有限公司,20200508,水利、环境和公共设施管理业,2,上交所接口所列A股/科创板及指定状态,https://query.sse.com.cn/commonQuery.do?sqlId=COMMON_SSE_CP_GPJCTPZ_GPLB_GP_L,2026-08-06
上海证券交易所,688468,科美诊断,科美诊断技术股份有限公司,20210409,制造业,2,上交所接口所列A股/科创板及指定状态,https://query.sse.com.cn/commonQuery.do?sqlId=COMMON_SSE_CP_GPJCTPZ_GPLB_GP_L,2026-08-06
上海证券交易所,688469,芯联集成,芯联集成电路制造股份有限公司,20230510,制造业,2,上交所接口所列A股/科创板及指定状态,https://query.sse.com.cn/commonQuery.do?sqlId=COMMON_SSE_CP_GPJCTPZ_GPLB_GP_L,2026-08-06
上海证券交易所,688472,阿特斯,阿特斯阳光电力集团股份有限公司,20230609,制造业,2,上交所接口所列A股/科创板及指定状态,https://query.sse.com.cn/commonQuery.do?sqlId=COMMON_SSE_CP_GPJCTPZ_GPLB_GP_L,2026-08-06
上海证券交易所,688475,萤石网络,杭州萤石网络股份有限公司,20221228,制造业,2,上交所接口所列A股/科创板及指定状态,https://query.sse.com.cn/commonQuery.do?sqlId=COMMON_SSE_CP_GPJCTPZ_GPLB_GP_L,2026-08-06
上海证券交易所,688478,晶升股份,南京晶升装备股份有限公司,20230424,制造业,2,上交所接口所列A股/科创板及指定状态,https://query.sse.com.cn/commonQuery.do?sqlId=COMMON_SSE_CP_GPJCTPZ_GPLB_GP_L,2026-08-06
上海证券交易所,688479,友车科技,用友汽车信息科技(上海)股份有限公司,20230511,信息传输、软件和信息技术服务业,2,上交所接口所列A股/科创板及指定状态,https://query.sse.com.cn/commonQuery.do?sqlId=COMMON_SSE_CP_GPJCTPZ_GPLB_GP_L,2026-08-06
上海证券交易所,688480,赛恩斯,赛恩斯环保股份有限公司,20221125,水利、环境和公共设施管理业,2,上交所接口所列A股/科创板及指定状态,https://query.sse.com.cn/commonQuery.do?sqlId=COMMON_SSE_CP_GPJCTPZ_GPLB_GP_L,2026-08-06
上海证券交易所,688484,南芯科技,上海南芯半导体科技股份有限公司,20230407,信息传输、软件和信息技术服务业,2,上交所接口所列A股/科创板及指定状态,https://query.sse.com.cn/commonQuery.do?sqlId=COMMON_SSE_CP_GPJCTPZ_GPLB_GP_L,2026-08-06
上海证券交易所,688485,九州一轨,北京九州一轨环境科技股份有限公司,20230118,水利、环境和公共设施管理业,2,上交所接口所列A股/科创板及指定状态,https://query.sse.com.cn/commonQuery.do?sqlId=COMMON_SSE_CP_GPJCTPZ_GPLB_GP_L,2026-08-06
上海证券交易所,688486,龙迅股份,龙迅半导体(合肥)股份有限公司,20230221,信息传输、软件和信息技术服务业,2,上交所接口所列A股/科创板及指定状态,https://query.sse.com.cn/commonQuery.do?sqlId=COMMON_SSE_CP_GPJCTPZ_GPLB_GP_L,2026-08-06
上海证券交易所,688488,艾迪药业,江苏艾迪药业集团股份有限公司,20200720,制造业,2,上交所接口所列A股/科创板及指定状态,https://query.sse.com.cn/commonQuery.do?sqlId=COMMON_SSE_CP_GPJCTPZ_GPLB_GP_L,2026-08-06
上海证券交易所,688489,三未信安,三未信安科技股份有限公司,20221202,制造业,2,上交所接口所列A股/科创板及指定状态,https://query.sse.com.cn/commonQuery.do?sqlId=COMMON_SSE_CP_GPJCTPZ_GPLB_GP_L,2026-08-06
上海证券交易所,688496,*ST清越,苏州清越光电科技股份有限公司,20221228,制造业,7,上交所接口所列A股/科创板及指定状态,https://query.sse.com.cn/commonQuery.do?sqlId=COMMON_SSE_CP_GPJCTPZ_GPLB_GP_L,2026-08-06
上海证券交易所,688498,源杰科技,陕西源杰半导体科技股份有限公司,20221221,制造业,2,上交所接口所列A股/科创板及指定状态,https://query.sse.com.cn/commonQuery.do?sqlId=COMMON_SSE_CP_GPJCTPZ_GPLB_GP_L,2026-08-06
上海证券交易所,688499,利元亨,广东利元亨智能装备股份有限公司,20210701,制造业,2,上交所接口所列A股/科创板及指定状态,https://query.sse.com.cn/commonQuery.do?sqlId=COMMON_SSE_CP_GPJCTPZ_GPLB_GP_L,2026-08-06
上海证券交易所,688500,慧辰股份,北京慧辰资道资讯股份有限公司,20200716,信息传输、软件和信息技术服务业,2,上交所接口所列A股/科创板及指定状态,https://query.sse.com.cn/commonQuery.do?sqlId=COMMON_SSE_CP_GPJCTPZ_GPLB_GP_L,2026-08-06
上海证券交易所,688501,青达环保,青岛达能环保设备股份有限公司,20210716,制造业,2,上交所接口所列A股/科创板及指定状态,https://query.sse.com.cn/commonQuery.do?sqlId=COMMON_SSE_CP_GPJCTPZ_GPLB_GP_L,2026-08-06
上海证券交易所,688502,茂莱光学,南京茂莱光学科技股份有限公司,20230309,制造业,2,上交所接口所列A股/科创板及指定状态,https://query.sse.com.cn/commonQuery.do?sqlId=COMMON_SSE_CP_GPJCTPZ_GPLB_GP_L,2026-08-06
上海证券交易所,688503,聚和材料,常州聚和新材料股份有限公司,20221209,制造业,2,上交所接口所列A股/科创板及指定状态,https://query.sse.com.cn/commonQuery.do?sqlId=COMMON_SSE_CP_GPJCTPZ_GPLB_GP_L,2026-08-06
上海证券交易所,688505,复旦张江,上海复旦张江生物医药股份有限公司,20200619,制造业,2,上交所接口所列A股/科创板及指定状态,https://query.sse.com.cn/commonQuery.do?sqlId=COMMON_SSE_CP_GPJCTPZ_GPLB_GP_L,2026-08-06
上海证券交易所,688506,百利天恒,四川百利天恒药业股份有限公司,20230106,制造业,2,上交所接口所列A股/科创板及指定状态,https://query.sse.com.cn/commonQuery.do?sqlId=COMMON_SSE_CP_GPJCTPZ_GPLB_GP_L,2026-08-06
上海证券交易所,688507,索辰科技,上海索辰信息科技股份有限公司,20230418,信息传输、软件和信息技术服务业,2,上交所接口所列A股/科创板及指定状态,https://query.sse.com.cn/commonQuery.do?sqlId=COMMON_SSE_CP_GPJCTPZ_GPLB_GP_L,2026-08-06
上海证券交易所,688508,芯朋微,无锡芯朋微电子股份有限公司,20200722,信息传输、软件和信息技术服务业,2,上交所接口所列A股/科创板及指定状态,https://query.sse.com.cn/commonQuery.do?sqlId=COMMON_SSE_CP_GPJCTPZ_GPLB_GP_L,2026-08-06
上海证券交易所,688509,正元地信,正元地理信息集团股份有限公司,20210730,科学研究和技术服务业,2,上交所接口所列A股/科创板及指定状态,https://query.sse.com.cn/commonQuery.do?sqlId=COMMON_SSE_CP_GPJCTPZ_GPLB_GP_L,2026-08-06
上海证券交易所,688510,航亚科技,无锡航亚科技股份有限公司,20201216,制造业,2,上交所接口所列A股/科创板及指定状态,https://query.sse.com.cn/commonQuery.do?sqlId=COMMON_SSE_CP_GPJCTPZ_GPLB_GP_L,2026-08-06
上海证券交易所,688511,天微电子,四川天微电子股份有限公司,20210730,制造业,2,上交所接口所列A股/科创板及指定状态,https://query.sse.com.cn/commonQuery.do?sqlId=COMMON_SSE_CP_GPJCTPZ_GPLB_GP_L,2026-08-06
上海证券交易所,688512,慧智微,广州慧智微电子股份有限公司,20230516,制造业,2,上交所接口所列A股/科创板及指定状态,https://query.sse.com.cn/commonQuery.do?sqlId=COMMON_SSE_CP_GPJCTPZ_GPLB_GP_L,2026-08-06
上海证券交易所,688513,苑东生物,成都苑东生物制药股份有限公司,20200902,制造业,2,上交所接口所列A股/科创板及指定状态,https://query.sse.com.cn/commonQuery.do?sqlId=COMMON_SSE_CP_GPJCTPZ_GPLB_GP_L,2026-08-06
上海证券交易所,688515,裕太微,裕太微电子股份有限公司,20230210,信息传输、软件和信息技术服务业,2,上交所接口所列A股/科创板及指定状态,https://query.sse.com.cn/commonQuery.do?sqlId=COMMON_SSE_CP_GPJCTPZ_GPLB_GP_L,2026-08-06
上海证券交易所,688516,奥特维,无锡奥特维科技股份有限公司,20200521,制造业,2,上交所接口所列A股/科创板及指定状态,https://query.sse.com.cn/commonQuery.do?sqlId=COMMON_SSE_CP_GPJCTPZ_GPLB_GP_L,2026-08-06
上海证券交易所,688517,金冠电气,金冠电气股份有限公司,20210618,制造业,2,上交所接口所列A股/科创板及指定状态,https://query.sse.com.cn/commonQuery.do?sqlId=COMMON_SSE_CP_GPJCTPZ_GPLB_GP_L,2026-08-06
上海证券交易所,688518,联赢激光,深圳市联赢激光股份有限公司,20200622,制造业,2,上交所接口所列A股/科创板及指定状态,https://query.sse.com.cn/commonQuery.do?sqlId=COMMON_SSE_CP_GPJCTPZ_GPLB_GP_L,2026-08-06
上海证券交易所,688519,南亚新材,南亚新材料科技股份有限公司,20200818,制造业,2,上交所接口所列A股/科创板及指定状态,https://query.sse.com.cn/commonQuery.do?sqlId=COMMON_SSE_CP_GPJCTPZ_GPLB_GP_L,2026-08-06
上海证券交易所,688520,神州细胞,北京神州细胞生物技术集团股份公司,20200622,制造业,2,上交所接口所列A股/科创板及指定状态,https://query.sse.com.cn/commonQuery.do?sqlId=COMMON_SSE_CP_GPJCTPZ_GPLB_GP_L,2026-08-06
上海证券交易所,688521,芯原股份,芯原微电子(上海)股份有限公司,20200818,信息传输、软件和信息技术服务业,2,上交所接口所列A股/科创板及指定状态,https://query.sse.com.cn/commonQuery.do?sqlId=COMMON_SSE_CP_GPJCTPZ_GPLB_GP_L,2026-08-06
上海证券交易所,688522,纳睿雷达,广东纳睿雷达科技股份有限公司,20230301,制造业,2,上交所接口所列A股/科创板及指定状态,https://query.sse.com.cn/commonQuery.do?sqlId=COMMON_SSE_CP_GPJCTPZ_GPLB_GP_L,2026-08-06
上海证券交易所,688523,航天环宇,湖南航天环宇通信科技股份有限公司,20230602,制造业,2,上交所接口所列A股/科创板及指定状态,https://query.sse.com.cn/commonQuery.do?sqlId=COMMON_SSE_CP_GPJCTPZ_GPLB_GP_L,2026-08-06
上海证券交易所,688525,佰维存储,深圳佰维存储科技股份有限公司,20221230,制造业,2,上交所接口所列A股/科创板及指定状态,https://query.sse.com.cn/commonQuery.do?sqlId=COMMON_SSE_CP_GPJCTPZ_GPLB_GP_L,2026-08-06
上海证券交易所,688526,科前生物,武汉科前生物股份有限公司,20200922,制造业,2,上交所接口所列A股/科创板及指定状态,https://query.sse.com.cn/commonQuery.do?sqlId=COMMON_SSE_CP_GPJCTPZ_GPLB_GP_L,2026-08-06
上海证券交易所,688528,秦川物联,成都秦川物联网科技股份有限公司,20200701,制造业,2,上交所接口所列A股/科创板及指定状态,https://query.sse.com.cn/commonQuery.do?sqlId=COMMON_SSE_CP_GPJCTPZ_GPLB_GP_L,2026-08-06
上海证券交易所,688529,豪森智能,大连豪森智能制造股份有限公司,20201109,制造业,2,上交所接口所列A股/科创板及指定状态,https://query.sse.com.cn/commonQuery.do?sqlId=COMMON_SSE_CP_GPJCTPZ_GPLB_GP_L,2026-08-06
上海证券交易所,688530,欧莱新材,广东欧莱高新材料股份有限公司,20240509,制造业,2,上交所接口所列A股/科创板及指定状态,https://query.sse.com.cn/commonQuery.do?sqlId=COMMON_SSE_CP_GPJCTPZ_GPLB_GP_L,2026-08-06
上海证券交易所,688531,日联科技,日联科技集团股份有限公司,20230331,制造业,2,上交所接口所列A股/科创板及指定状态,https://query.sse.com.cn/commonQuery.do?sqlId=COMMON_SSE_CP_GPJCTPZ_GPLB_GP_L,2026-08-06
上海证券交易所,688533,上声电子,苏州上声电子股份有限公司,20210419,制造业,2,上交所接口所列A股/科创板及指定状态,https://query.sse.com.cn/commonQuery.do?sqlId=COMMON_SSE_CP_GPJCTPZ_GPLB_GP_L,2026-08-06
上海证券交易所,688535,华海诚科,江苏华海诚科新材料股份有限公司,20230404,制造业,2,上交所接口所列A股/科创板及指定状态,https://query.sse.com.cn/commonQuery.do?sqlId=COMMON_SSE_CP_GPJCTPZ_GPLB_GP_L,2026-08-06
上海证券交易所,688536,思瑞浦,思瑞浦微电子科技(苏州)股份有限公司,20200921,信息传输、软件和信息技术服务业,2,上交所接口所列A股/科创板及指定状态,https://query.sse.com.cn/commonQuery.do?sqlId=COMMON_SSE_CP_GPJCTPZ_GPLB_GP_L,2026-08-06
上海证券交易所,688538,和辉光电,上海和辉光电股份有限公司,20210528,制造业,2,上交所接口所列A股/科创板及指定状态,https://query.sse.com.cn/commonQuery.do?sqlId=COMMON_SSE_CP_GPJCTPZ_GPLB_GP_L,2026-08-06
上海证券交易所,688539,高华科技,南京高华科技股份有限公司,20230418,制造业,2,上交所接口所列A股/科创板及指定状态,https://query.sse.com.cn/commonQuery.do?sqlId=COMMON_SSE_CP_GPJCTPZ_GPLB_GP_L,2026-08-06
上海证券交易所,688543,国科军工,江西国科军工集团股份有限公司,20230621,制造业,2,上交所接口所列A股/科创板及指定状态,https://query.sse.com.cn/commonQuery.do?sqlId=COMMON_SSE_CP_GPJCTPZ_GPLB_GP_L,2026-08-06
上海证券交易所,688545,兴福电子,湖北兴福电子材料股份有限公司,20250122,制造业,2,上交所接口所列A股/科创板及指定状态,https://query.sse.com.cn/commonQuery.do?sqlId=COMMON_SSE_CP_GPJCTPZ_GPLB_GP_L,2026-08-06
上海证券交易所,688548,广钢气体,广州广钢气体能源股份有限公司,20230815,制造业,2,上交所接口所列A股/科创板及指定状态,https://query.sse.com.cn/commonQuery.do?sqlId=COMMON_SSE_CP_GPJCTPZ_GPLB_GP_L,2026-08-06
上海证券交易所,688549,中巨芯,中巨芯科技股份有限公司,20230908,制造业,2,上交所接口所列A股/科创板及指定状态,https://query.sse.com.cn/commonQuery.do?sqlId=COMMON_SSE_CP_GPJCTPZ_GPLB_GP_L,2026-08-06
上海证券交易所,688550,瑞联新材,西安瑞联新材料股份有限公司,20200902,制造业,2,上交所接口所列A股/科创板及指定状态,https://query.sse.com.cn/commonQuery.do?sqlId=COMMON_SSE_CP_GPJCTPZ_GPLB_GP_L,2026-08-06
上海证券交易所,688551,科威尔,科威尔技术股份有限公司,20200910,制造业,2,上交所接口所列A股/科创板及指定状态,https://query.sse.com.cn/commonQuery.do?sqlId=COMMON_SSE_CP_GPJCTPZ_GPLB_GP_L,2026-08-06
上海证券交易所,688552,航天南湖,航天南湖电子信息技术股份有限公司,20230518,制造业,2,上交所接口所列A股/科创板及指定状态,https://query.sse.com.cn/commonQuery.do?sqlId=COMMON_SSE_CP_GPJCTPZ_GPLB_GP_L,2026-08-06
上海证券交易所,688553,汇宇制药,四川汇宇制药股份有限公司,20211026,制造业,2,上交所接口所列A股/科创板及指定状态,https://query.sse.com.cn/commonQuery.do?sqlId=COMMON_SSE_CP_GPJCTPZ_GPLB_GP_L,2026-08-06
上海证券交易所,688556,高测股份,青岛高测科技股份有限公司,20200807,制造业,2,上交所接口所列A股/科创板及指定状态,https://query.sse.com.cn/commonQuery.do?sqlId=COMMON_SSE_CP_GPJCTPZ_GPLB_GP_L,2026-08-06
上海证券交易所,688557,兰剑智能,兰剑智能科技股份有限公司,20201202,制造业,2,上交所接口所列A股/科创板及指定状态,https://query.sse.com.cn/commonQuery.do?sqlId=COMMON_SSE_CP_GPJCTPZ_GPLB_GP_L,2026-08-06
上海证券交易所,688558,国盛智科,南通国盛智能科技集团股份有限公司,20200630,制造业,2,上交所接口所列A股/科创板及指定状态,https://query.sse.com.cn/commonQuery.do?sqlId=COMMON_SSE_CP_GPJCTPZ_GPLB_GP_L,2026-08-06
上海证券交易所,688559,海目星,海目星激光科技集团股份有限公司,20200909,制造业,2,上交所接口所列A股/科创板及指定状态,https://query.sse.com.cn/commonQuery.do?sqlId=COMMON_SSE_CP_GPJCTPZ_GPLB_GP_L,2026-08-06
上海证券交易所,688560,明冠新材,明冠新材料股份有限公司,20201224,制造业,2,上交所接口所列A股/科创板及指定状态,https://query.sse.com.cn/commonQuery.do?sqlId=COMMON_SSE_CP_GPJCTPZ_GPLB_GP_L,2026-08-06
上海证券交易所,688561,奇安信,奇安信科技集团股份有限公司,20200722,信息传输、软件和信息技术服务业,2,上交所接口所列A股/科创板及指定状态,https://query.sse.com.cn/commonQuery.do?sqlId=COMMON_SSE_CP_GPJCTPZ_GPLB_GP_L,2026-08-06
上海证券交易所,688562,航天软件,北京神舟航天软件技术股份有限公司,20230524,信息传输、软件和信息技术服务业,2,上交所接口所列A股/科创板及指定状态,https://query.sse.com.cn/commonQuery.do?sqlId=COMMON_SSE_CP_GPJCTPZ_GPLB_GP_L,2026-08-06
上海证券交易所,688563,航材股份,北京航空材料研究院股份有限公司,20230719,制造业,2,上交所接口所列A股/科创板及指定状态,https://query.sse.com.cn/commonQuery.do?sqlId=COMMON_SSE_CP_GPJCTPZ_GPLB_GP_L,2026-08-06
上海证券交易所,688565,力源科技,浙江海盐力源环保科技股份有限公司,20210513,制造业,2,上交所接口所列A股/科创板及指定状态,https://query.sse.com.cn/commonQuery.do?sqlId=COMMON_SSE_CP_GPJCTPZ_GPLB_GP_L,2026-08-06
上海证券交易所,688566,吉贝尔,江苏吉贝尔药业股份有限公司,20200518,制造业,2,上交所接口所列A股/科创板及指定状态,https://query.sse.com.cn/commonQuery.do?sqlId=COMMON_SSE_CP_GPJCTPZ_GPLB_GP_L,2026-08-06
上海证券交易所,688567,孚能科技,孚能科技(赣州)股份有限公司,20200717,制造业,2,上交所接口所列A股/科创板及指定状态,https://query.sse.com.cn/commonQuery.do?sqlId=COMMON_SSE_CP_GPJCTPZ_GPLB_GP_L,2026-08-06
上海证券交易所,688568,中科星图,中科星图股份有限公司,20200708,信息传输、软件和信息技术服务业,2,上交所接口所列A股/科创板及指定状态,https://query.sse.com.cn/commonQuery.do?sqlId=COMMON_SSE_CP_GPJCTPZ_GPLB_GP_L,2026-08-06
上海证券交易所,688569,铁科轨道,北京铁科首钢轨道技术股份有限公司,20200831,制造业,2,上交所接口所列A股/科创板及指定状态,https://query.sse.com.cn/commonQuery.do?sqlId=COMMON_SSE_CP_GPJCTPZ_GPLB_GP_L,2026-08-06
上海证券交易所,688570,天玛智控,北京天玛智控科技股份有限公司,20230605,制造业,2,上交所接口所列A股/科创板及指定状态,https://query.sse.com.cn/commonQuery.do?sqlId=COMMON_SSE_CP_GPJCTPZ_GPLB_GP_L,2026-08-06
上海证券交易所,688571,杭华股份,杭华油墨股份有限公司,20201211,制造业,2,上交所接口所列A股/科创板及指定状态,https://query.sse.com.cn/commonQuery.do?sqlId=COMMON_SSE_CP_GPJCTPZ_GPLB_GP_L,2026-08-06
上海证券交易所,688573,信宇人,深圳市信宇人科技股份有限公司,20230817,制造业,2,上交所接口所列A股/科创板及指定状态,https://query.sse.com.cn/commonQuery.do?sqlId=COMMON_SSE_CP_GPJCTPZ_GPLB_GP_L,2026-08-06
上海证券交易所,688575,亚辉龙,深圳市亚辉龙生物科技股份有限公司,20210517,制造业,2,上交所接口所列A股/科创板及指定状态,https://query.sse.com.cn/commonQuery.do?sqlId=COMMON_SSE_CP_GPJCTPZ_GPLB_GP_L,2026-08-06
上海证券交易所,688576,西山科技,重庆西山科技股份有限公司,20230606,制造业,2,上交所接口所列A股/科创板及指定状态,https://query.sse.com.cn/commonQuery.do?sqlId=COMMON_SSE_CP_GPJCTPZ_GPLB_GP_L,2026-08-06
上海证券交易所,688577,浙海德曼,浙江海德曼智能装备股份有限公司,20200916,制造业,2,上交所接口所列A股/科创板及指定状态,https://query.sse.com.cn/commonQuery.do?sqlId=COMMON_SSE_CP_GPJCTPZ_GPLB_GP_L,2026-08-06
上海证券交易所,688578,艾力斯,上海艾力斯医药科技股份有限公司,20201202,制造业,2,上交所接口所列A股/科创板及指定状态,https://query.sse.com.cn/commonQuery.do?sqlId=COMMON_SSE_CP_GPJCTPZ_GPLB_GP_L,2026-08-06
上海证券交易所,688579,地纬智能,地纬智能科技股份有限公司,20200717,信息传输、软件和信息技术服务业,2,上交所接口所列A股/科创板及指定状态,https://query.sse.com.cn/commonQuery.do?sqlId=COMMON_SSE_CP_GPJCTPZ_GPLB_GP_L,2026-08-06
上海证券交易所,688580,伟思医疗,南京伟思医疗科技股份有限公司,20200721,制造业,2,上交所接口所列A股/科创板及指定状态,https://query.sse.com.cn/commonQuery.do?sqlId=COMMON_SSE_CP_GPJCTPZ_GPLB_GP_L,2026-08-06
上海证券交易所,688581,安杰思,杭州安杰思医学科技股份有限公司,20230519,制造业,2,上交所接口所列A股/科创板及指定状态,https://query.sse.com.cn/commonQuery.do?sqlId=COMMON_SSE_CP_GPJCTPZ_GPLB_GP_L,2026-08-06
上海证券交易所,688582,芯动联科,安徽芯动联科微系统股份有限公司,20230630,制造业,2,上交所接口所列A股/科创板及指定状态,https://query.sse.com.cn/commonQuery.do?sqlId=COMMON_SSE_CP_GPJCTPZ_GPLB_GP_L,2026-08-06
上海证券交易所,688583,思看科技,思看科技(杭州)股份有限公司,20250115,制造业,2,上交所接口所列A股/科创板及指定状态,https://query.sse.com.cn/commonQuery.do?sqlId=COMMON_SSE_CP_GPJCTPZ_GPLB_GP_L,2026-08-06
上海证券交易所,688584,上海合晶,上海合晶硅材料股份有限公司,20240208,制造业,2,上交所接口所列A股/科创板及指定状态,https://query.sse.com.cn/commonQuery.do?sqlId=COMMON_SSE_CP_GPJCTPZ_GPLB_GP_L,2026-08-06
上海证券交易所,688585,上纬新材,上纬新材料科技股份有限公司,20200928,制造业,2,上交所接口所列A股/科创板及指定状态,https://query.sse.com.cn/commonQuery.do?sqlId=COMMON_SSE_CP_GPJCTPZ_GPLB_GP_L,2026-08-06
上海证券交易所,688586,江航装备,合肥江航飞机装备股份有限公司,20200731,制造业,2,上交所接口所列A股/科创板及指定状态,https://query.sse.com.cn/commonQuery.do?sqlId=COMMON_SSE_CP_GPJCTPZ_GPLB_GP_L,2026-08-06
上海证券交易所,688588,凌志软件,苏州工业园区凌志软件股份有限公司,20200511,信息传输、软件和信息技术服务业,2,上交所接口所列A股/科创板及指定状态,https://query.sse.com.cn/commonQuery.do?sqlId=COMMON_SSE_CP_GPJCTPZ_GPLB_GP_L,2026-08-06
上海证券交易所,688589,力合微,深圳市力合微电子股份有限公司,20200722,信息传输、软件和信息技术服务业,2,上交所接口所列A股/科创板及指定状态,https://query.sse.com.cn/commonQuery.do?sqlId=COMMON_SSE_CP_GPJCTPZ_GPLB_GP_L,2026-08-06
上海证券交易所,688590,新致软件,上海新致软件股份有限公司,20201207,信息传输、软件和信息技术服务业,2,上交所接口所列A股/科创板及指定状态,https://query.sse.com.cn/commonQuery.do?sqlId=COMMON_SSE_CP_GPJCTPZ_GPLB_GP_L,2026-08-06
上海证券交易所,688591,泰凌微,泰凌微电子(上海)股份有限公司,20230825,制造业,2,上交所接口所列A股/科创板及指定状态,https://query.sse.com.cn/commonQuery.do?sqlId=COMMON_SSE_CP_GPJCTPZ_GPLB_GP_L,2026-08-06
上海证券交易所,688592,司南导航,上海司南导航技术股份有限公司,20230816,制造业,2,上交所接口所列A股/科创板及指定状态,https://query.sse.com.cn/commonQuery.do?sqlId=COMMON_SSE_CP_GPJCTPZ_GPLB_GP_L,2026-08-06
上海证券交易所,688593,新相微,上海新相微电子股份有限公司,20230601,信息传输、软件和信息技术服务业,2,上交所接口所列A股/科创板及指定状态,https://query.sse.com.cn/commonQuery.do?sqlId=COMMON_SSE_CP_GPJCTPZ_GPLB_GP_L,2026-08-06
上海证券交易所,688595,芯海科技,芯海科技(深圳)股份有限公司,20200928,制造业,2,上交所接口所列A股/科创板及指定状态,https://query.sse.com.cn/commonQuery.do?sqlId=COMMON_SSE_CP_GPJCTPZ_GPLB_GP_L,2026-08-06
上海证券交易所,688596,正帆科技,上海正帆科技股份有限公司,20200820,制造业,2,上交所接口所列A股/科创板及指定状态,https://query.sse.com.cn/commonQuery.do?sqlId=COMMON_SSE_CP_GPJCTPZ_GPLB_GP_L,2026-08-06
上海证券交易所,688597,煜邦电力,北京煜邦电力技术股份有限公司,20210617,制造业,2,上交所接口所列A股/科创板及指定状态,https://query.sse.com.cn/commonQuery.do?sqlId=COMMON_SSE_CP_GPJCTPZ_GPLB_GP_L,2026-08-06
上海证券交易所,688598,金博股份,湖南金博碳素股份有限公司,20200518,制造业,2,上交所接口所列A股/科创板及指定状态,https://query.sse.com.cn/commonQuery.do?sqlId=COMMON_SSE_CP_GPJCTPZ_GPLB_GP_L,2026-08-06
上海证券交易所,688599,天合光能,天合光能股份有限公司,20200610,制造业,2,上交所接口所列A股/科创板及指定状态,https://query.sse.com.cn/commonQuery.do?sqlId=COMMON_SSE_CP_GPJCTPZ_GPLB_GP_L,2026-08-06
上海证券交易所,688600,皖仪科技,安徽皖仪科技股份有限公司,20200703,制造业,2,上交所接口所列A股/科创板及指定状态,https://query.sse.com.cn/commonQuery.do?sqlId=COMMON_SSE_CP_GPJCTPZ_GPLB_GP_L,2026-08-06
上海证券交易所,688601,力芯微,无锡力芯微电子股份有限公司,20210628,制造业,2,上交所接口所列A股/科创板及指定状态,https://query.sse.com.cn/commonQuery.do?sqlId=COMMON_SSE_CP_GPJCTPZ_GPLB_GP_L,2026-08-06
上海证券交易所,688602,康鹏科技,上海康鹏科技股份有限公司,20230720,制造业,2,上交所接口所列A股/科创板及指定状态,https://query.sse.com.cn/commonQuery.do?sqlId=COMMON_SSE_CP_GPJCTPZ_GPLB_GP_L,2026-08-06
上海证券交易所,688603,天承科技,上海天承科技股份有限公司,20230710,制造业,2,上交所接口所列A股/科创板及指定状态,https://query.sse.com.cn/commonQuery.do?sqlId=COMMON_SSE_CP_GPJCTPZ_GPLB_GP_L,2026-08-06
上海证券交易所,688605,先锋精科,江苏先锋精密科技股份有限公司,20241212,制造业,2,上交所接口所列A股/科创板及指定状态,https://query.sse.com.cn/commonQuery.do?sqlId=COMMON_SSE_CP_GPJCTPZ_GPLB_GP_L,2026-08-06
上海证券交易所,688606,奥泰生物,杭州奥泰生物技术股份有限公司,20210325,制造业,2,上交所接口所列A股/科创板及指定状态,https://query.sse.com.cn/commonQuery.do?sqlId=COMMON_SSE_CP_GPJCTPZ_GPLB_GP_L,2026-08-06
上海证券交易所,688607,康众医疗,江苏康众数字医疗科技股份有限公司,20210201,制造业,2,上交所接口所列A股/科创板及指定状态,https://query.sse.com.cn/commonQuery.do?sqlId=COMMON_SSE_CP_GPJCTPZ_GPLB_GP_L,2026-08-06
上海证券交易所,688608,恒玄科技,恒玄科技(上海)股份有限公司,20201216,制造业,2,上交所接口所列A股/科创板及指定状态,https://query.sse.com.cn/commonQuery.do?sqlId=COMMON_SSE_CP_GPJCTPZ_GPLB_GP_L,2026-08-06
上海证券交易所,688609,九联科技,广东九联科技股份有限公司,20210323,制造业,2,上交所接口所列A股/科创板及指定状态,https://query.sse.com.cn/commonQuery.do?sqlId=COMMON_SSE_CP_GPJCTPZ_GPLB_GP_L,2026-08-06
上海证券交易所,688610,埃科光电,合肥埃科光电科技股份有限公司,20230719,制造业,2,上交所接口所列A股/科创板及指定状态,https://query.sse.com.cn/commonQuery.do?sqlId=COMMON_SSE_CP_GPJCTPZ_GPLB_GP_L,2026-08-06
上海证券交易所,688611,杭州柯林,杭州柯林电气股份有限公司,20210412,制造业,2,上交所接口所列A股/科创板及指定状态,https://query.sse.com.cn/commonQuery.do?sqlId=COMMON_SSE_CP_GPJCTPZ_GPLB_GP_L,2026-08-06
上海证券交易所,688612,威迈斯,深圳威迈斯新能源(集团)股份有限公司,20230726,制造业,2,上交所接口所列A股/科创板及指定状态,https://query.sse.com.cn/commonQuery.do?sqlId=COMMON_SSE_CP_GPJCTPZ_GPLB_GP_L,2026-08-06
上海证券交易所,688613,奥精医疗,奥精医疗科技股份有限公司,20210521,制造业,2,上交所接口所列A股/科创板及指定状态,https://query.sse.com.cn/commonQuery.do?sqlId=COMMON_SSE_CP_GPJCTPZ_GPLB_GP_L,2026-08-06
上海证券交易所,688615,合合信息,上海合合信息科技股份有限公司,20240926,信息传输、软件和信息技术服务业,2,上交所接口所列A股/科创板及指定状态,https://query.sse.com.cn/commonQuery.do?sqlId=COMMON_SSE_CP_GPJCTPZ_GPLB_GP_L,2026-08-06
上海证券交易所,688616,西力科技,杭州西力智能科技股份有限公司,20210318,制造业,2,上交所接口所列A股/科创板及指定状态,https://query.sse.com.cn/commonQuery.do?sqlId=COMMON_SSE_CP_GPJCTPZ_GPLB_GP_L,2026-08-06
上海证券交易所,688617,惠泰医疗,深圳惠泰医疗器械股份有限公司,20210107,制造业,2,上交所接口所列A股/科创板及指定状态,https://query.sse.com.cn/commonQuery.do?sqlId=COMMON_SSE_CP_GPJCTPZ_GPLB_GP_L,2026-08-06
上海证券交易所,688618,三旺通信,深圳市三旺通信股份有限公司,20201230,制造业,2,上交所接口所列A股/科创板及指定状态,https://query.sse.com.cn/commonQuery.do?sqlId=COMMON_SSE_CP_GPJCTPZ_GPLB_GP_L,2026-08-06
上海证券交易所,688619,罗普特,罗普特科技集团股份有限公司,20210223,信息传输、软件和信息技术服务业,2,上交所接口所列A股/科创板及指定状态,https://query.sse.com.cn/commonQuery.do?sqlId=COMMON_SSE_CP_GPJCTPZ_GPLB_GP_L,2026-08-06
上海证券交易所,688620,安凯微,广州安凯微电子股份有限公司,20230627,制造业,2,上交所接口所列A股/科创板及指定状态,https://query.sse.com.cn/commonQuery.do?sqlId=COMMON_SSE_CP_GPJCTPZ_GPLB_GP_L,2026-08-06
上海证券交易所,688621,阳光诺和,北京阳光诺和药物研究股份有限公司,20210621,科学研究和技术服务业,2,上交所接口所列A股/科创板及指定状态,https://query.sse.com.cn/commonQuery.do?sqlId=COMMON_SSE_CP_GPJCTPZ_GPLB_GP_L,2026-08-06
上海证券交易所,688622,*ST禾信,广州禾信仪器股份有限公司,20210913,制造业,7,上交所接口所列A股/科创板及指定状态,https://query.sse.com.cn/commonQuery.do?sqlId=COMMON_SSE_CP_GPJCTPZ_GPLB_GP_L,2026-08-06
上海证券交易所,688623,双元科技,浙江双元科技股份有限公司,20230608,制造业,2,上交所接口所列A股/科创板及指定状态,https://query.sse.com.cn/commonQuery.do?sqlId=COMMON_SSE_CP_GPJCTPZ_GPLB_GP_L,2026-08-06
上海证券交易所,688625,呈和科技,呈和科技股份有限公司,20210607,制造业,2,上交所接口所列A股/科创板及指定状态,https://query.sse.com.cn/commonQuery.do?sqlId=COMMON_SSE_CP_GPJCTPZ_GPLB_GP_L,2026-08-06
上海证券交易所,688626,翔宇医疗,河南翔宇医疗设备股份有限公司,20210331,制造业,2,上交所接口所列A股/科创板及指定状态,https://query.sse.com.cn/commonQuery.do?sqlId=COMMON_SSE_CP_GPJCTPZ_GPLB_GP_L,2026-08-06
上海证券交易所,688627,精智达,深圳精智达技术股份有限公司,20230718,制造业,2,上交所接口所列A股/科创板及指定状态,https://query.sse.com.cn/commonQuery.do?sqlId=COMMON_SSE_CP_GPJCTPZ_GPLB_GP_L,2026-08-06
上海证券交易所,688628,优利德,优利德科技(中国)股份有限公司,20210201,制造业,2,上交所接口所列A股/科创板及指定状态,https://query.sse.com.cn/commonQuery.do?sqlId=COMMON_SSE_CP_GPJCTPZ_GPLB_GP_L,2026-08-06
上海证券交易所,688629,华丰科技,四川华丰科技股份有限公司,20230627,制造业,2,上交所接口所列A股/科创板及指定状态,https://query.sse.com.cn/commonQuery.do?sqlId=COMMON_SSE_CP_GPJCTPZ_GPLB_GP_L,2026-08-06
上海证券交易所,688630,芯碁微装,合肥芯碁微电子装备股份有限公司,20210401,制造业,2,上交所接口所列A股/科创板及指定状态,https://query.sse.com.cn/commonQuery.do?sqlId=COMMON_SSE_CP_GPJCTPZ_GPLB_GP_L,2026-08-06
上海证券交易所,688631,莱斯信息,南京莱斯信息技术股份有限公司,20230628,信息传输、软件和信息技术服务业,2,上交所接口所列A股/科创板及指定状态,https://query.sse.com.cn/commonQuery.do?sqlId=COMMON_SSE_CP_GPJCTPZ_GPLB_GP_L,2026-08-06
上海证券交易所,688633,星球石墨,南通星球石墨股份有限公司,20210324,制造业,2,上交所接口所列A股/科创板及指定状态,https://query.sse.com.cn/commonQuery.do?sqlId=COMMON_SSE_CP_GPJCTPZ_GPLB_GP_L,2026-08-06
上海证券交易所,688635,长进光子,武汉长进光子技术股份有限公司,20260527,制造业,2,上交所接口所列A股/科创板及指定状态,https://query.sse.com.cn/commonQuery.do?sqlId=COMMON_SSE_CP_GPJCTPZ_GPLB_GP_L,2026-08-06
上海证券交易所,688636,智明达,成都智明达电子股份有限公司,20210408,制造业,2,上交所接口所列A股/科创板及指定状态,https://query.sse.com.cn/commonQuery.do?sqlId=COMMON_SSE_CP_GPJCTPZ_GPLB_GP_L,2026-08-06
上海证券交易所,688638,誉辰智能,深圳市誉辰智能装备股份有限公司,20230712,制造业,2,上交所接口所列A股/科创板及指定状态,https://query.sse.com.cn/commonQuery.do?sqlId=COMMON_SSE_CP_GPJCTPZ_GPLB_GP_L,2026-08-06
上海证券交易所,688639,华恒生物,安徽华恒生物科技股份有限公司,20210422,制造业,2,上交所接口所列A股/科创板及指定状态,https://query.sse.com.cn/commonQuery.do?sqlId=COMMON_SSE_CP_GPJCTPZ_GPLB_GP_L,2026-08-06
上海证券交易所,688646,ST逸飞,武汉逸飞激光股份有限公司,20230728,制造业,7,上交所接口所列A股/科创板及指定状态,https://query.sse.com.cn/commonQuery.do?sqlId=COMMON_SSE_CP_GPJCTPZ_GPLB_GP_L,2026-08-06
上海证券交易所,688648,中邮科技,中邮科技股份有限公司,20231113,制造业,2,上交所接口所列A股/科创板及指定状态,https://query.sse.com.cn/commonQuery.do?sqlId=COMMON_SSE_CP_GPJCTPZ_GPLB_GP_L,2026-08-06
上海证券交易所,688651,盛邦安全,远江盛邦安全科技集团股份有限公司,20230726,信息传输、软件和信息技术服务业,2,上交所接口所列A股/科创板及指定状态,https://query.sse.com.cn/commonQuery.do?sqlId=COMMON_SSE_CP_GPJCTPZ_GPLB_GP_L,2026-08-06
上海证券交易所,688652,京仪装备,北京京仪自动化装备技术股份有限公司,20231129,制造业,2,上交所接口所列A股/科创板及指定状态,https://query.sse.com.cn/commonQuery.do?sqlId=COMMON_SSE_CP_GPJCTPZ_GPLB_GP_L,2026-08-06
上海证券交易所,688653,康希通信,格兰康希通信科技(上海)股份有限公司,20231117,制造业,2,上交所接口所列A股/科创板及指定状态,https://query.sse.com.cn/commonQuery.do?sqlId=COMMON_SSE_CP_GPJCTPZ_GPLB_GP_L,2026-08-06
上海证券交易所,688655,迅捷兴,深圳市迅捷兴科技股份有限公司,20210511,制造业,2,上交所接口所列A股/科创板及指定状态,https://query.sse.com.cn/commonQuery.do?sqlId=COMMON_SSE_CP_GPJCTPZ_GPLB_GP_L,2026-08-06
上海证券交易所,688656,浩欧博,江苏浩欧博生物医药股份有限公司,20210113,制造业,2,上交所接口所列A股/科创板及指定状态,https://query.sse.com.cn/commonQuery.do?sqlId=COMMON_SSE_CP_GPJCTPZ_GPLB_GP_L,2026-08-06
上海证券交易所,688657,浩辰软件,苏州浩辰软件股份有限公司,20231010,信息传输、软件和信息技术服务业,2,上交所接口所列A股/科创板及指定状态,https://query.sse.com.cn/commonQuery.do?sqlId=COMMON_SSE_CP_GPJCTPZ_GPLB_GP_L,2026-08-06
上海证券交易所,688658,悦康药业,悦康药业集团股份有限公司,20201224,制造业,2,上交所接口所列A股/科创板及指定状态,https://query.sse.com.cn/commonQuery.do?sqlId=COMMON_SSE_CP_GPJCTPZ_GPLB_GP_L,2026-08-06
上海证券交易所,688659,元琛科技,安徽元琛环保科技股份有限公司,20210331,制造业,2,上交所接口所列A股/科创板及指定状态,https://query.sse.com.cn/commonQuery.do?sqlId=COMMON_SSE_CP_GPJCTPZ_GPLB_GP_L,2026-08-06
上海证券交易所,688660,电气风电,上海电气风电集团股份有限公司,20210519,制造业,2,上交所接口所列A股/科创板及指定状态,https://query.sse.com.cn/commonQuery.do?sqlId=COMMON_SSE_CP_GPJCTPZ_GPLB_GP_L,2026-08-06
上海证券交易所,688661,和林微纳,苏州和林微纳科技股份有限公司,20210329,制造业,2,上交所接口所列A股/科创板及指定状态,https://query.sse.com.cn/commonQuery.do?sqlId=COMMON_SSE_CP_GPJCTPZ_GPLB_GP_L,2026-08-06
上海证券交易所,688662,富信科技,广东富信科技股份有限公司,20210401,制造业,2,上交所接口所列A股/科创板及指定状态,https://query.sse.com.cn/commonQuery.do?sqlId=COMMON_SSE_CP_GPJCTPZ_GPLB_GP_L,2026-08-06
上海证券交易所,688663,新风光,新风光电子科技股份有限公司,20210413,制造业,2,上交所接口所列A股/科创板及指定状态,https://query.sse.com.cn/commonQuery.do?sqlId=COMMON_SSE_CP_GPJCTPZ_GPLB_GP_L,2026-08-06
上海证券交易所,688665,四方光电,四方光电股份有限公司,20210209,制造业,2,上交所接口所列A股/科创板及指定状态,https://query.sse.com.cn/commonQuery.do?sqlId=COMMON_SSE_CP_GPJCTPZ_GPLB_GP_L,2026-08-06
上海证券交易所,688667,菱电电控,武汉菱电汽车电控系统股份有限公司,20210312,制造业,2,上交所接口所列A股/科创板及指定状态,https://query.sse.com.cn/commonQuery.do?sqlId=COMMON_SSE_CP_GPJCTPZ_GPLB_GP_L,2026-08-06
上海证券交易所,688668,鼎通科技,东莞市鼎通精密科技股份有限公司,20201221,制造业,2,上交所接口所列A股/科创板及指定状态,https://query.sse.com.cn/commonQuery.do?sqlId=COMMON_SSE_CP_GPJCTPZ_GPLB_GP_L,2026-08-06
上海证券交易所,688669,聚石化学,广东聚石化学股份有限公司,20210125,制造业,2,上交所接口所列A股/科创板及指定状态,https://query.sse.com.cn/commonQuery.do?sqlId=COMMON_SSE_CP_GPJCTPZ_GPLB_GP_L,2026-08-06
上海证券交易所,688670,金迪克,江苏金迪克生物技术股份有限公司,20210802,制造业,2,上交所接口所列A股/科创板及指定状态,https://query.sse.com.cn/commonQuery.do?sqlId=COMMON_SSE_CP_GPJCTPZ_GPLB_GP_L,2026-08-06
上海证券交易所,688671,碧兴物联,碧兴物联科技(深圳)股份有限公司,20230809,制造业,2,上交所接口所列A股/科创板及指定状态,https://query.sse.com.cn/commonQuery.do?sqlId=COMMON_SSE_CP_GPJCTPZ_GPLB_GP_L,2026-08-06
上海证券交易所,688676,金盘科技,海南金盘智能科技股份有限公司,20210309,制造业,2,上交所接口所列A股/科创板及指定状态,https://query.sse.com.cn/commonQuery.do?sqlId=COMMON_SSE_CP_GPJCTPZ_GPLB_GP_L,2026-08-06
上海证券交易所,688677,海泰新光,青岛海泰新光科技股份有限公司,20210226,制造业,2,上交所接口所列A股/科创板及指定状态,https://query.sse.com.cn/commonQuery.do?sqlId=COMMON_SSE_CP_GPJCTPZ_GPLB_GP_L,2026-08-06
上海证券交易所,688678,福立旺,福立旺精密机电(中国)股份有限公司,20201223,制造业,2,上交所接口所列A股/科创板及指定状态,https://query.sse.com.cn/commonQuery.do?sqlId=COMMON_SSE_CP_GPJCTPZ_GPLB_GP_L,2026-08-06
上海证券交易所,688679,通源环境,安徽省通源环境节能股份有限公司,20201225,水利、环境和公共设施管理业,2,上交所接口所列A股/科创板及指定状态,https://query.sse.com.cn/commonQuery.do?sqlId=COMMON_SSE_CP_GPJCTPZ_GPLB_GP_L,2026-08-06
上海证券交易所,688680,海优新材,上海海优威新材料股份有限公司,20210122,制造业,2,上交所接口所列A股/科创板及指定状态,https://query.sse.com.cn/commonQuery.do?sqlId=COMMON_SSE_CP_GPJCTPZ_GPLB_GP_L,2026-08-06
上海证券交易所,688681,科汇股份,山东科汇电力自动化股份有限公司,20210616,制造业,2,上交所接口所列A股/科创板及指定状态,https://query.sse.com.cn/commonQuery.do?sqlId=COMMON_SSE_CP_GPJCTPZ_GPLB_GP_L,2026-08-06
上海证券交易所,688682,霍莱沃,上海霍莱沃电子系统技术股份有限公司,20210420,信息传输、软件和信息技术服务业,2,上交所接口所列A股/科创板及指定状态,https://query.sse.com.cn/commonQuery.do?sqlId=COMMON_SSE_CP_GPJCTPZ_GPLB_GP_L,2026-08-06
上海证券交易所,688683,莱尔科技,广东莱尔新材料科技股份有限公司,20210412,制造业,2,上交所接口所列A股/科创板及指定状态,https://query.sse.com.cn/commonQuery.do?sqlId=COMMON_SSE_CP_GPJCTPZ_GPLB_GP_L,2026-08-06
上海证券交易所,688685,迈信林,江苏迈信林航空科技股份有限公司,20210513,制造业,2,上交所接口所列A股/科创板及指定状态,https://query.sse.com.cn/commonQuery.do?sqlId=COMMON_SSE_CP_GPJCTPZ_GPLB_GP_L,2026-08-06
上海证券交易所,688686,奥普特,广东奥普特科技股份有限公司,20201231,制造业,2,上交所接口所列A股/科创板及指定状态,https://query.sse.com.cn/commonQuery.do?sqlId=COMMON_SSE_CP_GPJCTPZ_GPLB_GP_L,2026-08-06
上海证券交易所,688687,凯因科技,北京凯因科技股份有限公司,20210208,制造业,2,上交所接口所列A股/科创板及指定状态,https://query.sse.com.cn/commonQuery.do?sqlId=COMMON_SSE_CP_GPJCTPZ_GPLB_GP_L,2026-08-06
上海证券交易所,688689,银河微电,常州银河世纪微电子股份有限公司,20210127,制造业,2,上交所接口所列A股/科创板及指定状态,https://query.sse.com.cn/commonQuery.do?sqlId=COMMON_SSE_CP_GPJCTPZ_GPLB_GP_L,2026-08-06
上海证券交易所,688690,纳微科技,苏州纳微科技股份有限公司,20210623,制造业,2,上交所接口所列A股/科创板及指定状态,https://query.sse.com.cn/commonQuery.do?sqlId=COMMON_SSE_CP_GPJCTPZ_GPLB_GP_L,2026-08-06
上海证券交易所,688691,灿芯股份,灿芯半导体(上海)股份有限公司,20240411,信息传输、软件和信息技术服务业,2,上交所接口所列A股/科创板及指定状态,https://query.sse.com.cn/commonQuery.do?sqlId=COMMON_SSE_CP_GPJCTPZ_GPLB_GP_L,2026-08-06
上海证券交易所,688692,达梦数据,武汉达梦数据库股份有限公司,20240612,信息传输、软件和信息技术服务业,2,上交所接口所列A股/科创板及指定状态,https://query.sse.com.cn/commonQuery.do?sqlId=COMMON_SSE_CP_GPJCTPZ_GPLB_GP_L,2026-08-06
上海证券交易所,688693,锴威特,苏州锴威特半导体股份有限公司,20230818,制造业,2,上交所接口所列A股/科创板及指定状态,https://query.sse.com.cn/commonQuery.do?sqlId=COMMON_SSE_CP_GPJCTPZ_GPLB_GP_L,2026-08-06
上海证券交易所,688695,中创股份,山东中创软件商用中间件股份有限公司,20240313,信息传输、软件和信息技术服务业,2,上交所接口所列A股/科创板及指定状态,https://query.sse.com.cn/commonQuery.do?sqlId=COMMON_SSE_CP_GPJCTPZ_GPLB_GP_L,2026-08-06
上海证券交易所,688696,极米科技,极米科技股份有限公司,20210303,制造业,2,上交所接口所列A股/科创板及指定状态,https://query.sse.com.cn/commonQuery.do?sqlId=COMMON_SSE_CP_GPJCTPZ_GPLB_GP_L,2026-08-06
上海证券交易所,688697,纽威数控,纽威数控装备(苏州)股份有限公司,20210917,制造业,2,上交所接口所列A股/科创板及指定状态,https://query.sse.com.cn/commonQuery.do?sqlId=COMMON_SSE_CP_GPJCTPZ_GPLB_GP_L,2026-08-06
上海证券交易所,688698,伟创电气,苏州伟创电气科技股份有限公司,20201229,制造业,2,上交所接口所列A股/科创板及指定状态,https://query.sse.com.cn/commonQuery.do?sqlId=COMMON_SSE_CP_GPJCTPZ_GPLB_GP_L,2026-08-06
上海证券交易所,688699,明微电子,深圳市明微电子股份有限公司,20201218,信息传输、软件和信息技术服务业,2,上交所接口所列A股/科创板及指定状态,https://query.sse.com.cn/commonQuery.do?sqlId=COMMON_SSE_CP_GPJCTPZ_GPLB_GP_L,2026-08-06
上海证券交易所,688700,东威科技,昆山东威科技股份有限公司,20210615,制造业,2,上交所接口所列A股/科创板及指定状态,https://query.sse.com.cn/commonQuery.do?sqlId=COMMON_SSE_CP_GPJCTPZ_GPLB_GP_L,2026-08-06
上海证券交易所,688701,卓锦股份,浙江卓锦环保科技股份有限公司,20210916,水利、环境和公共设施管理业,2,上交所接口所列A股/科创板及指定状态,https://query.sse.com.cn/commonQuery.do?sqlId=COMMON_SSE_CP_GPJCTPZ_GPLB_GP_L,2026-08-06
上海证券交易所,688702,盛科通信,苏州盛科通信股份有限公司,20230914,信息传输、软件和信息技术服务业,2,上交所接口所列A股/科创板及指定状态,https://query.sse.com.cn/commonQuery.do?sqlId=COMMON_SSE_CP_GPJCTPZ_GPLB_GP_L,2026-08-06
上海证券交易所,688707,振华新材,贵州振华新材料股份有限公司,20210914,制造业,2,上交所接口所列A股/科创板及指定状态,https://query.sse.com.cn/commonQuery.do?sqlId=COMMON_SSE_CP_GPJCTPZ_GPLB_GP_L,2026-08-06
上海证券交易所,688708,佳驰科技,成都佳驰电子科技股份有限公司,20241205,制造业,2,上交所接口所列A股/科创板及指定状态,https://query.sse.com.cn/commonQuery.do?sqlId=COMMON_SSE_CP_GPJCTPZ_GPLB_GP_L,2026-08-06
上海证券交易所,688709,成都华微,成都华微电子科技股份有限公司,20240207,制造业,2,上交所接口所列A股/科创板及指定状态,https://query.sse.com.cn/commonQuery.do?sqlId=COMMON_SSE_CP_GPJCTPZ_GPLB_GP_L,2026-08-06
上海证券交易所,688710,益诺思,上海益诺思生物技术股份有限公司,20240903,科学研究和技术服务业,2,上交所接口所列A股/科创板及指定状态,https://query.sse.com.cn/commonQuery.do?sqlId=COMMON_SSE_CP_GPJCTPZ_GPLB_GP_L,2026-08-06
上海证券交易所,688711,宏微科技,江苏宏微科技股份有限公司,20210901,制造业,2,上交所接口所列A股/科创板及指定状态,https://query.sse.com.cn/commonQuery.do?sqlId=COMMON_SSE_CP_GPJCTPZ_GPLB_GP_L,2026-08-06
上海证券交易所,688712,北芯生命,深圳北芯生命科技股份有限公司,20260205,制造业,2,上交所接口所列A股/科创板及指定状态,https://query.sse.com.cn/commonQuery.do?sqlId=COMMON_SSE_CP_GPJCTPZ_GPLB_GP_L,2026-08-06
上海证券交易所,688716,中研股份,吉林省中研高分子材料股份有限公司,20230920,制造业,2,上交所接口所列A股/科创板及指定状态,https://query.sse.com.cn/commonQuery.do?sqlId=COMMON_SSE_CP_GPJCTPZ_GPLB_GP_L,2026-08-06
上海证券交易所,688717,艾罗能源,浙江艾罗网络能源技术股份有限公司,20240103,制造业,2,上交所接口所列A股/科创板及指定状态,https://query.sse.com.cn/commonQuery.do?sqlId=COMMON_SSE_CP_GPJCTPZ_GPLB_GP_L,2026-08-06
上海证券交易所,688718,唯赛勃,上海唯赛勃新材料股份有限公司,20210728,制造业,2,上交所接口所列A股/科创板及指定状态,https://query.sse.com.cn/commonQuery.do?sqlId=COMMON_SSE_CP_GPJCTPZ_GPLB_GP_L,2026-08-06
上海证券交易所,688719,爱科赛博,西安爱科赛博电气股份有限公司,20230928,制造业,2,上交所接口所列A股/科创板及指定状态,https://query.sse.com.cn/commonQuery.do?sqlId=COMMON_SSE_CP_GPJCTPZ_GPLB_GP_L,2026-08-06
上海证券交易所,688720,艾森股份,江苏艾森半导体材料股份有限公司,20231206,制造业,2,上交所接口所列A股/科创板及指定状态,https://query.sse.com.cn/commonQuery.do?sqlId=COMMON_SSE_CP_GPJCTPZ_GPLB_GP_L,2026-08-06
上海证券交易所,688721,龙图光罩,深圳市龙图光罩股份有限公司,20240806,制造业,2,上交所接口所列A股/科创板及指定状态,https://query.sse.com.cn/commonQuery.do?sqlId=COMMON_SSE_CP_GPJCTPZ_GPLB_GP_L,2026-08-06
上海证券交易所,688722,同益中,北京同益中新材料科技股份有限公司,20211019,制造业,2,上交所接口所列A股/科创板及指定状态,https://query.sse.com.cn/commonQuery.do?sqlId=COMMON_SSE_CP_GPJCTPZ_GPLB_GP_L,2026-08-06
上海证券交易所,688726,拉普拉斯,拉普拉斯新能源科技股份有限公司,20241029,制造业,2,上交所接口所列A股/科创板及指定状态,https://query.sse.com.cn/commonQuery.do?sqlId=COMMON_SSE_CP_GPJCTPZ_GPLB_GP_L,2026-08-06
上海证券交易所,688727,恒坤新材,厦门恒坤新材料科技股份有限公司,20251118,制造业,2,上交所接口所列A股/科创板及指定状态,https://query.sse.com.cn/commonQuery.do?sqlId=COMMON_SSE_CP_GPJCTPZ_GPLB_GP_L,2026-08-06
上海证券交易所,688728,格科微,格科微有限公司,20210818,制造业,2,上交所接口所列A股/科创板及指定状态,https://query.sse.com.cn/commonQuery.do?sqlId=COMMON_SSE_CP_GPJCTPZ_GPLB_GP_L,2026-08-06
上海证券交易所,688729,屹唐股份,北京屹唐半导体科技股份有限公司,20250708,制造业,2,上交所接口所列A股/科创板及指定状态,https://query.sse.com.cn/commonQuery.do?sqlId=COMMON_SSE_CP_GPJCTPZ_GPLB_GP_L,2026-08-06
上海证券交易所,688733,壹石通,安徽壹石通材料科技股份有限公司,20210817,制造业,2,上交所接口所列A股/科创板及指定状态,https://query.sse.com.cn/commonQuery.do?sqlId=COMMON_SSE_CP_GPJCTPZ_GPLB_GP_L,2026-08-06
上海证券交易所,688737,中自科技,中自科技股份有限公司,20211022,制造业,2,上交所接口所列A股/科创板及指定状态,https://query.sse.com.cn/commonQuery.do?sqlId=COMMON_SSE_CP_GPJCTPZ_GPLB_GP_L,2026-08-06
上海证券交易所,688739,成大生物,辽宁成大生物股份有限公司,20211028,制造业,2,上交所接口所列A股/科创板及指定状态,https://query.sse.com.cn/commonQuery.do?sqlId=COMMON_SSE_CP_GPJCTPZ_GPLB_GP_L,2026-08-06
上海证券交易所,688750,金天钛业,湖南湘投金天钛业科技股份有限公司,20241120,制造业,2,上交所接口所列A股/科创板及指定状态,https://query.sse.com.cn/commonQuery.do?sqlId=COMMON_SSE_CP_GPJCTPZ_GPLB_GP_L,2026-08-06
上海证券交易所,688755,汉邦科技,江苏汉邦科技股份有限公司,20250516,制造业,2,上交所接口所列A股/科创板及指定状态,https://query.sse.com.cn/commonQuery.do?sqlId=COMMON_SSE_CP_GPJCTPZ_GPLB_GP_L,2026-08-06
上海证券交易所,688757,胜科纳米,胜科纳米(苏州)股份有限公司,20250325,科学研究和技术服务业,2,上交所接口所列A股/科创板及指定状态,https://query.sse.com.cn/commonQuery.do?sqlId=COMMON_SSE_CP_GPJCTPZ_GPLB_GP_L,2026-08-06
上海证券交易所,688758,赛分科技,苏州赛分科技股份有限公司,20250110,制造业,2,上交所接口所列A股/科创板及指定状态,https://query.sse.com.cn/commonQuery.do?sqlId=COMMON_SSE_CP_GPJCTPZ_GPLB_GP_L,2026-08-06
上海证券交易所,688759,必贝特,广州必贝特医药股份有限公司,20251028,制造业,2,上交所接口所列A股/科创板及指定状态,https://query.sse.com.cn/commonQuery.do?sqlId=COMMON_SSE_CP_GPJCTPZ_GPLB_GP_L,2026-08-06
上海证券交易所,688765,禾元生物,武汉禾元生物科技股份有限公司,20251028,制造业,2,上交所接口所列A股/科创板及指定状态,https://query.sse.com.cn/commonQuery.do?sqlId=COMMON_SSE_CP_GPJCTPZ_GPLB_GP_L,2026-08-06
上海证券交易所,688766,普冉股份,普冉半导体(上海)股份有限公司,20210823,制造业,2,上交所接口所列A股/科创板及指定状态,https://query.sse.com.cn/commonQuery.do?sqlId=COMMON_SSE_CP_GPJCTPZ_GPLB_GP_L,2026-08-06
上海证券交易所,688767,博拓生物,杭州博拓生物科技股份有限公司,20210908,制造业,2,上交所接口所列A股/科创板及指定状态,https://query.sse.com.cn/commonQuery.do?sqlId=COMMON_SSE_CP_GPJCTPZ_GPLB_GP_L,2026-08-06
上海证券交易所,688768,容知日新,安徽容知日新科技股份有限公司,20210726,制造业,2,上交所接口所列A股/科创板及指定状态,https://query.sse.com.cn/commonQuery.do?sqlId=COMMON_SSE_CP_GPJCTPZ_GPLB_GP_L,2026-08-06
上海证券交易所,688772,珠海冠宇,珠海冠宇电池股份有限公司,20211015,制造业,2,上交所接口所列A股/科创板及指定状态,https://query.sse.com.cn/commonQuery.do?sqlId=COMMON_SSE_CP_GPJCTPZ_GPLB_GP_L,2026-08-06
上海证券交易所,688775,影石创新,影石创新科技股份有限公司,20250611,制造业,2,上交所接口所列A股/科创板及指定状态,https://query.sse.com.cn/commonQuery.do?sqlId=COMMON_SSE_CP_GPJCTPZ_GPLB_GP_L,2026-08-06
上海证券交易所,688776,国光电气,成都国光电气股份有限公司,20210831,制造业,2,上交所接口所列A股/科创板及指定状态,https://query.sse.com.cn/commonQuery.do?sqlId=COMMON_SSE_CP_GPJCTPZ_GPLB_GP_L,2026-08-06
上海证券交易所,688777,中控技术,中控技术股份有限公司,20201124,信息传输、软件和信息技术服务业,2,上交所接口所列A股/科创板及指定状态,https://query.sse.com.cn/commonQuery.do?sqlId=COMMON_SSE_CP_GPJCTPZ_GPLB_GP_L,2026-08-06
上海证券交易所,688778,厦钨新能,厦门厦钨新能源材料股份有限公司,20210805,制造业,2,上交所接口所列A股/科创板及指定状态,https://query.sse.com.cn/commonQuery.do?sqlId=COMMON_SSE_CP_GPJCTPZ_GPLB_GP_L,2026-08-06
上海证券交易所,688779,五矿新能,五矿新能源材料(湖南)股份有限公司,20210811,制造业,2,上交所接口所列A股/科创板及指定状态,https://query.sse.com.cn/commonQuery.do?sqlId=COMMON_SSE_CP_GPJCTPZ_GPLB_GP_L,2026-08-06
上海证券交易所,688781,视涯科技,视涯科技股份有限公司,20260325,制造业,2,上交所接口所列A股/科创板及指定状态,https://query.sse.com.cn/commonQuery.do?sqlId=COMMON_SSE_CP_GPJCTPZ_GPLB_GP_L,2026-08-06
上海证券交易所,688783,西安奕材,西安奕斯伟材料科技股份有限公司,20251028,制造业,2,上交所接口所列A股/科创板及指定状态,https://query.sse.com.cn/commonQuery.do?sqlId=COMMON_SSE_CP_GPJCTPZ_GPLB_GP_L,2026-08-06
上海证券交易所,688785,恒运昌,深圳市恒运昌真空技术股份有限公司,20260128,制造业,2,上交所接口所列A股/科创板及指定状态,https://query.sse.com.cn/commonQuery.do?sqlId=COMMON_SSE_CP_GPJCTPZ_GPLB_GP_L,2026-08-06
上海证券交易所,688786,悦安新材,江西悦安新材料股份有限公司,20210826,制造业,2,上交所接口所列A股/科创板及指定状态,https://query.sse.com.cn/commonQuery.do?sqlId=COMMON_SSE_CP_GPJCTPZ_GPLB_GP_L,2026-08-06
上海证券交易所,688787,海天瑞声,北京海天瑞声科技股份有限公司,20210813,信息传输、软件和信息技术服务业,2,上交所接口所列A股/科创板及指定状态,https://query.sse.com.cn/commonQuery.do?sqlId=COMMON_SSE_CP_GPJCTPZ_GPLB_GP_L,2026-08-06
上海证券交易所,688788,科思科技,深圳市科思科技股份有限公司,20201022,制造业,2,上交所接口所列A股/科创板及指定状态,https://query.sse.com.cn/commonQuery.do?sqlId=COMMON_SSE_CP_GPJCTPZ_GPLB_GP_L,2026-08-06
上海证券交易所,688789,宏华数科,杭州宏华数码科技股份有限公司,20210708,制造业,2,上交所接口所列A股/科创板及指定状态,https://query.sse.com.cn/commonQuery.do?sqlId=COMMON_SSE_CP_GPJCTPZ_GPLB_GP_L,2026-08-06
上海证券交易所,688790,昂瑞微,北京昂瑞微电子技术股份有限公司,20251216,制造业,2,上交所接口所列A股/科创板及指定状态,https://query.sse.com.cn/commonQuery.do?sqlId=COMMON_SSE_CP_GPJCTPZ_GPLB_GP_L,2026-08-06
上海证券交易所,688793,倍轻松,深圳市倍轻松科技股份有限公司,20210715,制造业,2,上交所接口所列A股/科创板及指定状态,https://query.sse.com.cn/commonQuery.do?sqlId=COMMON_SSE_CP_GPJCTPZ_GPLB_GP_L,2026-08-06
上海证券交易所,688795,摩尔线程,摩尔线程智能科技(北京)股份有限公司,20251205,制造业,2,上交所接口所列A股/科创板及指定状态,https://query.sse.com.cn/commonQuery.do?sqlId=COMMON_SSE_CP_GPJCTPZ_GPLB_GP_L,2026-08-06
上海证券交易所,688796,百奥赛图,百奥赛图(北京)医药科技股份有限公司,20251210,科学研究和技术服务业,2,上交所接口所列A股/科创板及指定状态,https://query.sse.com.cn/commonQuery.do?sqlId=COMMON_SSE_CP_GPJCTPZ_GPLB_GP_L,2026-08-06
上海证券交易所,688797,臻宝科技,重庆臻宝科技股份有限公司,20260624,制造业,2,上交所接口所列A股/科创板及指定状态,https://query.sse.com.cn/commonQuery.do?sqlId=COMMON_SSE_CP_GPJCTPZ_GPLB_GP_L,2026-08-06
上海证券交易所,688798,艾为电子,上海艾为电子技术股份有限公司,20210816,制造业,2,上交所接口所列A股/科创板及指定状态,https://query.sse.com.cn/commonQuery.do?sqlId=COMMON_SSE_CP_GPJCTPZ_GPLB_GP_L,2026-08-06
上海证券交易所,688799,华纳药厂,湖南华纳大药厂股份有限公司,20210713,制造业,2,上交所接口所列A股/科创板及指定状态,https://query.sse.com.cn/commonQuery.do?sqlId=COMMON_SSE_CP_GPJCTPZ_GPLB_GP_L,2026-08-06
上海证券交易所,688800,瑞可达,苏州瑞可达连接系统股份有限公司,20210722,制造业,2,上交所接口所列A股/科创板及指定状态,https://query.sse.com.cn/commonQuery.do?sqlId=COMMON_SSE_CP_GPJCTPZ_GPLB_GP_L,2026-08-06
上海证券交易所,688802,沐曦股份,沐曦集成电路(上海)股份有限公司,20251217,制造业,2,上交所接口所列A股/科创板及指定状态,https://query.sse.com.cn/commonQuery.do?sqlId=COMMON_SSE_CP_GPJCTPZ_GPLB_GP_L,2026-08-06
上海证券交易所,688805,健信超导,宁波健信超导科技股份有限公司,20251224,制造业,2,上交所接口所列A股/科创板及指定状态,https://query.sse.com.cn/commonQuery.do?sqlId=COMMON_SSE_CP_GPJCTPZ_GPLB_GP_L,2026-08-06
上海证券交易所,688806,泰诺麦博,珠海泰诺麦博制药股份有限公司,20260721,制造业,2,上交所接口所列A股/科创板及指定状态,https://query.sse.com.cn/commonQuery.do?sqlId=COMMON_SSE_CP_GPJCTPZ_GPLB_GP_L,2026-08-06
上海证券交易所,688807,优迅股份,厦门优迅芯片股份有限公司,20251219,制造业,2,上交所接口所列A股/科创板及指定状态,https://query.sse.com.cn/commonQuery.do?sqlId=COMMON_SSE_CP_GPJCTPZ_GPLB_GP_L,2026-08-06
上海证券交易所,688808,联讯仪器,苏州联讯仪器股份有限公司,20260424,制造业,2,上交所接口所列A股/科创板及指定状态,https://query.sse.com.cn/commonQuery.do?sqlId=COMMON_SSE_CP_GPJCTPZ_GPLB_GP_L,2026-08-06
上海证券交易所,688809,强一股份,强一半导体(苏州)股份有限公司,20251230,制造业,2,上交所接口所列A股/科创板及指定状态,https://query.sse.com.cn/commonQuery.do?sqlId=COMMON_SSE_CP_GPJCTPZ_GPLB_GP_L,2026-08-06
上海证券交易所,688811,有研复材,有研金属复合材料(北京)股份公司,20260410,制造业,2,上交所接口所列A股/科创板及指定状态,https://query.sse.com.cn/commonQuery.do?sqlId=COMMON_SSE_CP_GPJCTPZ_GPLB_GP_L,2026-08-06
上海证券交易所,688813,泰金新能,西安泰金新能科技股份有限公司,20260331,制造业,2,上交所接口所列A股/科创板及指定状态,https://query.sse.com.cn/commonQuery.do?sqlId=COMMON_SSE_CP_GPJCTPZ_GPLB_GP_L,2026-08-06
上海证券交易所,688816,易思维,易思维(杭州)科技股份有限公司,20260211,制造业,2,上交所接口所列A股/科创板及指定状态,https://query.sse.com.cn/commonQuery.do?sqlId=COMMON_SSE_CP_GPJCTPZ_GPLB_GP_L,2026-08-06
上海证券交易所,688818,电科蓝天,中电科蓝天科技股份有限公司,20260210,制造业,2,上交所接口所列A股/科创板及指定状态,https://query.sse.com.cn/commonQuery.do?sqlId=COMMON_SSE_CP_GPJCTPZ_GPLB_GP_L,2026-08-06
上海证券交易所,688819,天能股份,天能电池集团股份有限公司,20210118,制造业,2,上交所接口所列A股/科创板及指定状态,https://query.sse.com.cn/commonQuery.do?sqlId=COMMON_SSE_CP_GPJCTPZ_GPLB_GP_L,2026-08-06
上海证券交易所,688820,盛合晶微,盛合晶微半导体有限公司,20260421,制造业,2,上交所接口所列A股/科创板及指定状态,https://query.sse.com.cn/commonQuery.do?sqlId=COMMON_SSE_CP_GPJCTPZ_GPLB_GP_L,2026-08-06
上海证券交易所,688825,长鑫科技,长鑫科技集团股份有限公司,20260727,制造业,2,上交所接口所列A股/科创板及指定状态,https://query.sse.com.cn/commonQuery.do?sqlId=COMMON_SSE_CP_GPJCTPZ_GPLB_GP_L,2026-08-06
上海证券交易所,688981,中芯国际,中芯国际集成电路制造有限公司,20200716,制造业,2,上交所接口所列A股/科创板及指定状态,https://query.sse.com.cn/commonQuery.do?sqlId=COMMON_SSE_CP_GPJCTPZ_GPLB_GP_L,2026-08-06
上海证券交易所,689009,九号公司,九号有限公司,20201029,制造业,2,上交所接口所列A股/科创板及指定状态,https://query.sse.com.cn/commonQuery.do?sqlId=COMMON_SSE_CP_GPJCTPZ_GPLB_GP_L,2026-08-06
深圳证券交易所,000048,京基智农,深圳市京基智农时代股份有限公司,1994-11-01,农、林、牧、渔业,XA,深交所龙头名称候选及既有行业候选代码（非全市场法人表）,https://www.szse.cn/api/report/index/companyGeneralization?secCode=000048,2026-08-06
深圳证券交易所,000066,中国长城,中国长城科技集团股份有限公司,1997-06-26,制造业,XA,深交所龙头名称候选及既有行业候选代码（非全市场法人表）,https://www.szse.cn/api/report/index/companyGeneralization?secCode=000066,2026-08-06
深圳证券交易所,000423,东阿阿胶,东阿阿胶股份有限公司,1996-07-29,制造业,XA,深交所龙头名称候选及既有行业候选代码（非全市场法人表）,https://www.szse.cn/api/report/index/companyGeneralization?secCode=000423,2026-08-06
深圳证券交易所,000430,张家界,张家界旅游集团股份有限公司,1996-08-29,水利、环境和公共设施管理业,XA,深交所龙头名称候选及既有行业候选代码（非全市场法人表）,https://www.szse.cn/api/report/index/companyGeneralization?secCode=000430,2026-08-06
深圳证券交易所,000525,红太阳,南京红太阳股份有限公司,1993-10-28,制造业,XA,深交所龙头名称候选及既有行业候选代码（非全市场法人表）,https://www.szse.cn/api/report/index/companyGeneralization?secCode=000525,2026-08-06
深圳证券交易所,000538,云南白药,云南白药集团股份有限公司,1993-12-15,制造业,XA,深交所龙头名称候选及既有行业候选代码（非全市场法人表）,https://www.szse.cn/api/report/index/companyGeneralization?secCode=000538,2026-08-06
深圳证券交易所,000568,泸州老窖,泸州老窖股份有限公司,1994-05-09,制造业,XA,深交所龙头名称候选及既有行业候选代码（非全市场法人表）,https://www.szse.cn/api/report/index/companyGeneralization?secCode=000568,2026-08-06
深圳证券交易所,000592,平潭发展,中福海峡（平潭）发展股份有限公司,1996-03-27,制造业,XA,深交所龙头名称候选及既有行业候选代码（非全市场法人表）,https://www.szse.cn/api/report/index/companyGeneralization?secCode=000592,2026-08-06
深圳证券交易所,000623,吉林敖东,吉林敖东药业集团股份有限公司,1996-10-28,制造业,XA,深交所龙头名称候选及既有行业候选代码（非全市场法人表）,https://www.szse.cn/api/report/index/companyGeneralization?secCode=000623,2026-08-06
深圳证券交易所,000639,ST西王,西王食品股份有限公司,1996-11-26,制造业,XA,深交所龙头名称候选及既有行业候选代码（非全市场法人表）,https://www.szse.cn/api/report/index/companyGeneralization?secCode=000639,2026-08-06
深圳证券交易所,000663,永安林业,福建省永安林业(集团)股份有限公司,1996-12-06,农、林、牧、渔业,XA,深交所龙头名称候选及既有行业候选代码（非全市场法人表）,https://www.szse.cn/api/report/index/companyGeneralization?secCode=000663,2026-08-06
深圳证券交易所,000711,ST京蓝,铟靶新材（哈尔滨）股份有限公司,1997-04-11,制造业,XA,深交所龙头名称候选及既有行业候选代码（非全市场法人表）,https://www.szse.cn/api/report/index/companyGeneralization?secCode=000711,2026-08-06
深圳证券交易所,000713,国投丰乐,国投丰乐种业股份有限公司,1997-04-22,农、林、牧、渔业,XA,深交所龙头名称候选及既有行业候选代码（非全市场法人表）,https://www.szse.cn/api/report/index/companyGeneralization?secCode=000713,2026-08-06
深圳证券交易所,000735,罗 牛 山,罗牛山股份有限公司,1997-06-11,农、林、牧、渔业,XA,深交所龙头名称候选及既有行业候选代码（非全市场法人表）,https://www.szse.cn/api/report/index/companyGeneralization?secCode=000735,2026-08-06
深圳证券交易所,000798,中水渔业,中水集团远洋股份有限公司,1998-02-12,农、林、牧、渔业,XA,深交所龙头名称候选及既有行业候选代码（非全市场法人表）,https://www.szse.cn/api/report/index/companyGeneralization?secCode=000798,2026-08-06
深圳证券交易所,000838,*ST发展,财信地产发展集团股份有限公司,1997-06-26,房地产业,XA,深交所龙头名称候选及既有行业候选代码（非全市场法人表）,https://www.szse.cn/api/report/index/companyGeneralization?secCode=000838,2026-08-06
深圳证券交易所,000848,承德露露,承德露露股份公司,1997-11-13,制造业,XA,深交所龙头名称候选及既有行业候选代码（非全市场法人表）,https://www.szse.cn/api/report/index/companyGeneralization?secCode=000848,2026-08-06
深圳证券交易所,000860,顺鑫农业,北京顺鑫农业股份有限公司,1998-11-04,制造业,XA,深交所龙头名称候选及既有行业候选代码（非全市场法人表）,https://www.szse.cn/api/report/index/companyGeneralization?secCode=000860,2026-08-06
深圳证券交易所,000910,大亚圣象,大亚圣象家居股份有限公司,1999-06-30,制造业,XA,深交所龙头名称候选及既有行业候选代码（非全市场法人表）,https://www.szse.cn/api/report/index/companyGeneralization?secCode=000910,2026-08-06
深圳证券交易所,000998,隆平高科,袁隆平农业高科技股份有限公司,2000-12-11,农、林、牧、渔业,XA,深交所龙头名称候选及既有行业候选代码（非全市场法人表）,https://www.szse.cn/api/report/index/companyGeneralization?secCode=000998,2026-08-06
深圳证券交易所,001201,东瑞股份,东瑞食品集团股份有限公司,2021-04-28,农、林、牧、渔业,XA,深交所龙头名称候选及既有行业候选代码（非全市场法人表）,https://www.szse.cn/api/report/index/companyGeneralization?secCode=001201,2026-08-06
深圳证券交易所,001318,阳光乳业,江西阳光乳业股份有限公司,2022-05-20,制造业,XA,深交所龙头名称候选及既有行业候选代码（非全市场法人表）,https://www.szse.cn/api/report/index/companyGeneralization?secCode=001318,2026-08-06
深圳证券交易所,002041,登海种业,山东登海种业股份有限公司,2005-04-18,农、林、牧、渔业,XA,深交所龙头名称候选及既有行业候选代码（非全市场法人表）,https://www.szse.cn/api/report/index/companyGeneralization?secCode=002041,2026-08-06
深圳证券交易所,002069,獐子岛,獐子岛集团股份有限公司,2006-09-28,农、林、牧、渔业,XA,深交所龙头名称候选及既有行业候选代码（非全市场法人表）,https://www.szse.cn/api/report/index/companyGeneralization?secCode=002069,2026-08-06
深圳证券交易所,002082,ST万邦,万邦德医药控股集团股份有限公司,2006-11-20,制造业,XA,深交所龙头名称候选及既有行业候选代码（非全市场法人表）,https://www.szse.cn/api/report/index/companyGeneralization?secCode=002082,2026-08-06
深圳证券交易所,002086,东方海洋,山东东方海洋科技股份有限公司,2006-11-28,农、林、牧、渔业,XA,深交所龙头名称候选及既有行业候选代码（非全市场法人表）,https://www.szse.cn/api/report/index/companyGeneralization?secCode=002086,2026-08-06
深圳证券交易所,002100,天康生物,天康生物股份有限公司,2006-12-26,制造业,XA,深交所龙头名称候选及既有行业候选代码（非全市场法人表）,https://www.szse.cn/api/report/index/companyGeneralization?secCode=002100,2026-08-06
深圳证券交易所,002124,天邦食品,天邦食品股份有限公司,2007-04-03,农、林、牧、渔业,XA,深交所龙头名称候选及既有行业候选代码（非全市场法人表）,https://www.szse.cn/api/report/index/companyGeneralization?secCode=002124,2026-08-06
深圳证券交易所,002157,正邦科技,江西正邦科技股份有限公司,2007-08-17,农、林、牧、渔业,XA,深交所龙头名称候选及既有行业候选代码（非全市场法人表）,https://www.szse.cn/api/report/index/companyGeneralization?secCode=002157,2026-08-06
深圳证券交易所,002166,莱茵生物,桂林莱茵生物科技股份有限公司,2007-09-13,制造业,XA,深交所龙头名称候选及既有行业候选代码（非全市场法人表）,https://www.szse.cn/api/report/index/companyGeneralization?secCode=002166,2026-08-06
深圳证券交易所,002175,*ST东智,广西东方智造科技股份有限公司,2007-10-12,制造业,XA,深交所龙头名称候选及既有行业候选代码（非全市场法人表）,https://www.szse.cn/api/report/index/companyGeneralization?secCode=002175,2026-08-06
深圳证券交易所,002193,ST如意,山东如意毛纺服装集团股份有限公司,2007-12-07,制造业,XA,深交所龙头名称候选及既有行业候选代码（非全市场法人表）,https://www.szse.cn/api/report/index/companyGeneralization?secCode=002193,2026-08-06
深圳证券交易所,002200,交投生态,云南交投生态科技股份有限公司,2007-12-21,建筑业,XA,深交所龙头名称候选及既有行业候选代码（非全市场法人表）,https://www.szse.cn/api/report/index/companyGeneralization?secCode=002200,2026-08-06
深圳证券交易所,002211,ST宏达,上海宏达新材料股份有限公司,2008-02-01,制造业,XA,深交所龙头名称候选及既有行业候选代码（非全市场法人表）,https://www.szse.cn/api/report/index/companyGeneralization?secCode=002211,2026-08-06
深圳证券交易所,002216,三全食品,三全食品股份有限公司,2008-02-20,制造业,XA,深交所龙头名称候选及既有行业候选代码（非全市场法人表）,https://www.szse.cn/api/report/index/companyGeneralization?secCode=002216,2026-08-06
深圳证券交易所,002234,民和股份,山东民和牧业股份有限公司,2008-05-16,农、林、牧、渔业,XA,深交所龙头名称候选及既有行业候选代码（非全市场法人表）,https://www.szse.cn/api/report/index/companyGeneralization?secCode=002234,2026-08-06
深圳证券交易所,002286,保龄宝,保龄宝生物股份有限公司,2009-08-28,制造业,XA,深交所龙头名称候选及既有行业候选代码（非全市场法人表）,https://www.szse.cn/api/report/index/companyGeneralization?secCode=002286,2026-08-06
深圳证券交易所,002299,圣农发展,福建圣农发展股份有限公司,2009-10-21,制造业,XA,深交所龙头名称候选及既有行业候选代码（非全市场法人表）,https://www.szse.cn/api/report/index/companyGeneralization?secCode=002299,2026-08-06
深圳证券交易所,002311,海大集团,广东海大集团股份有限公司,2009-11-27,制造业,XA,深交所龙头名称候选及既有行业候选代码（非全市场法人表）,https://www.szse.cn/api/report/index/companyGeneralization?secCode=002311,2026-08-06
深圳证券交易所,002321,华英农业,河南华英农业发展股份有限公司,2009-12-16,农、林、牧、渔业,XA,深交所龙头名称候选及既有行业候选代码（非全市场法人表）,https://www.szse.cn/api/report/index/companyGeneralization?secCode=002321,2026-08-06
深圳证券交易所,002329,皇氏集团,皇氏集团股份有限公司,2010-01-06,制造业,XA,深交所龙头名称候选及既有行业候选代码（非全市场法人表）,https://www.szse.cn/api/report/index/companyGeneralization?secCode=002329,2026-08-06
深圳证券交易所,002330,得利斯,山东得利斯食品股份有限公司,2010-01-06,制造业,XA,深交所龙头名称候选及既有行业候选代码（非全市场法人表）,https://www.szse.cn/api/report/index/companyGeneralization?secCode=002330,2026-08-06
深圳证券交易所,002385,大北农,北京大北农科技集团股份有限公司,2010-04-09,制造业,XA,深交所龙头名称候选及既有行业候选代码（非全市场法人表）,https://www.szse.cn/api/report/index/companyGeneralization?secCode=002385,2026-08-06
深圳证券交易所,002390,信邦制药,贵州信邦制药股份有限公司,2010-04-16,批发和零售业,XA,深交所龙头名称候选及既有行业候选代码（非全市场法人表）,https://www.szse.cn/api/report/index/companyGeneralization?secCode=002390,2026-08-06
深圳证券交易所,002424,ST百灵,贵州百灵企业集团制药股份有限公司,2010-06-03,制造业,XA,深交所龙头名称候选及既有行业候选代码（非全市场法人表）,https://www.szse.cn/api/report/index/companyGeneralization?secCode=002424,2026-08-06
深圳证券交易所,002431,ST棕榈,棕榈生态城镇发展股份有限公司,2010-06-10,建筑业,XA,深交所龙头名称候选及既有行业候选代码（非全市场法人表）,https://www.szse.cn/api/report/index/companyGeneralization?secCode=002431,2026-08-06
深圳证券交易所,002458,益生股份,山东益生种畜禽股份有限公司,2010-08-10,农、林、牧、渔业,XA,深交所龙头名称候选及既有行业候选代码（非全市场法人表）,https://www.szse.cn/api/report/index/companyGeneralization?secCode=002458,2026-08-06
深圳证券交易所,002481,双塔食品,烟台双塔食品股份有限公司,2010-09-21,制造业,XA,深交所龙头名称候选及既有行业候选代码（非全市场法人表）,https://www.szse.cn/api/report/index/companyGeneralization?secCode=002481,2026-08-06
深圳证券交易所,002501,*ST利源,吉林利源精制股份有限公司,2010-11-17,制造业,XA,深交所龙头名称候选及既有行业候选代码（非全市场法人表）,https://www.szse.cn/api/report/index/companyGeneralization?secCode=002501,2026-08-06
深圳证券交易所,002507,涪陵榨菜,重庆市涪陵榨菜集团股份有限公司,2010-11-23,制造业,XA,深交所龙头名称候选及既有行业候选代码（非全市场法人表）,https://www.szse.cn/api/report/index/companyGeneralization?secCode=002507,2026-08-06
深圳证券交易所,002515,金字火腿,金字火腿股份有限公司,2010-12-03,制造业,XA,深交所龙头名称候选及既有行业候选代码（非全市场法人表）,https://www.szse.cn/api/report/index/companyGeneralization?secCode=002515,2026-08-06
深圳证券交易所,002548,金新农,深圳市金新农科技股份有限公司,2011-02-18,制造业,XA,深交所龙头名称候选及既有行业候选代码（非全市场法人表）,https://www.szse.cn/api/report/index/companyGeneralization?secCode=002548,2026-08-06
深圳证券交易所,002557,洽洽食品,洽洽食品股份有限公司,2011-03-02,制造业,XA,深交所龙头名称候选及既有行业候选代码（非全市场法人表）,https://www.szse.cn/api/report/index/companyGeneralization?secCode=002557,2026-08-06
深圳证券交易所,002566,益盛药业,吉林省集安益盛药业股份有限公司,2011-03-18,制造业,XA,深交所龙头名称候选及既有行业候选代码（非全市场法人表）,https://www.szse.cn/api/report/index/companyGeneralization?secCode=002566,2026-08-06
深圳证券交易所,002567,唐人神,唐人神集团股份有限公司,2011-03-25,制造业,XA,深交所龙头名称候选及既有行业候选代码（非全市场法人表）,https://www.szse.cn/api/report/index/companyGeneralization?secCode=002567,2026-08-06
深圳证券交易所,002570,贝因美,贝因美股份有限公司,2011-04-12,制造业,XA,深交所龙头名称候选及既有行业候选代码（非全市场法人表）,https://www.szse.cn/api/report/index/companyGeneralization?secCode=002570,2026-08-06
深圳证券交易所,002582,好想你,好想你健康食品股份有限公司,2011-05-20,制造业,XA,深交所龙头名称候选及既有行业候选代码（非全市场法人表）,https://www.szse.cn/api/report/index/companyGeneralization?secCode=002582,2026-08-06
深圳证券交易所,002630,*ST华西,华西能源工业股份有限公司,2011-11-11,制造业,XA,深交所龙头名称候选及既有行业候选代码（非全市场法人表）,https://www.szse.cn/api/report/index/companyGeneralization?secCode=002630,2026-08-06
深圳证券交易所,002650,ST加加,加加食品集团股份有限公司,2012-01-06,制造业,XA,深交所龙头名称候选及既有行业候选代码（非全市场法人表）,https://www.szse.cn/api/report/index/companyGeneralization?secCode=002650,2026-08-06
深圳证券交易所,002661,克明食品,陈克明食品股份有限公司,2012-03-16,制造业,XA,深交所龙头名称候选及既有行业候选代码（非全市场法人表）,https://www.szse.cn/api/report/index/companyGeneralization?secCode=002661,2026-08-06
深圳证券交易所,002679,福建金森,福建金森林业股份有限公司,2012-06-05,农、林、牧、渔业,XA,深交所龙头名称候选及既有行业候选代码（非全市场法人表）,https://www.szse.cn/api/report/index/companyGeneralization?secCode=002679,2026-08-06
深圳证券交易所,002688,金河生物,金河生物科技股份有限公司,2012-07-13,制造业,XA,深交所龙头名称候选及既有行业候选代码（非全市场法人表）,https://www.szse.cn/api/report/index/companyGeneralization?secCode=002688,2026-08-06
深圳证券交易所,002695,煌上煌,江西煌上煌集团食品股份有限公司,2012-09-05,制造业,XA,深交所龙头名称候选及既有行业候选代码（非全市场法人表）,https://www.szse.cn/api/report/index/companyGeneralization?secCode=002695,2026-08-06
深圳证券交易所,002696,百洋股份,百洋产业投资集团股份有限公司,2012-09-05,制造业,XA,深交所龙头名称候选及既有行业候选代码（非全市场法人表）,https://www.szse.cn/api/report/index/companyGeneralization?secCode=002696,2026-08-06
深圳证券交易所,002702,海欣食品,海欣食品股份有限公司,2012-10-11,制造业,XA,深交所龙头名称候选及既有行业候选代码（非全市场法人表）,https://www.szse.cn/api/report/index/companyGeneralization?secCode=002702,2026-08-06
深圳证券交易所,002714,牧原股份,牧原食品集团股份有限公司,2014-01-28,农、林、牧、渔业,XA,深交所龙头名称候选及既有行业候选代码（非全市场法人表）,https://www.szse.cn/api/report/index/companyGeneralization?secCode=002714,2026-08-06
深圳证券交易所,002719,ST麦趣,麦趣尔集团股份有限公司,2014-01-28,制造业,XA,深交所龙头名称候选及既有行业候选代码（非全市场法人表）,https://www.szse.cn/api/report/index/companyGeneralization?secCode=002719,2026-08-06
深圳证券交易所,002726,ST龙大,山东龙大美食股份有限公司,2014-06-26,制造业,XA,深交所龙头名称候选及既有行业候选代码（非全市场法人表）,https://www.szse.cn/api/report/index/companyGeneralization?secCode=002726,2026-08-06
深圳证券交易所,002732,燕塘乳业,广东燕塘乳业股份有限公司,2014-12-05,制造业,XA,深交所龙头名称候选及既有行业候选代码（非全市场法人表）,https://www.szse.cn/api/report/index/companyGeneralization?secCode=002732,2026-08-06
深圳证券交易所,002746,仙坛股份,山东仙坛集团股份有限公司,2015-02-16,制造业,XA,深交所龙头名称候选及既有行业候选代码（非全市场法人表）,https://www.szse.cn/api/report/index/companyGeneralization?secCode=002746,2026-08-06
深圳证券交易所,002772,众兴菌业,天水众兴菌业科技股份有限公司,2015-06-26,农、林、牧、渔业,XA,深交所龙头名称候选及既有行业候选代码（非全市场法人表）,https://www.szse.cn/api/report/index/companyGeneralization?secCode=002772,2026-08-06
深圳证券交易所,002847,盐津铺子,盐津铺子食品股份有限公司,2017-02-08,制造业,XA,深交所龙头名称候选及既有行业候选代码（非全市场法人表）,https://www.szse.cn/api/report/index/companyGeneralization?secCode=002847,2026-08-06
深圳证券交易所,002852,道道全,道道全粮油股份有限公司,2017-03-10,制造业,XA,深交所龙头名称候选及既有行业候选代码（非全市场法人表）,https://www.szse.cn/api/report/index/companyGeneralization?secCode=002852,2026-08-06
深圳证券交易所,002873,新天药业,贵阳新天药业股份有限公司,2017-05-19,制造业,XA,深交所龙头名称候选及既有行业候选代码（非全市场法人表）,https://www.szse.cn/api/report/index/companyGeneralization?secCode=002873,2026-08-06
深圳证券交易所,002910,庄园牧场,兰州庄园牧场股份有限公司,2017-10-31,制造业,XA,深交所龙头名称候选及既有行业候选代码（非全市场法人表）,https://www.szse.cn/api/report/index/companyGeneralization?secCode=002910,2026-08-06
深圳证券交易所,002982,湘佳股份,湖南湘佳牧业股份有限公司,2020-04-24,农、林、牧、渔业,XA,深交所龙头名称候选及既有行业候选代码（非全市场法人表）,https://www.szse.cn/api/report/index/companyGeneralization?secCode=002982,2026-08-06
深圳证券交易所,002991,甘源食品,甘源食品股份有限公司,2020-07-31,制造业,XA,深交所龙头名称候选及既有行业候选代码（非全市场法人表）,https://www.szse.cn/api/report/index/companyGeneralization?secCode=002991,2026-08-06
深圳证券交易所,003000,劲仔食品,劲仔食品集团股份有限公司,2020-09-14,制造业,XA,深交所龙头名称候选及既有行业候选代码（非全市场法人表）,https://www.szse.cn/api/report/index/companyGeneralization?secCode=003000,2026-08-06
深圳证券交易所,300087,ST荃银,安徽荃银高科种业股份有限公司,2010-05-26,农、林、牧、渔业,CY,深交所龙头名称候选及既有行业候选代码（非全市场法人表）,https://www.szse.cn/api/report/index/companyGeneralization?secCode=300087,2026-08-06
深圳证券交易所,300094,国联水产,湛江国联水产开发股份有限公司,2010-07-08,制造业,CY,深交所龙头名称候选及既有行业候选代码（非全市场法人表）,https://www.szse.cn/api/report/index/companyGeneralization?secCode=300094,2026-08-06
深圳证券交易所,300106,西部牧业,新疆西部牧业股份有限公司,2010-08-20,制造业,CY,深交所龙头名称候选及既有行业候选代码（非全市场法人表）,https://www.szse.cn/api/report/index/companyGeneralization?secCode=300106,2026-08-06
深圳证券交易所,300119,瑞普生物,瑞普生物股份有限公司,2010-09-17,制造业,CY,深交所龙头名称候选及既有行业候选代码（非全市场法人表）,https://www.szse.cn/api/report/index/companyGeneralization?secCode=300119,2026-08-06
深圳证券交易所,300138,晨光生物,晨光生物科技集团股份有限公司,2010-11-05,制造业,CY,深交所龙头名称候选及既有行业候选代码（非全市场法人表）,https://www.szse.cn/api/report/index/companyGeneralization?secCode=300138,2026-08-06
深圳证券交易所,300143,盈康生命,盈康生命科技股份有限公司,2010-12-09,卫生和社会工作,CY,深交所龙头名称候选及既有行业候选代码（非全市场法人表）,https://www.szse.cn/api/report/index/companyGeneralization?secCode=300143,2026-08-06
深圳证券交易所,300158,振东制药,山西振东制药股份有限公司,2011-01-07,制造业,CY,深交所龙头名称候选及既有行业候选代码（非全市场法人表）,https://www.szse.cn/api/report/index/companyGeneralization?secCode=300158,2026-08-06
深圳证券交易所,300189,神农种业,海南神农种业科技股份有限公司,2011-03-16,农、林、牧、渔业,CY,深交所龙头名称候选及既有行业候选代码（非全市场法人表）,https://www.szse.cn/api/report/index/companyGeneralization?secCode=300189,2026-08-06
深圳证券交易所,300313,天山生物,新疆天山畜牧生物工程股份有限公司,2012-04-25,农、林、牧、渔业,CY,深交所龙头名称候选及既有行业候选代码（非全市场法人表）,https://www.szse.cn/api/report/index/companyGeneralization?secCode=300313,2026-08-06
深圳证券交易所,300419,ST浩丰,北京浩丰创源科技股份有限公司,2015-01-22,信息传输、软件和信息技术服务业,CY,深交所龙头名称候选及既有行业候选代码（非全市场法人表）,https://www.szse.cn/api/report/index/companyGeneralization?secCode=300419,2026-08-06
深圳证券交易所,300472,*ST新元,万向新元科技股份有限公司,2015-06-11,制造业,CY,深交所龙头名称候选及既有行业候选代码（非全市场法人表）,https://www.szse.cn/api/report/index/companyGeneralization?secCode=300472,2026-08-06
深圳证券交易所,300498,温氏股份,温氏食品集团股份有限公司,2015-11-02,农、林、牧、渔业,CY,深交所龙头名称候选及既有行业候选代码（非全市场法人表）,https://www.szse.cn/api/report/index/companyGeneralization?secCode=300498,2026-08-06
深圳证券交易所,300511,雪榕生物,上海雪榕生物科技股份有限公司,2016-05-04,农、林、牧、渔业,CY,深交所龙头名称候选及既有行业候选代码（非全市场法人表）,https://www.szse.cn/api/report/index/companyGeneralization?secCode=300511,2026-08-06
深圳证券交易所,300555,ST路通,无锡路通视信网络股份有限公司,2016-10-18,制造业,CY,深交所龙头名称候选及既有行业候选代码（非全市场法人表）,https://www.szse.cn/api/report/index/companyGeneralization?secCode=300555,2026-08-06
深圳证券交易所,300606,金太阳,东莞金太阳研磨股份有限公司,2017-02-08,制造业,CY,深交所龙头名称候选及既有行业候选代码（非全市场法人表）,https://www.szse.cn/api/report/index/companyGeneralization?secCode=300606,2026-08-06
深圳证券交易所,300761,立华股份,江苏立华食品集团股份有限公司,2019-02-18,农、林、牧、渔业,CY,深交所龙头名称候选及既有行业候选代码（非全市场法人表）,https://www.szse.cn/api/report/index/companyGeneralization?secCode=300761,2026-08-06
深圳证券交易所,300783,三只松鼠,三只松鼠股份有限公司,2019-07-12,批发和零售业,CY,深交所龙头名称候选及既有行业候选代码（非全市场法人表）,https://www.szse.cn/api/report/index/companyGeneralization?secCode=300783,2026-08-06
深圳证券交易所,300871,回盛生物,武汉回盛生物科技股份有限公司,2020-08-24,制造业,CY,深交所龙头名称候选及既有行业候选代码（非全市场法人表）,https://www.szse.cn/api/report/index/companyGeneralization?secCode=300871,2026-08-06
深圳证券交易所,300898,熊猫乳品,熊猫乳品集团股份有限公司,2020-10-16,制造业,CY,深交所龙头名称候选及既有行业候选代码（非全市场法人表）,https://www.szse.cn/api/report/index/companyGeneralization?secCode=300898,2026-08-06
深圳证券交易所,300908,仲景食品,仲景食品股份有限公司,2020-11-23,制造业,CY,深交所龙头名称候选及既有行业候选代码（非全市场法人表）,https://www.szse.cn/api/report/index/companyGeneralization?secCode=300908,2026-08-06
深圳证券交易所,300967,晓鸣股份,宁夏晓鸣农牧股份有限公司,2021-04-13,农、林、牧、渔业,CY,深交所龙头名称候选及既有行业候选代码（非全市场法人表）,https://www.szse.cn/api/report/index/companyGeneralization?secCode=300967,2026-08-06
深圳证券交易所,300970,华绿生物,江苏华绿生物科技集团股份有限公司,2021-04-12,农、林、牧、渔业,CY,深交所龙头名称候选及既有行业候选代码（非全市场法人表）,https://www.szse.cn/api/report/index/companyGeneralization?secCode=300970,2026-08-06
深圳证券交易所,300972,万辰集团,福建万辰食品集团股份有限公司,2021-04-19,批发和零售业,CY,深交所龙头名称候选及既有行业候选代码（非全市场法人表）,https://www.szse.cn/api/report/index/companyGeneralization?secCode=300972,2026-08-06
深圳证券交易所,301116,益客食品,江苏益客食品集团股份有限公司,2022-01-18,制造业,CY,深交所龙头名称候选及既有行业候选代码（非全市场法人表）,https://www.szse.cn/api/report/index/companyGeneralization?secCode=301116,2026-08-06
深圳证券交易所,301498,乖宝宠物,乖宝宠物食品集团股份有限公司,2023-08-16,制造业,CY,深交所龙头名称候选及既有行业候选代码（非全市场法人表）,https://www.szse.cn/api/report/index/companyGeneralization?secCode=301498,2026-08-06
