股票代码,公司全称,年份,行业分类代码,行业分类名称,入口依据,涉农业务名称,涉农业务营业收入,公司营业收入,涉农收入占比,是否存在分部收入重叠,严格样本结论,扩展样本结论,边界样本结论,纳入或剔除理由,当年曾ST_已核实,年末ST_已核实,当年退市整理期_已核实,年报链接,年报主营业务表PDF页序号,利润表PDF页序号,复核状态,口径提示
000713,国投丰乐种业股份有限公司,2013,5.0,农林牧渔服务业,行业分类候选,种子类、农化类,1235522968.51,1693934876.29,0.72938044,否（仅使用同一分行业维度）,否,是,否,种子收入占41.65%，未达严格门槛；同一行业维度加入农业投入品农化业务后占72.94%，达到扩展样本门槛。香料业务未计入。,,,,https://static.cninfo.com.cn/finalpage/2014-04-09/63804982.PDF,15,59,已人工复核（跨年快速核对第九批）,逐年核对官方年报同一分行业维度和合并利润表；扩展口径只加入农业投入品，不计批零、食品贸易、香料、棉花、果蔬或其他非直接农业业务。
000798,中水集团远洋股份有限公司,2013,4.0,渔业,行业分类候选,远洋捕捞,227913798.54,296131021.96,0.76963838,否（只使用一个分行业维度）,是,是,否,当年官方年报分行业直接农业营业收入超过公司合并营业收入50%；未叠加分产品、地区或销售模式。,,,,https://static.cninfo.com.cn/finalpage/2014-04-25/63918750.PDF,16,52,已人工复核（跨年快速核对第三批）,逐年核对当年官方年报营业收入构成表与合并利润表；未复制相邻年份数值。
000998,袁隆平农业高科技股份有限公司,2013,1.0,农业,行业分类候选,水稻、蔬菜瓜果、玉米、小麦及棉花油菜种子,1390256633.54,1884716266.51,0.73764771,否（仅取同一分行业或分产品维度；采用保守分子）,是,是,否,种子等直接农业业务的保守收入占比超过50%；未叠加地区或销售模式维度。,,,,https://static.cninfo.com.cn/finalpage/2014-06-25/1200004735.PDF,22,87,已人工复核（跨年快速核对第二批）,按公司跨年比较后逐年核对当年官方年报业务表与合并利润表；未复制、插值或外推相邻年份数值。
002041,山东登海种业股份有限公司,2013,1.0,农业,行业分类候选,玉米种子（保守产品口径）,1437157186.91,1505375096.66,0.95468378,否（只取一个分行业或分产品维度；采用保守分子）,是,是,否,直接农业业务的保守收入分子已超过公司营业收入50%；未叠加其他可能符合口径的业务。,,,,https://static.cninfo.com.cn/finalpage/2014-04-23/63896809.PDF,14,58,已人工复核（跨年快速核对试验）,按公司跨年比较后，逐年核对当年年报业务表与利润表；未复制相邻年份数值。
002234,山东民和牧业股份有限公司,2013,3.0,畜牧业,行业分类候选,雏鸡、淘汰鸡及鸡肉制品（扩展口径）,930893902.82,996313767.09,0.93433809,否（仅使用同一分产品维度）,否,是,否,直接畜牧养殖收入占36.38%，未达50%；加入同一分产品维度的农产品初加工收入后占93.43%，纳入扩展样本。,,,,https://static.cninfo.com.cn/finalpage/2014-04-19/63870251.PDF,15,53,已人工复核（跨年快速核对第七批）,逐年核对当年官方年报；严格口径为直接养殖，扩展口径可加入同一披露维度的初加工；不跨行业、产品、地区维度相加。
002299,福建圣农发展股份有限公司,2013,3.0,畜牧业,行业分类候选,家禽饲养加工行业（合并披露）,4500397751.55,4708227702.1,0.9558581352262758,合并披露风险：自产养殖与屠宰初加工无法可靠拆分；未估算严格分子,待核实,是,否,家禽饲养加工合并收入原始占比0.95585813522627589061268651677856581039294505619913，扩展口径达标；严格口径不估算。,,,,https://static.cninfo.com.cn/finalpage/2014-04-22/63884585.PDF,19,78,已人工复核（跨年快速核对第十一批B组）,逐年核对官方年报；只使用营业收入或主营业务收入列，不使用营业成本列；同一维度计算并排除贸易、深加工及其他非涉农收入。 分行业营业收入/主营业务收入列（禁止使用营业成本列） 严格口径待核实；家禽饲养加工收入只用于扩展口径。年报未单列深加工收入，未将其他业务估算为深加工；贸易未单列，未估算。
002321,河南华英农业发展股份有限公司,2013,3.0,畜牧业,行业分类候选,禽苗、种蛋及活禽；冻禽、鸭毛、饲料、羽绒初加工（扩展口径）,1573059951.64,1756369219.8,0.8956317,否（仅使用同一分产品或明确交易收入；不跨维度相加）,否,是,否,严格口径占8.80%，未达50%；同一维度加入初加工和农业投入品后占89.56%，纳入扩展样本。原毛经洗涤、干燥、分级形成的羽绒材料计入初加工；熟食、成品羽绒制品、租赁及其他业务未计入；仅在同一分产品维度加总。,,,,https://static.cninfo.com.cn/finalpage/2014-04-10/63812942.PDF,15,64,已人工复核（跨年快速核对第十批）,逐年核对官方年报；扩展口径只计可识别初加工或农业投入品，排除贸易、熟食、成品羽绒、餐饮、殡葬、能源和资产处置。
002447,大连壹桥海洋苗业股份有限公司,2013,4.0,渔业,行业分类候选,严格口径项目；海参加工品因加工深度未拆仅进入上界,357334173.0,532701657.35,0.67079606,采用互斥分行业口径；不与分产品、地区相加；2016资产置换形成的口径差额不进入下界,是,是,否,育苗和水产养殖为直接农业，严格下界已达到50%；海参加工品加工深度未拆不影响阈值结论。,,,,https://static.cninfo.com.cn/finalpage/2014-04-10/63812182.PDF,14|91|104,51,已人工复核（跨年快速核对第二十批X组）,逐年核对官方年报；主营转型按公司—年份处理；混合业务无法可靠拆分时只保留上下界，正式分子留空，不按名称或原料采购推算。 官方年报收入构成表与合并利润表逐年核对；上下界使用原始金额比较30%/50%，不以显示百分比反推。 不适用 上界项目未拆；正式分子采用可确认下界。
002458,山东益生种畜禽股份有限公司,2013,3.0,畜牧业,行业分类候选,鸡、猪、牛奶,495697042.08,502875826.03,0.98572454,否（仅取同一分行业或分产品维度；采用保守分子）,是,是,否,仅合计同一分行业维度的鸡、猪和牛奶收入，排除其他及农牧设备；直接畜牧业务保守占比超过50%。,,,,https://static.cninfo.com.cn/finalpage/2014-04-25/63915285.PDF,14,52,已人工复核（跨年快速核对第二批）,按公司跨年比较后逐年核对当年官方年报业务表与合并利润表；未复制、插值或外推相邻年份数值。
002477,雏鹰农牧集团股份有限公司,2013,3.0,畜牧业,行业分类候选,畜牧养殖业+种植业；无另行确认的饲料/兽药/种子对外收入,1529977889.58,1868073444.02,0.81901378,无；2013—15采用养殖/种植行业行，2016—18采用生猪产品行，未跨维度相加,是,是,否,"严格区间[0.819013778327454091485629468736394825933445528644499637470951, 0.819013778327454091485629468736394825933445528644499637470951]；扩展区间[0.819013778327454091485629468736394825933445528644499637470951, 0.819013778327454091485629468736394825933445528644499637470951]。粮食及生猪贸易、屠宰生鲜冻品、熟食深加工、互联网/类金融等均排除。",,,,https://static.cninfo.com.cn/finalpage/2014-04-24/63905088.PDF,18,79,已人工复核（跨年快速核对第十六批O组）,"逐年核对官方年报；养殖、投入品和初加工按同一维度下界计量，贸易、屠宰、熟食和普通食品深加工排除；重列比较数优先，混合品类保留上下界。 仅保留状态标记；未用ST或退市状态改变业务分类与收入判定。 沿用v26原值；待核实字段不插值、不复制相邻年份 2013年PDF养殖行业数有双逗号排版瑕疵，按可辨识数字及同行合计核为1,528,769,443.17元。"
002505,湖南大康牧业股份有限公司,2013,3.0,畜牧业,行业分类候选,直接养殖及可确认饲料、屠宰初加工；混合农资经销/粮食贸易行业仅作扩展上界,992130972.64,996496782.31,0.99561884,产品与行业披露存在交叉映射；仅构造互斥上下界，不机械相加,否,是,否,2016农林牧渔业同时映射巴西大宗贸易与安源乳业，严格上界受乳制品产品行约束；2017畜牧养殖行业含羊及牧场原奶。农资/粮食混合行业只进扩展上界，乳制品贸易排除。,,,,https://static.cninfo.com.cn/finalpage/2014-04-15/63840513.PDF,22,81,已人工复核（跨年快速核对第二十批X组）,逐年核对官方年报；主营转型按公司—年份处理；混合业务无法可靠拆分时只保留上下界，正式分子留空，不按名称或原料采购推算。 官方年报收入构成表与合并利润表逐年核对；上下界使用原始金额比较30%/50%，不以显示百分比反推。 不适用 上界项目未拆；正式分子采用可确认下界。
002679,福建金森林业股份有限公司,2013,2.0,林业,行业分类候选,木材、种苗及林业经济作物（主营业务合计）,165084179.62,174263656.5,0.9473242,否（仅取同一分行业或分产品维度；采用保守分子）,是,是,否,直接林业收入保守占比超过50%；未叠加其他披露维度。,,,,https://static.cninfo.com.cn/finalpage/2014-04-23/63896122.PDF,17,69,已人工复核（跨年快速核对第二批）,按公司跨年比较后逐年核对当年官方年报业务表与合并利润表；未复制、插值或外推相邻年份数值。
002696,百洋产业投资集团股份有限公司,2013,4.0,渔业,行业分类候选,饲料及饲料原料、水产品加工、可识别养殖/捕捞（扩展口径）,1308202107.16,1349625914.9,0.96930719,否（仅使用同一分行业或分产品维度）,否,是,否,同一披露维度内的农业投入品、水产品加工及可识别直接渔业收入占96.93%，超过50%；教育及其他业务未计入。可识别直接养殖/捕捞收入占1.39%，严格样本为否。,,,,https://static.cninfo.com.cn/finalpage/2014-04-25/63918063.PDF,13,64,已人工复核（跨年快速核对第八批）,逐年核对官方年报；混合披露收入只作审计上界，不写入正式涉农分子；无法拆分初加工、深加工、贸易或自产/外购时明确标记待核实。
300087,安徽荃银高科种业股份有限公司,2013,1.0,农业,行业分类候选,水稻、小麦、玉米、瓜菜、棉花、油菜种子,427793892.36,466066716.75,0.91788123,否（同一分产品维度内求和）,是,是,否,仅合计当年年报明确列示的种子产品收入，已超过合并营业收入50%；未计订单粮食、青贮、农批市场、农机农化、服务及含义不清的其他项。,,,,https://static.cninfo.com.cn/finalpage/2014-04-03/63780058.PDF,49,92,已人工复核（跨年快速核对第四批）,逐年核对官方年报分产品收入；仅用明确种子项目的保守分子，不复制相邻年度。
300143,盈康生命科技股份有限公司,2013,1.0,农业,行业分类候选,自产食用菌鲜品，其他业务只作扩展上界,233908854.82,254837544.23,0.91787439,产品项目互斥；不叠加行业、地区维度，审计其他业务仅作上界,是,是,否,自产鲜品食用菌属于直接农业；2015年干菇为自产鲜菇脱水初加工，仅进入扩展下界；经销商品及医疗业务排除。,,,,https://static.cninfo.com.cn/finalpage/2014-02-28/63617237.PDF,17,58,已人工复核（跨年快速核对第二十批Y组）,逐年核对官方年报；主营转型按公司—年份处理；混合业务无法可靠拆分时只保留上下界，正式分子留空，不按名称或原料采购推算。 沿用v31原值；待核实不插值、不复制相邻年份 审计其他业务未拆，只作上界。
300189,海南神农种业科技股份有限公司,2013,1.0,农业,行业分类候选,杂交水稻、玉米、棉花、蔬菜及其他种子,398617600.0,454365781.09,0.8773055,否（同一分产品维度内求和）,是,是,否,明确种子产品收入已超过合并营业收入50%，未计农化、粮食、房屋、供应链等项目。,,,,https://static.cninfo.com.cn/finalpage/2014-04-25/63918533.PDF,21,88,已人工复核（跨年快速核对第五批）,逐年核对官方年报分产品收入，业务转型年份按当年实际口径判定。
300313,新疆天山畜牧生物工程股份有限公司,2013,3.0,畜牧业,行业分类候选,自产冻精/胚胎、牛奶、自产活畜及代牧；牛羊初加工（扩展）,49931048.81,82656575.6,0.60407836,否（产品维度；进口冻精和可识别进口活畜贸易排除，上界不写入正式分子）,是,是,否,畜牧育种产品按自产/服务与进口贸易拆分；无法拆分的活畜、种畜或冻精仅进入上界。,,,,https://static.cninfo.com.cn/finalpage/2014-04-12/63828468.PDF,19,59,已人工复核（跨年快速核对第十二批D组）,逐年核对官方年报；纤维板/人造板、园林工程、租摆和贸易不计入初加工；自产育种与外购或进口混合且跨门槛时保留上下界。 2018不在v20该公司待复核入口、2022逐公司行业分类仍缺；均不外推。本年上下界不能唯一确定门槛归属。
600097,上海开创国际海洋资源股份有限公司,2013,4.0,渔业,行业分类候选,海洋捕捞（严格=扩展）；罐头食品/鱼罐头深加工排除,813449172.68,815560060.18,0.99741173,否（只使用同一分行业维度，不与分产品或分地区收入相加）,是,是,否,严格及扩展Decimal高精度门槛计算值=0.99741173262023876957431807226634264923672000703098。食品加工深加工排除金额=0.00元；渔货贸易和海上运输亦已排除。,,,,https://static.cninfo.com.cn/finalpage/2014-06-11/64122331.PDF,10,36,已人工复核（跨年快速核对第十一批C组）,逐年核对官方年报；只使用营业收入或主营业务收入列，不使用营业成本列；同一维度计算并排除贸易、深加工及其他非涉农收入。 比例门槛采用Decimal 50位精度计算；文本值为高精度计算值，不表示无限精度小数
600108,甘肃亚盛实业(集团)股份有限公司,2013,1.0,农业,行业分类候选,农业种植,2027826879.3,2336837177.69,0.86776558,否（仅使用同一分行业维度）,是,是,否,同一分行业维度的直接农业收入超过合并营业收入50%；未叠加产品、地区或销售模式。,,,,https://static.cninfo.com.cn/finalpage/2014-04-25/63914686.PDF,11,59,已人工复核（跨年快速核对第六批）,逐年核对当年官方年报分行业营业收入和合并利润表；严格、扩展口径分别计算，不跨披露维度相加。
600257,大湖健康产业股份有限公司,2013,4.0,渔业,行业分类候选,水产品养殖（年报分行业‘农业’）,433439335.24,623970942.0,0.69464667,否（只使用同一分行业维度，不与分产品或分地区收入相加）,是,是,否,农业分行业Decimal高精度门槛计算值=0.69464666711995700594660063513021732989610916849394；沿用已核实2023年的水产品养殖口径。非涉农健康产业收入全部排除。,,,,https://static.cninfo.com.cn/finalpage/2014-04-29/63941109.PDF,11,42,已人工复核（跨年快速核对第十一批C组）,逐年核对官方年报；只使用营业收入或主营业务收入列，不使用营业成本列；同一维度计算并排除贸易、深加工及其他非涉农收入。 比例门槛采用Decimal 50位精度计算；文本值为高精度计算值，不表示无限精度小数
600265,云南景谷林业股份有限公司,2013,2.0,林业,行业分类候选,林木销售；林板、木材及林化初加工（扩展口径）,163095400.0,250238489.62,0.65175985,否（仅使用同一分产品或明确交易收入；不跨维度相加）,是,是,否,直接农业/林业收入占65.18%，达到50%，纳入严格样本。林木销售计入直接林业；林板/木材和松香、松节油等林化初加工计入扩展口径；能源、租赁、林地使用权及固定资产处置不计入。,是,是,,https://static.cninfo.com.cn/finalpage/2014-04-19/63872933.PDF,23,50|124,已人工复核（跨年快速核对第十批）,逐年核对官方年报；扩展口径只计可识别初加工或农业投入品，排除贸易、熟食、成品羽绒、餐饮、殡葬、能源和资产处置。
600354,甘肃省敦煌种业集团股份有限公司,2013,1.0,农业,行业分类候选,种子,1082784780.02,1874811756.6,0.5775432,否（仅使用同一分行业维度）,是,是,否,种子收入占57.75%，达到50%严格门槛；食品与贸易、棉花、果蔬及其他业务均未用于放大分子。,,,,https://static.cninfo.com.cn/finalpage/2014-04-11/63821344.PDF,10,40,已人工复核（跨年快速核对第九批）,逐年核对官方年报同一分行业维度和合并利润表；扩展口径只加入农业投入品，不计批零、食品贸易、香料、棉花、果蔬或其他非直接农业业务。
600371,万向德农股份有限公司,2013,1.0,农业,行业分类候选,种子行业,385242040.47,413015082.51,0.93275538,否（只取一个分行业或分产品维度；采用保守分子）,是,是,否,直接农业业务的保守收入分子已超过公司营业收入50%；未叠加其他可能符合口径的业务。,,,,https://static.cninfo.com.cn/finalpage/2014-04-24/63901035.PDF,12,39,已人工复核（跨年快速核对试验）,按公司跨年比较后，逐年核对当年年报业务表与利润表；未复制相邻年份数值。
600467,山东好当家海洋发展股份有限公司,2013,4.0,渔业,行业分类候选,水产养殖、捕捞,574305220.57,969331768.19,0.59247539,否（仅使用同一分行业维度）,是,是,否,同一分行业维度的直接农业收入超过合并营业收入50%；未叠加产品、地区或销售模式。,,,,https://static.cninfo.com.cn/finalpage/2014-04-23/63893669.PDF,13,51,已人工复核（跨年快速核对第六批）,逐年核对当年官方年报分行业营业收入和合并利润表；严格、扩展口径分别计算，不跨披露维度相加。
600540,新疆赛里木现代农业股份有限公司,2013,1.0,农业,行业分类候选,分行业农业收入（扩展口径）,1020959773.02,1361014028.79,0.7501464,否（扩展分子仅取同一分行业农业收入，不混入分产品或商贸收入）,否,是,否,严格口径0；分行业农业收入占75.01%。,,,,https://static.cninfo.com.cn/finalpage/2014-04-30/63954642.PDF,15,48,已人工复核（跨年快速核对第十一批A组）,逐年核对官方年报；只使用营业收入或主营业务收入列，不使用营业成本列；同一维度计算并排除贸易、深加工及其他非涉农收入。 2022逐公司行业分类及该公司2022公司—年份入口仍待核实；本批不外推新增。
600975,湖南新五丰股份有限公司,2013,3.0,畜牧业,行业分类候选,畜牧业（生猪）,572810599.98,1130087615.49,0.50687273,否（仅使用同一分行业维度）,是,是,否,畜牧业收入占50.69%，达到50%严格门槛；同一行业维度加入饲料加工后占63.18%。批发零售未计入。,,,,https://static.cninfo.com.cn/finalpage/2014-03-25/63717879.PDF,13,47,已人工复核（跨年快速核对第九批）,逐年核对官方年报同一分行业维度和合并利润表；扩展口径只加入农业投入品，不计批零、食品贸易、香料、棉花、果蔬或其他非直接农业业务。
000713,国投丰乐种业股份有限公司,2014,5.0,农林牧渔服务业,行业分类候选+龙头企业身份核实候选,种子类、农化类,1125193828.36,1378800048.18,0.81606744,否（仅使用同一分行业维度）,否,是,否,种子收入占42.39%，未达严格门槛；同一行业维度加入农业投入品农化业务后占81.61%，达到扩展样本门槛。香料业务未计入。,,,,https://static.cninfo.com.cn/finalpage/2015-03-30/1200755414.PDF,15,64,已人工复核（跨年快速核对第九批）,逐年核对官方年报同一分行业维度和合并利润表；扩展口径只加入农业投入品，不计批零、食品贸易、香料、棉花、果蔬或其他非直接农业业务。
000798,中水集团远洋股份有限公司,2014,4.0,渔业,行业分类候选,远洋捕捞,343870250.72,378756392.67,0.90789293,否（只使用一个分行业维度）,是,是,否,当年官方年报分行业直接农业营业收入超过公司合并营业收入50%；未叠加分产品、地区或销售模式。,,,,https://static.cninfo.com.cn/finalpage/2015-03-30/1200754520.PDF,16,57,已人工复核（跨年快速核对第三批）,逐年核对当年官方年报营业收入构成表与合并利润表；未复制相邻年份数值。
000998,袁隆平农业高科技股份有限公司,2014,1.0,农业,行业分类候选+龙头企业身份核实候选,水稻、蔬菜瓜果、玉米、小麦及棉花油菜种子,1511241361.14,1815424946.98,0.83244497,否（仅取同一分行业或分产品维度；采用保守分子）,是,是,否,种子等直接农业业务的保守收入占比超过50%；未叠加地区或销售模式维度。,,,,https://static.cninfo.com.cn/finalpage/2015-04-28/1200922611.PDF,21,78,已人工复核（跨年快速核对第二批）,按公司跨年比较后逐年核对当年官方年报业务表与合并利润表；未复制、插值或外推相邻年份数值。
002041,山东登海种业股份有限公司,2014,1.0,农业,行业分类候选,玉米种子（保守产品口径）,1415061521.91,1480081484.48,0.95607001,否（只取一个分行业或分产品维度；采用保守分子）,是,是,否,直接农业业务的保守收入分子已超过公司营业收入50%；未叠加其他可能符合口径的业务。,,,,https://static.cninfo.com.cn/finalpage/2015-04-21/1200876975.PDF,14,62,已人工复核（跨年快速核对试验）,按公司跨年比较后，逐年核对当年年报业务表与利润表；未复制相邻年份数值。
002234,山东民和牧业股份有限公司,2014,3.0,畜牧业,行业分类候选+龙头企业身份核实候选,雏鸡、淘汰鸡及鸡肉制品（扩展口径）,1075195638.77,1186417366.13,0.90625413,否（仅使用同一分产品维度）,否,是,否,直接畜牧养殖收入占44.13%，未达50%；加入同一分产品维度的农产品初加工收入后占90.63%，纳入扩展样本。,是,是,,https://static.cninfo.com.cn/finalpage/2015-03-20/1200718869.PDF,14,52,已人工复核（跨年快速核对第七批）,逐年核对当年官方年报；严格口径为直接养殖，扩展口径可加入同一披露维度的初加工；不跨行业、产品、地区维度相加。
002299,福建圣农发展股份有限公司,2014,3.0,畜牧业,行业分类候选,家禽饲养加工行业（合并披露）,6077965627.47,6436059894.41,0.944361259401731,合并披露风险：自产养殖与屠宰初加工无法可靠拆分；未估算严格分子,待核实,是,否,家禽饲养加工合并收入原始占比0.94436125940173108706705429772411433341038344341140，扩展口径达标；严格口径不估算。,,,,https://static.cninfo.com.cn/finalpage/2015-03-31/1200767556.PDF,18,82,已人工复核（跨年快速核对第十一批B组）,逐年核对官方年报；只使用营业收入或主营业务收入列，不使用营业成本列；同一维度计算并排除贸易、深加工及其他非涉农收入。 分行业营业收入/主营业务收入列（禁止使用营业成本列） 严格口径待核实；家禽饲养加工收入只用于扩展口径。年报未单列深加工收入，未将其他业务估算为深加工；贸易未单列，未估算。
002311,广东海大集团股份有限公司,2014,,,龙头企业身份核实候选,直接养殖/种苗（严格上界）；饲料、动保（扩展下界）,19569268595.12,21090411325.24,0.92787515,否（同一分产品维度；农产品只进入上界，贸易、其他和饲料机械排除）,否,是,否,农产品项未拆直接养殖、种苗与禽产业链中的潜在屠宰/加工，故只作上界；扩展下界已超过50%。,,,,https://static.cninfo.com.cn/finalpage/2015-04-28/1200918472.PDF,17,91,已人工复核（跨年快速核对第十四批G组）,逐年核对官方年报；农业投入品按互斥产品下界计量，贸易和食品深加工排除；未拆候选收入即使上界不足30%也不写成精确零。 2022逐公司行业分类仍待核实，不影响本年年报收入复核。
002321,河南华英农业发展股份有限公司,2014,3.0,畜牧业,行业分类候选+龙头企业身份核实候选,禽苗、种蛋及活禽；冻禽、鸭毛、饲料、羽绒初加工（扩展口径）,1658479355.15,1843102830.81,0.89983007,否（仅使用同一分产品或明确交易收入；不跨维度相加）,否,是,否,严格口径占11.53%，未达50%；同一维度加入初加工和农业投入品后占89.98%，纳入扩展样本。原毛经洗涤、干燥、分级形成的羽绒材料计入初加工；熟食、成品羽绒制品、租赁及其他业务未计入；仅在同一分产品维度加总。,,,,https://static.cninfo.com.cn/finalpage/2015-04-28/1200922602.PDF,17,76,已人工复核（跨年快速核对第十批）,逐年核对官方年报；扩展口径只计可识别初加工或农业投入品，排除贸易、熟食、成品羽绒、餐饮、殡葬、能源和资产处置。
002385,北京大北农科技集团股份有限公司,2014,,,龙头企业身份核实候选,生猪养殖（严格）；饲料、种子、植保、动保及生猪（扩展）,18160561439.92,18444915959.83,0.98458358,否（同一分产品维度；2015生猪为其他产品的已披露子项，其余其他产品只进上界；原料贸易排除）,否,是,否,饲料、种业、植保、疫苗/兽药属于农业投入品；原料贸易排除，其他产品不自动纳入。,,,,https://static.cninfo.com.cn/finalpage/2015-04-10/1200804230.PDF,18,94,已人工复核（跨年快速核对第十四批G组）,逐年核对官方年报；农业投入品按互斥产品下界计量，贸易和食品深加工排除；未拆候选收入即使上界不足30%也不写成精确零。 2022逐公司行业分类仍待核实，不影响本年年报收入复核。
002447,大连壹桥海洋苗业股份有限公司,2014,4.0,渔业,行业分类候选,严格口径项目；海参加工品因加工深度未拆仅进入上界,280170077.36,540028124.34,0.51880646,采用互斥分行业口径；不与分产品、地区相加；2016资产置换形成的口径差额不进入下界,是,是,否,育苗和水产养殖为直接农业，严格下界已达到50%；海参加工品加工深度未拆不影响阈值结论。,,,,https://static.cninfo.com.cn/finalpage/2015-04-11/1200809393.PDF,14|15,65,已人工复核（跨年快速核对第二十批X组）,逐年核对官方年报；主营转型按公司—年份处理；混合业务无法可靠拆分时只保留上下界，正式分子留空，不按名称或原料采购推算。 官方年报收入构成表与合并利润表逐年核对；上下界使用原始金额比较30%/50%，不以显示百分比反推。 不适用 上界项目未拆；正式分子采用可确认下界。
002458,山东益生种畜禽股份有限公司,2014,3.0,畜牧业,行业分类候选+龙头企业身份核实候选,鸡、猪、牛奶,833339825.23,841921368.35,0.98980719,否（仅取同一分行业或分产品维度；采用保守分子）,是,是,否,仅合计同一分行业维度的鸡、猪和牛奶收入，排除其他及农牧设备；直接畜牧业务保守占比超过50%。,,,,https://static.cninfo.com.cn/finalpage/2015-03-31/1200767909.PDF,14,59,已人工复核（跨年快速核对第二批）,按公司跨年比较后逐年核对当年官方年报业务表与合并利润表；未复制、插值或外推相邻年份数值。
002477,雏鹰农牧集团股份有限公司,2014,3.0,畜牧业,行业分类候选,畜牧养殖业+种植业；无另行确认的饲料/兽药/种子对外收入,1139069320.79,1761684746.8,0.64657954,无；2013—15采用养殖/种植行业行，2016—18采用生猪产品行，未跨维度相加,是,是,否,"严格区间[0.646579544302154254197235693520735886069488218832774876586109, 0.646579544302154254197235693520735886069488218832774876586109]；扩展区间[0.646579544302154254197235693520735886069488218832774876586109, 0.646579544302154254197235693520735886069488218832774876586109]。粮食及生猪贸易、屠宰生鲜冻品、熟食深加工、互联网/类金融等均排除。",,,,https://static.cninfo.com.cn/finalpage/2015-04-24/1200895700.PDF,21,93,已人工复核（跨年快速核对第十六批O组）,逐年核对官方年报；养殖、投入品和初加工按同一维度下界计量，贸易、屠宰、熟食和普通食品深加工排除；重列比较数优先，混合品类保留上下界。 仅保留状态标记；未用ST或退市状态改变业务分类与收入判定。 沿用v26原值；待核实字段不插值、不复制相邻年份 无；ST/退市状态仅保留标记，不改变本业务口径判断。
002505,湖南大康牧业股份有限公司,2014,3.0,畜牧业,行业分类候选,直接养殖及可确认饲料、屠宰初加工；混合农资经销/粮食贸易行业仅作扩展上界,561508680.27,584600053.32,0.96050056,产品与行业披露存在交叉映射；仅构造互斥上下界，不机械相加,否,是,否,2016农林牧渔业同时映射巴西大宗贸易与安源乳业，严格上界受乳制品产品行约束；2017畜牧养殖行业含羊及牧场原奶。农资/粮食混合行业只进扩展上界，乳制品贸易排除。,,,,https://static.cninfo.com.cn/finalpage/2015-04-17/1200848519.PDF,19,86,已人工复核（跨年快速核对第二十批X组）,逐年核对官方年报；主营转型按公司—年份处理；混合业务无法可靠拆分时只保留上下界，正式分子留空，不按名称或原料采购推算。 官方年报收入构成表与合并利润表逐年核对；上下界使用原始金额比较30%/50%，不以显示百分比反推。 不适用 上界项目未拆；正式分子采用可确认下界。
002567,唐人神集团股份有限公司,2014,,,龙头企业身份核实候选,养殖（严格）；饲料+养殖+兽药/动物保健（扩展下界）,9616474660.53,10069486005.19,0.95501147,否（同一分行业维度加总；屠宰及肉类仅作上界）,否,是,否,"严格区间=[0.00831541, 0.00831541]，扩展下界=0.95501147，含全部加工混合项的审计上界=0.99292458。",,,,https://static.cninfo.com.cn/finalpage/2015-04-09/1200799784.PDF,16,121,已人工复核（跨年快速核对第十三批E组）,逐年核对官方年报；养殖与屠宰鲜品、原奶与乳制品、液态奶与发酵乳/乳饮料无法完全拆分时保留上下界，其他业务收入和算术残差不得自动当农业收入。 采用2014年报当期主营业务表；2015年报对2014饲料比较数有重列，本表不倒替当期披露。
002582,好想你健康食品股份有限公司,2014,,,龙头企业身份核实候选,单列原枣类（分选、清洗、包装等初加工）,645800666.11,972923969.99,0.663773,产品维度与主营/其他业务维度不机械相加；上界只加互斥的其他业务，原料基地和采购均不作收入,待核实,是,否,公司采购红枣及设原料基地不等于公司农业生产收入；2014—2015单列原枣类按扩展初加工纳入，后续混合红枣类别不能拆分。,,,,https://static.cninfo.com.cn/finalpage/2015-04-17/1200848914.PDF,17,74,已人工复核（跨年快速核对第十六批P组）,逐年核对官方年报；养殖、投入品和初加工按同一维度下界计量，贸易、屠宰、熟食和普通食品深加工排除；重列比较数优先，混合品类保留上下界。 沿用v26原值；待核实字段不插值、不复制相邻年份 其他业务未拆，仅作上界增量；不影响扩展样本结论。
002679,福建金森林业股份有限公司,2014,2.0,林业,行业分类候选,木材、种苗及林业经济作物（主营业务合计）,176193042.6,190206399.58,0.92632552,否（仅取同一分行业或分产品维度；采用保守分子）,是,是,否,直接林业收入保守占比超过50%；未叠加其他披露维度。,,,,https://static.cninfo.com.cn/finalpage/2015-04-17/1200848813.PDF,15,72,已人工复核（跨年快速核对第二批）,按公司跨年比较后逐年核对当年官方年报业务表与合并利润表；未复制、插值或外推相邻年份数值。
002688,金河生物科技股份有限公司,2014,,,龙头企业身份核实候选,兽药、兽用疫苗及药物饲料添加剂（扩展下界）,707674875.37,839805806.69,0.8426649,否（兽药投入品使用互斥行业项目；农产品加工仅作上界）,否,是,否,"严格区间=[0.00000000, 0.00000000]，扩展下界=0.84266490，含全部加工混合项的审计上界=0.99740593。",,,,https://static.cninfo.com.cn/finalpage/2015-04-10/1200803492.PDF,19,74,已人工复核（跨年快速核对第十三批E组）,逐年核对官方年报；养殖与屠宰鲜品、原奶与乳制品、液态奶与发酵乳/乳饮料无法完全拆分时保留上下界，其他业务收入和算术残差不得自动当农业收入。 淀粉及联产品/农产品加工业可能含初加工与深加工，未拆分，仅作上界；环保及其他非农业用途排除。
002696,百洋产业投资集团股份有限公司,2014,4.0,渔业,行业分类候选,饲料及饲料原料、水产品加工、可识别养殖/捕捞（扩展口径）,1686182463.23,1780815051.84,0.94685996,否（仅使用同一分行业或分产品维度）,否,是,否,同一披露维度内的农业投入品、水产品加工及可识别直接渔业收入占94.69%，超过50%；教育及其他业务未计入。可识别直接养殖/捕捞收入占2.27%，严格样本为否。,,,,https://static.cninfo.com.cn/finalpage/2015-04-22/1200884142.PDF,15,65,已人工复核（跨年快速核对第八批）,逐年核对官方年报；混合披露收入只作审计上界，不写入正式涉农分子；无法拆分初加工、深加工、贸易或自产/外购时明确标记待核实。
002714,牧原食品集团股份有限公司,2014,3.0,畜牧业,行业分类候选+龙头企业身份核实候选,畜牧养殖,2602676476.34,2604763390.34,0.99919881,否（只取一个分行业或分产品维度；采用保守分子）,是,是,否,直接农业业务的保守收入分子已超过公司营业收入50%；未叠加其他可能符合口径的业务。,,,,https://static.cninfo.com.cn/finalpage/2015-04-27/1200907919.PDF,16,93,已人工复核（跨年快速核对试验）,按公司跨年比较后，逐年核对当年年报业务表与利润表；未复制相邻年份数值。
300087,安徽荃银高科种业股份有限公司,2014,1.0,农业,行业分类候选,水稻、小麦、玉米、瓜菜、棉花、油菜种子,440352967.23,469022777.13,0.93887331,否（同一分产品维度内求和）,是,是,否,仅合计当年年报明确列示的种子产品收入，已超过合并营业收入50%；未计订单粮食、青贮、农批市场、农机农化、服务及含义不清的其他项。,,,,https://static.cninfo.com.cn/finalpage/2015-04-23/1200896083.PDF,17,74,已人工复核（跨年快速核对第四批）,逐年核对官方年报分产品收入；仅用明确种子项目的保守分子，不复制相邻年度。
300143,盈康生命科技股份有限公司,2014,1.0,农业,行业分类候选,自产食用菌鲜品，其他业务只作扩展上界,307172426.53,307842534.93,0.99782321,产品项目互斥；不叠加行业、地区维度，审计其他业务仅作上界,是,是,否,自产鲜品食用菌属于直接农业；2015年干菇为自产鲜菇脱水初加工，仅进入扩展下界；经销商品及医疗业务排除。,,,,https://static.cninfo.com.cn/finalpage/2015-04-24/1200898448.PDF,16,60,已人工复核（跨年快速核对第二十批Y组）,逐年核对官方年报；主营转型按公司—年份处理；混合业务无法可靠拆分时只保留上下界，正式分子留空，不按名称或原料采购推算。 沿用v31原值；待核实不插值、不复制相邻年份 审计其他业务未拆，只作上界。
300189,海南神农种业科技股份有限公司,2014,1.0,农业,行业分类候选+龙头企业身份核实候选,杂交水稻、玉米、棉花、蔬菜及其他种子,266096600.0,301602338.43,0.88227632,否（同一分产品维度内求和）,是,是,否,明确种子产品收入已超过合并营业收入50%，未计农化、粮食、房屋、供应链等项目。,,,,https://static.cninfo.com.cn/finalpage/2020-01-07/1207233017.PDF,21,82,已人工复核（跨年快速核对第五批）,逐年核对官方年报分产品收入，业务转型年份按当年实际口径判定。
300313,新疆天山畜牧生物工程股份有限公司,2014,3.0,畜牧业,行业分类候选,自产冻精/胚胎、牛奶、自产活畜及代牧；牛羊初加工（扩展）,64483455.87,121943044.66,0.52879979,否（产品维度；进口冻精和可识别进口活畜贸易排除，上界不写入正式分子）,是,是,否,畜牧育种产品按自产/服务与进口贸易拆分；无法拆分的活畜、种畜或冻精仅进入上界。,,,,https://static.cninfo.com.cn/finalpage/2015-03-28/1200755628.PDF,17,69,已人工复核（跨年快速核对第十二批D组）,逐年核对官方年报；纤维板/人造板、园林工程、租摆和贸易不计入初加工；自产育种与外购或进口混合且跨门槛时保留上下界。 2018不在v20该公司待复核入口、2022逐公司行业分类仍缺；均不外推。本年上下界不能唯一确定门槛归属。
600097,上海开创国际海洋资源股份有限公司,2014,4.0,渔业,行业分类候选,海洋捕捞（严格=扩展）；罐头食品/鱼罐头深加工排除,825661377.66,831010886.69,0.99356265,否（只使用同一分行业维度，不与分产品或分地区收入相加）,是,是,否,严格及扩展Decimal高精度门槛计算值=0.99356264867803641793948156729893634457603714500863。食品加工深加工排除金额=0.00元；渔货贸易和海上运输亦已排除。,,,,https://static.cninfo.com.cn/finalpage/2015-04-30/1200946634.PDF,8,33,已人工复核（跨年快速核对第十一批C组）,逐年核对官方年报；只使用营业收入或主营业务收入列，不使用营业成本列；同一维度计算并排除贸易、深加工及其他非涉农收入。 比例门槛采用Decimal 50位精度计算；文本值为高精度计算值，不表示无限精度小数
600108,甘肃亚盛实业(集团)股份有限公司,2014,1.0,农业,行业分类候选+龙头企业身份核实候选,农业种植,1788063222.47,2244848820.55,0.79651833,否（仅使用同一分行业维度）,是,是,否,同一分行业维度的直接农业收入超过合并营业收入50%；未叠加产品、地区或销售模式。,,,,https://static.cninfo.com.cn/finalpage/2015-04-24/1200900635.PDF,9,55,已人工复核（跨年快速核对第六批）,逐年核对当年官方年报分行业营业收入和合并利润表；严格、扩展口径分别计算，不跨披露维度相加。
600195,中牧实业股份有限公司,2014,,,龙头企业身份核实候选,生物制品、兽药/化药、饲料等农业投入品（扩展）,2277338392.81,4035441262.62,0.56433442,否（同一分产品维度加总；单列贸易收入全部排除）,否,是,否,生物制品、兽药/化药和饲料属于农业投入品；贸易为互斥单列产品，不计入。,,,,https://static.cninfo.com.cn/finalpage/2015-03-24/1200732413.PDF,14|15,55,已人工复核（跨年快速核对第十四批G组）,逐年核对官方年报；农业投入品按互斥产品下界计量，贸易和食品深加工排除；未拆候选收入即使上界不足30%也不写成精确零。 2022逐公司行业分类仍待核实，不影响本年年报收入复核。
600257,大湖健康产业股份有限公司,2014,4.0,渔业,行业分类候选,水产品养殖（年报分行业‘农业’）,462151020.71,676466196.42,0.68318421,否（只使用同一分行业维度，不与分产品或分地区收入相加）,是,是,否,农业分行业Decimal高精度门槛计算值=0.68318420514698214696639105714325414126064218095908；沿用已核实2023年的水产品养殖口径。非涉农健康产业收入全部排除。,,,,https://static.cninfo.com.cn/finalpage/2015-04-29/1200936245.PDF,9,37,已人工复核（跨年快速核对第十一批C组）,逐年核对官方年报；只使用营业收入或主营业务收入列，不使用营业成本列；同一维度计算并排除贸易、深加工及其他非涉农收入。 比例门槛采用Decimal 50位精度计算；文本值为高精度计算值，不表示无限精度小数
600265,云南景谷林业股份有限公司,2014,2.0,林业,行业分类候选,林木销售；林板、木材及林化初加工（扩展口径）,92824141.5,95927290.65,0.96765103,否（仅使用同一分产品或明确交易收入；不跨维度相加）,否,是,否,严格口径占0.00%，未达50%；同一维度加入初加工和农业投入品后占96.77%，纳入扩展样本。林木销售计入直接林业；林板/木材和松香、松节油等林化初加工计入扩展口径；能源、租赁、林地使用权及固定资产处置不计入。,是,是,,https://static.cninfo.com.cn/finalpage/2015-04-25/1200906399.PDF,11,57,已人工复核（跨年快速核对第十批）,逐年核对官方年报；扩展口径只计可识别初加工或农业投入品，排除贸易、熟食、成品羽绒、餐饮、殡葬、能源和资产处置。
600354,甘肃省敦煌种业集团股份有限公司,2014,1.0,农业,行业分类候选+龙头企业身份核实候选,种子,852627126.91,1255860454.79,0.67891868,否（仅使用同一分行业维度）,是,是,否,种子收入占67.89%，达到50%严格门槛；食品与贸易、棉花、果蔬及其他业务均未用于放大分子。,,,,https://static.cninfo.com.cn/finalpage/2015-03-20/1200720215.PDF,11,43,已人工复核（跨年快速核对第九批）,逐年核对官方年报同一分行业维度和合并利润表；扩展口径只加入农业投入品，不计批零、食品贸易、香料、棉花、果蔬或其他非直接农业业务。
600371,万向德农股份有限公司,2014,1.0,农业,行业分类候选,种子行业,425540609.24,438199300.97,0.97111202,否（只取一个分行业或分产品维度；采用保守分子）,是,是,否,直接农业业务的保守收入分子已超过公司营业收入50%；未叠加其他可能符合口径的业务。,,,,https://static.cninfo.com.cn/finalpage/2015-04-11/1200812452.PDF,10,41,已人工复核（跨年快速核对试验）,按公司跨年比较后，逐年核对当年年报业务表与利润表；未复制相邻年份数值。
600438,通威股份有限公司,2014,,,龙头企业身份核实候选,饲料及兽药（下界）；农牧业务（上界）,14278265338.47,15408930605.22,0.92662273,否（同一产品/行业层级设上下界，不跨维度重复相加）,否,是,否,"严格区间[0, 0.0667504830212917227772352487007003589063049012959464179321542]；扩展区间[0.926622729654777558100109889956764837037145689439739543062421, 0.993373212740966711180602875039053845326303106809806631386399]。水产养殖可属严格口径，但与食品加工混合，故仅作严格上界；光伏、能源及化工全部排除。",,,,https://static.cninfo.com.cn/finalpage/2015-03-31/1200766033.PDF,12,44,已人工复核（跨年快速核对第十四/十五批H组）,逐年核对官方年报；农业投入品下界只加同层级明确产品；乳品混合初深加工时保留上下界，内部原奶不重复，能源、食品深加工和模糊其他收入不自动纳入。 v23主营业务页55为公司概况误命中；本批回到官方年报主营业务表PDF页12核值。
600467,山东好当家海洋发展股份有限公司,2014,4.0,渔业,行业分类候选+龙头企业身份核实候选,水产养殖、捕捞,580822837.78,881254604.83,0.6590863,否（仅使用同一分行业维度）,是,是,否,同一分行业维度的直接农业收入超过合并营业收入50%；未叠加产品、地区或销售模式。,,,,https://static.cninfo.com.cn/finalpage/2015-04-25/1200906321.PDF,15,58,已人工复核（跨年快速核对第六批）,逐年核对当年官方年报分行业营业收入和合并利润表；严格、扩展口径分别计算，不跨披露维度相加。
600540,新疆赛里木现代农业股份有限公司,2014,1.0,农业,行业分类候选,分行业农业收入（扩展口径）,560439246.17,1103264980.96,0.50798245,否（扩展分子仅取同一分行业农业收入，不混入分产品或商贸收入）,否,是,否,严格口径0；分行业农业收入占50.80%。2014年原产品口径48.61%已更正为分行业农业口径50.798245%，避免混入商贸维度。,,,,https://static.cninfo.com.cn/finalpage/2015-04-17/1200848995.PDF,15,51,已人工复核（跨年快速核对第十一批A组）,逐年核对官方年报；只使用营业收入或主营业务收入列，不使用营业成本列；同一维度计算并排除贸易、深加工及其他非涉农收入。 2022逐公司行业分类及该公司2022公司—年份入口仍待核实；本批不外推新增。
600598,黑龙江北大荒农业股份有限公司,2014,1.0,农业,行业分类候选,农业行业（土地承包及农产品经营）,2771568795.49,5113819813.61,0.54197623,否（仅使用同一分行业维度）,是,是,否,同一分行业维度的直接农业收入超过合并营业收入50%；未叠加产品、地区或销售模式。,是,是,,https://static.cninfo.com.cn/finalpage/2015-03-31/1200763582.PDF,9,58,已人工复核（跨年快速核对第六批）,逐年核对当年官方年报分行业营业收入和合并利润表；严格、扩展口径分别计算，不跨披露维度相加。
600975,湖南新五丰股份有限公司,2014,3.0,畜牧业,行业分类候选+龙头企业身份核实候选,畜牧业（生猪）、饲料加工,730752275.11,1302493866.31,0.56104086,否（仅使用同一分行业维度）,否,是,否,畜牧业收入占42.95%，未达严格门槛；同一行业维度加入农业投入品饲料加工后占56.10%，达到扩展样本门槛。批发零售未计入。,,,,https://static.cninfo.com.cn/finalpage/2015-04-30/1200948765.PDF,13,59,已人工复核（跨年快速核对第九批）,逐年核对官方年报同一分行业维度和合并利润表；扩展口径只加入农业投入品，不计批零、食品贸易、香料、棉花、果蔬或其他非直接农业业务。
000713,国投丰乐种业股份有限公司,2015,5.0,农林牧渔服务业,行业分类候选+龙头企业身份核实候选,种子类、农化类,884129187.58,1112655608.79,0.79461172,否（仅使用同一分行业维度）,否,是,否,种子收入占37.54%，未达严格门槛；同一行业维度加入农业投入品农化业务后占79.46%，达到扩展样本门槛。香料业务未计入。,,,,https://static.cninfo.com.cn/finalpage/2016-06-13/1202363291.PDF,15,73,已人工复核（跨年快速核对第九批）,逐年核对官方年报同一分行业维度和合并利润表；扩展口径只加入农业投入品，不计批零、食品贸易、香料、棉花、果蔬或其他非直接农业业务。
000735,罗牛山股份有限公司,2015,3.0,畜牧业,行业分类候选+龙头企业身份核实候选,生猪养殖及屠宰加工（扩展口径）,461277640.83,729998909.71,0.63188812,否（仅使用同一分行业维度）,否,是,否,直接畜牧养殖收入占32.47%，未达50%；加入同一分行业维度的农产品初加工收入后占63.19%，纳入扩展样本。,,,,https://static.cninfo.com.cn/finalpage/2016-03-31/1202113092.PDF,12,61,已人工复核（跨年快速核对第七批）,逐年核对当年官方年报；严格口径为直接养殖，扩展口径可加入同一披露维度的初加工；不跨行业、产品、地区维度相加。
000798,中水集团远洋股份有限公司,2015,4.0,渔业,行业分类候选,远洋捕捞,344229783.68,521523302.38,0.66004679,否（只使用一个分行业维度）,是,是,否,当年官方年报分行业直接农业营业收入超过公司合并营业收入50%；未叠加分产品、地区或销售模式。,,,,https://static.cninfo.com.cn/finalpage/2016-04-29/1202268278.PDF,10,63,已人工复核（跨年快速核对第三批）,逐年核对当年官方年报营业收入构成表与合并利润表；未复制相邻年份数值。
000998,袁隆平农业高科技股份有限公司,2015,1.0,农业,行业分类候选+龙头企业身份核实候选,水稻、蔬菜瓜果、玉米及小麦种子,1734837842.56,2025824711.54,0.85636128,否（仅取同一分行业或分产品维度；采用保守分子）,是,是,否,种子等直接农业业务的保守收入占比超过50%；未叠加地区或销售模式维度。,,,,https://static.cninfo.com.cn/finalpage/2016-04-08/1202150869.PDF,24,93,已人工复核（跨年快速核对第二批）,按公司跨年比较后逐年核对当年官方年报业务表与合并利润表；未复制、插值或外推相邻年份数值。
002041,山东登海种业股份有限公司,2015,1.0,农业,行业分类候选,玉米种子（保守产品口径）,1477794264.73,1530773334.98,0.96539065,否（只取一个分行业或分产品维度；采用保守分子）,是,是,否,直接农业业务的保守收入分子已超过公司营业收入50%；未叠加其他可能符合口径的业务。,,,,https://static.cninfo.com.cn/finalpage/2016-07-13/1202467805.PDF,13,80,已人工复核（跨年快速核对试验）,按公司跨年比较后，逐年核对当年年报业务表与利润表；未复制相邻年份数值。
002234,山东民和牧业股份有限公司,2015,3.0,畜牧业,行业分类候选+龙头企业身份核实候选,雏鸡、淘汰鸡及鸡肉制品（扩展口径）,830477098.91,900799701.79,0.92193314,否（仅使用同一分产品维度）,否,是,否,直接畜牧养殖收入占36.71%，未达50%；加入同一分产品维度的农产品初加工收入后占92.19%，纳入扩展样本。,是,否,,https://static.cninfo.com.cn/finalpage/2016-04-23/1202226091.PDF,12,51,已人工复核（跨年快速核对第七批）,逐年核对当年官方年报；严格口径为直接养殖，扩展口径可加入同一披露维度的初加工；不跨行业、产品、地区维度相加。
002299,福建圣农发展股份有限公司,2015,3.0,畜牧业,行业分类候选,家禽饲养加工行业（合并披露）,6571799379.43,6939825279.22,0.9469689963388582,合并披露风险：自产养殖与屠宰初加工无法可靠拆分；未估算严格分子,待核实,是,否,家禽饲养加工合并收入原始占比0.94696899633885823378312910816550711552915285355898，扩展口径达标；严格口径不估算。,,,,https://static.cninfo.com.cn/finalpage/2016-04-25/1202227356.PDF,15,76,已人工复核（跨年快速核对第十一批B组）,逐年核对官方年报；只使用营业收入或主营业务收入列，不使用营业成本列；同一维度计算并排除贸易、深加工及其他非涉农收入。 分行业营业收入/主营业务收入列（禁止使用营业成本列） 严格口径待核实；家禽饲养加工收入只用于扩展口径。年报未单列深加工收入，未将其他业务估算为深加工；贸易未单列，未估算。
002311,广东海大集团股份有限公司,2015,,,龙头企业身份核实候选,直接养殖/种苗（严格上界）；饲料、动保（扩展下界）,20346042350.61,25567402483.2,0.79578058,否（同一分产品维度；农产品只进入上界，贸易、其他和饲料机械排除）,否,是,否,农产品项未拆直接养殖、种苗与禽产业链中的潜在屠宰/加工，故只作上界；扩展下界已超过50%。,,,,https://static.cninfo.com.cn/finalpage/2016-03-29/1202088399.PDF,19|20|21,94,已人工复核（跨年快速核对第十四批G组）,逐年核对官方年报；农业投入品按互斥产品下界计量，贸易和食品深加工排除；未拆候选收入即使上界不足30%也不写成精确零。 2022逐公司行业分类仍待核实，不影响本年年报收入复核。
002321,河南华英农业发展股份有限公司,2015,3.0,畜牧业,行业分类候选+龙头企业身份核实候选,禽苗、种蛋及活禽；冻禽、鸭毛、饲料、羽绒初加工（扩展口径）,1653080641.49,1857499503.11,0.88994944,否（仅使用同一分产品或明确交易收入；不跨维度相加）,否,是,否,严格口径占15.58%，未达50%；同一维度加入初加工和农业投入品后占88.99%，纳入扩展样本。原毛经洗涤、干燥、分级形成的羽绒材料计入初加工；熟食、成品羽绒制品、租赁及其他业务未计入；仅在同一分产品维度加总。,,,,https://static.cninfo.com.cn/finalpage/2016-04-08/1202150635.PDF,16,70,已人工复核（跨年快速核对第十批）,逐年核对官方年报；扩展口径只计可识别初加工或农业投入品，排除贸易、熟食、成品羽绒、餐饮、殡葬、能源和资产处置。
002385,北京大北农科技集团股份有限公司,2015,,,龙头企业身份核实候选,生猪养殖（严格）；饲料、种子、植保、动保及生猪（扩展）,15944136725.76,16098085185.45,0.99043685,否（同一分产品维度；2015生猪为其他产品的已披露子项，其余其他产品只进上界；原料贸易排除）,否,是,否,饲料、种业、植保、疫苗/兽药属于农业投入品；原料贸易排除，其他产品不自动纳入。,,,,https://static.cninfo.com.cn/finalpage/2016-04-09/1202156231.PDF,18|19|20,109,已人工复核（跨年快速核对第十四批G组）,"逐年核对官方年报；农业投入品按互斥产品下界计量，贸易和食品深加工排除；未拆候选收入即使上界不足30%也不写成精确零。 生猪收入按年报披露28,082.02万元换算为280,820,200.00元，来源精度为万元小数点后两位。"
002447,大连壹桥海参股份有限公司,2015,4.0,渔业,行业分类候选,严格口径项目；海参加工品因加工深度未拆仅进入上界,395280462.0,579263111.88,0.68238501,采用互斥分行业口径；不与分产品、地区相加；2016资产置换形成的口径差额不进入下界,是,是,否,育苗和水产养殖为直接农业，严格下界已达到50%；海参加工品加工深度未拆不影响阈值结论。,,,,https://static.cninfo.com.cn/finalpage/2016-04-15/1202178469.PDF,15|16,67,已人工复核（跨年快速核对第二十批X组）,逐年核对官方年报；主营转型按公司—年份处理；混合业务无法可靠拆分时只保留上下界，正式分子留空，不按名称或原料采购推算。 官方年报收入构成表与合并利润表逐年核对；上下界使用原始金额比较30%/50%，不以显示百分比反推。 不适用 上界项目未拆；正式分子采用可确认下界。
002458,山东益生种畜禽股份有限公司,2015,3.0,畜牧业,行业分类候选+龙头企业身份核实候选,鸡、猪、牛奶,592871066.56,604290341.75,0.981103,否（仅取同一分行业或分产品维度；采用保守分子）,是,是,否,仅合计同一分行业维度的鸡、猪和牛奶收入，排除其他及农牧设备；直接畜牧业务保守占比超过50%。,,,,https://static.cninfo.com.cn/finalpage/2016-04-26/1202240523.PDF,13,61,已人工复核（跨年快速核对第二批）,按公司跨年比较后逐年核对当年官方年报业务表与合并利润表；未复制、插值或外推相邻年份数值。
002567,唐人神集团股份有限公司,2015,,,龙头企业身份核实候选,养殖（严格）；饲料+养殖+兽药/动物保健（扩展下界）,8975965506.96,9412661488.93,0.95360547,否（同一分行业维度加总；屠宰及肉类仅作上界）,否,是,否,"严格区间=[0.01321048, 0.01321048]，扩展下界=0.95360547，含全部加工混合项的审计上界=1.00000000。",,,,https://static.cninfo.com.cn/finalpage/2016-04-29/1202266032.PDF,13|14,127,已人工复核（跨年快速核对第十三批E组）,逐年核对官方年报；养殖与屠宰鲜品、原奶与乳制品、液态奶与发酵乳/乳饮料无法完全拆分时保留上下界，其他业务收入和算术残差不得自动当农业收入。 屠宰及肉类大类含初加工与肉制品深加工且未拆分，仅作上界；扩展下界已超过50%。
002582,好想你健康食品股份有限公司,2015,,,龙头企业身份核实候选,单列原枣类（分选、清洗、包装等初加工）,682588148.37,1113050303.75,0.61325903,产品维度与主营/其他业务维度不机械相加；上界只加互斥的其他业务，原料基地和采购均不作收入,待核实,是,否,公司采购红枣及设原料基地不等于公司农业生产收入；2014—2015单列原枣类按扩展初加工纳入，后续混合红枣类别不能拆分。,,,,https://static.cninfo.com.cn/finalpage/2016-04-21/1202212536.PDF,17|18,82,已人工复核（跨年快速核对第十六批P组）,逐年核对官方年报；养殖、投入品和初加工按同一维度下界计量，贸易、屠宰、熟食和普通食品深加工排除；重列比较数优先，混合品类保留上下界。 沿用v26原值；待核实字段不插值、不复制相邻年份 其他业务未拆，仅作上下界增量；2015原枣类未取得同口径销售成本，不影响收入结论。
002679,福建金森林业股份有限公司,2015,2.0,林业,行业分类候选,林业,150873376.6,198786732.91,0.75897106,否（仅取同一分行业或分产品维度；采用保守分子）,是,是,否,直接林业收入保守占比超过50%；未叠加其他披露维度。,,,,https://static.cninfo.com.cn/finalpage/2016-04-23/1202230093.PDF,14,76,已人工复核（跨年快速核对第二批）,按公司跨年比较后逐年核对当年官方年报业务表与合并利润表；未复制、插值或外推相邻年份数值。
002688,金河生物科技股份有限公司,2015,,,龙头企业身份核实候选,兽药、兽用疫苗及药物饲料添加剂（扩展下界）,1124166517.5,1250468533.75,0.89899625,否（兽药投入品使用互斥行业项目；农产品加工仅作上界）,否,是,否,"严格区间=[0.00000000, 0.00000000]，扩展下界=0.89899625，含全部加工混合项的审计上界=0.98545558。",,,,https://static.cninfo.com.cn/finalpage/2016-04-15/1202178993.PDF,16|17,78,已人工复核（跨年快速核对第十三批E组）,逐年核对官方年报；养殖与屠宰鲜品、原奶与乳制品、液态奶与发酵乳/乳饮料无法完全拆分时保留上下界，其他业务收入和算术残差不得自动当农业收入。 淀粉及联产品/农产品加工业可能含初加工与深加工，未拆分，仅作上界；环保及其他非农业用途排除。
002696,百洋产业投资集团股份有限公司,2015,4.0,渔业,行业分类候选,饲料及饲料原料、水产品加工、可识别养殖/捕捞（扩展口径）,1683975612.71,1863739460.06,0.90354669,否（仅使用同一分行业或分产品维度）,否,是,否,同一披露维度内的农业投入品、水产品加工及可识别直接渔业收入占90.35%，超过50%；教育及其他业务未计入。可识别直接养殖/捕捞收入占2.23%，严格样本为否。,,,,https://static.cninfo.com.cn/finalpage/2016-04-19/1202194060.PDF,14,69,已人工复核（跨年快速核对第八批）,逐年核对官方年报；混合披露收入只作审计上界，不写入正式涉农分子；无法拆分初加工、深加工、贸易或自产/外购时明确标记待核实。
002714,牧原食品集团股份有限公司,2015,3.0,畜牧业,行业分类候选+龙头企业身份核实候选,畜牧业（生猪）,3002995668.79,3003474722.79,0.9998405,否（只取一个分行业或分产品维度；采用保守分子）,是,是,否,直接农业业务的保守收入分子已超过公司营业收入50%；未叠加其他可能符合口径的业务。,,,,https://static.cninfo.com.cn/finalpage/2016-02-25/1201997101.PDF,21,95,已人工复核（跨年快速核对试验）,按公司跨年比较后，逐年核对当年年报业务表与利润表；未复制相邻年份数值。
002746,山东仙坛集团股份有限公司,2015,3.0,畜牧业,行业分类候选+龙头企业身份核实候选,肉鸡养殖及屠宰加工,1755788002.76,1755788002.76,1.0,否（仅取同一分行业或分产品维度；采用保守分子）,否,是,否,肉鸡养殖与屠宰加工合并行业收入达到50%；该合并口径含屠宰初加工，不能据此证明直接养殖收入达到50%，故仅纳入扩展样本。,,,,https://static.cninfo.com.cn/finalpage/2016-04-16/1202185525.PDF,18,80,已人工复核（跨年快速核对第二批）,按公司跨年比较后逐年核对当年官方年报业务表与合并利润表；未复制、插值或外推相邻年份数值。
002772,天水众兴菌业科技股份有限公司,2015,,,龙头企业身份核实候选,工厂化种植并销售的鲜品食用菌（同时符合扩展口径）,479501961.25,479520220.22,0.99996192,采用农业种植业/主营业务单一维度，不与产品、地区重复相加,是,是,否,年报明确主营金针菇、双孢菇等鲜品食用菌的工厂化种植和销售，属于直接农业。,,,,https://static.cninfo.com.cn/finalpage/2016-02-26/1202000483.PDF,16|17,91,已人工复核（最终批AB组）,逐年核对官方年报；主营转型按公司—年份处理；直接农业、初加工和农业投入品分别按冻结口径识别；混合业务无法可靠拆分时只保留上下界，正式分子留空。 沿用v32原值；待核实不插值、不复制相邻年份 上下界均超过50%，未拆上界不影响结论。
300087,安徽荃银高科种业股份有限公司,2015,1.0,农业,行业分类候选,水稻、小麦种子（仅取年报明确列示项）,457385237.4,607448026.24,0.75296193,否（同一分产品维度内求和）,是,是,否,仅合计当年年报明确列示的种子产品收入，已超过合并营业收入50%；未计订单粮食、青贮、农批市场、农机农化、服务及含义不清的其他项。,,,,https://static.cninfo.com.cn/finalpage/2016-03-15/1202044825.PDF,14,78,已人工复核（跨年快速核对第四批）,逐年核对官方年报分产品收入；仅用明确种子项目的保守分子，不复制相邻年度。
300143,盈康生命科技股份有限公司,2015,1.0,农业,行业分类候选,自产食用菌鲜品及脱水初加工品（剔除经销商品），其他业务只作上界,279891189.94,280137234.37,0.9991217,产品项目互斥；不叠加行业、地区维度，审计其他业务仅作上界,待核实,是,否,自产鲜品食用菌属于直接农业；2015年干菇为自产鲜菇脱水初加工，仅进入扩展下界；经销商品及医疗业务排除。,,,,https://static.cninfo.com.cn/finalpage/2016-03-16/1202048392.PDF,14|15,63|140,已人工复核（跨年快速核对第二十批Y组）,逐年核对官方年报；主营转型按公司—年份处理；混合业务无法可靠拆分时只保留上下界，正式分子留空，不按名称或原料采购推算。 沿用v31原值；待核实不插值、不复制相邻年份 鲜菇与自产鲜菇脱水形成的干菇收入未拆，严格上下界跨越50%。
300189,海南神农种业科技股份有限公司,2015,1.0,农业,行业分类候选+龙头企业身份核实候选,杂交水稻、玉米、棉花、蔬菜及其他种子,239020007.32,310509442.07,0.76976728,否（同一分产品维度内求和）,是,是,否,明确种子产品收入已超过合并营业收入50%，未计农化、粮食、房屋、供应链等项目。,,,,https://static.cninfo.com.cn/finalpage/2020-01-07/1207233016.PDF,16,92,已人工复核（跨年快速核对第五批）,逐年核对官方年报分产品收入，业务转型年份按当年实际口径判定。
300498,温氏食品集团股份有限公司,2015,3.0,畜牧业,行业分类候选+龙头企业身份核实候选,养殖（严格）；养殖+兽药投入品（扩展下界）,46627670134.9,48237369754.91,0.96662961,否（采用互斥分行业/分产品项目；加工混合项只作上界）,是,是,否,"严格区间=[0.96662961, 0.96662961]，扩展下界=0.98120085，含全部加工混合项的审计上界=0.99897175。",,,,https://static.cninfo.com.cn/finalpage/2016-04-18/1202185591.PDF,18|19,92,已人工复核（跨年快速核对第十三批E组）,逐年核对官方年报；养殖与屠宰鲜品、原奶与乳制品、液态奶与发酵乳/乳饮料无法完全拆分时保留上下界，其他业务收入和算术残差不得自动当农业收入。 肉制品加工及‘原奶及乳制品’含初/深加工未拆分，仅作上界；下界已超过50%，不影响纳入结论。
600097,上海开创国际海洋资源股份有限公司,2015,4.0,渔业,行业分类候选,海洋捕捞（严格=扩展）；罐头食品/鱼罐头深加工排除,670057033.5,675047903.11,0.99260664,否（只使用同一分行业维度，不与分产品或分地区收入相加）,是,是,否,严格及扩展Decimal高精度门槛计算值=0.99260664378482377003053868504001670033422526306735。食品加工深加工排除金额=0.00元；渔货贸易和海上运输亦已排除。,,,,https://static.cninfo.com.cn/finalpage/2016-04-28/1202257366.PDF,9,38,已人工复核（跨年快速核对第十一批C组）,逐年核对官方年报；只使用营业收入或主营业务收入列，不使用营业成本列；同一维度计算并排除贸易、深加工及其他非涉农收入。 比例门槛采用Decimal 50位精度计算；文本值为高精度计算值，不表示无限精度小数
600108,甘肃亚盛实业(集团)股份有限公司,2015,1.0,农业,行业分类候选+龙头企业身份核实候选,农业种植,1621364594.68,2191117593.57,0.73997151,否（仅使用同一分行业维度）,是,是,否,同一分行业维度的直接农业收入超过合并营业收入50%；未叠加产品、地区或销售模式。,,,,https://static.cninfo.com.cn/finalpage/2016-04-28/1202261759.PDF,11,52,已人工复核（跨年快速核对第六批）,逐年核对当年官方年报分行业营业收入和合并利润表；严格、扩展口径分别计算，不跨披露维度相加。
600195,中牧实业股份有限公司,2015,,,龙头企业身份核实候选,生物制品、兽药/化药、饲料等农业投入品（扩展）,2456203878.77,4234189943.05,0.58008826,否（同一分产品维度加总；单列贸易收入全部排除）,否,是,否,生物制品、兽药/化药和饲料属于农业投入品；贸易为互斥单列产品，不计入。,,,,https://static.cninfo.com.cn/finalpage/2016-03-29/1202090718.PDF,14,59,已人工复核（跨年快速核对第十四批G组）,逐年核对官方年报；农业投入品按互斥产品下界计量，贸易和食品深加工排除；未拆候选收入即使上界不足30%也不写成精确零。 2022逐公司行业分类仍待核实，不影响本年年报收入复核。
600257,大湖健康产业股份有限公司,2015,4.0,渔业,行业分类候选,水产品养殖（年报分行业‘农业’）,559827909.56,808924738.75,0.69206427,否（只使用同一分行业维度，不与分产品或分地区收入相加）,是,是,否,农业分行业Decimal高精度门槛计算值=0.69206427092967924143610572696185823010225004074892；沿用已核实2023年的水产品养殖口径。非涉农健康产业收入全部排除。,,,,https://static.cninfo.com.cn/finalpage/2016-04-29/1202268444.PDF,9|10,38,已人工复核（跨年快速核对第十一批C组）,逐年核对官方年报；只使用营业收入或主营业务收入列，不使用营业成本列；同一维度计算并排除贸易、深加工及其他非涉农收入。 比例门槛采用Decimal 50位精度计算；文本值为高精度计算值，不表示无限精度小数
600265,云南景谷林业股份有限公司,2015,2.0,林业,行业分类候选,林木销售；林板、木材及林化初加工（扩展口径）,82894713.72,87847153.84,0.94362435,否（仅使用同一分产品或明确交易收入；不跨维度相加）,否,是,否,严格口径占0.00%，未达50%；同一维度加入初加工和农业投入品后占94.36%，纳入扩展样本。林木销售计入直接林业；林板/木材和松香、松节油等林化初加工计入扩展口径；能源、租赁、林地使用权及固定资产处置不计入。,是,是,,https://static.cninfo.com.cn/finalpage/2016-04-29/1202269006.PDF,11,54,已人工复核（跨年快速核对第十批）,逐年核对官方年报；扩展口径只计可识别初加工或农业投入品，排除贸易、熟食、成品羽绒、餐饮、殡葬、能源和资产处置。
600313,中农发种业集团股份有限公司,2015,1.0,农业,行业分类候选,同一产品层级明确的化肥、农药及各类种子,3329454190.06,3772977948.58,0.8824473,否（下界仅采用同一分产品层级；行业行只贡献正的未解释上界增量）,否,是,否,"严格区间[0, 0]；扩展区间[0.882447296389069848890179489499548990231803386534278793990481, 0.900140644802390036660403449232395566454344559412325554239060]。下界只加总同一分产品层级明确的化肥、农药及种子；农资贸易/种子销售行业行只用于识别正的未解释上界增量。大理石、粮食贸易、麸皮、谷朊粉、淀粉、面粉、黄粉、核辐及其他不明确产品均不进下界。",,,,https://static.cninfo.com.cn/finalpage/2016-04-28/1202260431.PDF,10|11,61,已人工复核（跨年快速核对第十四/十五批H组）,逐年核对官方年报；农业投入品下界只加同层级明确产品；乳品混合初深加工时保留上下界，内部原奶不重复，能源、食品深加工和模糊其他收入不自动纳入。 沿用v23原值；待核实时不插值、不复制相邻年份
600354,甘肃省敦煌种业集团股份有限公司,2015,1.0,农业,行业分类候选+龙头企业身份核实候选,种子,873453457.3,1304026666.04,0.66981257,否（仅使用同一分行业维度）,是,是,否,种子收入占66.98%，达到50%严格门槛；食品与贸易、棉花、果蔬及其他业务均未用于放大分子。,,,,https://static.cninfo.com.cn/finalpage/2016-04-15/1202181741.PDF,10,45,已人工复核（跨年快速核对第九批）,逐年核对官方年报同一分行业维度和合并利润表；扩展口径只加入农业投入品，不计批零、食品贸易、香料、棉花、果蔬或其他非直接农业业务。
600371,万向德农股份有限公司,2015,1.0,农业,行业分类候选,种子行业,364704423.31,371715892.15,0.98113756,否（只取一个分行业或分产品维度；采用保守分子）,是,是,否,直接农业业务的保守收入分子已超过公司营业收入50%；未叠加其他可能符合口径的业务。,,,,https://static.cninfo.com.cn/finalpage/2016-03-31/1202110510.PDF,10,42,已人工复核（跨年快速核对试验）,按公司跨年比较后，逐年核对当年年报业务表与利润表；未复制相邻年份数值。
600438,通威股份有限公司,2015,,,龙头企业身份核实候选,饲料及兽药（下界）；农牧业务（上界）,13169213948.65,14079246514.03,0.93536355,否（同一产品/行业层级设上下界，不跨维度重复相加）,否,是,否,"严格区间[0, 0.0583820237674580245855176919492947851968778417003924095613707]；扩展区间[0.935363546303905499868633299150140940633685375343729807126217, 0.993745570071363524454150991099435725830563217044122216687588]。水产养殖可属严格口径，但与食品加工混合，故仅作严格上界；光伏、能源及化工全部排除。",,,,https://static.cninfo.com.cn/finalpage/2016-04-12/1202162360.PDF,10|11,47,已人工复核（跨年快速核对第十四/十五批H组）,逐年核对官方年报；农业投入品下界只加同层级明确产品；乳品混合初深加工时保留上下界，内部原奶不重复，能源、食品深加工和模糊其他收入不自动纳入。 沿用v23原值；待核实时不插值、不复制相邻年份
600467,山东好当家海洋发展股份有限公司,2015,4.0,渔业,行业分类候选+龙头企业身份核实候选,水产养殖、捕捞,553486037.4,986967423.93,0.56079464,否（仅使用同一分行业维度）,是,是,否,同一分行业维度的直接农业收入超过合并营业收入50%；未叠加产品、地区或销售模式。,,,,https://static.cninfo.com.cn/finalpage/2016-04-23/1202227974.PDF,10,42,已人工复核（跨年快速核对第六批）,逐年核对当年官方年报分行业营业收入和合并利润表；严格、扩展口径分别计算，不跨披露维度相加。
600598,黑龙江北大荒农业股份有限公司,2015,1.0,农业,行业分类候选,农业行业（土地承包及农产品经营）,2637577960.46,3654397734.62,0.72175449,否（仅使用同一分行业维度）,是,是,否,同一分行业维度的直接农业收入超过合并营业收入50%；未叠加产品、地区或销售模式。,是,否,,https://static.cninfo.com.cn/finalpage/2016-03-22/1202064999.PDF,10,57,已人工复核（跨年快速核对第六批）,逐年核对当年官方年报分行业营业收入和合并利润表；严格、扩展口径分别计算，不跨披露维度相加。
600975,湖南新五丰股份有限公司,2015,3.0,畜牧业,行业分类候选+龙头企业身份核实候选,畜牧业（生猪）、饲料加工,741303078.01,1326036664.34,0.55903664,否（仅使用同一分行业维度）,否,是,否,畜牧业收入占46.03%，未达严格门槛；同一行业维度加入农业投入品饲料加工后占55.90%，达到扩展样本门槛。批发零售未计入。,,,,https://static.cninfo.com.cn/finalpage/2016-04-23/1202229848.PDF,14,61,已人工复核（跨年快速核对第九批）,逐年核对官方年报同一分行业维度和合并利润表；扩展口径只加入农业投入品，不计批零、食品贸易、香料、棉花、果蔬或其他非直接农业业务。
000711,铟靶新材（哈尔滨）股份有限公司,2016,5.0,农林牧渔服务业,行业分类候选,节水灌溉农业生产服务,423852963.76,460813601.86,0.91979265,分行业与分产品可能重叠；已固定一套维度或以明确产品下界处理，不机械相加,是,是,否,2016年京蓝科技已转型节水灌溉，分行业收入占91.98%；按公司—年份和当年A05入口判断，不以当前铟靶新材名称倒推历史业务。,是,否,,https://static.cninfo.com.cn/finalpage/2017-10-28/1204086085.PDF,14|15,72,已人工复核（最终批AC组）,逐年核对官方年报；主营转型按公司—年份处理；直接农业、初加工和农业投入品分别按冻结口径识别；混合业务无法可靠拆分时只保留上下界，正式分子留空。 历史年报法人/简称为京蓝科技；当前公司全称仅为v32证券代码映射结果。 不适用 无影响结论的收入拆分缺口；清洁能源、电子及其他业务排除。
000713,国投丰乐种业股份有限公司,2016,5.0,农林牧渔服务业,行业分类候选,种子类、农化类,966435573.17,1217693090.22,0.79366105,否（仅使用同一分行业维度）,否,是,否,种子收入占25.36%，未达严格门槛；同一行业维度加入农业投入品农化业务后占79.37%，达到扩展样本门槛。香料业务未计入。,,,,https://static.cninfo.com.cn/finalpage/2017-06-28/1203653421.PDF,18,84,已人工复核（跨年快速核对第九批）,逐年核对官方年报同一分行业维度和合并利润表；扩展口径只加入农业投入品，不计批零、食品贸易、香料、棉花、果蔬或其他非直接农业业务。
000735,罗牛山股份有限公司,2016,3.0,畜牧业,行业分类候选,畜牧业及屠宰加工业（扩展口径）,480527756.39,891077257.45,0.5392661,否（仅使用同一分行业维度）,否,是,否,直接畜牧养殖收入占33.32%，未达50%；加入同一分行业维度的农产品初加工收入后占53.93%，纳入扩展样本。,,,,https://static.cninfo.com.cn/finalpage/2017-03-31/1203238346.PDF,13,66|106,已人工复核（跨年快速核对第七批）,逐年核对当年官方年报；严格口径为直接养殖，扩展口径可加入同一披露维度的初加工；不跨行业、产品、地区维度相加。
000798,中水集团远洋股份有限公司,2016,4.0,渔业,行业分类候选,远洋捕捞,352892543.23,534459692.46,0.66027906,否（只使用一个分行业维度）,是,是,否,当年官方年报分行业直接农业营业收入超过公司合并营业收入50%；未叠加分产品、地区或销售模式。,,,,https://static.cninfo.com.cn/finalpage/2017-04-27/1203406664.PDF,12,69,已人工复核（跨年快速核对第三批）,逐年核对当年官方年报营业收入构成表与合并利润表；未复制相邻年份数值。
000998,袁隆平农业高科技股份有限公司,2016,1.0,农业,行业分类候选,农业（水稻种子、玉米种子）,1507451747.12,2299410170.79,0.65558193,否（仅取同一分行业或分产品维度；采用保守分子）,是,是,否,种子等直接农业业务的保守收入占比超过50%；未叠加地区或销售模式维度。,,,,https://static.cninfo.com.cn/finalpage/2017-04-28/1203415549.PDF,25,114|174,已人工复核（跨年快速核对第二批）,按公司跨年比较后逐年核对当年官方年报业务表与合并利润表；未复制、插值或外推相邻年份数值。
002041,山东登海种业股份有限公司,2016,1.0,农业,行业分类候选,玉米种子（保守产品口径）,1547236853.14,1602630739.42,0.96543565,否（只取一个分行业或分产品维度；采用保守分子）,是,是,否,直接农业业务的保守收入分子已超过公司营业收入50%；未叠加其他可能符合口径的业务。,,,,https://static.cninfo.com.cn/finalpage/2017-04-21/1203344879.PDF,16,86,已人工复核（跨年快速核对试验）,按公司跨年比较后，逐年核对当年年报业务表与利润表；未复制相邻年份数值。
002234,山东民和牧业股份有限公司,2016,3.0,畜牧业,行业分类候选,雏鸡及淘汰鸡,801958311.2,1408702921.15,0.56928846,否（仅使用同一分产品维度）,是,是,否,直接畜牧养殖收入占56.93%，超过合并营业收入50%；未叠加行业、产品或地区等交叉披露维度。,,,,https://static.cninfo.com.cn/finalpage/2017-03-25/1203194868.PDF,17,54,已人工复核（跨年快速核对第七批）,逐年核对当年官方年报；严格口径为直接养殖，扩展口径可加入同一披露维度的初加工；不跨行业、产品、地区维度相加。
002299,福建圣农发展股份有限公司,2016,3.0,畜牧业,行业分类候选,家禽饲养加工行业（合并披露）,7989406799.9,8340420528.35,0.9579141450653637,合并披露风险：自产养殖与屠宰初加工无法可靠拆分；未估算严格分子,待核实,是,否,家禽饲养加工合并收入原始占比0.95791414506536378919946980805044912804693327151424，扩展口径达标；严格口径不估算。,,,,https://static.cninfo.com.cn/finalpage/2017-03-31/1203239273.PDF,15,72,已人工复核（跨年快速核对第十一批B组）,逐年核对官方年报；只使用营业收入或主营业务收入列，不使用营业成本列；同一维度计算并排除贸易、深加工及其他非涉农收入。 分行业营业收入/主营业务收入列（禁止使用营业成本列） 严格口径待核实；家禽饲养加工收入只用于扩展口径。年报未单列深加工收入，未将其他业务估算为深加工；贸易未单列，未估算。
002321,河南华英农业发展股份有限公司,2016,3.0,畜牧业,行业分类候选,禽苗、种蛋及活禽；冻禽、鸭毛、饲料、羽绒初加工（扩展口径）,2214507296.97,2514708469.8,0.88062188,否（仅使用同一分产品或明确交易收入；不跨维度相加）,否,是,否,严格口径占10.27%，未达50%；同一维度加入初加工和农业投入品后占88.06%，纳入扩展样本。原毛经洗涤、干燥、分级形成的羽绒材料计入初加工；熟食、成品羽绒制品、租赁及其他业务未计入；仅在同一分产品维度加总。,,,,https://static.cninfo.com.cn/finalpage/2017-03-28/1203211798.PDF,16,81,已人工复核（跨年快速核对第十批）,逐年核对官方年报；扩展口径只计可识别初加工或农业投入品，排除贸易、熟食、成品羽绒、餐饮、殡葬、能源和资产处置。
002447,大连壹桥海参股份有限公司,2016,4.0,渔业,行业分类候选,严格口径项目；海参加工品因加工深度未拆仅进入上界,519643651.76,781635217.21,0.66481607,采用互斥分行业口径；不与分产品、地区相加；2016资产置换形成的口径差额不进入下界,是,是,否,育苗和水产养殖为直接农业，严格下界已达到50%；海参加工品加工深度未拆不影响阈值结论。,,,,https://static.cninfo.com.cn/finalpage/2017-04-28/1203410822.PDF,15|16,65,已人工复核（跨年快速核对第二十批X组）,逐年核对官方年报；主营转型按公司—年份处理；混合业务无法可靠拆分时只保留上下界，正式分子留空，不按名称或原料采购推算。 官方年报收入构成表与合并利润表逐年核对；上下界使用原始金额比较30%/50%，不以显示百分比反推。 不适用 上界项目未拆；正式分子采用可确认下界。
002458,山东益生种畜禽股份有限公司,2016,3.0,畜牧业,行业分类候选,鸡、猪、牛奶,1586466270.15,1611132544.74,0.9846901,否（仅使用同一分行业维度）,是,是,否,直接畜牧养殖收入占98.47%，超过合并营业收入50%；未叠加行业、产品或地区等交叉披露维度。,,,,https://static.cninfo.com.cn/finalpage/2017-03-21/1203179920.PDF,16,72,已人工复核（跨年快速核对第七批）,逐年核对当年官方年报；严格口径为直接养殖，扩展口径可加入同一披露维度的初加工；不跨行业、产品、地区维度相加。
002679,福建金森林业股份有限公司,2016,2.0,林业,行业分类候选,林业,113484097.38,137628739.26,0.82456686,否（仅取同一分行业或分产品维度；采用保守分子）,是,是,否,直接林业收入保守占比超过50%；未叠加其他披露维度。,,,,https://static.cninfo.com.cn/finalpage/2017-04-26/1203388813.PDF,13,70,已人工复核（跨年快速核对第二批）,按公司跨年比较后逐年核对当年官方年报业务表与合并利润表；未复制、插值或外推相邻年份数值。
002696,百洋产业投资集团股份有限公司,2016,4.0,渔业,行业分类候选,饲料及饲料原料、水产品加工、可识别养殖/捕捞（扩展口径）,2033352195.47,2068525079.14,0.98299615,否（仅使用同一分行业或分产品维度）,否,是,否,同一披露维度内的农业投入品、水产品加工及可识别直接渔业收入占98.30%，超过50%；教育及其他业务未计入。可识别直接养殖/捕捞收入占2.87%，严格样本为否。,,,,https://static.cninfo.com.cn/finalpage/2017-03-14/1203153613.PDF,14,69,已人工复核（跨年快速核对第八批）,逐年核对官方年报；混合披露收入只作审计上界，不写入正式涉农分子；无法拆分初加工、深加工、贸易或自产/外购时明确标记待核实。
002714,牧原食品集团股份有限公司,2016,3.0,畜牧业,行业分类候选,畜牧业,5605907003.09,5605907003.09,1.0,否（只取一个分行业或分产品维度；采用保守分子）,是,是,否,直接农业业务的保守收入分子已超过公司营业收入50%；未叠加其他可能符合口径的业务。,,,,https://static.cninfo.com.cn/finalpage/2017-04-26/1203388322.PDF,22,95,已人工复核（跨年快速核对试验）,按公司跨年比较后，逐年核对当年年报业务表与利润表；未复制相邻年份数值。
002746,山东仙坛集团股份有限公司,2016,3.0,畜牧业,行业分类候选,肉鸡养殖及屠宰加工,2095018758.69,2095018758.69,1.0,否（仅取同一分行业或分产品维度；采用保守分子）,否,是,否,肉鸡养殖与屠宰加工合并行业收入达到50%；该合并口径含屠宰初加工，不能据此证明直接养殖收入达到50%，故仅纳入扩展样本。,,,,https://static.cninfo.com.cn/finalpage/2017-04-28/1203410675.PDF,18,83,已人工复核（跨年快速核对第二批）,按公司跨年比较后逐年核对当年官方年报业务表与合并利润表；未复制、插值或外推相邻年份数值。
002772,天水众兴菌业科技股份有限公司,2016,1.0,农业,行业分类候选,食用菌种植,585018459.38,585018459.38,1.0,否（只使用一个分行业维度）,是,是,否,当年官方年报分行业直接农业营业收入超过公司合并营业收入50%；未叠加分产品、地区或销售模式。,,,,https://static.cninfo.com.cn/finalpage/2017-02-28/1203112266.PDF,23,111,已人工复核（跨年快速核对第三批）,逐年核对当年官方年报营业收入构成表与合并利润表；未复制相邻年份数值。
300087,安徽荃银高科种业股份有限公司,2016,1.0,农业,行业分类候选,水稻、玉米、小麦种子（仅取年报明确列示项）,637545643.22,757218222.05,0.84195761,否（同一分产品维度内求和）,是,是,否,仅合计当年年报明确列示的种子产品收入，已超过合并营业收入50%；未计订单粮食、青贮、农批市场、农机农化、服务及含义不清的其他项。,,,,https://static.cninfo.com.cn/finalpage/2017-04-08/1203263906.PDF,20,92,已人工复核（跨年快速核对第四批）,逐年核对官方年报分产品收入；仅用明确种子项目的保守分子，不复制相邻年度。
300143,盈康生命科技股份有限公司,2016,1.0,农业,行业分类候选,自产食用菌鲜品，其他业务只作扩展上界,242792614.12,432454072.41,0.56142982,产品项目互斥；不叠加行业、地区维度，审计其他业务仅作上界,是,是,否,自产鲜品食用菌属于直接农业；2015年干菇为自产鲜菇脱水初加工，仅进入扩展下界；经销商品及医疗业务排除。,,,,https://static.cninfo.com.cn/finalpage/2017-04-07/1203259229.PDF,23|25,86,已人工复核（跨年快速核对第二十批Y组）,逐年核对官方年报；主营转型按公司—年份处理；混合业务无法可靠拆分时只保留上下界，正式分子留空，不按名称或原料采购推算。 沿用v31原值；待核实不插值、不复制相邻年份 审计其他业务未拆，只作上界。
300498,温氏食品集团股份有限公司,2016,3.0,畜牧业,行业分类候选,养殖（严格）；养殖+兽药投入品（扩展下界）,57557623514.21,59355237219.15,0.96971432,否（采用互斥分行业/分产品项目；加工混合项只作上界）,是,是,否,"严格区间=[0.96971432, 0.96971432]，扩展下界=0.97782895，含全部加工混合项的审计上界=0.99758466。",,,,https://static.cninfo.com.cn/finalpage/2017-04-07/1203258370.PDF,24|25,115,已人工复核（跨年快速核对第十三批E组）,逐年核对官方年报；养殖与屠宰鲜品、原奶与乳制品、液态奶与发酵乳/乳饮料无法完全拆分时保留上下界，其他业务收入和算术残差不得自动当农业收入。 肉制品加工及‘原奶及乳制品’含初/深加工未拆分，仅作上界；下界已超过50%，不影响纳入结论。
300511,上海雪榕生物科技股份有限公司,2016,1.0,农业,行业分类候选,食用菌种植,985313102.69,998677031.84,0.98661837,否（只使用一个分行业维度）,是,是,否,当年官方年报分行业直接农业营业收入超过公司合并营业收入50%；未叠加分产品、地区或销售模式。,,,,https://static.cninfo.com.cn/finalpage/2017-03-14/1203155463.PDF,22,89,已人工复核（跨年快速核对第三批）,逐年核对当年官方年报营业收入构成表与合并利润表；未复制相邻年份数值。
600097,上海开创国际海洋资源股份有限公司,2016,4.0,渔业,行业分类候选,海洋捕捞（严格=扩展）；罐头食品/鱼罐头深加工排除,754858422.19,1148730870.22,0.65712382,否（只使用同一分行业维度，不与分产品或分地区收入相加）,是,是,否,严格及扩展Decimal高精度门槛计算值=0.65712382400364391593237007593856913002913797501898。食品加工深加工排除金额=388390235.18元；渔货贸易和海上运输亦已排除。,,,,https://static.cninfo.com.cn/finalpage/2017-04-20/1203332148.PDF,10|11,50,已人工复核（跨年快速核对第十一批C组）,逐年核对官方年报；只使用营业收入或主营业务收入列，不使用营业成本列；同一维度计算并排除贸易、深加工及其他非涉农收入。 比例门槛采用Decimal 50位精度计算；文本值为高精度计算值，不表示无限精度小数
600108,甘肃亚盛实业(集团)股份有限公司,2016,1.0,农业,行业分类候选,农业种植,1596645360.48,2068975051.65,0.77170837,否（仅使用同一分行业维度）,是,是,否,同一分行业维度的直接农业收入超过合并营业收入50%；未叠加产品、地区或销售模式。,,,,https://static.cninfo.com.cn/finalpage/2017-04-28/1203411242.PDF,11,51,已人工复核（跨年快速核对第六批）,逐年核对当年官方年报分行业营业收入和合并利润表；严格、扩展口径分别计算，不跨披露维度相加。
600257,大湖健康产业股份有限公司,2016,4.0,渔业,行业分类候选,水产品养殖（年报分行业‘农业’）,643076222.0,926193680.67,0.69432154,否（只使用同一分行业维度，不与分产品或分地区收入相加）,是,是,否,农业分行业Decimal高精度门槛计算值=0.69432153924307124262297089680271787121477553840154；沿用已核实2023年的水产品养殖口径。非涉农健康产业收入全部排除。,,,,https://static.cninfo.com.cn/finalpage/2017-04-28/1203417570.PDF,9|10,55,已人工复核（跨年快速核对第十一批C组）,逐年核对官方年报；只使用营业收入或主营业务收入列，不使用营业成本列；同一维度计算并排除贸易、深加工及其他非涉农收入。 比例门槛采用Decimal 50位精度计算；文本值为高精度计算值，不表示无限精度小数
600265,云南景谷林业股份有限公司,2016,2.0,林业,行业分类候选,林木销售；林板、木材及林化初加工（扩展口径）,64965591.94,70718280.47,0.91865344,否（仅使用同一分产品或明确交易收入；不跨维度相加）,否,是,否,严格口径占0.00%，未达50%；同一维度加入初加工和农业投入品后占91.87%，纳入扩展样本。林木销售计入直接林业；林板/木材和松香、松节油等林化初加工计入扩展口径；能源、租赁、林地使用权及固定资产处置不计入。,是,是,,https://static.cninfo.com.cn/finalpage/2017-01-25/1203051940.PDF,13,73,已人工复核（跨年快速核对第十批）,逐年核对官方年报；扩展口径只计可识别初加工或农业投入品，排除贸易、熟食、成品羽绒、餐饮、殡葬、能源和资产处置。
600313,中农发种业集团股份有限公司,2016,1.0,农业,行业分类候选,同一产品层级明确的化肥、农药及各类种子,3980284710.84,4414501117.9,0.90163862,否（下界仅采用同一分产品层级；行业行只贡献正的未解释上界增量）,否,是,否,"严格区间[0, 0]；扩展区间[0.901638623377094331576904911128780122128599268872777738616325, 0.901842325237391463839638141050746883989139967955698226826357]。下界只加总同一分产品层级明确的化肥、农药及种子；农资贸易/种子销售行业行只用于识别正的未解释上界增量。大理石、粮食贸易、麸皮、谷朊粉、淀粉、面粉、黄粉、核辐及其他不明确产品均不进下界。",,,,https://static.cninfo.com.cn/finalpage/2017-05-03/1203470537.PDF,13|14,77,已人工复核（跨年快速核对第十四/十五批H组）,逐年核对官方年报；农业投入品下界只加同层级明确产品；乳品混合初深加工时保留上下界，内部原奶不重复，能源、食品深加工和模糊其他收入不自动纳入。 沿用v23原值；待核实时不插值、不复制相邻年份
600354,甘肃省敦煌种业集团股份有限公司,2016,1.0,农业,行业分类候选,种子,422224211.85,655137590.83,0.64448174,否（仅使用同一分行业维度）,是,是,否,种子收入占64.45%，达到50%严格门槛；食品与贸易、棉花、果蔬及其他业务均未用于放大分子。,,,,https://static.cninfo.com.cn/finalpage/2017-04-28/1203417719.PDF,11,59,已人工复核（跨年快速核对第九批）,逐年核对官方年报同一分行业维度和合并利润表；扩展口径只加入农业投入品，不计批零、食品贸易、香料、棉花、果蔬或其他非直接农业业务。
600371,万向德农股份有限公司,2016,1.0,农业,行业分类候选,玉米种子（保守产品口径）,307391243.06,318502363.87,0.96511448,否（只取一个分行业或分产品维度；采用保守分子）,是,是,否,直接农业业务的保守收入分子已超过公司营业收入50%；未叠加其他可能符合口径的业务。,,,,https://static.cninfo.com.cn/finalpage/2017-04-25/1203372878.PDF,11,50,已人工复核（跨年快速核对试验）,按公司跨年比较后，逐年核对当年年报业务表与利润表；未复制相邻年份数值。
600467,山东好当家海洋发展股份有限公司,2016,4.0,渔业,行业分类候选,水产养殖、捕捞及水产品初加工（扩展口径）,1050245257.99,1059827102.15,0.99095905,否（仅使用同一分行业维度）,否,是,否,养殖与捕捞严格口径占47.74%，未达50%；在同一分行业维度加入水产品初加工后扩展口径超过50%，未与产品维度重复相加。,,,,https://static.cninfo.com.cn/finalpage/2017-05-23/1203554147.PDF,13,59,已人工复核（跨年快速核对第六批）,逐年核对当年官方年报分行业营业收入和合并利润表；严格、扩展口径分别计算，不跨披露维度相加。
600598,黑龙江北大荒农业股份有限公司,2016,1.0,农业,行业分类候选,农业行业（土地承包及农产品经营）,2563091960.64,3094778574.28,0.82819882,否（仅使用同一分行业维度）,是,是,否,同一分行业维度的直接农业收入超过合并营业收入50%；未叠加产品、地区或销售模式。,,,,https://static.cninfo.com.cn/finalpage/2017-03-28/1203209010.PDF,11,63,已人工复核（跨年快速核对第六批）,逐年核对当年官方年报分行业营业收入和合并利润表；严格、扩展口径分别计算，不跨披露维度相加。
600975,湖南新五丰股份有限公司,2016,3.0,畜牧业,行业分类候选,畜牧业（生猪）,885580075.4,1691374321.68,0.52358609,否（仅使用同一分行业维度）,是,是,否,畜牧业收入占52.36%，达到50%严格门槛；同一行业维度加入饲料加工后占57.86%。批发零售未计入。,,,,https://static.cninfo.com.cn/finalpage/2017-04-28/1203416866.PDF,16,78,已人工复核（跨年快速核对第九批）,逐年核对官方年报同一分行业维度和合并利润表；扩展口径只加入农业投入品，不计批零、食品贸易、香料、棉花、果蔬或其他非直接农业业务。
000713,国投丰乐种业股份有限公司,2017,5.0,农林牧渔服务业,行业分类候选,种子类、农化类,1148987009.8,1446714027.92,0.79420465,否（仅使用同一分行业维度）,否,是,否,种子收入占18.81%，未达严格门槛；同一行业维度加入农业投入品农化业务后占79.42%，达到扩展样本门槛。香料业务未计入。,,,,https://static.cninfo.com.cn/finalpage/2018-06-16/1205063462.PDF,18,78,已人工复核（跨年快速核对第九批）,逐年核对官方年报同一分行业维度和合并利润表；扩展口径只加入农业投入品，不计批零、食品贸易、香料、棉花、果蔬或其他非直接农业业务。
000798,中水集团远洋股份有限公司,2017,4.0,渔业,行业分类候选,远洋捕捞,603260705.75,748144656.79,0.80634233,否（只使用一个分行业维度）,是,是,否,当年官方年报分行业直接农业营业收入超过公司合并营业收入50%；未叠加分产品、地区或销售模式。,,,,https://static.cninfo.com.cn/finalpage/2019-07-13/1206443995.PDF,12,26|68,已人工复核（跨年快速核对第三批）,逐年核对当年官方年报营业收入构成表与合并利润表；未复制相邻年份数值。
000998,袁隆平农业高科技股份有限公司,2017,1.0,农业,行业分类候选,农业（水稻种子、玉米种子）,2291490702.79,3190019342.23,0.71833129,否（仅取同一分行业或分产品维度；采用保守分子）,是,是,否,种子等直接农业业务的保守收入占比超过50%；未叠加地区或销售模式维度。,,,,https://static.cninfo.com.cn/finalpage/2018-06-19/1205065798.PDF,20,99,已人工复核（跨年快速核对第二批）,按公司跨年比较后逐年核对当年官方年报业务表与合并利润表；未复制、插值或外推相邻年份数值。
002041,山东登海种业股份有限公司,2017,1.0,农业,行业分类候选,玉米种子（保守产品口径）,747975359.62,803820973.69,0.93052481,否（只取一个分行业或分产品维度；采用保守分子）,是,是,否,直接农业业务的保守收入分子已超过公司营业收入50%；未叠加其他可能符合口径的业务。,,,,https://static.cninfo.com.cn/finalpage/2018-04-20/1204668180.PDF,17,64,已人工复核（跨年快速核对试验）,按公司跨年比较后，逐年核对当年年报业务表与利润表；未复制相邻年份数值。
002234,山东民和牧业股份有限公司,2017,3.0,畜牧业,行业分类候选,雏鸡、淘汰鸡及鸡肉制品（扩展口径）,1009123926.57,1067502353.94,0.94531307,否（仅使用同一分产品维度）,否,是,否,直接畜牧养殖收入占40.17%，未达50%；加入同一分产品维度的农产品初加工收入后占94.53%，纳入扩展样本。,,,,https://static.cninfo.com.cn/finalpage/2018-04-27/1204800904.PDF,17,55,已人工复核（跨年快速核对第七批）,逐年核对当年官方年报；严格口径为直接养殖，扩展口径可加入同一披露维度的初加工；不跨行业、产品、地区维度相加。
002299,福建圣农发展股份有限公司,2017,3.0,畜牧业,行业分类候选,家禽饲养加工行业（合并披露）,7562392031.83,10158794866.3,0.7444182239486786,合并披露风险：自产养殖与屠宰初加工无法可靠拆分；未估算严格分子,待核实,是,否,家禽饲养加工合并收入原始占比0.74441822394867861217185015027632362814137592918274，扩展口径达标；严格口径不估算。,,,,https://static.cninfo.com.cn/finalpage/2018-04-23/1204675125.PDF,17,87,已人工复核（跨年快速核对第十一批B组）,逐年核对官方年报；只使用营业收入或主营业务收入列，不使用营业成本列；同一维度计算并排除贸易、深加工及其他非涉农收入。 分行业营业收入/主营业务收入列（禁止使用营业成本列） 严格口径待核实；家禽饲养加工收入只用于扩展口径。食品加工行业属于深加工，已单列但不进入分子；贸易未单列，未估算。
002321,河南华英农业发展股份有限公司,2017,3.0,畜牧业,行业分类候选,禽苗、种蛋及活禽；冻禽、鸭毛、饲料、羽绒初加工（扩展口径）,3501102798.25,4121925898.01,0.84938519,否（仅使用同一分产品或明确交易收入；不跨维度相加）,否,是,否,严格口径占6.44%，未达50%；同一维度加入初加工和农业投入品后占84.94%，纳入扩展样本。原毛经洗涤、干燥、分级形成的羽绒材料计入初加工；熟食、成品羽绒制品、租赁及其他业务未计入；仅在同一分产品维度加总。,,,,https://static.cninfo.com.cn/finalpage/2018-05-26/1205007124.PDF,17,81,已人工复核（跨年快速核对第十批）,逐年核对官方年报；扩展口径只计可识别初加工或农业投入品，排除贸易、熟食、成品羽绒、餐饮、殡葬、能源和资产处置。
002458,山东益生种畜禽股份有限公司,2017,3.0,畜牧业,行业分类候选,鸡、猪、牛奶,635130404.29,656404863.44,0.96758942,否（仅使用同一分行业维度）,是,是,否,直接畜牧养殖收入占96.76%，超过合并营业收入50%；未叠加行业、产品或地区等交叉披露维度。,,,,https://static.cninfo.com.cn/finalpage/2018-04-27/1204801962.PDF,17,65,已人工复核（跨年快速核对第七批）,逐年核对当年官方年报；严格口径为直接养殖，扩展口径可加入同一披露维度的初加工；不跨行业、产品、地区维度相加。
002679,福建金森林业股份有限公司,2017,2.0,林业,行业分类候选,林业,134301043.21,174898144.88,0.76788146,否（仅取同一分行业或分产品维度；采用保守分子）,是,是,否,直接林业收入保守占比超过50%；未叠加其他披露维度。,,,,https://static.cninfo.com.cn/finalpage/2018-04-27/1204806149.PDF,14,75,已人工复核（跨年快速核对第二批）,按公司跨年比较后逐年核对当年官方年报业务表与合并利润表；未复制、插值或外推相邻年份数值。
002696,百洋产业投资集团股份有限公司,2017,4.0,渔业,行业分类候选,饲料及饲料原料、水产品加工、可识别养殖/捕捞（扩展口径）,2121824980.66,2394128757.97,0.88626185,否（仅使用同一分行业或分产品维度）,否,是,否,同一披露维度内的农业投入品、水产品加工及可识别直接渔业收入占88.63%，超过50%；教育及其他业务未计入。可识别直接养殖/捕捞收入占5.77%，严格样本为否。,,,,https://static.cninfo.com.cn/finalpage/2018-04-26/1204795527.PDF,18,82,已人工复核（跨年快速核对第八批）,逐年核对官方年报；混合披露收入只作审计上界，不写入正式涉农分子；无法拆分初加工、深加工、贸易或自产/外购时明确标记待核实。
002714,牧原食品集团股份有限公司,2017,3.0,畜牧业,行业分类候选,畜牧业,10042415931.26,10042415931.26,1.0,否（只取一个分行业或分产品维度；采用保守分子）,是,是,否,直接农业业务的保守收入分子已超过公司营业收入50%；未叠加其他可能符合口径的业务。,,,,https://static.cninfo.com.cn/finalpage/2018-02-10/1204411631.PDF,24,110,已人工复核（跨年快速核对试验）,按公司跨年比较后，逐年核对当年年报业务表与利润表；未复制相邻年份数值。
002746,山东仙坛集团股份有限公司,2017,3.0,畜牧业,行业分类候选,肉鸡养殖及屠宰加工,2164000029.75,2164000029.75,1.0,否（仅取同一分行业或分产品维度；采用保守分子）,否,是,否,肉鸡养殖与屠宰加工合并行业收入达到50%；该合并口径含屠宰初加工，不能据此证明直接养殖收入达到50%，故仅纳入扩展样本。,,,,https://static.cninfo.com.cn/finalpage/2018-04-24/1204695928.PDF,18,81,已人工复核（跨年快速核对第二批）,按公司跨年比较后逐年核对当年官方年报业务表与合并利润表；未复制、插值或外推相邻年份数值。
002772,天水众兴菌业科技股份有限公司,2017,1.0,农业,行业分类候选,食用菌种植,739792782.58,739792782.58,1.0,否（只使用一个分行业维度）,是,是,否,当年官方年报分行业直接农业营业收入超过公司合并营业收入50%；未叠加分产品、地区或销售模式。,,,,https://static.cninfo.com.cn/finalpage/2018-03-24/1204511292.PDF,23,159,已人工复核（跨年快速核对第三批）,逐年核对当年官方年报营业收入构成表与合并利润表；未复制相邻年份数值。
300087,安徽荃银高科种业股份有限公司,2017,1.0,农业,行业分类候选,水稻、小麦、玉米、瓜菜、棉花、其他作物、油菜种子,765060848.01,947465898.19,0.80748114,否（同一分产品维度内求和）,是,是,否,仅合计当年年报明确列示的种子产品收入，已超过合并营业收入50%；未计订单粮食、青贮、农批市场、农机农化、服务及含义不清的其他项。,,,,https://static.cninfo.com.cn/finalpage/2018-04-04/1204586469.PDF,21,102,已人工复核（跨年快速核对第四批）,逐年核对官方年报分产品收入；仅用明确种子项目的保守分子，不复制相邻年度。
300498,温氏食品集团股份有限公司,2017,3.0,畜牧业,行业分类候选,养殖行业扣除肉鸡类（严格下界）；养殖严格下界+兽药投入品（扩展下界）,36496123664.45,55657160144.3,0.65573097,否（采用互斥分行业/分产品项目；加工混合项只作上界）,是,是,否,"严格区间=[0.65573097, 0.97131002]，扩展下界=0.66448712，含全部加工混合项的审计上界=0.99220872。",,,,https://static.cninfo.com.cn/finalpage/2018-04-10/1204596930.PDF,24|25,117,已人工复核（跨年快速核对第十三批E组）,逐年核对官方年报；养殖与屠宰鲜品、原奶与乳制品、液态奶与发酵乳/乳饮料无法完全拆分时保留上下界，其他业务收入和算术残差不得自动当农业收入。 2017年报说明冰鲜鸡由肉制品加工调整至肉鸡类，且冰鲜鸡收入低于肉鸡类收入5%；2017年起不能把含鲜品的肉鸡类整项计入严格分子，采用‘养殖行业减肉鸡类’的保守下界。
300511,上海雪榕生物科技股份有限公司,2017,1.0,农业,行业分类候选,食用菌种植,1317961606.28,1330283904.69,0.99073709,否（只使用一个分行业维度）,是,是,否,当年官方年报分行业直接农业营业收入超过公司合并营业收入50%；未叠加分产品、地区或销售模式。,,,,https://static.cninfo.com.cn/finalpage/2018-06-01/1205028653.PDF,20,93,已人工复核（跨年快速核对第三批）,逐年核对当年官方年报营业收入构成表与合并利润表；未复制相邻年份数值。
600097,上海开创国际海洋资源股份有限公司,2017,4.0,渔业,行业分类候选,海洋捕捞（严格=扩展）；罐头食品/鱼罐头深加工排除,932636978.11,1787457508.8,0.52176736,否（只使用同一分行业维度，不与分产品或分地区收入相加）,是,是,否,严格及扩展Decimal高精度门槛计算值=0.52176735587752283244653317601705665787852377506542。食品加工深加工排除金额=691448783.46元；渔货贸易和海上运输亦已排除。,,,,https://static.cninfo.com.cn/finalpage/2018-04-20/1204663829.PDF,11,55,已人工复核（跨年快速核对第十一批C组）,逐年核对官方年报；只使用营业收入或主营业务收入列，不使用营业成本列；同一维度计算并排除贸易、深加工及其他非涉农收入。 比例门槛采用Decimal 50位精度计算；文本值为高精度计算值，不表示无限精度小数
600108,甘肃亚盛实业(集团)股份有限公司,2017,1.0,农业,行业分类候选,农业种植,1804769314.05,2066341677.84,0.87341282,否（仅使用同一分行业维度）,是,是,否,同一分行业维度的直接农业收入超过合并营业收入50%；未叠加产品、地区或销售模式。,,,,https://static.cninfo.com.cn/finalpage/2018-04-20/1204666987.PDF,13,63,已人工复核（跨年快速核对第六批）,逐年核对当年官方年报分行业营业收入和合并利润表；严格、扩展口径分别计算，不跨披露维度相加。
600257,大湖健康产业股份有限公司,2017,4.0,渔业,行业分类候选,水产品养殖（年报分行业‘农业’）,683047518.33,996570641.33,0.68539799,否（只使用同一分行业维度，不与分产品或分地区收入相加）,是,是,否,农业分行业Decimal高精度门槛计算值=0.68539799388272232075387983876119390236863902577916；沿用已核实2023年的水产品养殖口径。非涉农健康产业收入全部排除。,,,,https://static.cninfo.com.cn/finalpage/2018-04-28/1204821710.PDF,12,60,已人工复核（跨年快速核对第十一批C组）,逐年核对官方年报；只使用营业收入或主营业务收入列，不使用营业成本列；同一维度计算并排除贸易、深加工及其他非涉农收入。 比例门槛采用Decimal 50位精度计算；文本值为高精度计算值，不表示无限精度小数
600265,云南景谷林业股份有限公司,2017,2.0,林业,行业分类候选,林木销售；林板、木材及林化初加工（扩展口径）,63042437.46,65973576.91,0.95557101,否（仅使用同一分产品或明确交易收入；不跨维度相加）,否,是,否,严格口径占0.00%，未达50%；同一维度加入初加工和农业投入品后占95.56%，纳入扩展样本。林木销售计入直接林业；林板/木材和松香、松节油等林化初加工计入扩展口径；能源、租赁、林地使用权及固定资产处置不计入。,是,是,,https://static.cninfo.com.cn/finalpage/2018-03-24/1204513763.PDF,14,68,已人工复核（跨年快速核对第十批）,逐年核对官方年报；扩展口径只计可识别初加工或农业投入品，排除贸易、熟食、成品羽绒、餐饮、殡葬、能源和资产处置。
600313,中农发种业集团股份有限公司,2017,1.0,农业,行业分类候选,同一产品层级明确的化肥、农药及各类种子,3504992772.99,3866695067.04,0.90645699,否（下界仅采用同一分产品层级；行业行只贡献正的未解释上界增量）,否,是,否,"严格区间[0, 0]；扩展区间[0.906456990329240699958932234053418495396927885077554496643968, 0.906456990329240699958932234053418495396927885077554496643968]。下界只加总同一分产品层级明确的化肥、农药及种子；农资贸易/种子销售行业行只用于识别正的未解释上界增量。大理石、粮食贸易、麸皮、谷朊粉、淀粉、面粉、黄粉、核辐及其他不明确产品均不进下界。",,,,https://static.cninfo.com.cn/finalpage/2018-04-27/1204805337.PDF,12|13,68,已人工复核（跨年快速核对第十四/十五批H组）,逐年核对官方年报；农业投入品下界只加同层级明确产品；乳品混合初深加工时保留上下界，内部原奶不重复，能源、食品深加工和模糊其他收入不自动纳入。 沿用v23原值；待核实时不插值、不复制相邻年份
600354,甘肃省敦煌种业集团股份有限公司,2017,1.0,农业,行业分类候选,种子,253342332.8,485178519.19,0.52216313,否（仅使用同一分行业维度）,是,是,否,种子收入占52.22%，达到50%严格门槛；食品与贸易、棉花、果蔬及其他业务均未用于放大分子。,,,,https://static.cninfo.com.cn/finalpage/2018-04-27/1204808308.PDF,11,63,已人工复核（跨年快速核对第九批）,逐年核对官方年报同一分行业维度和合并利润表；扩展口径只加入农业投入品，不计批零、食品贸易、香料、棉花、果蔬或其他非直接农业业务。
600371,万向德农股份有限公司,2017,1.0,农业,行业分类候选,玉米种子（保守产品口径）,245248710.63,257773896.15,0.95141019,否（只取一个分行业或分产品维度；采用保守分子）,是,是,否,直接农业业务的保守收入分子已超过公司营业收入50%；未叠加其他可能符合口径的业务。,,,,https://static.cninfo.com.cn/finalpage/2018-04-21/1204673558.PDF,11,53,已人工复核（跨年快速核对试验）,按公司跨年比较后，逐年核对当年年报业务表与利润表；未复制相邻年份数值。
600467,山东好当家海洋发展股份有限公司,2017,4.0,渔业,行业分类候选,水产养殖、捕捞及水产品初加工（扩展口径）,1201221433.66,1207911835.31,0.99446118,否（仅使用同一分行业维度）,否,是,否,养殖与捕捞严格口径占46.62%，未达50%；在同一分行业维度加入水产品初加工后扩展口径超过50%，未与产品维度重复相加。,,,,https://static.cninfo.com.cn/finalpage/2018-05-12/1204932440.PDF,13,62,已人工复核（跨年快速核对第六批）,逐年核对当年官方年报分行业营业收入和合并利润表；严格、扩展口径分别计算，不跨披露维度相加。
600540,新疆赛里木现代农业股份有限公司,2017,1.0,农业,行业分类候选,分行业农业收入（扩展口径）,595054245.33,1102602781.42,0.53968143,否（扩展分子仅取同一分行业农业收入，不混入分产品或商贸收入）,否,是,否,严格口径0；分行业农业收入占53.97%。,是,是,,https://static.cninfo.com.cn/finalpage/2018-05-05/1204910340.PDF,14|15,60,已人工复核（跨年快速核对第十一批A组）,逐年核对官方年报；只使用营业收入或主营业务收入列，不使用营业成本列；同一维度计算并排除贸易、深加工及其他非涉农收入。 2022逐公司行业分类及该公司2022公司—年份入口仍待核实；本批不外推新增。
600598,黑龙江北大荒农业股份有限公司,2017,1.0,农业,行业分类候选,农业行业（土地承包及农产品经营）,2628324089.73,2992414562.19,0.87832887,否（仅使用同一分行业维度）,是,是,否,同一分行业维度的直接农业收入超过合并营业收入50%；未叠加产品、地区或销售模式。,,,,https://static.cninfo.com.cn/finalpage/2018-04-03/1204575674.PDF,11,63|70,已人工复核（跨年快速核对第六批）,逐年核对当年官方年报分行业营业收入和合并利润表；严格、扩展口径分别计算，不跨披露维度相加。
600975,湖南新五丰股份有限公司,2017,3.0,畜牧业,行业分类候选,畜牧业（生猪）、饲料加工,937312670.05,1723720756.85,0.54377292,否（仅使用同一分行业维度）,否,是,否,畜牧业收入占49.85%，未达严格门槛；同一行业维度加入农业投入品饲料加工后占54.38%，达到扩展样本门槛。批发零售未计入。,,,,https://static.cninfo.com.cn/finalpage/2018-03-24/1204510963.PDF,16,87,已人工复核（跨年快速核对第九批）,逐年核对官方年报同一分行业维度和合并利润表；扩展口径只加入农业投入品，不计批零、食品贸易、香料、棉花、果蔬或其他非直接农业业务。
000713,国投丰乐种业股份有限公司,2018,5.0,农林牧渔服务业,行业分类候选+龙头企业身份核实候选,种子类、农化类,1510001849.44,1927145479.56,0.78354326,否（仅使用同一分行业维度）,否,是,否,种子收入占14.58%，未达严格门槛；同一行业维度加入农业投入品农化业务后占78.35%，达到扩展样本门槛。香料业务未计入。,,,,https://static.cninfo.com.cn/finalpage/2019-04-18/1206046289.PDF,19,127,已人工复核（跨年快速核对第九批）,逐年核对官方年报同一分行业维度和合并利润表；扩展口径只加入农业投入品，不计批零、食品贸易、香料、棉花、果蔬或其他非直接农业业务。
000798,中水集团远洋股份有限公司,2018,4.0,渔业,行业分类候选,远洋捕捞,501718433.05,626212925.18,0.80119463,否（只使用一个分行业维度）,是,是,否,当年官方年报分行业直接农业营业收入超过公司合并营业收入50%；未叠加分产品、地区或销售模式。,,,,https://static.cninfo.com.cn/finalpage/2019-07-13/1206443996.PDF,12,66,已人工复核（跨年快速核对第三批）,逐年核对当年官方年报营业收入构成表与合并利润表；未复制相邻年份数值。
000998,袁隆平农业高科技股份有限公司,2018,1.0,农业,行业分类候选+龙头企业身份核实候选,农业（水稻种子、玉米种子）,2727716676.14,3579717393.27,0.76199218,否（仅取同一分行业或分产品维度；采用保守分子）,是,是,否,种子等直接农业业务的保守收入占比超过50%；未叠加地区或销售模式维度。,,,,https://static.cninfo.com.cn/finalpage/2021-04-30/1209869906.PDF,21,103,已人工复核（跨年快速核对第二批）,按公司跨年比较后逐年核对当年官方年报业务表与合并利润表；未复制、插值或外推相邻年份数值。
002041,山东登海种业股份有限公司,2018,1.0,农业,行业分类候选,玉米种子（保守产品口径）,675822056.26,761065669.78,0.8879944,否（只取一个分行业或分产品维度；采用保守分子）,是,是,否,直接农业业务的保守收入分子已超过公司营业收入50%；未叠加其他可能符合口径的业务。,,,,https://static.cninfo.com.cn/finalpage/2019-03-22/1205925542.PDF,16,57,已人工复核（跨年快速核对试验）,按公司跨年比较后，逐年核对当年年报业务表与利润表；未复制相邻年份数值。
002100,天康生物股份有限公司,2018,,,龙头企业身份核实候选,生猪养殖+饲料+兽药+牛奶/代养业务,3839601107.79,5273032350.33,0.72815808,无；采用同一分产品维度，食品养殖行业合计未再次加入,否,是,否,"严格区间[0.0637348688006754772319530891012749960839097168240035154436477, 0.100070337804200421513555451807635259606074740719160453389344]；扩展区间[0.728158079202701617004702894794197127335643019140445403048523, 0.728158079202701617004702894794197127335643019140445403048523]。饲料、兽药及明确代养服务进入扩展口径；屠宰肉制品、蛋白油脂、玉米收储/加工和担保排除。",,,,https://static.cninfo.com.cn/finalpage/2019-04-26/1206106510.PDF,14,83,已人工复核（跨年快速核对第十六批O组）,逐年核对官方年报；养殖、投入品和初加工按同一维度下界计量，贸易、屠宰、熟食和普通食品深加工排除；重列比较数优先，混合品类保留上下界。 仅保留状态标记；未用ST或退市状态改变业务分类与收入判定。 沿用v26原值；待核实字段不插值、不复制相邻年份 混合牛奶/代养未拆，严格正式分子采用生猪养殖下界。
002124,天邦食品股份有限公司,2018,,,龙头企业身份核实候选,生猪养殖+饲料产品+动物疫苗,4281536747.39,4518950572.98,0.94746262,无；分行业与分产品金额相同，仅采用一套产品行,是,是,否,"严格区间[0.620120590704323778363682154743336167729946694275250470610869, 0.620120590704323778363682154743336167729946694275250470610869]；扩展区间[0.947462619527294673154316417760714093199977622739092426991850, 0.947462619527294673154316417760714093199977622739092426991850]。养殖属直接农业；饲料和动物疫苗属农业投入品；食品加工、工程环保及其他排除。",,,,https://static.cninfo.com.cn/finalpage/2019-04-24/1206080362.PDF,22,87,已人工复核（跨年快速核对第十六批O组）,逐年核对官方年报；养殖、投入品和初加工按同一维度下界计量，贸易、屠宰、熟食和普通食品深加工排除；重列比较数优先，混合品类保留上下界。 仅保留状态标记；未用ST或退市状态改变业务分类与收入判定。 沿用v26原值；待核实字段不插值、不复制相邻年份 无。
002234,山东民和牧业股份有限公司,2018,3.0,畜牧业,行业分类候选+龙头企业身份核实候选,雏鸡及淘汰鸡,1019590553.1,1817711386.36,0.56091994,否（仅使用同一分产品维度）,是,是,否,直接畜牧养殖收入占56.09%，超过合并营业收入50%；未叠加行业、产品或地区等交叉披露维度。,,,,https://static.cninfo.com.cn/finalpage/2019-02-27/1205852140.PDF,16,59,已人工复核（跨年快速核对第七批）,逐年核对当年官方年报；严格口径为直接养殖，扩展口径可加入同一披露维度的初加工；不跨行业、产品、地区维度相加。
002299,福建圣农发展股份有限公司,2018,3.0,畜牧业,行业分类候选,家禽饲养加工行业（合并披露）,8135082912.64,11547228731.64,0.7045052195380398,合并披露风险：自产养殖与屠宰初加工无法可靠拆分；未估算严格分子,待核实,是,否,家禽饲养加工合并收入原始占比0.70450521953803988084313409070379262256510095985543，扩展口径达标；严格口径不估算。,,,,https://static.cninfo.com.cn/finalpage/2019-03-27/1205941353.PDF,17,82,已人工复核（跨年快速核对第十一批B组）,逐年核对官方年报；只使用营业收入或主营业务收入列，不使用营业成本列；同一维度计算并排除贸易、深加工及其他非涉农收入。 分行业营业收入/主营业务收入列（禁止使用营业成本列） 严格口径待核实；家禽饲养加工收入只用于扩展口径。食品加工行业属于深加工，已单列但不进入分子；贸易未单列，未估算。
002311,广东海大集团股份有限公司,2018,,,龙头企业身份核实候选,直接养殖/种苗（严格上界）；饲料、动保（扩展下界）,35438520387.18,42156628800.11,0.84063933,否（同一分产品维度；农产品只进入上界，贸易、其他和饲料机械排除）,否,是,否,农产品项未拆直接养殖、种苗与禽产业链中的潜在屠宰/加工，故只作上界；扩展下界已超过50%。,,,,https://static.cninfo.com.cn/finalpage/2019-04-16/1206019144.PDF,25|26,105,已人工复核（跨年快速核对第十四批G组）,逐年核对官方年报；农业投入品按互斥产品下界计量，贸易和食品深加工排除；未拆候选收入即使上界不足30%也不写成精确零。 2022逐公司行业分类仍待核实，不影响本年年报收入复核。
002321,河南华英农业发展股份有限公司,2018,3.0,畜牧业,行业分类候选+龙头企业身份核实候选,禽苗、种蛋及活禽；冻禽、鸭毛、饲料、羽绒初加工（扩展口径）,4462888025.93,5348828565.38,0.83436737,否（仅使用同一分产品或明确交易收入；不跨维度相加）,否,是,否,严格口径占9.38%，未达50%；同一维度加入初加工和农业投入品后占83.44%，纳入扩展样本。原毛经洗涤、干燥、分级形成的羽绒材料计入初加工；熟食、成品羽绒制品、租赁及其他业务未计入；仅在同一分产品维度加总。,,,,https://static.cninfo.com.cn/finalpage/2019-04-17/1206042127.PDF,16,90,已人工复核（跨年快速核对第十批）,逐年核对官方年报；扩展口径只计可识别初加工或农业投入品，排除贸易、熟食、成品羽绒、餐饮、殡葬、能源和资产处置。
002385,北京大北农科技集团股份有限公司,2018,,,龙头企业身份核实候选,生猪养殖（严格）；饲料、种子、植保、动保及生猪（扩展）,18807397702.53,19302066717.55,0.97437223,否（同一分产品维度；2015生猪为其他产品的已披露子项，其余其他产品只进上界；原料贸易排除）,否,是,否,饲料、种业、植保、疫苗/兽药属于农业投入品；原料贸易排除，其他产品不自动纳入。,,,,https://static.cninfo.com.cn/finalpage/2019-04-24/1206079715.PDF,21|22,107,已人工复核（跨年快速核对第十四批G组）,逐年核对官方年报；农业投入品按互斥产品下界计量，贸易和食品深加工排除；未拆候选收入即使上界不足30%也不写成精确零。 2022逐公司行业分类仍待核实，不影响本年年报收入复核。
002458,山东益生种畜禽股份有限公司,2018,3.0,畜牧业,行业分类候选+龙头企业身份核实候选,鸡、猪、牛奶,1453310378.71,1473118954.89,0.98655331,否（仅取同一分行业或分产品维度；采用保守分子）,是,是,否,仅合计同一分行业维度的鸡、猪和牛奶收入，排除其他及农牧设备；直接畜牧业务保守占比超过50%。,,,,https://static.cninfo.com.cn/finalpage/2019-02-20/1205842282.PDF,16,68,已人工复核（跨年快速核对第二批）,按公司跨年比较后逐年核对当年官方年报业务表与合并利润表；未复制、插值或外推相邻年份数值。
002567,唐人神集团股份有限公司,2018,,,龙头企业身份核实候选,养殖（严格）；饲料+养殖+兽药/动物保健（扩展下界）,14841380516.19,15405517069.35,0.96338088,否（同一分行业维度加总；屠宰及肉类仅作上界）,否,是,否,"严格区间=[0.03544764, 0.03544764]，扩展下界=0.96338088，含全部加工混合项的审计上界=1.00000000。",,,,https://static.cninfo.com.cn/finalpage/2019-05-06/1206200918.PDF,18|19,114|123,已人工复核（跨年快速核对第十三批E组）,逐年核对官方年报；养殖与屠宰鲜品、原奶与乳制品、液态奶与发酵乳/乳饮料无法完全拆分时保留上下界，其他业务收入和算术残差不得自动当农业收入。 屠宰及肉类大类含初加工与肉制品深加工且未拆分，仅作上界；扩展下界已超过50%。
002679,福建金森林业股份有限公司,2018,2.0,林业,行业分类候选,林业（不含林业技术服务）,148704712.08,168492923.19,0.88255761,否（仅取同一分行业或分产品维度；采用保守分子）,是,是,否,直接林业收入保守占比超过50%；未叠加其他披露维度。,,,,https://static.cninfo.com.cn/finalpage/2019-04-25/1206091379.PDF,12,77,已人工复核（跨年快速核对第二批）,按公司跨年比较后逐年核对当年官方年报业务表与合并利润表；未复制、插值或外推相邻年份数值。
002688,金河生物科技股份有限公司,2018,,,龙头企业身份核实候选,兽药、兽用疫苗及药物饲料添加剂（扩展下界）,1199016578.35,1628890098.36,0.73609422,否（兽药投入品使用互斥行业项目；农产品加工仅作上界）,否,是,否,"严格区间=[0.00000000, 0.00000000]，扩展下界=0.73609422，含全部加工混合项的审计上界=0.93975749。",,,,https://static.cninfo.com.cn/finalpage/2019-03-29/1205956573.PDF,17|18,86,已人工复核（跨年快速核对第十三批E组）,逐年核对官方年报；养殖与屠宰鲜品、原奶与乳制品、液态奶与发酵乳/乳饮料无法完全拆分时保留上下界，其他业务收入和算术残差不得自动当农业收入。 淀粉及联产品/农产品加工业可能含初加工与深加工，未拆分，仅作上界；环保及其他非农业用途排除。
002696,百洋产业投资集团股份有限公司,2018,4.0,渔业,行业分类候选+龙头企业身份核实候选,饲料及饲料原料、水产品加工、可识别养殖/捕捞（扩展口径）,2514742187.0,3133583902.86,0.80251312,否（仅使用同一分行业或分产品维度）,否,是,否,同一披露维度内的农业投入品、水产品加工及可识别直接渔业收入占80.25%，超过50%；教育及其他业务未计入。可识别直接养殖/捕捞收入占3.53%，严格样本为否。,,,,https://static.cninfo.com.cn/finalpage/2019-06-29/1206407097.PDF,17,77,已人工复核（跨年快速核对第八批）,逐年核对官方年报；混合披露收入只作审计上界，不写入正式涉农分子；无法拆分初加工、深加工、贸易或自产/外购时明确标记待核实。
002714,牧原食品集团股份有限公司,2018,3.0,畜牧业,行业分类候选+龙头企业身份核实候选,生猪（保守产品口径）,13261601545.91,13388157685.94,0.99054716,否（只取一个分行业或分产品维度；采用保守分子）,是,是,否,直接农业业务的保守收入分子已超过公司营业收入50%；未叠加其他可能符合口径的业务。,,,,https://static.cninfo.com.cn/finalpage/2019-03-27/1205942697.PDF,25,132,已人工复核（跨年快速核对试验）,按公司跨年比较后，逐年核对当年年报业务表与利润表；未复制相邻年份数值。
002746,山东仙坛集团股份有限公司,2018,3.0,畜牧业,行业分类候选+龙头企业身份核实候选,肉鸡养殖及屠宰加工,2577797691.84,2577797691.84,1.0,否（仅取同一分行业或分产品维度；采用保守分子）,否,是,否,肉鸡养殖与屠宰加工合并行业收入达到50%；该合并口径含屠宰初加工，不能据此证明直接养殖收入达到50%，故仅纳入扩展样本。,,,,https://static.cninfo.com.cn/finalpage/2019-04-23/1206066951.PDF,18,81,已人工复核（跨年快速核对第二批）,按公司跨年比较后逐年核对当年官方年报业务表与合并利润表；未复制、插值或外推相邻年份数值。
002772,天水众兴菌业科技股份有限公司,2018,1.0,农业,行业分类候选+龙头企业身份核实候选,食用菌种植,926432056.86,926432056.86,1.0,否（只使用一个分行业维度）,是,是,否,当年官方年报分行业直接农业营业收入超过公司合并营业收入50%；未叠加分产品、地区或销售模式。,,,,https://static.cninfo.com.cn/finalpage/2019-03-29/1205957599.PDF,22,125,已人工复核（跨年快速核对第三批）,逐年核对当年官方年报营业收入构成表与合并利润表；未复制相邻年份数值。
300087,安徽荃银高科种业股份有限公司,2018,1.0,农业,行业分类候选,水稻、玉米种子（仅取年报明确列示项）,722236209.33,910315372.5,0.7933912,否（同一分产品维度内求和）,是,是,否,仅合计当年年报明确列示的种子产品收入，已超过合并营业收入50%；未计订单粮食、青贮、农批市场、农机农化、服务及含义不清的其他项。,,,,https://static.cninfo.com.cn/finalpage/2019-04-20/1206061430.PDF,21,115,已人工复核（跨年快速核对第四批）,逐年核对官方年报分产品收入；仅用明确种子项目的保守分子，不复制相邻年度。
300189,海南神农种业科技股份有限公司,2018,1.0,农业,行业分类候选+龙头企业身份核实候选,杂交水稻、玉米、棉花、蔬菜及其他种子,124117508.61,171895373.03,0.72205264,否（同一分产品维度内求和）,是,是,否,明确种子产品收入已超过合并营业收入50%，未计农化、粮食、房屋、供应链等项目。,,,,https://static.cninfo.com.cn/finalpage/2020-01-07/1207233015.PDF,26,102,已人工复核（跨年快速核对第五批）,逐年核对官方年报分产品收入，业务转型年份按当年实际口径判定。
300498,温氏食品集团股份有限公司,2018,3.0,畜牧业,行业分类候选+龙头企业身份核实候选,养殖行业扣除肉鸡类（严格下界）；养殖严格下界+兽药投入品（扩展下界）,35507328634.29,57235997041.92,0.62036708,否（采用互斥分行业/分产品项目；加工混合项只作上界）,是,是,否,"严格区间=[0.62036708, 0.96903428]，扩展下界=0.62910441，含全部加工混合项的审计上界=0.99217878。",,,,https://static.cninfo.com.cn/finalpage/2019-04-10/1206003980.PDF,32|34,133,已人工复核（跨年快速核对第十三批E组）,逐年核对官方年报；养殖与屠宰鲜品、原奶与乳制品、液态奶与发酵乳/乳饮料无法完全拆分时保留上下界，其他业务收入和算术残差不得自动当农业收入。 2017年报说明冰鲜鸡由肉制品加工调整至肉鸡类，且冰鲜鸡收入低于肉鸡类收入5%；2017年起不能把含鲜品的肉鸡类整项计入严格分子，采用‘养殖行业减肉鸡类’的保守下界。
300511,上海雪榕生物科技股份有限公司,2018,1.0,农业,行业分类候选+龙头企业身份核实候选,食用菌种植,1786449684.19,1846625656.23,0.96741301,否（只使用一个分行业维度）,是,是,否,当年官方年报分行业直接农业营业收入超过公司合并营业收入50%；未叠加分产品、地区或销售模式。,,,,https://static.cninfo.com.cn/finalpage/2019-04-25/1206093329.PDF,19,97,已人工复核（跨年快速核对第三批）,逐年核对当年官方年报营业收入构成表与合并利润表；未复制相邻年份数值。
600097,上海开创国际海洋资源股份有限公司,2018,4.0,渔业,行业分类候选,海洋捕捞（严格=扩展）；罐头食品/鱼罐头深加工排除,990654889.78,1909976199.73,0.51867394,否（只使用同一分行业维度，不与分产品或分地区收入相加）,是,是,否,严格及扩展Decimal高精度门槛计算值=0.51867394469106053000376986011711447620741080887605。食品加工深加工排除金额=728133946.58元；渔货贸易和海上运输亦已排除。,,,,https://static.cninfo.com.cn/finalpage/2019-04-20/1206058162.PDF,10,51,已人工复核（跨年快速核对第十一批C组）,逐年核对官方年报；只使用营业收入或主营业务收入列，不使用营业成本列；同一维度计算并排除贸易、深加工及其他非涉农收入。 比例门槛采用Decimal 50位精度计算；文本值为高精度计算值，不表示无限精度小数
600108,甘肃亚盛实业(集团)股份有限公司,2018,1.0,农业,行业分类候选+龙头企业身份核实候选,农业种植,2122314619.49,2507509619.55,0.84638344,否（仅使用同一分行业维度）,是,是,否,同一分行业维度的直接农业收入超过合并营业收入50%；未叠加产品、地区或销售模式。,,,,https://static.cninfo.com.cn/finalpage/2019-04-30/1206164538.PDF,11,45,已人工复核（跨年快速核对第六批）,逐年核对当年官方年报分行业营业收入和合并利润表；严格、扩展口径分别计算，不跨披露维度相加。
600195,中牧实业股份有限公司,2018,,,龙头企业身份核实候选,生物制品、兽药/化药、饲料等农业投入品（扩展）,3280767062.18,4434238007.41,0.73987167,否（同一分产品维度加总；单列贸易收入全部排除）,否,是,否,生物制品、兽药/化药和饲料属于农业投入品；贸易为互斥单列产品，不计入。,,,,https://static.cninfo.com.cn/finalpage/2019-04-30/1206160361.PDF,12,69,已人工复核（跨年快速核对第十四批G组）,逐年核对官方年报；农业投入品按互斥产品下界计量，贸易和食品深加工排除；未拆候选收入即使上界不足30%也不写成精确零。 2022逐公司行业分类仍待核实，不影响本年年报收入复核。
600257,大湖健康产业股份有限公司,2018,4.0,渔业,行业分类候选,水产品养殖（年报分行业‘农业’）,674309181.21,1070087927.39,0.63014371,否（只使用同一分行业维度，不与分产品或分地区收入相加）,是,是,否,农业分行业Decimal高精度门槛计算值=0.63014371431577131644140975958123317259266589472405；沿用已核实2023年的水产品养殖口径。非涉农健康产业收入全部排除。,,,,https://static.cninfo.com.cn/finalpage/2019-04-30/1206167084.PDF,10|11,59,已人工复核（跨年快速核对第十一批C组）,逐年核对官方年报；只使用营业收入或主营业务收入列，不使用营业成本列；同一维度计算并排除贸易、深加工及其他非涉农收入。 比例门槛采用Decimal 50位精度计算；文本值为高精度计算值，不表示无限精度小数
600265,云南景谷林业股份有限公司,2018,2.0,林业,行业分类候选,林木销售及林板/木材初加工（林化产品贸易排除）,82879261.42,118866706.52,0.69724538,否（仅使用同一分产品或明确交易收入；不跨维度相加）,否,是,否,严格口径占34.12%，未达50%；同一维度加入初加工和农业投入品后占69.72%，纳入扩展样本。林木销售计入直接林业，林板/木材计入扩展口径；年报明确列为贸易的林化产品已排除。能源、租赁、林地使用权及固定资产处置不计入。,是,是,,https://static.cninfo.com.cn/finalpage/2019-04-30/1206167518.PDF,10、63,72,已人工复核（跨年快速核对第十批）,逐年核对官方年报；扩展口径只计可识别初加工或农业投入品，排除贸易、熟食、成品羽绒、餐饮、殡葬、能源和资产处置。
600313,中农发种业集团股份有限公司,2018,1.0,农业,行业分类候选,同一产品层级明确的化肥、农药及各类种子,2989947805.6,3446395314.76,0.86755799,否（下界仅采用同一分产品层级；行业行只贡献正的未解释上界增量）,否,是,否,"严格区间[0, 0]；扩展区间[0.867557993940754274309295544592576992492290014094958692625425, 0.867557993940754274309295544592576992492290014094958692625425]。下界只加总同一分产品层级明确的化肥、农药及种子；农资贸易/种子销售行业行只用于识别正的未解释上界增量。大理石、粮食贸易、麸皮、谷朊粉、淀粉、面粉、黄粉、核辐及其他不明确产品均不进下界。",,,,https://static.cninfo.com.cn/finalpage/2019-04-26/1206097318.PDF,13|14,69,已人工复核（跨年快速核对第十四/十五批H组）,逐年核对官方年报；农业投入品下界只加同层级明确产品；乳品混合初深加工时保留上下界，内部原奶不重复，能源、食品深加工和模糊其他收入不自动纳入。 沿用v23原值；待核实时不插值、不复制相邻年份
600371,万向德农股份有限公司,2018,1.0,农业,行业分类候选,玉米种子（保守产品口径）,256734575.24,263890771.75,0.97288198,否（只取一个分行业或分产品维度；采用保守分子）,是,是,否,直接农业业务的保守收入分子已超过公司营业收入50%；未叠加其他可能符合口径的业务。,,,,https://static.cninfo.com.cn/finalpage/2019-04-20/1206061860.PDF,10,50,已人工复核（跨年快速核对试验）,按公司跨年比较后，逐年核对当年年报业务表与利润表；未复制相邻年份数值。
600438,通威股份有限公司,2018,,,龙头企业身份核实候选,饲料及兽药（下界）；农牧业务（上界）,15236344953.4,27535170274.25,0.55334123,否（同一产品/行业层级设上下界，不跨维度重复相加）,否,是,否,"严格区间[0, 0.0507463049017974423503487153127024392982268140149959581287262]；扩展区间[0.553341228750219011368095280773638559261832235734971287618131, 0.610704324018131688964599975284643486064786378538150869811667]。水产养殖可属严格口径，但与食品加工混合，故仅作严格上界；光伏、能源及化工全部排除。",,,,https://static.cninfo.com.cn/finalpage/2019-04-18/1206047417.PDF,13|14,84,已人工复核（跨年快速核对第十四/十五批H组）,逐年核对官方年报；农业投入品下界只加同层级明确产品；乳品混合初深加工时保留上下界，内部原奶不重复，能源、食品深加工和模糊其他收入不自动纳入。 沿用v23原值；待核实时不插值、不复制相邻年份
600467,山东好当家海洋发展股份有限公司,2018,4.0,渔业,行业分类候选+龙头企业身份核实候选,水产养殖、捕捞,673484572.3,1149831070.21,0.5857248,否（仅使用同一分行业维度）,是,是,否,同一分行业维度的直接农业收入超过合并营业收入50%；未叠加产品、地区或销售模式。,,,,https://static.cninfo.com.cn/finalpage/2019-04-26/1206098857.PDF,13,60,已人工复核（跨年快速核对第六批）,逐年核对当年官方年报分行业营业收入和合并利润表；严格、扩展口径分别计算，不跨披露维度相加。
600540,新疆赛里木现代农业股份有限公司,2018,1.0,农业,行业分类候选,分行业农业收入（扩展口径）,682875124.19,1283510819.63,0.53203691,否（扩展分子仅取同一分行业农业收入，不混入分产品或商贸收入）,否,是,否,严格口径0；分行业农业收入占53.20%。,是,否,,https://static.cninfo.com.cn/finalpage/2019-03-28/1205949320.PDF,16,63,已人工复核（跨年快速核对第十一批A组）,逐年核对官方年报；只使用营业收入或主营业务收入列，不使用营业成本列；同一维度计算并排除贸易、深加工及其他非涉农收入。 2022逐公司行业分类及该公司2022公司—年份入口仍待核实；本批不外推新增。
600598,黑龙江北大荒农业股份有限公司,2018,1.0,农业,行业分类候选,农业行业（土地承包及农产品经营）,2697131614.7,3264778781.25,0.82612998,否（仅使用同一分行业维度）,是,是,否,同一分行业维度的直接农业收入超过合并营业收入50%；未叠加产品、地区或销售模式。,,,,https://static.cninfo.com.cn/finalpage/2019-04-04/1205991797.PDF,11,70,已人工复核（跨年快速核对第六批）,逐年核对当年官方年报分行业营业收入和合并利润表；严格、扩展口径分别计算，不跨披露维度相加。
600975,湖南新五丰股份有限公司,2018,3.0,畜牧业,行业分类候选+龙头企业身份核实候选,畜牧业（生猪）、饲料加工,1067593098.63,2041039866.32,0.52306332,否（仅使用同一分行业维度）,否,是,否,畜牧业收入占49.75%，未达严格门槛；同一行业维度加入农业投入品饲料加工后占52.31%，达到扩展样本门槛。批发零售未计入。,,,,https://static.cninfo.com.cn/finalpage/2019-03-26/1205937427.PDF,16,94,已人工复核（跨年快速核对第九批）,逐年核对官方年报同一分行业维度和合并利润表；扩展口径只加入农业投入品，不计批零、食品贸易、香料、棉花、果蔬或其他非直接农业业务。
603668,福建天马科技集团股份有限公司,2018,,,龙头企业身份核实候选,严格养殖+特水饲料+畜禽饲料+动保产品,1048869512.28,1506181112.69,0.69637675,只在同一产品维度求和；原料贸易和水产品/食品销售排除；2022内部交易抵消不明分属，整体扣减构造保守下界,否,是,否,养殖进入严格口径；饲料和动保进入扩展口径；原料销售、水产品贸易及烤鳗/食品销售排除。,,,,https://static.cninfo.com.cn/finalpage/2019-04-30/1206168951.PDF,19,87,已人工复核（跨年快速核对第十八批T组）,逐年核对官方年报；普通饮料和休闲食品深加工排除，粮食初加工按上下界；养殖与屠宰鲜品无法拆分时待核实，水产食品排除项不进入扩展分子。 2018饲料销售未拆特水/畜禽但整体属于扩展农业投入品；2021养殖含畜禽与鳗鲡，均属严格口径 沿用v27原值；待核实字段不插值、不复制相邻年份 无影响门槛结论的待核实收入项。
000713,国投丰乐种业股份有限公司,2019,5.0,农林牧渔服务业,行业分类候选+龙头企业身份核实候选,种子类、农化类,1938816118.67,2403955879.24,0.80651069,否（仅使用同一分行业维度）,否,是,否,种子收入占16.88%，未达严格门槛；同一行业维度加入农业投入品农化业务后占80.65%，达到扩展样本门槛。香料业务未计入。,,,,https://static.cninfo.com.cn/finalpage/2020-04-22/1207551951.PDF,23,134,已人工复核（跨年快速核对第九批）,逐年核对官方年报同一分行业维度和合并利润表；扩展口径只加入农业投入品，不计批零、食品贸易、香料、棉花、果蔬或其他非直接农业业务。
000735,罗牛山股份有限公司,2019,3.0,畜牧业,行业分类候选+龙头企业身份核实候选,生猪及肉制品（扩展口径）,687810105.82,1164257304.12,0.59077156,否（仅使用同一分产品维度）,否,是,否,直接畜牧养殖收入占22.91%，未达50%；加入同一分产品维度的农产品初加工收入后占59.08%，纳入扩展样本。,,,,https://static.cninfo.com.cn/finalpage/2020-03-31/1207430997.PDF,15,74,已人工复核（跨年快速核对第七批）,逐年核对当年官方年报；严格口径为直接养殖，扩展口径可加入同一披露维度的初加工；不跨行业、产品、地区维度相加。
000798,中水集团远洋股份有限公司,2019,4.0,渔业,行业分类候选,远洋捕捞,430206787.57,578668995.1,0.74344192,否（只使用一个分行业维度）,是,是,否,当年官方年报分行业直接农业营业收入超过公司合并营业收入50%；未叠加分产品、地区或销售模式。,,,,https://static.cninfo.com.cn/finalpage/2020-04-10/1207473796.PDF,12,69,已人工复核（跨年快速核对第三批）,逐年核对当年官方年报营业收入构成表与合并利润表；未复制相邻年份数值。
000998,袁隆平农业高科技股份有限公司,2019,1.0,农业,行业分类候选+龙头企业身份核实候选,农业（水稻种子、玉米种子）,2034581175.61,3129540711.87,0.65012133,否（仅取同一分行业或分产品维度；采用保守分子）,是,是,否,种子等直接农业业务的保守收入占比超过50%；未叠加地区或销售模式维度。,,,,https://static.cninfo.com.cn/finalpage/2021-04-30/1209869907.PDF,22,106,已人工复核（跨年快速核对第二批）,按公司跨年比较后逐年核对当年官方年报业务表与合并利润表；未复制、插值或外推相邻年份数值。
002041,山东登海种业股份有限公司,2019,1.0,农业,行业分类候选+龙头企业身份核实候选,玉米种子（保守产品口径）,721245911.03,823176983.54,0.87617356,否（只取一个分行业或分产品维度；采用保守分子）,是,是,否,直接农业业务的保守收入分子已超过公司营业收入50%；未叠加其他可能符合口径的业务。,,,,https://static.cninfo.com.cn/finalpage/2020-04-22/1207552150.PDF,16,67,已人工复核（跨年快速核对试验）,按公司跨年比较后，逐年核对当年年报业务表与利润表；未复制相邻年份数值。
002100,天康生物股份有限公司,2019,,,龙头企业身份核实候选,生猪养殖+饲料+兽药+牛奶/代养业务,4222395849.34,7476316392.02,0.56476955,无；采用同一分产品维度，食品养殖行业合计未再次加入,否,是,否,"严格区间[0.0643561989101427632601182115320511753656878913549176935599252, 0.0985018584400795063130065576649206994725460230376174641084194]；扩展区间[0.564769550663594308862514511119789659883297807710320620663989, 0.564769550663594308862514511119789659883297807710320620663989]。饲料、兽药及明确代养服务进入扩展口径；屠宰肉制品、蛋白油脂、玉米收储/加工和担保排除。",,,,https://static.cninfo.com.cn/finalpage/2020-04-24/1207584338.PDF,17,94,已人工复核（跨年快速核对第十六批O组）,逐年核对官方年报；养殖、投入品和初加工按同一维度下界计量，贸易、屠宰、熟食和普通食品深加工排除；重列比较数优先，混合品类保留上下界。 仅保留状态标记；未用ST或退市状态改变业务分类与收入判定。 沿用v26原值；待核实字段不插值、不复制相邻年份 混合牛奶/代养未拆，严格正式分子采用生猪养殖下界。
002124,天邦食品股份有限公司,2019,,,龙头企业身份核实候选,生猪养殖+饲料产品+动物疫苗,5770782770.43,6006883384.85,0.96069499,无；分行业与分产品金额相同，仅采用一套产品行,是,是,否,"严格区间[0.739840073168155238121910583039941366775175244227964363359152, 0.739840073168155238121910583039941366775175244227964363359152]；扩展区间[0.960694989515616216416251009417995826701519922049431959849411, 0.960694989515616216416251009417995826701519922049431959849411]。养殖属直接农业；饲料和动物疫苗属农业投入品；食品加工、工程环保及其他排除。",,,,https://static.cninfo.com.cn/finalpage/2020-04-29/1207663251.PDF,21,97,已人工复核（跨年快速核对第十六批O组）,逐年核对官方年报；养殖、投入品和初加工按同一维度下界计量，贸易、屠宰、熟食和普通食品深加工排除；重列比较数优先，混合品类保留上下界。 仅保留状态标记；未用ST或退市状态改变业务分类与收入判定。 沿用v26原值；待核实字段不插值、不复制相邻年份 无。
002234,山东民和牧业股份有限公司,2019,3.0,畜牧业,行业分类候选+龙头企业身份核实候选,雏鸡及淘汰鸡,2351883895.77,3276052000.43,0.71790188,否（仅使用同一分产品维度）,是,是,否,直接畜牧养殖收入占71.79%，超过合并营业收入50%；未叠加行业、产品或地区等交叉披露维度。,,,,https://static.cninfo.com.cn/finalpage/2020-04-21/1207538014.PDF,17,59,已人工复核（跨年快速核对第七批）,逐年核对当年官方年报；严格口径为直接养殖，扩展口径可加入同一披露维度的初加工；不跨行业、产品、地区维度相加。
002299,福建圣农发展股份有限公司,2019,3.0,畜牧业,行业分类候选,家禽饲养加工行业（合并披露）,9532849891.11,14558436761.99,0.6547990039699118,合并披露风险：自产养殖与屠宰初加工无法可靠拆分；未估算严格分子,待核实,是,否,家禽饲养加工合并收入原始占比0.65479900396991180680169918905940410966017657941018，扩展口径达标；严格口径不估算。,,,,https://static.cninfo.com.cn/finalpage/2020-03-28/1207418564.PDF,17,87,已人工复核（跨年快速核对第十一批B组）,逐年核对官方年报；只使用营业收入或主营业务收入列，不使用营业成本列；同一维度计算并排除贸易、深加工及其他非涉农收入。 分行业营业收入/主营业务收入列（禁止使用营业成本列） 严格口径待核实；家禽饲养加工收入只用于扩展口径。食品加工行业属于深加工，已单列但不进入分子；贸易未单列，未估算。
002311,广东海大集团股份有限公司,2019,,,龙头企业身份核实候选,直接养殖/种苗（严格上界）；饲料、动保（扩展下界）,39559250260.37,47612587464.5,0.83085697,否（同一分产品维度；农产品只进入上界，贸易、其他和饲料机械排除）,否,是,否,农产品项未拆直接养殖、种苗与禽产业链中的潜在屠宰/加工，故只作上界；扩展下界已超过50%。,,,,https://static.cninfo.com.cn/finalpage/2020-04-21/1207538986.PDF,22|23|24,114,已人工复核（跨年快速核对第十四批G组）,逐年核对官方年报；农业投入品按互斥产品下界计量，贸易和食品深加工排除；未拆候选收入即使上界不足30%也不写成精确零。 2022逐公司行业分类仍待核实，不影响本年年报收入复核。
002321,河南华英农业发展股份有限公司,2019,3.0,畜牧业,行业分类候选+龙头企业身份核实候选,禽苗、种蛋及活禽；冻禽、鸭毛、饲料、羽绒初加工（扩展口径）,4698234467.18,5517686134.68,0.85148636,否（仅使用同一分产品或明确交易收入；不跨维度相加）,否,是,否,严格口径占12.98%，未达50%；同一维度加入初加工和农业投入品后占85.15%，纳入扩展样本。原毛经洗涤、干燥、分级形成的羽绒材料计入初加工；熟食、成品羽绒制品、租赁及其他业务未计入；仅在同一分产品维度加总。,,,,https://static.cninfo.com.cn/finalpage/2020-05-30/1207878541.PDF,16,97,已人工复核（跨年快速核对第十批）,逐年核对官方年报；扩展口径只计可识别初加工或农业投入品，排除贸易、熟食、成品羽绒、餐饮、殡葬、能源和资产处置。
002385,北京大北农科技集团股份有限公司,2019,,,龙头企业身份核实候选,生猪养殖（严格）；饲料、种子、植保、动保及生猪（扩展）,15769199151.45,16577901766.95,0.95121804,否（同一分产品维度；2015生猪为其他产品的已披露子项，其余其他产品只进上界；原料贸易排除）,否,是,否,饲料、种业、植保、疫苗/兽药属于农业投入品；原料贸易排除，其他产品不自动纳入。,,,,https://static.cninfo.com.cn/finalpage/2020-04-25/1207606775.PDF,22|23,114,已人工复核（跨年快速核对第十四批G组）,逐年核对官方年报；农业投入品按互斥产品下界计量，贸易和食品深加工排除；未拆候选收入即使上界不足30%也不写成精确零。 2022逐公司行业分类仍待核实，不影响本年年报收入复核。
002458,山东益生种畜禽股份有限公司,2019,3.0,畜牧业,行业分类候选+龙头企业身份核实候选,鸡、猪、牛奶,3454297955.82,3583534105.26,0.96393612,否（仅使用同一分行业维度）,是,是,否,直接畜牧养殖收入占96.39%，超过合并营业收入50%；未叠加行业、产品或地区等交叉披露维度。,,,,https://static.cninfo.com.cn/finalpage/2020-02-20/1207314355.PDF,17,73,已人工复核（跨年快速核对第七批）,逐年核对当年官方年报；严格口径为直接养殖，扩展口径可加入同一披露维度的初加工；不跨行业、产品、地区维度相加。
002567,唐人神集团股份有限公司,2019,,,龙头企业身份核实候选,养殖（严格）；饲料+养殖+兽药/动物保健（扩展下界）,14367138648.59,15342862854.89,0.93640534,否（同一分行业维度加总；屠宰及肉类仅作上界）,否,是,否,"严格区间=[0.05234953, 0.05234953]，扩展下界=0.93640534，含全部加工混合项的审计上界=1.00000000。",,,,https://static.cninfo.com.cn/finalpage/2020-04-27/1207609338.PDF,17|18,117,已人工复核（跨年快速核对第十三批E组）,逐年核对官方年报；养殖与屠宰鲜品、原奶与乳制品、液态奶与发酵乳/乳饮料无法完全拆分时保留上下界，其他业务收入和算术残差不得自动当农业收入。 屠宰及肉类大类含初加工与肉制品深加工且未拆分，仅作上界；扩展下界已超过50%。
002679,福建金森林业股份有限公司,2019,2.0,林业,行业分类候选,林业,122658320.6,128552232.82,0.95415162,否（仅取同一分行业或分产品维度；采用保守分子）,是,是,否,直接林业收入保守占比超过50%；未叠加其他披露维度。,,,,https://static.cninfo.com.cn/finalpage/2020-04-29/1207666531.PDF,12,16|79,已人工复核（跨年快速核对第二批）,按公司跨年比较后逐年核对当年官方年报业务表与合并利润表；未复制、插值或外推相邻年份数值。
002688,金河生物科技股份有限公司,2019,,,龙头企业身份核实候选,兽药、兽用疫苗及药物饲料添加剂（扩展下界）,1178891620.66,1782364081.84,0.66142021,否（兽药投入品使用互斥行业项目；农产品加工仅作上界）,否,是,否,"严格区间=[0.00000000, 0.00000000]，扩展下界=0.66142021，含全部加工混合项的审计上界=0.92601686。",,,,https://static.cninfo.com.cn/finalpage/2020-04-20/1207525817.PDF,19|20,93,已人工复核（跨年快速核对第十三批E组）,逐年核对官方年报；养殖与屠宰鲜品、原奶与乳制品、液态奶与发酵乳/乳饮料无法完全拆分时保留上下界，其他业务收入和算术残差不得自动当农业收入。 淀粉及联产品/农产品加工业可能含初加工与深加工，未拆分，仅作上界；环保及其他非农业用途排除。
002696,百洋产业投资集团股份有限公司,2019,4.0,渔业,行业分类候选+龙头企业身份核实候选,饲料及水产品加工（扩展口径）；直接养殖/捕捞仅可确定收入上界,2441053514.99,2844133734.97,0.85827663,否（仅使用同一分行业或分产品维度）,否,是,否,"同一披露维度内的农业投入品、水产品加工及可识别直接渔业收入占85.83%，超过50%；教育及其他业务未计入。直接养殖/捕捞收入未单列；按最宽范围计算的严格收入上界为374,899,493.27元、占13.18%，严格样本为否。",,,,https://static.cninfo.com.cn/finalpage/2020-04-28/1207640779.PDF,17,77,已人工复核（跨年快速核对第八批）,逐年核对官方年报；混合披露收入只作审计上界，不写入正式涉农分子；无法拆分初加工、深加工、贸易或自产/外购时明确标记待核实。
002714,牧原食品集团股份有限公司,2019,3.0,畜牧业,行业分类候选+龙头企业身份核实候选,生猪（保守产品口径）,19627036862.66,20221332525.64,0.97061046,否（只取一个分行业或分产品维度；采用保守分子）,是,是,否,直接农业业务的保守收入分子已超过公司营业收入50%；未叠加其他可能符合口径的业务。,,,,https://static.cninfo.com.cn/finalpage/2020-02-27/1207325910.PDF,29,148,已人工复核（跨年快速核对试验）,按公司跨年比较后，逐年核对当年年报业务表与利润表；未复制相邻年份数值。
002746,山东仙坛集团股份有限公司,2019,3.0,畜牧业,行业分类候选+龙头企业身份核实候选,肉鸡养殖及屠宰加工,3533387137.43,3533387137.43,1.0,否（仅取同一分行业或分产品维度；采用保守分子）,否,是,否,肉鸡养殖与屠宰加工合并行业收入达到50%；该合并口径含屠宰初加工，不能据此证明直接养殖收入达到50%，故仅纳入扩展样本。,,,,https://static.cninfo.com.cn/finalpage/2020-03-24/1207393304.PDF,18,89,已人工复核（跨年快速核对第二批）,按公司跨年比较后逐年核对当年官方年报业务表与合并利润表；未复制、插值或外推相邻年份数值。
002772,天水众兴菌业科技股份有限公司,2019,1.0,农业,行业分类候选+龙头企业身份核实候选,食用菌种植,1155832460.49,1155832460.49,1.0,否（只使用一个分行业维度）,是,是,否,当年官方年报分行业直接农业营业收入超过公司合并营业收入50%；未叠加分产品、地区或销售模式。,,,,https://static.cninfo.com.cn/finalpage/2020-04-29/1207664329.PDF,21,112,已人工复核（跨年快速核对第三批）,逐年核对当年官方年报营业收入构成表与合并利润表；未复制相邻年份数值。
300087,安徽荃银高科种业股份有限公司,2019,1.0,农业,行业分类候选+龙头企业身份核实候选,水稻种子（仅取单项即可达到门槛）,687053171.51,1153661613.91,0.59554133,否（同一分产品维度内求和）,是,是,否,仅合计当年年报明确列示的种子产品收入，已超过合并营业收入50%；未计订单粮食、青贮、农批市场、农机农化、服务及含义不清的其他项。,,,,https://static.cninfo.com.cn/finalpage/2020-04-25/1207603773.PDF,21,135,已人工复核（跨年快速核对第四批）,逐年核对官方年报分产品收入；仅用明确种子项目的保守分子，不复制相邻年度。
300189,海南神农种业科技股份有限公司,2019,1.0,农业,行业分类候选+龙头企业身份核实候选,杂交水稻、玉米、蔬菜及其他种子,92799774.17,112458427.26,0.82519182,否（同一分产品维度内求和）,是,是,否,明确种子产品收入已超过合并营业收入50%，未计农化、粮食、房屋、供应链等项目。,,,,https://static.cninfo.com.cn/finalpage/2020-05-26/1207862622.PDF,18,91,已人工复核（跨年快速核对第五批）,逐年核对官方年报分产品收入，业务转型年份按当年实际口径判定。
300498,温氏食品集团股份有限公司,2019,3.0,畜牧业,行业分类候选+龙头企业身份核实候选,养殖行业扣除肉鸡类（严格下界）；养殖严格下界+兽药投入品（扩展下界）,43901114432.49,73120412619.72,0.60039479,否（采用互斥分行业/分产品项目；加工混合项只作上界）,是,是,否,"严格区间=[0.60039479, 0.96672090]，扩展下界=0.60893950，含全部加工混合项的审计上界=0.98929507。",,,,https://static.cninfo.com.cn/finalpage/2020-04-24/1207587189.PDF,23|24,115,已人工复核（跨年快速核对第十三批E组）,逐年核对官方年报；养殖与屠宰鲜品、原奶与乳制品、液态奶与发酵乳/乳饮料无法完全拆分时保留上下界，其他业务收入和算术残差不得自动当农业收入。 2017年报说明冰鲜鸡由肉制品加工调整至肉鸡类，且冰鲜鸡收入低于肉鸡类收入5%；2017年起不能把含鲜品的肉鸡类整项计入严格分子，采用‘养殖行业减肉鸡类’的保守下界。
300511,上海雪榕生物科技股份有限公司,2019,1.0,农业,行业分类候选+龙头企业身份核实候选,食用菌种植,1945935776.25,1964574723.12,0.99051248,否（只使用一个分行业维度）,是,是,否,当年官方年报分行业直接农业营业收入超过公司合并营业收入50%；未叠加分产品、地区或销售模式。,,,,https://static.cninfo.com.cn/finalpage/2020-04-25/1207608368.PDF,19,92,已人工复核（跨年快速核对第三批）,逐年核对当年官方年报营业收入构成表与合并利润表；未复制相邻年份数值。
600108,甘肃亚盛实业(集团)股份有限公司,2019,1.0,农业,行业分类候选+龙头企业身份核实候选,农业种植,2123311566.29,2731512697.38,0.77733908,否（仅使用同一分行业维度）,是,是,否,同一分行业维度的直接农业收入超过合并营业收入50%；未叠加产品、地区或销售模式。,,,,https://static.cninfo.com.cn/finalpage/2020-05-13/1207783877.PDF,9,37,已人工复核（跨年快速核对第六批）,逐年核对当年官方年报分行业营业收入和合并利润表；严格、扩展口径分别计算，不跨披露维度相加。
600195,中牧实业股份有限公司,2019,,,龙头企业身份核实候选,生物制品、兽药/化药、饲料等农业投入品（扩展）,2896991893.67,4117720021.78,0.70354271,否（同一分产品维度加总；单列贸易收入全部排除）,否,是,否,生物制品、兽药/化药和饲料属于农业投入品；贸易为互斥单列产品，不计入。,,,,https://static.cninfo.com.cn/finalpage/2020-04-21/1207542030.PDF,14,70,已人工复核（跨年快速核对第十四批G组）,"逐年核对官方年报；农业投入品按互斥产品下界计量，贸易和食品深加工排除；未拆候选收入即使上界不足30%也不写成精确零。 采用2019年当年报告营业收入4,117,720,021.78元；2020年比较栏为4,135,737,308.30元，不以后续比较数覆盖。"
600257,大湖健康产业股份有限公司,2019,4.0,渔业,行业分类候选,水产品养殖（年报分行业‘农业’）,781975466.36,1112490033.62,0.70290559,否（只使用同一分行业维度，不与分产品或分地区收入相加）,是,是,否,农业分行业Decimal高精度门槛计算值=0.70290559261504730494845761097435043824424333362865；沿用已核实2023年的水产品养殖口径。非涉农健康产业收入全部排除。,,,,https://static.cninfo.com.cn/finalpage/2020-06-12/1207919493.PDF,10,54,已人工复核（跨年快速核对第十一批C组）,逐年核对官方年报；只使用营业收入或主营业务收入列，不使用营业成本列；同一维度计算并排除贸易、深加工及其他非涉农收入。 比例门槛采用Decimal 50位精度计算；文本值为高精度计算值，不表示无限精度小数
600313,中农发种业集团股份有限公司,2019,1.0,农业,行业分类候选,同一产品层级明确的化肥、农药及各类种子,4738651137.54,5135725233.6,0.92268393,否（下界仅采用同一分产品层级；行业行只贡献正的未解释上界增量）,否,是,否,"严格区间[0, 0]；扩展区间[0.922683929143603707763592066636140609903675435600897291741749, 0.922683929143603707763592066636140609903675435600897291741749]。下界只加总同一分产品层级明确的化肥、农药及种子；农资贸易/种子销售行业行只用于识别正的未解释上界增量。大理石、粮食贸易、麸皮、谷朊粉、淀粉、面粉、黄粉、核辐及其他不明确产品均不进下界。",,,,https://static.cninfo.com.cn/finalpage/2020-04-29/1207667963.PDF,13|14,76,已人工复核（跨年快速核对第十四/十五批H组）,逐年核对官方年报；农业投入品下界只加同层级明确产品；乳品混合初深加工时保留上下界，内部原奶不重复，能源、食品深加工和模糊其他收入不自动纳入。 沿用v23原值；待核实时不插值、不复制相邻年份
600359,新疆塔里木农业综合开发股份有限公司,2019,1.0,农业,行业分类候选,种子、苗木、鲜奶/牛（严格）；农业+畜牧业分行业及园林绿化行业内单列苗木（扩展）,294362078.78,550803077.66,0.53442345,否（农业、畜牧业与园林绿化为互斥分行业；扩展仅从园林绿化中取单列苗木，不计工程施工）,否,是,否,严格口径占17.18%；农业、畜牧业分行业加园林绿化行业内单列苗木的扩展口径占53.44%。苗木未包含在农业分行业，故相加不重叠。,,,,https://static.cninfo.com.cn/finalpage/2020-04-30/1207689907.PDF,11,49,已人工复核（跨年快速核对第十一批A组）,逐年核对官方年报；只使用营业收入或主营业务收入列，不使用营业成本列；同一维度计算并排除贸易、深加工及其他非涉农收入。 2022逐公司行业分类及该公司2022公司—年份入口仍待核实；本批不外推新增。
600371,万向德农股份有限公司,2019,1.0,农业,行业分类候选,玉米种子（保守产品口径）,263612607.33,275377686.09,0.95727657,否（只取一个分行业或分产品维度；采用保守分子）,是,是,否,直接农业业务的保守收入分子已超过公司营业收入50%；未叠加其他可能符合口径的业务。,,,,https://static.cninfo.com.cn/finalpage/2020-04-29/1207653987.PDF,10,55,已人工复核（跨年快速核对试验）,按公司跨年比较后，逐年核对当年年报业务表与利润表；未复制相邻年份数值。
600467,山东好当家海洋发展股份有限公司,2019,4.0,渔业,行业分类候选+龙头企业身份核实候选,水产养殖、捕捞,679168146.47,1226123062.59,0.55391516,否（仅使用同一分行业维度）,是,是,否,同一分行业维度的直接农业收入超过合并营业收入50%；未叠加产品、地区或销售模式。,,,,https://static.cninfo.com.cn/finalpage/2020-05-07/1207708446.PDF,13,59,已人工复核（跨年快速核对第六批）,逐年核对当年官方年报分行业营业收入和合并利润表；严格、扩展口径分别计算，不跨披露维度相加。
600540,新疆赛里木现代农业股份有限公司,2019,1.0,农业,行业分类候选,分行业农业收入（扩展口径）,1154754982.13,1380228765.64,0.83664028,否（扩展分子仅取同一分行业农业收入，不混入分产品或商贸收入）,否,是,否,严格口径0；分行业农业收入占83.66%。,,,,https://static.cninfo.com.cn/finalpage/2020-04-29/1207668099.PDF,14,62,已人工复核（跨年快速核对第十一批A组）,逐年核对官方年报；只使用营业收入或主营业务收入列，不使用营业成本列；同一维度计算并排除贸易、深加工及其他非涉农收入。 2022逐公司行业分类及该公司2022公司—年份入口仍待核实；本批不外推新增。
600598,黑龙江北大荒农业股份有限公司,2019,1.0,农业,行业分类候选,农业行业（土地承包费）,2675129872.46,3111306139.6,0.85980927,否（仅使用同一分行业维度）,是,是,否,同一分行业维度的直接农业收入超过合并营业收入50%；未叠加产品、地区或销售模式。,,,,https://static.cninfo.com.cn/finalpage/2020-03-30/1207423704.PDF,12,70,已人工复核（跨年快速核对第六批）,逐年核对当年官方年报分行业营业收入和合并利润表；严格、扩展口径分别计算，不跨披露维度相加。
603668,福建天马科技集团股份有限公司,2019,,,龙头企业身份核实候选,严格养殖+特水饲料+畜禽饲料+动保产品,1917862450.54,2428383824.74,0.78976908,只在同一产品维度求和；原料贸易和水产品/食品销售排除；2022内部交易抵消不明分属，整体扣减构造保守下界,否,是,否,养殖进入严格口径；饲料和动保进入扩展口径；原料销售、水产品贸易及烤鳗/食品销售排除。,,,,https://static.cninfo.com.cn/finalpage/2020-02-28/1207329382.PDF,23|24,91,已人工复核（跨年快速核对第十八批T组）,逐年核对官方年报；普通饮料和休闲食品深加工排除，粮食初加工按上下界；养殖与屠宰鲜品无法拆分时待核实，水产食品排除项不进入扩展分子。 2018饲料销售未拆特水/畜禽但整体属于扩展农业投入品；2021养殖含畜禽与鳗鲡，均属严格口径 沿用v27原值；待核实字段不插值、不复制相邻年份 无影响门槛结论的待核实收入项。
000713,国投丰乐种业股份有限公司,2020,5.0,农林牧渔服务业,行业分类候选+龙头企业身份核实候选,种子类、农化类,2136727574.97,2456598310.13,0.86979119,否（仅使用同一分行业维度）,否,是,否,种子收入占15.63%，未达严格门槛；同一行业维度加入农业投入品农化业务后占86.98%，达到扩展样本门槛。香料业务未计入。,,,,https://static.cninfo.com.cn/finalpage/2021-04-28/1209832747.PDF,22,120|167,已人工复核（跨年快速核对第九批）,逐年核对官方年报同一分行业维度和合并利润表；扩展口径只加入农业投入品，不计批零、食品贸易、香料、棉花、果蔬或其他非直接农业业务。
000735,罗牛山股份有限公司,2020,3.0,畜牧业,行业分类候选+龙头企业身份核实候选,生猪及肉制品（扩展口径）,1925373745.47,2333326709.68,0.82516252,否（仅使用同一分产品维度）,否,是,否,直接畜牧养殖收入占23.62%，未达50%；加入同一分产品维度的农产品初加工收入后占82.52%，纳入扩展样本。,,,,https://static.cninfo.com.cn/finalpage/2021-05-22/1210046988.PDF,15,73,已人工复核（跨年快速核对第七批）,逐年核对当年官方年报；严格口径为直接养殖，扩展口径可加入同一披露维度的初加工；不跨行业、产品、地区维度相加。
000798,中水集团远洋股份有限公司,2020,4.0,渔业,行业分类候选,远洋捕捞,355857733.0,445286551.21,0.79916569,否（只使用一个分行业维度）,是,是,否,当年官方年报分行业直接农业营业收入超过公司合并营业收入50%；未叠加分产品、地区或销售模式。,,,,https://static.cninfo.com.cn/finalpage/2021-02-06/1209253238.PDF,12,68,已人工复核（跨年快速核对第三批）,逐年核对当年官方年报营业收入构成表与合并利润表；未复制相邻年份数值。
000998,袁隆平农业高科技股份有限公司,2020,1.0,农业,行业分类候选+龙头企业身份核实候选,农业（水稻种子、玉米种子）,2377886132.98,3290527650.55,0.72264584,否（仅取同一分行业或分产品维度；采用保守分子）,是,是,否,种子等直接农业业务的保守收入占比超过50%；未叠加地区或销售模式维度。,,,,https://static.cninfo.com.cn/finalpage/2021-04-30/1209869920.PDF,21,113,已人工复核（跨年快速核对第二批）,按公司跨年比较后逐年核对当年官方年报业务表与合并利润表；未复制、插值或外推相邻年份数值。
002041,山东登海种业股份有限公司,2020,1.0,农业,行业分类候选+龙头企业身份核实候选,玉米种子（保守产品口径）,784860934.35,900743999.55,0.87134739,否（只取一个分行业或分产品维度；采用保守分子）,是,是,否,直接农业业务的保守收入分子已超过公司营业收入50%；未叠加其他可能符合口径的业务。,,,,https://static.cninfo.com.cn/finalpage/2021-04-21/1209736731.PDF,17,61,已人工复核（跨年快速核对试验）,按公司跨年比较后，逐年核对当年年报业务表与利润表；未复制相邻年份数值。
002100,天康生物股份有限公司,2020,,,龙头企业身份核实候选,生猪养殖+饲料+兽药+牛奶/代养业务,7827494552.33,11986808944.23,0.65300904,无；采用同一分产品维度，食品养殖行业合计未再次加入,否,是,否,"严格区间[0.203635320356463660702358597469146207372978411951921986456837, 0.230759214016794742096636625037524547053577310623536807291636]；扩展区间[0.653009035911752154622503592348641356117689739669961937442548, 0.653009035911752154622503592348641356117689739669961937442548]。饲料、兽药及明确代养服务进入扩展口径；屠宰肉制品、蛋白油脂、玉米收储/加工和担保排除。",,,,https://static.cninfo.com.cn/finalpage/2021-04-23/1209774379.PDF,19,95,已人工复核（跨年快速核对第十六批O组）,逐年核对官方年报；养殖、投入品和初加工按同一维度下界计量，贸易、屠宰、熟食和普通食品深加工排除；重列比较数优先，混合品类保留上下界。 仅保留状态标记；未用ST或退市状态改变业务分类与收入判定。 沿用v26原值；待核实字段不插值、不复制相邻年份 混合牛奶/代养未拆，严格正式分子采用生猪养殖下界。
002124,天邦食品股份有限公司,2020,,,龙头企业身份核实候选,生猪养殖+饲料产品+动物疫苗,9368118223.73,10764148563.64,0.87030741,无；分行业与分产品金额相同，仅采用一套产品行,是,是,否,"严格区间[0.745590610506777526094951053426781966071872352855968446017460, 0.745590610506777526094951053426781966071872352855968446017460]；扩展区间[0.870307406883474027317229310012912466859617424365145753368427, 0.870307406883474027317229310012912466859617424365145753368427]。养殖属直接农业；饲料和动物疫苗属农业投入品；食品加工、工程环保及其他排除。",,,,https://static.cninfo.com.cn/finalpage/2021-04-21/1209740052.PDF,18,96,已人工复核（跨年快速核对第十六批O组）,逐年核对官方年报；养殖、投入品和初加工按同一维度下界计量，贸易、屠宰、熟食和普通食品深加工排除；重列比较数优先，混合品类保留上下界。 仅保留状态标记；未用ST或退市状态改变业务分类与收入判定。 沿用v26原值；待核实字段不插值、不复制相邻年份 无。
002234,山东民和牧业股份有限公司,2020,3.0,畜牧业,行业分类候选+龙头企业身份核实候选,雏鸡及淘汰鸡,924777610.8,1681883981.38,0.54984626,否（仅使用同一分产品维度）,是,是,否,直接畜牧养殖收入占54.98%，超过合并营业收入50%；未叠加行业、产品或地区等交叉披露维度。,,,,https://static.cninfo.com.cn/finalpage/2021-04-27/1209810808.PDF,18,65,已人工复核（跨年快速核对第七批）,逐年核对当年官方年报；严格口径为直接养殖，扩展口径可加入同一披露维度的初加工；不跨行业、产品、地区维度相加。
002299,福建圣农发展股份有限公司,2020,3.0,畜牧业,行业分类候选,家禽饲养加工行业（合并披露）,8871897956.83,13744599499.34,0.6454824643858132,合并披露风险：自产养殖与屠宰初加工无法可靠拆分；未估算严格分子,待核实,是,否,家禽饲养加工合并收入原始占比0.64548246438581338266674389694367238361385675684367，扩展口径达标；严格口径不估算。,,,,https://static.cninfo.com.cn/finalpage/2021-04-20/1209724366.PDF,16,89,已人工复核（跨年快速核对第十一批B组）,逐年核对官方年报；只使用营业收入或主营业务收入列，不使用营业成本列；同一维度计算并排除贸易、深加工及其他非涉农收入。 分行业营业收入/主营业务收入列（禁止使用营业成本列） 严格口径待核实；家禽饲养加工收入只用于扩展口径。食品加工行业属于深加工，已单列但不进入分子；贸易未单列，未估算。
002311,广东海大集团股份有限公司,2020,,,龙头企业身份核实候选,直接养殖/种苗（严格上界）；饲料、动保（扩展下界）,49429876071.33,60323862405.94,0.81940834,否（同一分产品维度；农产品只进入上界，贸易、其他和饲料机械排除）,否,是,否,农产品项未拆直接养殖、种苗与禽产业链中的潜在屠宰/加工，故只作上界；扩展下界已超过50%。,,,,https://static.cninfo.com.cn/finalpage/2021-04-20/1209723720.PDF,24|25,117,已人工复核（跨年快速核对第十四批G组）,逐年核对官方年报；农业投入品按互斥产品下界计量，贸易和食品深加工排除；未拆候选收入即使上界不足30%也不写成精确零。 2022逐公司行业分类仍待核实，不影响本年年报收入复核。
002321,河南华英农业发展股份有限公司,2020,3.0,畜牧业,行业分类候选+龙头企业身份核实候选,禽苗、种蛋及活禽；冻禽、鸭毛、饲料、羽绒初加工（扩展口径）,2552344669.38,3125556245.34,0.81660494,否（仅使用同一分产品或明确交易收入；不跨维度相加）,否,是,否,严格口径占2.82%，未达50%；同一维度加入初加工和农业投入品后占81.66%，纳入扩展样本。原毛经洗涤、干燥、分级形成的羽绒材料计入初加工；熟食、成品羽绒制品、租赁及其他业务未计入；仅在同一分产品维度加总。,,,,https://static.cninfo.com.cn/finalpage/2021-08-07/1210688205.PDF,21,106,已人工复核（跨年快速核对第十批）,逐年核对官方年报；扩展口径只计可识别初加工或农业投入品，排除贸易、熟食、成品羽绒、餐饮、殡葬、能源和资产处置。
002385,北京大北农科技集团股份有限公司,2020,,,龙头企业身份核实候选,生猪养殖（严格）；饲料、种子、植保、动保及生猪（扩展）,21287673906.09,22813861332.61,0.93310263,否（同一分产品维度；2015生猪为其他产品的已披露子项，其余其他产品只进上界；原料贸易排除）,否,是,否,饲料、种业、植保、疫苗/兽药属于农业投入品；原料贸易排除，其他产品不自动纳入。,,,,https://static.cninfo.com.cn/finalpage/2021-04-21/1209740305.PDF,23|24,125,已人工复核（跨年快速核对第十四批G组）,逐年核对官方年报；农业投入品按互斥产品下界计量，贸易和食品深加工排除；未拆候选收入即使上界不足30%也不写成精确零。 2022逐公司行业分类仍待核实，不影响本年年报收入复核。
002458,山东益生种畜禽股份有限公司,2020,3.0,畜牧业,行业分类候选+龙头企业身份核实候选,鸡、猪、牛奶,1574681582.79,1751036372.39,0.89928548,否（仅取同一分行业或分产品维度；采用保守分子）,是,是,否,仅合计同一分行业维度的鸡、猪和牛奶收入，排除其他及农牧设备；直接畜牧业务保守占比超过50%。,,,,https://static.cninfo.com.cn/finalpage/2021-03-03/1209324835.PDF,20,80,已人工复核（跨年快速核对第二批）,按公司跨年比较后逐年核对当年官方年报业务表与合并利润表；未复制、插值或外推相邻年份数值。
002567,唐人神集团股份有限公司,2020,,,龙头企业身份核实候选,养殖（严格）；饲料+养殖+兽药/动物保健（扩展下界）,17821859875.74,18513676056.52,0.96263215,否（同一分行业维度加总；屠宰及肉类仅作上界）,否,是,否,"严格区间=[0.13249578, 0.13249578]，扩展下界=0.96263215，含全部加工混合项的审计上界=1.00000000。",,,,https://static.cninfo.com.cn/finalpage/2021-04-02/1209626148.PDF,20|21,122,已人工复核（跨年快速核对第十三批E组）,逐年核对官方年报；养殖与屠宰鲜品、原奶与乳制品、液态奶与发酵乳/乳饮料无法完全拆分时保留上下界，其他业务收入和算术残差不得自动当农业收入。 采用2020年报当期合并利润表营业收入及收入构成；后续比较口径不倒替当期披露。
002679,福建金森林业股份有限公司,2020,2.0,林业,行业分类候选,林业,141538235.09,148031923.45,0.95613319,否（仅取同一分行业或分产品维度；采用保守分子）,是,是,否,直接林业收入保守占比超过50%；未叠加其他披露维度。,,,,https://static.cninfo.com.cn/finalpage/2021-04-29/1209848726.PDF,12,16|76,已人工复核（跨年快速核对第二批）,按公司跨年比较后逐年核对当年官方年报业务表与合并利润表；未复制、插值或外推相邻年份数值。
002688,金河生物科技股份有限公司,2020,,,龙头企业身份核实候选,兽药、兽用疫苗及药物饲料添加剂（扩展下界）,1237758636.58,1814638965.54,0.68209636,否（兽药投入品使用互斥行业项目；农产品加工仅作上界）,否,是,否,"严格区间=[0.00000000, 0.00000000]，扩展下界=0.68209636，含全部加工混合项的审计上界=0.93343400。",,,,https://static.cninfo.com.cn/finalpage/2021-03-31/1209485652.PDF,19|20,99,已人工复核（跨年快速核对第十三批E组）,逐年核对官方年报；养殖与屠宰鲜品、原奶与乳制品、液态奶与发酵乳/乳饮料无法完全拆分时保留上下界，其他业务收入和算术残差不得自动当农业收入。 2020年起按农业农村部公告第194号，部分原‘药物饲料添加剂’产品改列‘兽用化学药品’；本表按各年年报当期分类加总互斥兽药投入品项目。
002696,百洋产业投资集团股份有限公司,2020,4.0,渔业,行业分类候选+龙头企业身份核实候选,饲料及水产品加工（扩展口径）；直接养殖/捕捞仅可确定收入上界,2476497256.51,2482574247.63,0.99755214,否（仅使用同一分行业或分产品维度）,否,是,否,"同一披露维度内的农业投入品、水产品加工及可识别直接渔业收入占99.76%，超过50%；教育及其他业务未计入。直接养殖/捕捞收入未单列；按最宽范围计算的严格收入上界为1,059,554,822.51元、占42.68%，严格样本为否。",,,,https://static.cninfo.com.cn/finalpage/2021-04-28/1209837715.PDF,16,81,已人工复核（跨年快速核对第八批）,逐年核对官方年报；混合披露收入只作审计上界，不写入正式涉农分子；无法拆分初加工、深加工、贸易或自产/外购时明确标记待核实。
002714,牧原食品集团股份有限公司,2020,3.0,畜牧业,行业分类候选+龙头企业身份核实候选,生猪（保守产品口径）,55105001071.85,56277065607.85,0.97917332,否（只取一个分行业或分产品维度；采用保守分子）,是,是,否,直接农业业务的保守收入分子已超过公司营业收入50%；未叠加其他可能符合口径的业务。,,,,https://static.cninfo.com.cn/finalpage/2021-04-30/1209868216.PDF,24,134,已人工复核（跨年快速核对试验）,按公司跨年比较后，逐年核对当年年报业务表与利润表；未复制相邻年份数值。
002746,山东仙坛集团股份有限公司,2020,3.0,畜牧业,行业分类候选+龙头企业身份核实候选,肉鸡养殖及屠宰加工,3188320694.09,3188320694.09,1.0,否（仅取同一分行业或分产品维度；采用保守分子）,否,是,否,肉鸡养殖与屠宰加工合并行业收入达到50%；该合并口径含屠宰初加工，不能据此证明直接养殖收入达到50%，故仅纳入扩展样本。,,,,https://static.cninfo.com.cn/finalpage/2021-03-30/1209473048.PDF,23,95,已人工复核（跨年快速核对第二批）,按公司跨年比较后逐年核对当年官方年报业务表与合并利润表；未复制、插值或外推相邻年份数值。
002772,天水众兴菌业科技股份有限公司,2020,1.0,农业,行业分类候选+龙头企业身份核实候选,食用菌种植,1483178491.71,1483178491.71,1.0,否（只使用一个分行业维度）,是,是,否,当年官方年报分行业直接农业营业收入超过公司合并营业收入50%；未叠加分产品、地区或销售模式。,,,,https://static.cninfo.com.cn/finalpage/2021-03-26/1209454487.PDF,16,99,已人工复核（跨年快速核对第三批）,逐年核对当年官方年报营业收入构成表与合并利润表；未复制相邻年份数值。
300087,安徽荃银高科种业股份有限公司,2020,1.0,农业,行业分类候选+龙头企业身份核实候选,水稻种子（仅取单项即可达到门槛）,868001184.83,1601709079.85,0.54192187,否（同一分产品维度内求和）,是,是,否,仅合计当年年报明确列示的种子产品收入，已超过合并营业收入50%；未计订单粮食、青贮、农批市场、农机农化、服务及含义不清的其他项。,,,,https://static.cninfo.com.cn/finalpage/2021-04-23/1209772503.PDF,22,112,已人工复核（跨年快速核对第四批）,逐年核对官方年报分产品收入；仅用明确种子项目的保守分子，不复制相邻年度。
300189,海南神农种业科技股份有限公司,2020,1.0,农业,行业分类候选+龙头企业身份核实候选,杂交水稻、玉米、蔬菜及其他种子,118588052.6,129368353.32,0.91666972,否（同一分产品维度内求和）,是,是,否,明确种子产品收入已超过合并营业收入50%，未计农化、粮食、房屋、供应链等项目。,,,,https://static.cninfo.com.cn/finalpage/2021-04-28/1209836036.PDF,19,88|129,已人工复核（跨年快速核对第五批）,逐年核对官方年报分产品收入，业务转型年份按当年实际口径判定。
300498,温氏食品集团股份有限公司,2020,3.0,畜牧业,行业分类候选+龙头企业身份核实候选,养殖行业扣除肉鸡类（严格下界）；养殖严格下界+兽药投入品（扩展下界）,48392549085.88,74923760203.84,0.64589056,否（采用互斥分行业/分产品项目；加工混合项只作上界）,是,是,否,"严格区间=[0.64589056, 0.97014185]，扩展下界=0.65591916，含全部加工混合项的审计上界=0.99625167。",,,,https://static.cninfo.com.cn/finalpage/2021-04-22/1209759675.PDF,19|20,125,已人工复核（跨年快速核对第十三批E组）,逐年核对官方年报；养殖与屠宰鲜品、原奶与乳制品、液态奶与发酵乳/乳饮料无法完全拆分时保留上下界，其他业务收入和算术残差不得自动当农业收入。 2017年报说明冰鲜鸡由肉制品加工调整至肉鸡类，且冰鲜鸡收入低于肉鸡类收入5%；2017年起不能把含鲜品的肉鸡类整项计入严格分子，采用‘养殖行业减肉鸡类’的保守下界。
300511,上海雪榕生物科技股份有限公司,2020,1.0,农业,行业分类候选+龙头企业身份核实候选,食用菌种植,2179627097.78,2202185873.52,0.98975619,否（只使用一个分行业维度）,是,是,否,当年官方年报分行业直接农业营业收入超过公司合并营业收入50%；未叠加分产品、地区或销售模式。,,,,https://static.cninfo.com.cn/finalpage/2024-04-26/1219839663.PDF,20,147,已人工复核（跨年快速核对第三批）,逐年核对当年官方年报营业收入构成表与合并利润表；未复制相邻年份数值。
600108,甘肃亚盛实业(集团)股份有限公司,2020,1.0,农业,行业分类候选+龙头企业身份核实候选,农业种植,2522375461.89,3132066911.75,0.80533894,否（仅使用同一分行业维度）,是,是,否,同一分行业维度的直接农业收入超过合并营业收入50%；未叠加产品、地区或销售模式。,,,,https://static.cninfo.com.cn/finalpage/2021-04-28/1209833234.PDF,10,38,已人工复核（跨年快速核对第六批）,逐年核对当年官方年报分行业营业收入和合并利润表；严格、扩展口径分别计算，不跨披露维度相加。
600195,中牧实业股份有限公司,2020,,,龙头企业身份核实候选,生物制品、兽药/化药、饲料等农业投入品（扩展）,3562916342.97,4998683678.48,0.71277092,否（同一分产品维度加总；单列贸易收入全部排除）,否,是,否,生物制品、兽药/化药和饲料属于农业投入品；贸易为互斥单列产品，不计入。,,,,https://static.cninfo.com.cn/finalpage/2021-03-31/1209489735.PDF,13,60,已人工复核（跨年快速核对第十四批G组）,逐年核对官方年报；农业投入品按互斥产品下界计量，贸易和食品深加工排除；未拆候选收入即使上界不足30%也不写成精确零。 2022逐公司行业分类仍待核实，不影响本年年报收入复核。
600257,大湖健康产业股份有限公司,2020,4.0,渔业,行业分类候选,水产品养殖（年报分行业‘农业’）,605869922.58,936517809.75,0.64693903,否（只使用同一分行业维度，不与分产品或分地区收入相加）,是,是,否,农业分行业Decimal高精度门槛计算值=0.64693902910584771182991376101804026583809449011923；沿用已核实2023年的水产品养殖口径。非涉农健康产业收入全部排除。,,,,https://static.cninfo.com.cn/finalpage/2023-07-22/1217360305.PDF,12,57,已人工复核（跨年快速核对第十一批C组）,逐年核对官方年报；只使用营业收入或主营业务收入列，不使用营业成本列；同一维度计算并排除贸易、深加工及其他非涉农收入。 比例门槛采用Decimal 50位精度计算；文本值为高精度计算值，不表示无限精度小数
600265,云南景谷林业股份有限公司,2020,2.0,林业,行业分类候选,林木销售；林板、木材及林化初加工（扩展口径）,33498212.64,50678245.07,0.66099788,否（仅使用同一分产品或明确交易收入；不跨维度相加）,否,是,否,严格口径占0.00%，未达50%；同一维度加入初加工和农业投入品后占66.10%，纳入扩展样本。林木销售计入直接林业；林板/木材和松香、松节油等林化初加工计入扩展口径；能源、租赁、林地使用权及固定资产处置不计入。,是,是,,https://static.cninfo.com.cn/finalpage/2021-04-29/1209857505.PDF,15,64,已人工复核（跨年快速核对第十批）,逐年核对官方年报；扩展口径只计可识别初加工或农业投入品，排除贸易、熟食、成品羽绒、餐饮、殡葬、能源和资产处置。
600313,中农发种业集团股份有限公司,2020,1.0,农业,行业分类候选,同一产品层级明确的化肥、农药及各类种子,3203504900.49,3662548774.43,0.87466546,否（下界仅采用同一分产品层级；行业行只贡献正的未解释上界增量）,否,是,否,"严格区间[0, 0]；扩展区间[0.874665457796820551814818552016265387387031117643097527638131, 0.874665457796820551814818552016265387387031117643097527638131]。下界只加总同一分产品层级明确的化肥、农药及种子；农资贸易/种子销售行业行只用于识别正的未解释上界增量。大理石、粮食贸易、麸皮、谷朊粉、淀粉、面粉、黄粉、核辐及其他不明确产品均不进下界。",,,,https://static.cninfo.com.cn/finalpage/2021-04-14/1209681003.PDF,13|14,71,已人工复核（跨年快速核对第十四/十五批H组）,逐年核对官方年报；农业投入品下界只加同层级明确产品；乳品混合初深加工时保留上下界，内部原奶不重复，能源、食品深加工和模糊其他收入不自动纳入。 沿用v23原值；待核实时不插值、不复制相邻年份
600371,万向德农股份有限公司,2020,1.0,农业,行业分类候选,玉米种子（保守产品口径）,233762236.9,240058209.59,0.97377314,否（只取一个分行业或分产品维度；采用保守分子）,是,是,否,直接农业业务的保守收入分子已超过公司营业收入50%；未叠加其他可能符合口径的业务。,,,,https://static.cninfo.com.cn/finalpage/2021-04-27/1209809737.PDF,12,52,已人工复核（跨年快速核对试验）,按公司跨年比较后，逐年核对当年年报业务表与利润表；未复制相邻年份数值。
600467,山东好当家海洋发展股份有限公司,2020,4.0,渔业,行业分类候选+龙头企业身份核实候选,水产养殖、捕捞,705422086.32,1230137523.72,0.57344978,否（仅使用同一分行业维度）,是,是,否,同一分行业维度的直接农业收入超过合并营业收入50%；未叠加产品、地区或销售模式。,,,,https://static.cninfo.com.cn/finalpage/2021-04-24/1209787362.PDF,13,54,已人工复核（跨年快速核对第六批）,逐年核对当年官方年报分行业营业收入和合并利润表；严格、扩展口径分别计算，不跨披露维度相加。
600540,新疆赛里木现代农业股份有限公司,2020,1.0,农业,行业分类候选,分行业农业收入（扩展口径）,727596218.98,1119100056.59,0.6501619,否（扩展分子仅取同一分行业农业收入，不混入分产品或商贸收入）,否,是,否,严格口径0；分行业农业收入占65.02%。,,,,https://static.cninfo.com.cn/finalpage/2021-03-23/1209428402.PDF,16|18,87,已人工复核（跨年快速核对第十一批A组）,逐年核对官方年报；只使用营业收入或主营业务收入列，不使用营业成本列；同一维度计算并排除贸易、深加工及其他非涉农收入。 2022逐公司行业分类及该公司2022公司—年份入口仍待核实；本批不外推新增。
600598,黑龙江北大荒农业股份有限公司,2020,1.0,农业,行业分类候选,农业行业（土地承包及农产品经营）,2716126145.12,3240890962.86,0.83808008,否（仅使用同一分行业维度）,是,是,否,同一分行业维度的直接农业收入超过合并营业收入50%；未叠加产品、地区或销售模式。,,,,https://static.cninfo.com.cn/finalpage/2021-03-30/1209473690.PDF,12,81,已人工复核（跨年快速核对第六批）,逐年核对当年官方年报分行业营业收入和合并利润表；严格、扩展口径分别计算，不跨披露维度相加。
600873,梅花生物科技集团股份有限公司,2020,,,龙头企业身份核实候选,单列动物营养氨基酸作下界；混合其他中的生物有机肥仅作上界,8686944430.97,17049514475.36,0.50951272,否（使用同一分产品层级；行业、地区和销售模式行不参与加总）,否,是,否,"严格区间[0, 0]；扩展区间[0.509512716243292049649549616404907163087659328861236832470560, 0.590666694909349316812884447018680372073954620109695313582266]。动物营养氨基酸行包括饲料级氨基酸及大原料副产品，属于明确农业投入品；‘其他’同时含生物有机肥与石油级黄原胶等非农业产品，只能增加上界。",,,,https://static.cninfo.com.cn/finalpage/2021-04-09/1209657469.PDF,13|14,65,已人工复核（跨年快速核对第十六/十七批N组）,逐年核对官方年报；食品、医药、工业与饲料用途混合时保留上下界；木材与直接林业可计入，板材家具和园林工程排除，未单列收入不写成精确零。 单列产品收入、成本均为元；未与行业或地区维度相加 沿用v26原值；待核实字段不插值、不复制相邻年份 如需精确分子，仍须拆分‘其他’中的生物有机肥；动物营养氨基酸下界可直接使用。
603336,宏辉果蔬股份有限公司,2020,,,龙头企业身份核实候选,水果蔬菜采后收购、预冷、分级、加工包装等初加工服务收入；其他业务只作上界,962731777.56,964036408.96,0.9986467,水果、蔬菜为互斥产品项目；不叠加果蔬服务行业、地区或销售模式，其他业务仅作上界,否,是,否,果蔬主要向基地/农户采购，未证明公司直接种植外销；采后预冷、预选分级和包装属于扩展口径初加工，深加工和冻肉贸易排除。,,,,https://static.cninfo.com.cn/finalpage/2021-03-27/1209463305.PDF,18,69|77,已人工复核（跨年快速核对第二十批Y组）,逐年核对官方年报；主营转型按公司—年份处理；混合业务无法可靠拆分时只保留上下界，正式分子留空，不按名称或原料采购推算。 沿用v31原值；待核实不插值、不复制相邻年份 其他业务未拆；严格口径无单列自营种植收入。
603477,乐山巨星农牧股份有限公司,2020,3.0,畜牧业,行业分类候选,生猪、商品鸡养殖及饲料,965134280.53,1439190604.09,0.67060908,分行业与分产品可能重叠；已固定一套维度或以明确产品下界处理，不机械相加,是,是,否,生猪和商品鸡养殖下界已超过50%；饲料只进入扩展口径，皮革加工排除。,,,,https://static.cninfo.com.cn/finalpage/2021-04-01/1209566974.PDF,20|22,111,已人工复核（最终批AC组）,逐年核对官方年报；主营转型按公司—年份处理；直接农业、初加工和农业投入品分别按冻结口径识别；混合业务无法可靠拆分时只保留上下界，正式分子留空。 采用分产品一次，不与畜禽养殖分行业合计重复相加。 不适用 未分类差额不影响阈值结论。
603668,福建天马科技集团股份有限公司,2020,,,龙头企业身份核实候选,严格养殖+特水饲料+畜禽饲料+动保产品,3292606672.21,3639957005.03,0.90457296,只在同一产品维度求和；原料贸易和水产品/食品销售排除；2022内部交易抵消不明分属，整体扣减构造保守下界,否,是,否,养殖进入严格口径；饲料和动保进入扩展口径；原料销售、水产品贸易及烤鳗/食品销售排除。,,,,https://static.cninfo.com.cn/finalpage/2021-04-30/1209876787.PDF,25|26,100,已人工复核（跨年快速核对第十八批T组）,逐年核对官方年报；普通饮料和休闲食品深加工排除，粮食初加工按上下界；养殖与屠宰鲜品无法拆分时待核实，水产食品排除项不进入扩展分子。 2018饲料销售未拆特水/畜禽但整体属于扩展农业投入品；2021养殖含畜禽与鳗鲡，均属严格口径 沿用v27原值；待核实字段不插值、不复制相邻年份 无影响门槛结论的待核实收入项。
605198,烟台北方安德利果汁股份有限公司,2020,,,龙头企业身份核实候选,浓缩果汁、香精和果渣等果品初加工（与既有2023已核实口径一致）,835579859.39,842019695.12,0.99235192,分行业与分产品为重叠维度；采用一套不重叠口径，不相加,否,是,否,按项目既定且已用于2023的口径，浓缩果汁、香精及果渣属于果品初加工，计入扩展口径；原料果采购不计严格口径。,,,,https://static.cninfo.com.cn/finalpage/2021-03-31/1209496520.PDF,13,70,已人工复核（跨年快速核对第二十批Z组）,逐年核对官方年报；主营转型按公司—年份处理；混合业务无法可靠拆分时只保留上下界，正式分子留空，不按名称或原料采购推算。 采用产品合计作为单一披露维度；不再叠加相同金额的分行业、地区或销售模式。 沿用v31原值；待核实字段不插值、不复制相邻年份 无影响结论的金额拆分缺口；未分类收入差额不纳入扩展分子。
000713,国投丰乐种业股份有限公司,2021,5.0,农林牧渔服务业,行业分类候选+龙头企业身份核实候选,种子类、农化类,2309022547.36,2617242367.84,0.8822349,否（仅使用同一分行业维度）,否,是,否,种子收入占17.01%，未达严格门槛；同一行业维度加入农业投入品农化业务后占88.22%，达到扩展样本门槛。香料业务未计入。,,,,https://static.cninfo.com.cn/finalpage/2022-04-20/1212976110.PDF,22,116,已人工复核（跨年快速核对第九批）,逐年核对官方年报同一分行业维度和合并利润表；扩展口径只加入农业投入品，不计批零、食品贸易、香料、棉花、果蔬或其他非直接农业业务。
000735,罗牛山股份有限公司,2021,3.0,畜牧业,行业分类候选+龙头企业身份核实候选,生猪及肉制品（扩展口径）,1432660810.63,1871731105.96,0.76542021,否（仅使用同一分产品维度）,否,是,否,直接畜牧养殖收入占37.99%，未达50%；加入同一分产品维度的农产品初加工收入后占76.54%，纳入扩展样本。,,,,https://static.cninfo.com.cn/finalpage/2022-04-30/1213260459.PDF,18,79,已人工复核（跨年快速核对第七批）,逐年核对当年官方年报；严格口径为直接养殖，扩展口径可加入同一披露维度的初加工；不跨行业、产品、地区维度相加。
000798,中水集团远洋股份有限公司,2021,4.0,渔业,行业分类候选,远洋捕捞,357713072.13,462390686.83,0.77361652,否（只使用一个分行业维度）,是,是,否,当年官方年报分行业直接农业营业收入超过公司合并营业收入50%；未叠加分产品、地区或销售模式。,,,,https://static.cninfo.com.cn/finalpage/2022-02-10/1212333125.PDF,12,73,已人工复核（跨年快速核对第三批）,逐年核对当年官方年报营业收入构成表与合并利润表；未复制相邻年份数值。
000998,袁隆平农业高科技股份有限公司,2021,1.0,农业,行业分类候选+龙头企业身份核实候选,农业（水稻种子、玉米种子）,2318915089.54,3503442453.93,0.66189616,否（仅取同一分行业或分产品维度；采用保守分子）,是,是,否,种子等直接农业业务的保守收入占比超过50%；未叠加地区或销售模式维度。,,,,https://static.cninfo.com.cn/finalpage/2022-04-26/1213109016.PDF,21,110,已人工复核（跨年快速核对第二批）,按公司跨年比较后逐年核对当年官方年报业务表与合并利润表；未复制、插值或外推相邻年份数值。
001201,东瑞食品集团股份有限公司,2021,3.0,畜牧业,行业分类候选+龙头企业身份核实候选,生猪养殖,942113022.68,1051843098.16,0.89567829,否（只使用一个分行业维度）,是,是,否,当年官方年报分行业直接农业营业收入超过公司合并营业收入50%；未叠加分产品、地区或销售模式。,,,,https://static.cninfo.com.cn/finalpage/2022-04-28/1213167484.PDF,17,145,已人工复核（跨年快速核对第三批）,逐年核对当年官方年报营业收入构成表与合并利润表；未复制相邻年份数值。
002041,山东登海种业股份有限公司,2021,1.0,农业,行业分类候选+龙头企业身份核实候选,玉米种子（保守产品口径）,978398114.37,1100726996.19,0.88886538,否（只取一个分行业或分产品维度；采用保守分子）,是,是,否,直接农业业务的保守收入分子已超过公司营业收入50%；未叠加其他可能符合口径的业务。,,,,https://static.cninfo.com.cn/finalpage/2022-04-19/1212966700.PDF,17,67,已人工复核（跨年快速核对试验）,按公司跨年比较后，逐年核对当年年报业务表与利润表；未复制相邻年份数值。
002124,天邦食品股份有限公司,2021,3.0,畜牧业,行业分类候选+龙头企业身份核实候选,生猪养殖+饲料产品+动物疫苗,7826257837.34,10506630781.93,0.74488749,无；分行业与分产品金额相同，仅采用一套产品行,是,是,否,"严格区间[0.604355615265428948721249546847404147058502611260228367924790, 0.604355615265428948721249546847404147058502611260228367924790]；扩展区间[0.744887490555023305313942422629235204201738976106919384494983, 0.744887490555023305313942422629235204201738976106919384494983]。养殖属直接农业；饲料和动物疫苗属农业投入品；食品加工、工程环保及其他排除。",,,,https://static.cninfo.com.cn/finalpage/2022-04-28/1213189424.PDF,15,87,已人工复核（跨年快速核对第十六批O组）,逐年核对官方年报；养殖、投入品和初加工按同一维度下界计量，贸易、屠宰、熟食和普通食品深加工排除；重列比较数优先，混合品类保留上下界。 仅保留状态标记；未用ST或退市状态改变业务分类与收入判定。 沿用v26原值；待核实字段不插值、不复制相邻年份 无。
002157,江西正邦科技股份有限公司,2021,3.0,畜牧业,行业分类候选,生猪养殖、饲料及兽药动保,45621513660.27,47670223670.25,0.95702328,行业/产品维度不叠加；涉及内部交易时按年报抵销额保守扣减,是,是,否,直接养殖纳入严格，饲料与兽药纳入扩展；原料贸易和食品排除，未拆其他只作上界。,,,,https://static.cninfo.com.cn/finalpage/2022-04-30/1213251585.PDF,19|20,159,已人工复核（最终批AA组）,逐年核对官方年报；主营转型按公司—年份处理；直接农业、初加工和农业投入品分别按冻结口径识别；混合业务无法可靠拆分时只保留上下界，正式分子留空。 不适用 未拆其他不影响阈值结论。
002234,山东民和牧业股份有限公司,2021,3.0,畜牧业,行业分类候选+龙头企业身份核实候选,雏鸡及淘汰鸡,997973934.12,1775432179.3,0.56210197,否（仅使用同一分产品维度）,是,是,否,直接畜牧养殖收入占56.21%，超过合并营业收入50%；未叠加行业、产品或地区等交叉披露维度。,,,,https://static.cninfo.com.cn/finalpage/2022-03-26/1212685630.PDF,19,73,已人工复核（跨年快速核对第七批）,逐年核对当年官方年报；严格口径为直接养殖，扩展口径可加入同一披露维度的初加工；不跨行业、产品、地区维度相加。
002299,福建圣农发展股份有限公司,2021,3.0,畜牧业,行业分类候选,家禽饲养加工行业（合并披露）,8927877297.88,14478196536.2,0.6166429137467174,合并披露风险：自产养殖与屠宰初加工无法可靠拆分；未估算严格分子,待核实,是,否,家禽饲养加工合并收入原始占比0.61664291374671745354256161544424884141600039347033，扩展口径达标；严格口径不估算。,,,,https://static.cninfo.com.cn/finalpage/2022-04-21/1213004638.PDF,24,100,已人工复核（跨年快速核对第十一批B组）,逐年核对官方年报；只使用营业收入或主营业务收入列，不使用营业成本列；同一维度计算并排除贸易、深加工及其他非涉农收入。 分行业营业收入/主营业务收入列（禁止使用营业成本列） 严格口径待核实；家禽饲养加工收入只用于扩展口径。食品加工行业属于深加工，已单列但不进入分子；贸易未单列，未估算。
002311,广东海大集团股份有限公司,2021,,,龙头企业身份核实候选,直接养殖/种苗（严格上界）；饲料、动保（扩展下界）,70718336184.48,85998559748.78,0.82232001,否（同一分产品维度；农产品只进入上界，贸易、其他和饲料机械排除）,否,是,否,农产品项未拆直接养殖、种苗与禽产业链中的潜在屠宰/加工，故只作上界；扩展下界已超过50%。,,,,https://static.cninfo.com.cn/finalpage/2022-04-12/1212885355.PDF,24|25,135,已人工复核（跨年快速核对第十四批G组）,"逐年核对官方年报；农业投入品按互斥产品下界计量，贸易和食品深加工排除；未拆候选收入即使上界不足30%也不写成精确零。 采用2021年当年报告：营业收入85,998,559,748.78元、农产品/养殖项8,629,261,147.71元；2022年比较栏分别重列为86,091,961,539.13元和8,722,662,938.06元，不以后续比较数覆盖。"
002321,河南华英农业发展股份有限公司,2021,3.0,畜牧业,行业分类候选+龙头企业身份核实候选,禽苗、种蛋及活禽；冻禽、鸭毛、饲料、羽绒初加工（扩展口径）,2643337409.78,3192457799.66,0.82799447,否（仅使用同一分产品或明确交易收入；不跨维度相加）,否,是,否,严格口径占0.25%，未达50%；同一维度加入初加工和农业投入品后占82.80%，纳入扩展样本。原毛经洗涤、干燥、分级形成的羽绒材料计入初加工；熟食、成品羽绒制品、租赁及其他业务未计入；仅在同一分产品维度加总。,是,是,,https://static.cninfo.com.cn/finalpage/2022-04-30/1213266621.PDF,27,124,已人工复核（跨年快速核对第十批）,逐年核对官方年报；扩展口径只计可识别初加工或农业投入品，排除贸易、熟食、成品羽绒、餐饮、殡葬、能源和资产处置。
002385,北京大北农科技集团股份有限公司,2021,,,龙头企业身份核实候选,生猪养殖（严格）；饲料、种子、植保、动保及生猪（扩展）,28487254694.88,31328078121.44,0.90932021,否（同一分产品维度；2015生猪为其他产品的已披露子项，其余其他产品只进上界；原料贸易排除）,否,是,否,饲料、种业、植保、疫苗/兽药属于农业投入品；原料贸易排除，其他产品不自动纳入。,,,,https://static.cninfo.com.cn/finalpage/2022-04-23/1213062376.PDF,21|22|23,163,已人工复核（跨年快速核对第十四批G组）,逐年核对官方年报；农业投入品按互斥产品下界计量，贸易和食品深加工排除；未拆候选收入即使上界不足30%也不写成精确零。 2022逐公司行业分类仍待核实，不影响本年年报收入复核。
002458,山东益生种畜禽股份有限公司,2021,3.0,畜牧业,行业分类候选+龙头企业身份核实候选,鸡、猪、牛奶,1985303867.17,2089921928.63,0.94994164,否（仅使用同一分行业维度）,是,是,否,直接畜牧养殖收入占94.99%，超过合并营业收入50%；未叠加行业、产品或地区等交叉披露维度。,,,,https://static.cninfo.com.cn/finalpage/2022-02-26/1212457495.PDF,21,76,已人工复核（跨年快速核对第七批）,逐年核对当年官方年报；严格口径为直接养殖，扩展口径可加入同一披露维度的初加工；不跨行业、产品、地区维度相加。
002548,深圳市金新农科技股份有限公司,2021,,,龙头企业身份核实候选,生猪养殖、饲料及兽药动保,4491995067.64,4867040473.69,0.92294179,行业/产品维度不叠加；涉及内部交易时按年报抵销额保守扣减,否,是,否,直接养殖纳入严格，饲料与兽药纳入扩展；原料贸易和食品排除，未拆其他只作上界。,,,,https://static.cninfo.com.cn/finalpage/2022-04-26/1213109835.PDF,20|21|22,107,已人工复核（最终批AA组）,逐年核对官方年报；主营转型按公司—年份处理；直接农业、初加工和农业投入品分别按冻结口径识别；混合业务无法可靠拆分时只保留上下界，正式分子留空。 不适用 未拆其他不影响阈值结论。
002567,唐人神集团股份有限公司,2021,,,龙头企业身份核实候选,养殖（严格）；饲料+养殖+兽药/动物保健（扩展下界）,21005548678.03,21742194242.67,0.96611908,否（同一分行业维度加总；屠宰及肉类仅作上界）,否,是,否,"严格区间=[0.15977439, 0.15977439]，扩展下界=0.96611908，含全部加工混合项的审计上界=1.00000000。",,,,https://static.cninfo.com.cn/finalpage/2022-04-29/1213212330.PDF,17|18|19,133|143,已人工复核（跨年快速核对第十三批E组）,逐年核对官方年报；养殖与屠宰鲜品、原奶与乳制品、液态奶与发酵乳/乳饮料无法完全拆分时保留上下界，其他业务收入和算术残差不得自动当农业收入。 屠宰及肉类大类含初加工与肉制品深加工且未拆分，仅作上界；扩展下界已超过50%。
002679,福建金森林业股份有限公司,2021,2.0,林业,行业分类候选,林业（原木等直接林业业务）,189886506.97,189886506.97,1.0,否（仅取同一分行业或分产品维度；采用保守分子）,是,是,否,直接林业收入保守占比超过50%；未叠加其他披露维度。,,,,https://static.cninfo.com.cn/finalpage/2022-04-30/1213253319.PDF,15,17|77,已人工复核（跨年快速核对第二批）,按公司跨年比较后逐年核对当年官方年报业务表与合并利润表；未复制、插值或外推相邻年份数值。
002688,金河生物科技股份有限公司,2021,,,龙头企业身份核实候选,兽药、兽用疫苗及药物饲料添加剂（扩展下界）,1390058882.52,2077988730.16,0.66894438,否（兽药投入品使用互斥行业项目；农产品加工仅作上界）,否,是,否,"严格区间=[0.00000000, 0.00000000]，扩展下界=0.66894438，含全部加工混合项的审计上界=0.91496138。",,,,https://static.cninfo.com.cn/finalpage/2022-06-08/1213631360.PDF,19|20,114,已人工复核（跨年快速核对第十三批E组）,逐年核对官方年报；养殖与屠宰鲜品、原奶与乳制品、液态奶与发酵乳/乳饮料无法完全拆分时保留上下界，其他业务收入和算术残差不得自动当农业收入。 2020年起按农业农村部公告第194号，部分原‘药物饲料添加剂’产品改列‘兽用化学药品’；本表按各年年报当期分类加总互斥兽药投入品项目。
002696,百洋产业投资集团股份有限公司,2021,4.0,渔业,行业分类候选+龙头企业身份核实候选,饲料及饲料原料、水产品加工、可识别养殖/捕捞（扩展口径）,2889684160.4,2905284846.26,0.99463024,否（仅使用同一分行业或分产品维度）,否,是,否,同一披露维度内的农业投入品、水产品加工及可识别直接渔业收入占99.46%，超过50%；教育及其他业务未计入。可识别直接养殖/捕捞收入占3.06%，严格样本为否。,,,,https://static.cninfo.com.cn/finalpage/2022-04-27/1213135924.PDF,18,83,已人工复核（跨年快速核对第八批）,逐年核对官方年报；混合披露收入只作审计上界，不写入正式涉农分子；无法拆分初加工、深加工、贸易或自产/外购时明确标记待核实。
002714,牧原食品集团股份有限公司,2021,3.0,畜牧业,行业分类候选+龙头企业身份核实候选,生猪（保守产品口径）,75076114955.15,78889870566.4,0.95165722,否（只取一个分行业或分产品维度；采用保守分子）,是,是,否,直接农业业务的保守收入分子已超过公司营业收入50%；未叠加其他可能符合口径的业务。,,,,https://static.cninfo.com.cn/finalpage/2022-04-30/1213254727.PDF,23,151,已人工复核（跨年快速核对试验）,按公司跨年比较后，逐年核对当年年报业务表与利润表；未复制相邻年份数值。
002746,山东仙坛集团股份有限公司,2021,,,龙头企业身份核实候选,肉鸡养殖及屠宰加工,3311775720.74,3311775720.74,1.0,否（仅取同一分行业或分产品维度；采用保守分子）,否,是,否,肉鸡养殖与屠宰加工合并行业收入达到50%；该合并口径含屠宰初加工，不能据此证明直接养殖收入达到50%，故仅纳入扩展样本。,,,,https://static.cninfo.com.cn/finalpage/2022-04-26/1213098650.PDF,24,92,已人工复核（跨年快速核对第二批）,按公司跨年比较后逐年核对当年官方年报业务表与合并利润表；未复制、插值或外推相邻年份数值。
002772,天水众兴菌业科技股份有限公司,2021,1.0,农业,行业分类候选+龙头企业身份核实候选,食用菌种植,1556146725.49,1556146725.49,1.0,否（只使用一个分行业维度）,是,是,否,当年官方年报分行业直接农业营业收入超过公司合并营业收入50%；未叠加分产品、地区或销售模式。,,,,https://static.cninfo.com.cn/finalpage/2022-03-24/1212652075.PDF,18,112,已人工复核（跨年快速核对第三批）,逐年核对当年官方年报营业收入构成表与合并利润表；未复制相邻年份数值。
002910,兰州庄园牧场股份有限公司,2021,,,龙头企业身份核实候选,生鲜乳外销+巴氏杀菌乳+灭菌乳为下界；调制乳仅作上界；发酵乳、含乳饮料及其他乳制品排除,513816265.57,1021431541.67,0.50303544,生鲜乳为合并外销产品行；内部供加工原奶不与乳制品收入重复相加,否,是,否,"严格区间[0.108580758773779525985449980920207860296983656196907033193008, 0.108580758773779525985449980920207860296983656196907033193008]；扩展区间[0.503035440564064444552018021294045712000379057180246240006441, 0.816825996449943758275365105408963848881179420373518491485219]。",,,,https://static.cninfo.com.cn/finalpage/2022-03-31/1212748046.PDF,16|17|18,113|146,已人工复核（跨年快速核对第十四/十五批J组）,逐年核对官方年报；农业投入品下界只加同层级明确产品；乳品混合初深加工时保留上下界，内部原奶不重复，能源、食品深加工和模糊其他收入不自动纳入。 沿用v23原值；待核实字段不插值、不复制相邻年份
300087,安徽荃银高科种业股份有限公司,2021,1.0,农业,行业分类候选+龙头企业身份核实候选,水稻、玉米、小麦、瓜菜、其他作物种子,1620619581.57,2520772778.56,0.64290586,否（同一分产品维度内求和）,是,是,否,仅合计当年年报明确列示的种子产品收入，已超过合并营业收入50%；未计订单粮食、青贮、农批市场、农机农化、服务及含义不清的其他项。,,,,https://static.cninfo.com.cn/finalpage/2022-03-29/1212707454.PDF,20,118,已人工复核（跨年快速核对第四批）,逐年核对官方年报分产品收入；仅用明确种子项目的保守分子，不复制相邻年度。
300119,瑞普生物股份有限公司,2021,,,龙头企业身份核实候选,兽用生物制品、兽用原料药及制剂等农业投入品,1978207114.41,2007138304.57,0.98558585,行业/产品维度不叠加；涉及内部交易时按年报抵销额保守扣减,否,是,否,兽药属于农业投入品，仅纳入扩展口径；其他项目只作上界。,,,,https://static.cninfo.com.cn/finalpage/2022-03-31/1212769537.PDF,30|31,123,已人工复核（最终批AA组）,逐年核对官方年报；主营转型按公司—年份处理；直接农业、初加工和农业投入品分别按冻结口径识别；混合业务无法可靠拆分时只保留上下界，正式分子留空。 不适用 未拆其他不影响阈值结论。
300189,海南神农种业科技股份有限公司,2021,1.0,农业,行业分类候选+龙头企业身份核实候选,杂交水稻、玉米、蔬菜及其他种子,129404840.72,147833027.35,0.87534459,否（同一分产品维度内求和）,是,是,否,明确种子产品收入已超过合并营业收入50%，未计农化、粮食、房屋、供应链等项目。,,,,https://static.cninfo.com.cn/finalpage/2022-04-09/1212855747.PDF,20,87,已人工复核（跨年快速核对第五批）,逐年核对官方年报分产品收入，业务转型年份按当年实际口径判定。
300498,温氏食品集团股份有限公司,2021,3.0,畜牧业,行业分类候选+龙头企业身份核实候选,养殖行业扣除肉鸡类（严格下界）；养殖严格下界+兽药投入品（扩展下界）,32933607000.84,64954064169.73,0.5070292,否（采用互斥分行业/分产品项目；加工混合项只作上界）,待核实,是,否,"严格区间=[0.49600364, 0.96291191]，扩展下界=0.50702920，含全部加工混合项的审计上界=0.99646821。",,,,https://static.cninfo.com.cn/finalpage/2022-04-16/1212943189.PDF,22|23,196,已人工复核（跨年快速核对第十三批E组）,逐年核对官方年报；养殖与屠宰鲜品、原奶与乳制品、液态奶与发酵乳/乳饮料无法完全拆分时保留上下界，其他业务收入和算术残差不得自动当农业收入。 2017年报说明冰鲜鸡由肉制品加工调整至肉鸡类，且冰鲜鸡收入低于肉鸡类收入5%；2017年起不能把含鲜品的肉鸡类整项计入严格分子，采用‘养殖行业减肉鸡类’的保守下界。
300511,上海雪榕生物科技股份有限公司,2021,1.0,农业,行业分类候选+龙头企业身份核实候选,食用菌种植,2026974350.39,2062828781.84,0.9826188,否（只使用一个分行业维度）,是,是,否,当年官方年报分行业直接农业营业收入超过公司合并营业收入50%；未叠加分产品、地区或销售模式。,,,,https://static.cninfo.com.cn/finalpage/2024-04-26/1219839722.PDF,25,155,已人工复核（跨年快速核对第三批）,逐年核对当年官方年报营业收入构成表与合并利润表；未复制相邻年份数值。
300871,武汉回盛生物科技股份有限公司,2021,,,龙头企业身份核实候选,兽用生物制品、兽用原料药及制剂等农业投入品,937754212.27,996216817.61,0.94131538,行业/产品维度不叠加；涉及内部交易时按年报抵销额保守扣减,否,是,否,兽药属于农业投入品，仅纳入扩展口径；其他项目只作上界。,,,,https://static.cninfo.com.cn/finalpage/2022-03-11/1212540738.PDF,21|22|23,120,已人工复核（最终批AA组）,逐年核对官方年报；主营转型按公司—年份处理；直接农业、初加工和农业投入品分别按冻结口径识别；混合业务无法可靠拆分时只保留上下界，正式分子留空。 不适用 未拆其他不影响阈值结论。
300967,宁夏晓鸣农牧股份有限公司,2021,3.0,畜牧业,行业分类候选+龙头企业身份核实候选,蛋鸡养殖,713917595.85,714367715.43,0.9993699,否（只使用一个分行业维度）,是,是,否,当年官方年报分行业直接农业营业收入超过公司合并营业收入50%；未叠加分产品、地区或销售模式。,,,,https://static.cninfo.com.cn/finalpage/2022-04-27/1213144332.PDF,33,207,已人工复核（跨年快速核对第三批）,逐年核对当年官方年报营业收入构成表与合并利润表；未复制相邻年份数值。
300970,江苏华绿生物科技集团股份有限公司,2021,1.0,农业,行业分类候选+龙头企业身份核实候选,食用菌种植,578083609.15,578088209.15,0.99999204,否（只使用一个分行业维度）,是,是,否,当年官方年报分行业直接农业营业收入超过公司合并营业收入50%；未叠加分产品、地区或销售模式。,,,,https://static.cninfo.com.cn/finalpage/2022-04-09/1212857703.PDF,17,105,已人工复核（跨年快速核对第三批）,逐年核对当年官方年报营业收入构成表与合并利润表；未复制相邻年份数值。
300972,福建万辰食品集团股份有限公司,2021,1.0,农业,行业分类候选,食用菌种植,425520717.94,425520717.94,1.0,分行业与分产品可能重叠；已固定一套维度或以明确产品下界处理，不机械相加,是,是,否,营业收入全部来自食用菌种植，严格与扩展口径均达到50%。,,,,https://static.cninfo.com.cn/finalpage/2022-04-26/1213107146.PDF,17|18,110,已人工复核（最终批AC组）,逐年核对官方年报；主营转型按公司—年份处理；直接农业、初加工和农业投入品分别按冻结口径识别；混合业务无法可靠拆分时只保留上下界，正式分子留空。 菌菇产品与菌渣为分产品重叠维度，未重复相加。 不适用 无影响结论的拆分缺口。
600097,上海开创国际海洋资源股份有限公司,2021,4.0,渔业,行业分类候选,海洋捕捞（严格=扩展）；罐头食品/鱼罐头深加工排除,1122801626.55,1980317010.95,0.56698075,否（只使用同一分行业维度，不与分产品或分地区收入相加）,是,是,否,严格及扩展Decimal高精度门槛计算值=0.56698075123405029295165839215607430825013688447910。食品加工深加工排除金额=621302350.86元；渔货贸易和海上运输亦已排除。,,,,https://static.cninfo.com.cn/finalpage/2022-04-01/1212764262.PDF,10,54,已人工复核（跨年快速核对第十一批C组）,逐年核对官方年报；只使用营业收入或主营业务收入列，不使用营业成本列；同一维度计算并排除贸易、深加工及其他非涉农收入。 比例门槛采用Decimal 50位精度计算；文本值为高精度计算值，不表示无限精度小数
600108,甘肃亚盛实业(集团)股份有限公司,2021,1.0,农业,行业分类候选+龙头企业身份核实候选,农业种植,2706171466.63,3332692529.72,0.81200754,否（仅使用同一分行业维度）,是,是,否,同一分行业维度的直接农业收入超过合并营业收入50%；未叠加产品、地区或销售模式。,,,,https://static.cninfo.com.cn/finalpage/2022-04-20/1212981327.PDF,10,45,已人工复核（跨年快速核对第六批）,逐年核对当年官方年报分行业营业收入和合并利润表；严格、扩展口径分别计算，不跨披露维度相加。
600195,中牧实业股份有限公司,2021,,,龙头企业身份核实候选,生物制品、兽药/化药、饲料等农业投入品（扩展）,3787812595.53,5301571718.27,0.71446975,否（同一分产品维度加总；单列贸易收入全部排除）,否,是,否,生物制品、兽药/化药和饲料属于农业投入品；贸易为互斥单列产品，不计入。,,,,https://static.cninfo.com.cn/finalpage/2022-04-15/1212920624.PDF,13|14,67,已人工复核（跨年快速核对第十四批G组）,逐年核对官方年报；农业投入品按互斥产品下界计量，贸易和食品深加工排除；未拆候选收入即使上界不足30%也不写成精确零。 2022逐公司行业分类仍待核实，不影响本年年报收入复核。
600257,大湖健康产业股份有限公司,2021,4.0,渔业,行业分类候选,水产品养殖（年报分行业‘农业’）,753357255.35,1292312436.98,0.58295288,否（只使用同一分行业维度，不与分产品或分地区收入相加）,是,是,否,农业分行业Decimal高精度门槛计算值=0.58295287872530089840380141599463383352078091675165；沿用已核实2023年的水产品养殖口径。非涉农健康产业收入全部排除。,,,,https://static.cninfo.com.cn/finalpage/2023-07-22/1217360304.PDF,17|18,69,已人工复核（跨年快速核对第十一批C组）,逐年核对官方年报；只使用营业收入或主营业务收入列，不使用营业成本列；同一维度计算并排除贸易、深加工及其他非涉农收入。 比例门槛采用Decimal 50位精度计算；文本值为高精度计算值，不表示无限精度小数
600265,云南景谷林业股份有限公司,2021,2.0,林业,行业分类候选,林木销售；林板、木材及林化初加工（扩展口径）,129420890.75,137029110.46,0.94447735,否（仅使用同一分产品或明确交易收入；不跨维度相加）,否,是,否,严格口径占0.00%，未达50%；同一维度加入初加工和农业投入品后占94.45%，纳入扩展样本。林木销售计入直接林业；林板/木材和松香、松节油等林化初加工计入扩展口径；能源、租赁、林地使用权及固定资产处置不计入。,是,是,,https://static.cninfo.com.cn/finalpage/2022-04-28/1213158895.PDF,18,72,已人工复核（跨年快速核对第十批）,逐年核对官方年报；扩展口径只计可识别初加工或农业投入品，排除贸易、熟食、成品羽绒、餐饮、殡葬、能源和资产处置。
600313,中农发种业集团股份有限公司,2021,1.0,农业,行业分类候选,同一产品层级明确的化肥、农药及各类种子,3148582030.49,3764392752.13,0.83641167,否（下界仅采用同一分产品层级；行业行只贡献正的未解释上界增量）,否,是,否,"严格区间[0, 0]；扩展区间[0.836411670569826472459939153176918004566118838230725759040035, 0.836411670569826472459939153176918004566118838230725759040035]。下界只加总同一分产品层级明确的化肥、农药及种子；农资贸易/种子销售行业行只用于识别正的未解释上界增量。大理石、粮食贸易、麸皮、谷朊粉、淀粉、面粉、黄粉、核辐及其他不明确产品均不进下界。",,,,https://static.cninfo.com.cn/finalpage/2022-03-31/1212742020.PDF,15,77,已人工复核（跨年快速核对第十四/十五批H组）,逐年核对官方年报；农业投入品下界只加同层级明确产品；乳品混合初深加工时保留上下界，内部原奶不重复，能源、食品深加工和模糊其他收入不自动纳入。 沿用v23原值；待核实时不插值、不复制相邻年份
600354,甘肃省敦煌种业集团股份有限公司,2021,1.0,农业,行业分类候选+龙头企业身份核实候选,种子,605636998.38,922131315.29,0.65677956,否（仅使用同一分行业维度）,是,是,否,种子收入占65.68%，达到50%严格门槛；食品与贸易、棉花、果蔬及其他业务均未用于放大分子。,是,否,,https://static.cninfo.com.cn/finalpage/2022-05-18/1213385071.PDF,10,56,已人工复核（跨年快速核对第九批）,逐年核对官方年报同一分行业维度和合并利润表；扩展口径只加入农业投入品，不计批零、食品贸易、香料、棉花、果蔬或其他非直接农业业务。
600359,新疆塔里木农业综合开发股份有限公司,2021,1.0,农业,行业分类候选,种子、苗木、鲜奶/牛（严格）；农业+畜牧业分行业及园林绿化行业内单列苗木（扩展）,380463322.6,685361129.68,0.55512825,否（农业、畜牧业与园林绿化为互斥分行业；扩展仅从园林绿化中取单列苗木，不计工程施工）,否,是,否,严格口径占24.81%；农业、畜牧业分行业加园林绿化行业内单列苗木的扩展口径占55.51%。苗木未包含在农业分行业，故相加不重叠。,,,,https://static.cninfo.com.cn/finalpage/2022-04-30/1213269166.PDF,11|12,58,已人工复核（跨年快速核对第十一批A组）,逐年核对官方年报；只使用营业收入或主营业务收入列，不使用营业成本列；同一维度计算并排除贸易、深加工及其他非涉农收入。 2022逐公司行业分类及该公司2022公司—年份入口仍待核实；本批不外推新增。
600371,万向德农股份有限公司,2021,1.0,农业,行业分类候选,玉米种子（保守产品口径）,214252051.1,221697131.31,0.96641779,否（只取一个分行业或分产品维度；采用保守分子）,是,是,否,直接农业业务的保守收入分子已超过公司营业收入50%；未叠加其他可能符合口径的业务。,,,,https://static.cninfo.com.cn/finalpage/2022-04-19/1212957177.PDF,14,62,已人工复核（跨年快速核对试验）,按公司跨年比较后，逐年核对当年年报业务表与利润表；未复制相邻年份数值。
600467,山东好当家海洋发展股份有限公司,2021,4.0,渔业,行业分类候选+龙头企业身份核实候选,水产养殖、捕捞,680380539.53,1253664442.81,0.54271344,否（仅使用同一分行业维度）,是,是,否,同一分行业维度的直接农业收入超过合并营业收入50%；未叠加产品、地区或销售模式。,,,,https://static.cninfo.com.cn/finalpage/2022-04-26/1213099997.PDF,12,64,已人工复核（跨年快速核对第六批）,逐年核对当年官方年报分行业营业收入和合并利润表；严格、扩展口径分别计算，不跨披露维度相加。
600540,新疆赛里木现代农业股份有限公司,2021,1.0,农业,行业分类候选,分行业农业收入（扩展口径）,895151901.98,1096901880.13,0.8160729,否（扩展分子仅取同一分行业农业收入，不混入分产品或商贸收入）,否,是,否,严格口径0；分行业农业收入占81.61%。,,,,https://static.cninfo.com.cn/finalpage/2022-04-28/1213168826.PDF,20|21,95|115,已人工复核（跨年快速核对第十一批A组）,逐年核对官方年报；只使用营业收入或主营业务收入列，不使用营业成本列；同一维度计算并排除贸易、深加工及其他非涉农收入。 2021总营收取当年合并利润表，不取会计政策调整表中的2020比较数。 2022逐公司行业分类及该公司2022公司—年份入口仍待核实；本批不外推新增。
600598,黑龙江北大荒农业股份有限公司,2021,1.0,农业,行业分类候选,农业行业（土地承包及农产品经营）,2842007878.6,3629374113.4,0.7830573,否（仅使用同一分行业维度）,是,是,否,同一分行业维度的直接农业收入超过合并营业收入50%；未叠加产品、地区或销售模式。,,,,https://static.cninfo.com.cn/finalpage/2022-03-30/1212721730.PDF,15,89,已人工复核（跨年快速核对第六批）,逐年核对当年官方年报分行业营业收入和合并利润表；严格、扩展口径分别计算，不跨披露维度相加。
600873,梅花生物科技集团股份有限公司,2021,,,龙头企业身份核实候选,单列动物营养氨基酸作下界；混合其他中的生物有机肥仅作上界,11587375122.49,23060956394.5,0.50246724,否（使用同一分产品层级；行业、地区和销售模式行不参与加总）,否,是,否,"严格区间[0, 0]；扩展区间[0.502467240485029052076420377188706365818283452112183820208645, 0.591723613696458828365441233651954122123302209256081076971658]。动物营养氨基酸行包括饲料级氨基酸及大原料副产品，属于明确农业投入品；‘其他’同时含生物有机肥与石油级黄原胶等非农业产品，只能增加上界。",,,,https://static.cninfo.com.cn/finalpage/2022-03-14/1212557814.PDF,原2021年报18|19|20,76,已人工复核（跨年快速核对第十六/十七批N组）,"逐年核对官方年报；食品、医药、工业与饲料用途混合时保留上下界；木材与直接林业可计入，板材家具和园林工程排除，未单列收入不写成精确零。 单列产品收入、成本均为元；未与行业或地区维度相加 沿用v26原值；待核实字段不插值、不复制相邻年份 2022年报按解释15号将2021营业收入重列增加224,066,069.52元、成本增加164,776,214.05元，但未按产品分配；本表统一采用最新重列分母，原报动物营养金额只作已确认下界，未分配调整额只作上界。"
603336,宏辉果蔬股份有限公司,2021,,,龙头企业身份核实候选,水果蔬菜采后收购、预冷、分级、加工包装等初加工服务收入；其他业务只作上界,943037467.03,974260744.47,0.96795183,水果、蔬菜为互斥产品项目；不叠加果蔬服务行业、地区或销售模式，其他业务仅作上界,否,是,否,果蔬主要向基地/农户采购，未证明公司直接种植外销；采后预冷、预选分级和包装属于扩展口径初加工，深加工和冻肉贸易排除。,,,,https://static.cninfo.com.cn/finalpage/2022-04-16/1212940255.PDF,17|18,69|76,已人工复核（跨年快速核对第二十批Y组）,逐年核对官方年报；主营转型按公司—年份处理；混合业务无法可靠拆分时只保留上下界，正式分子留空，不按名称或原料采购推算。 沿用v31原值；待核实不插值、不复制相邻年份 其他业务未拆；严格口径无单列自营种植收入。
603363,福建傲农生物科技集团股份有限公司,2021,,,龙头企业身份核实候选,生猪养殖、饲料及兽药动保,13898692714.88,18038160160.78,0.77051609,行业/产品维度不叠加；涉及内部交易时按年报抵销额保守扣减,否,是,否,直接养殖纳入严格，饲料与兽药纳入扩展；原料贸易和食品排除，未拆其他只作上界。,,,,https://static.cninfo.com.cn/finalpage/2022-04-30/1213271726.PDF,9|17|18,97,已人工复核（最终批AA组）,逐年核对官方年报；主营转型按公司—年份处理；直接农业、初加工和农业投入品分别按冻结口径识别；混合业务无法可靠拆分时只保留上下界，正式分子留空。 不适用 未拆其他不影响阈值结论。
603477,乐山巨星农牧股份有限公司,2021,3.0,畜牧业,行业分类候选,生猪、商品鸡养殖及饲料,2477991947.8,2982922735.67,0.83072616,分行业与分产品可能重叠；已固定一套维度或以明确产品下界处理，不机械相加,是,是,否,生猪和商品鸡养殖下界已超过50%；饲料只进入扩展口径，皮革加工排除。,,,,https://static.cninfo.com.cn/finalpage/2022-03-12/1212548991.PDF,18|19,104,已人工复核（最终批AC组）,逐年核对官方年报；主营转型按公司—年份处理；直接农业、初加工和农业投入品分别按冻结口径识别；混合业务无法可靠拆分时只保留上下界，正式分子留空。 采用分产品一次，不与畜禽养殖分行业合计重复相加。 不适用 未分类差额不影响阈值结论。
603668,福建天马科技集团股份有限公司,2021,,,龙头企业身份核实候选,严格养殖+特水饲料+畜禽饲料+动保产品,5054240429.44,5419021956.27,0.93268499,只在同一产品维度求和；原料贸易和水产品/食品销售排除；2022内部交易抵消不明分属，整体扣减构造保守下界,否,是,否,养殖进入严格口径；饲料和动保进入扩展口径；原料销售、水产品贸易及烤鳗/食品销售排除。,,,,https://static.cninfo.com.cn/finalpage/2022-04-07/1212826867.PDF,29|31,114,已人工复核（跨年快速核对第十八批T组）,逐年核对官方年报；普通饮料和休闲食品深加工排除，粮食初加工按上下界；养殖与屠宰鲜品无法拆分时待核实，水产食品排除项不进入扩展分子。 2018饲料销售未拆特水/畜禽但整体属于扩展农业投入品；2021养殖含畜禽与鳗鲡，均属严格口径 沿用v27原值；待核实字段不插值、不复制相邻年份 无影响门槛结论的待核实收入项。
605198,烟台北方安德利果汁股份有限公司,2021,,,龙头企业身份核实候选,浓缩果汁、香精和果渣等果品初加工（与既有2023已核实口径一致）,861917167.76,871587320.36,0.98890512,分行业与分产品为重叠维度；采用一套不重叠口径，不相加,否,是,否,按项目既定且已用于2023的口径，浓缩果汁、香精及果渣属于果品初加工，计入扩展口径；原料果采购不计严格口径。,,,,https://static.cninfo.com.cn/finalpage/2022-03-31/1212750571.PDF,12|13|14,76,已人工复核（跨年快速核对第二十批Z组）,逐年核对官方年报；主营转型按公司—年份处理；混合业务无法可靠拆分时只保留上下界，正式分子留空，不按名称或原料采购推算。 采用产品合计作为单一披露维度；不再叠加相同金额的分行业、地区或销售模式。 沿用v31原值；待核实字段不插值、不复制相邻年份 无影响结论的金额拆分缺口；未分类收入差额不纳入扩展分子。
605296,云南神农农业产业集团股份有限公司,2021,3.0,畜牧业,行业分类候选+龙头企业身份核实候选,内部抵销后可确认的生猪及饲料收入,1710142716.31,2779458827.93,0.61527902,行业/产品维度不叠加；涉及内部交易时按年报抵销额保守扣减,待核实,是,否,2021将全部跨板块抵销额从饲料加生猪中保守扣除；屠宰/食品加工不整体推算。2022生猪外销下界已达50%。,,,,https://static.cninfo.com.cn/finalpage/2022-04-22/1213029462.PDF,23|24,112,已人工复核（最终批AA组）,逐年核对官方年报；主营转型按公司—年份处理；直接农业、初加工和农业投入品分别按冻结口径识别；混合业务无法可靠拆分时只保留上下界，正式分子留空。 不适用 上下界跨阈值，混合项正式分子留空。
000713,国投丰乐种业股份有限公司,2022,待核实,待核实,龙头企业身份核实候选,种子类、农化类,2724858392.46,3005259332.24,0.90669659,否（仅使用同一分行业维度）,否,是,否,种子收入占21.92%，未达严格门槛；同一行业维度加入农业投入品农化业务后占90.67%，达到扩展样本门槛。香料业务未计入。,,,,https://static.cninfo.com.cn/finalpage/2023-04-20/1216471939.PDF,21,99,已人工复核（跨年快速核对第九批）,逐年核对官方年报同一分行业维度和合并利润表；扩展口径只加入农业投入品，不计批零、食品贸易、香料、棉花、果蔬或其他非直接农业业务。
000998,袁隆平农业高科技股份有限公司,2022,待核实,待核实,龙头企业身份核实候选,互斥披露的农作物种子产品；未拆农业相关项目仅作上界（同时符合扩展口径）,3142168147.77,3688805654.84,0.85181179,种子产品项目互斥相加；不叠加分行业、地区或销售模式,是,是,否,种子属于农业生产核心产品；仅以明确种子产品合计作保守下界，该下界已超过50%，不依赖混合类别。,,,,https://static.cninfo.com.cn/finalpage/2023-04-29/1216694388.PDF,27|28,116,已人工复核（最终批AB组）,逐年核对官方年报；主营转型按公司—年份处理；直接农业、初加工和农业投入品分别按冻结口径识别；混合业务无法可靠拆分时只保留上下界，正式分子留空。 沿用v32原值；待核实不插值、不复制相邻年份 上下界均超过50%，未拆上界不影响结论。2022行业分类保持待核实，不插值。
001201,东瑞食品集团股份有限公司,2022,待核实,待核实,龙头企业身份核实候选,生猪养殖及饲料,1216119133.11,1216779704.12,0.99945712,行业/产品维度不叠加；涉及内部交易时按年报抵销额保守扣减,是,是,否,生猪为直接养殖，饲料为农业投入品；其他只作上界。,,,,https://static.cninfo.com.cn/finalpage/2023-04-28/1216653079.PDF,15|16,118,已人工复核（最终批AA组）,逐年核对官方年报；主营转型按公司—年份处理；直接农业、初加工和农业投入品分别按冻结口径识别；混合业务无法可靠拆分时只保留上下界，正式分子留空。 待核实；不插值、不复制相邻年份 2022行业分类字段待核实；未拆其他不影响阈值结论。
002041,山东登海种业股份有限公司,2022,待核实,待核实,龙头企业身份核实候选,互斥披露的农作物种子产品；未拆农业相关项目仅作上界（同时符合扩展口径）,1278845750.24,1325793968.31,0.9645886,种子产品项目互斥相加；不叠加分行业、地区或销售模式,是,是,否,种子属于农业生产核心产品；仅以明确种子产品合计作保守下界，该下界已超过50%，不依赖混合类别。,,,,https://static.cninfo.com.cn/finalpage/2023-04-25/1216557215.PDF,15|16,67,已人工复核（最终批AB组）,逐年核对官方年报；主营转型按公司—年份处理；直接农业、初加工和农业投入品分别按冻结口径识别；混合业务无法可靠拆分时只保留上下界，正式分子留空。 沿用v32原值；待核实不插值、不复制相邻年份 上下界均超过50%，未拆上界不影响结论。2022行业分类保持待核实，不插值。
002124,天邦食品股份有限公司,2022,待核实,待核实,龙头企业身份核实候选,生猪养殖+饲料产品+动物疫苗,7361367412.03,9570942144.13,0.76913718,无；分行业与分产品金额相同，仅采用一套产品行,是,是,否,"严格区间[0.724346874145709484957582224723927273881751870967675160650747, 0.724346874145709484957582224723927273881751870967675160650747]；扩展区间[0.769137175961808025649367561015065542231747240568198011951762, 0.769137175961808025649367561015065542231747240568198011951762]。养殖属直接农业；饲料和动物疫苗属农业投入品；食品加工、工程环保及其他排除。",,,,https://static.cninfo.com.cn/finalpage/2023-04-29/1216688154.PDF,17,78,已人工复核（跨年快速核对第十六批O组）,逐年核对官方年报；养殖、投入品和初加工按同一维度下界计量，贸易、屠宰、熟食和普通食品深加工排除；重列比较数优先，混合品类保留上下界。 仅保留状态标记；未用ST或退市状态改变业务分类与收入判定。 沿用v26原值；待核实字段不插值、不复制相邻年份 2022饲料成本待补；不影响收入阈值判断。
002311,广东海大集团股份有限公司,2022,待核实,待核实,龙头企业身份核实候选,直接养殖/种苗（严格上界）；饲料、动保（扩展下界）,85937079549.72,104715417485.92,0.82067265,否（同一分产品维度；农产品只进入上界，贸易、其他和饲料机械排除）,否,是,否,农产品项未拆直接养殖、种苗与禽产业链中的潜在屠宰/加工，故只作上界；扩展下界已超过50%。,,,,https://static.cninfo.com.cn/finalpage/2023-04-25/1216557717.PDF,25,113,已人工复核（跨年快速核对第十四批G组）,逐年核对官方年报；农业投入品按互斥产品下界计量，贸易和食品深加工排除；未拆候选收入即使上界不足30%也不写成精确零。 2022逐公司行业分类待核实；收入结论仅据年报，不用相邻年份外推。
002321,河南华英农业发展股份有限公司,2022,待核实,待核实,龙头企业身份核实候选,禽苗、种蛋及活禽；冻禽、鸭毛、饲料、羽绒初加工（扩展口径）,2344679271.9,2898364526.87,0.80896632,否（仅使用同一分产品或明确交易收入；不跨维度相加）,否,是,否,严格口径占0.02%，未达50%；同一维度加入初加工和农业投入品后占80.90%，纳入扩展样本。原毛经洗涤、干燥、分级形成的羽绒材料计入初加工；熟食、成品羽绒制品、租赁及其他业务未计入；仅在同一分产品维度加总。,是,是,,https://static.cninfo.com.cn/finalpage/2023-04-15/1216419837.PDF,22,136,已人工复核（跨年快速核对第十批）,逐年核对官方年报；扩展口径只计可识别初加工或农业投入品，排除贸易、熟食、成品羽绒、餐饮、殡葬、能源和资产处置。
002385,北京大北农科技集团股份有限公司,2022,待核实,待核实,龙头企业身份核实候选,生猪养殖（严格）；饲料、种子、植保、动保及生猪（扩展）,29182077314.27,32396746022.43,0.90077186,否（同一分产品维度；2015生猪为其他产品的已披露子项，其余其他产品只进上界；原料贸易排除）,否,是,否,饲料、种业、植保、疫苗/兽药属于农业投入品；原料贸易排除，其他产品不自动纳入。,,,,https://static.cninfo.com.cn/finalpage/2023-04-26/1216590026.PDF,17|18,188,已人工复核（跨年快速核对第十四批G组）,逐年核对官方年报；农业投入品按互斥产品下界计量，贸易和食品深加工排除；未拆候选收入即使上界不足30%也不写成精确零。 2022逐公司行业分类待核实；收入结论仅据年报，不用相邻年份外推。
002458,山东益生种畜禽股份有限公司,2022,待核实,待核实,龙头企业身份核实候选,鸡、猪种畜禽及农牧设备,2007344030.34,2111602188.95,0.95062604,分行业与分产品可能重叠；已固定一套维度或以明确产品下界处理，不机械相加,是,是,否,种畜禽属于直接养殖，严格下界已超过50%；农牧设备为农业机械，仅加入扩展口径；乳品属于深加工并排除。,,,,https://static.cninfo.com.cn/finalpage/2023-04-18/1216441927.PDF,19|20,9|56|83|131,已人工复核（最终批AC组）,逐年核对官方年报；主营转型按公司—年份处理；直接农业、初加工和农业投入品分别按冻结口径识别；混合业务无法可靠拆分时只保留上下界，正式分子留空。 分行业与分产品金额相同，采用分行业一次，不重复相加。 待核实；不插值、不复制相邻年份 2022行业分类待核实；‘其他’性质未拆，但不影响阈值结论。
002548,深圳市金新农科技股份有限公司,2022,待核实,待核实,龙头企业身份核实候选,生猪养殖、饲料及兽药动保,3838192478.24,3973936151.86,0.96584151,行业/产品维度不叠加；涉及内部交易时按年报抵销额保守扣减,否,是,否,直接养殖纳入严格，饲料与兽药纳入扩展；原料贸易和食品排除，未拆其他只作上界。,,,,https://static.cninfo.com.cn/finalpage/2023-04-29/1216685034.PDF,20|21,113,已人工复核（最终批AA组）,逐年核对官方年报；主营转型按公司—年份处理；直接农业、初加工和农业投入品分别按冻结口径识别；混合业务无法可靠拆分时只保留上下界，正式分子留空。 待核实；不插值、不复制相邻年份 2022行业分类字段待核实；未拆其他不影响阈值结论。
002567,唐人神集团股份有限公司,2022,待核实,待核实,龙头企业身份核实候选,养殖（严格）；饲料+养殖+兽药/动物保健（扩展下界）,25241767669.0,26538580161.48,0.95113482,否（同一分行业维度加总；屠宰及肉类仅作上界）,否,是,否,"严格区间=[0.18336909, 0.18336909]，扩展下界=0.95113482，含全部加工混合项的审计上界=1.00000000。",,,,https://static.cninfo.com.cn/finalpage/2023-04-28/1216648027.PDF,25|26,31|162|171,已人工复核（跨年快速核对第十三批E组）,逐年核对官方年报；养殖与屠宰鲜品、原奶与乳制品、液态奶与发酵乳/乳饮料无法完全拆分时保留上下界，其他业务收入和算术残差不得自动当农业收入。 屠宰及肉类大类含初加工与肉制品深加工且未拆分，仅作上界；扩展下界已超过50%。
002688,金河生物科技股份有限公司,2022,待核实,待核实,龙头企业身份核实候选,兽药、兽用疫苗及药物饲料添加剂（扩展下界）,1333658832.29,2122705317.42,0.62828261,否（兽药投入品使用互斥行业项目；农产品加工仅作上界）,否,是,否,"严格区间=[0.00000000, 0.00000000]，扩展下界=0.62828261，含全部加工混合项的审计上界=0.89503533。",,,,https://static.cninfo.com.cn/finalpage/2023-04-22/1216527591.PDF,18|19|20,104,已人工复核（跨年快速核对第十三批E组）,逐年核对官方年报；养殖与屠宰鲜品、原奶与乳制品、液态奶与发酵乳/乳饮料无法完全拆分时保留上下界，其他业务收入和算术残差不得自动当农业收入。 2020年起按农业农村部公告第194号，部分原‘药物饲料添加剂’产品改列‘兽用化学药品’；本表按各年年报当期分类加总互斥兽药投入品项目。
002696,百洋产业投资集团股份有限公司,2022,待核实,待核实,龙头企业身份核实候选,饲料及饲料原料、水产品加工、可识别养殖/捕捞（扩展口径）,3198423836.66,3213988743.45,0.99515714,否（仅使用同一分行业或分产品维度）,否,是,否,同一披露维度内的农业投入品、水产品加工及可识别直接渔业收入占99.52%，超过50%；教育及其他业务未计入。可识别直接养殖/捕捞收入占4.01%，严格样本为否。,,,,https://static.cninfo.com.cn/finalpage/2023-04-27/1216611174.PDF,16,75,已人工复核（跨年快速核对第八批）,逐年核对官方年报；混合披露收入只作审计上界，不写入正式涉农分子；无法拆分初加工、深加工、贸易或自产/外购时明确标记待核实。
002714,牧原食品集团股份有限公司,2022,待核实,待核实,龙头企业身份核实候选,生猪养殖收入减养殖与屠宰肉食内部抵销,104109851404.0,124826212177.74,0.83403838,行业/产品维度不叠加；涉及内部交易时按年报抵销额保守扣减,是,是,否,为避免内部销售重复，从生猪收入扣除全部养殖—屠宰抵销；饲料原料贸易排除，屠宰肉食混合项不整体推算。,,,,https://static.cninfo.com.cn/finalpage/2023-04-28/1216647248.PDF,21|22,142,已人工复核（最终批AA组）,逐年核对官方年报；主营转型按公司—年份处理；直接农业、初加工和农业投入品分别按冻结口径识别；混合业务无法可靠拆分时只保留上下界，正式分子留空。 待核实；不插值、不复制相邻年份 2022行业分类字段待核实；未拆其他不影响阈值结论。
002746,山东仙坛集团股份有限公司,2022,待核实,待核实,龙头企业身份核实候选,肉鸡养殖、分割冻/冰鲜鸡肉屠宰初加工、饲料及有机肥,4921008744.86,5102197119.77,0.96448817,分行业与分产品可能重叠；已固定一套维度或以明确产品下界处理，不机械相加,否,是,否,直接养殖占比不足50%；扩展下界仅纳入与预制菜分开披露的分割冻/冰鲜鸡肉、养殖、饲料及有机肥，已超过50%；预制菜172352059.51明确排除。,,,,https://static.cninfo.com.cn/finalpage/2023-04-25/1216546486.PDF,21|22,85,已人工复核（最终批AC组）,逐年核对官方年报；主营转型按公司—年份处理；直接农业、初加工和农业投入品分别按冻结口径识别；混合业务无法可靠拆分时只保留上下界，正式分子留空。 年报经营信息表将鸡肉产品4694143647.55与预制菜172352059.51分开披露；未把预制菜或分行业食品加工整行纳入初加工。 待核实；不插值、不复制相邻年份 2022行业分类待核实；商品代肉鸡产品行含‘其他’，严格口径仅作上界；剩余未拆项目只作扩展上界。
002772,天水众兴菌业科技股份有限公司,2022,待核实,待核实,龙头企业身份核实候选,工厂化种植并销售的鲜品食用菌（同时符合扩展口径）,1970274412.53,1970274412.53,1.0,采用农业种植业/主营业务单一维度，不与产品、地区重复相加,是,是,否,年报明确主营金针菇、双孢菇等鲜品食用菌的工厂化种植和销售，属于直接农业。,,,,https://static.cninfo.com.cn/finalpage/2023-03-21/1216170802.PDF,16|17,122,已人工复核（最终批AB组）,逐年核对官方年报；主营转型按公司—年份处理；直接农业、初加工和农业投入品分别按冻结口径识别；混合业务无法可靠拆分时只保留上下界，正式分子留空。 沿用v32原值；待核实不插值、不复制相邻年份 上下界均超过50%，未拆上界不影响结论。2022行业分类保持待核实，不插值。
002910,兰州庄园牧场股份有限公司,2022,待核实,待核实,龙头企业身份核实候选,生鲜乳外销+巴氏杀菌乳+灭菌乳为下界；调制乳仅作上界；发酵乳、含乳饮料及其他乳制品排除,564901134.14,1049876988.11,0.53806412,生鲜乳为合并外销产品行；内部供加工原奶不与乳制品收入重复相加,否,是,否,"严格区间[0, 0]；扩展区间[0.538064116594212794741850835365101276140970964518838652650731, 0.835987721428218741606417549579907612515658036904488867547696]。",,,,https://static.cninfo.com.cn/finalpage/2023-04-21/1216492215.PDF,15|16,95,已人工复核（跨年快速核对第十四/十五批J组）,逐年核对官方年报；农业投入品下界只加同层级明确产品；乳品混合初深加工时保留上下界，内部原奶不重复，能源、食品深加工和模糊其他收入不自动纳入。 完整营业收入构成表披露灭菌乳489656783.90元，营业收入占比超过10%的产品表披露489656783.89元，年报两表自身存在0.01元尾差；本表采用完整营业收入构成表金额。
300087,安徽荃银高科种业股份有限公司,2022,待核实,待核实,龙头企业身份核实候选,互斥披露的农作物种子产品；未拆农业相关项目仅作上界（同时符合扩展口径）,2337984669.03,3490544779.3,0.66980509,种子产品项目互斥相加；不叠加分行业、地区或销售模式,是,是,否,种子属于农业生产核心产品；仅以明确种子产品合计作保守下界，该下界已超过50%，不依赖混合类别。,,,,https://static.cninfo.com.cn/finalpage/2023-03-18/1216147566.PDF,18|19,99,已人工复核（最终批AB组）,逐年核对官方年报；主营转型按公司—年份处理；直接农业、初加工和农业投入品分别按冻结口径识别；混合业务无法可靠拆分时只保留上下界，正式分子留空。 沿用v32原值；待核实不插值、不复制相邻年份 上下界均超过50%，未拆上界不影响结论。2022行业分类保持待核实，不插值。
300119,瑞普生物股份有限公司,2022,待核实,待核实,龙头企业身份核实候选,兽用生物制品、兽用原料药及制剂等农业投入品,1999879031.24,2084250399.0,0.95951956,行业/产品维度不叠加；涉及内部交易时按年报抵销额保守扣减,否,是,否,兽药属于农业投入品，仅纳入扩展口径；其他项目只作上界。宠物药品和宠物生物制品不服务农业生产，已从扩展上下界及成本反证中排除。,,,,https://static.cninfo.com.cn/finalpage/2023-04-01/1216301902.PDF,24|25,103,已人工复核（最终批AA组）,逐年核对官方年报；主营转型按公司—年份处理；直接农业、初加工和农业投入品分别按冻结口径识别；混合业务无法可靠拆分时只保留上下界，正式分子留空。 待核实；不插值、不复制相邻年份 2022行业分类字段待核实；未拆其他不影响阈值结论。
300189,海南神农种业科技股份有限公司,2022,待核实,待核实,龙头企业身份核实候选,互斥披露的农作物种子产品；未拆农业相关项目仅作上界（同时符合扩展口径）,173411692.97,190563212.64,0.90999564,种子产品项目互斥相加；不叠加分行业、地区或销售模式,是,是,否,种子属于农业生产核心产品；仅以明确种子产品合计作保守下界，该下界已超过50%，不依赖混合类别。,,,,https://static.cninfo.com.cn/finalpage/2023-04-26/1216582462.PDF,17|18|19,79,已人工复核（最终批AB组）,逐年核对官方年报；主营转型按公司—年份处理；直接农业、初加工和农业投入品分别按冻结口径识别；混合业务无法可靠拆分时只保留上下界，正式分子留空。 沿用v32原值；待核实不插值、不复制相邻年份 上下界均超过50%，未拆上界不影响结论。2022行业分类保持待核实，不插值。
300498,温氏食品集团股份有限公司,2022,待核实,待核实,龙头企业身份核实候选,养殖行业扣除肉鸡类（严格下界）；养殖严格下界+兽药投入品（扩展下界）,45660815049.96,83708187230.99,0.54547609,否（采用互斥分行业/分产品项目；加工混合项只作上界）,是,是,否,"严格区间=[0.54547609, 0.97054323]，扩展下界=0.55387584，含全部加工混合项的审计上界=0.99643508。",,,,https://static.cninfo.com.cn/finalpage/2023-04-26/1216584900.PDF,22|23,171,已人工复核（跨年快速核对第十三批E组）,逐年核对官方年报；养殖与屠宰鲜品、原奶与乳制品、液态奶与发酵乳/乳饮料无法完全拆分时保留上下界，其他业务收入和算术残差不得自动当农业收入。 2017年报说明冰鲜鸡由肉制品加工调整至肉鸡类，且冰鲜鸡收入低于肉鸡类收入5%；2017年起不能把含鲜品的肉鸡类整项计入严格分子，采用‘养殖行业减肉鸡类’的保守下界。
300511,上海雪榕生物科技股份有限公司,2022,待核实,待核实,龙头企业身份核实候选,工厂化种植销售的金针菇、真姬菇、杏鲍菇及其他鲜品食用菌（同时符合扩展口径）,2291146561.14,2320432033.82,0.9873793,采用食用菌行业单一互斥口径；不与分产品、地区相加,是,是,否,年报明确公司主营鲜品食用菌的工厂化种植与销售，其他菇种同属香菇、鹿茸菌等鲜品，故食用菌行业收入整体进入下界。,,,,https://static.cninfo.com.cn/finalpage/2023-04-26/1216588431.PDF,25|26,134|168,已人工复核（最终批AB组）,逐年核对官方年报；主营转型按公司—年份处理；直接农业、初加工和农业投入品分别按冻结口径识别；混合业务无法可靠拆分时只保留上下界，正式分子留空。 沿用v32原值；待核实不插值、不复制相邻年份 上下界均超过50%，未拆上界不影响结论。2022行业分类保持待核实，不插值。
300871,武汉回盛生物科技股份有限公司,2022,待核实,待核实,龙头企业身份核实候选,兽用生物制品、兽用原料药及制剂等农业投入品,934108513.82,1022900792.34,0.91319561,行业/产品维度不叠加；涉及内部交易时按年报抵销额保守扣减,否,是,否,兽药属于农业投入品，仅纳入扩展口径；其他项目只作上界。,,,,https://static.cninfo.com.cn/finalpage/2023-04-27/1216615628.PDF,19|20|21,107,已人工复核（最终批AA组）,逐年核对官方年报；主营转型按公司—年份处理；直接农业、初加工和农业投入品分别按冻结口径识别；混合业务无法可靠拆分时只保留上下界，正式分子留空。 待核实；不插值、不复制相邻年份 2022行业分类字段待核实；未拆其他不影响阈值结论。
300967,宁夏晓鸣农牧股份有限公司,2022,待核实,待核实,龙头企业身份核实候选,同严格口径,785141706.15,785510490.19,0.99953052,分行业与分产品可能重叠；已固定一套维度或以明确产品下界处理，不机械相加,是,是,否,养殖业已披露收入占99.95%，严格与扩展口径均超过50%。,,,,https://static.cninfo.com.cn/finalpage/2023-04-26/1216579493.PDF,30,177,已人工复核（最终批AC组）,逐年核对官方年报；主营转型按公司—年份处理；直接农业、初加工和农业投入品分别按冻结口径识别；混合业务无法可靠拆分时只保留上下界，正式分子留空。 采用分行业养殖一套口径，不再叠加鸡产品和副产品。 待核实；不插值、不复制相邻年份 2022行业分类待核实；极小未分类差额不影响结论。
300970,江苏华绿生物科技集团股份有限公司,2022,待核实,待核实,龙头企业身份核实候选,工厂化种植销售的金针菇、真姬菇及其他鲜品食用菌（同时符合扩展口径）,751575782.93,751593906.93,0.99997589,采用食用菌行业单一互斥口径；不与分产品、地区相加,是,是,否,年报明确公司专业从事鲜品食用菌工厂化种植与销售，其他产品包括舞茸、虫草花、鹿茸菇等鲜品，故食用菌行业收入整体进入下界。,,,,https://static.cninfo.com.cn/finalpage/2023-04-24/1216524408.PDF,15|16,86,已人工复核（最终批AB组）,逐年核对官方年报；主营转型按公司—年份处理；直接农业、初加工和农业投入品分别按冻结口径识别；混合业务无法可靠拆分时只保留上下界，正式分子留空。 沿用v32原值；待核实不插值、不复制相邻年份 上下界均超过50%，未拆上界不影响结论。2022行业分类保持待核实，不插值。
301116,江苏益客食品集团股份有限公司,2022,待核实,待核实,龙头企业身份核实候选,种禽、禽类屠宰初加工、饲料及羽绒副产品,18175777585.68,18714660064.86,0.97120533,分行业与分产品可能重叠；已固定一套维度或以明确产品下界处理，不机械相加,否,是,否,严格口径仅种禽，低于50%；屠宰初加工、饲料和羽绒副产品进入扩展口径，调熟食品排除，扩展下界超过50%。,,,,https://static.cninfo.com.cn/finalpage/2023-04-21/1216495384.PDF,21|22,105,已人工复核（最终批AC组）,逐年核对官方年报；主营转型按公司—年份处理；直接农业、初加工和农业投入品分别按冻结口径识别；混合业务无法可靠拆分时只保留上下界，正式分子留空。 屠宰、饲料、种禽、调熟、羽绒采用一套分行业维度；羽绒成本用同额产品行反向核对。 待核实；不插值、不复制相邻年份 2022行业分类待核实；其他收入未拆但不影响阈值。
600108,甘肃亚盛实业(集团)股份有限公司,2022,待核实,待核实,龙头企业身份核实候选,同严格口径,2040868323.69,3639204399.96,0.56080069,分行业与分产品可能重叠；已固定一套维度或以明确产品下界处理，不机械相加,是,是,否,明确列示的八项种植产品下界已占营业收入56.08%，足以确认严格及扩展样本；不把农业、工业、商贸分部合计机械套入合并收入。,,,,https://static.cninfo.com.cn/finalpage/2023-04-26/1216584522.PDF,10|11,50,已人工复核（最终批AC组）,逐年核对官方年报；主营转型按公司—年份处理；直接农业、初加工和农业投入品分别按冻结口径识别；混合业务无法可靠拆分时只保留上下界，正式分子留空。 产品下界逐项来自同一分产品表；农业分行业数只作为上界。 待核实；不插值、不复制相邻年份 2022行业分类待核实；农业分部与合并收入之间的内部交易/抵销口径未拆，但不影响下界结论。
600195,中牧实业股份有限公司,2022,待核实,待核实,龙头企业身份核实候选,生物制品、兽药/化药、饲料等农业投入品（扩展）,3752083185.96,5891524963.89,0.63686112,否（同一分产品维度加总；单列贸易收入全部排除）,否,是,否,生物制品、兽药/化药和饲料属于农业投入品；贸易为互斥单列产品，不计入。,,,,https://static.cninfo.com.cn/finalpage/2023-04-22/1216516931.PDF,11|12,77,已人工复核（跨年快速核对第十四批G组）,逐年核对官方年报；农业投入品按互斥产品下界计量，贸易和食品深加工排除；未拆候选收入即使上界不足30%也不写成精确零。 2022逐公司行业分类待核实；收入结论仅据年报，不用相邻年份外推。
600354,甘肃省敦煌种业集团股份有限公司,2022,待核实,待核实,龙头企业身份核实候选,种子,738441249.75,1004680753.38,0.73500089,否（仅使用同一分行业维度）,是,是,否,种子收入占73.50%，达到50%严格门槛；食品与贸易、棉花、果蔬及其他业务均未用于放大分子。,,,,https://static.cninfo.com.cn/finalpage/2023-04-20/1216478318.PDF,10,58,已人工复核（跨年快速核对第九批）,逐年核对官方年报同一分行业维度和合并利润表；扩展口径只加入农业投入品，不计批零、食品贸易、香料、棉花、果蔬或其他非直接农业业务。
600873,梅花生物科技集团股份有限公司,2022,待核实,待核实,龙头企业身份核实候选,单列动物营养氨基酸作下界；混合其他中的生物有机肥仅作上界,14905702104.63,27937152798.85,0.53354407,否（使用同一分产品层级；行业、地区和销售模式行不参与加总）,否,是,否,"严格区间[0, 0]；扩展区间[0.533544066281642547204162083735490267866373763329466051666829, 0.611854188480639742098297708541474647510346718103531964997488]。动物营养氨基酸行包括饲料级氨基酸及大原料副产品，属于明确农业投入品；‘其他’同时含生物有机肥与石油级黄原胶等非农业产品，只能增加上界。",,,,https://static.cninfo.com.cn/finalpage/2023-03-07/1216055014.PDF,16|17|18,83,已人工复核（跨年快速核对第十六/十七批N组）,逐年核对官方年报；食品、医药、工业与饲料用途混合时保留上下界；木材与直接林业可计入，板材家具和园林工程排除，未单列收入不写成精确零。 单列产品收入、成本均为元；未与行业或地区维度相加 沿用v26原值；待核实字段不插值、不复制相邻年份 如需精确分子，仍须拆分‘其他’中的生物有机肥；动物营养氨基酸下界可直接使用。
600975,湖南新五丰股份有限公司,2022,待核实,待核实,龙头企业身份核实候选,畜牧业（生猪）,2731125858.15,4932239352.73,0.55372938,否（仅使用同一分行业维度）,是,是,否,畜牧业收入占55.37%，达到50%严格门槛；同一行业维度加入饲料加工后占55.42%。批发零售未计入。,,,,https://static.cninfo.com.cn/finalpage/2023-04-25/1216564468.PDF,23,211,已人工复核（跨年快速核对第九批）,逐年核对官方年报同一分行业维度和合并利润表；扩展口径只加入农业投入品，不计批零、食品贸易、香料、棉花、果蔬或其他非直接农业业务。
603151,山东邦基科技股份有限公司,2022,待核实,待核实,龙头企业身份核实候选,畜禽饲料,1613019191.33,1658462167.22,0.97259933,行业/产品维度不叠加；涉及内部交易时按年报抵销额保守扣减,否,是,否,饲料属于农业投入品，仅纳入扩展口径。,,,,https://static.cninfo.com.cn/finalpage/2023-03-31/1216269478.PDF,13|14,74,已人工复核（最终批AA组）,逐年核对官方年报；主营转型按公司—年份处理；直接农业、初加工和农业投入品分别按冻结口径识别；混合业务无法可靠拆分时只保留上下界，正式分子留空。 待核实；不插值、不复制相邻年份 2022行业分类字段待核实；未拆其他不影响阈值结论。
603336,宏辉果蔬股份有限公司,2022,待核实,待核实,龙头企业身份核实候选,水果蔬菜采后收购、预冷、分级、加工包装等初加工服务收入；其他业务只作上界,975174851.37,1132815675.94,0.86084159,水果、蔬菜为互斥产品项目；不叠加果蔬服务行业、地区或销售模式，其他业务仅作上界,否,是,否,果蔬主要向基地/农户采购，未证明公司直接种植外销；采后预冷、预选分级和包装属于扩展口径初加工，深加工和冻肉贸易排除。,,,,https://static.cninfo.com.cn/finalpage/2023-03-28/1216235580.PDF,17|18,77,已人工复核（跨年快速核对第二十批Y组）,逐年核对官方年报；主营转型按公司—年份处理；混合业务无法可靠拆分时只保留上下界，正式分子留空，不按名称或原料采购推算。 沿用v31原值；待核实不插值、不复制相邻年份 其他业务未拆；严格口径无单列自营种植收入。2022行业分类字段保持待核实，不插值。
603363,福建傲农生物科技集团股份有限公司,2022,待核实,待核实,龙头企业身份核实候选,生猪养殖、饲料及兽药动保,17107949807.08,21613039521.91,0.79155686,行业/产品维度不叠加；涉及内部交易时按年报抵销额保守扣减,否,是,否,直接养殖纳入严格，饲料与兽药纳入扩展；原料贸易和食品排除，未拆其他只作上界。,,,,https://static.cninfo.com.cn/finalpage/2023-04-29/1216708704.PDF,10|20,106,已人工复核（最终批AA组）,逐年核对官方年报；主营转型按公司—年份处理；直接农业、初加工和农业投入品分别按冻结口径识别；混合业务无法可靠拆分时只保留上下界，正式分子留空。 待核实；不插值、不复制相邻年份 2022行业分类字段待核实；未拆其他不影响阈值结论。
603668,福建天马科技集团股份有限公司,2022,待核实,待核实,龙头企业身份核实候选,严格养殖+特水饲料+畜禽饲料+动保产品,,7007530405.29,,只在同一产品维度求和；原料贸易和水产品/食品销售排除；2022内部交易抵消不明分属，整体扣减构造保守下界,否,是,否,养殖进入严格口径；饲料和动保进入扩展口径；原料销售、水产品贸易及烤鳗/食品销售排除。,,,,https://static.cninfo.com.cn/finalpage/2023-04-28/1216667409.PDF,36|37,114,已人工复核（跨年快速核对第十八批T组）,逐年核对官方年报；普通饮料和休闲食品深加工排除，粮食初加工按上下界；养殖与屠宰鲜品无法拆分时待核实，水产食品排除项不进入扩展分子。 2018饲料销售未拆特水/畜禽但整体属于扩展农业投入品；2021养殖含畜禽与鳗鲡，均属严格口径 沿用v27原值；待核实字段不插值、不复制相邻年份 2022内部抵消无法在饲料、养殖、食品间精确分配，使用上下界；行业分类仍待核实。
605198,烟台北方安德利果汁股份有限公司,2022,待核实,待核实,龙头企业身份核实候选,浓缩果汁、香精和果渣等果品初加工（与既有2023已核实口径一致）,1053115862.71,1065429309.28,0.98844274,分行业与分产品为重叠维度；采用一套不重叠口径，不相加,否,是,否,按项目既定且已用于2023的口径，浓缩果汁、香精及果渣属于果品初加工，计入扩展口径；原料果采购不计严格口径。,,,,https://static.cninfo.com.cn/finalpage/2023-05-30/1216934323.PDF,11|12,70,已人工复核（跨年快速核对第二十批Z组）,逐年核对官方年报；主营转型按公司—年份处理；混合业务无法可靠拆分时只保留上下界，正式分子留空，不按名称或原料采购推算。 采用产品合计作为单一披露维度；不再叠加相同金额的分行业、地区或销售模式。 沿用v31原值；待核实字段不插值、不复制相邻年份 无影响结论的金额拆分缺口；未分类收入差额不纳入扩展分子。2022行业分类字段仍待核实。
605296,云南神农农业产业集团股份有限公司,2022,待核实,待核实,龙头企业身份核实候选,内部抵销后可确认的生猪及饲料收入,2319663164.23,3304484376.2,0.70197432,行业/产品维度不叠加；涉及内部交易时按年报抵销额保守扣减,是,是,否,2021将全部跨板块抵销额从饲料加生猪中保守扣除；屠宰/食品加工不整体推算。2022生猪外销下界已达50%。,,,,https://static.cninfo.com.cn/finalpage/2023-06-09/1217024014.PDF,23|24,128,已人工复核（最终批AA组）,逐年核对官方年报；主营转型按公司—年份处理；直接农业、初加工和农业投入品分别按冻结口径识别；混合业务无法可靠拆分时只保留上下界，正式分子留空。 待核实；不插值、不复制相邻年份 2022行业分类字段待核实；未拆其他不影响阈值结论。
000713,国投丰乐种业股份有限公司,2023,5.0,农、林、牧、渔专业及辅助性活动,行业分类候选+龙头企业身份核实候选,种子类、农化类,2812737488.63,3113679181.58,0.90334852,否（采用分行业不重叠口径）,否,是,否,种子业务严格口径28.40%；加入农业投入品农化业务后扩展口径90.33%。,,,,https://static.cninfo.com.cn/finalpage/2024-04-26/1219827331.PDF,23,102,已人工复核（第一批）,严格口径占比=0.28399651；扩展口径占比=0.90334852；两套分子详见2023年报主营业务人工复核_第一批10家_v1.csv
000735,罗牛山股份有限公司,2023,3.0,畜牧业,行业分类候选+龙头企业身份核实候选,畜牧业、农副产品加工业,2285869183.6,4100302074.67,0.557488,否（采用分行业不重叠口径）,否,是,否,畜牧业严格口径24.93%；加入农产品初加工后扩展口径55.75%。,,,,https://static.cninfo.com.cn/finalpage/2024-04-27/1219856343.PDF,18,70,已人工复核（第一批）,严格口径占比=0.24926145；扩展口径占比=0.557488；两套分子详见2023年报主营业务人工复核_第一批10家_v1.csv
000798,中水集团远洋股份有限公司,2023,4.0,渔业,行业分类候选,捕捞、渔业服务,2926498175.17,4041783287.5,0.72406113,否（采用分行业不重叠口径）,是,是,否,捕捞与渔业服务分别对应A04和A05，合计严格口径72.41%；未将一般零售、加工及贸易机械计入。,,,,https://static.cninfo.com.cn/finalpage/2024-03-28/1219426831.PDF,12,80,已人工复核（第一批）,严格口径占比=0.72406113；扩展口径占比=0.72406113；两套分子详见2023年报主营业务人工复核_第一批10家_v1.csv
000998,袁隆平农业高科技股份有限公司,2023,5.0,农、林、牧、渔专业及辅助性活动,行业分类候选+龙头企业身份核实候选,农业（水稻种子、玉米种子）,7807420305.76,9223216747.53,0.84649646,否（采用分行业不重叠口径）,是,是,否,农业分行业收入占84.65%，达到严格样本50%门槛。,,,,https://static.cninfo.com.cn/finalpage/2024-04-29/1219866222.PDF,31,108,已人工复核（第一批）,严格口径占比=0.84649646；扩展口径占比=0.84649646；两套分子详见2023年报主营业务人工复核_第一批10家_v1.csv
001201,东瑞食品集团股份有限公司,2023,3.0,畜牧业,行业分类候选+龙头企业身份核实候选,畜牧业（生猪）,961270931.71,1037067905.17,0.92691224,否（采用分行业不重叠口径）,是,是,否,生猪收入严格口径92.69%；加入饲料后扩展口径97.39%。年报注明饲料主要供内部猪场使用，但表列收入未与生猪收入重叠。,,,,https://static.cninfo.com.cn/finalpage/2024-04-30/1219910083.PDF,17,151,已人工复核（第一批）,严格口径占比=0.92691224；扩展口径占比=0.97394434；两套分子详见2023年报主营业务人工复核_第一批10家_v1.csv
002041,山东登海种业股份有限公司,2023,5.0,农、林、牧、渔专业及辅助性活动,行业分类候选+龙头企业身份核实候选,农业（种业）,1551975042.78,1551975042.78,1.0,否（采用营业收入构成总表）,是,是,否,"营业收入构成表中农业收入占100%；未误用仅披露占比10%以上项目的1,531,128,505.10元。",,,,https://static.cninfo.com.cn/finalpage/2024-04-23/1219737119.PDF,14,64,已人工复核（第一批）,严格口径占比=1.0；扩展口径占比=1.0；两套分子详见2023年报主营业务人工复核_第一批10家_v1.csv
002069,獐子岛集团股份有限公司,2023,4.0,渔业,行业分类候选,海水养殖、水产品加工、牡蛎苗种技术服务,923163617.64,1677473644.98,0.55032973,否（采用分行业不重叠口径）,否,是,否,严格口径16.32%；加入水产品加工后扩展口径55.03%。技术服务经年报说明为牡蛎苗种业务。2023年曾ST，最终回归样本仍须剔除。,是,否,,https://static.cninfo.com.cn/finalpage/2024-04-27/1219862446.PDF,17,75,已人工复核（第一批）,严格口径占比=0.16321363；扩展口径占比=0.55032973；两套分子详见2023年报主营业务人工复核_第一批10家_v1.csv
002100,天康生物股份有限公司,2023,,,龙头企业身份核实候选,生猪养殖产业链、饲料,12033011274.57,19025806286.59,0.63245736,否（同一披露维度；不符合范围的业务未计入）,否,是,否,生猪养殖严格口径29.12%；仅加入饲料即达63.25%，扩展口径达标，未依赖玉米收储、油脂等边界业务。,,,,https://static.cninfo.com.cn/finalpage/2024-04-29/1219863990.PDF,16,94,已人工复核（龙头独有第一批）,严格口径占比=0.29122139；扩展口径占比=0.63245736；详见2023龙头企业独有候选_年报复核第一批12家_v1.csv
002124,天邦食品股份有限公司,2023,3.0,畜牧业,行业分类候选+龙头企业身份核实候选,生猪养殖,7310675390.02,10231927988.44,0.71449637,否（采用分行业不重叠口径）,是,是,否,生猪养殖收入严格口径71.45%；加入屠宰等食品加工后扩展口径95.72%。,,,,https://static.cninfo.com.cn/finalpage/2024-04-30/1219920450.PDF,19,79,已人工复核（第一批）,严格口径占比=0.71449637；扩展口径占比=0.95722291；两套分子详见2023年报主营业务人工复核_第一批10家_v1.csv
002157,江西正邦科技股份有限公司,2023,3.0,畜牧业,行业分类候选,养殖,4484299845.66,6991677730.61,0.64137679,否（采用同一拆分维度；已排除重复维度）,是,是,否,养殖收入严格口径64.14%，达到50%；加入饲料后扩展口径98.57%。2023年曾ST，最终回归剔除。,是,是,,https://static.cninfo.com.cn/finalpage/2024-04-30/1219923507.PDF,17,112,已人工复核（第二批）,严格口径占比=0.64137679；扩展口径占比=0.98568615；两套分子详见2023年报主营业务人工复核_第二批8家_v1.csv
002234,山东民和牧业股份有限公司,2023,3.0,畜牧业,行业分类候选+龙头企业身份核实候选,雏鸡、鸡肉制品,1863839992.05,2074466255.83,0.89846725,否（采用同一拆分维度；已排除重复维度）,否,是,否,保守地仅将雏鸡计入严格口径，占36.10%；加入鸡肉制品初加工后扩展口径89.85%。未以年报笼统的‘畜牧业’整段收入替代严格口径。,,,,https://static.cninfo.com.cn/finalpage/2024-03-19/1219328941.PDF,21,74,已人工复核（第二批）,严格口径占比=0.36097964；扩展口径占比=0.89846725；两套分子详见2023年报主营业务人工复核_第二批8家_v1.csv
002299,福建圣农发展股份有限公司,2023,3.0,畜牧业,行业分类候选,家禽饲养加工行业,10517359334.59,18486738694.46,0.56891372,合并披露风险：养殖与加工无法可靠拆分；未估算严格口径,待核实,是,否,家禽饲养加工合并收入占56.89%，扩展口径达标；年报未可靠拆分养殖和初加工，严格口径保持待核实。,,,,https://static.cninfo.com.cn/finalpage/2024-03-28/1219428601.PDF,25,109,已人工复核（第三批）,严格口径占比=待核实；扩展口径占比=0.56891372；两套分子详见2023年报主营业务人工复核_第三批10家_v1.csv
002311,广东海大集团股份有限公司,2023,,,龙头企业身份核实候选,养殖行业、饲料行业,116117168742.97,116117168742.97,1.0,否（同一披露维度；不符合范围的业务未计入）,否,是,否,养殖收入严格口径13.34%；养殖与饲料分行业收入合计等于营业收入，扩展口径100%，两行业为并列不重叠口径。,,,,https://static.cninfo.com.cn/finalpage/2024-04-23/1219735739.PDF,21,119,已人工复核（龙头独有第一批）,严格口径占比=0.1334176；扩展口径占比=1.0；详见2023龙头企业独有候选_年报复核第一批12家_v1.csv
002321,河南华英农业发展股份有限公司,2023,3.0,畜牧业,行业分类候选+龙头企业身份核实候选,鸭苗、种蛋、冻鸭、鸭毛、饲料、羽绒,3076209534.81,3704949528.49,0.83029729,否（采用分产品不重叠口径）,否,是,否,鸭苗与种蛋严格口径0.91%；加入鸭产品初加工、农业投入品及羽绒初加工后扩展口径83.03%。熟食、租赁等未计入；2023年曾ST。,是,否,,https://static.cninfo.com.cn/finalpage/2024-04-20/1219690595.PDF,25,110,已人工复核（第三批）,严格口径占比=0.00914762；扩展口径占比=0.83029729；两套分子详见2023年报主营业务人工复核_第三批10家_v1.csv
002329,皇氏集团股份有限公司,2023,,,龙头企业身份核实候选,低温奶、常温奶原奶初加工,2000910399.03,2892839473.25,0.69167696,按分产品或分行业同一维度；合并披露时保持待核实,否,是,否,低温奶和常温奶合计占69.17%，按原奶初加工计入扩展口径；直接奶牛养殖收入未单列。,,,,https://static.cninfo.com.cn/finalpage/2024-04-26/1219842467.PDF,25,113,已人工复核（龙头独有第二批）,严格口径占比=0.0；扩展口径占比=0.69167696；详见2023龙头企业独有候选_年报复核第二批12家_v1.csv
002385,北京大北农科技集团股份有限公司,2023,,,龙头企业身份核实候选,生猪养殖、种业、饲料、植保、疫苗、兽药,31629839198.29,33390129865.04,0.94728111,按分产品或分行业同一维度；合并披露时保持待核实,否,是,否,养猪和种业严格口径21.29%；加入农业投入品后扩展口径94.73%。,,,,https://static.cninfo.com.cn/finalpage/2024-04-26/1219831744.PDF,24,216,已人工复核（龙头独有第二批）,严格口径占比=0.21286346；扩展口径占比=0.94728111；详见2023龙头企业独有候选_年报复核第二批12家_v1.csv
002458,山东益生种畜禽股份有限公司,2023,3.0,畜牧业,行业分类候选+龙头企业身份核实候选,鸡、猪、乳品,3094339371.59,3224676928.89,0.9595812,否（采用同一拆分维度；已排除重复维度）,是,是,否,种畜禽及乳品收入严格口径95.96%；加入畜牧设备后扩展口径99.04%。,,,,https://static.cninfo.com.cn/finalpage/2024-03-07/1219249443.PDF,20,80,已人工复核（第二批）,严格口径占比=0.9595812；扩展口径占比=0.99038036；两套分子详见2023年报主营业务人工复核_第二批8家_v1.csv
002481,烟台双塔食品股份有限公司,2023,,,龙头企业身份核实候选,食用蛋白、豌豆干淀粉、膳食纤维,1483932885.31,2455941328.95,0.60422164,按分产品或分行业同一维度；合并披露时保持待核实,否,是,否,三项豌豆初加工产品合计占60.42%，扩展口径达标；粉丝和其他收入未计入。,,,,https://static.cninfo.com.cn/finalpage/2024-04-20/1219699565.PDF,16,68,已人工复核（龙头独有第二批）,严格口径占比=0.0；扩展口径占比=0.60422164；详见2023龙头企业独有候选_年报复核第二批12家_v1.csv
002548,深圳市金新农科技股份有限公司,2023,,,龙头企业身份核实候选,畜牧养殖、饲料加工,3741156573.98,4040387757.83,0.92593998,按分产品或分行业同一维度；合并披露时保持待核实,否,是,否,养殖收入占28.30%，未达严格门槛；加入饲料后扩展口径92.59%，原料贸易未计入。,,,,https://static.cninfo.com.cn/finalpage/2024-04-30/1219919082.PDF,24,101|109,已人工复核（龙头独有第二批）,严格口径占比=0.28297887；扩展口径占比=0.92593998；详见2023龙头企业独有候选_年报复核第二批12家_v1.csv
002567,唐人神集团股份有限公司,2023,,,龙头企业身份核实候选,养殖、饲料,25209934173.12,26949042863.28,0.93546677,按分产品或分行业同一维度；合并披露时保持待核实,否,是,否,养殖收入占19.12%；加入饲料后扩展口径93.55%。,,,,https://static.cninfo.com.cn/finalpage/2024-04-30/1219910967.PDF,21,166,已人工复核（龙头独有第二批）,严格口径占比=0.19119351；扩展口径占比=0.93546677；详见2023龙头企业独有候选_年报复核第二批12家_v1.csv
002679,福建金森林业股份有限公司,2023,2.0,林业,行业分类候选,林业,145501169.23,147650078.15,0.98544593,否（采用同一拆分维度；已排除重复维度）,是,是,否,林业分行业收入占98.54%，达到严格样本门槛。,,,,https://static.cninfo.com.cn/finalpage/2024-07-06/1220543069.PDF,13,71,已人工复核（第二批）,严格口径占比=0.98544593；扩展口径占比=0.98544593；两套分子详见2023年报主营业务人工复核_第二批8家_v1.csv
002688,金河生物科技股份有限公司,2023,,,龙头企业身份核实候选,兽用化学药品、兽用疫苗、药物饲料添加剂,1366180836.72,2174131033.42,0.62838017,否（同一披露维度；不符合范围的食品未计入）,否,是,否,三类农业投入品合计占62.84%，扩展口径达标；淀粉加工未用于扩大分子。,,,,https://static.cninfo.com.cn/finalpage/2024-04-29/1219863960.PDF,27,129,已人工复核（龙头独有第三批）,严格口径占比=0.0；扩展口径占比=0.62838017；详见2023龙头企业独有候选_年报复核第三批12家_v1.csv
002696,百洋产业投资集团股份有限公司,2023,,,龙头企业身份核实候选,饲料、水产品加工,2495054505.49,2720215725.75,0.9172267,否（同一披露维度；不符合范围的食品未计入）,否,是,否,饲料与水产品初加工合计占91.72%，进入扩展样本。,,,,https://static.cninfo.com.cn/finalpage/2024-04-27/1219860895.PDF,19,80,已人工复核（龙头独有第三批）,严格口径占比=0.0；扩展口径占比=0.9172267；详见2023龙头企业独有候选_年报复核第三批12家_v1.csv
002714,牧原食品集团股份有限公司,2023,3.0,畜牧业,行业分类候选+龙头企业身份核实候选,养殖业务（生猪）,108224321673.98,110860727714.4,0.97621876,否（采用同一拆分维度；已排除重复维度）,是,是,否,养殖业务收入占97.62%，达到严格样本门槛。屠宰业务与养殖存在内部交易抵销，本次不重复相加。,,,,https://static.cninfo.com.cn/finalpage/2024-04-27/1219861302.PDF,22,139,已人工复核（第二批）,严格口径占比=0.97621876；扩展口径占比=0.97621876；两套分子详见2023年报主营业务人工复核_第二批8家_v1.csv
002746,山东仙坛集团股份有限公司,2023,,,龙头企业身份核实候选,肉鸡养殖、屠宰食品加工、饲料加工,5770748589.13,5781232561.22,0.99818655,否（同一披露维度；不符合范围的食品未计入）,否,是,否,单列养殖收入仅2.26%；养殖、鸡肉初加工和饲料合计占99.82%，扩展口径达标。,,,,https://static.cninfo.com.cn/finalpage/2024-04-23/1219735516.PDF,23,89,已人工复核（龙头独有第三批）,严格口径占比=0.02258417；扩展口径占比=0.99818655；详见2023龙头企业独有候选_年报复核第三批12家_v1.csv
002772,天水众兴菌业科技股份有限公司,2023,1.0,农业,行业分类候选+龙头企业身份核实候选,农业种植业（食用菌）,1930925770.36,1931077659.25,0.99992135,否（采用同一拆分维度；已排除重复维度）,是,是,否,农业种植业收入占99.99%，达到严格样本门槛；厂房租赁未计入。,,,,https://static.cninfo.com.cn/finalpage/2024-03-26/1219405509.PDF,15,102,已人工复核（第二批）,严格口径占比=0.99992135；扩展口径占比=0.99992135；两套分子详见2023年报主营业务人工复核_第二批8家_v1.csv
002852,道道全粮油股份有限公司,2023,,,龙头企业身份核实候选,食用植物油及粕类加工,6974260413.37,7000856821.01,0.99620098,否（同一披露维度；不符合范围的食品未计入）,否,是,否,食品加工板块为食用油和粕类等农产品初加工，占99.62%，进入扩展样本。,,,,https://static.cninfo.com.cn/finalpage/2024-04-27/1219862164.PDF,14,64|72,已人工复核（龙头独有第三批）,严格口径占比=0.0；扩展口径占比=0.99620098；详见2023龙头企业独有候选_年报复核第三批12家_v1.csv
002910,兰州庄园牧场股份有限公司,2023,,,龙头企业身份核实候选,巴氏杀菌乳、灭菌乳,490598217.75,955672655.71,0.51335383,否（同一披露维度；不符合范围的食品未计入）,否,是,否,巴氏杀菌乳和灭菌乳按原奶初加工合计占51.34%，扩展口径达标；调制乳、发酵乳和含乳饮料未计入。,,,,https://static.cninfo.com.cn/finalpage/2024-04-27/1219871887.PDF,17,122,已人工复核（龙头独有第三批）,严格口径占比=0.0；扩展口径占比=0.51335383；详见2023龙头企业独有候选_年报复核第三批12家_v1.csv
002982,湖南湘佳牧业股份有限公司,2023,3.0,畜牧业,行业分类候选+龙头企业身份核实候选,活禽、商品蛋、冰鲜产品,3564796386.99,3890122738.57,0.91637119,否（采用同一拆分维度；已排除重复维度）,否,是,否,活禽与商品蛋严格口径34.31%；加入冰鲜禽产品初加工后扩展口径91.64%。未把分行业‘养殖行业’100%机械视为直接养殖收入。,,,,https://static.cninfo.com.cn/finalpage/2024-04-10/1219550513.PDF,23,111,已人工复核（第二批）,严格口径占比=0.34314154；扩展口径占比=0.91637119；两套分子详见2023年报主营业务人工复核_第二批8家_v1.csv
300087,安徽荃银高科种业股份有限公司,2023,5.0,农、林、牧、渔专业及辅助性活动,行业分类候选+龙头企业身份核实候选,水稻、玉米、小麦、棉花、瓜菜、大豆及其他作物种子,2844711221.82,4102895157.95,0.69334241,否（采用同一拆分维度；已排除重复维度）,是,是,否,仅七类种子收入合计已占69.33%，达到严格样本门槛；未依赖边界业务扩大分子。,,,,https://static.cninfo.com.cn/finalpage/2024-03-23/1219389382.PDF,17,88,已人工复核（第二批）,严格口径占比=0.69334241；扩展口径占比=0.69334241；两套分子详见2023年报主营业务人工复核_第二批8家_v1.csv
300119,瑞普生物股份有限公司,2023,,,龙头企业身份核实候选,兽用生物制品、兽用制剂及原料药,2183106384.37,2248962053.98,0.97071731,否（同一披露维度；不符合范围的业务未计入）,否,是,否,兽用生物制品、兽用制剂及原料药按同一分行业维度合计占97.07%，属于农业投入品，进入扩展样本。,,,,https://static.cninfo.com.cn/finalpage/2024-03-30/1219465976.PDF,33,108,已人工复核（龙头独有第四批）,严格口径占比=0.0；扩展口径占比=0.97071731；详见2023龙头企业独有候选_年报复核第四批12家_v1.csv
300138,晨光生物科技集团股份有限公司,2023,,,龙头企业身份核实候选,棉籽类初加工业务,3548421149.37,6871515007.68,0.51639575,否（同一披露维度；不符合范围的业务未计入）,否,是,否,只计棉籽类初加工业务，占51.64%；天然色素、香辛料、营养及药用类产品和其他业务未计入。,,,,https://static.cninfo.com.cn/finalpage/2024-04-18/1219651002.PDF,29,112,已人工复核（龙头独有第四批）,严格口径占比=0.0；扩展口径占比=0.51639575；详见2023龙头企业独有候选_年报复核第四批12家_v1.csv
300189,海南神农种业科技股份有限公司,2023,5.0,农、林、牧、渔专业及辅助性活动,行业分类候选+龙头企业身份核实候选,杂交水稻、玉米、油菜及其他种子,155069173.68,166725377.15,0.93008741,否（采用分产品不重叠口径）,是,是,否,四类种子收入合计占93.01%，已达到严格样本门槛。,,,,https://static.cninfo.com.cn/finalpage/2024-04-26/1219833092.PDF,25,80,已人工复核（第三批）,严格口径占比=0.93008741；扩展口径占比=0.93008741；两套分子详见2023年报主营业务人工复核_第三批10家_v1.csv
300313,新疆天山畜牧生物工程股份有限公司,2023,3.0,畜牧业,行业分类候选,畜牧业,110513387.01,137499875.86,0.80373445,否（采用分行业口径）,是,是,否,畜牧业收入占80.37%，达到严格门槛；2023年曾ST，最终回归剔除。,是,是,,https://static.cninfo.com.cn/finalpage/2024-03-30/1219474293.PDF,20,80,已人工复核（第三批）,严格口径占比=0.80373445；扩展口径占比=0.80373445；两套分子详见2023年报主营业务人工复核_第三批10家_v1.csv
300498,温氏食品集团股份有限公司,2023,3.0,畜牧业,行业分类候选+龙头企业身份核实候选,养殖行业,87844706272.81,89902322387.76,0.97711276,否（采用分行业口径）,是,是,否,养殖行业收入占营业收入97.71%，达到严格样本门槛；分母采用营业收入而非含利息收入的营业总收入。,,,,https://static.cninfo.com.cn/finalpage/2024-04-29/1219866693.PDF,32,187,已人工复核（第三批）,严格口径占比=0.97711276；扩展口径占比=0.97711276；两套分子详见2023年报主营业务人工复核_第三批10家_v1.csv
300511,上海雪榕生物科技股份有限公司,2023,1.0,农业,行业分类候选+龙头企业身份核实候选,食用菌种植,2534307562.89,2565144194.86,0.9879786,否（采用分行业口径）,是,是,否,食用菌行业收入占98.80%，达到严格样本门槛。,,,,https://static.cninfo.com.cn/finalpage/2024-04-26/1219839662.PDF,24,124,已人工复核（第三批）,严格口径占比=0.9879786；扩展口径占比=0.9879786；两套分子详见2023年报主营业务人工复核_第三批10家_v1.csv
300761,江苏立华食品集团股份有限公司,2023,3.0,畜牧业,行业分类候选,鸡、猪、鹅养殖,15267697502.53,15354096858.27,0.99437288,否（采用分产品不重叠口径）,是,是,否,鸡、猪、鹅三类养殖收入合计占99.44%，达到严格样本门槛；未计无法拆分的其他收入。,,,,https://static.cninfo.com.cn/finalpage/2024-04-22/1219693250.PDF,26,105,已人工复核（第三批）,严格口径占比=0.99437288；扩展口径占比=0.99437288；两套分子详见2023年报主营业务人工复核_第三批10家_v1.csv
300871,武汉回盛生物科技股份有限公司,2023,,,龙头企业身份核实候选,兽用原料药及制剂,942217427.49,1019758798.36,0.92396107,否（同一披露维度；不符合范围的业务未计入）,否,是,否,兽用原料药及制剂收入占92.40%，属于农业投入品，进入扩展样本。,,,,https://static.cninfo.com.cn/finalpage/2024-04-25/1219796102.PDF,22,104,已人工复核（龙头独有第四批）,严格口径占比=0.0；扩展口径占比=0.92396107；详见2023龙头企业独有候选_年报复核第四批12家_v1.csv
300967,宁夏晓鸣农牧股份有限公司,2023,3.0,畜牧业,行业分类候选+龙头企业身份核实候选,养殖行业,830359022.41,830815831.8,0.99945017,否（采用分行业口径）,是,是,否,养殖行业收入占99.95%，达到严格样本门槛。,,,,https://static.cninfo.com.cn/finalpage/2024-04-19/1219670312.PDF,30,143,已人工复核（第三批）,严格口径占比=0.99945017；扩展口径占比=0.99945017；两套分子详见2023年报主营业务人工复核_第三批10家_v1.csv
300970,江苏华绿生物科技集团股份有限公司,2023,1.0,农业,行业分类候选+龙头企业身份核实候选,食用菌种植,996221375.81,996221375.81,1.0,否（采用分行业口径）,是,是,否,食用菌收入占100%，达到严格样本门槛。,,,,https://static.cninfo.com.cn/finalpage/2024-04-23/1219744144.PDF,15,89,已人工复核（第三批）,严格口径占比=1.0；扩展口径占比=1.0；两套分子详见2023年报主营业务人工复核_第三批10家_v1.csv
301116,江苏益客食品集团股份有限公司,2023,,,龙头企业身份核实候选,屠宰、饲料和种禽,20579511091.33,21888226740.9,0.94020915,否（同一披露维度；不符合范围的业务未计入）,否,是,否,种禽收入仅占5.74%；屠宰初加工、饲料和种禽按同一分行业维度合计占94.02%，进入扩展样本。,,,,https://static.cninfo.com.cn/finalpage/2024-04-26/1219826208.PDF,29,115,已人工复核（龙头独有第四批）,严格口径占比=0.05743878；扩展口径占比=0.94020915；详见2023龙头企业独有候选_年报复核第四批12家_v1.csv
600097,上海开创国际海洋资源股份有限公司,2023,4.0,渔业,行业分类候选,海洋捕捞、食品加工,1699323763.28,2014553819.25,0.84352364,已按同一拆分维度处理；无法拆分时保持待核实,否,是,否,海洋捕捞严格口径39.36%；加入水产品初加工后扩展口径84.35%，渔货贸易未计入。,,,,https://static.cninfo.com.cn/finalpage/2024-03-29/1219441413.PDF,10,53,已人工复核（第四批）,严格口径占比=0.39357945；扩展口径占比=0.84352364；两套分子详见2023年报主营业务人工复核_第四批13家_v1.csv
600108,甘肃亚盛实业(集团)股份有限公司,2023,1.0,农业,行业分类候选+龙头企业身份核实候选,农业种植,3113117945.76,4005115417.62,0.77728545,已按同一拆分维度处理；无法拆分时保持待核实,是,是,否,农业分行业收入占77.73%，达到严格门槛。,,,,https://static.cninfo.com.cn/finalpage/2024-04-25/1219788130.PDF,10,49,已人工复核（第四批）,严格口径占比=0.77728545；扩展口径占比=0.77728545；两套分子详见2023年报主营业务人工复核_第四批13家_v1.csv
600127,金健米业股份有限公司,2023,,,龙头企业身份核实候选,粮油食品初加工,2578952432.72,4867808810.78,0.5297974,否（同一披露维度；不符合范围的业务未计入）,否,是,否,粮油食品加工业收入占52.98%；年报税务说明确认相关米、面、油子公司从事农产品初加工。贸易、乳品和休闲食品未计入。,,,,https://static.cninfo.com.cn/finalpage/2024-03-30/1219466894.PDF,18,82,已人工复核（龙头独有剩余45家）,严格口径占比=0.0；扩展口径占比=0.5297974；详见2023龙头企业独有候选_年报复核剩余45家_v1.csv
600195,中牧实业股份有限公司,2023,,,龙头企业身份核实候选,兽用生物制品、化药和饲料,3298862981.04,5406312590.46,0.61018724,否（同一披露维度；不符合范围的业务未计入）,否,是,否,兽用生物制品、化药和饲料按同一产品维度合计占61.02%，进入扩展样本；贸易未计入。,,,,https://static.cninfo.com.cn/finalpage/2024-04-10/1219551316.PDF,12,80,已人工复核（龙头独有剩余45家）,严格口径占比=0.0；扩展口径占比=0.61018724；详见2023龙头企业独有候选_年报复核剩余45家_v1.csv
600251,新疆冠农股份有限公司,2023,,,龙头企业身份核实候选,番茄、糖业和饲料产品,2515417378.59,4342745318.41,0.57922286,否（同一披露维度；不符合范围的业务未计入）,否,是,否,不计棉花贸易，仅番茄、糖业和饲料产品已占57.92%，进入扩展样本。,,,,https://static.cninfo.com.cn/finalpage/2024-03-28/1219429441.PDF,14,74,已人工复核（龙头独有剩余45家）,严格口径占比=0.0；扩展口径占比=0.57922286；详见2023龙头企业独有候选_年报复核剩余45家_v1.csv
600257,大湖健康产业股份有限公司,2023,4.0,渔业,行业分类候选,水产品养殖,627113773.53,1193454619.46,0.52546093,已按同一拆分维度处理；无法拆分时保持待核实,是,是,否,农业水产品收入占52.55%，达到严格门槛；白酒、药品等未计入。,,,,https://static.cninfo.com.cn/finalpage/2024-04-18/1219651824.PDF,24,91,已人工复核（第四批）,严格口径占比=0.52546093；扩展口径占比=0.52546093；两套分子详见2023年报主营业务人工复核_第四批13家_v1.csv
600354,甘肃省敦煌种业集团股份有限公司,2023,5.0,农、林、牧、渔专业及辅助性活动,行业分类候选+龙头企业身份核实候选,种子,875670812.45,1157762417.27,0.75634759,已按同一拆分维度处理；无法拆分时保持待核实,是,是,否,种子收入占75.63%，达到严格门槛；食品、贸易、棉花未用于放大严格分子。,,,,https://static.cninfo.com.cn/finalpage/2024-03-22/1219375765.PDF,11,52,已人工复核（第四批）,严格口径占比=0.75634759；扩展口径占比=0.75634759；两套分子详见2023年报主营业务人工复核_第四批13家_v1.csv
600359,新疆塔里木农业综合开发股份有限公司,2023,1.0,农业,行业分类候选,农业分行业（含棉花初加工等）,353610347.54,548470528.13,0.64472078,已按同一拆分维度处理；无法拆分时保持待核实,否,是,否,可直接识别的种苗和畜牧收入占31.35%，未达严格门槛；农业板块含初加工后占64.47%，扩展口径达标。,,,,https://static.cninfo.com.cn/finalpage/2024-03-29/1219447486.PDF,13,78,已人工复核（第四批）,严格口径占比=0.31354459；扩展口径占比=0.64472078；两套分子详见2023年报主营业务人工复核_第四批13家_v1.csv
600371,万向德农股份有限公司,2023,5.0,农、林、牧、渔专业及辅助性活动,行业分类候选,玉米杂交种,300692394.38,319298968.77,0.94172679,已按同一拆分维度处理；无法拆分时保持待核实,是,是,否,玉米杂交种收入占94.17%，达到严格门槛；加入化肥后扩展口径98.05%。,,,,https://static.cninfo.com.cn/finalpage/2024-04-16/1219617366.PDF,15,55,已人工复核（第四批）,严格口径占比=0.94172679；扩展口径占比=0.98048486；两套分子详见2023年报主营业务人工复核_第四批13家_v1.csv
600467,山东好当家海洋发展股份有限公司,2023,4.0,渔业,行业分类候选+龙头企业身份核实候选,海水养殖、海洋捕捞,862527464.45,1563804509.83,0.55155709,已按同一拆分维度处理；无法拆分时保持待核实,是,是,否,养殖与捕捞合计占55.16%，达到严格门槛；加入水产品加工后扩展口径97.68%。,,,,https://static.cninfo.com.cn/finalpage/2024-04-25/1219786818.PDF,13,64,已人工复核（第四批）,严格口径占比=0.55155709；扩展口径占比=0.97675336；两套分子详见2023年报主营业务人工复核_第四批13家_v1.csv
600540,新疆赛里木现代农业股份有限公司,2023,1.0,农业,行业分类候选,棉花及棉籽初加工,811843141.93,971635206.65,0.83554315,已按同一拆分维度处理；无法拆分时保持待核实,否,是,否,年报未单列直接种植收入，严格口径按可核实值为0；棉花、棉籽等农业初加工板块占83.55%，扩展口径达标。,,,,https://static.cninfo.com.cn/finalpage/2024-04-30/1219915469.PDF,25,129,已人工复核（第四批）,严格口径占比=0.0；扩展口径占比=0.83554315；两套分子详见2023年报主营业务人工复核_第四批13家_v1.csv
600598,黑龙江北大荒农业股份有限公司,2023,1.0,农业,行业分类候选,农业土地承包及农产品经营,3590194105.74,5044443383.2,0.71171264,已按同一拆分维度处理；无法拆分时保持待核实,是,是,否,土地承包及农产品经营直接服务农业生产，合计占71.17%，按A05直接相关业务计入严格口径。,,,,https://static.cninfo.com.cn/finalpage/2024-03-29/1219444566.PDF,14,88,已人工复核（第四批）,严格口径占比=0.71171264；扩展口径占比=0.71171264；两套分子详见2023年报主营业务人工复核_第四批13家_v1.csv
600873,梅花生物科技集团股份有限公司,2023,,,龙头企业身份核实候选,动物营养氨基酸,14539372320.25,27760612259.07,0.52374105,否（同一披露维度；不符合范围的业务未计入）,否,是,否,动物营养氨基酸作为饲料营养投入品，占52.37%，进入扩展样本；食品调味和人用医药产品未计入。,,,,https://static.cninfo.com.cn/finalpage/2024-03-19/1219331307.PDF,20,85,已人工复核（龙头独有剩余45家）,严格口径占比=0.0；扩展口径占比=0.52374105；详见2023龙头企业独有候选_年报复核剩余45家_v1.csv
600962,国投中鲁果汁股份有限公司,2023,,,龙头企业身份核实候选,浓缩果汁等初加工产品及饲料,1465319778.68,1486772095.82,0.98557121,否（同一披露维度；不符合范围的业务未计入）,否,是,否,浓缩果汁、香料、果糖及饲料按农产品初加工和农业投入品口径合计占98.56%，进入扩展样本。,,,,https://static.cninfo.com.cn/finalpage/2024-03-30/1219469902.PDF,15,76,已人工复核（龙头独有剩余45家）,严格口径占比=0.0；扩展口径占比=0.98557121；详见2023龙头企业独有候选_年报复核剩余45家_v1.csv
600975,湖南新五丰股份有限公司,2023,3.0,畜牧业,行业分类候选+龙头企业身份核实候选,畜牧业（生猪）,3754975937.03,5631944572.42,0.66672814,已按同一拆分维度处理；无法拆分时保持待核实,是,是,否,畜牧业收入占66.67%，达到严格门槛；加入饲料后扩展口径69.10%，批发零售未计入。,,,,https://static.cninfo.com.cn/finalpage/2024-04-20/1219705303.PDF,24,177,已人工复核（第四批）,严格口径占比=0.66672814；扩展口径占比=0.69100114；两套分子详见2023年报主营业务人工复核_第四批13家_v1.csv
603151,山东邦基科技股份有限公司,2023,,,龙头企业身份核实候选,猪饲料,1563704637.81,1646620919.75,0.94964458,否（同一披露维度；不符合范围的业务未计入）,否,是,否,猪配合料、浓缩料、预混料及其他饲料合计占94.96%，进入扩展样本。,,,,https://static.cninfo.com.cn/finalpage/2024-04-27/1219879163.PDF,15,81,已人工复核（龙头独有剩余45家）,严格口径占比=0.0；扩展口径占比=0.94964458；详见2023龙头企业独有候选_年报复核剩余45家_v1.csv
603336,宏辉果蔬股份有限公司,2023,,,龙头企业身份核实候选,水果、蔬菜分选包装及果蔬服务,911309501.72,1085793266.42,0.83930296,否（同一披露维度；不符合范围的业务未计入）,否,是,否,水果和蔬菜经产地预冷、分选、包装等初加工及服务收入占83.93%，进入扩展样本；食品、食用油和肉类贸易未计入。,,,,https://static.cninfo.com.cn/finalpage/2024-04-12/1219581219.PDF,22,86|93,已人工复核（龙头独有剩余45家）,严格口径占比=0.0；扩展口径占比=0.83930296；详见2023龙头企业独有候选_年报复核剩余45家_v1.csv
603363,福建傲农生物科技集团股份有限公司,2023,,,龙头企业身份核实候选,饲料、兽药动保和生猪养殖,16025043100.0,19457641131.79,0.82358612,否（同一披露维度；不符合范围的业务未计入）,否,是,否,养殖占27.33%，未达严格门槛；饲料、兽药动保和养殖合计占82.36%，不依赖食品板块即可达到扩展门槛。,,,,https://static.cninfo.com.cn/finalpage/2024-04-30/1219925622.PDF,22,129,已人工复核（龙头独有剩余45家）,严格口径占比=0.27329088；扩展口径占比=0.82358612；详见2023龙头企业独有候选_年报复核剩余45家_v1.csv
603477,乐山巨星农牧股份有限公司,2023,3.0,畜牧业,行业分类候选,畜禽养殖,3946820977.02,4040713360.73,0.97676341,已按同一拆分维度处理；无法拆分时保持待核实,是,是,否,畜禽养殖收入占97.68%，达到严格门槛；皮革业务未计入。,,,,https://static.cninfo.com.cn/finalpage/2024-03-23/1219388580.PDF,19,86,已人工复核（第四批）,严格口径占比=0.97676341；扩展口径占比=0.97676341；两套分子详见2023年报主营业务人工复核_第四批13家_v1.csv
603609,禾丰食品股份有限公司,2023,,,龙头企业身份核实候选,饲料和生猪,19046358016.27,35970261909.41,0.5295029,否（同一披露维度；不符合范围的业务未计入）,否,是,否,生猪收入占7.16%；仅饲料和生猪合计已占52.95%，不依赖肉禽板块的养殖加工拆分即可进入扩展样本。,,,,https://static.cninfo.com.cn/finalpage/2024-03-30/1219462055.PDF,23,90|96,已人工复核（龙头独有剩余45家）,严格口径占比=0.07161339；扩展口径占比=0.5295029；详见2023龙头企业独有候选_年报复核剩余45家_v1.csv
603668,福建天马科技集团股份有限公司,2023,,,龙头企业身份核实候选,饲料、水产养殖和动保（扣除内部抵销）,6817982484.15,6997724943.38,0.97431416,是（饲料、养殖及食品间交易已按披露抵销）,否,是,否,养殖仅占3.92%；饲料、养殖及动保扣除内部交易后占97.43%，进入扩展样本。,,,,https://static.cninfo.com.cn/finalpage/2024-04-27/1219880792.PDF,39,123,已人工复核（龙头独有剩余45家）,严格口径占比=0.03915785；扩展口径占比=0.97431416；详见2023龙头企业独有候选_年报复核剩余45家_v1.csv
605198,烟台北方安德利果汁股份有限公司,2023,,,龙头企业身份核实候选,浓缩果汁、香精和果渣初加工,868537450.63,876104953.71,0.99136233,否（同一披露维度；不符合范围的业务未计入）,否,是,否,浓缩果汁、香精和果渣等农产品初加工收入占99.14%，进入扩展样本。,,,,https://static.cninfo.com.cn/finalpage/2024-03-07/1219251760.PDF,13,69,已人工复核（龙头独有剩余45家）,严格口径占比=0.0；扩展口径占比=0.99136233；详见2023龙头企业独有候选_年报复核剩余45家_v1.csv
605296,云南神农农业产业集团股份有限公司,2023,3.0,畜牧业,行业分类候选+龙头企业身份核实候选,畜牧养殖,2094682094.43,3891278625.2,0.53830175,已按同一拆分维度处理；无法拆分时保持待核实,是,是,否,畜牧养殖收入占53.83%，达到严格门槛；加入饲料后扩展口径66.64%，为避免内部交易重叠未叠加屠宰收入。,,,,https://static.cninfo.com.cn/finalpage/2024-04-26/1219837411.PDF,29,154,已人工复核（第四批）,严格口径占比=0.53830175；扩展口径占比=0.66638065；两套分子详见2023年报主营业务人工复核_第四批13家_v1.csv
