stock_code,year,current_legal_full_name,current_short_name,entry_basis,announcement_id,announcement_title,announcement_sec_name,publication_date,pdf_url,adjunct_size,retrieved_date,annual_report_status
000592,2013,中福海峡（平潭）发展股份有限公司,平潭发展,行业分类候选,63950761,2013年年度报告,中福实业,2014-04-29,https://static.cninfo.com.cn/finalpage/2014-04-30/63950761.PDF,964,2026-08-06,已取得法定年度报告链接
000663,2013,福建省永安林业(集团)股份有限公司,永安林业,行业分类候选,63838376,2013年年度报告,永安林业,2014-04-14,https://static.cninfo.com.cn/finalpage/2014-04-15/63838376.PDF,2822,2026-08-06,已取得法定年度报告链接
000713,2013,国投丰乐种业股份有限公司,国投丰乐,行业分类候选,63804982,2013年年度报告,丰乐种业,2014-04-08,https://static.cninfo.com.cn/finalpage/2014-04-09/63804982.PDF,889,2026-08-06,已取得法定年度报告链接
000735,2013,罗牛山股份有限公司,罗 牛 山,行业分类候选,63949358,2013年年度报告,罗 牛 山,2014-04-29,https://static.cninfo.com.cn/finalpage/2014-04-30/63949358.PDF,4025,2026-08-06,已取得法定年度报告链接
000798,2013,中水集团远洋股份有限公司,中水渔业,行业分类候选,63918750,2013年年度报告,中水渔业,2014-04-24,https://static.cninfo.com.cn/finalpage/2014-04-25/63918750.PDF,1298,2026-08-06,已取得法定年度报告链接
000998,2013,袁隆平农业高科技股份有限公司,隆平高科,行业分类候选,1200004735,2013年年度报告（更新后）,隆平高科,2014-06-24,https://static.cninfo.com.cn/finalpage/2014-06-25/1200004735.PDF,3755,2026-08-06,已取得法定年度报告链接
002041,2013,山东登海种业股份有限公司,登海种业,行业分类候选,63896809,2013年年度报告,登海种业,2014-04-22,https://static.cninfo.com.cn/finalpage/2014-04-23/63896809.PDF,756,2026-08-06,已取得法定年度报告链接
002069,2013,獐子岛集团股份有限公司,獐子岛,行业分类候选,63973420,2013年年度报告（更新后）,獐 子 岛,2014-05-05,https://static.cninfo.com.cn/finalpage/2014-05-06/63973420.PDF,3261,2026-08-06,已取得法定年度报告链接
002086,2013,山东东方海洋科技股份有限公司,东方海洋,行业分类候选,63867012,2013年年度报告,东方海洋,2014-04-18,https://static.cninfo.com.cn/finalpage/2014-04-19/63867012.PDF,2266,2026-08-06,已取得法定年度报告链接
002200,2013,云南交投生态科技股份有限公司,交投生态,行业分类候选,63611258,2013年年度报告（更新后）,*ST大地,2014-02-26,https://static.cninfo.com.cn/finalpage/2014-02-27/63611258.PDF,2660,2026-08-06,已取得法定年度报告链接
002234,2013,山东民和牧业股份有限公司,民和股份,行业分类候选,63870251,2013年年度报告,民和股份,2014-04-18,https://static.cninfo.com.cn/finalpage/2014-04-19/63870251.PDF,987,2026-08-06,已取得法定年度报告链接
002299,2013,福建圣农发展股份有限公司,圣农发展,行业分类候选,63884585,2013年年度报告,圣农发展,2014-04-21,https://static.cninfo.com.cn/finalpage/2014-04-22/63884585.PDF,2637,2026-08-06,已取得法定年度报告链接
002321,2013,河南华英农业发展股份有限公司,华英农业,行业分类候选,63812942,2013年年度报告,华英农业,2014-04-09,https://static.cninfo.com.cn/finalpage/2014-04-10/63812942.PDF,2672,2026-08-06,已取得法定年度报告链接
002447,2013,大连壹桥海洋苗业股份有限公司,,行业分类候选,63812182,2013年年度报告,壹桥苗业,2014-04-09,https://static.cninfo.com.cn/finalpage/2014-04-10/63812182.PDF,2231,2026-08-06,已取得法定年度报告链接
002458,2013,山东益生种畜禽股份有限公司,益生股份,行业分类候选,63915285,2013年年度报告,益生股份,2014-04-24,https://static.cninfo.com.cn/finalpage/2014-04-25/63915285.PDF,2560,2026-08-06,已取得法定年度报告链接
002477,2013,雏鹰农牧集团股份有限公司,,行业分类候选,63905088,2013年年度报告,雏鹰农牧,2014-04-23,https://static.cninfo.com.cn/finalpage/2014-04-24/63905088.PDF,3244,2026-08-06,已取得法定年度报告链接
002505,2013,湖南大康牧业股份有限公司,,行业分类候选,63840513,2013年年度报告,大康牧业,2014-04-14,https://static.cninfo.com.cn/finalpage/2014-04-15/63840513.PDF,770,2026-08-06,已取得法定年度报告链接
002679,2013,福建金森林业股份有限公司,福建金森,行业分类候选,63896122,2013年年度报告,福建金森,2014-04-22,https://static.cninfo.com.cn/finalpage/2014-04-23/63896122.PDF,1315,2026-08-06,已取得法定年度报告链接
002696,2013,百洋产业投资集团股份有限公司,百洋股份,行业分类候选,63918063,2013年年度报告,百洋股份,2014-04-24,https://static.cninfo.com.cn/finalpage/2014-04-25/63918063.PDF,3106,2026-08-06,已取得法定年度报告链接
300087,2013,安徽荃银高科种业股份有限公司,ST荃银,行业分类候选,63780058,2013年年度报告,荃银高科,2014-04-02,https://static.cninfo.com.cn/finalpage/2014-04-03/63780058.PDF,3177,2026-08-06,已取得法定年度报告链接
300094,2013,湛江国联水产开发股份有限公司,国联水产,行业分类候选,63918502,2013年年度报告,国联水产,2014-04-24,https://static.cninfo.com.cn/finalpage/2014-04-25/63918502.PDF,7860,2026-08-06,已取得法定年度报告链接
300106,2013,新疆西部牧业股份有限公司,西部牧业,行业分类候选,63893989,2013年年度报告,西部牧业,2014-04-22,https://static.cninfo.com.cn/finalpage/2014-04-23/63893989.PDF,3130,2026-08-06,已取得法定年度报告链接
300143,2013,盈康生命科技股份有限公司,盈康生命,行业分类候选,63617237,2013年年度报告,星河生物,2014-02-27,https://static.cninfo.com.cn/finalpage/2014-02-28/63617237.PDF,606,2026-08-06,已取得法定年度报告链接
300189,2013,海南神农种业科技股份有限公司,神农种业,行业分类候选,63918533,2013年年度报告,神农大丰,2014-04-24,https://static.cninfo.com.cn/finalpage/2014-04-25/63918533.PDF,13537,2026-08-06,已取得法定年度报告链接
300313,2013,新疆天山畜牧生物工程股份有限公司,天山生物,行业分类候选,63828468,2013年年度报告,天山生物,2014-04-11,https://static.cninfo.com.cn/finalpage/2014-04-12/63828468.PDF,2652,2026-08-06,已取得法定年度报告链接
600097,2013,上海开创国际海洋资源股份有限公司,开创国际,行业分类候选,64122331,2013年年度报告(修订版),开创国际,2014-06-10,https://static.cninfo.com.cn/finalpage/2014-06-11/64122331.PDF,2540,2026-08-06,已取得法定年度报告链接
600108,2013,甘肃亚盛实业(集团)股份有限公司,亚盛集团,行业分类候选,63914686,2013年年度报告,亚盛集团,2014-04-24,https://static.cninfo.com.cn/finalpage/2014-04-25/63914686.PDF,2235,2026-08-06,已取得法定年度报告链接
600257,2013,大湖健康产业股份有限公司,大湖股份,行业分类候选,63941109,2013年年度报告(修订版),大湖股份,2014-04-28,https://static.cninfo.com.cn/finalpage/2014-04-29/63941109.PDF,1764,2026-08-06,已取得法定年度报告链接
600265,2013,云南景谷林业股份有限公司,*ST景谷,行业分类候选,63872933,2013年年度报告,*ST景谷,2014-04-18,https://static.cninfo.com.cn/finalpage/2014-04-19/63872933.PDF,2551,2026-08-06,已取得法定年度报告链接
600354,2013,甘肃省敦煌种业集团股份有限公司,敦煌种业,行业分类候选,63821344,2013年年度报告,敦煌种业,2014-04-10,https://static.cninfo.com.cn/finalpage/2014-04-11/63821344.PDF,8144,2026-08-06,已取得法定年度报告链接
600359,2013,新疆塔里木农业综合开发股份有限公司,新农开发,行业分类候选,63693871,2013年年度报告(修订版),新农开发,2014-03-18,https://static.cninfo.com.cn/finalpage/2014-03-19/63693871.PDF,5437,2026-08-06,已取得法定年度报告链接
600371,2013,万向德农股份有限公司,万向德农,行业分类候选,63901035,2013年年度报告,万向德农,2014-04-23,https://static.cninfo.com.cn/finalpage/2014-04-24/63901035.PDF,1566,2026-08-06,已取得法定年度报告链接
600467,2013,山东好当家海洋发展股份有限公司,好当家,行业分类候选,63893669,2013年年度报告,好当家,2014-04-22,https://static.cninfo.com.cn/finalpage/2014-04-23/63893669.PDF,1969,2026-08-06,已取得法定年度报告链接
600506,2013,统一低碳科技(新疆)股份有限公司,统一股份,行业分类候选,63720145,2013年年度报告,香梨股份,2014-03-24,https://static.cninfo.com.cn/finalpage/2014-03-25/63720145.PDF,1869,2026-08-06,已取得法定年度报告链接
600540,2013,新疆赛里木现代农业股份有限公司,新赛股份,行业分类候选,63954642,2013年年度报告,新赛股份,2014-04-29,https://static.cninfo.com.cn/finalpage/2014-04-30/63954642.PDF,2245,2026-08-06,已取得法定年度报告链接
600598,2013,黑龙江北大荒农业股份有限公司,北大荒,行业分类候选,63733625,2013年年度报告,北大荒,2014-03-26,https://static.cninfo.com.cn/finalpage/2014-03-27/63733625.PDF,2432,2026-08-06,已取得法定年度报告链接
600965,2013,河北福成五丰食品股份有限公司,*ST福成,行业分类候选,63860299,2013年年度报告(修订版),福成五丰,2014-04-17,https://static.cninfo.com.cn/finalpage/2014-04-18/63860299.PDF,2018,2026-08-06,已取得法定年度报告链接
600975,2013,湖南新五丰股份有限公司,新五丰,行业分类候选,63717879,2013年年度报告,新五丰,2014-03-24,https://static.cninfo.com.cn/finalpage/2014-03-25/63717879.PDF,2611,2026-08-06,已取得法定年度报告链接
601118,2013,海南天然橡胶产业集团股份有限公司,海南橡胶,行业分类候选,63863610,2013年年度报告,海南橡胶,2014-04-17,https://static.cninfo.com.cn/finalpage/2014-04-18/63863610.PDF,2294,2026-08-06,已取得法定年度报告链接
000592,2014,中福海峡（平潭）发展股份有限公司,平潭发展,行业分类候选,1200834190,2014年年度报告,平潭发展,2015-04-14,https://static.cninfo.com.cn/finalpage/2015-04-15/1200834190.PDF,1223,2026-08-06,已取得法定年度报告链接
000623,2014,吉林敖东药业集团股份有限公司,吉林敖东,龙头企业身份核实候选,1200873310,2014年年度报告,吉林敖东,2015-04-20,https://static.cninfo.com.cn/finalpage/2015-04-21/1200873310.PDF,3783,2026-08-06,已取得法定年度报告链接
000663,2014,福建省永安林业(集团)股份有限公司,永安林业,行业分类候选+龙头企业身份核实候选,1200643873,2014年年度报告,永安林业,2015-02-16,https://static.cninfo.com.cn/finalpage/2015-02-17/1200643873.PDF,2558,2026-08-06,已取得法定年度报告链接
000713,2014,国投丰乐种业股份有限公司,国投丰乐,行业分类候选+龙头企业身份核实候选,1200755414,2014年年度报告,丰乐种业,2015-03-29,https://static.cninfo.com.cn/finalpage/2015-03-30/1200755414.PDF,2796,2026-08-06,已取得法定年度报告链接
000735,2014,罗牛山股份有限公司,罗 牛 山,行业分类候选+龙头企业身份核实候选,1200724489,2014年年度报告（更新后）,罗 牛 山,2015-03-20,https://static.cninfo.com.cn/finalpage/2015-03-21/1200724489.PDF,3239,2026-08-06,已取得法定年度报告链接
000798,2014,中水集团远洋股份有限公司,中水渔业,行业分类候选,1200754520,2014年年度报告,中水渔业,2015-03-29,https://static.cninfo.com.cn/finalpage/2015-03-30/1200754520.PDF,790,2026-08-06,已取得法定年度报告链接
000848,2014,承德露露股份公司,承德露露,龙头企业身份核实候选,1200720080,2014年年度报告,承德露露,2015-03-19,https://static.cninfo.com.cn/finalpage/2015-03-20/1200720080.PDF,663,2026-08-06,已取得法定年度报告链接
000860,2014,北京顺鑫农业股份有限公司,顺鑫农业,龙头企业身份核实候选,1200736899,2014年年度报告,顺鑫农业,2015-03-24,https://static.cninfo.com.cn/finalpage/2015-03-25/1200736899.PDF,1380,2026-08-06,已取得法定年度报告链接
000998,2014,袁隆平农业高科技股份有限公司,隆平高科,行业分类候选+龙头企业身份核实候选,1200922611,2014年年度报告,隆平高科,2015-04-27,https://static.cninfo.com.cn/finalpage/2015-04-28/1200922611.PDF,3257,2026-08-06,已取得法定年度报告链接
002041,2014,山东登海种业股份有限公司,登海种业,行业分类候选,1200876975,2014年年度报告,登海种业,2015-04-20,https://static.cninfo.com.cn/finalpage/2015-04-21/1200876975.PDF,2648,2026-08-06,已取得法定年度报告链接
002069,2014,獐子岛集团股份有限公司,獐子岛,行业分类候选+龙头企业身份核实候选,1200922210,2014年年度报告,獐 子 岛,2015-04-27,https://static.cninfo.com.cn/finalpage/2015-04-28/1200922210.PDF,2162,2026-08-06,已取得法定年度报告链接
002086,2014,山东东方海洋科技股份有限公司,东方海洋,行业分类候选+龙头企业身份核实候选,1200845873,2014年年度报告,东方海洋,2015-04-16,https://static.cninfo.com.cn/finalpage/2015-04-17/1200845873.PDF,2215,2026-08-06,已取得法定年度报告链接
002166,2014,桂林莱茵生物科技股份有限公司,莱茵生物,龙头企业身份核实候选,1200753883,2014年年度报告,莱茵生物,2015-03-27,https://static.cninfo.com.cn/finalpage/2015-03-28/1200753883.PDF,2520,2026-08-06,已取得法定年度报告链接
002200,2014,云南交投生态科技股份有限公司,交投生态,行业分类候选,1200932991,2014年年度报告,云投生态,2015-04-28,https://static.cninfo.com.cn/finalpage/2015-04-29/1200932991.PDF,2818,2026-08-06,已取得法定年度报告链接
002216,2014,三全食品股份有限公司,三全食品,龙头企业身份核实候选,1200719229,2014年年度报告,三全食品,2015-03-19,https://static.cninfo.com.cn/finalpage/2015-03-20/1200719229.PDF,2567,2026-08-06,已取得法定年度报告链接
002234,2014,山东民和牧业股份有限公司,民和股份,行业分类候选+龙头企业身份核实候选,1200718869,2014年年度报告,*ST民和,2015-03-19,https://static.cninfo.com.cn/finalpage/2015-03-20/1200718869.PDF,881,2026-08-06,已取得法定年度报告链接
002299,2014,福建圣农发展股份有限公司,圣农发展,行业分类候选,1200767556,2014年年度报告,圣农发展,2015-03-30,https://static.cninfo.com.cn/finalpage/2015-03-31/1200767556.PDF,2780,2026-08-06,已取得法定年度报告链接
002311,2014,广东海大集团股份有限公司,海大集团,龙头企业身份核实候选,1200918472,2014年年度报告,海大集团,2015-04-27,https://static.cninfo.com.cn/finalpage/2015-04-28/1200918472.PDF,3501,2026-08-06,已取得法定年度报告链接
002321,2014,河南华英农业发展股份有限公司,华英农业,行业分类候选+龙头企业身份核实候选,1200922602,2014年年度报告（更新后）,华英农业,2015-04-27,https://static.cninfo.com.cn/finalpage/2015-04-28/1200922602.PDF,2908,2026-08-06,已取得法定年度报告链接
002385,2014,北京大北农科技集团股份有限公司,大北农,龙头企业身份核实候选,1200804230,2014年年度报告,大北农,2015-04-09,https://static.cninfo.com.cn/finalpage/2015-04-10/1200804230.PDF,6745,2026-08-06,已取得法定年度报告链接
002390,2014,贵州信邦制药股份有限公司,信邦制药,龙头企业身份核实候选,1200884258,2014年年度报告,信邦制药,2015-04-21,https://static.cninfo.com.cn/finalpage/2015-04-22/1200884258.PDF,3156,2026-08-06,已取得法定年度报告链接
002424,2014,贵州百灵企业集团制药股份有限公司,ST百灵,龙头企业身份核实候选,1200920215,2014年年度报告（更新后）,贵州百灵,2015-04-27,https://static.cninfo.com.cn/finalpage/2015-04-28/1200920215.PDF,2492,2026-08-06,已取得法定年度报告链接
002431,2014,棕榈生态城镇发展股份有限公司,ST棕榈,龙头企业身份核实候选,1200831907,2014年年度报告,棕榈园林,2015-04-14,https://static.cninfo.com.cn/finalpage/2015-04-15/1200831907.PDF,3023,2026-08-06,已取得法定年度报告链接
002447,2014,大连壹桥海洋苗业股份有限公司,,行业分类候选,1200809393,2014年年度报告,壹桥海参,2015-04-10,https://static.cninfo.com.cn/finalpage/2015-04-11/1200809393.PDF,2503,2026-08-06,已取得法定年度报告链接
002458,2014,山东益生种畜禽股份有限公司,益生股份,行业分类候选+龙头企业身份核实候选,1200767909,2014年年度报告,益生股份,2015-03-30,https://static.cninfo.com.cn/finalpage/2015-03-31/1200767909.PDF,2738,2026-08-06,已取得法定年度报告链接
002477,2014,雏鹰农牧集团股份有限公司,,行业分类候选,1200895700,2014年年度报告,雏鹰农牧,2015-04-23,https://static.cninfo.com.cn/finalpage/2015-04-24/1200895700.PDF,3310,2026-08-06,已取得法定年度报告链接
002505,2014,湖南大康牧业股份有限公司,,行业分类候选,1200848519,2014年年度报告,大康牧业,2015-04-16,https://static.cninfo.com.cn/finalpage/2015-04-17/1200848519.PDF,2733,2026-08-06,已取得法定年度报告链接
002507,2014,重庆市涪陵榨菜集团股份有限公司,涪陵榨菜,龙头企业身份核实候选,1200753843,2014年年度报告,涪陵榨菜,2015-03-27,https://static.cninfo.com.cn/finalpage/2015-03-28/1200753843.PDF,2468,2026-08-06,已取得法定年度报告链接
002566,2014,吉林省集安益盛药业股份有限公司,益盛药业,龙头企业身份核实候选,1201105988,2014年年度报告（更新后）,益盛药业,2015-06-04,https://static.cninfo.com.cn/finalpage/2015-06-05/1201105988.PDF,2348,2026-08-06,已取得法定年度报告链接
002567,2014,唐人神集团股份有限公司,唐人神,龙头企业身份核实候选,1200799784,2014年年度报告,唐人神,2015-04-08,https://static.cninfo.com.cn/finalpage/2015-04-09/1200799784.PDF,4449,2026-08-06,已取得法定年度报告链接
002582,2014,好想你健康食品股份有限公司,好想你,龙头企业身份核实候选,1200848914,2014年年度报告,好想你,2015-04-16,https://static.cninfo.com.cn/finalpage/2015-04-17/1200848914.PDF,2618,2026-08-06,已取得法定年度报告链接
002650,2014,加加食品集团股份有限公司,ST加加,龙头企业身份核实候选,1200719958,2014年年度报告,加加食品,2015-03-19,https://static.cninfo.com.cn/finalpage/2015-03-20/1200719958.PDF,2474,2026-08-06,已取得法定年度报告链接
002679,2014,福建金森林业股份有限公司,福建金森,行业分类候选,1200848813,2014年年度报告,福建金森,2015-04-16,https://static.cninfo.com.cn/finalpage/2015-04-17/1200848813.PDF,2287,2026-08-06,已取得法定年度报告链接
002688,2014,金河生物科技股份有限公司,金河生物,龙头企业身份核实候选,1200803492,2014年年度报告,金河生物,2015-04-09,https://static.cninfo.com.cn/finalpage/2015-04-10/1200803492.PDF,2829,2026-08-06,已取得法定年度报告链接
002696,2014,百洋产业投资集团股份有限公司,百洋股份,行业分类候选,1200884142,2014年年度报告（更新后）,百洋股份,2015-04-21,https://static.cninfo.com.cn/finalpage/2015-04-22/1200884142.PDF,2882,2026-08-06,已取得法定年度报告链接
002702,2014,海欣食品股份有限公司,海欣食品,龙头企业身份核实候选,1200746792,2014年年度报告,海欣食品,2015-03-26,https://static.cninfo.com.cn/finalpage/2015-03-27/1200746792.PDF,2671,2026-08-06,已取得法定年度报告链接
002714,2014,牧原食品集团股份有限公司,牧原股份,行业分类候选+龙头企业身份核实候选,1200907919,2014年年度报告,牧原股份,2015-04-26,https://static.cninfo.com.cn/finalpage/2015-04-27/1200907919.PDF,2734,2026-08-06,已取得法定年度报告链接
002732,2014,广东燕塘乳业股份有限公司,燕塘乳业,龙头企业身份核实候选,1200839432,2014年年度报告,燕塘乳业,2015-04-15,https://static.cninfo.com.cn/finalpage/2015-04-16/1200839432.PDF,2324,2026-08-06,已取得法定年度报告链接
300087,2014,安徽荃银高科种业股份有限公司,ST荃银,行业分类候选,1200896083,2014年年度报告（更新后）,荃银高科,2015-04-23,https://static.cninfo.com.cn/finalpage/2015-04-23/1200896083.PDF,2636,2026-08-06,已取得法定年度报告链接
300094,2014,湛江国联水产开发股份有限公司,国联水产,行业分类候选+龙头企业身份核实候选,1200945594,2014年年度报告,国联水产,2015-04-29,https://static.cninfo.com.cn/finalpage/2015-04-30/1200945594.PDF,1016,2026-08-06,已取得法定年度报告链接
300106,2014,新疆西部牧业股份有限公司,西部牧业,行业分类候选+龙头企业身份核实候选,1200799700,2014年年度报告,西部牧业,2015-04-08,https://static.cninfo.com.cn/finalpage/2015-04-09/1200799700.PDF,2738,2026-08-06,已取得法定年度报告链接
300138,2014,晨光生物科技集团股份有限公司,晨光生物,龙头企业身份核实候选,1200730875,2014年年度报告,晨光生物,2015-03-23,https://static.cninfo.com.cn/finalpage/2015-03-24/1200730875.PDF,4331,2026-08-06,已取得法定年度报告链接
300143,2014,盈康生命科技股份有限公司,盈康生命,行业分类候选,1200898448,2014年年度报告,星河生物,2015-04-23,https://static.cninfo.com.cn/finalpage/2015-04-24/1200898448.PDF,2217,2026-08-06,已取得法定年度报告链接
300189,2014,海南神农种业科技股份有限公司,神农种业,行业分类候选+龙头企业身份核实候选,1207233017,2014年年度报告（更新后）,神农科技,2020-01-07,https://static.cninfo.com.cn/finalpage/2020-01-07/1207233017.PDF,3665,2026-08-06,已取得法定年度报告链接
300313,2014,新疆天山畜牧生物工程股份有限公司,天山生物,行业分类候选,1200755628,2014年年度报告,天山生物,2015-03-27,https://static.cninfo.com.cn/finalpage/2015-03-28/1200755628.PDF,2666,2026-08-06,已取得法定年度报告链接
600097,2014,上海开创国际海洋资源股份有限公司,开创国际,行业分类候选,1200946634,2014年年度报告,开创国际,2015-04-29,https://static.cninfo.com.cn/finalpage/2015-04-30/1200946634.PDF,1965,2026-08-06,已取得法定年度报告链接
600108,2014,甘肃亚盛实业(集团)股份有限公司,亚盛集团,行业分类候选+龙头企业身份核实候选,1200900635,2014年年度报告,亚盛集团,2015-04-23,https://static.cninfo.com.cn/finalpage/2015-04-24/1200900635.PDF,2957,2026-08-06,已取得法定年度报告链接
600127,2014,金健米业股份有限公司,金健米业,龙头企业身份核实候选,1200806444,2014年年度报告,金健米业,2015-04-09,https://static.cninfo.com.cn/finalpage/2015-04-10/1200806444.PDF,2500,2026-08-06,已取得法定年度报告链接
600195,2014,中牧实业股份有限公司,中牧股份,龙头企业身份核实候选,1200732413,2014年年度报告,中牧股份,2015-03-23,https://static.cninfo.com.cn/finalpage/2015-03-24/1200732413.PDF,2858,2026-08-06,已取得法定年度报告链接
600211,2014,西藏诺迪康药业股份有限公司,西藏药业,龙头企业身份核实候选,1201133756,2014年年度报告(修订版),西藏药业,2015-06-10,https://static.cninfo.com.cn/finalpage/2015-06-11/1201133756.PDF,3542,2026-08-06,已取得法定年度报告链接
600251,2014,新疆冠农股份有限公司,冠农股份,龙头企业身份核实候选,1200806718,2014年年度报告,冠农股份,2015-04-09,https://static.cninfo.com.cn/finalpage/2015-04-10/1200806718.PDF,3437,2026-08-06,已取得法定年度报告链接
600257,2014,大湖健康产业股份有限公司,大湖股份,行业分类候选,1200936245,2014年年度报告,大湖股份,2015-04-28,https://static.cninfo.com.cn/finalpage/2015-04-29/1200936245.PDF,2303,2026-08-06,已取得法定年度报告链接
600265,2014,云南景谷林业股份有限公司,*ST景谷,行业分类候选,1200906399,2014年年度报告,ST景谷,2015-04-24,https://static.cninfo.com.cn/finalpage/2015-04-25/1200906399.PDF,2378,2026-08-06,已取得法定年度报告链接
600295,2014,内蒙古鄂尔多斯资源股份有限公司,鄂尔多斯,龙头企业身份核实候选,1200788371,2014年年度报告(修订版),鄂尔多斯,2015-04-03,https://static.cninfo.com.cn/finalpage/2015-04-04/1200788371.PDF,1287,2026-08-06,已取得法定年度报告链接
600300,2014,维维食品饮料股份有限公司,维维股份,龙头企业身份核实候选,1200722738,2014年年度报告,维维股份,2015-03-20,https://static.cninfo.com.cn/finalpage/2015-03-21/1200722738.PDF,4274,2026-08-06,已取得法定年度报告链接
600305,2014,江苏恒顺醋业股份有限公司,恒顺醋业,龙头企业身份核实候选,1200874128,2014年年度报告,恒顺醋业,2015-04-20,https://static.cninfo.com.cn/finalpage/2015-04-21/1200874128.PDF,2578,2026-08-06,已取得法定年度报告链接
600354,2014,甘肃省敦煌种业集团股份有限公司,敦煌种业,行业分类候选+龙头企业身份核实候选,1200720215,2014年年度报告,敦煌种业,2015-03-19,https://static.cninfo.com.cn/finalpage/2015-03-20/1200720215.PDF,1714,2026-08-06,已取得法定年度报告链接
600359,2014,新疆塔里木农业综合开发股份有限公司,新农开发,行业分类候选,1201096261,2014年年度报告（修订版）,新农开发,2015-06-02,https://static.cninfo.com.cn/finalpage/2015-06-03/1201096261.PDF,2636,2026-08-06,已取得法定年度报告链接
600371,2014,万向德农股份有限公司,万向德农,行业分类候选,1200812452,2014年年度报告,万向德农,2015-04-10,https://static.cninfo.com.cn/finalpage/2015-04-11/1200812452.PDF,2199,2026-08-06,已取得法定年度报告链接
600429,2014,北京三元食品股份有限公司,三元股份,龙头企业身份核实候选,1200935227,2014年年度报告,三元股份,2015-04-28,https://static.cninfo.com.cn/finalpage/2015-04-29/1200935227.PDF,3012,2026-08-06,已取得法定年度报告链接
600438,2014,通威股份有限公司,通威股份,龙头企业身份核实候选,1200766033,2014年年度报告,通威股份,2015-03-30,https://static.cninfo.com.cn/finalpage/2015-03-31/1200766033.PDF,3746,2026-08-06,已取得法定年度报告链接
600467,2014,山东好当家海洋发展股份有限公司,好当家,行业分类候选+龙头企业身份核实候选,1200906321,2014年年度报告,好当家,2015-04-24,https://static.cninfo.com.cn/finalpage/2015-04-25/1200906321.PDF,2439,2026-08-06,已取得法定年度报告链接
600506,2014,统一低碳科技(新疆)股份有限公司,统一股份,行业分类候选,1200898900,2014年年度报告,香梨股份,2015-04-23,https://static.cninfo.com.cn/finalpage/2015-04-24/1200898900.PDF,2110,2026-08-06,已取得法定年度报告链接
600540,2014,新疆赛里木现代农业股份有限公司,新赛股份,行业分类候选,1200848995,2014年年度报告,新赛股份,2015-04-16,https://static.cninfo.com.cn/finalpage/2015-04-17/1200848995.PDF,3011,2026-08-06,已取得法定年度报告链接
600543,2014,甘肃莫高实业发展股份有限公司,*ST莫高,龙头企业身份核实候选,1200911002,2014年年度报告,莫高股份,2015-04-24,https://static.cninfo.com.cn/finalpage/2015-04-25/1200911002.PDF,2306,2026-08-06,已取得法定年度报告链接
600597,2014,光明乳业股份有限公司,光明乳业,龙头企业身份核实候选,1200756228,2014年年度报告,光明乳业,2015-03-27,https://static.cninfo.com.cn/finalpage/2015-03-28/1200756228.PDF,2752,2026-08-06,已取得法定年度报告链接
600598,2014,黑龙江北大荒农业股份有限公司,北大荒,行业分类候选,1200763582,2014年年度报告,*ST大荒,2015-03-30,https://static.cninfo.com.cn/finalpage/2015-03-31/1200763582.PDF,2663,2026-08-06,已取得法定年度报告链接
600873,2014,梅花生物科技集团股份有限公司,梅花生物,龙头企业身份核实候选,1200709950,2014年年度报告,梅花生物,2015-03-17,https://static.cninfo.com.cn/finalpage/2015-03-18/1200709950.PDF,2828,2026-08-06,已取得法定年度报告链接
600887,2014,内蒙古伊利实业集团股份有限公司,伊利股份,龙头企业身份核实候选,1200910558,2014年年度报告,伊利股份,2015-04-24,https://static.cninfo.com.cn/finalpage/2015-04-25/1200910558.PDF,2792,2026-08-06,已取得法定年度报告链接
600962,2014,国投中鲁果汁股份有限公司,国投中鲁,龙头企业身份核实候选,1200924088,2014年年度报告,国投中鲁,2015-04-27,https://static.cninfo.com.cn/finalpage/2015-04-28/1200924088.PDF,3031,2026-08-06,已取得法定年度报告链接
600965,2014,河北福成五丰食品股份有限公司,*ST福成,行业分类候选+龙头企业身份核实候选,1200757012,2014年年度报告,福成五丰,2015-03-27,https://static.cninfo.com.cn/finalpage/2015-03-28/1200757012.PDF,2452,2026-08-06,已取得法定年度报告链接
600975,2014,湖南新五丰股份有限公司,新五丰,行业分类候选+龙头企业身份核实候选,1200948765,2014年年度报告,新五丰,2015-04-29,https://static.cninfo.com.cn/finalpage/2015-04-30/1200948765.PDF,2478,2026-08-06,已取得法定年度报告链接
601118,2014,海南天然橡胶产业集团股份有限公司,海南橡胶,行业分类候选+龙头企业身份核实候选,1200834425,2014年年度报告,海南橡胶,2015-04-14,https://static.cninfo.com.cn/finalpage/2015-04-15/1200834425.PDF,3259,2026-08-06,已取得法定年度报告链接
601933,2014,永辉超市股份有限公司,永辉超市,龙头企业身份核实候选,1200947960,2014年年度报告,永辉超市,2015-04-29,https://static.cninfo.com.cn/finalpage/2015-04-30/1200947960.PDF,3677,2026-08-06,已取得法定年度报告链接
601996,2014,广西丰林木业集团股份有限公司,丰林集团,龙头企业身份核实候选,1200756272,2014年年度报告,丰林集团,2015-03-27,https://static.cninfo.com.cn/finalpage/2015-03-28/1200756272.PDF,2391,2026-08-06,已取得法定年度报告链接
000592,2015,中福海峡（平潭）发展股份有限公司,平潭发展,行业分类候选,1202227414,2015年年度报告,平潭发展,2016-04-22,https://static.cninfo.com.cn/finalpage/2016-04-23/1202227414.PDF,1072,2026-08-06,已取得法定年度报告链接
000623,2015,吉林敖东药业集团股份有限公司,吉林敖东,龙头企业身份核实候选,1202089445,2015年年度报告,吉林敖东,2016-03-28,https://static.cninfo.com.cn/finalpage/2016-03-29/1202089445.PDF,3900,2026-08-06,已取得法定年度报告链接
000663,2015,福建省永安林业(集团)股份有限公司,永安林业,龙头企业身份核实候选,1202351190,2015年年度报告（更新后）,永安林业,2016-06-01,https://static.cninfo.com.cn/finalpage/2016-06-02/1202351190.PDF,3143,2026-08-06,已取得法定年度报告链接
000713,2015,国投丰乐种业股份有限公司,国投丰乐,行业分类候选+龙头企业身份核实候选,1202363291,2015年年度报告（更新后）,丰乐种业,2016-06-12,https://static.cninfo.com.cn/finalpage/2016-06-13/1202363291.PDF,2945,2026-08-06,已取得法定年度报告链接
000735,2015,罗牛山股份有限公司,罗 牛 山,行业分类候选+龙头企业身份核实候选,1202113092,2015年年度报告,罗 牛 山,2016-03-30,https://static.cninfo.com.cn/finalpage/2016-03-31/1202113092.PDF,2933,2026-08-06,已取得法定年度报告链接
000798,2015,中水集团远洋股份有限公司,中水渔业,行业分类候选,1202268278,2015年年度报告,中水渔业,2016-04-28,https://static.cninfo.com.cn/finalpage/2016-04-29/1202268278.PDF,872,2026-08-06,已取得法定年度报告链接
000848,2015,承德露露股份公司,承德露露,龙头企业身份核实候选,1202036586,2015年年度报告,承德露露,2016-03-10,https://static.cninfo.com.cn/finalpage/2016-03-11/1202036586.PDF,665,2026-08-06,已取得法定年度报告链接
000860,2015,北京顺鑫农业股份有限公司,顺鑫农业,龙头企业身份核实候选,1202104152,2015年年度报告,顺鑫农业,2016-03-29,https://static.cninfo.com.cn/finalpage/2016-03-30/1202104152.PDF,1337,2026-08-06,已取得法定年度报告链接
000998,2015,袁隆平农业高科技股份有限公司,隆平高科,行业分类候选+龙头企业身份核实候选,1202150869,2015年年度报告,隆平高科,2016-04-07,https://static.cninfo.com.cn/finalpage/2016-04-08/1202150869.PDF,3312,2026-08-06,已取得法定年度报告链接
002041,2015,山东登海种业股份有限公司,登海种业,行业分类候选,1202467805,2015年年度报告（更新后）,登海种业,2016-07-12,https://static.cninfo.com.cn/finalpage/2016-07-13/1202467805.PDF,3295,2026-08-06,已取得法定年度报告链接
002069,2015,獐子岛集团股份有限公司,獐子岛,行业分类候选+龙头企业身份核实候选,1202284288,2015年年度报告,獐 子 岛,2016-04-29,https://static.cninfo.com.cn/finalpage/2016-04-30/1202284288.PDF,2115,2026-08-06,已取得法定年度报告链接
002086,2015,山东东方海洋科技股份有限公司,东方海洋,行业分类候选+龙头企业身份核实候选,1202185529,2015年年度报告,东方海洋,2016-04-15,https://static.cninfo.com.cn/finalpage/2016-04-16/1202185529.PDF,2342,2026-08-06,已取得法定年度报告链接
002166,2015,桂林莱茵生物科技股份有限公司,莱茵生物,龙头企业身份核实候选,1202046908,2015年年度报告,莱茵生物,2016-03-15,https://static.cninfo.com.cn/finalpage/2016-03-16/1202046908.PDF,2684,2026-08-06,已取得法定年度报告链接
002200,2015,云南交投生态科技股份有限公司,交投生态,行业分类候选,1202280087,2015年年度报告,云投生态,2016-04-29,https://static.cninfo.com.cn/finalpage/2016-04-30/1202280087.PDF,2894,2026-08-06,已取得法定年度报告链接
002216,2015,三全食品股份有限公司,三全食品,龙头企业身份核实候选,1202219859,2015年年度报告,三全食品,2016-04-21,https://static.cninfo.com.cn/finalpage/2016-04-22/1202219859.PDF,2671,2026-08-06,已取得法定年度报告链接
002234,2015,山东民和牧业股份有限公司,民和股份,行业分类候选+龙头企业身份核实候选,1202226091,2015年年度报告,民和股份,2016-04-22,https://static.cninfo.com.cn/finalpage/2016-04-23/1202226091.PDF,685,2026-08-06,已取得法定年度报告链接
002299,2015,福建圣农发展股份有限公司,圣农发展,行业分类候选,1202227356,2015年年度报告,圣农发展,2016-04-24,https://static.cninfo.com.cn/finalpage/2016-04-25/1202227356.PDF,3056,2026-08-06,已取得法定年度报告链接
002311,2015,广东海大集团股份有限公司,海大集团,龙头企业身份核实候选,1202088399,2015年年度报告,海大集团,2016-03-28,https://static.cninfo.com.cn/finalpage/2016-03-29/1202088399.PDF,3797,2026-08-06,已取得法定年度报告链接
002321,2015,河南华英农业发展股份有限公司,华英农业,行业分类候选+龙头企业身份核实候选,1202150635,2015年年度报告,华英农业,2016-04-07,https://static.cninfo.com.cn/finalpage/2016-04-08/1202150635.PDF,2688,2026-08-06,已取得法定年度报告链接
002385,2015,北京大北农科技集团股份有限公司,大北农,龙头企业身份核实候选,1202156231,2015年年度报告,大北农,2016-04-08,https://static.cninfo.com.cn/finalpage/2016-04-09/1202156231.PDF,7283,2026-08-06,已取得法定年度报告链接
002390,2015,贵州信邦制药股份有限公司,信邦制药,龙头企业身份核实候选,1202241859,2015年年度报告,信邦制药,2016-04-25,https://static.cninfo.com.cn/finalpage/2016-04-26/1202241859.PDF,3435,2026-08-06,已取得法定年度报告链接
002424,2015,贵州百灵企业集团制药股份有限公司,ST百灵,龙头企业身份核实候选,1202370417,2015年年度报告（更新后）,贵州百灵,2016-06-15,https://static.cninfo.com.cn/finalpage/2016-06-16/1202370417.PDF,2352,2026-08-06,已取得法定年度报告链接
002431,2015,棕榈生态城镇发展股份有限公司,ST棕榈,龙头企业身份核实候选,1202111614,2015年年度报告,棕榈园林,2016-03-30,https://static.cninfo.com.cn/finalpage/2016-03-31/1202111614.PDF,3383,2026-08-06,已取得法定年度报告链接
002447,2015,大连壹桥海参股份有限公司,,行业分类候选,1202178469,2015年年度报告,壹桥海参,2016-04-14,https://static.cninfo.com.cn/finalpage/2016-04-15/1202178469.PDF,806,2026-08-06,已取得法定年度报告链接
002458,2015,山东益生种畜禽股份有限公司,益生股份,行业分类候选+龙头企业身份核实候选,1202240523,2015年年度报告,益生股份,2016-04-25,https://static.cninfo.com.cn/finalpage/2016-04-26/1202240523.PDF,2842,2026-08-06,已取得法定年度报告链接
002477,2015,雏鹰农牧集团股份有限公司,,行业分类候选,1202217863,2015年年度报告,雏鹰农牧,2016-04-21,https://static.cninfo.com.cn/finalpage/2016-04-22/1202217863.PDF,3437,2026-08-06,已取得法定年度报告链接
002505,2015,湖南大康牧业股份有限公司,,行业分类候选,1202245398,2015年年度报告,大康牧业,2016-04-25,https://static.cninfo.com.cn/finalpage/2016-04-26/1202245398.PDF,3994,2026-08-06,已取得法定年度报告链接
002507,2015,重庆市涪陵榨菜集团股份有限公司,涪陵榨菜,龙头企业身份核实候选,1202111613,2015年年度报告,涪陵榨菜,2016-03-30,https://static.cninfo.com.cn/finalpage/2016-03-31/1202111613.PDF,2357,2026-08-06,已取得法定年度报告链接
002566,2015,吉林省集安益盛药业股份有限公司,益盛药业,龙头企业身份核实候选,1202151010,2015年年度报告,益盛药业,2016-04-07,https://static.cninfo.com.cn/finalpage/2016-04-08/1202151010.PDF,2315,2026-08-06,已取得法定年度报告链接
002567,2015,唐人神集团股份有限公司,唐人神,龙头企业身份核实候选,1202266032,2015年年度报告,唐人神,2016-04-28,https://static.cninfo.com.cn/finalpage/2016-04-29/1202266032.PDF,5251,2026-08-06,已取得法定年度报告链接
002582,2015,好想你健康食品股份有限公司,好想你,龙头企业身份核实候选,1202212536,2015年年度报告,好想你,2016-04-20,https://static.cninfo.com.cn/finalpage/2016-04-21/1202212536.PDF,2902,2026-08-06,已取得法定年度报告链接
002650,2015,加加食品集团股份有限公司,ST加加,龙头企业身份核实候选,1202217500,2015年年度报告,加加食品,2016-04-21,https://static.cninfo.com.cn/finalpage/2016-04-22/1202217500.PDF,2977,2026-08-06,已取得法定年度报告链接
002679,2015,福建金森林业股份有限公司,福建金森,行业分类候选,1202230093,2015年年度报告,福建金森,2016-04-22,https://static.cninfo.com.cn/finalpage/2016-04-23/1202230093.PDF,2452,2026-08-06,已取得法定年度报告链接
002688,2015,金河生物科技股份有限公司,金河生物,龙头企业身份核实候选,1202178993,2015年年度报告,金河生物,2016-04-14,https://static.cninfo.com.cn/finalpage/2016-04-15/1202178993.PDF,3009,2026-08-06,已取得法定年度报告链接
002696,2015,百洋产业投资集团股份有限公司,百洋股份,行业分类候选,1202194060,2015年年度报告,百洋股份,2016-04-18,https://static.cninfo.com.cn/finalpage/2016-04-19/1202194060.PDF,3222,2026-08-06,已取得法定年度报告链接
002702,2015,海欣食品股份有限公司,海欣食品,龙头企业身份核实候选,1202210343,2015年年度报告,海欣食品,2016-04-20,https://static.cninfo.com.cn/finalpage/2016-04-21/1202210343.PDF,2874,2026-08-06,已取得法定年度报告链接
002714,2015,牧原食品集团股份有限公司,牧原股份,行业分类候选+龙头企业身份核实候选,1201997101,2015年年度报告,牧原股份,2016-02-24,https://static.cninfo.com.cn/finalpage/2016-02-25/1201997101.PDF,2935,2026-08-06,已取得法定年度报告链接
002732,2015,广东燕塘乳业股份有限公司,燕塘乳业,龙头企业身份核实候选,1201968097,2015年年度报告,燕塘乳业,2016-02-03,https://static.cninfo.com.cn/finalpage/2016-02-04/1201968097.PDF,2672,2026-08-06,已取得法定年度报告链接
002746,2015,山东仙坛集团股份有限公司,仙坛股份,行业分类候选+龙头企业身份核实候选,1202185525,2015年年度报告,仙坛股份,2016-04-15,https://static.cninfo.com.cn/finalpage/2016-04-16/1202185525.PDF,2775,2026-08-06,已取得法定年度报告链接
002772,2015,天水众兴菌业科技股份有限公司,众兴菌业,龙头企业身份核实候选,1202000483,2015年年度报告,众兴菌业,2016-02-25,https://static.cninfo.com.cn/finalpage/2016-02-26/1202000483.PDF,2990,2026-08-06,已取得法定年度报告链接
300087,2015,安徽荃银高科种业股份有限公司,ST荃银,行业分类候选,1202044825,2015年年度报告,荃银高科,2016-03-14,https://static.cninfo.com.cn/finalpage/2016-03-15/1202044825.PDF,2950,2026-08-06,已取得法定年度报告链接
300094,2015,湛江国联水产开发股份有限公司,国联水产,行业分类候选+龙头企业身份核实候选,1202243874,2015年年度报告,国联水产,2016-04-25,https://static.cninfo.com.cn/finalpage/2016-04-26/1202243874.PDF,5313,2026-08-06,已取得法定年度报告链接
300106,2015,新疆西部牧业股份有限公司,西部牧业,行业分类候选+龙头企业身份核实候选,1202226538,2015年年度报告,西部牧业,2016-04-22,https://static.cninfo.com.cn/finalpage/2016-04-23/1202226538.PDF,3305,2026-08-06,已取得法定年度报告链接
300138,2015,晨光生物科技集团股份有限公司,晨光生物,龙头企业身份核实候选,1202089823,2015年年度报告,晨光生物,2016-03-28,https://static.cninfo.com.cn/finalpage/2016-03-29/1202089823.PDF,3971,2026-08-06,已取得法定年度报告链接
300143,2015,盈康生命科技股份有限公司,盈康生命,行业分类候选,1202048392,2015年年度报告,星河生物,2016-03-15,https://static.cninfo.com.cn/finalpage/2016-03-16/1202048392.PDF,2590,2026-08-06,已取得法定年度报告链接
300189,2015,海南神农种业科技股份有限公司,神农种业,行业分类候选+龙头企业身份核实候选,1207233016,2015年年度报告（更新后）,神农科技,2020-01-07,https://static.cninfo.com.cn/finalpage/2020-01-07/1207233016.PDF,3443,2026-08-06,已取得法定年度报告链接
300313,2015,新疆天山畜牧生物工程股份有限公司,天山生物,行业分类候选,1202205446,2015年年度报告,天山生物,2016-04-19,https://static.cninfo.com.cn/finalpage/2016-04-20/1202205446.PDF,3089,2026-08-06,已取得法定年度报告链接
300498,2015,温氏食品集团股份有限公司,温氏股份,行业分类候选+龙头企业身份核实候选,1202185591,2015年年度报告,温氏股份,2016-04-17,https://static.cninfo.com.cn/finalpage/2016-04-18/1202185591.PDF,4880,2026-08-06,已取得法定年度报告链接
600097,2015,上海开创国际海洋资源股份有限公司,开创国际,行业分类候选,1202257366,2015年年度报告,开创国际,2016-04-27,https://static.cninfo.com.cn/finalpage/2016-04-28/1202257366.PDF,2018,2026-08-06,已取得法定年度报告链接
600108,2015,甘肃亚盛实业(集团)股份有限公司,亚盛集团,行业分类候选+龙头企业身份核实候选,1202261759,2015年年度报告,亚盛集团,2016-04-27,https://static.cninfo.com.cn/finalpage/2016-04-28/1202261759.PDF,3135,2026-08-06,已取得法定年度报告链接
600127,2015,金健米业股份有限公司,金健米业,龙头企业身份核实候选,1202188515,2015年年度报告,金健米业,2016-04-15,https://static.cninfo.com.cn/finalpage/2016-04-16/1202188515.PDF,2527,2026-08-06,已取得法定年度报告链接
600195,2015,中牧实业股份有限公司,中牧股份,龙头企业身份核实候选,1202090718,2015年年度报告,中牧股份,2016-03-28,https://static.cninfo.com.cn/finalpage/2016-03-29/1202090718.PDF,2988,2026-08-06,已取得法定年度报告链接
600211,2015,西藏诺迪康药业股份有限公司,西藏药业,龙头企业身份核实候选,1202058359,2015年年度报告,西藏药业,2016-03-18,https://static.cninfo.com.cn/finalpage/2016-03-19/1202058359.PDF,2563,2026-08-06,已取得法定年度报告链接
600251,2015,新疆冠农股份有限公司,冠农股份,龙头企业身份核实候选,1202160861,2015年年度报告,冠农股份,2016-04-10,https://static.cninfo.com.cn/finalpage/2016-04-11/1202160861.PDF,3400,2026-08-06,已取得法定年度报告链接
600257,2015,大湖健康产业股份有限公司,大湖股份,行业分类候选,1202268444,2015年年度报告,大湖股份,2016-04-28,https://static.cninfo.com.cn/finalpage/2016-04-29/1202268444.PDF,2412,2026-08-06,已取得法定年度报告链接
600265,2015,云南景谷林业股份有限公司,*ST景谷,行业分类候选,1202269006,2015年年度报告,ST景谷,2016-04-28,https://static.cninfo.com.cn/finalpage/2016-04-29/1202269006.PDF,2431,2026-08-06,已取得法定年度报告链接
600295,2015,内蒙古鄂尔多斯资源股份有限公司,鄂尔多斯,龙头企业身份核实候选,1202268334,2015年年度报告,鄂尔多斯,2016-04-28,https://static.cninfo.com.cn/finalpage/2016-04-29/1202268334.PDF,4069,2026-08-06,已取得法定年度报告链接
600300,2015,维维食品饮料股份有限公司,维维股份,龙头企业身份核实候选,1202115590,2015年年度报告,维维股份,2016-03-30,https://static.cninfo.com.cn/finalpage/2016-03-31/1202115590.PDF,4316,2026-08-06,已取得法定年度报告链接
600305,2015,江苏恒顺醋业股份有限公司,恒顺醋业,龙头企业身份核实候选,1202195631,2015年年度报告,恒顺醋业,2016-04-18,https://static.cninfo.com.cn/finalpage/2016-04-19/1202195631.PDF,2393,2026-08-06,已取得法定年度报告链接
600313,2015,中农发种业集团股份有限公司,农发种业,行业分类候选,1202260431,2015年年度报告,农发种业,2016-04-27,https://static.cninfo.com.cn/finalpage/2016-04-28/1202260431.PDF,3022,2026-08-06,已取得法定年度报告链接
600354,2015,甘肃省敦煌种业集团股份有限公司,敦煌种业,行业分类候选+龙头企业身份核实候选,1202181741,2015年年度报告,敦煌种业,2016-04-14,https://static.cninfo.com.cn/finalpage/2016-04-15/1202181741.PDF,3008,2026-08-06,已取得法定年度报告链接
600359,2015,新疆塔里木农业综合开发股份有限公司,新农开发,行业分类候选,1202353960,2015年年度报告(修订版),新农开发,2016-06-02,https://static.cninfo.com.cn/finalpage/2016-06-03/1202353960.PDF,2454,2026-08-06,已取得法定年度报告链接
600371,2015,万向德农股份有限公司,万向德农,行业分类候选,1202110510,2015年年度报告,万向德农,2016-03-30,https://static.cninfo.com.cn/finalpage/2016-03-31/1202110510.PDF,2268,2026-08-06,已取得法定年度报告链接
600429,2015,北京三元食品股份有限公司,三元股份,龙头企业身份核实候选,1202248270,2015年年度报告,三元股份,2016-04-26,https://static.cninfo.com.cn/finalpage/2016-04-27/1202248270.PDF,3135,2026-08-06,已取得法定年度报告链接
600438,2015,通威股份有限公司,通威股份,龙头企业身份核实候选,1202162360,2015年年度报告,通威股份,2016-04-11,https://static.cninfo.com.cn/finalpage/2016-04-12/1202162360.PDF,3123,2026-08-06,已取得法定年度报告链接
600467,2015,山东好当家海洋发展股份有限公司,好当家,行业分类候选+龙头企业身份核实候选,1202227974,2015年年度报告,好当家,2016-04-22,https://static.cninfo.com.cn/finalpage/2016-04-23/1202227974.PDF,2386,2026-08-06,已取得法定年度报告链接
600506,2015,统一低碳科技(新疆)股份有限公司,统一股份,行业分类候选,1204926781,2015年年度报告（修订版）,香梨股份,2018-05-09,https://static.cninfo.com.cn/finalpage/2018-05-10/1204926781.PDF,2369,2026-08-06,已取得法定年度报告链接
600540,2015,新疆赛里木现代农业股份有限公司,新赛股份,行业分类候选,1202266220,2015年年度报告,新赛股份,2016-04-28,https://static.cninfo.com.cn/finalpage/2016-04-29/1202266220.PDF,2970,2026-08-06,已取得法定年度报告链接
600543,2015,甘肃莫高实业发展股份有限公司,*ST莫高,龙头企业身份核实候选,1202229310,2015年年度报告,莫高股份,2016-04-22,https://static.cninfo.com.cn/finalpage/2016-04-23/1202229310.PDF,2358,2026-08-06,已取得法定年度报告链接
600597,2015,光明乳业股份有限公司,光明乳业,龙头企业身份核实候选,1202197697,2015年年度报告,光明乳业,2016-04-18,https://static.cninfo.com.cn/finalpage/2016-04-19/1202197697.PDF,2800,2026-08-06,已取得法定年度报告链接
600598,2015,黑龙江北大荒农业股份有限公司,北大荒,行业分类候选,1202064999,2015年年度报告,北大荒,2016-03-21,https://static.cninfo.com.cn/finalpage/2016-03-22/1202064999.PDF,2446,2026-08-06,已取得法定年度报告链接
600873,2015,梅花生物科技集团股份有限公司,梅花生物,龙头企业身份核实候选,1202007489,2015年年度报告,梅花生物,2016-02-29,https://static.cninfo.com.cn/finalpage/2016-03-01/1202007489.PDF,3190,2026-08-06,已取得法定年度报告链接
600887,2015,内蒙古伊利实业集团股份有限公司,伊利股份,龙头企业身份核实候选,1202115372,2015年年度报告,伊利股份,2016-03-30,https://static.cninfo.com.cn/finalpage/2016-03-31/1202115372.PDF,2569,2026-08-06,已取得法定年度报告链接
600962,2015,国投中鲁果汁股份有限公司,国投中鲁,龙头企业身份核实候选,1202094810,2015年年度报告,*ST中鲁,2016-03-28,https://static.cninfo.com.cn/finalpage/2016-03-29/1202094810.PDF,2176,2026-08-06,已取得法定年度报告链接
600965,2015,河北福成五丰食品股份有限公司,*ST福成,行业分类候选+龙头企业身份核实候选,1202067555,2015年年度报告,福成五丰,2016-03-22,https://static.cninfo.com.cn/finalpage/2016-03-23/1202067555.PDF,2647,2026-08-06,已取得法定年度报告链接
600975,2015,湖南新五丰股份有限公司,新五丰,行业分类候选+龙头企业身份核实候选,1202229848,2015年年度报告,新五丰,2016-04-22,https://static.cninfo.com.cn/finalpage/2016-04-23/1202229848.PDF,2382,2026-08-06,已取得法定年度报告链接
601118,2015,海南天然橡胶产业集团股份有限公司,海南橡胶,行业分类候选+龙头企业身份核实候选,1202232032,2015年年度报告,海南橡胶,2016-04-22,https://static.cninfo.com.cn/finalpage/2016-04-23/1202232032.PDF,2999,2026-08-06,已取得法定年度报告链接
601933,2015,永辉超市股份有限公司,永辉超市,龙头企业身份核实候选,1202261876,2015年年度报告,永辉超市,2016-04-27,https://static.cninfo.com.cn/finalpage/2016-04-28/1202261876.PDF,3081,2026-08-06,已取得法定年度报告链接
601996,2015,广西丰林木业集团股份有限公司,丰林集团,龙头企业身份核实候选,1202101291,2015年年度报告,丰林集团,2016-03-29,https://static.cninfo.com.cn/finalpage/2016-03-30/1202101291.PDF,3089,2026-08-06,已取得法定年度报告链接
000592,2016,中福海峡（平潭）发展股份有限公司,平潭发展,行业分类候选,1203424015,2016年年度报告,平潭发展,2017-04-28,https://static.cninfo.com.cn/finalpage/2017-04-29/1203424015.PDF,5060,2026-08-06,已取得法定年度报告链接
000711,2016,铟靶新材（哈尔滨）股份有限公司,ST京蓝,行业分类候选,1204086085,2016年年度报告（更新后）,京蓝科技,2017-10-27,https://static.cninfo.com.cn/finalpage/2017-10-28/1204086085.PDF,2908,2026-08-06,已取得法定年度报告链接
000713,2016,国投丰乐种业股份有限公司,国投丰乐,行业分类候选,1203653421,2016年年度报告（更新后）,丰乐种业,2017-06-27,https://static.cninfo.com.cn/finalpage/2017-06-28/1203653421.PDF,3241,2026-08-06,已取得法定年度报告链接
000735,2016,罗牛山股份有限公司,罗 牛 山,行业分类候选,1203238346,2016年年度报告,罗 牛 山,2017-03-30,https://static.cninfo.com.cn/finalpage/2017-03-31/1203238346.PDF,3235,2026-08-06,已取得法定年度报告链接
000798,2016,中水集团远洋股份有限公司,中水渔业,行业分类候选,1203406664,2016年年度报告（更新后）,中水渔业,2017-04-26,https://static.cninfo.com.cn/finalpage/2017-04-27/1203406664.PDF,3820,2026-08-06,已取得法定年度报告链接
000998,2016,袁隆平农业高科技股份有限公司,隆平高科,行业分类候选,1203415549,2016年年度报告,隆平高科,2017-04-27,https://static.cninfo.com.cn/finalpage/2017-04-28/1203415549.PDF,5222,2026-08-06,已取得法定年度报告链接
002041,2016,山东登海种业股份有限公司,登海种业,行业分类候选,1203344879,2016年年度报告,登海种业,2017-04-20,https://static.cninfo.com.cn/finalpage/2017-04-21/1203344879.PDF,3232,2026-08-06,已取得法定年度报告链接
002069,2016,獐子岛集团股份有限公司,獐子岛,行业分类候选,1203181621,2016年年度报告,*ST獐岛,2017-03-20,https://static.cninfo.com.cn/finalpage/2017-03-21/1203181621.PDF,3617,2026-08-06,已取得法定年度报告链接
002086,2016,山东东方海洋科技股份有限公司,东方海洋,行业分类候选,1203251063,2016年年度报告（更新后）,东方海洋,2017-04-05,https://static.cninfo.com.cn/finalpage/2017-04-06/1203251063.PDF,2616,2026-08-06,已取得法定年度报告链接
002200,2016,云南交投生态科技股份有限公司,交投生态,行业分类候选,1203405483,2016年年度报告,云投生态,2017-04-26,https://static.cninfo.com.cn/finalpage/2017-04-27/1203405483.PDF,2793,2026-08-06,已取得法定年度报告链接
002234,2016,山东民和牧业股份有限公司,民和股份,行业分类候选,1203194868,2016年年度报告,民和股份,2017-03-24,https://static.cninfo.com.cn/finalpage/2017-03-25/1203194868.PDF,772,2026-08-06,已取得法定年度报告链接
002299,2016,福建圣农发展股份有限公司,圣农发展,行业分类候选,1203239273,2016年年度报告,圣农发展,2017-03-30,https://static.cninfo.com.cn/finalpage/2017-03-31/1203239273.PDF,2890,2026-08-06,已取得法定年度报告链接
002321,2016,河南华英农业发展股份有限公司,华英农业,行业分类候选,1203211798,2016年年度报告,华英农业,2017-03-27,https://static.cninfo.com.cn/finalpage/2017-03-28/1203211798.PDF,1114,2026-08-06,已取得法定年度报告链接
002447,2016,大连壹桥海参股份有限公司,,行业分类候选,1203410822,2016年年度报告,壹桥股份,2017-04-27,https://static.cninfo.com.cn/finalpage/2017-04-28/1203410822.PDF,2732,2026-08-06,已取得法定年度报告链接
002458,2016,山东益生种畜禽股份有限公司,益生股份,行业分类候选,1203179920,2016年年度报告,益生股份,2017-03-20,https://static.cninfo.com.cn/finalpage/2017-03-21/1203179920.PDF,2836,2026-08-06,已取得法定年度报告链接
002477,2016,雏鹰农牧集团股份有限公司,,行业分类候选,1203389401,2016年年度报告,雏鹰农牧,2017-04-25,https://static.cninfo.com.cn/finalpage/2017-04-26/1203389401.PDF,3582,2026-08-06,已取得法定年度报告链接
002505,2016,湖南大康国际农业食品股份有限公司,,行业分类候选,1203602818,2016年年度报告（更新后）,大康农业,2017-06-08,https://static.cninfo.com.cn/finalpage/2017-06-09/1203602818.PDF,4376,2026-08-06,已取得法定年度报告链接
002679,2016,福建金森林业股份有限公司,福建金森,行业分类候选,1203388813,2016年年度报告,福建金森,2017-04-25,https://static.cninfo.com.cn/finalpage/2017-04-26/1203388813.PDF,2362,2026-08-06,已取得法定年度报告链接
002696,2016,百洋产业投资集团股份有限公司,百洋股份,行业分类候选,1203153613,2016年年度报告,百洋股份,2017-03-13,https://static.cninfo.com.cn/finalpage/2017-03-14/1203153613.PDF,3025,2026-08-06,已取得法定年度报告链接
002714,2016,牧原食品集团股份有限公司,牧原股份,行业分类候选,1203388322,2016年年度报告,牧原股份,2017-04-25,https://static.cninfo.com.cn/finalpage/2017-04-26/1203388322.PDF,2994,2026-08-06,已取得法定年度报告链接
002746,2016,山东仙坛集团股份有限公司,仙坛股份,行业分类候选,1203410675,2016年年度报告,仙坛股份,2017-04-27,https://static.cninfo.com.cn/finalpage/2017-04-28/1203410675.PDF,3021,2026-08-06,已取得法定年度报告链接
002772,2016,天水众兴菌业科技股份有限公司,众兴菌业,行业分类候选,1203112266,2016年年度报告,众兴菌业,2017-02-27,https://static.cninfo.com.cn/finalpage/2017-02-28/1203112266.PDF,3433,2026-08-06,已取得法定年度报告链接
300087,2016,安徽荃银高科种业股份有限公司,ST荃银,行业分类候选,1203263906,2016年年度报告,荃银高科,2017-04-07,https://static.cninfo.com.cn/finalpage/2017-04-08/1203263906.PDF,3294,2026-08-06,已取得法定年度报告链接
300094,2016,湛江国联水产开发股份有限公司,国联水产,行业分类候选,1203387190,2016年年度报告,国联水产,2017-04-25,https://static.cninfo.com.cn/finalpage/2017-04-26/1203387190.PDF,5293,2026-08-06,已取得法定年度报告链接
300106,2016,新疆西部牧业股份有限公司,西部牧业,行业分类候选,1203415012,2016年年度报告,西部牧业,2017-04-27,https://static.cninfo.com.cn/finalpage/2017-04-28/1203415012.PDF,3394,2026-08-06,已取得法定年度报告链接
300143,2016,盈康生命科技股份有限公司,盈康生命,行业分类候选,1203259229,2016年年度报告,星河生物,2017-04-06,https://static.cninfo.com.cn/finalpage/2017-04-07/1203259229.PDF,2829,2026-08-06,已取得法定年度报告链接
300189,2016,海南神农种业科技股份有限公司,神农种业,行业分类候选,1207233014,2016年年度报告（更新后）,神农科技,2020-01-07,https://static.cninfo.com.cn/finalpage/2020-01-07/1207233014.PDF,3375,2026-08-06,已取得法定年度报告链接
300313,2016,新疆天山畜牧生物工程股份有限公司,天山生物,行业分类候选,1203226226,2016年年度报告,天山生物,2017-03-29,https://static.cninfo.com.cn/finalpage/2017-03-30/1203226226.PDF,3445,2026-08-06,已取得法定年度报告链接
300498,2016,温氏食品集团股份有限公司,温氏股份,行业分类候选,1203258370,2016年年度报告,温氏股份,2017-04-06,https://static.cninfo.com.cn/finalpage/2017-04-07/1203258370.PDF,4872,2026-08-06,已取得法定年度报告链接
300511,2016,上海雪榕生物科技股份有限公司,雪榕生物,行业分类候选,1203155463,2016年年度报告,雪榕生物,2017-03-13,https://static.cninfo.com.cn/finalpage/2017-03-14/1203155463.PDF,3115,2026-08-06,已取得法定年度报告链接
600097,2016,上海开创国际海洋资源股份有限公司,开创国际,行业分类候选,1203332148,2016年年度报告,开创国际,2017-04-19,https://static.cninfo.com.cn/finalpage/2017-04-20/1203332148.PDF,2255,2026-08-06,已取得法定年度报告链接
600108,2016,甘肃亚盛实业(集团)股份有限公司,亚盛集团,行业分类候选,1203411242,2016年年度报告,亚盛集团,2017-04-27,https://static.cninfo.com.cn/finalpage/2017-04-28/1203411242.PDF,2879,2026-08-06,已取得法定年度报告链接
600257,2016,大湖健康产业股份有限公司,大湖股份,行业分类候选,1203417570,2016年年度报告,大湖股份,2017-04-27,https://static.cninfo.com.cn/finalpage/2017-04-28/1203417570.PDF,2629,2026-08-06,已取得法定年度报告链接
600265,2016,云南景谷林业股份有限公司,*ST景谷,行业分类候选,1203051940,2016年年度报告,*ST景谷,2017-01-24,https://static.cninfo.com.cn/finalpage/2017-01-25/1203051940.PDF,2444,2026-08-06,已取得法定年度报告链接
600313,2016,中农发种业集团股份有限公司,农发种业,行业分类候选,1203470537,2016年年度报告,农发种业,2017-05-02,https://static.cninfo.com.cn/finalpage/2017-05-03/1203470537.PDF,3288,2026-08-06,已取得法定年度报告链接
600354,2016,甘肃省敦煌种业集团股份有限公司,敦煌种业,行业分类候选,1203417719,2016年年度报告,敦煌种业,2017-04-27,https://static.cninfo.com.cn/finalpage/2017-04-28/1203417719.PDF,2778,2026-08-06,已取得法定年度报告链接
600359,2016,新疆塔里木农业综合开发股份有限公司,新农开发,行业分类候选,1203408447,2016年年度报告,新农开发,2017-04-26,https://static.cninfo.com.cn/finalpage/2017-04-27/1203408447.PDF,2552,2026-08-06,已取得法定年度报告链接
600371,2016,万向德农股份有限公司,万向德农,行业分类候选,1203372878,2016年年度报告(修订版),万向德农,2017-04-24,https://static.cninfo.com.cn/finalpage/2017-04-25/1203372878.PDF,2200,2026-08-06,已取得法定年度报告链接
600467,2016,山东好当家海洋发展股份有限公司,好当家,行业分类候选,1203554147,2016年年度报告,好当家,2017-05-22,https://static.cninfo.com.cn/finalpage/2017-05-23/1203554147.PDF,2444,2026-08-06,已取得法定年度报告链接
600506,2016,统一低碳科技(新疆)股份有限公司,统一股份,行业分类候选,1204926780,2016年年度报告（修订版）,香梨股份,2018-05-09,https://static.cninfo.com.cn/finalpage/2018-05-10/1204926780.PDF,2459,2026-08-06,已取得法定年度报告链接
600540,2016,新疆赛里木现代农业股份有限公司,新赛股份,行业分类候选,1203589810,2016年年度报告（修订版）,*ST新赛,2017-06-05,https://static.cninfo.com.cn/finalpage/2017-06-06/1203589810.PDF,2755,2026-08-06,已取得法定年度报告链接
600598,2016,黑龙江北大荒农业股份有限公司,北大荒,行业分类候选,1203209010,2016年年度报告,北大荒,2017-03-27,https://static.cninfo.com.cn/finalpage/2017-03-28/1203209010.PDF,3358,2026-08-06,已取得法定年度报告链接
600965,2016,河北福成五丰食品股份有限公司,*ST福成,行业分类候选,1203187948,2016年年度报告,福成股份,2017-03-22,https://static.cninfo.com.cn/finalpage/2017-03-23/1203187948.PDF,2666,2026-08-06,已取得法定年度报告链接
600975,2016,湖南新五丰股份有限公司,新五丰,行业分类候选,1203416866,2016年年度报告,新五丰,2017-04-27,https://static.cninfo.com.cn/finalpage/2017-04-28/1203416866.PDF,2679,2026-08-06,已取得法定年度报告链接
601118,2016,海南天然橡胶产业集团股份有限公司,海南橡胶,行业分类候选,1203291103,2016年年度报告,海南橡胶,2017-04-12,https://static.cninfo.com.cn/finalpage/2017-04-13/1203291103.PDF,2898,2026-08-06,已取得法定年度报告链接
000592,2017,中福海峡（平潭）发展股份有限公司,平潭发展,行业分类候选,1204821768,2017年年度报告,平潭发展,2018-04-27,https://static.cninfo.com.cn/finalpage/2018-04-28/1204821768.PDF,5272,2026-08-06,已取得法定年度报告链接
000713,2017,国投丰乐种业股份有限公司,国投丰乐,行业分类候选,1205063462,2017年年度报告（更新后）,丰乐种业,2018-06-15,https://static.cninfo.com.cn/finalpage/2018-06-16/1205063462.PDF,3071,2026-08-06,已取得法定年度报告链接
000735,2017,罗牛山股份有限公司,罗 牛 山,行业分类候选,1204822803,2017年年度报告（更新后）,罗 牛 山,2018-04-27,https://static.cninfo.com.cn/finalpage/2018-04-28/1204822803.PDF,3415,2026-08-06,已取得法定年度报告链接
000798,2017,中水集团远洋股份有限公司,中水渔业,行业分类候选,1206443995,2017年年度报告（更新后）,中水渔业,2019-07-12,https://static.cninfo.com.cn/finalpage/2019-07-13/1206443995.PDF,3874,2026-08-06,已取得法定年度报告链接
000998,2017,袁隆平农业高科技股份有限公司,隆平高科,行业分类候选,1205065798,2017年年度报告（更新后）,隆平高科,2018-06-19,https://static.cninfo.com.cn/finalpage/2018-06-19/1205065798.PDF,3684,2026-08-06,已取得法定年度报告链接
002041,2017,山东登海种业股份有限公司,登海种业,行业分类候选,1204668180,2017年年度报告,登海种业,2018-04-19,https://static.cninfo.com.cn/finalpage/2018-04-20/1204668180.PDF,2655,2026-08-06,已取得法定年度报告链接
002069,2017,獐子岛集团股份有限公司,獐子岛,行业分类候选,1204829160,2017年年度报告,獐子岛,2018-04-27,https://static.cninfo.com.cn/finalpage/2018-04-28/1204829160.PDF,2205,2026-08-06,已取得法定年度报告链接
002086,2017,山东东方海洋科技股份有限公司,东方海洋,行业分类候选,1204979376,2017年年度报告（更新后）,东方海洋,2018-05-21,https://static.cninfo.com.cn/finalpage/2018-05-22/1204979376.PDF,2630,2026-08-06,已取得法定年度报告链接
002200,2017,云南交投生态科技股份有限公司,交投生态,行业分类候选,1206090415,2017年年度报告（更新后）,云投生态,2019-04-24,https://static.cninfo.com.cn/finalpage/2019-04-25/1206090415.PDF,3038,2026-08-06,已取得法定年度报告链接
002234,2017,山东民和牧业股份有限公司,民和股份,行业分类候选,1204800904,2017年年度报告,民和股份,2018-04-26,https://static.cninfo.com.cn/finalpage/2018-04-27/1204800904.PDF,2234,2026-08-06,已取得法定年度报告链接
002299,2017,福建圣农发展股份有限公司,圣农发展,行业分类候选,1204675125,2017年年度报告,圣农发展,2018-04-22,https://static.cninfo.com.cn/finalpage/2018-04-23/1204675125.PDF,3485,2026-08-06,已取得法定年度报告链接
002321,2017,河南华英农业发展股份有限公司,华英农业,行业分类候选,1205007124,2017年年度报告（更新后）,华英农业,2018-05-25,https://static.cninfo.com.cn/finalpage/2018-05-26/1205007124.PDF,3080,2026-08-06,已取得法定年度报告链接
002458,2017,山东益生种畜禽股份有限公司,益生股份,行业分类候选,1204801962,2017年年度报告,益生股份,2018-04-26,https://static.cninfo.com.cn/finalpage/2018-04-27/1204801962.PDF,2796,2026-08-06,已取得法定年度报告链接
002477,2017,雏鹰农牧集团股份有限公司,,行业分类候选,1205100412,2017年年度报告（更新后）,雏鹰农牧,2018-06-27,https://static.cninfo.com.cn/finalpage/2018-06-28/1205100412.PDF,3994,2026-08-06,已取得法定年度报告链接
002505,2017,湖南大康国际农业食品股份有限公司,,行业分类候选,1205058656,2017年年度报告（更新后）,大康农业,2018-06-13,https://static.cninfo.com.cn/finalpage/2018-06-14/1205058656.PDF,3911,2026-08-06,已取得法定年度报告链接
002679,2017,福建金森林业股份有限公司,福建金森,行业分类候选,1204806149,2017年年度报告,福建金森,2018-04-26,https://static.cninfo.com.cn/finalpage/2018-04-27/1204806149.PDF,2344,2026-08-06,已取得法定年度报告链接
002696,2017,百洋产业投资集团股份有限公司,百洋股份,行业分类候选,1204795527,2017年年度报告,百洋股份,2018-04-25,https://static.cninfo.com.cn/finalpage/2018-04-26/1204795527.PDF,2982,2026-08-06,已取得法定年度报告链接
002714,2017,牧原食品集团股份有限公司,牧原股份,行业分类候选,1204411631,2017年年度报告,牧原股份,2018-02-09,https://static.cninfo.com.cn/finalpage/2018-02-10/1204411631.PDF,3412,2026-08-06,已取得法定年度报告链接
002746,2017,山东仙坛集团股份有限公司,仙坛股份,行业分类候选,1204695928,2017年年度报告,仙坛股份,2018-04-23,https://static.cninfo.com.cn/finalpage/2018-04-24/1204695928.PDF,2822,2026-08-06,已取得法定年度报告链接
002772,2017,天水众兴菌业科技股份有限公司,众兴菌业,行业分类候选,1204511292,2017年年度报告,众兴菌业,2018-03-23,https://static.cninfo.com.cn/finalpage/2018-03-24/1204511292.PDF,3783,2026-08-06,已取得法定年度报告链接
300087,2017,安徽荃银高科种业股份有限公司,ST荃银,行业分类候选,1204586469,2017年年度报告,荃银高科,2018-04-03,https://static.cninfo.com.cn/finalpage/2018-04-04/1204586469.PDF,3594,2026-08-06,已取得法定年度报告链接
300094,2017,湛江国联水产开发股份有限公司,国联水产,行业分类候选,1204802544,2017年年度报告,国联水产,2018-04-26,https://static.cninfo.com.cn/finalpage/2018-04-27/1204802544.PDF,4304,2026-08-06,已取得法定年度报告链接
300106,2017,新疆西部牧业股份有限公司,西部牧业,行业分类候选,1204576294,2017年年度报告,西部牧业,2018-04-02,https://static.cninfo.com.cn/finalpage/2018-04-03/1204576294.PDF,3155,2026-08-06,已取得法定年度报告链接
300189,2017,海南神农种业科技股份有限公司,神农种业,行业分类候选,1207233013,2017年年度报告（更新后）,神农科技,2020-01-07,https://static.cninfo.com.cn/finalpage/2020-01-07/1207233013.PDF,3682,2026-08-06,已取得法定年度报告链接
300313,2017,新疆天山畜牧生物工程股份有限公司,天山生物,行业分类候选,1204470167,2017年年度报告,天山生物,2018-03-12,https://static.cninfo.com.cn/finalpage/2018-03-13/1204470167.PDF,3564,2026-08-06,已取得法定年度报告链接
300498,2017,温氏食品集团股份有限公司,温氏股份,行业分类候选,1204596930,2017年年度报告,温氏股份,2018-04-09,https://static.cninfo.com.cn/finalpage/2018-04-10/1204596930.PDF,5024,2026-08-06,已取得法定年度报告链接
300511,2017,上海雪榕生物科技股份有限公司,雪榕生物,行业分类候选,1205028653,2017年年度报告（更新后）,雪榕生物,2018-06-01,https://static.cninfo.com.cn/finalpage/2018-06-01/1205028653.PDF,3210,2026-08-06,已取得法定年度报告链接
600097,2017,上海开创国际海洋资源股份有限公司,开创国际,行业分类候选,1204663829,2017年年度报告,开创国际,2018-04-19,https://static.cninfo.com.cn/finalpage/2018-04-20/1204663829.PDF,2479,2026-08-06,已取得法定年度报告链接
600108,2017,甘肃亚盛实业(集团)股份有限公司,亚盛集团,行业分类候选,1204666987,2017年年度报告,亚盛集团,2018-04-19,https://static.cninfo.com.cn/finalpage/2018-04-20/1204666987.PDF,2691,2026-08-06,已取得法定年度报告链接
600257,2017,大湖健康产业股份有限公司,大湖股份,行业分类候选,1204821710,2017年年度报告,大湖股份,2018-04-27,https://static.cninfo.com.cn/finalpage/2018-04-28/1204821710.PDF,2559,2026-08-06,已取得法定年度报告链接
600265,2017,云南景谷林业股份有限公司,*ST景谷,行业分类候选,1204513763,2017年年度报告,ST景谷,2018-03-23,https://static.cninfo.com.cn/finalpage/2018-03-24/1204513763.PDF,2376,2026-08-06,已取得法定年度报告链接
600313,2017,中农发种业集团股份有限公司,农发种业,行业分类候选,1204805337,2017年年度报告,农发种业,2018-04-26,https://static.cninfo.com.cn/finalpage/2018-04-27/1204805337.PDF,3161,2026-08-06,已取得法定年度报告链接
600354,2017,甘肃省敦煌种业集团股份有限公司,敦煌种业,行业分类候选,1204808308,2017年年度报告,敦煌种业,2018-04-26,https://static.cninfo.com.cn/finalpage/2018-04-27/1204808308.PDF,2990,2026-08-06,已取得法定年度报告链接
600359,2017,新疆塔里木农业综合开发股份有限公司,新农开发,行业分类候选,1204639100,2017年年度报告,新农开发,2018-04-16,https://static.cninfo.com.cn/finalpage/2018-04-17/1204639100.PDF,2603,2026-08-06,已取得法定年度报告链接
600371,2017,万向德农股份有限公司,万向德农,行业分类候选,1204673558,2017年年度报告,万向德农,2018-04-20,https://static.cninfo.com.cn/finalpage/2018-04-21/1204673558.PDF,2155,2026-08-06,已取得法定年度报告链接
600467,2017,山东好当家海洋发展股份有限公司,好当家,行业分类候选,1204932440,2017年年度报告（更新后）,好当家,2018-05-11,https://static.cninfo.com.cn/finalpage/2018-05-12/1204932440.PDF,2572,2026-08-06,已取得法定年度报告链接
600506,2017,统一低碳科技(新疆)股份有限公司,统一股份,行业分类候选,1204600387,2017年年度报告,香梨股份,2018-04-10,https://static.cninfo.com.cn/finalpage/2018-04-11/1204600387.PDF,1904,2026-08-06,已取得法定年度报告链接
600540,2017,新疆赛里木现代农业股份有限公司,新赛股份,行业分类候选,1204910340,2017年年度报告（修订版）,新赛股份,2018-05-04,https://static.cninfo.com.cn/finalpage/2018-05-05/1204910340.PDF,2928,2026-08-06,已取得法定年度报告链接
600598,2017,黑龙江北大荒农业股份有限公司,北大荒,行业分类候选,1204575674,2017年年度报告,北大荒,2018-04-02,https://static.cninfo.com.cn/finalpage/2018-04-03/1204575674.PDF,3532,2026-08-06,已取得法定年度报告链接
600965,2017,河北福成五丰食品股份有限公司,*ST福成,行业分类候选,1204524284,2017年年度报告,福成股份,2018-03-27,https://static.cninfo.com.cn/finalpage/2018-03-28/1204524284.PDF,2790,2026-08-06,已取得法定年度报告链接
600975,2017,湖南新五丰股份有限公司,新五丰,行业分类候选,1204510963,2017年年度报告,新五丰,2018-03-23,https://static.cninfo.com.cn/finalpage/2018-03-24/1204510963.PDF,2786,2026-08-06,已取得法定年度报告链接
601118,2017,海南天然橡胶产业集团股份有限公司,海南橡胶,行业分类候选,1219927686,海南橡胶2017年年度报告（2024年4月修订版）,海南橡胶,2024-04-29,https://static.cninfo.com.cn/finalpage/2024-04-30/1219927686.PDF,3697,2026-08-06,已取得法定年度报告链接
000538,2018,云南白药集团股份有限公司,云南白药,龙头企业身份核实候选,1205925083,2018年年度报告,云南白药,2019-03-21,https://static.cninfo.com.cn/finalpage/2019-03-22/1205925083.PDF,1341,2026-08-06,已取得法定年度报告链接
000568,2018,泸州老窖股份有限公司,泸州老窖,龙头企业身份核实候选,1206098272,2018年年度报告,泸州老窖,2019-04-25,https://static.cninfo.com.cn/finalpage/2019-04-26/1206098272.PDF,2750,2026-08-06,已取得法定年度报告链接
000592,2018,中福海峡（平潭）发展股份有限公司,平潭发展,行业分类候选,1206159441,2018年年度报告,平潭发展,2019-04-29,https://static.cninfo.com.cn/finalpage/2019-04-30/1206159441.PDF,1181,2026-08-06,已取得法定年度报告链接
000623,2018,吉林敖东药业集团股份有限公司,吉林敖东,龙头企业身份核实候选,1205988879,2018年年度报告,吉林敖东,2019-04-02,https://static.cninfo.com.cn/finalpage/2019-04-03/1205988879.PDF,4256,2026-08-06,已取得法定年度报告链接
000663,2018,福建省永安林业(集团)股份有限公司,永安林业,龙头企业身份核实候选,1206354927,2018年年度报告（更新后）,永安林业,2019-06-14,https://static.cninfo.com.cn/finalpage/2019-06-15/1206354927.PDF,3454,2026-08-06,已取得法定年度报告链接
000713,2018,国投丰乐种业股份有限公司,国投丰乐,行业分类候选+龙头企业身份核实候选,1206046289,2018年年度报告,丰乐种业,2019-04-17,https://static.cninfo.com.cn/finalpage/2019-04-18/1206046289.PDF,3404,2026-08-06,已取得法定年度报告链接
000735,2018,罗牛山股份有限公司,罗 牛 山,行业分类候选+龙头企业身份核实候选,1206088844,2018年年度报告,罗 牛 山,2019-04-24,https://static.cninfo.com.cn/finalpage/2019-04-25/1206088844.PDF,3364,2026-08-06,已取得法定年度报告链接
000798,2018,中水集团远洋股份有限公司,中水渔业,行业分类候选,1206443996,2018年年度报告（更新后）,中水渔业,2019-07-12,https://static.cninfo.com.cn/finalpage/2019-07-13/1206443996.PDF,3722,2026-08-06,已取得法定年度报告链接
000848,2018,承德露露股份公司,承德露露,龙头企业身份核实候选,1205903161,2018年年度报告,承德露露,2019-03-15,https://static.cninfo.com.cn/finalpage/2019-03-16/1205903161.PDF,1434,2026-08-06,已取得法定年度报告链接
000860,2018,北京顺鑫农业股份有限公司,顺鑫农业,龙头企业身份核实候选,1205930624,2018年年度报告（更新后）,顺鑫农业,2019-03-22,https://static.cninfo.com.cn/finalpage/2019-03-23/1205930624.PDF,4144,2026-08-06,已取得法定年度报告链接
000910,2018,大亚圣象家居股份有限公司,大亚圣象,龙头企业身份核实候选,1205916870,2018年年度报告,大亚圣象,2019-03-19,https://static.cninfo.com.cn/finalpage/2019-03-20/1205916870.PDF,988,2026-08-06,已取得法定年度报告链接
000998,2018,袁隆平农业高科技股份有限公司,隆平高科,行业分类候选+龙头企业身份核实候选,1209869906,2018年年度报告全文（修订版）,隆平高科,2021-04-29,https://static.cninfo.com.cn/finalpage/2021-04-30/1209869906.PDF,4197,2026-08-06,已取得法定年度报告链接
002041,2018,山东登海种业股份有限公司,登海种业,行业分类候选,1205925542,2018年年度报告,登海种业,2019-03-21,https://static.cninfo.com.cn/finalpage/2019-03-22/1205925542.PDF,2521,2026-08-06,已取得法定年度报告链接
002069,2018,獐子岛集团股份有限公司,獐子岛,行业分类候选+龙头企业身份核实候选,1206124435,2018年年度报告,獐子岛,2019-04-26,https://static.cninfo.com.cn/finalpage/2019-04-27/1206124435.PDF,2049,2026-08-06,已取得法定年度报告链接
002086,2018,山东东方海洋科技股份有限公司,东方海洋,行业分类候选+龙头企业身份核实候选,1206341478,2018年年度报告（更新后）,ST东海洋,2019-06-06,https://static.cninfo.com.cn/finalpage/2019-06-07/1206341478.PDF,2686,2026-08-06,已取得法定年度报告链接
002100,2018,天康生物股份有限公司,天康生物,龙头企业身份核实候选,1206106510,2018年年度报告,天康生物,2019-04-25,https://static.cninfo.com.cn/finalpage/2019-04-26/1206106510.PDF,3496,2026-08-06,已取得法定年度报告链接
002124,2018,天邦食品股份有限公司,天邦食品,龙头企业身份核实候选,1206080362,2018年年度报告,天邦股份,2019-04-23,https://static.cninfo.com.cn/finalpage/2019-04-24/1206080362.PDF,4627,2026-08-06,已取得法定年度报告链接
002166,2018,桂林莱茵生物科技股份有限公司,莱茵生物,龙头企业身份核实候选,1206059124,2018年年度报告,莱茵生物,2019-04-19,https://static.cninfo.com.cn/finalpage/2019-04-20/1206059124.PDF,2655,2026-08-06,已取得法定年度报告链接
002200,2018,云南交投生态科技股份有限公司,交投生态,行业分类候选,1206090431,2018年年度报告,云投生态,2019-04-24,https://static.cninfo.com.cn/finalpage/2019-04-25/1206090431.PDF,3103,2026-08-06,已取得法定年度报告链接
002216,2018,三全食品股份有限公司,三全食品,龙头企业身份核实候选,1206004241,2018年年度报告,三全食品,2019-04-09,https://static.cninfo.com.cn/finalpage/2019-04-10/1206004241.PDF,2860,2026-08-06,已取得法定年度报告链接
002234,2018,山东民和牧业股份有限公司,民和股份,行业分类候选+龙头企业身份核实候选,1205852140,2018年年度报告,民和股份,2019-02-26,https://static.cninfo.com.cn/finalpage/2019-02-27/1205852140.PDF,2375,2026-08-06,已取得法定年度报告链接
002286,2018,保龄宝生物股份有限公司,保龄宝,龙头企业身份核实候选,1206162746,2018年年度报告,保龄宝,2019-04-29,https://static.cninfo.com.cn/finalpage/2019-04-30/1206162746.PDF,2997,2026-08-06,已取得法定年度报告链接
002299,2018,福建圣农发展股份有限公司,圣农发展,行业分类候选,1205941353,2018年年度报告,圣农发展,2019-03-26,https://static.cninfo.com.cn/finalpage/2019-03-27/1205941353.PDF,3476,2026-08-06,已取得法定年度报告链接
002311,2018,广东海大集团股份有限公司,海大集团,龙头企业身份核实候选,1206019144,2018年年度报告,海大集团,2019-04-15,https://static.cninfo.com.cn/finalpage/2019-04-16/1206019144.PDF,3979,2026-08-06,已取得法定年度报告链接
002321,2018,河南华英农业发展股份有限公司,华英农业,行业分类候选+龙头企业身份核实候选,1206042127,2018年年度报告,华英农业,2019-04-16,https://static.cninfo.com.cn/finalpage/2019-04-17/1206042127.PDF,1189,2026-08-06,已取得法定年度报告链接
002329,2018,皇氏集团股份有限公司,皇氏集团,龙头企业身份核实候选,1206103027,2018年年度报告,皇氏集团,2019-04-25,https://static.cninfo.com.cn/finalpage/2019-04-26/1206103027.PDF,2076,2026-08-06,已取得法定年度报告链接
002385,2018,北京大北农科技集团股份有限公司,大北农,龙头企业身份核实候选,1206079715,2018年年度报告,大北农,2019-04-23,https://static.cninfo.com.cn/finalpage/2019-04-24/1206079715.PDF,8660,2026-08-06,已取得法定年度报告链接
002390,2018,贵州信邦制药股份有限公司,信邦制药,龙头企业身份核实候选,1206121746,2018年年度报告,信邦制药,2019-04-28,https://static.cninfo.com.cn/finalpage/2019-04-29/1206121746.PDF,3916,2026-08-06,已取得法定年度报告链接
002424,2018,贵州百灵企业集团制药股份有限公司,ST百灵,龙头企业身份核实候选,1206080221,2018年年度报告,贵州百灵,2019-04-23,https://static.cninfo.com.cn/finalpage/2019-04-24/1206080221.PDF,2761,2026-08-06,已取得法定年度报告链接
002431,2018,棕榈生态城镇发展股份有限公司,ST棕榈,龙头企业身份核实候选,1206100804,2018年年度报告,棕榈股份,2019-04-25,https://static.cninfo.com.cn/finalpage/2019-04-26/1206100804.PDF,4520,2026-08-06,已取得法定年度报告链接
002458,2018,山东益生种畜禽股份有限公司,益生股份,行业分类候选+龙头企业身份核实候选,1205842282,2018年年度报告,益生股份,2019-02-19,https://static.cninfo.com.cn/finalpage/2019-02-20/1205842282.PDF,2827,2026-08-06,已取得法定年度报告链接
002477,2018,雏鹰农牧集团股份有限公司,,行业分类候选,1206091330,2018年年度报告,雏鹰农牧,2019-04-24,https://static.cninfo.com.cn/finalpage/2019-04-25/1206091330.PDF,4132,2026-08-06,已取得法定年度报告链接
002507,2018,重庆市涪陵榨菜集团股份有限公司,涪陵榨菜,龙头企业身份核实候选,1205923892,2018年年度报告,涪陵榨菜,2019-03-21,https://static.cninfo.com.cn/finalpage/2019-03-22/1205923892.PDF,2658,2026-08-06,已取得法定年度报告链接
002557,2018,洽洽食品股份有限公司,洽洽食品,龙头企业身份核实候选,1206367858,2018年年度报告（更新后）,洽洽食品,2019-06-19,https://static.cninfo.com.cn/finalpage/2019-06-20/1206367858.PDF,3135,2026-08-06,已取得法定年度报告链接
002566,2018,吉林省集安益盛药业股份有限公司,益盛药业,龙头企业身份核实候选,1206040475,2018年年度报告,益盛药业,2019-04-16,https://static.cninfo.com.cn/finalpage/2019-04-17/1206040475.PDF,2357,2026-08-06,已取得法定年度报告链接
002567,2018,唐人神集团股份有限公司,唐人神,龙头企业身份核实候选,1206200918,2018年年度报告（更新后）,唐人神,2019-05-05,https://static.cninfo.com.cn/finalpage/2019-05-06/1206200918.PDF,4042,2026-08-06,已取得法定年度报告链接
002582,2018,好想你健康食品股份有限公司,好想你,龙头企业身份核实候选,1206055031,2018年年度报告,好想你,2019-04-18,https://static.cninfo.com.cn/finalpage/2019-04-19/1206055031.PDF,3773,2026-08-06,已取得法定年度报告链接
002650,2018,加加食品集团股份有限公司,ST加加,龙头企业身份核实候选,1206098722,2018年年度报告,加加食品,2019-04-25,https://static.cninfo.com.cn/finalpage/2019-04-26/1206098722.PDF,3617,2026-08-06,已取得法定年度报告链接
002679,2018,福建金森林业股份有限公司,福建金森,行业分类候选,1206091379,2018年年度报告,福建金森,2019-04-24,https://static.cninfo.com.cn/finalpage/2019-04-25/1206091379.PDF,2357,2026-08-06,已取得法定年度报告链接
002688,2018,金河生物科技股份有限公司,金河生物,龙头企业身份核实候选,1205956573,2018年年度报告,金河生物,2019-03-28,https://static.cninfo.com.cn/finalpage/2019-03-29/1205956573.PDF,3452,2026-08-06,已取得法定年度报告链接
002696,2018,百洋产业投资集团股份有限公司,百洋股份,行业分类候选+龙头企业身份核实候选,1206407097,2018年年度报告（更新后）,百洋股份,2019-06-28,https://static.cninfo.com.cn/finalpage/2019-06-29/1206407097.PDF,3420,2026-08-06,已取得法定年度报告链接
002702,2018,海欣食品股份有限公司,海欣食品,龙头企业身份核实候选,1205980967,2018年年度报告（更新后）,海欣食品,2019-04-01,https://static.cninfo.com.cn/finalpage/2019-04-02/1205980967.PDF,2825,2026-08-06,已取得法定年度报告链接
002714,2018,牧原食品集团股份有限公司,牧原股份,行业分类候选+龙头企业身份核实候选,1205942697,2018年年度报告,牧原股份,2019-03-26,https://static.cninfo.com.cn/finalpage/2019-03-27/1205942697.PDF,3955,2026-08-06,已取得法定年度报告链接
002719,2018,麦趣尔集团股份有限公司,ST麦趣,龙头企业身份核实候选,1206090540,2018年年度报告,麦趣尔,2019-04-24,https://static.cninfo.com.cn/finalpage/2019-04-25/1206090540.PDF,2827,2026-08-06,已取得法定年度报告链接
002732,2018,广东燕塘乳业股份有限公司,燕塘乳业,龙头企业身份核实候选,1205931191,2018年年度报告,燕塘乳业,2019-03-22,https://static.cninfo.com.cn/finalpage/2019-03-23/1205931191.PDF,2675,2026-08-06,已取得法定年度报告链接
002746,2018,山东仙坛集团股份有限公司,仙坛股份,行业分类候选+龙头企业身份核实候选,1206066951,2018年年度报告,仙坛股份,2019-04-22,https://static.cninfo.com.cn/finalpage/2019-04-23/1206066951.PDF,2747,2026-08-06,已取得法定年度报告链接
002772,2018,天水众兴菌业科技股份有限公司,众兴菌业,行业分类候选+龙头企业身份核实候选,1205957599,2018年年度报告,众兴菌业,2019-03-28,https://static.cninfo.com.cn/finalpage/2019-03-29/1205957599.PDF,3638,2026-08-06,已取得法定年度报告链接
002852,2018,道道全粮油股份有限公司,道道全,龙头企业身份核实候选,1206007110,2018年年度报告,道道全,2019-04-10,https://static.cninfo.com.cn/finalpage/2019-04-11/1206007110.PDF,2900,2026-08-06,已取得法定年度报告链接
002873,2018,贵阳新天药业股份有限公司,新天药业,龙头企业身份核实候选,1205956546,2018年年度报告,新天药业,2019-03-28,https://static.cninfo.com.cn/finalpage/2019-03-29/1205956546.PDF,2782,2026-08-06,已取得法定年度报告链接
002910,2018,兰州庄园牧场股份有限公司,庄园牧场,龙头企业身份核实候选,1206345489,2018年年度报告（更新后）,庄园牧场,2019-06-10,https://static.cninfo.com.cn/finalpage/2019-06-11/1206345489.PDF,3358,2026-08-06,已取得法定年度报告链接
300087,2018,安徽荃银高科种业股份有限公司,ST荃银,行业分类候选,1206061430,2018年年度报告,荃银高科,2019-04-19,https://static.cninfo.com.cn/finalpage/2019-04-20/1206061430.PDF,3755,2026-08-06,已取得法定年度报告链接
300094,2018,湛江国联水产开发股份有限公司,国联水产,行业分类候选+龙头企业身份核实候选,1206048768,2018年年度报告,国联水产,2019-04-17,https://static.cninfo.com.cn/finalpage/2019-04-18/1206048768.PDF,4388,2026-08-06,已取得法定年度报告链接
300106,2018,新疆西部牧业股份有限公司,西部牧业,行业分类候选,1206052519,2018年年度报告,西部牧业,2019-04-18,https://static.cninfo.com.cn/finalpage/2019-04-19/1206052519.PDF,3377,2026-08-06,已取得法定年度报告链接
300138,2018,晨光生物科技集团股份有限公司,晨光生物,龙头企业身份核实候选,1205937202,2018年年度报告,晨光生物,2019-03-25,https://static.cninfo.com.cn/finalpage/2019-03-26/1205937202.PDF,4984,2026-08-06,已取得法定年度报告链接
300189,2018,海南神农种业科技股份有限公司,神农种业,行业分类候选+龙头企业身份核实候选,1207233015,2018年年度报告（更新后）,神农科技,2020-01-07,https://static.cninfo.com.cn/finalpage/2020-01-07/1207233015.PDF,3759,2026-08-06,已取得法定年度报告链接
300498,2018,温氏食品集团股份有限公司,温氏股份,行业分类候选+龙头企业身份核实候选,1206003980,2018年年度报告,温氏股份,2019-04-09,https://static.cninfo.com.cn/finalpage/2019-04-10/1206003980.PDF,1925,2026-08-06,已取得法定年度报告链接
300511,2018,上海雪榕生物科技股份有限公司,雪榕生物,行业分类候选+龙头企业身份核实候选,1206093329,2018年年度报告,雪榕生物,2019-04-24,https://static.cninfo.com.cn/finalpage/2019-04-25/1206093329.PDF,3215,2026-08-06,已取得法定年度报告链接
600097,2018,上海开创国际海洋资源股份有限公司,开创国际,行业分类候选,1206058162,2018年年度报告,开创国际,2019-04-19,https://static.cninfo.com.cn/finalpage/2019-04-20/1206058162.PDF,2378,2026-08-06,已取得法定年度报告链接
600108,2018,甘肃亚盛实业(集团)股份有限公司,亚盛集团,行业分类候选+龙头企业身份核实候选,1206164538,2018年年度报告,亚盛集团,2019-04-29,https://static.cninfo.com.cn/finalpage/2019-04-30/1206164538.PDF,2477,2026-08-06,已取得法定年度报告链接
600127,2018,金健米业股份有限公司,金健米业,龙头企业身份核实候选,1206014177,2018年年度报告,金健米业,2019-04-12,https://static.cninfo.com.cn/finalpage/2019-04-13/1206014177.PDF,2722,2026-08-06,已取得法定年度报告链接
600129,2018,重庆太极实业(集团)股份有限公司,太极集团,龙头企业身份核实候选,1206022791,2018年年度报告,太极集团,2019-04-15,https://static.cninfo.com.cn/finalpage/2019-04-16/1206022791.PDF,4114,2026-08-06,已取得法定年度报告链接
600195,2018,中牧实业股份有限公司,中牧股份,龙头企业身份核实候选,1206160361,2018年年度报告,中牧股份,2019-04-29,https://static.cninfo.com.cn/finalpage/2019-04-30/1206160361.PDF,2922,2026-08-06,已取得法定年度报告链接
600211,2018,西藏诺迪康药业股份有限公司,西藏药业,龙头企业身份核实候选,1205899941,2018年年度报告,西藏药业,2019-03-14,https://static.cninfo.com.cn/finalpage/2019-03-15/1205899941.PDF,2433,2026-08-06,已取得法定年度报告链接
600251,2018,新疆冠农股份有限公司,冠农股份,龙头企业身份核实候选,1205958587,2018年年度报告,冠农股份,2019-03-28,https://static.cninfo.com.cn/finalpage/2019-03-29/1205958587.PDF,3607,2026-08-06,已取得法定年度报告链接
600257,2018,大湖健康产业股份有限公司,大湖股份,行业分类候选,1206167084,2018年年度报告（修订稿）,大湖股份,2019-04-29,https://static.cninfo.com.cn/finalpage/2019-04-30/1206167084.PDF,2731,2026-08-06,已取得法定年度报告链接
600265,2018,云南景谷林业股份有限公司,*ST景谷,行业分类候选,1206167518,2018年年度报告,ST景谷,2019-04-29,https://static.cninfo.com.cn/finalpage/2019-04-30/1206167518.PDF,2436,2026-08-06,已取得法定年度报告链接
600295,2018,内蒙古鄂尔多斯资源股份有限公司,鄂尔多斯,龙头企业身份核实候选,1205947687,2018年年度报告,鄂尔多斯,2019-03-27,https://static.cninfo.com.cn/finalpage/2019-03-28/1205947687.PDF,4687,2026-08-06,已取得法定年度报告链接
600300,2018,维维食品饮料股份有限公司,维维股份,龙头企业身份核实候选,1206355389,2018年年度报告（修订版）,维维股份,2019-06-14,https://static.cninfo.com.cn/finalpage/2019-06-15/1206355389.PDF,5031,2026-08-06,已取得法定年度报告链接
600305,2018,江苏恒顺醋业股份有限公司,恒顺醋业,龙头企业身份核实候选,1206019033,2018年年度报告,恒顺醋业,2019-04-15,https://static.cninfo.com.cn/finalpage/2019-04-16/1206019033.PDF,2618,2026-08-06,已取得法定年度报告链接
600313,2018,中农发种业集团股份有限公司,农发种业,行业分类候选,1206097318,2018年年度报告,农发种业,2019-04-25,https://static.cninfo.com.cn/finalpage/2019-04-26/1206097318.PDF,3414,2026-08-06,已取得法定年度报告链接
600354,2018,甘肃省敦煌种业集团股份有限公司,敦煌种业,行业分类候选+龙头企业身份核实候选,1205968819,2018年年度报告,敦煌种业,2019-03-29,https://static.cninfo.com.cn/finalpage/2019-03-30/1205968819.PDF,3166,2026-08-06,已取得法定年度报告链接
600359,2018,新疆塔里木农业综合开发股份有限公司,新农开发,行业分类候选,1205947730,2018年年度报告,新农开发,2019-03-27,https://static.cninfo.com.cn/finalpage/2019-03-28/1205947730.PDF,2778,2026-08-06,已取得法定年度报告链接
600371,2018,万向德农股份有限公司,万向德农,行业分类候选,1206061860,2018年年度报告,万向德农,2019-04-19,https://static.cninfo.com.cn/finalpage/2019-04-20/1206061860.PDF,2115,2026-08-06,已取得法定年度报告链接
600419,2018,新疆天润乳业股份有限公司,天润乳业,龙头企业身份核实候选,1205948111,2018年年度报告,天润乳业,2019-03-27,https://static.cninfo.com.cn/finalpage/2019-03-28/1205948111.PDF,2736,2026-08-06,已取得法定年度报告链接
600429,2018,北京三元食品股份有限公司,三元股份,龙头企业身份核实候选,1206087901,2018年年度报告,三元股份,2019-04-24,https://static.cninfo.com.cn/finalpage/2019-04-25/1206087901.PDF,3396,2026-08-06,已取得法定年度报告链接
600438,2018,通威股份有限公司,通威股份,龙头企业身份核实候选,1206047417,2018年年度报告,通威股份,2019-04-17,https://static.cninfo.com.cn/finalpage/2019-04-18/1206047417.PDF,4227,2026-08-06,已取得法定年度报告链接
600467,2018,山东好当家海洋发展股份有限公司,好当家,行业分类候选+龙头企业身份核实候选,1206098857,2018年年度报告,好当家,2019-04-25,https://static.cninfo.com.cn/finalpage/2019-04-26/1206098857.PDF,2820,2026-08-06,已取得法定年度报告链接
600479,2018,株洲千金药业股份有限公司,千金药业,龙头企业身份核实候选,1206009408,2018年年度报告,千金药业,2019-04-11,https://static.cninfo.com.cn/finalpage/2019-04-12/1206009408.PDF,3061,2026-08-06,已取得法定年度报告链接
600506,2018,统一低碳科技(新疆)股份有限公司,统一股份,行业分类候选,1206058895,2018年年度报告,香梨股份,2019-04-19,https://static.cninfo.com.cn/finalpage/2019-04-20/1206058895.PDF,2911,2026-08-06,已取得法定年度报告链接
600540,2018,新疆赛里木现代农业股份有限公司,新赛股份,行业分类候选,1205949320,2018年年度报告,新赛股份,2019-03-27,https://static.cninfo.com.cn/finalpage/2019-03-28/1205949320.PDF,2991,2026-08-06,已取得法定年度报告链接
600543,2018,甘肃莫高实业发展股份有限公司,*ST莫高,龙头企业身份核实候选,1206121314,2018年年度报告,莫高股份,2019-04-26,https://static.cninfo.com.cn/finalpage/2019-04-27/1206121314.PDF,2414,2026-08-06,已取得法定年度报告链接
600597,2018,光明乳业股份有限公司,光明乳业,龙头企业身份核实候选,1205938085,2018年年度报告,光明乳业,2019-03-25,https://static.cninfo.com.cn/finalpage/2019-03-26/1205938085.PDF,3056,2026-08-06,已取得法定年度报告链接
600598,2018,黑龙江北大荒农业股份有限公司,北大荒,行业分类候选,1205991797,2018年年度报告,北大荒,2019-04-03,https://static.cninfo.com.cn/finalpage/2019-04-04/1205991797.PDF,3804,2026-08-06,已取得法定年度报告链接
600873,2018,梅花生物科技集团股份有限公司,梅花生物,龙头企业身份核实候选,1206207404,2018年年度报告（修订）,梅花生物,2019-05-05,https://static.cninfo.com.cn/finalpage/2019-05-06/1206207404.PDF,4758,2026-08-06,已取得法定年度报告链接
600887,2018,内蒙古伊利实业集团股份有限公司,伊利股份,龙头企业身份核实候选,1205854988,2018年年度报告,伊利股份,2019-02-27,https://static.cninfo.com.cn/finalpage/2019-02-28/1205854988.PDF,2919,2026-08-06,已取得法定年度报告链接
600962,2018,国投中鲁果汁股份有限公司,国投中鲁,龙头企业身份核实候选,1205968389,2018年年度报告,国投中鲁,2019-03-29,https://static.cninfo.com.cn/finalpage/2019-03-30/1205968389.PDF,2664,2026-08-06,已取得法定年度报告链接
600965,2018,河北福成五丰食品股份有限公司,*ST福成,行业分类候选+龙头企业身份核实候选,1205968345,2018年年度报告,福成股份,2019-03-29,https://static.cninfo.com.cn/finalpage/2019-03-30/1205968345.PDF,3243,2026-08-06,已取得法定年度报告链接
600975,2018,湖南新五丰股份有限公司,新五丰,行业分类候选+龙头企业身份核实候选,1205937427,2018年年度报告,新五丰,2019-03-25,https://static.cninfo.com.cn/finalpage/2019-03-26/1205937427.PDF,2864,2026-08-06,已取得法定年度报告链接
601118,2018,海南天然橡胶产业集团股份有限公司,海南橡胶,行业分类候选+龙头企业身份核实候选,1219927658,海南橡胶2018年年度报告（2024年4月修订版）,海南橡胶,2024-04-29,https://static.cninfo.com.cn/finalpage/2024-04-30/1219927658.PDF,6211,2026-08-06,已取得法定年度报告链接
601933,2018,永辉超市股份有限公司,永辉超市,龙头企业身份核实候选,1206103290,2018年年度报告,永辉超市,2019-04-25,https://static.cninfo.com.cn/finalpage/2019-04-26/1206103290.PDF,4548,2026-08-06,已取得法定年度报告链接
601996,2018,广西丰林木业集团股份有限公司,丰林集团,龙头企业身份核实候选,1205968011,2018年年度报告,丰林集团,2019-03-29,https://static.cninfo.com.cn/finalpage/2019-03-30/1205968011.PDF,2733,2026-08-06,已取得法定年度报告链接
603156,2018,河北养元智汇饮品股份有限公司,养元饮品,龙头企业身份核实候选,1205999511,2018年年度报告（修订版）,养元饮品,2019-04-08,https://static.cninfo.com.cn/finalpage/2019-04-09/1205999511.PDF,2696,2026-08-06,已取得法定年度报告链接
603345,2018,安井食品集团股份有限公司,安井食品,龙头企业身份核实候选,1206064323,2018年年度报告,安井食品,2019-04-21,https://static.cninfo.com.cn/finalpage/2019-04-22/1206064323.PDF,2863,2026-08-06,已取得法定年度报告链接
603668,2018,福建天马科技集团股份有限公司,天马科技,龙头企业身份核实候选,1206168951,2018年年度报告,天马科技,2019-04-29,https://static.cninfo.com.cn/finalpage/2019-04-30/1206168951.PDF,3056,2026-08-06,已取得法定年度报告链接
603708,2018,家家悦集团股份有限公司,家家悦,龙头企业身份核实候选,1206055176,2018年年度报告,家家悦,2019-04-18,https://static.cninfo.com.cn/finalpage/2019-04-19/1206055176.PDF,2832,2026-08-06,已取得法定年度报告链接
000423,2019,东阿阿胶股份有限公司,东阿阿胶,龙头企业身份核实候选,1207411615,2019年年度报告,东阿阿胶,2020-03-26,https://static.cninfo.com.cn/finalpage/2020-03-27/1207411615.PDF,5269,2026-08-06,已取得法定年度报告链接
000538,2019,云南白药集团股份有限公司,云南白药,龙头企业身份核实候选,1207410745,2019年年度报告,云南白药,2020-03-26,https://static.cninfo.com.cn/finalpage/2020-03-27/1207410745.PDF,1630,2026-08-06,已取得法定年度报告链接
000568,2019,泸州老窖股份有限公司,泸州老窖,龙头企业身份核实候选,1207656466,2019年年度报告,泸州老窖,2020-04-28,https://static.cninfo.com.cn/finalpage/2020-04-29/1207656466.PDF,3165,2026-08-06,已取得法定年度报告链接
000592,2019,中福海峡（平潭）发展股份有限公司,平潭发展,行业分类候选,1207679481,2019年年度报告,平潭发展,2020-04-29,https://static.cninfo.com.cn/finalpage/2020-04-30/1207679481.PDF,1274,2026-08-06,已取得法定年度报告链接
000623,2019,吉林敖东药业集团股份有限公司,吉林敖东,龙头企业身份核实候选,1207609252,2019年年度报告,吉林敖东,2020-04-24,https://static.cninfo.com.cn/finalpage/2020-04-25/1207609252.PDF,4374,2026-08-06,已取得法定年度报告链接
000663,2019,福建省永安林业(集团)股份有限公司,永安林业,龙头企业身份核实候选,1207686903,2019年年度报告,永安林业,2020-04-29,https://static.cninfo.com.cn/finalpage/2020-04-30/1207686903.PDF,3868,2026-08-06,已取得法定年度报告链接
000713,2019,国投丰乐种业股份有限公司,国投丰乐,行业分类候选+龙头企业身份核实候选,1207551951,2019年年度报告,丰乐种业,2020-04-21,https://static.cninfo.com.cn/finalpage/2020-04-22/1207551951.PDF,3860,2026-08-06,已取得法定年度报告链接
000735,2019,罗牛山股份有限公司,罗 牛 山,行业分类候选+龙头企业身份核实候选,1207430997,2019年年度报告,罗 牛 山,2020-03-30,https://static.cninfo.com.cn/finalpage/2020-03-31/1207430997.PDF,3508,2026-08-06,已取得法定年度报告链接
000798,2019,中水集团远洋股份有限公司,中水渔业,行业分类候选,1207473796,2019年年度报告,中水渔业,2020-04-09,https://static.cninfo.com.cn/finalpage/2020-04-10/1207473796.PDF,4030,2026-08-06,已取得法定年度报告链接
000848,2019,承德露露股份公司,承德露露,龙头企业身份核实候选,1207418663,2019年年度报告,承德露露,2020-03-27,https://static.cninfo.com.cn/finalpage/2020-03-28/1207418663.PDF,812,2026-08-06,已取得法定年度报告链接
000860,2019,北京顺鑫农业股份有限公司,顺鑫农业,龙头企业身份核实候选,1207608193,2019年年度报告,顺鑫农业,2020-04-24,https://static.cninfo.com.cn/finalpage/2020-04-25/1207608193.PDF,1122,2026-08-06,已取得法定年度报告链接
000910,2019,大亚圣象家居股份有限公司,大亚圣象,龙头企业身份核实候选,1207638489,2019年年度报告,大亚圣象,2020-04-27,https://static.cninfo.com.cn/finalpage/2020-04-28/1207638489.PDF,1042,2026-08-06,已取得法定年度报告链接
000998,2019,袁隆平农业高科技股份有限公司,隆平高科,行业分类候选+龙头企业身份核实候选,1209869907,2019年年度报告全文（修订版）,隆平高科,2021-04-29,https://static.cninfo.com.cn/finalpage/2021-04-30/1209869907.PDF,4381,2026-08-06,已取得法定年度报告链接
002041,2019,山东登海种业股份有限公司,登海种业,行业分类候选+龙头企业身份核实候选,1207552150,2019年年度报告,登海种业,2020-04-21,https://static.cninfo.com.cn/finalpage/2020-04-22/1207552150.PDF,3048,2026-08-06,已取得法定年度报告链接
002069,2019,獐子岛集团股份有限公司,獐子岛,行业分类候选+龙头企业身份核实候选,1207687672,2019年年度报告,獐子岛,2020-04-29,https://static.cninfo.com.cn/finalpage/2020-04-30/1207687672.PDF,5034,2026-08-06,已取得法定年度报告链接
002086,2019,山东东方海洋科技股份有限公司,东方海洋,行业分类候选+龙头企业身份核实候选,1207968688,2019年年度报告,ST东海洋,2020-06-29,https://static.cninfo.com.cn/finalpage/2020-06-30/1207968688.PDF,1097,2026-08-06,已取得法定年度报告链接
002100,2019,天康生物股份有限公司,天康生物,龙头企业身份核实候选,1207584338,2019年年度报告,天康生物,2020-04-23,https://static.cninfo.com.cn/finalpage/2020-04-24/1207584338.PDF,4007,2026-08-06,已取得法定年度报告链接
002124,2019,天邦食品股份有限公司,天邦食品,龙头企业身份核实候选,1207663251,2019年年度报告,天邦股份,2020-04-28,https://static.cninfo.com.cn/finalpage/2020-04-29/1207663251.PDF,4260,2026-08-06,已取得法定年度报告链接
002166,2019,桂林莱茵生物科技股份有限公司,莱茵生物,龙头企业身份核实候选,1207498059,2019年年度报告,莱茵生物,2020-04-14,https://static.cninfo.com.cn/finalpage/2020-04-15/1207498059.PDF,2981,2026-08-06,已取得法定年度报告链接
002200,2019,云南交投生态科技股份有限公司,交投生态,行业分类候选,1207468747,2019年年度报告,*ST云投,2020-04-08,https://static.cninfo.com.cn/finalpage/2020-04-09/1207468747.PDF,3194,2026-08-06,已取得法定年度报告链接
002216,2019,三全食品股份有限公司,三全食品,龙头企业身份核实候选,1207643317,2019年年度报告,三全食品,2020-04-27,https://static.cninfo.com.cn/finalpage/2020-04-28/1207643317.PDF,3540,2026-08-06,已取得法定年度报告链接
002234,2019,山东民和牧业股份有限公司,民和股份,行业分类候选+龙头企业身份核实候选,1207538014,2019年年度报告,民和股份,2020-04-20,https://static.cninfo.com.cn/finalpage/2020-04-21/1207538014.PDF,1055,2026-08-06,已取得法定年度报告链接
002286,2019,保龄宝生物股份有限公司,保龄宝,龙头企业身份核实候选,1207656845,2019年年度报告,保龄宝,2020-04-28,https://static.cninfo.com.cn/finalpage/2020-04-29/1207656845.PDF,3339,2026-08-06,已取得法定年度报告链接
002299,2019,福建圣农发展股份有限公司,圣农发展,行业分类候选,1207418564,2019年年度报告,圣农发展,2020-03-27,https://static.cninfo.com.cn/finalpage/2020-03-28/1207418564.PDF,4087,2026-08-06,已取得法定年度报告链接
002311,2019,广东海大集团股份有限公司,海大集团,龙头企业身份核实候选,1207538986,2019年年度报告,海大集团,2020-04-20,https://static.cninfo.com.cn/finalpage/2020-04-21/1207538986.PDF,3888,2026-08-06,已取得法定年度报告链接
002321,2019,河南华英农业发展股份有限公司,华英农业,行业分类候选+龙头企业身份核实候选,1207878541,2019年年度报告,华英农业,2020-05-29,https://static.cninfo.com.cn/finalpage/2020-05-30/1207878541.PDF,1286,2026-08-06,已取得法定年度报告链接
002329,2019,皇氏集团股份有限公司,皇氏集团,龙头企业身份核实候选,1207498733,2019年年度报告,皇氏集团,2020-04-14,https://static.cninfo.com.cn/finalpage/2020-04-15/1207498733.PDF,2370,2026-08-06,已取得法定年度报告链接
002385,2019,北京大北农科技集团股份有限公司,大北农,龙头企业身份核实候选,1207606775,2019年年度报告,大北农,2020-04-24,https://static.cninfo.com.cn/finalpage/2020-04-25/1207606775.PDF,4459,2026-08-06,已取得法定年度报告链接
002390,2019,贵州信邦制药股份有限公司,信邦制药,龙头企业身份核实候选,1207682923,2019年年度报告,信邦制药,2020-04-29,https://static.cninfo.com.cn/finalpage/2020-04-30/1207682923.PDF,4517,2026-08-06,已取得法定年度报告链接
002424,2019,贵州百灵企业集团制药股份有限公司,ST百灵,龙头企业身份核实候选,1207686269,2019年年度报告,贵州百灵,2020-04-29,https://static.cninfo.com.cn/finalpage/2020-04-30/1207686269.PDF,3377,2026-08-06,已取得法定年度报告链接
002431,2019,棕榈生态城镇发展股份有限公司,ST棕榈,龙头企业身份核实候选,1207680293,2019年年度报告,棕榈股份,2020-04-29,https://static.cninfo.com.cn/finalpage/2020-04-30/1207680293.PDF,4673,2026-08-06,已取得法定年度报告链接
002458,2019,山东益生种畜禽股份有限公司,益生股份,行业分类候选+龙头企业身份核实候选,1207314355,2019年年度报告,益生股份,2020-02-19,https://static.cninfo.com.cn/finalpage/2020-02-20/1207314355.PDF,3076,2026-08-06,已取得法定年度报告链接
002507,2019,重庆市涪陵榨菜集团股份有限公司,涪陵榨菜,龙头企业身份核实候选,1207377743,2019年年度报告,涪陵榨菜,2020-03-16,https://static.cninfo.com.cn/finalpage/2020-03-17/1207377743.PDF,2677,2026-08-06,已取得法定年度报告链接
002557,2019,洽洽食品股份有限公司,洽洽食品,龙头企业身份核实候选,1207468393,2019年年度报告,洽洽食品,2020-04-08,https://static.cninfo.com.cn/finalpage/2020-04-09/1207468393.PDF,3104,2026-08-06,已取得法定年度报告链接
002566,2019,吉林省集安益盛药业股份有限公司,益盛药业,龙头企业身份核实候选,1207505408,2019年年度报告,益盛药业,2020-04-15,https://static.cninfo.com.cn/finalpage/2020-04-16/1207505408.PDF,2750,2026-08-06,已取得法定年度报告链接
002567,2019,唐人神集团股份有限公司,唐人神,龙头企业身份核实候选,1207609338,2019年年度报告,唐人神,2020-04-26,https://static.cninfo.com.cn/finalpage/2020-04-27/1207609338.PDF,4171,2026-08-06,已取得法定年度报告链接
002582,2019,好想你健康食品股份有限公司,好想你,龙头企业身份核实候选,1207607568,2019年年度报告,好想你,2020-04-24,https://static.cninfo.com.cn/finalpage/2020-04-25/1207607568.PDF,3808,2026-08-06,已取得法定年度报告链接
002650,2019,加加食品集团股份有限公司,ST加加,龙头企业身份核实候选,1208023957,2019年年度报告（更新后）,ST加加,2020-07-10,https://static.cninfo.com.cn/finalpage/2020-07-11/1208023957.PDF,3658,2026-08-06,已取得法定年度报告链接
002679,2019,福建金森林业股份有限公司,福建金森,行业分类候选,1207666531,2019年年度报告,福建金森,2020-04-28,https://static.cninfo.com.cn/finalpage/2020-04-29/1207666531.PDF,961,2026-08-06,已取得法定年度报告链接
002688,2019,金河生物科技股份有限公司,金河生物,龙头企业身份核实候选,1207525817,2019年年度报告,金河生物,2020-04-19,https://static.cninfo.com.cn/finalpage/2020-04-20/1207525817.PDF,4153,2026-08-06,已取得法定年度报告链接
002696,2019,百洋产业投资集团股份有限公司,百洋股份,行业分类候选+龙头企业身份核实候选,1207640779,2019年年度报告,百洋股份,2020-04-27,https://static.cninfo.com.cn/finalpage/2020-04-28/1207640779.PDF,3756,2026-08-06,已取得法定年度报告链接
002702,2019,海欣食品股份有限公司,海欣食品,龙头企业身份核实候选,1207657400,2019年年度报告,海欣食品,2020-04-28,https://static.cninfo.com.cn/finalpage/2020-04-29/1207657400.PDF,3473,2026-08-06,已取得法定年度报告链接
002714,2019,牧原食品集团股份有限公司,牧原股份,行业分类候选+龙头企业身份核实候选,1207325910,2019年年度报告,牧原股份,2020-02-26,https://static.cninfo.com.cn/finalpage/2020-02-27/1207325910.PDF,5083,2026-08-06,已取得法定年度报告链接
002719,2019,麦趣尔集团股份有限公司,ST麦趣,龙头企业身份核实候选,1207724399,2019年年度报告（更新后）,*ST麦趣,2020-05-08,https://static.cninfo.com.cn/finalpage/2020-05-09/1207724399.PDF,2977,2026-08-06,已取得法定年度报告链接
002732,2019,广东燕塘乳业股份有限公司,燕塘乳业,龙头企业身份核实候选,1207525233,2019年年度报告,燕塘乳业,2020-04-17,https://static.cninfo.com.cn/finalpage/2020-04-18/1207525233.PDF,3355,2026-08-06,已取得法定年度报告链接
002746,2019,山东仙坛集团股份有限公司,仙坛股份,行业分类候选+龙头企业身份核实候选,1207393304,2019年年度报告,仙坛股份,2020-03-23,https://static.cninfo.com.cn/finalpage/2020-03-24/1207393304.PDF,2971,2026-08-06,已取得法定年度报告链接
002772,2019,天水众兴菌业科技股份有限公司,众兴菌业,行业分类候选+龙头企业身份核实候选,1207664329,2019年年度报告,众兴菌业,2020-04-28,https://static.cninfo.com.cn/finalpage/2020-04-29/1207664329.PDF,4223,2026-08-06,已取得法定年度报告链接
002847,2019,盐津铺子食品股份有限公司,盐津铺子,龙头企业身份核实候选,1207350907,2019年年度报告,盐津铺子,2020-03-06,https://static.cninfo.com.cn/finalpage/2020-03-07/1207350907.PDF,3093,2026-08-06,已取得法定年度报告链接
002852,2019,道道全粮油股份有限公司,道道全,龙头企业身份核实候选,1207609631,2019年年度报告,道道全,2020-04-26,https://static.cninfo.com.cn/finalpage/2020-04-27/1207609631.PDF,3527,2026-08-06,已取得法定年度报告链接
002873,2019,贵阳新天药业股份有限公司,新天药业,龙头企业身份核实候选,1207635968,2019年年度报告,新天药业,2020-04-27,https://static.cninfo.com.cn/finalpage/2020-04-28/1207635968.PDF,3106,2026-08-06,已取得法定年度报告链接
002910,2019,兰州庄园牧场股份有限公司,庄园牧场,龙头企业身份核实候选,1207585711,2019年年度报告,庄园牧场,2020-04-23,https://static.cninfo.com.cn/finalpage/2020-04-24/1207585711.PDF,1572,2026-08-06,已取得法定年度报告链接
300087,2019,安徽荃银高科种业股份有限公司,ST荃银,行业分类候选+龙头企业身份核实候选,1207603773,2019年年度报告,荃银高科,2020-04-24,https://static.cninfo.com.cn/finalpage/2020-04-25/1207603773.PDF,4430,2026-08-06,已取得法定年度报告链接
300094,2019,湛江国联水产开发股份有限公司,国联水产,行业分类候选+龙头企业身份核实候选,1207845534,2019年年度报告,国联水产,2020-05-21,https://static.cninfo.com.cn/finalpage/2020-05-22/1207845534.PDF,8421,2026-08-06,已取得法定年度报告链接
300106,2019,新疆西部牧业股份有限公司,西部牧业,行业分类候选,1207634340,2019年年度报告,西部牧业,2020-04-27,https://static.cninfo.com.cn/finalpage/2020-04-28/1207634340.PDF,3418,2026-08-06,已取得法定年度报告链接
300138,2019,晨光生物科技集团股份有限公司,晨光生物,龙头企业身份核实候选,1207540487,2019年年度报告,晨光生物,2020-04-20,https://static.cninfo.com.cn/finalpage/2020-04-21/1207540487.PDF,5688,2026-08-06,已取得法定年度报告链接
300158,2019,山西振东制药股份有限公司,振东制药,龙头企业身份核实候选,1207585742,2019年年度报告,振东制药,2020-04-23,https://static.cninfo.com.cn/finalpage/2020-04-24/1207585742.PDF,1511,2026-08-06,已取得法定年度报告链接
300189,2019,海南神农种业科技股份有限公司,神农种业,行业分类候选+龙头企业身份核实候选,1207862622,2019年年度报告（更新后）,神农科技,2020-05-26,https://static.cninfo.com.cn/finalpage/2020-05-26/1207862622.PDF,5578,2026-08-06,已取得法定年度报告链接
300313,2019,新疆天山畜牧生物工程股份有限公司,天山生物,行业分类候选,1207866388,2019年年度报告（更新后）,天山生物,2020-05-27,https://static.cninfo.com.cn/finalpage/2020-05-28/1207866388.PDF,3784,2026-08-06,已取得法定年度报告链接
300498,2019,温氏食品集团股份有限公司,温氏股份,行业分类候选+龙头企业身份核实候选,1207587189,2019年年度报告,温氏股份,2020-04-23,https://static.cninfo.com.cn/finalpage/2020-04-24/1207587189.PDF,5954,2026-08-06,已取得法定年度报告链接
300511,2019,上海雪榕生物科技股份有限公司,雪榕生物,行业分类候选+龙头企业身份核实候选,1207608368,2019年年度报告,雪榕生物,2020-04-24,https://static.cninfo.com.cn/finalpage/2020-04-25/1207608368.PDF,3457,2026-08-06,已取得法定年度报告链接
300761,2019,江苏立华食品集团股份有限公司,立华股份,行业分类候选,1209567348,2019年年度报告（更新后）,立华股份,2021-03-31,https://static.cninfo.com.cn/finalpage/2021-04-01/1209567348.PDF,3797,2026-08-06,已取得法定年度报告链接
600097,2019,上海开创国际海洋资源股份有限公司,开创国际,行业分类候选,1207527836,2019年年度报告,开创国际,2020-04-17,https://static.cninfo.com.cn/finalpage/2020-04-18/1207527836.PDF,2777,2026-08-06,已取得法定年度报告链接
600108,2019,甘肃亚盛实业(集团)股份有限公司,亚盛集团,行业分类候选+龙头企业身份核实候选,1207783877,2019年年度报告（修订版）,亚盛集团,2020-05-12,https://static.cninfo.com.cn/finalpage/2020-05-13/1207783877.PDF,2366,2026-08-06,已取得法定年度报告链接
600127,2019,金健米业股份有限公司,金健米业,龙头企业身份核实候选,1207783879,2019年年度报告（修订）,金健米业,2020-05-12,https://static.cninfo.com.cn/finalpage/2020-05-13/1207783879.PDF,3088,2026-08-06,已取得法定年度报告链接
600129,2019,重庆太极实业(集团)股份有限公司,太极集团,龙头企业身份核实候选,1207646549,2019年年度报告,太极集团,2020-04-27,https://static.cninfo.com.cn/finalpage/2020-04-28/1207646549.PDF,4005,2026-08-06,已取得法定年度报告链接
600195,2019,中牧实业股份有限公司,中牧股份,龙头企业身份核实候选,1207542030,2019年年度报告,中牧股份,2020-04-20,https://static.cninfo.com.cn/finalpage/2020-04-21/1207542030.PDF,3177,2026-08-06,已取得法定年度报告链接
600211,2019,西藏诺迪康药业股份有限公司,西藏药业,龙头企业身份核实候选,1207368821,2019年年度报告,西藏药业,2020-03-12,https://static.cninfo.com.cn/finalpage/2020-03-13/1207368821.PDF,2893,2026-08-06,已取得法定年度报告链接
600251,2019,新疆冠农股份有限公司,冠农股份,龙头企业身份核实候选,1207609654,2019年年度报告,冠农股份,2020-04-24,https://static.cninfo.com.cn/finalpage/2020-04-25/1207609654.PDF,3792,2026-08-06,已取得法定年度报告链接
600257,2019,大湖健康产业股份有限公司,大湖股份,行业分类候选,1207919493,2019年年度报告（修订版）,大湖股份,2020-06-11,https://static.cninfo.com.cn/finalpage/2020-06-12/1207919493.PDF,2893,2026-08-06,已取得法定年度报告链接
600265,2019,云南景谷林业股份有限公司,*ST景谷,行业分类候选,1207582543,2019年年度报告,ST景谷,2020-04-23,https://static.cninfo.com.cn/finalpage/2020-04-24/1207582543.PDF,2851,2026-08-06,已取得法定年度报告链接
600295,2019,内蒙古鄂尔多斯资源股份有限公司,鄂尔多斯,龙头企业身份核实候选,1207500016,2019年年度报告,鄂尔多斯,2020-04-14,https://static.cninfo.com.cn/finalpage/2020-04-15/1207500016.PDF,5711,2026-08-06,已取得法定年度报告链接
600300,2019,维维食品饮料股份有限公司,维维股份,龙头企业身份核实候选,1207689661,2019年年度报告,维维股份,2020-04-29,https://static.cninfo.com.cn/finalpage/2020-04-30/1207689661.PDF,5259,2026-08-06,已取得法定年度报告链接
600305,2019,江苏恒顺醋业股份有限公司,恒顺醋业,龙头企业身份核实候选,1207537597,2019年年度报告,恒顺醋业,2020-04-20,https://static.cninfo.com.cn/finalpage/2020-04-21/1207537597.PDF,3081,2026-08-06,已取得法定年度报告链接
600313,2019,中农发种业集团股份有限公司,农发种业,行业分类候选,1207667963,2019年年度报告（修订版）,农发种业,2020-04-28,https://static.cninfo.com.cn/finalpage/2020-04-29/1207667963.PDF,3780,2026-08-06,已取得法定年度报告链接
600351,2019,亚宝药业集团股份有限公司,亚宝药业,龙头企业身份核实候选,1207932283,2019年年度报告（修正版）,亚宝药业,2020-06-16,https://static.cninfo.com.cn/finalpage/2020-06-17/1207932283.PDF,4202,2026-08-06,已取得法定年度报告链接
600354,2019,甘肃省敦煌种业集团股份有限公司,敦煌种业,行业分类候选+龙头企业身份核实候选,1207387346,2019年年度报告,敦煌种业,2020-03-19,https://static.cninfo.com.cn/finalpage/2020-03-20/1207387346.PDF,3371,2026-08-06,已取得法定年度报告链接
600359,2019,新疆塔里木农业综合开发股份有限公司,新农开发,行业分类候选,1207689907,2019年年度报告,新农开发,2020-04-29,https://static.cninfo.com.cn/finalpage/2020-04-30/1207689907.PDF,3017,2026-08-06,已取得法定年度报告链接
600371,2019,万向德农股份有限公司,万向德农,行业分类候选,1207653987,2019年年度报告,万向德农,2020-04-28,https://static.cninfo.com.cn/finalpage/2020-04-29/1207653987.PDF,2535,2026-08-06,已取得法定年度报告链接
600419,2019,新疆天润乳业股份有限公司,天润乳业,龙头企业身份核实候选,1207585015,2019年年度报告,天润乳业,2020-04-23,https://static.cninfo.com.cn/finalpage/2020-04-24/1207585015.PDF,3206,2026-08-06,已取得法定年度报告链接
600429,2019,北京三元食品股份有限公司,三元股份,龙头企业身份核实候选,1207611026,2019年年度报告,三元股份,2020-04-24,https://static.cninfo.com.cn/finalpage/2020-04-25/1207611026.PDF,3994,2026-08-06,已取得法定年度报告链接
600438,2019,通威股份有限公司,通威股份,龙头企业身份核实候选,1207542239,2019年年度报告,通威股份,2020-04-20,https://static.cninfo.com.cn/finalpage/2020-04-21/1207542239.PDF,4329,2026-08-06,已取得法定年度报告链接
600467,2019,山东好当家海洋发展股份有限公司,好当家,行业分类候选+龙头企业身份核实候选,1207708446,2019年年度报告（修订版）,好当家,2020-05-06,https://static.cninfo.com.cn/finalpage/2020-05-07/1207708446.PDF,3248,2026-08-06,已取得法定年度报告链接
600479,2019,株洲千金药业股份有限公司,千金药业,龙头企业身份核实候选,1207473983,2019年年度报告,千金药业,2020-04-09,https://static.cninfo.com.cn/finalpage/2020-04-10/1207473983.PDF,3601,2026-08-06,已取得法定年度报告链接
600506,2019,统一低碳科技(新疆)股份有限公司,统一股份,行业分类候选,1207523733,2019年年度报告,香梨股份,2020-04-17,https://static.cninfo.com.cn/finalpage/2020-04-18/1207523733.PDF,1906,2026-08-06,已取得法定年度报告链接
600540,2019,新疆赛里木现代农业股份有限公司,新赛股份,行业分类候选,1207668099,2019年年度报告,新赛股份,2020-04-28,https://static.cninfo.com.cn/finalpage/2020-04-29/1207668099.PDF,3329,2026-08-06,已取得法定年度报告链接
600543,2019,甘肃莫高实业发展股份有限公司,*ST莫高,龙头企业身份核实候选,1207606121,2019年年度报告,莫高股份,2020-04-24,https://static.cninfo.com.cn/finalpage/2020-04-25/1207606121.PDF,2850,2026-08-06,已取得法定年度报告链接
600597,2019,光明乳业股份有限公司,光明乳业,龙头企业身份核实候选,1207542401,2019年年度报告,光明乳业,2020-04-20,https://static.cninfo.com.cn/finalpage/2020-04-21/1207542401.PDF,3521,2026-08-06,已取得法定年度报告链接
600598,2019,黑龙江北大荒农业股份有限公司,北大荒,行业分类候选,1207423704,2019年年度报告,北大荒,2020-03-29,https://static.cninfo.com.cn/finalpage/2020-03-30/1207423704.PDF,4137,2026-08-06,已取得法定年度报告链接
600873,2019,梅花生物科技集团股份有限公司,梅花生物,龙头企业身份核实候选,1207506352,2019年年度报告,梅花生物,2020-04-15,https://static.cninfo.com.cn/finalpage/2020-04-16/1207506352.PDF,4414,2026-08-06,已取得法定年度报告链接
600887,2019,内蒙古伊利实业集团股份有限公司,伊利股份,龙头企业身份核实候选,1207655446,2019年年度报告,伊利股份,2020-04-28,https://static.cninfo.com.cn/finalpage/2020-04-29/1207655446.PDF,3795,2026-08-06,已取得法定年度报告链接
600962,2019,国投中鲁果汁股份有限公司,国投中鲁,龙头企业身份核实候选,1207440513,2019年年度报告,国投中鲁,2020-03-31,https://static.cninfo.com.cn/finalpage/2020-04-01/1207440513.PDF,3340,2026-08-06,已取得法定年度报告链接
600965,2019,河北福成五丰食品股份有限公司,*ST福成,行业分类候选+龙头企业身份核实候选,1207648287,2019年年度报告,福成股份,2020-04-27,https://static.cninfo.com.cn/finalpage/2020-04-28/1207648287.PDF,3554,2026-08-06,已取得法定年度报告链接
600975,2019,湖南新五丰股份有限公司,新五丰,行业分类候选+龙头企业身份核实候选,1207491867,2019年年度报告,新五丰,2020-04-13,https://static.cninfo.com.cn/finalpage/2020-04-14/1207491867.PDF,3692,2026-08-06,已取得法定年度报告链接
601118,2019,海南天然橡胶产业集团股份有限公司,海南橡胶,行业分类候选+龙头企业身份核实候选,1219927659,海南橡胶2019年年度报告（2024年4月修订版）,海南橡胶,2024-04-29,https://static.cninfo.com.cn/finalpage/2024-04-30/1219927659.PDF,4726,2026-08-06,已取得法定年度报告链接
601933,2019,永辉超市股份有限公司,永辉超市,龙头企业身份核实候选,1207670553,2019年年度报告,永辉超市,2020-04-28,https://static.cninfo.com.cn/finalpage/2020-04-29/1207670553.PDF,5576,2026-08-06,已取得法定年度报告链接
601996,2019,广西丰林木业集团股份有限公司,丰林集团,龙头企业身份核实候选,1207473733,2019年年度报告,丰林集团,2020-04-09,https://static.cninfo.com.cn/finalpage/2020-04-10/1207473733.PDF,3249,2026-08-06,已取得法定年度报告链接
603156,2019,河北养元智汇饮品股份有限公司,养元饮品,龙头企业身份核实候选,1207528617,2019年年度报告,养元饮品,2020-04-17,https://static.cninfo.com.cn/finalpage/2020-04-18/1207528617.PDF,3269,2026-08-06,已取得法定年度报告链接
603317,2019,四川天味食品集团股份有限公司,天味食品,龙头企业身份核实候选,1207433014,2019年年度报告,天味食品,2020-03-30,https://static.cninfo.com.cn/finalpage/2020-03-31/1207433014.PDF,3058,2026-08-06,已取得法定年度报告链接
603345,2019,安井食品集团股份有限公司,安井食品,龙头企业身份核实候选,1207491272,2019年年度报告,安井食品,2020-04-13,https://static.cninfo.com.cn/finalpage/2020-04-14/1207491272.PDF,3458,2026-08-06,已取得法定年度报告链接
603668,2019,福建天马科技集团股份有限公司,天马科技,龙头企业身份核实候选,1207329382,2019年年度报告,天马科技,2020-02-27,https://static.cninfo.com.cn/finalpage/2020-02-28/1207329382.PDF,3795,2026-08-06,已取得法定年度报告链接
603708,2019,家家悦集团股份有限公司,家家悦,龙头企业身份核实候选,1207542875,2019年年度报告,家家悦,2020-04-20,https://static.cninfo.com.cn/finalpage/2020-04-21/1207542875.PDF,3379,2026-08-06,已取得法定年度报告链接
000423,2020,东阿阿胶股份有限公司,东阿阿胶,龙头企业身份核实候选,1209419529,2020年年度报告,东阿阿胶,2021-03-19,https://static.cninfo.com.cn/finalpage/2021-03-20/1209419529.PDF,4833,2026-08-06,已取得法定年度报告链接
000538,2020,云南白药集团股份有限公司,云南白药,龙头企业身份核实候选,1209463046,2020年年度报告,云南白药,2021-03-26,https://static.cninfo.com.cn/finalpage/2021-03-27/1209463046.PDF,4678,2026-08-06,已取得法定年度报告链接
000568,2020,泸州老窖股份有限公司,泸州老窖,龙头企业身份核实候选,1209863995,2020年年度报告,泸州老窖,2021-04-29,https://static.cninfo.com.cn/finalpage/2021-04-30/1209863995.PDF,3299,2026-08-06,已取得法定年度报告链接
000592,2020,中福海峡（平潭）发展股份有限公司,平潭发展,行业分类候选,1209867787,2020年年度报告,平潭发展,2021-04-29,https://static.cninfo.com.cn/finalpage/2021-04-30/1209867787.PDF,1235,2026-08-06,已取得法定年度报告链接
000623,2020,吉林敖东药业集团股份有限公司,吉林敖东,龙头企业身份核实候选,1209713844,2020年年度报告,吉林敖东,2021-04-16,https://static.cninfo.com.cn/finalpage/2021-04-17/1209713844.PDF,4864,2026-08-06,已取得法定年度报告链接
000713,2020,国投丰乐种业股份有限公司,国投丰乐,行业分类候选+龙头企业身份核实候选,1209832747,2020年年度报告,丰乐种业,2021-04-27,https://static.cninfo.com.cn/finalpage/2021-04-28/1209832747.PDF,3709,2026-08-06,已取得法定年度报告链接
000735,2020,罗牛山股份有限公司,罗 牛 山,行业分类候选+龙头企业身份核实候选,1210046988,2020年年度报告（更新后）,罗 牛 山,2021-05-21,https://static.cninfo.com.cn/finalpage/2021-05-22/1210046988.PDF,7063,2026-08-06,已取得法定年度报告链接
000798,2020,中水集团远洋股份有限公司,中水渔业,行业分类候选,1209253238,2020年年度报告,中水渔业,2021-02-05,https://static.cninfo.com.cn/finalpage/2021-02-06/1209253238.PDF,3847,2026-08-06,已取得法定年度报告链接
000848,2020,承德露露股份公司,承德露露,龙头企业身份核实候选,1209812730,2020年年度报告,承德露露,2021-04-26,https://static.cninfo.com.cn/finalpage/2021-04-27/1209812730.PDF,976,2026-08-06,已取得法定年度报告链接
000860,2020,北京顺鑫农业股份有限公司,顺鑫农业,龙头企业身份核实候选,1209683129,2020年年度报告,顺鑫农业,2021-04-13,https://static.cninfo.com.cn/finalpage/2021-04-14/1209683129.PDF,1164,2026-08-06,已取得法定年度报告链接
000910,2020,大亚圣象家居股份有限公司,大亚圣象,龙头企业身份核实候选,1209452037,2020年年度报告,大亚圣象,2021-03-25,https://static.cninfo.com.cn/finalpage/2021-03-26/1209452037.PDF,1343,2026-08-06,已取得法定年度报告链接
000998,2020,袁隆平农业高科技股份有限公司,隆平高科,行业分类候选+龙头企业身份核实候选,1209869920,2020年年度报告,隆平高科,2021-04-29,https://static.cninfo.com.cn/finalpage/2021-04-30/1209869920.PDF,2062,2026-08-06,已取得法定年度报告链接
002041,2020,山东登海种业股份有限公司,登海种业,行业分类候选+龙头企业身份核实候选,1209736731,2020年年度报告（更新后）,登海种业,2021-04-20,https://static.cninfo.com.cn/finalpage/2021-04-21/1209736731.PDF,2897,2026-08-06,已取得法定年度报告链接
002069,2020,獐子岛集团股份有限公司,獐子岛,行业分类候选,1209860375,2020年年度报告,獐子岛,2021-04-28,https://static.cninfo.com.cn/finalpage/2021-04-29/1209860375.PDF,5113,2026-08-06,已取得法定年度报告链接
002086,2020,山东东方海洋科技股份有限公司,东方海洋,行业分类候选,1209935904,2020年年度报告（更新后）,*ST东洋,2021-05-06,https://static.cninfo.com.cn/finalpage/2021-05-07/1209935904.PDF,3492,2026-08-06,已取得法定年度报告链接
002100,2020,天康生物股份有限公司,天康生物,龙头企业身份核实候选,1209774379,2020年年度报告,天康生物,2021-04-22,https://static.cninfo.com.cn/finalpage/2021-04-23/1209774379.PDF,4200,2026-08-06,已取得法定年度报告链接
002124,2020,天邦食品股份有限公司,天邦食品,龙头企业身份核实候选,1209740052,2020年年度报告,天邦股份,2021-04-20,https://static.cninfo.com.cn/finalpage/2021-04-21/1209740052.PDF,4217,2026-08-06,已取得法定年度报告链接
002166,2020,桂林莱茵生物科技股份有限公司,莱茵生物,龙头企业身份核实候选,1209488957,2020年年度报告,莱茵生物,2021-03-30,https://static.cninfo.com.cn/finalpage/2021-03-31/1209488957.PDF,3181,2026-08-06,已取得法定年度报告链接
002200,2020,云南交投生态科技股份有限公司,交投生态,行业分类候选,1210211676,2020年年度报告（更新后）,ST云投,2021-06-09,https://static.cninfo.com.cn/finalpage/2021-06-10/1210211676.PDF,3700,2026-08-06,已取得法定年度报告链接
002216,2020,三全食品股份有限公司,三全食品,龙头企业身份核实候选,1209692572,2020年年度报告,三全食品,2021-04-14,https://static.cninfo.com.cn/finalpage/2021-04-15/1209692572.PDF,3401,2026-08-06,已取得法定年度报告链接
002234,2020,山东民和牧业股份有限公司,民和股份,行业分类候选+龙头企业身份核实候选,1209810808,2020年年度报告,民和股份,2021-04-26,https://static.cninfo.com.cn/finalpage/2021-04-27/1209810808.PDF,3790,2026-08-06,已取得法定年度报告链接
002286,2020,保龄宝生物股份有限公司,保龄宝,龙头企业身份核实候选,1209850534,2020年年度报告,保龄宝,2021-04-28,https://static.cninfo.com.cn/finalpage/2021-04-29/1209850534.PDF,3361,2026-08-06,已取得法定年度报告链接
002299,2020,福建圣农发展股份有限公司,圣农发展,行业分类候选,1209724366,2020年年度报告,圣农发展,2021-04-19,https://static.cninfo.com.cn/finalpage/2021-04-20/1209724366.PDF,4205,2026-08-06,已取得法定年度报告链接
002311,2020,广东海大集团股份有限公司,海大集团,龙头企业身份核实候选,1209723720,2020年年度报告,海大集团,2021-04-19,https://static.cninfo.com.cn/finalpage/2021-04-20/1209723720.PDF,4334,2026-08-06,已取得法定年度报告链接
002321,2020,河南华英农业发展股份有限公司,华英农业,行业分类候选+龙头企业身份核实候选,1210688205,2020年年度报告（更新后）,*ST华英,2021-08-06,https://static.cninfo.com.cn/finalpage/2021-08-07/1210688205.PDF,4511,2026-08-06,已取得法定年度报告链接
002329,2020,皇氏集团股份有限公司,皇氏集团,龙头企业身份核实候选,1209870076,2020年年度报告,皇氏集团,2021-04-29,https://static.cninfo.com.cn/finalpage/2021-04-30/1209870076.PDF,2316,2026-08-06,已取得法定年度报告链接
002385,2020,北京大北农科技集团股份有限公司,大北农,龙头企业身份核实候选,1209740305,2020年年度报告,大北农,2021-04-20,https://static.cninfo.com.cn/finalpage/2021-04-21/1209740305.PDF,4980,2026-08-06,已取得法定年度报告链接
002390,2020,贵州信邦制药股份有限公司,信邦制药,龙头企业身份核实候选,1209474713,2020年年度报告,信邦制药,2021-03-29,https://static.cninfo.com.cn/finalpage/2021-03-30/1209474713.PDF,4239,2026-08-06,已取得法定年度报告链接
002424,2020,贵州百灵企业集团制药股份有限公司,ST百灵,龙头企业身份核实候选,1209870633,2020年年度报告,贵州百灵,2021-04-29,https://static.cninfo.com.cn/finalpage/2021-04-30/1209870633.PDF,3391,2026-08-06,已取得法定年度报告链接
002431,2020,棕榈生态城镇发展股份有限公司,ST棕榈,龙头企业身份核实候选,1210551634,2020年年度报告（更新后）,棕榈股份,2021-07-22,https://static.cninfo.com.cn/finalpage/2021-07-23/1210551634.PDF,5173,2026-08-06,已取得法定年度报告链接
002458,2020,山东益生种畜禽股份有限公司,益生股份,行业分类候选+龙头企业身份核实候选,1209324835,2020年年度报告,益生股份,2021-03-02,https://static.cninfo.com.cn/finalpage/2021-03-03/1209324835.PDF,3406,2026-08-06,已取得法定年度报告链接
002507,2020,重庆市涪陵榨菜集团股份有限公司,涪陵榨菜,龙头企业身份核实候选,1209847174,2020年年度报告,涪陵榨菜,2021-04-28,https://static.cninfo.com.cn/finalpage/2021-04-29/1209847174.PDF,2824,2026-08-06,已取得法定年度报告链接
002557,2020,洽洽食品股份有限公司,洽洽食品,龙头企业身份核实候选,1209703663,2020年年度报告,洽洽食品,2021-04-15,https://static.cninfo.com.cn/finalpage/2021-04-16/1209703663.PDF,3227,2026-08-06,已取得法定年度报告链接
002566,2020,吉林省集安益盛药业股份有限公司,益盛药业,龙头企业身份核实候选,1209711313,2020年年度报告,益盛药业,2021-04-16,https://static.cninfo.com.cn/finalpage/2021-04-17/1209711313.PDF,2796,2026-08-06,已取得法定年度报告链接
002567,2020,唐人神集团股份有限公司,唐人神,龙头企业身份核实候选,1209626148,2020年年度报告,唐人神,2021-04-01,https://static.cninfo.com.cn/finalpage/2021-04-02/1209626148.PDF,4319,2026-08-06,已取得法定年度报告链接
002582,2020,好想你健康食品股份有限公司,好想你,龙头企业身份核实候选,1209855515,2020年年度报告,好想你,2021-04-28,https://static.cninfo.com.cn/finalpage/2021-04-29/1209855515.PDF,3588,2026-08-06,已取得法定年度报告链接
002650,2020,加加食品集团股份有限公司,ST加加,龙头企业身份核实候选,1209857062,2020年年度报告,ST加加,2021-04-28,https://static.cninfo.com.cn/finalpage/2021-04-29/1209857062.PDF,4126,2026-08-06,已取得法定年度报告链接
002679,2020,福建金森林业股份有限公司,福建金森,行业分类候选,1209848726,2020年年度报告,福建金森,2021-04-28,https://static.cninfo.com.cn/finalpage/2021-04-29/1209848726.PDF,960,2026-08-06,已取得法定年度报告链接
002688,2020,金河生物科技股份有限公司,金河生物,龙头企业身份核实候选,1209485652,2020年年度报告,金河生物,2021-03-30,https://static.cninfo.com.cn/finalpage/2021-03-31/1209485652.PDF,4180,2026-08-06,已取得法定年度报告链接
002696,2020,百洋产业投资集团股份有限公司,百洋股份,行业分类候选+龙头企业身份核实候选,1209837715,2020年年度报告,百洋股份,2021-04-27,https://static.cninfo.com.cn/finalpage/2021-04-28/1209837715.PDF,3770,2026-08-06,已取得法定年度报告链接
002702,2020,海欣食品股份有限公司,海欣食品,龙头企业身份核实候选,1209737590,2020年年度报告,海欣食品,2021-04-20,https://static.cninfo.com.cn/finalpage/2021-04-21/1209737590.PDF,3633,2026-08-06,已取得法定年度报告链接
002714,2020,牧原食品集团股份有限公司,牧原股份,行业分类候选+龙头企业身份核实候选,1209868216,2020年年度报告,牧原股份,2021-04-29,https://static.cninfo.com.cn/finalpage/2021-04-30/1209868216.PDF,5280,2026-08-06,已取得法定年度报告链接
002719,2020,麦趣尔集团股份有限公司,ST麦趣,龙头企业身份核实候选,1211934925,2020年年度报告（更新后）,*ST麦趣,2021-12-16,https://static.cninfo.com.cn/finalpage/2021-12-17/1211934925.PDF,3069,2026-08-06,已取得法定年度报告链接
002732,2020,广东燕塘乳业股份有限公司,燕塘乳业,龙头企业身份核实候选,1209775107,2020年年度报告,燕塘乳业,2021-04-22,https://static.cninfo.com.cn/finalpage/2021-04-23/1209775107.PDF,3448,2026-08-06,已取得法定年度报告链接
002746,2020,山东仙坛集团股份有限公司,仙坛股份,行业分类候选+龙头企业身份核实候选,1209473048,2020年年度报告,仙坛股份,2021-03-29,https://static.cninfo.com.cn/finalpage/2021-03-30/1209473048.PDF,3187,2026-08-06,已取得法定年度报告链接
002772,2020,天水众兴菌业科技股份有限公司,众兴菌业,行业分类候选+龙头企业身份核实候选,1209454487,2020年年度报告,众兴菌业,2021-03-25,https://static.cninfo.com.cn/finalpage/2021-03-26/1209454487.PDF,3899,2026-08-06,已取得法定年度报告链接
002847,2020,盐津铺子食品股份有限公司,盐津铺子,龙头企业身份核实候选,1209492236,2020年年度报告,盐津铺子,2021-03-30,https://static.cninfo.com.cn/finalpage/2021-03-31/1209492236.PDF,3438,2026-08-06,已取得法定年度报告链接
002852,2020,道道全粮油股份有限公司,道道全,龙头企业身份核实候选,1209692397,2020年年度报告,道道全,2021-04-14,https://static.cninfo.com.cn/finalpage/2021-04-15/1209692397.PDF,3438,2026-08-06,已取得法定年度报告链接
002873,2020,贵阳新天药业股份有限公司,新天药业,龙头企业身份核实候选,1209869800,2020年年度报告,新天药业,2021-04-29,https://static.cninfo.com.cn/finalpage/2021-04-30/1209869800.PDF,3096,2026-08-06,已取得法定年度报告链接
002910,2020,兰州庄园牧场股份有限公司,庄园牧场,龙头企业身份核实候选,1209476508,2020年年度报告,庄园牧场,2021-03-29,https://static.cninfo.com.cn/finalpage/2021-03-30/1209476508.PDF,2201,2026-08-06,已取得法定年度报告链接
002982,2020,湖南湘佳牧业股份有限公司,湘佳股份,行业分类候选+龙头企业身份核实候选,1209384870,2020年年度报告,湘佳股份,2021-03-15,https://static.cninfo.com.cn/finalpage/2021-03-16/1209384870.PDF,3638,2026-08-06,已取得法定年度报告链接
300087,2020,安徽荃银高科种业股份有限公司,ST荃银,行业分类候选+龙头企业身份核实候选,1209772503,2020年年度报告,荃银高科,2021-04-22,https://static.cninfo.com.cn/finalpage/2021-04-23/1209772503.PDF,3790,2026-08-06,已取得法定年度报告链接
300094,2020,湛江国联水产开发股份有限公司,国联水产,行业分类候选+龙头企业身份核实候选,1209854106,2020年年度报告,国联水产,2021-04-28,https://static.cninfo.com.cn/finalpage/2021-04-29/1209854106.PDF,10379,2026-08-06,已取得法定年度报告链接
300106,2020,新疆西部牧业股份有限公司,西部牧业,行业分类候选,1210500562,2020年年度报告（更新后）,西部牧业,2021-07-16,https://static.cninfo.com.cn/finalpage/2021-07-16/1210500562.PDF,3282,2026-08-06,已取得法定年度报告链接
300138,2020,晨光生物科技集团股份有限公司,晨光生物,龙头企业身份核实候选,1209427901,2020年年度报告,晨光生物,2021-03-22,https://static.cninfo.com.cn/finalpage/2021-03-23/1209427901.PDF,6259,2026-08-06,已取得法定年度报告链接
300158,2020,山西振东制药股份有限公司,振东制药,龙头企业身份核实候选,1210269050,2020年年度报告（更新后）,振东制药,2021-06-17,https://static.cninfo.com.cn/finalpage/2021-06-17/1210269050.PDF,4832,2026-08-06,已取得法定年度报告链接
300189,2020,海南神农种业科技股份有限公司,神农种业,行业分类候选+龙头企业身份核实候选,1209836036,2020年年度报告,神农科技,2021-04-27,https://static.cninfo.com.cn/finalpage/2021-04-28/1209836036.PDF,4166,2026-08-06,已取得法定年度报告链接
300313,2020,新疆天山畜牧生物工程股份有限公司,天山生物,行业分类候选,1209817650,2020年年度报告,天山生物,2021-04-26,https://static.cninfo.com.cn/finalpage/2021-04-27/1209817650.PDF,3533,2026-08-06,已取得法定年度报告链接
300498,2020,温氏食品集团股份有限公司,温氏股份,行业分类候选+龙头企业身份核实候选,1209759675,2020年年度报告,温氏股份,2021-04-21,https://static.cninfo.com.cn/finalpage/2021-04-22/1209759675.PDF,9905,2026-08-06,已取得法定年度报告链接
300511,2020,上海雪榕生物科技股份有限公司,雪榕生物,行业分类候选+龙头企业身份核实候选,1219839663,上海雪榕生物科技股份有限公司2020年年度报告（更正后）,雪榕生物,2024-04-25,https://static.cninfo.com.cn/finalpage/2024-04-26/1219839663.PDF,6631,2026-08-06,已取得法定年度报告链接
300761,2020,江苏立华食品集团股份有限公司,立华股份,行业分类候选,1209346960,2020年年度报告,立华股份,2021-03-05,https://static.cninfo.com.cn/finalpage/2021-03-06/1209346960.PDF,3745,2026-08-06,已取得法定年度报告链接
300783,2020,三只松鼠股份有限公司,三只松鼠,龙头企业身份核实候选,1209464627,2020年年度报告,三只松鼠,2021-03-26,https://static.cninfo.com.cn/finalpage/2021-03-27/1209464627.PDF,4246,2026-08-06,已取得法定年度报告链接
300908,2020,仲景食品股份有限公司,仲景食品,龙头企业身份核实候选,1209641989,2020年年度报告,仲景食品,2021-04-06,https://static.cninfo.com.cn/finalpage/2021-04-07/1209641989.PDF,3458,2026-08-06,已取得法定年度报告链接
600097,2020,上海开创国际海洋资源股份有限公司,开创国际,行业分类候选,1209566274,开创国际2020年年度报告全文,开创国际,2021-03-31,https://static.cninfo.com.cn/finalpage/2021-04-01/1209566274.PDF,3097,2026-08-06,已取得法定年度报告链接
600108,2020,甘肃亚盛实业(集团)股份有限公司,亚盛集团,行业分类候选+龙头企业身份核实候选,1209833234,亚盛集团2020年年度报告.docx,亚盛集团,2021-04-27,https://static.cninfo.com.cn/finalpage/2021-04-28/1209833234.PDF,3264,2026-08-06,已取得法定年度报告链接
600127,2020,金健米业股份有限公司,金健米业,龙头企业身份核实候选,1209625390,金健米业2020年年度报告全文,金健米业,2021-04-01,https://static.cninfo.com.cn/finalpage/2021-04-02/1209625390.PDF,3786,2026-08-06,已取得法定年度报告链接
600129,2020,重庆太极实业(集团)股份有限公司,太极集团,龙头企业身份核实候选,1209789490,太极集团2020年年度报告,太极集团,2021-04-23,https://static.cninfo.com.cn/finalpage/2021-04-24/1209789490.PDF,4375,2026-08-06,已取得法定年度报告链接
600195,2020,中牧实业股份有限公司,中牧股份,龙头企业身份核实候选,1209489735,中牧实业股份有限公司2020年年度报告全文,中牧股份,2021-03-30,https://static.cninfo.com.cn/finalpage/2021-03-31/1209489735.PDF,3779,2026-08-06,已取得法定年度报告链接
600211,2020,西藏诺迪康药业股份有限公司,西藏药业,龙头企业身份核实候选,1209371503,西藏药业2020年年度报告全文,西藏药业,2021-03-11,https://static.cninfo.com.cn/finalpage/2021-03-12/1209371503.PDF,4719,2026-08-06,已取得法定年度报告链接
600251,2020,新疆冠农股份有限公司,冠农股份,龙头企业身份核实候选,1209461962,新疆冠农果茸股份有限公司2020年年度报告,冠农股份,2021-03-26,https://static.cninfo.com.cn/finalpage/2021-03-27/1209461962.PDF,3704,2026-08-06,已取得法定年度报告链接
600257,2020,大湖健康产业股份有限公司,大湖股份,行业分类候选,1217360305,大湖水殖股份有限公司2020年年度报告（更正后）,大湖股份,2023-07-21,https://static.cninfo.com.cn/finalpage/2023-07-22/1217360305.PDF,3462,2026-08-06,已取得法定年度报告链接
600265,2020,云南景谷林业股份有限公司,*ST景谷,行业分类候选,1209857505,2020年年度报告,ST景谷,2021-04-28,https://static.cninfo.com.cn/finalpage/2021-04-29/1209857505.PDF,3064,2026-08-06,已取得法定年度报告链接
600285,2020,河南羚锐制药股份有限公司,羚锐制药,龙头企业身份核实候选,1209841465,羚锐制药2020年年度报告,羚锐制药,2021-04-27,https://static.cninfo.com.cn/finalpage/2021-04-28/1209841465.PDF,5885,2026-08-06,已取得法定年度报告链接
600295,2020,内蒙古鄂尔多斯资源股份有限公司,鄂尔多斯,龙头企业身份核实候选,1209688853,600295_2020年_年度报告,鄂尔多斯,2021-04-14,https://static.cninfo.com.cn/finalpage/2021-04-15/1209688853.PDF,5820,2026-08-06,已取得法定年度报告链接
600300,2020,维维食品饮料股份有限公司,维维股份,龙头企业身份核实候选,1209797577,维维股份2020年年度报告,维维股份,2021-04-23,https://static.cninfo.com.cn/finalpage/2021-04-24/1209797577.PDF,4259,2026-08-06,已取得法定年度报告链接
600305,2020,江苏恒顺醋业股份有限公司,恒顺醋业,龙头企业身份核实候选,1209473089,江苏恒顺醋业股份有限公司2020年年度报告,恒顺醋业,2021-03-29,https://static.cninfo.com.cn/finalpage/2021-03-30/1209473089.PDF,4536,2026-08-06,已取得法定年度报告链接
600313,2020,中农发种业集团股份有限公司,农发种业,行业分类候选,1209681003,农发种业2020年年度报告全文,农发种业,2021-04-13,https://static.cninfo.com.cn/finalpage/2021-04-14/1209681003.PDF,4465,2026-08-06,已取得法定年度报告链接
600351,2020,亚宝药业集团股份有限公司,亚宝药业,龙头企业身份核实候选,1209789526,亚宝药业集团股份有限公司2020年年度报告,亚宝药业,2021-04-23,https://static.cninfo.com.cn/finalpage/2021-04-24/1209789526.PDF,4514,2026-08-06,已取得法定年度报告链接
600354,2020,甘肃省敦煌种业集团股份有限公司,敦煌种业,行业分类候选+龙头企业身份核实候选,1209857637,甘肃省敦煌种业集团股份有限公司2020年年度报告,*ST敦种,2021-04-28,https://static.cninfo.com.cn/finalpage/2021-04-29/1209857637.PDF,3496,2026-08-06,已取得法定年度报告链接
600359,2020,新疆塔里木农业综合开发股份有限公司,新农开发,行业分类候选,1210140909,新疆塔里木农业综合开发股份有限公司2020年度报告全文（修正版）,新农开发,2021-06-01,https://static.cninfo.com.cn/finalpage/2021-06-02/1210140909.PDF,4432,2026-08-06,已取得法定年度报告链接
600371,2020,万向德农股份有限公司,万向德农,行业分类候选,1209809737,万向德农股份有限公司2020年年度报告,万向德农,2021-04-26,https://static.cninfo.com.cn/finalpage/2021-04-27/1209809737.PDF,2828,2026-08-06,已取得法定年度报告链接
600419,2020,新疆天润乳业股份有限公司,天润乳业,龙头企业身份核实候选,1209409609,新疆天润乳业股份有限公司2020年年度报告,天润乳业,2021-03-18,https://static.cninfo.com.cn/finalpage/2021-03-19/1209409609.PDF,3597,2026-08-06,已取得法定年度报告链接
600429,2020,北京三元食品股份有限公司,三元股份,龙头企业身份核实候选,1209791390,三元股份2020年年度报告,三元股份,2021-04-23,https://static.cninfo.com.cn/finalpage/2021-04-24/1209791390.PDF,4295,2026-08-06,已取得法定年度报告链接
600438,2020,通威股份有限公司,通威股份,龙头企业身份核实候选,1209677274,通威股份有限公司2020年年度报告,通威股份,2021-04-12,https://static.cninfo.com.cn/finalpage/2021-04-13/1209677274.PDF,4985,2026-08-06,已取得法定年度报告链接
600467,2020,山东好当家海洋发展股份有限公司,好当家,行业分类候选+龙头企业身份核实候选,1209787362,好当家2020年年度报告,好当家,2021-04-23,https://static.cninfo.com.cn/finalpage/2021-04-24/1209787362.PDF,3713,2026-08-06,已取得法定年度报告链接
600479,2020,株洲千金药业股份有限公司,千金药业,龙头企业身份核实候选,1209688970,千金药业2020年年度报告全文,千金药业,2021-04-14,https://static.cninfo.com.cn/finalpage/2021-04-15/1209688970.PDF,3936,2026-08-06,已取得法定年度报告链接
600506,2020,统一低碳科技(新疆)股份有限公司,统一股份,行业分类候选,1209808182,新疆库尔勒香梨股份有限公司2020年年度报告全文,香梨股份,2021-04-26,https://static.cninfo.com.cn/finalpage/2021-04-27/1209808182.PDF,2276,2026-08-06,已取得法定年度报告链接
600540,2020,新疆赛里木现代农业股份有限公司,新赛股份,行业分类候选,1209428402,新疆赛里木现代农业股份有限公司2020年年度报告,新赛股份,2021-03-22,https://static.cninfo.com.cn/finalpage/2021-03-23/1209428402.PDF,5753,2026-08-06,已取得法定年度报告链接
600543,2020,甘肃莫高实业发展股份有限公司,*ST莫高,龙头企业身份核实候选,1209841830,莫高股份2020年年度报告,莫高股份,2021-04-27,https://static.cninfo.com.cn/finalpage/2021-04-28/1209841830.PDF,3053,2026-08-06,已取得法定年度报告链接
600597,2020,光明乳业股份有限公司,光明乳业,龙头企业身份核实候选,1209473510,光明乳业股份有限公司2020年年度报告,光明乳业,2021-03-29,https://static.cninfo.com.cn/finalpage/2021-03-30/1209473510.PDF,5872,2026-08-06,已取得法定年度报告链接
600598,2020,黑龙江北大荒农业股份有限公司,北大荒,行业分类候选,1209473690,黑龙江北大荒农业股份有限公司2020年年度报告,北大荒,2021-03-29,https://static.cninfo.com.cn/finalpage/2021-03-30/1209473690.PDF,4325,2026-08-06,已取得法定年度报告链接
600873,2020,梅花生物科技集团股份有限公司,梅花生物,龙头企业身份核实候选,1209657469,梅花生物2020年年度报告,梅花生物,2021-04-08,https://static.cninfo.com.cn/finalpage/2021-04-09/1209657469.PDF,5355,2026-08-06,已取得法定年度报告链接
600882,2020,上海妙可蓝多食品科技股份有限公司,妙可蓝多,龙头企业身份核实候选,1209858472,2020年年度报告,妙可蓝多,2021-04-28,https://static.cninfo.com.cn/finalpage/2021-04-29/1209858472.PDF,4886,2026-08-06,已取得法定年度报告链接
600887,2020,内蒙古伊利实业集团股份有限公司,伊利股份,龙头企业身份核实候选,1209848484,内蒙古伊利实业集团股份有限公司2020年年度报告,伊利股份,2021-04-28,https://static.cninfo.com.cn/finalpage/2021-04-29/1209848484.PDF,4428,2026-08-06,已取得法定年度报告链接
600962,2020,国投中鲁果汁股份有限公司,国投中鲁,龙头企业身份核实候选,1209567423,国投中鲁2020年年度报告,国投中鲁,2021-03-31,https://static.cninfo.com.cn/finalpage/2021-04-01/1209567423.PDF,3541,2026-08-06,已取得法定年度报告链接
600965,2020,河北福成五丰食品股份有限公司,*ST福成,龙头企业身份核实候选,1209451994,福成股份：公司2020年年度报告,福成股份,2021-03-25,https://static.cninfo.com.cn/finalpage/2021-03-26/1209451994.PDF,3575,2026-08-06,已取得法定年度报告链接
600975,2020,湖南新五丰股份有限公司,新五丰,行业分类候选+龙头企业身份核实候选,1209385266,湖南新五丰股份有限公司2020年年度报告,新五丰,2021-03-15,https://static.cninfo.com.cn/finalpage/2021-03-16/1209385266.PDF,4377,2026-08-06,已取得法定年度报告链接
601118,2020,海南天然橡胶产业集团股份有限公司,海南橡胶,行业分类候选+龙头企业身份核实候选,1219927649,海南橡胶2020年年度报告（2024年4月修订版）,海南橡胶,2024-04-29,https://static.cninfo.com.cn/finalpage/2024-04-30/1219927649.PDF,6469,2026-08-06,已取得法定年度报告链接
601933,2020,永辉超市股份有限公司,永辉超市,龙头企业身份核实候选,1209875986,永辉超市股份有限公司2020年年度报告,永辉超市,2021-04-29,https://static.cninfo.com.cn/finalpage/2021-04-30/1209875986.PDF,5367,2026-08-06,已取得法定年度报告链接
601996,2020,广西丰林木业集团股份有限公司,丰林集团,龙头企业身份核实候选,1209496091,广西丰林木业集团股份有限公司2020年年度报告全文,丰林集团,2021-03-30,https://static.cninfo.com.cn/finalpage/2021-03-31/1209496091.PDF,3506,2026-08-06,已取得法定年度报告链接
603156,2020,河北养元智汇饮品股份有限公司,养元饮品,龙头企业身份核实候选,1209800248,养元饮品2020年年度报告,养元饮品,2021-04-25,https://static.cninfo.com.cn/finalpage/2021-04-26/1209800248.PDF,3590,2026-08-06,已取得法定年度报告链接
603317,2020,四川天味食品集团股份有限公司,天味食品,龙头企业身份核实候选,1209496234,2020年年度报告,天味食品,2021-03-30,https://static.cninfo.com.cn/finalpage/2021-03-31/1209496234.PDF,4498,2026-08-06,已取得法定年度报告链接
603336,2020,宏辉果蔬股份有限公司,宏辉果蔬,龙头企业身份核实候选,1209463305,2020年年度报告,宏辉果蔬,2021-03-26,https://static.cninfo.com.cn/finalpage/2021-03-27/1209463305.PDF,4953,2026-08-06,已取得法定年度报告链接
603345,2020,安井食品集团股份有限公司,安井食品,龙头企业身份核实候选,1209678508,安井食品2020年年度报告,安井食品,2021-04-12,https://static.cninfo.com.cn/finalpage/2021-04-13/1209678508.PDF,4042,2026-08-06,已取得法定年度报告链接
603477,2020,乐山巨星农牧股份有限公司,巨星农牧,行业分类候选,1209566974,巨星农牧2020年年度报告,巨星农牧,2021-03-31,https://static.cninfo.com.cn/finalpage/2021-04-01/1209566974.PDF,3877,2026-08-06,已取得法定年度报告链接
603517,2020,绝味食品股份有限公司,ST绝味,龙头企业身份核实候选,1209700784,绝味食品2020年度报告全文,绝味食品,2021-04-15,https://static.cninfo.com.cn/finalpage/2021-04-16/1209700784.PDF,4078,2026-08-06,已取得法定年度报告链接
603668,2020,福建天马科技集团股份有限公司,天马科技,龙头企业身份核实候选,1209876787,天马科技2020年年度报告全文,天马科技,2021-04-29,https://static.cninfo.com.cn/finalpage/2021-04-30/1209876787.PDF,5770,2026-08-06,已取得法定年度报告链接
603708,2020,家家悦集团股份有限公司,家家悦,龙头企业身份核实候选,1209879936,家家悦集团股份有限公司2020年年度报告,家家悦,2021-04-29,https://static.cninfo.com.cn/finalpage/2021-04-30/1209879936.PDF,3907,2026-08-06,已取得法定年度报告链接
605179,2020,浙江一鸣食品股份有限公司,一鸣食品,龙头企业身份核实候选,1209701699,2020年年度报告,一鸣食品,2021-04-15,https://static.cninfo.com.cn/finalpage/2021-04-16/1209701699.PDF,3605,2026-08-06,已取得法定年度报告链接
605198,2020,烟台北方安德利果汁股份有限公司,安德利,龙头企业身份核实候选,1209496520,德利股份：2020年年度报告,德利股份,2021-03-30,https://static.cninfo.com.cn/finalpage/2021-03-31/1209496520.PDF,3791,2026-08-06,已取得法定年度报告链接
605338,2020,中饮巴比食品股份有限公司,巴比食品,龙头企业身份核实候选,1209844746,2020年年度报告,巴比食品,2021-04-27,https://static.cninfo.com.cn/finalpage/2021-04-28/1209844746.PDF,4837,2026-08-06,已取得法定年度报告链接
000423,2021,东阿阿胶股份有限公司,东阿阿胶,龙头企业身份核实候选,1212685160,2021年年度报告,东阿阿胶,2022-03-25,https://static.cninfo.com.cn/finalpage/2022-03-26/1212685160.PDF,5377,2026-08-06,已取得法定年度报告链接
000538,2021,云南白药集团股份有限公司,云南白药,龙头企业身份核实候选,1212688576,2021年年度报告,云南白药,2022-03-25,https://static.cninfo.com.cn/finalpage/2022-03-26/1212688576.PDF,5657,2026-08-06,已取得法定年度报告链接
000568,2021,泸州老窖股份有限公司,泸州老窖,龙头企业身份核实候选,1213196184,2021年年度报告,泸州老窖,2022-04-28,https://static.cninfo.com.cn/finalpage/2022-04-29/1213196184.PDF,3336,2026-08-06,已取得法定年度报告链接
000592,2021,中福海峡（平潭）发展股份有限公司,平潭发展,行业分类候选,1213145510,2021年年度报告,平潭发展,2022-04-26,https://static.cninfo.com.cn/finalpage/2022-04-27/1213145510.PDF,5888,2026-08-06,已取得法定年度报告链接
000623,2021,吉林敖东药业集团股份有限公司,吉林敖东,龙头企业身份核实候选,1212942642,2021年年度报告,吉林敖东,2022-04-15,https://static.cninfo.com.cn/finalpage/2022-04-16/1212942642.PDF,5217,2026-08-06,已取得法定年度报告链接
000713,2021,国投丰乐种业股份有限公司,国投丰乐,行业分类候选+龙头企业身份核实候选,1212976110,2021年年度报告,丰乐种业,2022-04-19,https://static.cninfo.com.cn/finalpage/2022-04-20/1212976110.PDF,3732,2026-08-06,已取得法定年度报告链接
000735,2021,罗牛山股份有限公司,罗 牛 山,行业分类候选+龙头企业身份核实候选,1213260459,2021年年度报告,罗 牛 山,2022-04-29,https://static.cninfo.com.cn/finalpage/2022-04-30/1213260459.PDF,4021,2026-08-06,已取得法定年度报告链接
000798,2021,中水集团远洋股份有限公司,中水渔业,行业分类候选,1212333125,2021年年度报告,中水渔业,2022-02-09,https://static.cninfo.com.cn/finalpage/2022-02-10/1212333125.PDF,4244,2026-08-06,已取得法定年度报告链接
000848,2021,承德露露股份公司,承德露露,龙头企业身份核实候选,1212881732,2021年年度报告,承德露露,2022-04-11,https://static.cninfo.com.cn/finalpage/2022-04-12/1212881732.PDF,1027,2026-08-06,已取得法定年度报告链接
000860,2021,北京顺鑫农业股份有限公司,顺鑫农业,龙头企业身份核实候选,1213167737,2021年年度报告,顺鑫农业,2022-04-27,https://static.cninfo.com.cn/finalpage/2022-04-28/1213167737.PDF,1193,2026-08-06,已取得法定年度报告链接
000910,2021,大亚圣象家居股份有限公司,大亚圣象,龙头企业身份核实候选,1212705334,2021年年度报告,大亚圣象,2022-03-28,https://static.cninfo.com.cn/finalpage/2022-03-29/1212705334.PDF,1332,2026-08-06,已取得法定年度报告链接
000998,2021,袁隆平农业高科技股份有限公司,隆平高科,行业分类候选+龙头企业身份核实候选,1213109016,2021年年度报告,隆平高科,2022-04-25,https://static.cninfo.com.cn/finalpage/2022-04-26/1213109016.PDF,4549,2026-08-06,已取得法定年度报告链接
001201,2021,东瑞食品集团股份有限公司,东瑞股份,行业分类候选+龙头企业身份核实候选,1213167484,2021年年度报告,东瑞股份,2022-04-27,https://static.cninfo.com.cn/finalpage/2022-04-28/1213167484.PDF,1266,2026-08-06,已取得法定年度报告链接
002041,2021,山东登海种业股份有限公司,登海种业,行业分类候选+龙头企业身份核实候选,1212966700,2021年年度报告,登海种业,2022-04-18,https://static.cninfo.com.cn/finalpage/2022-04-19/1212966700.PDF,3024,2026-08-06,已取得法定年度报告链接
002069,2021,獐子岛集团股份有限公司,獐子岛,行业分类候选,1213263535,2021年年度报告,獐子岛,2022-04-29,https://static.cninfo.com.cn/finalpage/2022-04-30/1213263535.PDF,5251,2026-08-06,已取得法定年度报告链接
002086,2021,山东东方海洋科技股份有限公司,东方海洋,行业分类候选,1213266521,2021年年度报告,ST东洋,2022-04-29,https://static.cninfo.com.cn/finalpage/2022-04-30/1213266521.PDF,4256,2026-08-06,已取得法定年度报告链接
002100,2021,天康生物股份有限公司,天康生物,龙头企业身份核实候选,1213138243,2021年年度报告,天康生物,2022-04-26,https://static.cninfo.com.cn/finalpage/2022-04-27/1213138243.PDF,4531,2026-08-06,已取得法定年度报告链接
002124,2021,天邦食品股份有限公司,天邦食品,行业分类候选+龙头企业身份核实候选,1213189424,2021年年度报告,天邦股份,2022-04-27,https://static.cninfo.com.cn/finalpage/2022-04-28/1213189424.PDF,1362,2026-08-06,已取得法定年度报告链接
002157,2021,江西正邦科技股份有限公司,正邦科技,行业分类候选,1213251585,2021年年度报告,正邦科技,2022-04-29,https://static.cninfo.com.cn/finalpage/2022-04-30/1213251585.PDF,1884,2026-08-06,已取得法定年度报告链接
002166,2021,桂林莱茵生物科技股份有限公司,莱茵生物,龙头企业身份核实候选,1212924105,2021年年度报告,莱茵生物,2022-04-14,https://static.cninfo.com.cn/finalpage/2022-04-15/1212924105.PDF,2174,2026-08-06,已取得法定年度报告链接
002200,2021,云南交投生态科技股份有限公司,交投生态,行业分类候选,1213551383,2021年年度报告（更正后）,ST云投,2022-05-30,https://static.cninfo.com.cn/finalpage/2022-05-31/1213551383.PDF,3782,2026-08-06,已取得法定年度报告链接
002216,2021,三全食品股份有限公司,三全食品,龙头企业身份核实候选,1212961963,2021年年度报告,三全食品,2022-04-18,https://static.cninfo.com.cn/finalpage/2022-04-19/1212961963.PDF,3501,2026-08-06,已取得法定年度报告链接
002234,2021,山东民和牧业股份有限公司,民和股份,行业分类候选+龙头企业身份核实候选,1212685630,2021年年度报告,民和股份,2022-03-25,https://static.cninfo.com.cn/finalpage/2022-03-26/1212685630.PDF,3923,2026-08-06,已取得法定年度报告链接
002286,2021,保龄宝生物股份有限公司,保龄宝,龙头企业身份核实候选,1213205314,2021年年度报告,保龄宝,2022-04-28,https://static.cninfo.com.cn/finalpage/2022-04-29/1213205314.PDF,4007,2026-08-06,已取得法定年度报告链接
002299,2021,福建圣农发展股份有限公司,圣农发展,行业分类候选,1213004638,2021年年度报告,圣农发展,2022-04-20,https://static.cninfo.com.cn/finalpage/2022-04-21/1213004638.PDF,5240,2026-08-06,已取得法定年度报告链接
002311,2021,广东海大集团股份有限公司,海大集团,龙头企业身份核实候选,1212885355,2021年年度报告,海大集团,2022-04-11,https://static.cninfo.com.cn/finalpage/2022-04-12/1212885355.PDF,4943,2026-08-06,已取得法定年度报告链接
002321,2021,河南华英农业发展股份有限公司,华英农业,行业分类候选+龙头企业身份核实候选,1213266621,2021年年度报告,*ST华英,2022-04-29,https://static.cninfo.com.cn/finalpage/2022-04-30/1213266621.PDF,4376,2026-08-06,已取得法定年度报告链接
002329,2021,皇氏集团股份有限公司,皇氏集团,龙头企业身份核实候选,1213357781,皇氏集团股份有限公司2021年年度报告,皇氏集团,2022-05-13,https://static.cninfo.com.cn/finalpage/2022-05-14/1213357781.PDF,7262,2026-08-06,已取得法定年度报告链接
002385,2021,北京大北农科技集团股份有限公司,大北农,龙头企业身份核实候选,1213062376,2021年年度报告,大北农,2022-04-22,https://static.cninfo.com.cn/finalpage/2022-04-23/1213062376.PDF,4961,2026-08-06,已取得法定年度报告链接
002390,2021,贵州信邦制药股份有限公司,信邦制药,龙头企业身份核实候选,1212922614,2021年年度报告,信邦制药,2022-04-14,https://static.cninfo.com.cn/finalpage/2022-04-15/1212922614.PDF,4900,2026-08-06,已取得法定年度报告链接
002424,2021,贵州百灵企业集团制药股份有限公司,ST百灵,龙头企业身份核实候选,1213056098,2021年年度报告,贵州百灵,2022-04-22,https://static.cninfo.com.cn/finalpage/2022-04-23/1213056098.PDF,3623,2026-08-06,已取得法定年度报告链接
002431,2021,棕榈生态城镇发展股份有限公司,ST棕榈,龙头企业身份核实候选,1213149094,2021年年度报告,棕榈股份,2022-04-26,https://static.cninfo.com.cn/finalpage/2022-04-27/1213149094.PDF,4913,2026-08-06,已取得法定年度报告链接
002458,2021,山东益生种畜禽股份有限公司,益生股份,行业分类候选+龙头企业身份核实候选,1212457495,2021年年度报告,益生股份,2022-02-25,https://static.cninfo.com.cn/finalpage/2022-02-26/1212457495.PDF,3370,2026-08-06,已取得法定年度报告链接
002507,2021,重庆市涪陵榨菜集团股份有限公司,涪陵榨菜,龙头企业身份核实候选,1212606350,2021年年度报告,涪陵榨菜,2022-03-17,https://static.cninfo.com.cn/finalpage/2022-03-18/1212606350.PDF,2901,2026-08-06,已取得法定年度报告链接
002548,2021,深圳市金新农科技股份有限公司,金新农,龙头企业身份核实候选,1213109835,2021年年度报告,金新农,2022-04-25,https://static.cninfo.com.cn/finalpage/2022-04-26/1213109835.PDF,4356,2026-08-06,已取得法定年度报告链接
002557,2021,洽洽食品股份有限公司,洽洽食品,龙头企业身份核实候选,1212887693,2021年年度报告,洽洽食品,2022-04-11,https://static.cninfo.com.cn/finalpage/2022-04-12/1212887693.PDF,3795,2026-08-06,已取得法定年度报告链接
002566,2021,吉林省集安益盛药业股份有限公司,益盛药业,龙头企业身份核实候选,1212973798,2021年年度报告,益盛药业,2022-04-19,https://static.cninfo.com.cn/finalpage/2022-04-20/1212973798.PDF,2889,2026-08-06,已取得法定年度报告链接
002567,2021,唐人神集团股份有限公司,唐人神,龙头企业身份核实候选,1213212330,2021年年度报告,唐人神,2022-04-28,https://static.cninfo.com.cn/finalpage/2022-04-29/1213212330.PDF,4863,2026-08-06,已取得法定年度报告链接
002582,2021,好想你健康食品股份有限公司,好想你,龙头企业身份核实候选,1213207137,2021年年度报告,好想你,2022-04-28,https://static.cninfo.com.cn/finalpage/2022-04-29/1213207137.PDF,3869,2026-08-06,已取得法定年度报告链接
002650,2021,加加食品集团股份有限公司,ST加加,龙头企业身份核实候选,1213000148,2021年年度报告,加加食品,2022-04-20,https://static.cninfo.com.cn/finalpage/2022-04-21/1213000148.PDF,4489,2026-08-06,已取得法定年度报告链接
002679,2021,福建金森林业股份有限公司,福建金森,行业分类候选,1213253319,2021年年度报告,福建金森,2022-04-29,https://static.cninfo.com.cn/finalpage/2022-04-30/1213253319.PDF,953,2026-08-06,已取得法定年度报告链接
002688,2021,金河生物科技股份有限公司,金河生物,龙头企业身份核实候选,1213631360,2021年年度报告全文（更正后）,金河生物,2022-06-07,https://static.cninfo.com.cn/finalpage/2022-06-08/1213631360.PDF,4564,2026-08-06,已取得法定年度报告链接
002696,2021,百洋产业投资集团股份有限公司,百洋股份,行业分类候选+龙头企业身份核实候选,1213135924,2021年年度报告,百洋股份,2022-04-26,https://static.cninfo.com.cn/finalpage/2022-04-27/1213135924.PDF,4359,2026-08-06,已取得法定年度报告链接
002702,2021,海欣食品股份有限公司,海欣食品,龙头企业身份核实候选,1213135765,2021年年度报告,海欣食品,2022-04-26,https://static.cninfo.com.cn/finalpage/2022-04-27/1213135765.PDF,3778,2026-08-06,已取得法定年度报告链接
002714,2021,牧原食品集团股份有限公司,牧原股份,行业分类候选+龙头企业身份核实候选,1213254727,2021年年度报告,牧原股份,2022-04-29,https://static.cninfo.com.cn/finalpage/2022-04-30/1213254727.PDF,5457,2026-08-06,已取得法定年度报告链接
002719,2021,麦趣尔集团股份有限公司,ST麦趣,龙头企业身份核实候选,1213106351,2021年年度报告,麦趣尔,2022-04-25,https://static.cninfo.com.cn/finalpage/2022-04-26/1213106351.PDF,849,2026-08-06,已取得法定年度报告链接
002732,2021,广东燕塘乳业股份有限公司,燕塘乳业,龙头企业身份核实候选,1213170188,2021年年度报告,燕塘乳业,2022-04-27,https://static.cninfo.com.cn/finalpage/2022-04-28/1213170188.PDF,6643,2026-08-06,已取得法定年度报告链接
002746,2021,山东仙坛集团股份有限公司,仙坛股份,龙头企业身份核实候选,1213098650,2021年年度报告,仙坛股份,2022-04-25,https://static.cninfo.com.cn/finalpage/2022-04-26/1213098650.PDF,3247,2026-08-06,已取得法定年度报告链接
002772,2021,天水众兴菌业科技股份有限公司,众兴菌业,行业分类候选+龙头企业身份核实候选,1212652075,2021年年度报告,众兴菌业,2022-03-23,https://static.cninfo.com.cn/finalpage/2022-03-24/1212652075.PDF,4286,2026-08-06,已取得法定年度报告链接
002847,2021,盐津铺子食品股份有限公司,盐津铺子,龙头企业身份核实候选,1212750970,2021年年度报告,盐津铺子,2022-03-30,https://static.cninfo.com.cn/finalpage/2022-03-31/1212750970.PDF,3567,2026-08-06,已取得法定年度报告链接
002852,2021,道道全粮油股份有限公司,道道全,龙头企业身份核实候选,1213220178,2021年年度报告,道道全,2022-04-28,https://static.cninfo.com.cn/finalpage/2022-04-29/1213220178.PDF,3312,2026-08-06,已取得法定年度报告链接
002873,2021,贵阳新天药业股份有限公司,新天药业,龙头企业身份核实候选,1212670529,2021年年度报告,新天药业,2022-03-24,https://static.cninfo.com.cn/finalpage/2022-03-25/1212670529.PDF,3408,2026-08-06,已取得法定年度报告链接
002910,2021,兰州庄园牧场股份有限公司,庄园牧场,龙头企业身份核实候选,1212748046,2021年年度报告,庄园牧场,2022-03-30,https://static.cninfo.com.cn/finalpage/2022-03-31/1212748046.PDF,1479,2026-08-06,已取得法定年度报告链接
002982,2021,湖南湘佳牧业股份有限公司,湘佳股份,行业分类候选+龙头企业身份核实候选,1212642636,2021年年度报告,湘佳股份,2022-03-22,https://static.cninfo.com.cn/finalpage/2022-03-23/1212642636.PDF,3854,2026-08-06,已取得法定年度报告链接
002991,2021,甘源食品股份有限公司,甘源食品,龙头企业身份核实候选,1213168589,2021年年度报告,甘源食品,2022-04-27,https://static.cninfo.com.cn/finalpage/2022-04-28/1213168589.PDF,3322,2026-08-06,已取得法定年度报告链接
003000,2021,劲仔食品集团股份有限公司,劲仔食品,龙头企业身份核实候选,1212609101,2021年年度报告,劲仔食品,2022-03-17,https://static.cninfo.com.cn/finalpage/2022-03-18/1212609101.PDF,3109,2026-08-06,已取得法定年度报告链接
300087,2021,安徽荃银高科种业股份有限公司,ST荃银,行业分类候选+龙头企业身份核实候选,1212707454,2021年年度报告,荃银高科,2022-03-28,https://static.cninfo.com.cn/finalpage/2022-03-29/1212707454.PDF,4182,2026-08-06,已取得法定年度报告链接
300094,2021,湛江国联水产开发股份有限公司,国联水产,龙头企业身份核实候选,1213500520,2021年年度报告全文（更新后）,国联水产,2022-05-25,https://static.cninfo.com.cn/finalpage/2022-05-25/1213500520.PDF,3661,2026-08-06,已取得法定年度报告链接
300106,2021,新疆西部牧业股份有限公司,西部牧业,行业分类候选,1213160360,2021年年度报告,西部牧业,2022-04-27,https://static.cninfo.com.cn/finalpage/2022-04-28/1213160360.PDF,3535,2026-08-06,已取得法定年度报告链接
300119,2021,瑞普生物股份有限公司,瑞普生物,龙头企业身份核实候选,1212769537,2021年年度报告（更新后）,瑞普生物,2022-03-31,https://static.cninfo.com.cn/finalpage/2022-03-31/1212769537.PDF,5406,2026-08-06,已取得法定年度报告链接
300138,2021,晨光生物科技集团股份有限公司,晨光生物,龙头企业身份核实候选,1212708927,2021年年度报告,晨光生物,2022-03-28,https://static.cninfo.com.cn/finalpage/2022-03-29/1212708927.PDF,6127,2026-08-06,已取得法定年度报告链接
300158,2021,山西振东制药股份有限公司,振东制药,龙头企业身份核实候选,1212751680,2021年年度报告,振东制药,2022-03-30,https://static.cninfo.com.cn/finalpage/2022-03-31/1212751680.PDF,6482,2026-08-06,已取得法定年度报告链接
300189,2021,海南神农种业科技股份有限公司,神农种业,行业分类候选+龙头企业身份核实候选,1212855747,2021年年度报告,神农科技,2022-04-08,https://static.cninfo.com.cn/finalpage/2022-04-09/1212855747.PDF,3898,2026-08-06,已取得法定年度报告链接
300313,2021,新疆天山畜牧生物工程股份有限公司,天山生物,行业分类候选,1213145441,2021年年度报告,ST天山,2022-04-26,https://static.cninfo.com.cn/finalpage/2022-04-27/1213145441.PDF,3690,2026-08-06,已取得法定年度报告链接
300498,2021,温氏食品集团股份有限公司,温氏股份,行业分类候选+龙头企业身份核实候选,1212943189,2021年年度报告,温氏股份,2022-04-15,https://static.cninfo.com.cn/finalpage/2022-04-16/1212943189.PDF,7911,2026-08-06,已取得法定年度报告链接
300511,2021,上海雪榕生物科技股份有限公司,雪榕生物,行业分类候选+龙头企业身份核实候选,1219839722,上海雪榕生物科技股份有限公司2021年年度报告（更正后）,雪榕生物,2024-04-25,https://static.cninfo.com.cn/finalpage/2024-04-26/1219839722.PDF,6946,2026-08-06,已取得法定年度报告链接
300761,2021,江苏立华食品集团股份有限公司,立华股份,行业分类候选,1213055156,2021年年度报告,立华股份,2022-04-22,https://static.cninfo.com.cn/finalpage/2022-04-23/1213055156.PDF,3749,2026-08-06,已取得法定年度报告链接
300783,2021,三只松鼠股份有限公司,三只松鼠,龙头企业身份核实候选,1213049252,2021年年度报告,三只松鼠,2022-04-22,https://static.cninfo.com.cn/finalpage/2022-04-23/1213049252.PDF,3804,2026-08-06,已取得法定年度报告链接
300871,2021,武汉回盛生物科技股份有限公司,回盛生物,龙头企业身份核实候选,1212540738,2021年年度报告,回盛生物,2022-03-10,https://static.cninfo.com.cn/finalpage/2022-03-11/1212540738.PDF,1505,2026-08-06,已取得法定年度报告链接
300908,2021,仲景食品股份有限公司,仲景食品,龙头企业身份核实候选,1212883861,2021年年度报告,仲景食品,2022-04-11,https://static.cninfo.com.cn/finalpage/2022-04-12/1212883861.PDF,3625,2026-08-06,已取得法定年度报告链接
300967,2021,宁夏晓鸣农牧股份有限公司,晓鸣股份,行业分类候选+龙头企业身份核实候选,1213144332,2021年年度报告,晓鸣股份,2022-04-26,https://static.cninfo.com.cn/finalpage/2022-04-27/1213144332.PDF,4575,2026-08-06,已取得法定年度报告链接
300970,2021,江苏华绿生物科技集团股份有限公司,华绿生物,行业分类候选+龙头企业身份核实候选,1212857703,2021年年度报告,华绿生物,2022-04-08,https://static.cninfo.com.cn/finalpage/2022-04-09/1212857703.PDF,1430,2026-08-06,已取得法定年度报告链接
300972,2021,福建万辰食品集团股份有限公司,万辰集团,行业分类候选,1213107146,2021年年度报告,万辰生物,2022-04-25,https://static.cninfo.com.cn/finalpage/2022-04-26/1213107146.PDF,2204,2026-08-06,已取得法定年度报告链接
600097,2021,上海开创国际海洋资源股份有限公司,开创国际,行业分类候选,1212764262,开创国际2021年年度报告,开创国际,2022-03-31,https://static.cninfo.com.cn/finalpage/2022-04-01/1212764262.PDF,3235,2026-08-06,已取得法定年度报告链接
600108,2021,甘肃亚盛实业(集团)股份有限公司,亚盛集团,行业分类候选+龙头企业身份核实候选,1212981327,亚盛集团2021年年度报告,亚盛集团,2022-04-19,https://static.cninfo.com.cn/finalpage/2022-04-20/1212981327.PDF,3566,2026-08-06,已取得法定年度报告链接
600127,2021,金健米业股份有限公司,金健米业,龙头企业身份核实候选,1212748210,金健米业2021年年度报告全文,金健米业,2022-03-30,https://static.cninfo.com.cn/finalpage/2022-03-31/1212748210.PDF,5438,2026-08-06,已取得法定年度报告链接
600129,2021,重庆太极实业(集团)股份有限公司,太极集团,龙头企业身份核实候选,1212751154,太极集团2021年年度报告,太极集团,2022-03-30,https://static.cninfo.com.cn/finalpage/2022-03-31/1212751154.PDF,4711,2026-08-06,已取得法定年度报告链接
600195,2021,中牧实业股份有限公司,中牧股份,龙头企业身份核实候选,1212920624,中牧实业股份有限公司2021年年度报告全文,中牧股份,2022-04-14,https://static.cninfo.com.cn/finalpage/2022-04-15/1212920624.PDF,3758,2026-08-06,已取得法定年度报告链接
600211,2021,西藏诺迪康药业股份有限公司,西藏药业,龙头企业身份核实候选,1212547573,西藏诺迪康药业股份有限公司2021年年度报告全文,西藏药业,2022-03-11,https://static.cninfo.com.cn/finalpage/2022-03-12/1212547573.PDF,3348,2026-08-06,已取得法定年度报告链接
600251,2021,新疆冠农股份有限公司,冠农股份,龙头企业身份核实候选,1216498333,新疆冠农股份有限公司2021年年度报告（修订版）,冠农股份,2023-04-20,https://static.cninfo.com.cn/finalpage/2023-04-21/1216498333.PDF,4137,2026-08-06,已取得法定年度报告链接
600257,2021,大湖健康产业股份有限公司,大湖股份,行业分类候选,1217360304,大湖水殖股份有限公司2021年年度报告（更正后）,大湖股份,2023-07-21,https://static.cninfo.com.cn/finalpage/2023-07-22/1217360304.PDF,4070,2026-08-06,已取得法定年度报告链接
600265,2021,云南景谷林业股份有限公司,*ST景谷,行业分类候选,1213158895,2021年年度报告,*ST景谷,2022-04-27,https://static.cninfo.com.cn/finalpage/2022-04-28/1213158895.PDF,3367,2026-08-06,已取得法定年度报告链接
600285,2021,河南羚锐制药股份有限公司,羚锐制药,龙头企业身份核实候选,1213104121,羚锐制药2021年年度报告,羚锐制药,2022-04-25,https://static.cninfo.com.cn/finalpage/2022-04-26/1213104121.PDF,4437,2026-08-06,已取得法定年度报告链接
600295,2021,内蒙古鄂尔多斯资源股份有限公司,鄂尔多斯,龙头企业身份核实候选,1212920691,内蒙古鄂尔多斯资源股份有限公司2021年年度报告,鄂尔多斯,2022-04-14,https://static.cninfo.com.cn/finalpage/2022-04-15/1212920691.PDF,6346,2026-08-06,已取得法定年度报告链接
600300,2021,维维食品饮料股份有限公司,维维股份,龙头企业身份核实候选,1212511441,维维股份2021年年度报告,ST维维,2022-03-04,https://static.cninfo.com.cn/finalpage/2022-03-05/1212511441.PDF,4188,2026-08-06,已取得法定年度报告链接
600305,2021,江苏恒顺醋业股份有限公司,恒顺醋业,龙头企业身份核实候选,1213121119,江苏恒顺醋业股份有限公司2021年年度报告,恒顺醋业,2022-04-25,https://static.cninfo.com.cn/finalpage/2022-04-26/1213121119.PDF,3526,2026-08-06,已取得法定年度报告链接
600313,2021,中农发种业集团股份有限公司,农发种业,行业分类候选,1212742020,中农发种业集团股份有限公司2021年年度报告,农发种业,2022-03-30,https://static.cninfo.com.cn/finalpage/2022-03-31/1212742020.PDF,4547,2026-08-06,已取得法定年度报告链接
600351,2021,亚宝药业集团股份有限公司,亚宝药业,龙头企业身份核实候选,1213499497,亚宝药业集团股份有限公司2021年年度报告（修订版）,亚宝药业,2022-05-25,https://static.cninfo.com.cn/finalpage/2022-05-26/1213499497.PDF,4084,2026-08-06,已取得法定年度报告链接
600354,2021,甘肃省敦煌种业集团股份有限公司,敦煌种业,行业分类候选+龙头企业身份核实候选,1213385071,甘肃省敦煌种业集团股份有限公司2021年年度报告（修订版）,敦煌种业,2022-05-17,https://static.cninfo.com.cn/finalpage/2022-05-18/1213385071.PDF,3246,2026-08-06,已取得法定年度报告链接
600359,2021,新疆塔里木农业综合开发股份有限公司,新农开发,行业分类候选,1213269166,新疆塔里木农业综合开发股份有限公司2021年年度报告,新农开发,2022-04-29,https://static.cninfo.com.cn/finalpage/2022-04-30/1213269166.PDF,4591,2026-08-06,已取得法定年度报告链接
600371,2021,万向德农股份有限公司,万向德农,行业分类候选,1212957177,万向德农股份有限公司2021年年度报告,万向德农,2022-04-18,https://static.cninfo.com.cn/finalpage/2022-04-19/1212957177.PDF,2815,2026-08-06,已取得法定年度报告链接
600419,2021,新疆天润乳业股份有限公司,天润乳业,龙头企业身份核实候选,1213168197,新疆天润乳业股份有限公司2021年年度报告,天润乳业,2022-04-27,https://static.cninfo.com.cn/finalpage/2022-04-28/1213168197.PDF,3737,2026-08-06,已取得法定年度报告链接
600429,2021,北京三元食品股份有限公司,三元股份,龙头企业身份核实候选,1213029774,三元股份2021年年度报告,三元股份,2022-04-21,https://static.cninfo.com.cn/finalpage/2022-04-22/1213029774.PDF,4681,2026-08-06,已取得法定年度报告链接
600438,2021,通威股份有限公司,通威股份,龙头企业身份核实候选,1213101598,通威股份有限公司2021年年度报告,通威股份,2022-04-25,https://static.cninfo.com.cn/finalpage/2022-04-26/1213101598.PDF,5021,2026-08-06,已取得法定年度报告链接
600467,2021,山东好当家海洋发展股份有限公司,好当家,行业分类候选+龙头企业身份核实候选,1213099997,好当家2021年年度报告,好当家,2022-04-25,https://static.cninfo.com.cn/finalpage/2022-04-26/1213099997.PDF,3571,2026-08-06,已取得法定年度报告链接
600479,2021,株洲千金药业股份有限公司,千金药业,龙头企业身份核实候选,1212921027,千金药业2021年年度报告全文,千金药业,2022-04-14,https://static.cninfo.com.cn/finalpage/2022-04-15/1212921027.PDF,3763,2026-08-06,已取得法定年度报告链接
600506,2021,统一低碳科技(新疆)股份有限公司,统一股份,行业分类候选,1212984186,新疆库尔勒香梨股份有限公司2021年年度报告,*ST香梨,2022-04-19,https://static.cninfo.com.cn/finalpage/2022-04-20/1212984186.PDF,4157,2026-08-06,已取得法定年度报告链接
600540,2021,新疆赛里木现代农业股份有限公司,新赛股份,行业分类候选,1213168826,新疆赛里木现代农业股份有限公司2021年年度报告,新赛股份,2022-04-27,https://static.cninfo.com.cn/finalpage/2022-04-28/1213168826.PDF,6563,2026-08-06,已取得法定年度报告链接
600543,2021,甘肃莫高实业发展股份有限公司,*ST莫高,龙头企业身份核实候选,1213688932,莫高股份2021年年度报告（更正版）,莫高股份,2022-06-13,https://static.cninfo.com.cn/finalpage/2022-06-14/1213688932.PDF,2978,2026-08-06,已取得法定年度报告链接
600597,2021,光明乳业股份有限公司,光明乳业,龙头企业身份核实候选,1212709644,光明乳业2021年年度报告,光明乳业,2022-03-28,https://static.cninfo.com.cn/finalpage/2022-03-29/1212709644.PDF,4641,2026-08-06,已取得法定年度报告链接
600598,2021,黑龙江北大荒农业股份有限公司,北大荒,行业分类候选,1212721730,黑龙江北大荒农业股份有限公司2021年年度报告,北大荒,2022-03-29,https://static.cninfo.com.cn/finalpage/2022-03-30/1212721730.PDF,4485,2026-08-06,已取得法定年度报告链接
600873,2021,梅花生物科技集团股份有限公司,梅花生物,龙头企业身份核实候选,1212557814,梅花生物2021年年度报告,梅花生物,2022-03-13,https://static.cninfo.com.cn/finalpage/2022-03-14/1212557814.PDF,4318,2026-08-06,已取得法定年度报告链接
600882,2021,上海妙可蓝多食品科技股份有限公司,妙可蓝多,龙头企业身份核实候选,1212670265,2021年年度报告,妙可蓝多,2022-03-24,https://static.cninfo.com.cn/finalpage/2022-03-25/1212670265.PDF,5272,2026-08-06,已取得法定年度报告链接
600887,2021,内蒙古伊利实业集团股份有限公司,伊利股份,龙头企业身份核实候选,1213169501,内蒙古伊利实业集团股份有限公司2021年年度报告,伊利股份,2022-04-27,https://static.cninfo.com.cn/finalpage/2022-04-28/1213169501.PDF,4509,2026-08-06,已取得法定年度报告链接
600962,2021,国投中鲁果汁股份有限公司,国投中鲁,龙头企业身份核实候选,1212741281,国投中鲁2021年年度报告,国投中鲁,2022-03-30,https://static.cninfo.com.cn/finalpage/2022-03-31/1212741281.PDF,3616,2026-08-06,已取得法定年度报告链接
600965,2021,河北福成五丰食品股份有限公司,*ST福成,龙头企业身份核实候选,1214578531,福成股份：2021年年度报告(更正后）,福成股份,2022-09-09,https://static.cninfo.com.cn/finalpage/2022-09-10/1214578531.PDF,3647,2026-08-06,已取得法定年度报告链接
600975,2021,湖南新五丰股份有限公司,新五丰,行业分类候选+龙头企业身份核实候选,1213176458,湖南新五丰股份有限公司2021年年度报告,新五丰,2022-04-27,https://static.cninfo.com.cn/finalpage/2022-04-28/1213176458.PDF,4161,2026-08-06,已取得法定年度报告链接
601118,2021,海南天然橡胶产业集团股份有限公司,海南橡胶,行业分类候选+龙头企业身份核实候选,1219927646,海南橡胶2021年年度报告（2024年4月修订版）,海南橡胶,2024-04-29,https://static.cninfo.com.cn/finalpage/2024-04-30/1219927646.PDF,4643,2026-08-06,已取得法定年度报告链接
601933,2021,永辉超市股份有限公司,永辉超市,龙头企业身份核实候选,1213271083,永辉超市股份有限公司2021年年度报告,永辉超市,2022-04-29,https://static.cninfo.com.cn/finalpage/2022-04-30/1213271083.PDF,5311,2026-08-06,已取得法定年度报告链接
601996,2021,广西丰林木业集团股份有限公司,丰林集团,龙头企业身份核实候选,1212727759,广西丰林木业集团股份有限公司2021年年度报告,丰林集团,2022-03-29,https://static.cninfo.com.cn/finalpage/2022-03-30/1212727759.PDF,3637,2026-08-06,已取得法定年度报告链接
603156,2021,河北养元智汇饮品股份有限公司,养元饮品,龙头企业身份核实候选,1213053845,养元饮品2021年年度报告,养元饮品,2022-04-22,https://static.cninfo.com.cn/finalpage/2022-04-23/1213053845.PDF,4482,2026-08-06,已取得法定年度报告链接
603288,2021,佛山市海天调味食品股份有限公司,海天味业,龙头企业身份核实候选,1212671753,海天味业2021年年度报告,海天味业,2022-03-24,https://static.cninfo.com.cn/finalpage/2022-03-25/1212671753.PDF,3510,2026-08-06,已取得法定年度报告链接
603317,2021,四川天味食品集团股份有限公司,天味食品,龙头企业身份核实候选,1212743548,2021年年度报告,天味食品,2022-03-30,https://static.cninfo.com.cn/finalpage/2022-03-31/1212743548.PDF,3948,2026-08-06,已取得法定年度报告链接
603336,2021,宏辉果蔬股份有限公司,宏辉果蔬,龙头企业身份核实候选,1212940255,2021年年度报告,宏辉果蔬,2022-04-15,https://static.cninfo.com.cn/finalpage/2022-04-16/1212940255.PDF,3589,2026-08-06,已取得法定年度报告链接
603345,2021,安井食品集团股份有限公司,安井食品,龙头企业身份核实候选,1213109574,安井食品2021年年度报告,安井食品,2022-04-25,https://static.cninfo.com.cn/finalpage/2022-04-26/1213109574.PDF,4273,2026-08-06,已取得法定年度报告链接
603363,2021,福建傲农生物科技集团股份有限公司,傲农生物,龙头企业身份核实候选,1213271726,福建傲农生物科技集团股份有限公司2021年年度报告,傲农生物,2022-04-29,https://static.cninfo.com.cn/finalpage/2022-04-30/1213271726.PDF,6155,2026-08-06,已取得法定年度报告链接
603477,2021,乐山巨星农牧股份有限公司,巨星农牧,行业分类候选,1212548991,巨星农牧2021年年度报告,巨星农牧,2022-03-11,https://static.cninfo.com.cn/finalpage/2022-03-12/1212548991.PDF,5883,2026-08-06,已取得法定年度报告链接
603517,2021,绝味食品股份有限公司,ST绝味,龙头企业身份核实候选,1213478485,绝味食品股份有限公司2021年年度报告全文（更正后）,绝味食品,2022-05-24,https://static.cninfo.com.cn/finalpage/2022-05-25/1213478485.PDF,4088,2026-08-06,已取得法定年度报告链接
603668,2021,福建天马科技集团股份有限公司,天马科技,龙头企业身份核实候选,1212826867,天马科技2021年年度报告全文,天马科技,2022-04-06,https://static.cninfo.com.cn/finalpage/2022-04-07/1212826867.PDF,5105,2026-08-06,已取得法定年度报告链接
603708,2021,家家悦集团股份有限公司,家家悦,龙头企业身份核实候选,1213272241,家家悦集团股份有限公司2021年年度报告,家家悦,2022-04-29,https://static.cninfo.com.cn/finalpage/2022-04-30/1213272241.PDF,4037,2026-08-06,已取得法定年度报告链接
603896,2021,浙江寿仙谷医药股份有限公司,寿仙谷,龙头企业身份核实候选,1212770112,寿仙谷2021年年度报告,寿仙谷,2022-03-31,https://static.cninfo.com.cn/finalpage/2022-04-01/1212770112.PDF,4275,2026-08-06,已取得法定年度报告链接
605016,2021,山东百龙创园生物科技股份有限公司,百龙创园,龙头企业身份核实候选,1213220600,2021年年度报告,百龙创园,2022-04-28,https://static.cninfo.com.cn/finalpage/2022-04-29/1213220600.PDF,3164,2026-08-06,已取得法定年度报告链接
605179,2021,浙江一鸣食品股份有限公司,一鸣食品,龙头企业身份核实候选,1213056816,一鸣食品2021年年度报告,一鸣食品,2022-04-22,https://static.cninfo.com.cn/finalpage/2022-04-23/1213056816.PDF,3998,2026-08-06,已取得法定年度报告链接
605198,2021,烟台北方安德利果汁股份有限公司,安德利,龙头企业身份核实候选,1212750571,德利股份：2021年年度报告,德利股份,2022-03-30,https://static.cninfo.com.cn/finalpage/2022-03-31/1212750571.PDF,3839,2026-08-06,已取得法定年度报告链接
605296,2021,云南神农农业产业集团股份有限公司,神农集团,行业分类候选+龙头企业身份核实候选,1213029462,云南神农农业产业集团股份有限公司2021年年度报告,神农集团,2022-04-21,https://static.cninfo.com.cn/finalpage/2022-04-22/1213029462.PDF,4034,2026-08-06,已取得法定年度报告链接
605337,2021,浙江李子园食品股份有限公司,李子园,龙头企业身份核实候选,1212958613,浙江李子园食品股份有限公司2021年年度报告,李子园,2022-04-18,https://static.cninfo.com.cn/finalpage/2022-04-19/1212958613.PDF,3860,2026-08-06,已取得法定年度报告链接
605338,2021,中饮巴比食品股份有限公司,巴比食品,龙头企业身份核实候选,1212858280,2021年年度报告,巴比食品,2022-04-08,https://static.cninfo.com.cn/finalpage/2022-04-09/1212858280.PDF,3820,2026-08-06,已取得法定年度报告链接
605589,2021,济南圣泉集团股份有限公司,圣泉集团,龙头企业身份核实候选,1212964100,圣泉集团2021年年度报告,圣泉集团,2022-04-18,https://static.cninfo.com.cn/finalpage/2022-04-19/1212964100.PDF,4296,2026-08-06,已取得法定年度报告链接
000423,2022,东阿阿胶股份有限公司,东阿阿胶,龙头企业身份核实候选,1216219037,2022年年度报告,东阿阿胶,2023-03-24,https://static.cninfo.com.cn/finalpage/2023-03-25/1216219037.PDF,7062,2026-08-06,已取得法定年度报告链接
000538,2022,云南白药集团股份有限公司,云南白药,龙头企业身份核实候选,1216280778,2022年年度报告,云南白药,2023-03-30,https://static.cninfo.com.cn/finalpage/2023-03-31/1216280778.PDF,5512,2026-08-06,已取得法定年度报告链接
000568,2022,泸州老窖股份有限公司,泸州老窖,龙头企业身份核实候选,1216686514,2022年年度报告,泸州老窖,2023-04-28,https://static.cninfo.com.cn/finalpage/2023-04-29/1216686514.PDF,5391,2026-08-06,已取得法定年度报告链接
000623,2022,吉林敖东药业集团股份有限公司,吉林敖东,龙头企业身份核实候选,1216455868,2022年年度报告,吉林敖东,2023-04-18,https://static.cninfo.com.cn/finalpage/2023-04-19/1216455868.PDF,6038,2026-08-06,已取得法定年度报告链接
000713,2022,国投丰乐种业股份有限公司,国投丰乐,龙头企业身份核实候选,1216471939,2022年年度报告,丰乐种业,2023-04-19,https://static.cninfo.com.cn/finalpage/2023-04-20/1216471939.PDF,3100,2026-08-06,已取得法定年度报告链接
000735,2022,罗牛山股份有限公司,罗 牛 山,龙头企业身份核实候选,1216414304,2022年年度报告,罗 牛 山,2023-04-14,https://static.cninfo.com.cn/finalpage/2023-04-15/1216414304.PDF,4791,2026-08-06,已取得法定年度报告链接
000848,2022,承德露露股份公司,承德露露,龙头企业身份核实候选,1217358301,2022年年度报告（更新后）,承德露露,2023-07-21,https://static.cninfo.com.cn/finalpage/2023-07-22/1217358301.PDF,2319,2026-08-06,已取得法定年度报告链接
000860,2022,北京顺鑫农业股份有限公司,顺鑫农业,龙头企业身份核实候选,1216221570,2022年年度报告,顺鑫农业,2023-03-24,https://static.cninfo.com.cn/finalpage/2023-03-25/1216221570.PDF,1167,2026-08-06,已取得法定年度报告链接
000910,2022,大亚圣象家居股份有限公司,大亚圣象,龙头企业身份核实候选,1216233602,2022年年度报告,大亚圣象,2023-03-27,https://static.cninfo.com.cn/finalpage/2023-03-28/1216233602.PDF,1067,2026-08-06,已取得法定年度报告链接
000998,2022,袁隆平农业高科技股份有限公司,隆平高科,龙头企业身份核实候选,1216694388,2022年年度报告,隆平高科,2023-04-28,https://static.cninfo.com.cn/finalpage/2023-04-29/1216694388.PDF,4076,2026-08-06,已取得法定年度报告链接
001201,2022,东瑞食品集团股份有限公司,东瑞股份,龙头企业身份核实候选,1216653079,2022年年度报告,东瑞股份,2023-04-27,https://static.cninfo.com.cn/finalpage/2023-04-28/1216653079.PDF,1252,2026-08-06,已取得法定年度报告链接
002041,2022,山东登海种业股份有限公司,登海种业,龙头企业身份核实候选,1216557215,2022年年度报告,登海种业,2023-04-24,https://static.cninfo.com.cn/finalpage/2023-04-25/1216557215.PDF,3568,2026-08-06,已取得法定年度报告链接
002100,2022,天康生物股份有限公司,天康生物,龙头企业身份核实候选,1216693174,2022年年度报告,天康生物,2023-04-28,https://static.cninfo.com.cn/finalpage/2023-04-29/1216693174.PDF,3397,2026-08-06,已取得法定年度报告链接
002124,2022,天邦食品股份有限公司,天邦食品,龙头企业身份核实候选,1216688154,2022年年度报告,天邦食品,2023-04-28,https://static.cninfo.com.cn/finalpage/2023-04-29/1216688154.PDF,5425,2026-08-06,已取得法定年度报告链接
002166,2022,桂林莱茵生物科技股份有限公司,莱茵生物,龙头企业身份核实候选,1216244885,2022年年度报告,莱茵生物,2023-03-28,https://static.cninfo.com.cn/finalpage/2023-03-29/1216244885.PDF,4359,2026-08-06,已取得法定年度报告链接
002216,2022,三全食品股份有限公司,三全食品,龙头企业身份核实候选,1216550894,2022年年度报告,三全食品,2023-04-24,https://static.cninfo.com.cn/finalpage/2023-04-25/1216550894.PDF,4227,2026-08-06,已取得法定年度报告链接
002234,2022,山东民和牧业股份有限公司,民和股份,龙头企业身份核实候选,1216243792,2022年年度报告,民和股份,2023-03-28,https://static.cninfo.com.cn/finalpage/2023-03-29/1216243792.PDF,3461,2026-08-06,已取得法定年度报告链接
002286,2022,保龄宝生物股份有限公司,保龄宝,龙头企业身份核实候选,1216649151,2022年年度报告,保龄宝,2023-04-27,https://static.cninfo.com.cn/finalpage/2023-04-28/1216649151.PDF,4912,2026-08-06,已取得法定年度报告链接
002311,2022,广东海大集团股份有限公司,海大集团,龙头企业身份核实候选,1216557717,2022年年度报告,海大集团,2023-04-24,https://static.cninfo.com.cn/finalpage/2023-04-25/1216557717.PDF,7330,2026-08-06,已取得法定年度报告链接
002321,2022,河南华英农业发展股份有限公司,华英农业,龙头企业身份核实候选,1216419837,2022年年度报告,ST华英,2023-04-14,https://static.cninfo.com.cn/finalpage/2023-04-15/1216419837.PDF,6044,2026-08-06,已取得法定年度报告链接
002329,2022,皇氏集团股份有限公司,皇氏集团,龙头企业身份核实候选,1216562254,2022年年度报告,皇氏集团,2023-04-24,https://static.cninfo.com.cn/finalpage/2023-04-25/1216562254.PDF,5571,2026-08-06,已取得法定年度报告链接
002385,2022,北京大北农科技集团股份有限公司,大北农,龙头企业身份核实候选,1216590026,2022年年度报告,大北农,2023-04-25,https://static.cninfo.com.cn/finalpage/2023-04-26/1216590026.PDF,2309,2026-08-06,已取得法定年度报告链接
002390,2022,贵州信邦制药股份有限公司,信邦制药,龙头企业身份核实候选,1216436970,2022年年度报告,信邦制药,2023-04-17,https://static.cninfo.com.cn/finalpage/2023-04-18/1216436970.PDF,5515,2026-08-06,已取得法定年度报告链接
002424,2022,贵州百灵企业集团制药股份有限公司,ST百灵,龙头企业身份核实候选,1216702041,2022年年度报告,贵州百灵,2023-04-28,https://static.cninfo.com.cn/finalpage/2023-04-29/1216702041.PDF,4353,2026-08-06,已取得法定年度报告链接
002431,2022,棕榈生态城镇发展股份有限公司,ST棕榈,龙头企业身份核实候选,1216660211,2022年年度报告,棕榈股份,2023-04-27,https://static.cninfo.com.cn/finalpage/2023-04-28/1216660211.PDF,7071,2026-08-06,已取得法定年度报告链接
002458,2022,山东益生种畜禽股份有限公司,益生股份,龙头企业身份核实候选,1216441927,2022年年度报告,益生股份,2023-04-17,https://static.cninfo.com.cn/finalpage/2023-04-18/1216441927.PDF,4548,2026-08-06,已取得法定年度报告链接
002507,2022,重庆市涪陵榨菜集团股份有限公司,涪陵榨菜,龙头企业身份核实候选,1216218389,2022年年度报告,涪陵榨菜,2023-03-24,https://static.cninfo.com.cn/finalpage/2023-03-25/1216218389.PDF,3578,2026-08-06,已取得法定年度报告链接
002548,2022,深圳市金新农科技股份有限公司,金新农,龙头企业身份核实候选,1216685034,2022年年度报告,金新农,2023-04-28,https://static.cninfo.com.cn/finalpage/2023-04-29/1216685034.PDF,3778,2026-08-06,已取得法定年度报告链接
002557,2022,洽洽食品股份有限公司,洽洽食品,龙头企业身份核实候选,1216495196,2022年年度报告,洽洽食品,2023-04-20,https://static.cninfo.com.cn/finalpage/2023-04-21/1216495196.PDF,4515,2026-08-06,已取得法定年度报告链接
002566,2022,吉林省集安益盛药业股份有限公司,益盛药业,龙头企业身份核实候选,1216454064,2022年年度报告,益盛药业,2023-04-18,https://static.cninfo.com.cn/finalpage/2023-04-19/1216454064.PDF,3538,2026-08-06,已取得法定年度报告链接
002567,2022,唐人神集团股份有限公司,唐人神,龙头企业身份核实候选,1216648027,2022年年度报告,唐人神,2023-04-27,https://static.cninfo.com.cn/finalpage/2023-04-28/1216648027.PDF,6478,2026-08-06,已取得法定年度报告链接
002582,2022,好想你健康食品股份有限公司,好想你,龙头企业身份核实候选,1216661557,2022年年度报告,好想你,2023-04-27,https://static.cninfo.com.cn/finalpage/2023-04-28/1216661557.PDF,4489,2026-08-06,已取得法定年度报告链接
002650,2022,加加食品集团股份有限公司,ST加加,龙头企业身份核实候选,1216648315,2022年年度报告,加加食品,2023-04-27,https://static.cninfo.com.cn/finalpage/2023-04-28/1216648315.PDF,5452,2026-08-06,已取得法定年度报告链接
002688,2022,金河生物科技股份有限公司,金河生物,龙头企业身份核实候选,1216527591,2022年年度报告,金河生物,2023-04-21,https://static.cninfo.com.cn/finalpage/2023-04-22/1216527591.PDF,3672,2026-08-06,已取得法定年度报告链接
002696,2022,百洋产业投资集团股份有限公司,百洋股份,龙头企业身份核实候选,1216611174,2022年年度报告,百洋股份,2023-04-26,https://static.cninfo.com.cn/finalpage/2023-04-27/1216611174.PDF,4481,2026-08-06,已取得法定年度报告链接
002702,2022,海欣食品股份有限公司,海欣食品,龙头企业身份核实候选,1216487337,2022年年度报告,海欣食品,2023-04-20,https://static.cninfo.com.cn/finalpage/2023-04-21/1216487337.PDF,4633,2026-08-06,已取得法定年度报告链接
002714,2022,牧原食品集团股份有限公司,牧原股份,龙头企业身份核实候选,1216647248,2022年年度报告,牧原股份,2023-04-27,https://static.cninfo.com.cn/finalpage/2023-04-28/1216647248.PDF,4530,2026-08-06,已取得法定年度报告链接
002719,2022,麦趣尔集团股份有限公司,ST麦趣,龙头企业身份核实候选,1216620711,2022年年度报告,麦趣尔,2023-04-26,https://static.cninfo.com.cn/finalpage/2023-04-27/1216620711.PDF,1359,2026-08-06,已取得法定年度报告链接
002732,2022,广东燕塘乳业股份有限公司,燕塘乳业,龙头企业身份核实候选,1216279507,2022年年度报告,燕塘乳业,2023-03-30,https://static.cninfo.com.cn/finalpage/2023-03-31/1216279507.PDF,5791,2026-08-06,已取得法定年度报告链接
002746,2022,山东仙坛集团股份有限公司,仙坛股份,龙头企业身份核实候选,1216546486,2022年年度报告,仙坛股份,2023-04-24,https://static.cninfo.com.cn/finalpage/2023-04-25/1216546486.PDF,2677,2026-08-06,已取得法定年度报告链接
002772,2022,天水众兴菌业科技股份有限公司,众兴菌业,龙头企业身份核实候选,1216170802,2022年年度报告,众兴菌业,2023-03-20,https://static.cninfo.com.cn/finalpage/2023-03-21/1216170802.PDF,3693,2026-08-06,已取得法定年度报告链接
002847,2022,盐津铺子食品股份有限公司,盐津铺子,龙头企业身份核实候选,1216420073,2022年年度报告,盐津铺子,2023-04-14,https://static.cninfo.com.cn/finalpage/2023-04-15/1216420073.PDF,5290,2026-08-06,已取得法定年度报告链接
002852,2022,道道全粮油股份有限公司,道道全,龙头企业身份核实候选,1216626939,2022年年度报告,道道全,2023-04-26,https://static.cninfo.com.cn/finalpage/2023-04-27/1216626939.PDF,3033,2026-08-06,已取得法定年度报告链接
002873,2022,贵阳新天药业股份有限公司,新天药业,龙头企业身份核实候选,1216236074,2022年年度报告,新天药业,2023-03-27,https://static.cninfo.com.cn/finalpage/2023-03-28/1216236074.PDF,4416,2026-08-06,已取得法定年度报告链接
002910,2022,兰州庄园牧场股份有限公司,庄园牧场,龙头企业身份核实候选,1216492215,2022年年度报告,庄园牧场,2023-04-20,https://static.cninfo.com.cn/finalpage/2023-04-21/1216492215.PDF,1273,2026-08-06,已取得法定年度报告链接
002982,2022,湖南湘佳牧业股份有限公司,湘佳股份,龙头企业身份核实候选,1216377150,湖南湘佳牧业股份有限公司2022年年度报告（更正后）,湘佳股份,2023-04-11,https://static.cninfo.com.cn/finalpage/2023-04-12/1216377150.PDF,3443,2026-08-06,已取得法定年度报告链接
002991,2022,甘源食品股份有限公司,甘源食品,龙头企业身份核实候选,1216620947,2022年年度报告,甘源食品,2023-04-26,https://static.cninfo.com.cn/finalpage/2023-04-27/1216620947.PDF,4151,2026-08-06,已取得法定年度报告链接
003000,2022,劲仔食品集团股份有限公司,劲仔食品,龙头企业身份核实候选,1216169758,2022年年度报告,劲仔食品,2023-03-20,https://static.cninfo.com.cn/finalpage/2023-03-21/1216169758.PDF,2890,2026-08-06,已取得法定年度报告链接
300087,2022,安徽荃银高科种业股份有限公司,ST荃银,龙头企业身份核实候选,1216147566,2022年年度报告,荃银高科,2023-03-17,https://static.cninfo.com.cn/finalpage/2023-03-18/1216147566.PDF,3448,2026-08-06,已取得法定年度报告链接
300094,2022,湛江国联水产开发股份有限公司,国联水产,龙头企业身份核实候选,1216702702,2022年年度报告,国联水产,2023-04-28,https://static.cninfo.com.cn/finalpage/2023-04-29/1216702702.PDF,4493,2026-08-06,已取得法定年度报告链接
300119,2022,瑞普生物股份有限公司,瑞普生物,龙头企业身份核实候选,1216301902,2022年年度报告,瑞普生物,2023-03-31,https://static.cninfo.com.cn/finalpage/2023-04-01/1216301902.PDF,5359,2026-08-06,已取得法定年度报告链接
300138,2022,晨光生物科技集团股份有限公司,晨光生物,龙头企业身份核实候选,1216236524,2022年年度报告,晨光生物,2023-03-27,https://static.cninfo.com.cn/finalpage/2023-03-28/1216236524.PDF,5282,2026-08-06,已取得法定年度报告链接
300158,2022,山西振东制药股份有限公司,振东制药,龙头企业身份核实候选,1216558785,2022年年度报告,振东制药,2023-04-24,https://static.cninfo.com.cn/finalpage/2023-04-25/1216558785.PDF,1971,2026-08-06,已取得法定年度报告链接
300189,2022,海南神农种业科技股份有限公司,神农种业,龙头企业身份核实候选,1216582462,2022年年度报告,神农科技,2023-04-25,https://static.cninfo.com.cn/finalpage/2023-04-26/1216582462.PDF,3808,2026-08-06,已取得法定年度报告链接
300498,2022,温氏食品集团股份有限公司,温氏股份,龙头企业身份核实候选,1216584900,2022年年度报告,温氏股份,2023-04-25,https://static.cninfo.com.cn/finalpage/2023-04-26/1216584900.PDF,8765,2026-08-06,已取得法定年度报告链接
300511,2022,上海雪榕生物科技股份有限公司,雪榕生物,龙头企业身份核实候选,1216588431,2022年年度报告,雪榕生物,2023-04-25,https://static.cninfo.com.cn/finalpage/2023-04-26/1216588431.PDF,3629,2026-08-06,已取得法定年度报告链接
300783,2022,三只松鼠股份有限公司,三只松鼠,龙头企业身份核实候选,1216582867,2022年年度报告,三只松鼠,2023-04-25,https://static.cninfo.com.cn/finalpage/2023-04-26/1216582867.PDF,2871,2026-08-06,已取得法定年度报告链接
300871,2022,武汉回盛生物科技股份有限公司,回盛生物,龙头企业身份核实候选,1216615628,2022年年度报告,回盛生物,2023-04-26,https://static.cninfo.com.cn/finalpage/2023-04-27/1216615628.PDF,1452,2026-08-06,已取得法定年度报告链接
300908,2022,仲景食品股份有限公司,仲景食品,龙头企业身份核实候选,1216357908,2022年年度报告,仲景食品,2023-04-07,https://static.cninfo.com.cn/finalpage/2023-04-08/1216357908.PDF,3865,2026-08-06,已取得法定年度报告链接
300967,2022,宁夏晓鸣农牧股份有限公司,晓鸣股份,龙头企业身份核实候选,1216579493,2022年年度报告,晓鸣股份,2023-04-25,https://static.cninfo.com.cn/finalpage/2023-04-26/1216579493.PDF,1774,2026-08-06,已取得法定年度报告链接
300970,2022,江苏华绿生物科技集团股份有限公司,华绿生物,龙头企业身份核实候选,1216524408,2022年年度报告,华绿生物,2023-04-23,https://static.cninfo.com.cn/finalpage/2023-04-24/1216524408.PDF,1258,2026-08-06,已取得法定年度报告链接
301116,2022,江苏益客食品集团股份有限公司,益客食品,龙头企业身份核实候选,1216495384,2022年年度报告,益客食品,2023-04-20,https://static.cninfo.com.cn/finalpage/2023-04-21/1216495384.PDF,3434,2026-08-06,已取得法定年度报告链接
600108,2022,甘肃亚盛实业(集团)股份有限公司,亚盛集团,龙头企业身份核实候选,1216584522,亚盛集团2022年年度报告,亚盛集团,2023-04-25,https://static.cninfo.com.cn/finalpage/2023-04-26/1216584522.PDF,3508,2026-08-06,已取得法定年度报告链接
600127,2022,金健米业股份有限公司,金健米业,龙头企业身份核实候选,1216277949,金健米业2022年年度报告全文,金健米业,2023-03-30,https://static.cninfo.com.cn/finalpage/2023-03-31/1216277949.PDF,5541,2026-08-06,已取得法定年度报告链接
600129,2022,重庆太极实业(集团)股份有限公司,太极集团,龙头企业身份核实候选,1216274899,太极集团2022年年度报告,太极集团,2023-03-30,https://static.cninfo.com.cn/finalpage/2023-03-31/1216274899.PDF,4901,2026-08-06,已取得法定年度报告链接
600195,2022,中牧实业股份有限公司,中牧股份,龙头企业身份核实候选,1216516931,中牧实业股份有限公司2022年年度报告,中牧股份,2023-04-21,https://static.cninfo.com.cn/finalpage/2023-04-22/1216516931.PDF,3648,2026-08-06,已取得法定年度报告链接
600211,2022,西藏诺迪康药业股份有限公司,西藏药业,龙头企业身份核实候选,1216093815,西藏药业2022年年度报告全文,西藏药业,2023-03-10,https://static.cninfo.com.cn/finalpage/2023-03-11/1216093815.PDF,3266,2026-08-06,已取得法定年度报告链接
600251,2022,新疆冠农股份有限公司,冠农股份,龙头企业身份核实候选,1216498346,新疆冠农股份有限公司2022年年度报告,冠农股份,2023-04-20,https://static.cninfo.com.cn/finalpage/2023-04-21/1216498346.PDF,4209,2026-08-06,已取得法定年度报告链接
600285,2022,河南羚锐制药股份有限公司,羚锐制药,龙头企业身份核实候选,1216584813,羚锐制药2022年年度报告,羚锐制药,2023-04-25,https://static.cninfo.com.cn/finalpage/2023-04-26/1216584813.PDF,4094,2026-08-06,已取得法定年度报告链接
600295,2022,内蒙古鄂尔多斯资源股份有限公司,鄂尔多斯,龙头企业身份核实候选,1216414002,600295_鄂尔多斯_2022年_年度报告,鄂尔多斯,2023-04-14,https://static.cninfo.com.cn/finalpage/2023-04-15/1216414002.PDF,5850,2026-08-06,已取得法定年度报告链接
600300,2022,维维食品饮料股份有限公司,维维股份,龙头企业身份核实候选,1216221904,维维股份2022年年度报告,维维股份,2023-03-24,https://static.cninfo.com.cn/finalpage/2023-03-25/1216221904.PDF,3987,2026-08-06,已取得法定年度报告链接
600305,2022,江苏恒顺醋业股份有限公司,恒顺醋业,龙头企业身份核实候选,1215989970,江苏恒顺醋业股份有限公司2022年年度报告,恒顺醋业,2023-02-27,https://static.cninfo.com.cn/finalpage/2023-02-28/1215989970.PDF,4730,2026-08-06,已取得法定年度报告链接
600351,2022,亚宝药业集团股份有限公司,亚宝药业,龙头企业身份核实候选,1216585475,亚宝药业2022年年度报告,亚宝药业,2023-04-25,https://static.cninfo.com.cn/finalpage/2023-04-26/1216585475.PDF,5437,2026-08-06,已取得法定年度报告链接
600354,2022,甘肃省敦煌种业集团股份有限公司,敦煌种业,龙头企业身份核实候选,1216478318,甘肃省敦煌种业集团股份有限公司2022年年度报告,敦煌种业,2023-04-19,https://static.cninfo.com.cn/finalpage/2023-04-20/1216478318.PDF,3342,2026-08-06,已取得法定年度报告链接
600419,2022,新疆天润乳业股份有限公司,天润乳业,龙头企业身份核实候选,1216278739,新疆天润乳业股份有限公司2022年年度报告,天润乳业,2023-03-30,https://static.cninfo.com.cn/finalpage/2023-03-31/1216278739.PDF,3634,2026-08-06,已取得法定年度报告链接
600429,2022,北京三元食品股份有限公司,三元股份,龙头企业身份核实候选,1216625021,三元股份2022年年度报告,三元股份,2023-04-26,https://static.cninfo.com.cn/finalpage/2023-04-27/1216625021.PDF,5338,2026-08-06,已取得法定年度报告链接
600438,2022,通威股份有限公司,通威股份,龙头企业身份核实候选,1216551537,通威股份有限公司2022年年度报告,通威股份,2023-04-24,https://static.cninfo.com.cn/finalpage/2023-04-25/1216551537.PDF,6715,2026-08-06,已取得法定年度报告链接
600467,2022,山东好当家海洋发展股份有限公司,好当家,龙头企业身份核实候选,1216546679,好当家2022年年度报告,好当家,2023-04-24,https://static.cninfo.com.cn/finalpage/2023-04-25/1216546679.PDF,3650,2026-08-06,已取得法定年度报告链接
600479,2022,株洲千金药业股份有限公司,千金药业,龙头企业身份核实候选,1216390724,千金药业2022年年度报告全文,千金药业,2023-04-12,https://static.cninfo.com.cn/finalpage/2023-04-13/1216390724.PDF,4406,2026-08-06,已取得法定年度报告链接
600543,2022,甘肃莫高实业发展股份有限公司,*ST莫高,龙头企业身份核实候选,1216663495,莫高股份2022年年度报告,莫高股份,2023-04-27,https://static.cninfo.com.cn/finalpage/2023-04-28/1216663495.PDF,3016,2026-08-06,已取得法定年度报告链接
600597,2022,光明乳业股份有限公司,光明乳业,龙头企业身份核实候选,1216168120,光明乳业2022年年度报告,光明乳业,2023-03-20,https://static.cninfo.com.cn/finalpage/2023-03-21/1216168120.PDF,4255,2026-08-06,已取得法定年度报告链接
600873,2022,梅花生物科技集团股份有限公司,梅花生物,龙头企业身份核实候选,1216055014,梅花生物2022年年度报告,梅花生物,2023-03-06,https://static.cninfo.com.cn/finalpage/2023-03-07/1216055014.PDF,4198,2026-08-06,已取得法定年度报告链接
600882,2022,上海妙可蓝多食品科技股份有限公司,妙可蓝多,龙头企业身份核实候选,1216190739,2022年年度报告,妙可蓝多,2023-03-22,https://static.cninfo.com.cn/finalpage/2023-03-23/1216190739.PDF,5331,2026-08-06,已取得法定年度报告链接
600887,2022,内蒙古伊利实业集团股份有限公司,伊利股份,龙头企业身份核实候选,1216664083,内蒙古伊利实业集团股份有限公司2022年年度报告,伊利股份,2023-04-27,https://static.cninfo.com.cn/finalpage/2023-04-28/1216664083.PDF,4410,2026-08-06,已取得法定年度报告链接
600962,2022,国投中鲁果汁股份有限公司,国投中鲁,龙头企业身份核实候选,1216282151,国投中鲁2022年年度报告,国投中鲁,2023-03-30,https://static.cninfo.com.cn/finalpage/2023-03-31/1216282151.PDF,3513,2026-08-06,已取得法定年度报告链接
600965,2022,河北福成五丰食品股份有限公司,*ST福成,龙头企业身份核实候选,1217177539,福成股份：2022年年度报告（更正后）,福成股份,2023-06-30,https://static.cninfo.com.cn/finalpage/2023-07-01/1217177539.PDF,5155,2026-08-06,已取得法定年度报告链接
600975,2022,湖南新五丰股份有限公司,新五丰,龙头企业身份核实候选,1216564468,湖南新五丰股份有限公司2022年年报,新五丰,2023-04-24,https://static.cninfo.com.cn/finalpage/2023-04-25/1216564468.PDF,5220,2026-08-06,已取得法定年度报告链接
601118,2022,海南天然橡胶产业集团股份有限公司,海南橡胶,龙头企业身份核实候选,1219927655,海南橡胶2022年年度报告（2024年4月修订版）,海南橡胶,2024-04-29,https://static.cninfo.com.cn/finalpage/2024-04-30/1219927655.PDF,4699,2026-08-06,已取得法定年度报告链接
601933,2022,永辉超市股份有限公司,永辉超市,龙头企业身份核实候选,1216707511,永辉超市股份有限公司有限公司2022年度报告,永辉超市,2023-04-28,https://static.cninfo.com.cn/finalpage/2023-04-29/1216707511.PDF,5177,2026-08-06,已取得法定年度报告链接
601996,2022,广西丰林木业集团股份有限公司,丰林集团,龙头企业身份核实候选,1216027648,广西丰林木业集团股份有限公司2022年年度报告,丰林集团,2023-03-01,https://static.cninfo.com.cn/finalpage/2023-03-02/1216027648.PDF,4806,2026-08-06,已取得法定年度报告链接
603151,2022,山东邦基科技股份有限公司,邦基科技,龙头企业身份核实候选,1216269478,山东邦基科技股份有限公司2022年年度报告,邦基科技,2023-03-30,https://static.cninfo.com.cn/finalpage/2023-03-31/1216269478.PDF,3288,2026-08-06,已取得法定年度报告链接
603156,2022,河北养元智汇饮品股份有限公司,养元饮品,龙头企业身份核实候选,1217107377,养元饮品2022年年度报告（修订版）,养元饮品,2023-06-20,https://static.cninfo.com.cn/finalpage/2023-06-21/1217107377.PDF,3542,2026-08-06,已取得法定年度报告链接
603237,2022,浙江五芳斋实业股份有限公司,五芳斋,龙头企业身份核实候选,1216694236,浙江五芳斋实业股份有限公司2022年年度报告,五芳斋,2023-04-28,https://static.cninfo.com.cn/finalpage/2023-04-29/1216694236.PDF,3979,2026-08-06,已取得法定年度报告链接
603288,2022,佛山市海天调味食品股份有限公司,海天味业,龙头企业身份核实候选,1216595423,海天味业2022年年度报告,海天味业,2023-04-25,https://static.cninfo.com.cn/finalpage/2023-04-26/1216595423.PDF,3964,2026-08-06,已取得法定年度报告链接
603317,2022,四川天味食品集团股份有限公司,天味食品,龙头企业身份核实候选,1216024577,2022年年度报告,天味食品,2023-03-01,https://static.cninfo.com.cn/finalpage/2023-03-02/1216024577.PDF,4240,2026-08-06,已取得法定年度报告链接
603336,2022,宏辉果蔬股份有限公司,宏辉果蔬,龙头企业身份核实候选,1216235580,2022年年度报告,宏辉果蔬,2023-03-27,https://static.cninfo.com.cn/finalpage/2023-03-28/1216235580.PDF,5062,2026-08-06,已取得法定年度报告链接
603345,2022,安井食品集团股份有限公司,安井食品,龙头企业身份核实候选,1216556384,安井食品2022年年度报告,安井食品,2023-04-24,https://static.cninfo.com.cn/finalpage/2023-04-25/1216556384.PDF,5015,2026-08-06,已取得法定年度报告链接
603363,2022,福建傲农生物科技集团股份有限公司,傲农生物,龙头企业身份核实候选,1216708704,福建傲农生物科技集团股份有限公司2022年年度报告,傲农生物,2023-04-28,https://static.cninfo.com.cn/finalpage/2023-04-29/1216708704.PDF,6294,2026-08-06,已取得法定年度报告链接
603517,2022,绝味食品股份有限公司,ST绝味,龙头企业身份核实候选,1216709701,绝味食品股份有限公司2022年度报告全文,绝味食品,2023-04-28,https://static.cninfo.com.cn/finalpage/2023-04-29/1216709701.PDF,5168,2026-08-06,已取得法定年度报告链接
603668,2022,福建天马科技集团股份有限公司,天马科技,龙头企业身份核实候选,1216667409,天马科技2022年年度报告全文,天马科技,2023-04-27,https://static.cninfo.com.cn/finalpage/2023-04-28/1216667409.PDF,5184,2026-08-06,已取得法定年度报告链接
603708,2022,家家悦集团股份有限公司,家家悦,龙头企业身份核实候选,1217394123,家家悦集团股份有限公司2022年年度报告（更正版）,家家悦,2023-07-26,https://static.cninfo.com.cn/finalpage/2023-07-27/1217394123.PDF,3750,2026-08-06,已取得法定年度报告链接
603896,2022,浙江寿仙谷医药股份有限公司,寿仙谷,龙头企业身份核实候选,1216455168,寿仙谷2022年年度报告,寿仙谷,2023-04-18,https://static.cninfo.com.cn/finalpage/2023-04-19/1216455168.PDF,5096,2026-08-06,已取得法定年度报告链接
605016,2022,山东百龙创园生物科技股份有限公司,百龙创园,龙头企业身份核实候选,1216668899,2022年年度报告,百龙创园,2023-04-27,https://static.cninfo.com.cn/finalpage/2023-04-28/1216668899.PDF,3154,2026-08-06,已取得法定年度报告链接
605179,2022,浙江一鸣食品股份有限公司,一鸣食品,龙头企业身份核实候选,1216710851,2022年年度报告,一鸣食品,2023-04-28,https://static.cninfo.com.cn/finalpage/2023-04-29/1216710851.PDF,5073,2026-08-06,已取得法定年度报告链接
605198,2022,烟台北方安德利果汁股份有限公司,安德利,龙头企业身份核实候选,1216934323,安德利：2022年年度报告（修正版）,安德利,2023-05-29,https://static.cninfo.com.cn/finalpage/2023-05-30/1216934323.PDF,3264,2026-08-06,已取得法定年度报告链接
605296,2022,云南神农农业产业集团股份有限公司,神农集团,龙头企业身份核实候选,1217024014,云南神农农业产业集团股份有限公司2022年年度报告(修订版),神农集团,2023-06-08,https://static.cninfo.com.cn/finalpage/2023-06-09/1217024014.PDF,4173,2026-08-06,已取得法定年度报告链接
605337,2022,浙江李子园食品股份有限公司,李子园,龙头企业身份核实候选,1216629941,浙江李子园食品股份有限公司2022年年度报告,李子园,2023-04-26,https://static.cninfo.com.cn/finalpage/2023-04-27/1216629941.PDF,3871,2026-08-06,已取得法定年度报告链接
605338,2022,中饮巴比食品股份有限公司,巴比食品,龙头企业身份核实候选,1216345539,2022年年度报告,巴比食品,2023-04-06,https://static.cninfo.com.cn/finalpage/2023-04-07/1216345539.PDF,3299,2026-08-06,已取得法定年度报告链接
605589,2022,济南圣泉集团股份有限公司,圣泉集团,龙头企业身份核实候选,1216371243,圣泉集团2022年年度报告,圣泉集团,2023-04-10,https://static.cninfo.com.cn/finalpage/2023-04-11/1216371243.PDF,4160,2026-08-06,已取得法定年度报告链接
000048,2023,深圳市京基智农时代股份有限公司,京基智农,行业分类候选,1219348059,2023年年度报告,京基智农,2024-03-19,https://static.cninfo.com.cn/finalpage/2024-03-20/1219348059.PDF,1293,2026-08-06,已取得法定年度报告链接
000423,2023,东阿阿胶股份有限公司,东阿阿胶,龙头企业身份核实候选,1219375568,2023年年度报告,东阿阿胶,2024-03-21,https://static.cninfo.com.cn/finalpage/2024-03-22/1219375568.PDF,5201,2026-08-06,已取得法定年度报告链接
000538,2023,云南白药集团股份有限公司,云南白药,龙头企业身份核实候选,1219474052,2023年年度报告,云南白药,2024-03-29,https://static.cninfo.com.cn/finalpage/2024-03-30/1219474052.PDF,9528,2026-08-06,已取得法定年度报告链接
000568,2023,泸州老窖股份有限公司,泸州老窖,龙头企业身份核实候选,1219872991,2023年年度报告,泸州老窖,2024-04-26,https://static.cninfo.com.cn/finalpage/2024-04-27/1219872991.PDF,5748,2026-08-06,已取得法定年度报告链接
000623,2023,吉林敖东药业集团股份有限公司,吉林敖东,龙头企业身份核实候选,1219637050,2023年年度报告,吉林敖东,2024-04-16,https://static.cninfo.com.cn/finalpage/2024-04-17/1219637050.PDF,6204,2026-08-06,已取得法定年度报告链接
000713,2023,国投丰乐种业股份有限公司,国投丰乐,行业分类候选+龙头企业身份核实候选,1219827331,2023年年度报告,丰乐种业,2024-04-25,https://static.cninfo.com.cn/finalpage/2024-04-26/1219827331.PDF,3472,2026-08-06,已取得法定年度报告链接
000735,2023,罗牛山股份有限公司,罗 牛 山,行业分类候选+龙头企业身份核实候选,1219856343,2023年年度报告,罗 牛 山,2024-04-26,https://static.cninfo.com.cn/finalpage/2024-04-27/1219856343.PDF,4483,2026-08-06,已取得法定年度报告链接
000798,2023,中水集团远洋股份有限公司,中水渔业,行业分类候选,1219426831,2023年年度报告,中水渔业,2024-03-27,https://static.cninfo.com.cn/finalpage/2024-03-28/1219426831.PDF,5099,2026-08-06,已取得法定年度报告链接
000848,2023,承德露露股份公司,承德露露,龙头企业身份核实候选,1219638109,2023年年度报告,承德露露,2024-04-16,https://static.cninfo.com.cn/finalpage/2024-04-17/1219638109.PDF,964,2026-08-06,已取得法定年度报告链接
000860,2023,北京顺鑫农业股份有限公司,顺鑫农业,龙头企业身份核实候选,1219858135,2023年年度报告,顺鑫农业,2024-04-26,https://static.cninfo.com.cn/finalpage/2024-04-27/1219858135.PDF,1587,2026-08-06,已取得法定年度报告链接
000910,2023,大亚圣象家居股份有限公司,大亚圣象,龙头企业身份核实候选,1219442740,2023年年度报告,大亚圣象,2024-03-28,https://static.cninfo.com.cn/finalpage/2024-03-29/1219442740.PDF,1157,2026-08-06,已取得法定年度报告链接
000998,2023,袁隆平农业高科技股份有限公司,隆平高科,行业分类候选+龙头企业身份核实候选,1219866222,2023年年度报告,隆平高科,2024-04-28,https://static.cninfo.com.cn/finalpage/2024-04-29/1219866222.PDF,51740,2026-08-06,已取得法定年度报告链接
001201,2023,东瑞食品集团股份有限公司,东瑞股份,行业分类候选+龙头企业身份核实候选,1219910083,2023年年度报告,东瑞股份,2024-04-29,https://static.cninfo.com.cn/finalpage/2024-04-30/1219910083.PDF,4593,2026-08-06,已取得法定年度报告链接
002041,2023,山东登海种业股份有限公司,登海种业,行业分类候选+龙头企业身份核实候选,1219737119,2023年年度报告,登海种业,2024-04-22,https://static.cninfo.com.cn/finalpage/2024-04-23/1219737119.PDF,3930,2026-08-06,已取得法定年度报告链接
002069,2023,獐子岛集团股份有限公司,獐子岛,行业分类候选,1219862446,2023年年度报告,獐子岛,2024-04-26,https://static.cninfo.com.cn/finalpage/2024-04-27/1219862446.PDF,4605,2026-08-06,已取得法定年度报告链接
002086,2023,山东东方海洋科技股份有限公司,东方海洋,行业分类候选,1219924758,2023年年度报告,*ST东洋,2024-04-29,https://static.cninfo.com.cn/finalpage/2024-04-30/1219924758.PDF,3518,2026-08-06,已取得法定年度报告链接
002100,2023,天康生物股份有限公司,天康生物,龙头企业身份核实候选,1219863990,2023年年度报告,天康生物,2024-04-28,https://static.cninfo.com.cn/finalpage/2024-04-29/1219863990.PDF,3938,2026-08-06,已取得法定年度报告链接
002124,2023,天邦食品股份有限公司,天邦食品,行业分类候选+龙头企业身份核实候选,1219920450,2023年年度报告,天邦食品,2024-04-29,https://static.cninfo.com.cn/finalpage/2024-04-30/1219920450.PDF,6504,2026-08-06,已取得法定年度报告链接
002157,2023,江西正邦科技股份有限公司,正邦科技,行业分类候选,1219923507,2023年年度报告,*ST 正邦,2024-04-29,https://static.cninfo.com.cn/finalpage/2024-04-30/1219923507.PDF,1513,2026-08-06,已取得法定年度报告链接
002166,2023,桂林莱茵生物科技股份有限公司,莱茵生物,龙头企业身份核实候选,1219553198,2023年年度报告,莱茵生物,2024-04-09,https://static.cninfo.com.cn/finalpage/2024-04-10/1219553198.PDF,3506,2026-08-06,已取得法定年度报告链接
002216,2023,三全食品股份有限公司,三全食品,龙头企业身份核实候选,1219817889,2023年年度报告,三全食品,2024-04-25,https://static.cninfo.com.cn/finalpage/2024-04-26/1219817889.PDF,5690,2026-08-06,已取得法定年度报告链接
002234,2023,山东民和牧业股份有限公司,民和股份,行业分类候选+龙头企业身份核实候选,1219328941,2023年年度报告,民和股份,2024-03-18,https://static.cninfo.com.cn/finalpage/2024-03-19/1219328941.PDF,4224,2026-08-06,已取得法定年度报告链接
002286,2023,保龄宝生物股份有限公司,保龄宝,龙头企业身份核实候选,1219110472,2023年年度报告,保龄宝,2024-02-06,https://static.cninfo.com.cn/finalpage/2024-02-07/1219110472.PDF,4374,2026-08-06,已取得法定年度报告链接
002299,2023,福建圣农发展股份有限公司,圣农发展,行业分类候选,1219428601,2023年年度报告,圣农发展,2024-03-27,https://static.cninfo.com.cn/finalpage/2024-03-28/1219428601.PDF,6845,2026-08-06,已取得法定年度报告链接
002311,2023,广东海大集团股份有限公司,海大集团,龙头企业身份核实候选,1219735739,2023年年度报告,海大集团,2024-04-22,https://static.cninfo.com.cn/finalpage/2024-04-23/1219735739.PDF,6867,2026-08-06,已取得法定年度报告链接
002321,2023,河南华英农业发展股份有限公司,华英农业,行业分类候选+龙头企业身份核实候选,1219690595,2023年年度报告,华英农业,2024-04-19,https://static.cninfo.com.cn/finalpage/2024-04-20/1219690595.PDF,1914,2026-08-06,已取得法定年度报告链接
002329,2023,皇氏集团股份有限公司,皇氏集团,龙头企业身份核实候选,1219842467,2023年年度报告,皇氏集团,2024-04-25,https://static.cninfo.com.cn/finalpage/2024-04-26/1219842467.PDF,6561,2026-08-06,已取得法定年度报告链接
002385,2023,北京大北农科技集团股份有限公司,大北农,龙头企业身份核实候选,1219831744,2023年年度报告,大北农,2024-04-25,https://static.cninfo.com.cn/finalpage/2024-04-26/1219831744.PDF,2674,2026-08-06,已取得法定年度报告链接
002390,2023,贵州信邦制药股份有限公司,信邦制药,龙头企业身份核实候选,1219618646,2023年年度报告,信邦制药,2024-04-15,https://static.cninfo.com.cn/finalpage/2024-04-16/1219618646.PDF,6169,2026-08-06,已取得法定年度报告链接
002424,2023,贵州百灵企业集团制药股份有限公司,ST百灵,龙头企业身份核实候选,1219927538,2023年年度报告,贵州百灵,2024-04-29,https://static.cninfo.com.cn/finalpage/2024-04-30/1219927538.PDF,5492,2026-08-06,已取得法定年度报告链接
002431,2023,棕榈生态城镇发展股份有限公司,ST棕榈,龙头企业身份核实候选,1220173204,棕榈股份2023年年度报告（更正后）,棕榈股份,2024-05-27,https://static.cninfo.com.cn/finalpage/2024-05-28/1220173204.PDF,7728,2026-08-06,已取得法定年度报告链接
002458,2023,山东益生种畜禽股份有限公司,益生股份,行业分类候选+龙头企业身份核实候选,1219249443,2023年年度报告,益生股份,2024-03-06,https://static.cninfo.com.cn/finalpage/2024-03-07/1219249443.PDF,4729,2026-08-06,已取得法定年度报告链接
002481,2023,烟台双塔食品股份有限公司,双塔食品,龙头企业身份核实候选,1219699565,2023年年度报告,双塔食品,2024-04-19,https://static.cninfo.com.cn/finalpage/2024-04-20/1219699565.PDF,2754,2026-08-06,已取得法定年度报告链接
002507,2023,重庆市涪陵榨菜集团股份有限公司,涪陵榨菜,龙头企业身份核实候选,1219462373,2023年年度报告,涪陵榨菜,2024-03-29,https://static.cninfo.com.cn/finalpage/2024-03-30/1219462373.PDF,3767,2026-08-06,已取得法定年度报告链接
002548,2023,深圳市金新农科技股份有限公司,金新农,龙头企业身份核实候选,1219919082,2023年年度报告,金新农,2024-04-29,https://static.cninfo.com.cn/finalpage/2024-04-30/1219919082.PDF,3962,2026-08-06,已取得法定年度报告链接
002557,2023,洽洽食品股份有限公司,洽洽食品,龙头企业身份核实候选,1219833637,2023年年度报告,洽洽食品,2024-04-25,https://static.cninfo.com.cn/finalpage/2024-04-26/1219833637.PDF,3685,2026-08-06,已取得法定年度报告链接
002566,2023,吉林省集安益盛药业股份有限公司,益盛药业,龙头企业身份核实候选,1219664001,2023年年度报告,益盛药业,2024-04-18,https://static.cninfo.com.cn/finalpage/2024-04-19/1219664001.PDF,3814,2026-08-06,已取得法定年度报告链接
002567,2023,唐人神集团股份有限公司,唐人神,龙头企业身份核实候选,1219910967,2023年年度报告,唐人神,2024-04-29,https://static.cninfo.com.cn/finalpage/2024-04-30/1219910967.PDF,7403,2026-08-06,已取得法定年度报告链接
002582,2023,好想你健康食品股份有限公司,好想你,龙头企业身份核实候选,1219836321,2023年年度报告,好想你,2024-04-25,https://static.cninfo.com.cn/finalpage/2024-04-26/1219836321.PDF,5153,2026-08-06,已取得法定年度报告链接
002650,2023,加加食品集团股份有限公司,ST加加,龙头企业身份核实候选,1219872679,2023年年度报告,加加食品,2024-04-28,https://static.cninfo.com.cn/finalpage/2024-04-29/1219872679.PDF,6151,2026-08-06,已取得法定年度报告链接
002661,2023,陈克明食品股份有限公司,克明食品,龙头企业身份核实候选,1219312898,2023年年度报告,克明食品,2024-03-15,https://static.cninfo.com.cn/finalpage/2024-03-16/1219312898.PDF,1927,2026-08-06,已取得法定年度报告链接
002679,2023,福建金森林业股份有限公司,福建金森,行业分类候选,1220543069,2023年年度报告(更正后),福建金森,2024-07-05,https://static.cninfo.com.cn/finalpage/2024-07-06/1220543069.PDF,2442,2026-08-06,已取得法定年度报告链接
002688,2023,金河生物科技股份有限公司,金河生物,龙头企业身份核实候选,1219863960,2023年年度报告,金河生物,2024-04-28,https://static.cninfo.com.cn/finalpage/2024-04-29/1219863960.PDF,6965,2026-08-06,已取得法定年度报告链接
002696,2023,百洋产业投资集团股份有限公司,百洋股份,龙头企业身份核实候选,1219860895,2023年年度报告,百洋股份,2024-04-26,https://static.cninfo.com.cn/finalpage/2024-04-27/1219860895.PDF,5656,2026-08-06,已取得法定年度报告链接
002702,2023,海欣食品股份有限公司,海欣食品,龙头企业身份核实候选,1219818964,2023年年度报告,海欣食品,2024-04-25,https://static.cninfo.com.cn/finalpage/2024-04-26/1219818964.PDF,5358,2026-08-06,已取得法定年度报告链接
002714,2023,牧原食品集团股份有限公司,牧原股份,行业分类候选+龙头企业身份核实候选,1219861302,2023年年度报告,牧原股份,2024-04-26,https://static.cninfo.com.cn/finalpage/2024-04-27/1219861302.PDF,7339,2026-08-06,已取得法定年度报告链接
002719,2023,麦趣尔集团股份有限公司,ST麦趣,龙头企业身份核实候选,1219745708,2023年年度报告,麦趣尔,2024-04-22,https://static.cninfo.com.cn/finalpage/2024-04-23/1219745708.PDF,3184,2026-08-06,已取得法定年度报告链接
002732,2023,广东燕塘乳业股份有限公司,燕塘乳业,龙头企业身份核实候选,1219470942,2023年年度报告,燕塘乳业,2024-03-29,https://static.cninfo.com.cn/finalpage/2024-03-30/1219470942.PDF,5662,2026-08-06,已取得法定年度报告链接
002746,2023,山东仙坛集团股份有限公司,仙坛股份,龙头企业身份核实候选,1219735516,2023年年度报告,仙坛股份,2024-04-22,https://static.cninfo.com.cn/finalpage/2024-04-23/1219735516.PDF,4400,2026-08-06,已取得法定年度报告链接
002772,2023,天水众兴菌业科技股份有限公司,众兴菌业,行业分类候选+龙头企业身份核实候选,1219405509,2023年年度报告,众兴菌业,2024-03-25,https://static.cninfo.com.cn/finalpage/2024-03-26/1219405509.PDF,4008,2026-08-06,已取得法定年度报告链接
002847,2023,盐津铺子食品股份有限公司,盐津铺子,龙头企业身份核实候选,1219410233,2023年年度报告,盐津铺子,2024-03-26,https://static.cninfo.com.cn/finalpage/2024-03-27/1219410233.PDF,5624,2026-08-06,已取得法定年度报告链接
002852,2023,道道全粮油股份有限公司,道道全,龙头企业身份核实候选,1219862164,2023年年度报告,道道全,2024-04-26,https://static.cninfo.com.cn/finalpage/2024-04-27/1219862164.PDF,3389,2026-08-06,已取得法定年度报告链接
002873,2023,贵阳新天药业股份有限公司,新天药业,龙头企业身份核实候选,1219583378,2023年年度报告,新天药业,2024-04-11,https://static.cninfo.com.cn/finalpage/2024-04-12/1219583378.PDF,4592,2026-08-06,已取得法定年度报告链接
002910,2023,兰州庄园牧场股份有限公司,庄园牧场,龙头企业身份核实候选,1219871887,2023年年度报告,庄园牧场,2024-04-26,https://static.cninfo.com.cn/finalpage/2024-04-27/1219871887.PDF,3981,2026-08-06,已取得法定年度报告链接
002982,2023,湖南湘佳牧业股份有限公司,湘佳股份,行业分类候选+龙头企业身份核实候选,1219550513,2023年年度报告,湘佳股份,2024-04-09,https://static.cninfo.com.cn/finalpage/2024-04-10/1219550513.PDF,4007,2026-08-06,已取得法定年度报告链接
002991,2023,甘源食品股份有限公司,甘源食品,龙头企业身份核实候选,1219767620,2023年年度报告,甘源食品,2024-04-23,https://static.cninfo.com.cn/finalpage/2024-04-24/1219767620.PDF,4542,2026-08-06,已取得法定年度报告链接
003000,2023,劲仔食品集团股份有限公司,劲仔食品,龙头企业身份核实候选,1219425821,2023年年度报告,劲仔食品,2024-03-27,https://static.cninfo.com.cn/finalpage/2024-03-28/1219425821.PDF,1540,2026-08-06,已取得法定年度报告链接
300087,2023,安徽荃银高科种业股份有限公司,ST荃银,行业分类候选+龙头企业身份核实候选,1219389382,2023年年度报告,荃银高科,2024-03-22,https://static.cninfo.com.cn/finalpage/2024-03-23/1219389382.PDF,3404,2026-08-06,已取得法定年度报告链接
300094,2023,湛江国联水产开发股份有限公司,国联水产,龙头企业身份核实候选,1219866201,2023年年度报告,国联水产,2024-04-28,https://static.cninfo.com.cn/finalpage/2024-04-29/1219866201.PDF,4772,2026-08-06,已取得法定年度报告链接
300119,2023,瑞普生物股份有限公司,瑞普生物,龙头企业身份核实候选,1219465976,2023年年度报告,瑞普生物,2024-03-29,https://static.cninfo.com.cn/finalpage/2024-03-30/1219465976.PDF,5859,2026-08-06,已取得法定年度报告链接
300138,2023,晨光生物科技集团股份有限公司,晨光生物,龙头企业身份核实候选,1219651002,2023年年度报告,晨光生物,2024-04-17,https://static.cninfo.com.cn/finalpage/2024-04-18/1219651002.PDF,5493,2026-08-06,已取得法定年度报告链接
300158,2023,山西振东制药股份有限公司,振东制药,龙头企业身份核实候选,1219735904,2023年年度报告,振东制药,2024-04-22,https://static.cninfo.com.cn/finalpage/2024-04-23/1219735904.PDF,2194,2026-08-06,已取得法定年度报告链接
300189,2023,海南神农种业科技股份有限公司,神农种业,行业分类候选+龙头企业身份核实候选,1219833092,2023年年度报告,神农科技,2024-04-25,https://static.cninfo.com.cn/finalpage/2024-04-26/1219833092.PDF,3963,2026-08-06,已取得法定年度报告链接
300313,2023,新疆天山畜牧生物工程股份有限公司,天山生物,行业分类候选,1219474293,2023年年度报告,*ST天山,2024-03-29,https://static.cninfo.com.cn/finalpage/2024-03-30/1219474293.PDF,4350,2026-08-06,已取得法定年度报告链接
300498,2023,温氏食品集团股份有限公司,温氏股份,行业分类候选+龙头企业身份核实候选,1219866693,2023年年度报告,温氏股份,2024-04-28,https://static.cninfo.com.cn/finalpage/2024-04-29/1219866693.PDF,6673,2026-08-06,已取得法定年度报告链接
300511,2023,上海雪榕生物科技股份有限公司,雪榕生物,行业分类候选+龙头企业身份核实候选,1219839662,2023年年度报告,雪榕生物,2024-04-25,https://static.cninfo.com.cn/finalpage/2024-04-26/1219839662.PDF,3800,2026-08-06,已取得法定年度报告链接
300761,2023,江苏立华食品集团股份有限公司,立华股份,行业分类候选,1219693250,2023年年度报告,立华股份,2024-04-21,https://static.cninfo.com.cn/finalpage/2024-04-22/1219693250.PDF,4441,2026-08-06,已取得法定年度报告链接
300783,2023,三只松鼠股份有限公司,三只松鼠,龙头企业身份核实候选,1219404481,2023年年度报告,三只松鼠,2024-03-25,https://static.cninfo.com.cn/finalpage/2024-03-26/1219404481.PDF,2812,2026-08-06,已取得法定年度报告链接
300871,2023,武汉回盛生物科技股份有限公司,回盛生物,龙头企业身份核实候选,1219796102,2023年年度报告,回盛生物,2024-04-24,https://static.cninfo.com.cn/finalpage/2024-04-25/1219796102.PDF,1424,2026-08-06,已取得法定年度报告链接
300898,2023,熊猫乳品集团股份有限公司,熊猫乳品,龙头企业身份核实候选,1219793925,2023年年度报告,熊猫乳品,2024-04-24,https://static.cninfo.com.cn/finalpage/2024-04-25/1219793925.PDF,1298,2026-08-06,已取得法定年度报告链接
300908,2023,仲景食品股份有限公司,仲景食品,龙头企业身份核实候选,1219535199,2023年年度报告,仲景食品,2024-04-08,https://static.cninfo.com.cn/finalpage/2024-04-09/1219535199.PDF,4142,2026-08-06,已取得法定年度报告链接
300967,2023,宁夏晓鸣农牧股份有限公司,晓鸣股份,行业分类候选+龙头企业身份核实候选,1219670312,2023年年度报告,晓鸣股份,2024-04-18,https://static.cninfo.com.cn/finalpage/2024-04-19/1219670312.PDF,1715,2026-08-06,已取得法定年度报告链接
300970,2023,江苏华绿生物科技集团股份有限公司,华绿生物,行业分类候选+龙头企业身份核实候选,1219744144,2023年年度报告,华绿生物,2024-04-22,https://static.cninfo.com.cn/finalpage/2024-04-23/1219744144.PDF,1384,2026-08-06,已取得法定年度报告链接
300972,2023,福建万辰食品集团股份有限公司,万辰集团,行业分类候选,1219764281,2023年年度报告(更正后),万辰集团,2024-04-23,https://static.cninfo.com.cn/finalpage/2024-04-23/1219764281.PDF,2075,2026-08-06,已取得法定年度报告链接
301116,2023,江苏益客食品集团股份有限公司,益客食品,龙头企业身份核实候选,1219826208,2023年年度报告,益客食品,2024-04-25,https://static.cninfo.com.cn/finalpage/2024-04-26/1219826208.PDF,3410,2026-08-06,已取得法定年度报告链接
301498,2023,乖宝宠物食品集团股份有限公司,乖宝宠物,龙头企业身份核实候选,1219618020,2023年年度报告,乖宝宠物,2024-04-15,https://static.cninfo.com.cn/finalpage/2024-04-16/1219618020.PDF,1553,2026-08-06,已取得法定年度报告链接
600097,2023,上海开创国际海洋资源股份有限公司,开创国际,行业分类候选,1219441413,开创国际2023年年度报告,开创国际,2024-03-28,https://static.cninfo.com.cn/finalpage/2024-03-29/1219441413.PDF,3677,2026-08-06,已取得法定年度报告链接
600108,2023,甘肃亚盛实业(集团)股份有限公司,亚盛集团,行业分类候选+龙头企业身份核实候选,1219788130,亚盛集团2023年年度报告,亚盛集团,2024-04-24,https://static.cninfo.com.cn/finalpage/2024-04-25/1219788130.PDF,3628,2026-08-06,已取得法定年度报告链接
600127,2023,金健米业股份有限公司,金健米业,龙头企业身份核实候选,1219466894,金健米业2023年年度报告,金健米业,2024-03-29,https://static.cninfo.com.cn/finalpage/2024-03-30/1219466894.PDF,5721,2026-08-06,已取得法定年度报告链接
600129,2023,重庆太极实业(集团)股份有限公司,太极集团,龙头企业身份核实候选,1219448646,太极集团2023年年度报告,太极集团,2024-03-28,https://static.cninfo.com.cn/finalpage/2024-03-29/1219448646.PDF,4691,2026-08-06,已取得法定年度报告链接
600195,2023,中牧实业股份有限公司,中牧股份,龙头企业身份核实候选,1219551316,中牧实业股份有限公司2023年年度报告,中牧股份,2024-04-09,https://static.cninfo.com.cn/finalpage/2024-04-10/1219551316.PDF,3947,2026-08-06,已取得法定年度报告链接
600211,2023,西藏诺迪康药业股份有限公司,西藏药业,龙头企业身份核实候选,1219409994,西藏药业2023年年度报告,西藏药业,2024-03-26,https://static.cninfo.com.cn/finalpage/2024-03-27/1219409994.PDF,3651,2026-08-06,已取得法定年度报告链接
600238,2023,海南椰岛(集团)股份有限公司,ST椰岛,龙头企业身份核实候选,1219875263,海南椰岛2023年年度报告,海南椰岛,2024-04-26,https://static.cninfo.com.cn/finalpage/2024-04-27/1219875263.PDF,4022,2026-08-06,已取得法定年度报告链接
600251,2023,新疆冠农股份有限公司,冠农股份,龙头企业身份核实候选,1219429441,新疆冠农股份有限公司2023年年度报告,冠农股份,2024-03-27,https://static.cninfo.com.cn/finalpage/2024-03-28/1219429441.PDF,4131,2026-08-06,已取得法定年度报告链接
600257,2023,大湖健康产业股份有限公司,大湖股份,行业分类候选,1219651824,大湖水殖股份有限公司2023年年度报告,大湖股份,2024-04-17,https://static.cninfo.com.cn/finalpage/2024-04-18/1219651824.PDF,3970,2026-08-06,已取得法定年度报告链接
600285,2023,河南羚锐制药股份有限公司,羚锐制药,龙头企业身份核实候选,1219832522,羚锐制药2023年年度报告,羚锐制药,2024-04-25,https://static.cninfo.com.cn/finalpage/2024-04-26/1219832522.PDF,4243,2026-08-06,已取得法定年度报告链接
600295,2023,内蒙古鄂尔多斯资源股份有限公司,鄂尔多斯,龙头企业身份核实候选,1219617757,内蒙古鄂尔多斯资源股份有限公司2023年年度报告,鄂尔多斯,2024-04-15,https://static.cninfo.com.cn/finalpage/2024-04-16/1219617757.PDF,6707,2026-08-06,已取得法定年度报告链接
600300,2023,维维食品饮料股份有限公司,维维股份,龙头企业身份核实候选,1219314438,维维股份2023年年度报告,维维股份,2024-03-15,https://static.cninfo.com.cn/finalpage/2024-03-16/1219314438.PDF,4394,2026-08-06,已取得法定年度报告链接
600305,2023,江苏恒顺醋业股份有限公司,恒顺醋业,龙头企业身份核实候选,1219914923,江苏恒顺醋业股份有限公司2023年年度报告,恒顺醋业,2024-04-29,https://static.cninfo.com.cn/finalpage/2024-04-30/1219914923.PDF,5051,2026-08-06,已取得法定年度报告链接
600351,2023,亚宝药业集团股份有限公司,亚宝药业,龙头企业身份核实候选,1219832595,亚宝药业集团股份有限公司2023年年度报告,亚宝药业,2024-04-25,https://static.cninfo.com.cn/finalpage/2024-04-26/1219832595.PDF,5786,2026-08-06,已取得法定年度报告链接
600354,2023,甘肃省敦煌种业集团股份有限公司,敦煌种业,行业分类候选+龙头企业身份核实候选,1219375765,甘肃省敦煌种业集团股份有限公司2023年年报,敦煌种业,2024-03-21,https://static.cninfo.com.cn/finalpage/2024-03-22/1219375765.PDF,4700,2026-08-06,已取得法定年度报告链接
600359,2023,新疆塔里木农业综合开发股份有限公司,新农开发,行业分类候选,1219447486,新疆塔里木农业综合开发股份有限公司2023年度报告,新农开发,2024-03-28,https://static.cninfo.com.cn/finalpage/2024-03-29/1219447486.PDF,4991,2026-08-06,已取得法定年度报告链接
600371,2023,万向德农股份有限公司,万向德农,行业分类候选,1219617366,万向德农股份有限公司2023年年度报告,万向德农,2024-04-15,https://static.cninfo.com.cn/finalpage/2024-04-16/1219617366.PDF,2759,2026-08-06,已取得法定年度报告链接
600419,2023,新疆天润乳业股份有限公司,天润乳业,龙头企业身份核实候选,1219620744,新疆天润乳业股份有限公司2023年年度报告,天润乳业,2024-04-15,https://static.cninfo.com.cn/finalpage/2024-04-16/1219620744.PDF,4011,2026-08-06,已取得法定年度报告链接
600429,2023,北京三元食品股份有限公司,三元股份,龙头企业身份核实候选,1219705141,三元股份2023年年度报告,三元股份,2024-04-19,https://static.cninfo.com.cn/finalpage/2024-04-20/1219705141.PDF,5130,2026-08-06,已取得法定年度报告链接
600438,2023,通威股份有限公司,通威股份,龙头企业身份核实候选,1219915221,通威股份有限公司2023年年度报告,通威股份,2024-04-29,https://static.cninfo.com.cn/finalpage/2024-04-30/1219915221.PDF,7677,2026-08-06,已取得法定年度报告链接
600467,2023,山东好当家海洋发展股份有限公司,好当家,行业分类候选+龙头企业身份核实候选,1219786818,好当家2023年年度报告,好当家,2024-04-24,https://static.cninfo.com.cn/finalpage/2024-04-25/1219786818.PDF,4054,2026-08-06,已取得法定年度报告链接
600479,2023,株洲千金药业股份有限公司,千金药业,龙头企业身份核实候选,1219580221,千金药业2023年年度报告,千金药业,2024-04-11,https://static.cninfo.com.cn/finalpage/2024-04-12/1219580221.PDF,4118,2026-08-06,已取得法定年度报告链接
600540,2023,新疆赛里木现代农业股份有限公司,新赛股份,行业分类候选,1219915469,新疆赛里木现代农业股份有限公司2023年年度报告,新赛股份,2024-04-29,https://static.cninfo.com.cn/finalpage/2024-04-30/1219915469.PDF,7178,2026-08-06,已取得法定年度报告链接
600543,2023,甘肃莫高实业发展股份有限公司,*ST莫高,龙头企业身份核实候选,1219474391,莫高股份2023年年度报告,*ST莫高,2024-03-29,https://static.cninfo.com.cn/finalpage/2024-03-30/1219474391.PDF,3623,2026-08-06,已取得法定年度报告链接
600597,2023,光明乳业股份有限公司,光明乳业,龙头企业身份核实候选,1219892948,光明乳业2023年年度报告,光明乳业,2024-04-28,https://static.cninfo.com.cn/finalpage/2024-04-29/1219892948.PDF,4726,2026-08-06,已取得法定年度报告链接
600598,2023,黑龙江北大荒农业股份有限公司,北大荒,行业分类候选,1219444566,黑龙江北大荒农业股份有限公司2023年年度报告,北大荒,2024-03-28,https://static.cninfo.com.cn/finalpage/2024-03-29/1219444566.PDF,4996,2026-08-06,已取得法定年度报告链接
600737,2023,中粮糖业控股股份有限公司,中粮糖业,龙头企业身份核实候选,1219840031,中粮糖业控股股份有限公司2023年年度报告,中粮糖业,2024-04-25,https://static.cninfo.com.cn/finalpage/2024-04-26/1219840031.PDF,4382,2026-08-06,已取得法定年度报告链接
600873,2023,梅花生物科技集团股份有限公司,梅花生物,龙头企业身份核实候选,1219331307,梅花生物2023年年度报告,梅花生物,2024-03-18,https://static.cninfo.com.cn/finalpage/2024-03-19/1219331307.PDF,4690,2026-08-06,已取得法定年度报告链接
600882,2023,上海妙可蓝多食品科技股份有限公司,妙可蓝多,龙头企业身份核实候选,1219403983,2023年年度报告,妙可蓝多,2024-03-25,https://static.cninfo.com.cn/finalpage/2024-03-26/1219403983.PDF,5437,2026-08-06,已取得法定年度报告链接
600887,2023,内蒙古伊利实业集团股份有限公司,伊利股份,龙头企业身份核实候选,1219916433,内蒙古伊利实业集团股份有限公司2023年年度报告,伊利股份,2024-04-29,https://static.cninfo.com.cn/finalpage/2024-04-30/1219916433.PDF,4619,2026-08-06,已取得法定年度报告链接
600962,2023,国投中鲁果汁股份有限公司,国投中鲁,龙头企业身份核实候选,1219469902,国投中鲁2023年年度报告,国投中鲁,2024-03-29,https://static.cninfo.com.cn/finalpage/2024-03-30/1219469902.PDF,3710,2026-08-06,已取得法定年度报告链接
600965,2023,河北福成五丰食品股份有限公司,*ST福成,龙头企业身份核实候选,1220391882,福成股份：2023年年度报告（ 更正后）,福成股份,2024-06-18,https://static.cninfo.com.cn/finalpage/2024-06-19/1220391882.PDF,5029,2026-08-06,已取得法定年度报告链接
600975,2023,湖南新五丰股份有限公司,新五丰,行业分类候选+龙头企业身份核实候选,1219705303,湖南新五丰股份有限公司2023年年度报告,新五丰,2024-04-19,https://static.cninfo.com.cn/finalpage/2024-04-20/1219705303.PDF,5425,2026-08-06,已取得法定年度报告链接
601118,2023,海南天然橡胶产业集团股份有限公司,海南橡胶,行业分类候选+龙头企业身份核实候选,1219927665,海南橡胶2023年年度报告,海南橡胶,2024-04-29,https://static.cninfo.com.cn/finalpage/2024-04-30/1219927665.PDF,5077,2026-08-06,已取得法定年度报告链接
601933,2023,永辉超市股份有限公司,永辉超市,龙头企业身份核实候选,1219878384,永辉超市股份有限公司2023年年度报告,永辉超市,2024-04-26,https://static.cninfo.com.cn/finalpage/2024-04-27/1219878384.PDF,5597,2026-08-06,已取得法定年度报告链接
601996,2023,广西丰林木业集团股份有限公司,丰林集团,龙头企业身份核实候选,1219410573,广西丰林木业集团股份有限公司2023年年度报告,丰林集团,2024-03-26,https://static.cninfo.com.cn/finalpage/2024-03-27/1219410573.PDF,4119,2026-08-06,已取得法定年度报告链接
603151,2023,山东邦基科技股份有限公司,邦基科技,龙头企业身份核实候选,1219879163,山东邦基科技股份有限公司2023年年度报告,邦基科技,2024-04-26,https://static.cninfo.com.cn/finalpage/2024-04-27/1219879163.PDF,3666,2026-08-06,已取得法定年度报告链接
603156,2023,河北养元智汇饮品股份有限公司,养元饮品,龙头企业身份核实候选,1219766073,养元饮品2023年年度报告,养元饮品,2024-04-23,https://static.cninfo.com.cn/finalpage/2024-04-24/1219766073.PDF,3677,2026-08-06,已取得法定年度报告链接
603182,2023,山东嘉华生物科技股份有限公司,嘉华股份,龙头企业身份核实候选,1219624836,嘉华股份2023年年度报告,嘉华股份,2024-04-15,https://static.cninfo.com.cn/finalpage/2024-04-16/1219624836.PDF,4905,2026-08-06,已取得法定年度报告链接
603237,2023,浙江五芳斋实业股份有限公司,五芳斋,龙头企业身份核实候选,1219793360,浙江五芳斋实业股份有限公司2023年年度报告,五芳斋,2024-04-24,https://static.cninfo.com.cn/finalpage/2024-04-25/1219793360.PDF,5872,2026-08-06,已取得法定年度报告链接
603288,2023,佛山市海天调味食品股份有限公司,海天味业,龙头企业身份核实候选,1219879610,海天味业2023年年度报告,海天味业,2024-04-26,https://static.cninfo.com.cn/finalpage/2024-04-27/1219879610.PDF,4105,2026-08-06,已取得法定年度报告链接
603317,2023,四川天味食品集团股份有限公司,天味食品,龙头企业身份核实候选,1219428418,2023年年度报告,天味食品,2024-03-27,https://static.cninfo.com.cn/finalpage/2024-03-28/1219428418.PDF,4652,2026-08-06,已取得法定年度报告链接
603336,2023,宏辉果蔬股份有限公司,宏辉果蔬,龙头企业身份核实候选,1219581219,2023年年度报告,宏辉果蔬,2024-04-11,https://static.cninfo.com.cn/finalpage/2024-04-12/1219581219.PDF,4118,2026-08-06,已取得法定年度报告链接
603345,2023,安井食品集团股份有限公司,安井食品,龙头企业身份核实候选,1219879952,安井食品2023年年度报告,安井食品,2024-04-26,https://static.cninfo.com.cn/finalpage/2024-04-27/1219879952.PDF,4144,2026-08-06,已取得法定年度报告链接
603363,2023,福建傲农生物科技集团股份有限公司,傲农生物,龙头企业身份核实候选,1219925622,福建傲农生物科技集团股份有限公司2023年年度报告,傲农生物,2024-04-29,https://static.cninfo.com.cn/finalpage/2024-04-30/1219925622.PDF,7667,2026-08-06,已取得法定年度报告链接
603477,2023,乐山巨星农牧股份有限公司,巨星农牧,行业分类候选,1219388580,乐山巨星农牧股份有限公司2023年年度报告,巨星农牧,2024-03-22,https://static.cninfo.com.cn/finalpage/2024-03-23/1219388580.PDF,4134,2026-08-06,已取得法定年度报告链接
603517,2023,绝味食品股份有限公司,ST绝味,龙头企业身份核实候选,1219907586,绝味食品2023年度报告全文,绝味食品,2024-04-29,https://static.cninfo.com.cn/finalpage/2024-04-30/1219907586.PDF,4629,2026-08-06,已取得法定年度报告链接
603609,2023,禾丰食品股份有限公司,禾丰股份,龙头企业身份核实候选,1219462055,禾丰股份2023年年度报告,禾丰股份,2024-03-29,https://static.cninfo.com.cn/finalpage/2024-03-30/1219462055.PDF,4783,2026-08-06,已取得法定年度报告链接
603668,2023,福建天马科技集团股份有限公司,天马科技,龙头企业身份核实候选,1219880792,天马科技2023年年度报告,天马科技,2024-04-26,https://static.cninfo.com.cn/finalpage/2024-04-27/1219880792.PDF,5480,2026-08-06,已取得法定年度报告链接
603708,2023,家家悦集团股份有限公司,家家悦,龙头企业身份核实候选,1219703269,家家悦集团股份有限公司2023年年度报告,家家悦,2024-04-19,https://static.cninfo.com.cn/finalpage/2024-04-20/1219703269.PDF,4146,2026-08-06,已取得法定年度报告链接
603896,2023,浙江寿仙谷医药股份有限公司,寿仙谷,龙头企业身份核实候选,1219836795,寿仙谷2023年年度报告,寿仙谷,2024-04-25,https://static.cninfo.com.cn/finalpage/2024-04-26/1219836795.PDF,5188,2026-08-06,已取得法定年度报告链接
605016,2023,山东百龙创园生物科技股份有限公司,百龙创园,龙头企业身份核实候选,1219881792,2023年年度报告,百龙创园,2024-04-26,https://static.cninfo.com.cn/finalpage/2024-04-27/1219881792.PDF,4988,2026-08-06,已取得法定年度报告链接
605179,2023,浙江一鸣食品股份有限公司,一鸣食品,龙头企业身份核实候选,1219742469,2023年度报告,一鸣食品,2024-04-22,https://static.cninfo.com.cn/finalpage/2024-04-23/1219742469.PDF,5248,2026-08-06,已取得法定年度报告链接
605198,2023,烟台北方安德利果汁股份有限公司,安德利,龙头企业身份核实候选,1219251760,安德利：2023年年度报告,安德利,2024-03-06,https://static.cninfo.com.cn/finalpage/2024-03-07/1219251760.PDF,3397,2026-08-06,已取得法定年度报告链接
605296,2023,云南神农农业产业集团股份有限公司,神农集团,行业分类候选+龙头企业身份核实候选,1219837411,云南神农农业产业集团股份有限公司2023年年度报告,神农集团,2024-04-25,https://static.cninfo.com.cn/finalpage/2024-04-26/1219837411.PDF,4774,2026-08-06,已取得法定年度报告链接
605337,2023,浙江李子园食品股份有限公司,李子园,龙头企业身份核实候选,1219817144,浙江李子园食品股份有限公司2023年年度报告（更正版）,李子园,2024-04-25,https://static.cninfo.com.cn/finalpage/2024-04-26/1219817144.PDF,4683,2026-08-06,已取得法定年度报告链接
605338,2023,中饮巴比食品股份有限公司,巴比食品,龙头企业身份核实候选,1219445909,2023年年度报告,巴比食品,2024-03-28,https://static.cninfo.com.cn/finalpage/2024-03-29/1219445909.PDF,5203,2026-08-06,已取得法定年度报告链接
605589,2023,济南圣泉集团股份有限公司,圣泉集团,龙头企业身份核实候选,1219669134,圣泉集团2023年年度报告,圣泉集团,2024-04-18,https://static.cninfo.com.cn/finalpage/2024-04-19/1219669134.PDF,4488,2026-08-06,已取得法定年度报告链接
