stock_code,year,current_legal_full_name,current_short_name,exchange_final,list_date_final,legal_name_review_status,entry_basis,name_source_url,name_effective_basis,delisting_date,delisting_source_url,industry_entry_candidate,industry_period_short_name,industry_source_period,industry_code,industry_name,industry_period_st_flag,industry_source_agency,industry_classification_standard,industry_local_source_file,industry_sample_status,leading_identity_verified_candidate,official_name_evidence,evidence_event_year,evidence_event_type,moa_source_url,identity_source_url,identity_basis,leading_candidate_status,st_review_status,entry_pool_status,st_any_time_in_year_verified,st_at_year_end_verified,st_interval_source_url,st_interval_end_source_url,st_interval_status,st_audit_status,delisting_arrangement_in_year_verified,delisting_arrangement_source_url
000592,2013,中福海峡（平潭）发展股份有限公司,平潭发展,深圳证券交易所,1996-03-27,交易所当前法人主表已覆盖,行业分类候选,,,,,1,中福实业,2013Q4,02,林业,否,中国证监会,《上市公司行业分类指引》（2012年修订）,2013Q4.pdf,候选待年报复核,0,,,,,,,,已由当期行业分类证券简称标记：否,入口候选，非最终样本；仍须复核主营业务、涉农收入占比、ST/退市状态及核心变量缺失,,,,,,年度ST区间待核实,,
000663,2013,福建省永安林业(集团)股份有限公司,永安林业,深圳证券交易所,1996-12-06,交易所当前法人主表已覆盖,行业分类候选,,,,,1,永安林业,2013Q4,02,林业,否,中国证监会,《上市公司行业分类指引》（2012年修订）,2013Q4.pdf,候选待年报复核,0,,,,,,,,已由当期行业分类证券简称标记：否,入口候选，非最终样本；仍须复核主营业务、涉农收入占比、ST/退市状态及核心变量缺失,,,,,,年度ST区间待核实,,
000713,2013,国投丰乐种业股份有限公司,国投丰乐,深圳证券交易所,1997-04-22,交易所当前法人主表已覆盖,行业分类候选,,,,,1,丰乐种业,2013Q4,05,农林牧渔服务业,否,中国证监会,《上市公司行业分类指引》（2012年修订）,2013Q4.pdf,候选待年报复核,0,,,,,,,,已由当期行业分类证券简称标记：否,入口候选，非最终样本；仍须复核主营业务、涉农收入占比、ST/退市状态及核心变量缺失,,,,,,年度ST区间待核实,,
000735,2013,罗牛山股份有限公司,罗 牛 山,深圳证券交易所,1997-06-11,交易所当前法人主表已覆盖,行业分类候选,,,,,1,罗牛山,2013Q4,03,畜牧业,否,中国证监会,《上市公司行业分类指引》（2012年修订）,2013Q4.pdf,候选待年报复核,0,,,,,,,,已由当期行业分类证券简称标记：否,入口候选，非最终样本；仍须复核主营业务、涉农收入占比、ST/退市状态及核心变量缺失,,,,,,年度ST区间待核实,,
000798,2013,中水集团远洋股份有限公司,中水渔业,深圳证券交易所,1998-02-12,交易所当前法人主表已覆盖,行业分类候选,,,,,1,中水渔业,2013Q4,04,渔业,否,中国证监会,《上市公司行业分类指引》（2012年修订）,2013Q4.pdf,候选待年报复核,0,,,,,,,,已由当期行业分类证券简称标记：否,入口候选，非最终样本；仍须复核主营业务、涉农收入占比、ST/退市状态及核心变量缺失,,,,,,年度ST区间待核实,,
000998,2013,袁隆平农业高科技股份有限公司,隆平高科,深圳证券交易所,2000-12-11,交易所当前法人主表已覆盖,行业分类候选,,,,,1,隆平高科,2013Q4,01,农业,否,中国证监会,《上市公司行业分类指引》（2012年修订）,2013Q4.pdf,候选待年报复核,0,,,,,,,,已由当期行业分类证券简称标记：否,入口候选，非最终样本；仍须复核主营业务、涉农收入占比、ST/退市状态及核心变量缺失,,,,,,年度ST区间待核实,,
002041,2013,山东登海种业股份有限公司,登海种业,深圳证券交易所,2005-04-18,交易所当前法人主表已覆盖,行业分类候选,,,,,1,登海种业,2013Q4,01,农业,否,中国证监会,《上市公司行业分类指引》（2012年修订）,2013Q4.pdf,候选待年报复核,0,,,,,,,,已由当期行业分类证券简称标记：否,入口候选，非最终样本；仍须复核主营业务、涉农收入占比、ST/退市状态及核心变量缺失,,,,,,年度ST区间待核实,,
002069,2013,獐子岛集团股份有限公司,獐子岛,深圳证券交易所,2006-09-28,交易所当前法人主表已覆盖,行业分类候选,,,,,1,獐子岛,2013Q4,04,渔业,否,中国证监会,《上市公司行业分类指引》（2012年修订）,2013Q4.pdf,候选待年报复核,0,,,,,,,,已由当期行业分类证券简称标记：否,入口候选，非最终样本；仍须复核主营业务、涉农收入占比、ST/退市状态及核心变量缺失,,,,,,年度ST区间待核实,,
002086,2013,山东东方海洋科技股份有限公司,东方海洋,深圳证券交易所,2006-11-28,交易所当前法人主表已覆盖,行业分类候选,,,,,1,东方海洋,2013Q4,04,渔业,否,中国证监会,《上市公司行业分类指引》（2012年修订）,2013Q4.pdf,候选待年报复核,0,,,,,,,,已由当期行业分类证券简称标记：否,入口候选，非最终样本；仍须复核主营业务、涉农收入占比、ST/退市状态及核心变量缺失,,,,,,年度ST区间待核实,,
002200,2013,云南交投生态科技股份有限公司,交投生态,深圳证券交易所,2007-12-21,交易所当前法人主表已覆盖,行业分类候选,,,,,1,*ST大地,2013Q4,02,林业,是,中国证监会,《上市公司行业分类指引》（2012年修订）,2013Q4.pdf,候选待年报复核,0,,,,,,,,已由当期行业分类证券简称标记：是,入口候选，非最终样本；仍须复核主营业务、涉农收入占比、ST/退市状态及核心变量缺失,是,是,https://static.cninfo.com.cn/finalpage/2013-01-08/61996973.PDF,https://static.cninfo.com.cn/finalpage/2014-03-04/63632730.PDF,样本期左截断_区间终点已核实,已由法定公告核实本年存在ST风险警示,,
002234,2013,山东民和牧业股份有限公司,民和股份,深圳证券交易所,2008-05-16,交易所当前法人主表已覆盖,行业分类候选,,,,,1,民和股份,2013Q4,03,畜牧业,否,中国证监会,《上市公司行业分类指引》（2012年修订）,2013Q4.pdf,候选待年报复核,0,,,,,,,,已由当期行业分类证券简称标记：否,入口候选，非最终样本；仍须复核主营业务、涉农收入占比、ST/退市状态及核心变量缺失,,,,,,年度ST区间待核实,,
002299,2013,福建圣农发展股份有限公司,圣农发展,深圳证券交易所,2009-10-21,交易所当前法人主表已覆盖,行业分类候选,,,,,1,圣农发展,2013Q4,03,畜牧业,否,中国证监会,《上市公司行业分类指引》（2012年修订）,2013Q4.pdf,候选待年报复核,0,,,,,,,,已由当期行业分类证券简称标记：否,入口候选，非最终样本；仍须复核主营业务、涉农收入占比、ST/退市状态及核心变量缺失,,,,,,年度ST区间待核实,,
002321,2013,河南华英农业发展股份有限公司,华英农业,深圳证券交易所,2009-12-16,交易所当前法人主表已覆盖,行业分类候选,,,,,1,华英农业,2013Q4,03,畜牧业,否,中国证监会,《上市公司行业分类指引》（2012年修订）,2013Q4.pdf,候选待年报复核,0,,,,,,,,已由当期行业分类证券简称标记：否,入口候选，非最终样本；仍须复核主营业务、涉农收入占比、ST/退市状态及核心变量缺失,,,,,,年度ST区间待核实,,
002447,2013,大连壹桥海洋苗业股份有限公司,,,,当年法人全称已由历史法定披露核实,行业分类候选,https://static.cninfo.com.cn/finalpage/2014-04-29/63939981.PDF,当期法定披露标题及证券代码,2022-06-28,https://www.szse.cn/disclosure/notice/general/t20220627_594302.html,1,壹桥苗业,2013Q4,04,渔业,否,中国证监会,《上市公司行业分类指引》（2012年修订）,2013Q4.pdf,候选待年报复核,0,,,,,,,,已由当期行业分类证券简称标记：否,入口候选，非最终样本；仍须复核主营业务、涉农收入占比、ST/退市状态及核心变量缺失,,,,,,年度ST区间待核实,,
002458,2013,山东益生种畜禽股份有限公司,益生股份,深圳证券交易所,2010-08-10,交易所当前法人主表已覆盖,行业分类候选,,,,,1,益生股份,2013Q4,03,畜牧业,否,中国证监会,《上市公司行业分类指引》（2012年修订）,2013Q4.pdf,候选待年报复核,0,,,,,,,,已由当期行业分类证券简称标记：否,入口候选，非最终样本；仍须复核主营业务、涉农收入占比、ST/退市状态及核心变量缺失,,,,,,年度ST区间待核实,,
002477,2013,雏鹰农牧集团股份有限公司,,,,当年法人全称已由历史法定披露核实,行业分类候选,https://static.cninfo.com.cn/finalpage/2018-04-27/1204806520.PDF,年度报告附注明确同一统一社会信用代码及上市主体,2019-10-22,https://www.szse.cn/disclosure/notice/general/t20191028_571600.html,1,雏鹰农牧,2013Q4,03,畜牧业,否,中国证监会,《上市公司行业分类指引》（2012年修订）,2013Q4.pdf,候选待年报复核,0,,,,,,,,已由当期行业分类证券简称标记：否,入口候选，非最终样本；仍须复核主营业务、涉农收入占比、ST/退市状态及核心变量缺失,,,,,,年度ST区间待核实,,
002505,2013,湖南大康牧业股份有限公司,,,,当年法人全称已由历史法定披露核实,行业分类候选,https://static.cninfo.com.cn/finalpage/2014-03-08/63651041.PDF,法定收购报告书直接核实,2024-08-30,https://disc.static.szse.cn/disc/disk03/finalpage/2024-08-30/c983a041-2be4-48cc-aa93-a91db8411e06.PDF,1,大康牧业,2013Q4,03,畜牧业,否,中国证监会,《上市公司行业分类指引》（2012年修订）,2013Q4.pdf,候选待年报复核,0,,,,,,,,已由当期行业分类证券简称标记：否,入口候选，非最终样本；仍须复核主营业务、涉农收入占比、ST/退市状态及核心变量缺失,,,,,,年度ST区间待核实,,
002679,2013,福建金森林业股份有限公司,福建金森,深圳证券交易所,2012-06-05,交易所当前法人主表已覆盖,行业分类候选,,,,,1,福建金森,2013Q4,02,林业,否,中国证监会,《上市公司行业分类指引》（2012年修订）,2013Q4.pdf,候选待年报复核,0,,,,,,,,已由当期行业分类证券简称标记：否,入口候选，非最终样本；仍须复核主营业务、涉农收入占比、ST/退市状态及核心变量缺失,,,,,,年度ST区间待核实,,
002696,2013,百洋产业投资集团股份有限公司,百洋股份,深圳证券交易所,2012-09-05,交易所当前法人主表已覆盖,行业分类候选,,,,,1,百洋股份,2013Q4,04,渔业,否,中国证监会,《上市公司行业分类指引》（2012年修订）,2013Q4.pdf,候选待年报复核,0,,,,,,,,已由当期行业分类证券简称标记：否,入口候选，非最终样本；仍须复核主营业务、涉农收入占比、ST/退市状态及核心变量缺失,,,,,,年度ST区间待核实,,
300087,2013,安徽荃银高科种业股份有限公司,ST荃银,深圳证券交易所,2010-05-26,交易所当前法人主表已覆盖,行业分类候选,,,,,1,荃银高科,2013Q4,01,农业,否,中国证监会,《上市公司行业分类指引》（2012年修订）,2013Q4.pdf,候选待年报复核,0,,,,,,,,已由当期行业分类证券简称标记：否,入口候选，非最终样本；仍须复核主营业务、涉农收入占比、ST/退市状态及核心变量缺失,,,,,,年度ST区间待核实,,
300094,2013,湛江国联水产开发股份有限公司,国联水产,深圳证券交易所,2010-07-08,交易所当前法人主表已覆盖,行业分类候选,,,,,1,国联水产,2013Q4,04,渔业,否,中国证监会,《上市公司行业分类指引》（2012年修订）,2013Q4.pdf,候选待年报复核,0,,,,,,,,已由当期行业分类证券简称标记：否,入口候选，非最终样本；仍须复核主营业务、涉农收入占比、ST/退市状态及核心变量缺失,,,,,,年度ST区间待核实,,
300106,2013,新疆西部牧业股份有限公司,西部牧业,深圳证券交易所,2010-08-20,交易所当前法人主表已覆盖,行业分类候选,,,,,1,西部牧业,2013Q4,03,畜牧业,否,中国证监会,《上市公司行业分类指引》（2012年修订）,2013Q4.pdf,候选待年报复核,0,,,,,,,,已由当期行业分类证券简称标记：否,入口候选，非最终样本；仍须复核主营业务、涉农收入占比、ST/退市状态及核心变量缺失,,,,,,年度ST区间待核实,,
300143,2013,盈康生命科技股份有限公司,盈康生命,深圳证券交易所,2010-12-09,交易所当前法人主表已覆盖,行业分类候选,,,,,1,星河生物,2013Q4,01,农业,否,中国证监会,《上市公司行业分类指引》（2012年修订）,2013Q4.pdf,候选待年报复核,0,,,,,,,,已由当期行业分类证券简称标记：否,入口候选，非最终样本；仍须复核主营业务、涉农收入占比、ST/退市状态及核心变量缺失,,,,,,年度ST区间待核实,,
300189,2013,海南神农种业科技股份有限公司,神农种业,深圳证券交易所,2011-03-16,交易所当前法人主表已覆盖,行业分类候选,,,,,1,神农大丰,2013Q4,01,农业,否,中国证监会,《上市公司行业分类指引》（2012年修订）,2013Q4.pdf,候选待年报复核,0,,,,,,,,已由当期行业分类证券简称标记：否,入口候选，非最终样本；仍须复核主营业务、涉农收入占比、ST/退市状态及核心变量缺失,,,,,,年度ST区间待核实,,
300313,2013,新疆天山畜牧生物工程股份有限公司,天山生物,深圳证券交易所,2012-04-25,交易所当前法人主表已覆盖,行业分类候选,,,,,1,天山生物,2013Q4,03,畜牧业,否,中国证监会,《上市公司行业分类指引》（2012年修订）,2013Q4.pdf,候选待年报复核,0,,,,,,,,已由当期行业分类证券简称标记：否,入口候选，非最终样本；仍须复核主营业务、涉农收入占比、ST/退市状态及核心变量缺失,,,,,,年度ST区间待核实,,
600097,2013,上海开创国际海洋资源股份有限公司,开创国际,上海证券交易所,19970619,交易所当前法人主表已覆盖,行业分类候选,,,,,1,开创国际,2013Q4,04,渔业,否,中国证监会,《上市公司行业分类指引》（2012年修订）,2013Q4.pdf,候选待年报复核,0,,,,,,,,已由当期行业分类证券简称标记：否,入口候选，非最终样本；仍须复核主营业务、涉农收入占比、ST/退市状态及核心变量缺失,,,,,,年度ST区间待核实,,
600108,2013,甘肃亚盛实业(集团)股份有限公司,亚盛集团,上海证券交易所,19970818,交易所当前法人主表已覆盖,行业分类候选,,,,,1,亚盛集团,2013Q4,01,农业,否,中国证监会,《上市公司行业分类指引》（2012年修订）,2013Q4.pdf,候选待年报复核,0,,,,,,,,已由当期行业分类证券简称标记：否,入口候选，非最终样本；仍须复核主营业务、涉农收入占比、ST/退市状态及核心变量缺失,,,,,,年度ST区间待核实,,
600257,2013,大湖健康产业股份有限公司,大湖股份,上海证券交易所,20000612,交易所当前法人主表已覆盖,行业分类候选,,,,,1,大湖股份,2013Q4,04,渔业,否,中国证监会,《上市公司行业分类指引》（2012年修订）,2013Q4.pdf,候选待年报复核,0,,,,,,,,已由当期行业分类证券简称标记：否,入口候选，非最终样本；仍须复核主营业务、涉农收入占比、ST/退市状态及核心变量缺失,,,,,,年度ST区间待核实,,
600265,2013,云南景谷林业股份有限公司,*ST景谷,上海证券交易所,20000825,交易所当前法人主表已覆盖,行业分类候选,,,,,1,*ST景谷,2013Q4,02,林业,是,中国证监会,《上市公司行业分类指引》（2012年修订）,2013Q4.pdf,候选待年报复核,0,,,,,,,,已由当期行业分类证券简称标记：是,入口候选，非最终样本；仍须复核主营业务、涉农收入占比、ST/退市状态及核心变量缺失,是,是,https://static.cninfo.com.cn/finalpage/2013-05-02/62447733.PDF,,样本期左截断_终点待闭合,已由法定公告核实本年存在ST风险警示,,
600354,2013,甘肃省敦煌种业集团股份有限公司,敦煌种业,上海证券交易所,20040115,交易所当前法人主表已覆盖,行业分类候选,,,,,1,敦煌种业,2013Q4,01,农业,否,中国证监会,《上市公司行业分类指引》（2012年修订）,2013Q4.pdf,候选待年报复核,0,,,,,,,,已由当期行业分类证券简称标记：否,入口候选，非最终样本；仍须复核主营业务、涉农收入占比、ST/退市状态及核心变量缺失,,,,,,年度ST区间待核实,,
600359,2013,新疆塔里木农业综合开发股份有限公司,新农开发,上海证券交易所,19990429,交易所当前法人主表已覆盖,行业分类候选,,,,,1,新农开发,2013Q4,01,农业,否,中国证监会,《上市公司行业分类指引》（2012年修订）,2013Q4.pdf,候选待年报复核,0,,,,,,,,已由当期行业分类证券简称标记：否,入口候选，非最终样本；仍须复核主营业务、涉农收入占比、ST/退市状态及核心变量缺失,是,否,https://static.cninfo.com.cn/finalpage/2013-04-09/62335731.PDF,https://static.cninfo.com.cn/finalpage/2013-04-09/62335731.PDF,区间已闭合,已由法定公告核实本年存在ST风险警示,,
600371,2013,万向德农股份有限公司,万向德农,上海证券交易所,20020916,交易所当前法人主表已覆盖,行业分类候选,,,,,1,万向德农,2013Q4,01,农业,否,中国证监会,《上市公司行业分类指引》（2012年修订）,2013Q4.pdf,候选待年报复核,0,,,,,,,,已由当期行业分类证券简称标记：否,入口候选，非最终样本；仍须复核主营业务、涉农收入占比、ST/退市状态及核心变量缺失,,,,,,年度ST区间待核实,,
600467,2013,山东好当家海洋发展股份有限公司,好当家,上海证券交易所,20040405,交易所当前法人主表已覆盖,行业分类候选,,,,,1,好当家,2013Q4,04,渔业,否,中国证监会,《上市公司行业分类指引》（2012年修订）,2013Q4.pdf,候选待年报复核,0,,,,,,,,已由当期行业分类证券简称标记：否,入口候选，非最终样本；仍须复核主营业务、涉农收入占比、ST/退市状态及核心变量缺失,,,,,,年度ST区间待核实,,
600506,2013,统一低碳科技(新疆)股份有限公司,统一股份,上海证券交易所,20011226,交易所当前法人主表已覆盖,行业分类候选,,,,,1,香梨股份,2013Q4,01,农业,否,中国证监会,《上市公司行业分类指引》（2012年修订）,2013Q4.pdf,候选待年报复核,0,,,,,,,,已由当期行业分类证券简称标记：否,入口候选，非最终样本；仍须复核主营业务、涉农收入占比、ST/退市状态及核心变量缺失,,,,,,年度ST区间待核实,,
600540,2013,新疆赛里木现代农业股份有限公司,新赛股份,上海证券交易所,20040107,交易所当前法人主表已覆盖,行业分类候选,,,,,1,新赛股份,2013Q4,01,农业,否,中国证监会,《上市公司行业分类指引》（2012年修订）,2013Q4.pdf,候选待年报复核,0,,,,,,,,已由当期行业分类证券简称标记：否,入口候选，非最终样本；仍须复核主营业务、涉农收入占比、ST/退市状态及核心变量缺失,,,,,,年度ST区间待核实,,
600598,2013,黑龙江北大荒农业股份有限公司,北大荒,上海证券交易所,20020329,交易所当前法人主表已覆盖,行业分类候选,,,,,1,北大荒,2013Q4,01,农业,否,中国证监会,《上市公司行业分类指引》（2012年修订）,2013Q4.pdf,候选待年报复核,0,,,,,,,,已由当期行业分类证券简称标记：否,入口候选，非最终样本；仍须复核主营业务、涉农收入占比、ST/退市状态及核心变量缺失,,,,,,年度ST区间待核实,,
600965,2013,河北福成五丰食品股份有限公司,*ST福成,上海证券交易所,20040713,交易所当前法人主表已覆盖,行业分类候选,,,,,1,福成五丰,2013Q4,03,畜牧业,否,中国证监会,《上市公司行业分类指引》（2012年修订）,2013Q4.pdf,候选待年报复核,0,,,,,,,,已由当期行业分类证券简称标记：否,入口候选，非最终样本；仍须复核主营业务、涉农收入占比、ST/退市状态及核心变量缺失,,,,,,年度ST区间待核实,,
600975,2013,湖南新五丰股份有限公司,新五丰,上海证券交易所,20040609,交易所当前法人主表已覆盖,行业分类候选,,,,,1,新五丰,2013Q4,03,畜牧业,否,中国证监会,《上市公司行业分类指引》（2012年修订）,2013Q4.pdf,候选待年报复核,0,,,,,,,,已由当期行业分类证券简称标记：否,入口候选，非最终样本；仍须复核主营业务、涉农收入占比、ST/退市状态及核心变量缺失,,,,,,年度ST区间待核实,,
601118,2013,海南天然橡胶产业集团股份有限公司,海南橡胶,上海证券交易所,20110107,交易所当前法人主表已覆盖,行业分类候选,,,,,1,海南橡胶,2013Q4,01,农业,否,中国证监会,《上市公司行业分类指引》（2012年修订）,2013Q4.pdf,候选待年报复核,0,,,,,,,,已由当期行业分类证券简称标记：否,入口候选，非最终样本；仍须复核主营业务、涉农收入占比、ST/退市状态及核心变量缺失,,,,,,年度ST区间待核实,,
000592,2014,中福海峡（平潭）发展股份有限公司,平潭发展,深圳证券交易所,1996-03-27,交易所当前法人主表已覆盖,行业分类候选,,,,,1,平潭发展,2014Q4,02,林业,否,中国证监会,《上市公司行业分类指引》（2012年修订）,2014Q4.pdf,候选待年报复核,0,,,,,,,,已由当期行业分类证券简称标记：否,入口候选，非最终样本；仍须复核主营业务、涉农收入占比、ST/退市状态及核心变量缺失,,,,,,年度ST区间待核实,,
000623,2014,吉林敖东药业集团股份有限公司,吉林敖东,深圳证券交易所,1996-10-28,交易所当前法人主表已覆盖,龙头企业身份核实候选,,,,,0,,,,,,,,,,1,吉林敖东药业集团股份有限公司,2014,monitor_pass,https://www.moa.gov.cn/nybgb/2014/shi/201712/P020180104776701107212.pdf,https://www.szse.cn/api/report/index/companyGeneralization?secCode=000623,当前交易所法人全称与官方名单标准化后完全一致,身份关系已核实候选；ST、退市时点及资格缺口仍待处理,待从公司年度证券状态来源核实,入口候选，非最终样本；仍须复核主营业务、涉农收入占比、ST/退市状态及核心变量缺失,,,,,,年度ST区间待核实,,
000663,2014,福建省永安林业(集团)股份有限公司,永安林业,深圳证券交易所,1996-12-06,交易所当前法人主表已覆盖,行业分类候选+龙头企业身份核实候选,,,,,1,永安林业,2014Q4,02,林业,否,中国证监会,《上市公司行业分类指引》（2012年修订）,2014Q4.pdf,候选待年报复核,1,福建省永安林业（集团）股份有限公司,2014,monitor_pass,https://www.moa.gov.cn/nybgb/2014/shi/201712/P020180104776701107212.pdf,https://www.szse.cn/api/report/index/companyGeneralization?secCode=000663,当前交易所法人全称与官方名单标准化后完全一致,身份关系已核实候选；ST、退市时点及资格缺口仍待处理,已由当期行业分类证券简称标记：否,入口候选，非最终样本；仍须复核主营业务、涉农收入占比、ST/退市状态及核心变量缺失,,,,,,年度ST区间待核实,,
000713,2014,国投丰乐种业股份有限公司,国投丰乐,深圳证券交易所,1997-04-22,交易所当前法人主表已覆盖,行业分类候选+龙头企业身份核实候选,,,,,1,丰乐种业,2014Q4,05,农林牧渔服务业,否,中国证监会,《上市公司行业分类指引》（2012年修订）,2014Q4.pdf,候选待年报复核,1,合肥丰乐种业股份有限公司,2014,monitor_pass,https://www.moa.gov.cn/nybgb/2014/shi/201712/P020180104776701107212.pdf,https://static.cninfo.com.cn/finalpage/2025-08-30/1224620910.PDF,半年度报告明确当前公司曾用名单名称且证券代码保持000713,身份关系已核实候选；ST、退市时点及资格缺口仍待处理,已由当期行业分类证券简称标记：否,入口候选，非最终样本；仍须复核主营业务、涉农收入占比、ST/退市状态及核心变量缺失,,,,,,年度ST区间待核实,,
000735,2014,罗牛山股份有限公司,罗 牛 山,深圳证券交易所,1997-06-11,交易所当前法人主表已覆盖,行业分类候选+龙头企业身份核实候选,,,,,1,罗牛山,2014Q4,03,畜牧业,否,中国证监会,《上市公司行业分类指引》（2012年修订）,2014Q4.pdf,候选待年报复核,1,罗牛山股份有限公司,2014,monitor_pass,https://www.moa.gov.cn/nybgb/2014/shi/201712/P020180104776701107212.pdf,https://www.szse.cn/api/report/index/companyGeneralization?secCode=000735,当前交易所法人全称与官方名单标准化后完全一致,身份关系已核实候选；ST、退市时点及资格缺口仍待处理,已由当期行业分类证券简称标记：否,入口候选，非最终样本；仍须复核主营业务、涉农收入占比、ST/退市状态及核心变量缺失,,,,,,年度ST区间待核实,,
000798,2014,中水集团远洋股份有限公司,中水渔业,深圳证券交易所,1998-02-12,交易所当前法人主表已覆盖,行业分类候选,,,,,1,中水渔业,2014Q4,04,渔业,否,中国证监会,《上市公司行业分类指引》（2012年修订）,2014Q4.pdf,候选待年报复核,0,,,,,,,,已由当期行业分类证券简称标记：否,入口候选，非最终样本；仍须复核主营业务、涉农收入占比、ST/退市状态及核心变量缺失,,,,,,年度ST区间待核实,,
000848,2014,承德露露股份公司,承德露露,深圳证券交易所,1997-11-13,交易所当前法人主表已覆盖,龙头企业身份核实候选,,,,,0,,,,,,,,,,1,河北承德露露股份有限公司,2014,monitor_pass,https://www.moa.gov.cn/nybgb/2014/shi/201712/P020180104776701107212.pdf,https://static.cninfo.com.cn/finalpage/2022-04-12/1212884374.PDF,上市公司公告列明由旧全称变更为当前全称；证券代码不变,身份关系已核实候选；ST、退市时点及资格缺口仍待处理,待从公司年度证券状态来源核实,入口候选，非最终样本；仍须复核主营业务、涉农收入占比、ST/退市状态及核心变量缺失,,,,,,年度ST区间待核实,,
000860,2014,北京顺鑫农业股份有限公司,顺鑫农业,深圳证券交易所,1998-11-04,交易所当前法人主表已覆盖,龙头企业身份核实候选,,,,,0,,,,,,,,,,1,北京顺鑫农业股份有限公司,2014,monitor_pass,https://www.moa.gov.cn/nybgb/2014/shi/201712/P020180104776701107212.pdf,https://www.szse.cn/api/report/index/companyGeneralization?secCode=000860,当前交易所法人全称与官方名单标准化后完全一致,身份关系已核实候选；ST、退市时点及资格缺口仍待处理,待从公司年度证券状态来源核实,入口候选，非最终样本；仍须复核主营业务、涉农收入占比、ST/退市状态及核心变量缺失,,,,,,年度ST区间待核实,,
000998,2014,袁隆平农业高科技股份有限公司,隆平高科,深圳证券交易所,2000-12-11,交易所当前法人主表已覆盖,行业分类候选+龙头企业身份核实候选,,,,,1,隆平高科,2014Q4,01,农业,否,中国证监会,《上市公司行业分类指引》（2012年修订）,2014Q4.pdf,候选待年报复核,1,袁隆平农业高科技股份有限公司,2014,monitor_pass,https://www.moa.gov.cn/nybgb/2014/shi/201712/P020180104776701107212.pdf,https://www.szse.cn/api/report/index/companyGeneralization?secCode=000998,当前交易所法人全称与官方名单标准化后完全一致,身份关系已核实候选；ST、退市时点及资格缺口仍待处理,已由当期行业分类证券简称标记：否,入口候选，非最终样本；仍须复核主营业务、涉农收入占比、ST/退市状态及核心变量缺失,,,,,,年度ST区间待核实,,
002041,2014,山东登海种业股份有限公司,登海种业,深圳证券交易所,2005-04-18,交易所当前法人主表已覆盖,行业分类候选,,,,,1,登海种业,2014Q4,01,农业,否,中国证监会,《上市公司行业分类指引》（2012年修订）,2014Q4.pdf,候选待年报复核,0,,,,,,,,已由当期行业分类证券简称标记：否,入口候选，非最终样本；仍须复核主营业务、涉农收入占比、ST/退市状态及核心变量缺失,,,,,,年度ST区间待核实,,
002069,2014,獐子岛集团股份有限公司,獐子岛,深圳证券交易所,2006-09-28,交易所当前法人主表已覆盖,行业分类候选+龙头企业身份核实候选,,,,,1,獐子岛,2014Q4,04,渔业,否,中国证监会,《上市公司行业分类指引》（2012年修订）,2014Q4.pdf,候选待年报复核,1,獐子岛集团股份有限公司,2014,monitor_pass,https://www.moa.gov.cn/nybgb/2014/shi/201712/P020180104776701107212.pdf,https://www.szse.cn/api/report/index/companyGeneralization?secCode=002069,当前交易所法人全称与官方名单标准化后完全一致,身份关系已核实候选；ST、退市时点及资格缺口仍待处理,已由当期行业分类证券简称标记：否,入口候选，非最终样本；仍须复核主营业务、涉农收入占比、ST/退市状态及核心变量缺失,,,,,,年度ST区间待核实,,
002086,2014,山东东方海洋科技股份有限公司,东方海洋,深圳证券交易所,2006-11-28,交易所当前法人主表已覆盖,行业分类候选+龙头企业身份核实候选,,,,,1,东方海洋,2014Q4,04,渔业,否,中国证监会,《上市公司行业分类指引》（2012年修订）,2014Q4.pdf,候选待年报复核,1,山东东方海洋科技股份有限公司,2014,monitor_pass,https://www.moa.gov.cn/nybgb/2014/shi/201712/P020180104776701107212.pdf,https://www.szse.cn/api/report/index/companyGeneralization?secCode=002086,当前交易所法人全称与官方名单标准化后完全一致,身份关系已核实候选；ST、退市时点及资格缺口仍待处理,已由当期行业分类证券简称标记：否,入口候选，非最终样本；仍须复核主营业务、涉农收入占比、ST/退市状态及核心变量缺失,,,,,,年度ST区间待核实,,
002166,2014,桂林莱茵生物科技股份有限公司,莱茵生物,深圳证券交易所,2007-09-13,交易所当前法人主表已覆盖,龙头企业身份核实候选,,,,,0,,,,,,,,,,1,桂林莱茵生物科技股份有限公司,2014,monitor_pass,https://www.moa.gov.cn/nybgb/2014/shi/201712/P020180104776701107212.pdf,https://www.szse.cn/api/report/index/companyGeneralization?secCode=002166,当前交易所法人全称与官方名单标准化后完全一致,身份关系已核实候选；ST、退市时点及资格缺口仍待处理,待从公司年度证券状态来源核实,入口候选，非最终样本；仍须复核主营业务、涉农收入占比、ST/退市状态及核心变量缺失,,,,,,年度ST区间待核实,,
002200,2014,云南交投生态科技股份有限公司,交投生态,深圳证券交易所,2007-12-21,交易所当前法人主表已覆盖,行业分类候选,,,,,1,云投生态,2014Q4,02,林业,否,中国证监会,《上市公司行业分类指引》（2012年修订）,2014Q4.pdf,候选待年报复核,0,,,,,,,,已由当期行业分类证券简称标记：否,入口候选，非最终样本；仍须复核主营业务、涉农收入占比、ST/退市状态及核心变量缺失,是,否,https://static.cninfo.com.cn/finalpage/2013-01-08/61996973.PDF,https://static.cninfo.com.cn/finalpage/2014-03-04/63632730.PDF,样本期左截断_区间终点已核实,已由法定公告核实本年存在ST风险警示,,
002216,2014,三全食品股份有限公司,三全食品,深圳证券交易所,2008-02-20,交易所当前法人主表已覆盖,龙头企业身份核实候选,,,,,0,,,,,,,,,,1,三全食品股份有限公司,2014,monitor_pass,https://www.moa.gov.cn/nybgb/2014/shi/201712/P020180104776701107212.pdf,https://www.szse.cn/api/report/index/companyGeneralization?secCode=002216,当前交易所法人全称与官方名单标准化后完全一致,身份关系已核实候选；ST、退市时点及资格缺口仍待处理,待从公司年度证券状态来源核实,入口候选，非最终样本；仍须复核主营业务、涉农收入占比、ST/退市状态及核心变量缺失,,,,,,年度ST区间待核实,,
002234,2014,山东民和牧业股份有限公司,民和股份,深圳证券交易所,2008-05-16,交易所当前法人主表已覆盖,行业分类候选+龙头企业身份核实候选,,,,,1,*ST民和,2014Q4,03,畜牧业,是,中国证监会,《上市公司行业分类指引》（2012年修订）,2014Q4.pdf,候选待年报复核,1,山东民和牧业股份有限公司,2014,monitor_pass,https://www.moa.gov.cn/nybgb/2014/shi/201712/P020180104776701107212.pdf,https://www.szse.cn/api/report/index/companyGeneralization?secCode=002234,当前交易所法人全称与官方名单标准化后完全一致,身份关系已核实候选；ST、退市时点及资格缺口仍待处理,已由当期行业分类证券简称标记：是,入口候选，非最终样本；仍须复核主营业务、涉农收入占比、ST/退市状态及核心变量缺失,是,是,https://static.cninfo.com.cn/finalpage/2014-04-21/63870312.PDF,https://static.cninfo.com.cn/finalpage/2015-04-02/1200780212.PDF,区间已闭合,已由法定公告核实本年存在ST风险警示,,
002299,2014,福建圣农发展股份有限公司,圣农发展,深圳证券交易所,2009-10-21,交易所当前法人主表已覆盖,行业分类候选,,,,,1,圣农发展,2014Q4,03,畜牧业,否,中国证监会,《上市公司行业分类指引》（2012年修订）,2014Q4.pdf,候选待年报复核,0,,,,,,,,已由当期行业分类证券简称标记：否,入口候选，非最终样本；仍须复核主营业务、涉农收入占比、ST/退市状态及核心变量缺失,,,,,,年度ST区间待核实,,
002311,2014,广东海大集团股份有限公司,海大集团,深圳证券交易所,2009-11-27,交易所当前法人主表已覆盖,龙头企业身份核实候选,,,,,0,,,,,,,,,,1,广东海大集团股份有限公司,2014,monitor_pass,https://www.moa.gov.cn/nybgb/2014/shi/201712/P020180104776701107212.pdf,https://www.szse.cn/api/report/index/companyGeneralization?secCode=002311,当前交易所法人全称与官方名单标准化后完全一致,身份关系已核实候选；ST、退市时点及资格缺口仍待处理,待从公司年度证券状态来源核实,入口候选，非最终样本；仍须复核主营业务、涉农收入占比、ST/退市状态及核心变量缺失,,,,,,年度ST区间待核实,,
002321,2014,河南华英农业发展股份有限公司,华英农业,深圳证券交易所,2009-12-16,交易所当前法人主表已覆盖,行业分类候选+龙头企业身份核实候选,,,,,1,华英农业,2014Q4,03,畜牧业,否,中国证监会,《上市公司行业分类指引》（2012年修订）,2014Q4.pdf,候选待年报复核,1,河南华英农业发展股份有限公司,2014,monitor_pass,https://www.moa.gov.cn/nybgb/2014/shi/201712/P020180104776701107212.pdf,https://www.szse.cn/api/report/index/companyGeneralization?secCode=002321,当前交易所法人全称与官方名单标准化后完全一致,身份关系已核实候选；ST、退市时点及资格缺口仍待处理,已由当期行业分类证券简称标记：否,入口候选，非最终样本；仍须复核主营业务、涉农收入占比、ST/退市状态及核心变量缺失,,,,,,年度ST区间待核实,,
002385,2014,北京大北农科技集团股份有限公司,大北农,深圳证券交易所,2010-04-09,交易所当前法人主表已覆盖,龙头企业身份核实候选,,,,,0,,,,,,,,,,1,北京大北农科技集团股份有限公司,2014,monitor_pass,https://www.moa.gov.cn/nybgb/2014/shi/201712/P020180104776701107212.pdf,https://www.szse.cn/api/report/index/companyGeneralization?secCode=002385,当前交易所法人全称与官方名单标准化后完全一致,身份关系已核实候选；ST、退市时点及资格缺口仍待处理,待从公司年度证券状态来源核实,入口候选，非最终样本；仍须复核主营业务、涉农收入占比、ST/退市状态及核心变量缺失,,,,,,年度ST区间待核实,,
002390,2014,贵州信邦制药股份有限公司,信邦制药,深圳证券交易所,2010-04-16,交易所当前法人主表已覆盖,龙头企业身份核实候选,,,,,0,,,,,,,,,,1,贵州信邦制药股份有限公司,2014,monitor_pass,https://www.moa.gov.cn/nybgb/2014/shi/201712/P020180104776701107212.pdf,https://www.szse.cn/api/report/index/companyGeneralization?secCode=002390,当前交易所法人全称与官方名单标准化后完全一致,身份关系已核实候选；ST、退市时点及资格缺口仍待处理,待从公司年度证券状态来源核实,入口候选，非最终样本；仍须复核主营业务、涉农收入占比、ST/退市状态及核心变量缺失,,,,,,年度ST区间待核实,,
002424,2014,贵州百灵企业集团制药股份有限公司,ST百灵,深圳证券交易所,2010-06-03,交易所当前法人主表已覆盖,龙头企业身份核实候选,,,,,0,,,,,,,,,,1,贵州百灵企业集团制药股份有限公司,2014,monitor_pass,https://www.moa.gov.cn/nybgb/2014/shi/201712/P020180104776701107212.pdf,https://www.szse.cn/api/report/index/companyGeneralization?secCode=002424,当前交易所法人全称与官方名单标准化后完全一致,身份关系已核实候选；ST、退市时点及资格缺口仍待处理,待从公司年度证券状态来源核实,入口候选，非最终样本；仍须复核主营业务、涉农收入占比、ST/退市状态及核心变量缺失,,,,,,年度ST区间待核实,,
002431,2014,棕榈生态城镇发展股份有限公司,ST棕榈,深圳证券交易所,2010-06-10,交易所当前法人主表已覆盖,龙头企业身份核实候选,,,,,0,,,,,,,,,,1,棕榈园林股份有限公司,2014,monitor_pass,https://www.moa.gov.cn/nybgb/2014/shi/201712/P020180104776701107212.pdf,https://static.cninfo.com.cn/finalpage/2016-04-22/1202217348.PDF,更名公告明确名单名称变更为当前公司名称且证券代码保持002431,身份关系已核实候选；ST、退市时点及资格缺口仍待处理,待从公司年度证券状态来源核实,入口候选，非最终样本；仍须复核主营业务、涉农收入占比、ST/退市状态及核心变量缺失,,,,,,年度ST区间待核实,,
002447,2014,大连壹桥海洋苗业股份有限公司,,,,当年法人全称已由历史法定披露核实,行业分类候选,https://static.cninfo.com.cn/finalpage/2015-01-07/1200525437.PDF,更名公告明确2015-01-07前名称,2022-06-28,https://www.szse.cn/disclosure/notice/general/t20220627_594302.html,1,壹桥苗业,2014Q4,04,渔业,否,中国证监会,《上市公司行业分类指引》（2012年修订）,2014Q4.pdf,候选待年报复核,0,,,,,,,,已由当期行业分类证券简称标记：否,入口候选，非最终样本；仍须复核主营业务、涉农收入占比、ST/退市状态及核心变量缺失,,,,,,年度ST区间待核实,,
002458,2014,山东益生种畜禽股份有限公司,益生股份,深圳证券交易所,2010-08-10,交易所当前法人主表已覆盖,行业分类候选+龙头企业身份核实候选,,,,,1,益生股份,2014Q4,03,畜牧业,否,中国证监会,《上市公司行业分类指引》（2012年修订）,2014Q4.pdf,候选待年报复核,1,山东益生种畜禽股份有限公司,2014,monitor_pass,https://www.moa.gov.cn/nybgb/2014/shi/201712/P020180104776701107212.pdf,https://www.szse.cn/api/report/index/companyGeneralization?secCode=002458,当前交易所法人全称与官方名单标准化后完全一致,身份关系已核实候选；ST、退市时点及资格缺口仍待处理,已由当期行业分类证券简称标记：否,入口候选，非最终样本；仍须复核主营业务、涉农收入占比、ST/退市状态及核心变量缺失,,,,,,年度ST区间待核实,,
002477,2014,雏鹰农牧集团股份有限公司,,,,当年法人全称已由历史法定披露核实,行业分类候选,https://static.cninfo.com.cn/finalpage/2018-04-27/1204806520.PDF,年度报告附注明确同一统一社会信用代码及上市主体,2019-10-22,https://www.szse.cn/disclosure/notice/general/t20191028_571600.html,1,雏鹰农牧,2014Q4,03,畜牧业,否,中国证监会,《上市公司行业分类指引》（2012年修订）,2014Q4.pdf,候选待年报复核,0,,,,,,,,已由当期行业分类证券简称标记：否,入口候选，非最终样本；仍须复核主营业务、涉农收入占比、ST/退市状态及核心变量缺失,,,,,,年度ST区间待核实,,
002505,2014,湖南大康牧业股份有限公司,,,,当年法人全称已由历史法定披露核实,行业分类候选,https://static.cninfo.com.cn/finalpage/2014-03-08/63651041.PDF,法定收购报告书直接核实,2024-08-30,https://disc.static.szse.cn/disc/disk03/finalpage/2024-08-30/c983a041-2be4-48cc-aa93-a91db8411e06.PDF,1,大康牧业,2014Q4,03,畜牧业,否,中国证监会,《上市公司行业分类指引》（2012年修订）,2014Q4.pdf,候选待年报复核,0,,,,,,,,已由当期行业分类证券简称标记：否,入口候选，非最终样本；仍须复核主营业务、涉农收入占比、ST/退市状态及核心变量缺失,,,,,,年度ST区间待核实,,
002507,2014,重庆市涪陵榨菜集团股份有限公司,涪陵榨菜,深圳证券交易所,2010-11-23,交易所当前法人主表已覆盖,龙头企业身份核实候选,,,,,0,,,,,,,,,,1,重庆市涪陵榨菜集团股份有限公司,2014,monitor_pass,https://www.moa.gov.cn/nybgb/2014/shi/201712/P020180104776701107212.pdf,https://www.szse.cn/api/report/index/companyGeneralization?secCode=002507,当前交易所法人全称与官方名单标准化后完全一致,身份关系已核实候选；ST、退市时点及资格缺口仍待处理,待从公司年度证券状态来源核实,入口候选，非最终样本；仍须复核主营业务、涉农收入占比、ST/退市状态及核心变量缺失,,,,,,年度ST区间待核实,,
002566,2014,吉林省集安益盛药业股份有限公司,益盛药业,深圳证券交易所,2011-03-18,交易所当前法人主表已覆盖,龙头企业身份核实候选,,,,,0,,,,,,,,,,1,吉林省集安益盛药业股份有限公司,2014,monitor_pass,https://www.moa.gov.cn/nybgb/2014/shi/201712/P020180104776701107212.pdf,https://www.szse.cn/api/report/index/companyGeneralization?secCode=002566,当前交易所法人全称与官方名单标准化后完全一致,身份关系已核实候选；ST、退市时点及资格缺口仍待处理,待从公司年度证券状态来源核实,入口候选，非最终样本；仍须复核主营业务、涉农收入占比、ST/退市状态及核心变量缺失,,,,,,年度ST区间待核实,,
002567,2014,唐人神集团股份有限公司,唐人神,深圳证券交易所,2011-03-25,交易所当前法人主表已覆盖,龙头企业身份核实候选,,,,,0,,,,,,,,,,1,唐人神集团股份有限公司,2014,monitor_pass,https://www.moa.gov.cn/nybgb/2014/shi/201712/P020180104776701107212.pdf,https://www.szse.cn/api/report/index/companyGeneralization?secCode=002567,当前交易所法人全称与官方名单标准化后完全一致,身份关系已核实候选；ST、退市时点及资格缺口仍待处理,待从公司年度证券状态来源核实,入口候选，非最终样本；仍须复核主营业务、涉农收入占比、ST/退市状态及核心变量缺失,,,,,,年度ST区间待核实,,
002582,2014,好想你健康食品股份有限公司,好想你,深圳证券交易所,2011-05-20,交易所当前法人主表已覆盖,龙头企业身份核实候选,,,,,0,,,,,,,,,,1,好想你枣业股份有限公司,2014,monitor_pass,https://www.moa.gov.cn/nybgb/2014/shi/201712/P020180104776701107212.pdf,https://static.cninfo.com.cn/finalpage/2018-04-27/1204803986.PDF,年度报告明确公司在报告期内由名单名称变更为当前名称且证券代码为002582,身份关系已核实候选；ST、退市时点及资格缺口仍待处理,待从公司年度证券状态来源核实,入口候选，非最终样本；仍须复核主营业务、涉农收入占比、ST/退市状态及核心变量缺失,,,,,,年度ST区间待核实,,
002650,2014,加加食品集团股份有限公司,ST加加,深圳证券交易所,2012-01-06,交易所当前法人主表已覆盖,龙头企业身份核实候选,,,,,0,,,,,,,,,,1,加加食品集团股份有限公司,2014,monitor_pass,https://www.moa.gov.cn/nybgb/2014/shi/201712/P020180104776701107212.pdf,https://www.szse.cn/api/report/index/companyGeneralization?secCode=002650,当前交易所法人全称与官方名单标准化后完全一致,身份关系已核实候选；ST、退市时点及资格缺口仍待处理,待从公司年度证券状态来源核实,入口候选，非最终样本；仍须复核主营业务、涉农收入占比、ST/退市状态及核心变量缺失,,,,,,年度ST区间待核实,,
002679,2014,福建金森林业股份有限公司,福建金森,深圳证券交易所,2012-06-05,交易所当前法人主表已覆盖,行业分类候选,,,,,1,福建金森,2014Q4,02,林业,否,中国证监会,《上市公司行业分类指引》（2012年修订）,2014Q4.pdf,候选待年报复核,0,,,,,,,,已由当期行业分类证券简称标记：否,入口候选，非最终样本；仍须复核主营业务、涉农收入占比、ST/退市状态及核心变量缺失,,,,,,年度ST区间待核实,,
002688,2014,金河生物科技股份有限公司,金河生物,深圳证券交易所,2012-07-13,交易所当前法人主表已覆盖,龙头企业身份核实候选,,,,,0,,,,,,,,,,1,金河生物科技股份有限公司,2014,monitor_pass,https://www.moa.gov.cn/nybgb/2014/shi/201712/P020180104776701107212.pdf,https://www.szse.cn/api/report/index/companyGeneralization?secCode=002688,当前交易所法人全称与官方名单标准化后完全一致,身份关系已核实候选；ST、退市时点及资格缺口仍待处理,待从公司年度证券状态来源核实,入口候选，非最终样本；仍须复核主营业务、涉农收入占比、ST/退市状态及核心变量缺失,,,,,,年度ST区间待核实,,
002696,2014,百洋产业投资集团股份有限公司,百洋股份,深圳证券交易所,2012-09-05,交易所当前法人主表已覆盖,行业分类候选,,,,,1,百洋股份,2014Q4,04,渔业,否,中国证监会,《上市公司行业分类指引》（2012年修订）,2014Q4.pdf,候选待年报复核,0,,,,,,,,已由当期行业分类证券简称标记：否,入口候选，非最终样本；仍须复核主营业务、涉农收入占比、ST/退市状态及核心变量缺失,,,,,,年度ST区间待核实,,
002702,2014,海欣食品股份有限公司,海欣食品,深圳证券交易所,2012-10-11,交易所当前法人主表已覆盖,龙头企业身份核实候选,,,,,0,,,,,,,,,,1,海欣食品股份有限公司,2014,monitor_pass,https://www.moa.gov.cn/nybgb/2014/shi/201712/P020180104776701107212.pdf,https://www.szse.cn/api/report/index/companyGeneralization?secCode=002702,当前交易所法人全称与官方名单标准化后完全一致,身份关系已核实候选；ST、退市时点及资格缺口仍待处理,待从公司年度证券状态来源核实,入口候选，非最终样本；仍须复核主营业务、涉农收入占比、ST/退市状态及核心变量缺失,,,,,,年度ST区间待核实,,
002714,2014,牧原食品集团股份有限公司,牧原股份,深圳证券交易所,2014-01-28,交易所当前法人主表已覆盖,行业分类候选+龙头企业身份核实候选,,,,,1,牧原股份,2014Q4,03,畜牧业,否,中国证监会,《上市公司行业分类指引》（2012年修订）,2014Q4.pdf,候选待年报复核,1,牧原食品股份有限公司,2014,monitor_pass,https://www.moa.gov.cn/nybgb/2014/shi/201712/P020180104776701107212.pdf,https://static.cninfo.com.cn/finalpage/2026-02-26/1224984472.PDF,上市公司更名公告明确法律主体不变；交易所当前全称已更新,身份关系已核实候选；ST、退市时点及资格缺口仍待处理,已由当期行业分类证券简称标记：否,入口候选，非最终样本；仍须复核主营业务、涉农收入占比、ST/退市状态及核心变量缺失,,,,,,年度ST区间待核实,,
002732,2014,广东燕塘乳业股份有限公司,燕塘乳业,深圳证券交易所,2014-12-05,交易所当前法人主表已覆盖,龙头企业身份核实候选,,,,,0,,,,,,,,,,1,广东燕塘乳业股份有限公司,2014,monitor_pass,https://www.moa.gov.cn/nybgb/2014/shi/201712/P020180104776701107212.pdf,https://www.szse.cn/api/report/index/companyGeneralization?secCode=002732,当前交易所法人全称与官方名单标准化后完全一致,身份关系已核实候选；ST、退市时点及资格缺口仍待处理,待从公司年度证券状态来源核实,入口候选，非最终样本；仍须复核主营业务、涉农收入占比、ST/退市状态及核心变量缺失,,,,,,年度ST区间待核实,,
300087,2014,安徽荃银高科种业股份有限公司,ST荃银,深圳证券交易所,2010-05-26,交易所当前法人主表已覆盖,行业分类候选,,,,,1,荃银高科,2014Q4,01,农业,否,中国证监会,《上市公司行业分类指引》（2012年修订）,2014Q4.pdf,候选待年报复核,0,,,,,,,,已由当期行业分类证券简称标记：否,入口候选，非最终样本；仍须复核主营业务、涉农收入占比、ST/退市状态及核心变量缺失,,,,,,年度ST区间待核实,,
300094,2014,湛江国联水产开发股份有限公司,国联水产,深圳证券交易所,2010-07-08,交易所当前法人主表已覆盖,行业分类候选+龙头企业身份核实候选,,,,,1,国联水产,2014Q4,04,渔业,否,中国证监会,《上市公司行业分类指引》（2012年修订）,2014Q4.pdf,候选待年报复核,1,湛江国联水产开发股份有限公司,2014,monitor_pass,https://www.moa.gov.cn/nybgb/2014/shi/201712/P020180104776701107212.pdf,https://www.szse.cn/api/report/index/companyGeneralization?secCode=300094,当前交易所法人全称与官方名单标准化后完全一致,身份关系已核实候选；ST、退市时点及资格缺口仍待处理,已由当期行业分类证券简称标记：否,入口候选，非最终样本；仍须复核主营业务、涉农收入占比、ST/退市状态及核心变量缺失,,,,,,年度ST区间待核实,,
300106,2014,新疆西部牧业股份有限公司,西部牧业,深圳证券交易所,2010-08-20,交易所当前法人主表已覆盖,行业分类候选+龙头企业身份核实候选,,,,,1,西部牧业,2014Q4,03,畜牧业,否,中国证监会,《上市公司行业分类指引》（2012年修订）,2014Q4.pdf,候选待年报复核,1,新疆西部牧业股份有限公司,2014,monitor_pass,https://www.moa.gov.cn/nybgb/2014/shi/201712/P020180104776701107212.pdf,https://www.szse.cn/api/report/index/companyGeneralization?secCode=300106,当前交易所法人全称与官方名单标准化后完全一致,身份关系已核实候选；ST、退市时点及资格缺口仍待处理,已由当期行业分类证券简称标记：否,入口候选，非最终样本；仍须复核主营业务、涉农收入占比、ST/退市状态及核心变量缺失,,,,,,年度ST区间待核实,,
300138,2014,晨光生物科技集团股份有限公司,晨光生物,深圳证券交易所,2010-11-05,交易所当前法人主表已覆盖,龙头企业身份核实候选,,,,,0,,,,,,,,,,1,晨光生物科技集团股份有限公司,2014,monitor_pass,https://www.moa.gov.cn/nybgb/2014/shi/201712/P020180104776701107212.pdf,https://www.szse.cn/api/report/index/companyGeneralization?secCode=300138,当前交易所法人全称与官方名单标准化后完全一致,身份关系已核实候选；ST、退市时点及资格缺口仍待处理,待从公司年度证券状态来源核实,入口候选，非最终样本；仍须复核主营业务、涉农收入占比、ST/退市状态及核心变量缺失,,,,,,年度ST区间待核实,,
300143,2014,盈康生命科技股份有限公司,盈康生命,深圳证券交易所,2010-12-09,交易所当前法人主表已覆盖,行业分类候选,,,,,1,星河生物,2014Q4,01,农业,否,中国证监会,《上市公司行业分类指引》（2012年修订）,2014Q4.pdf,候选待年报复核,0,,,,,,,,已由当期行业分类证券简称标记：否,入口候选，非最终样本；仍须复核主营业务、涉农收入占比、ST/退市状态及核心变量缺失,,,,,,年度ST区间待核实,,
300189,2014,海南神农种业科技股份有限公司,神农种业,深圳证券交易所,2011-03-16,交易所当前法人主表已覆盖,行业分类候选+龙头企业身份核实候选,,,,,1,神农大丰,2014Q4,01,农业,否,中国证监会,《上市公司行业分类指引》（2012年修订）,2014Q4.pdf,候选待年报复核,1,海南神农大丰种业科技股份有限公司,2014,monitor_pass,https://www.moa.gov.cn/nybgb/2014/shi/201712/P020180104776701107212.pdf,https://static.cninfo.com.cn/finalpage/2025-04-26/1223326682.PDF,2024年年度报告明确名单名称为当前上市公司的原名,身份关系已核实候选；ST、退市时点及资格缺口仍待处理,已由当期行业分类证券简称标记：否,入口候选，非最终样本；仍须复核主营业务、涉农收入占比、ST/退市状态及核心变量缺失,,,,,,年度ST区间待核实,,
300313,2014,新疆天山畜牧生物工程股份有限公司,天山生物,深圳证券交易所,2012-04-25,交易所当前法人主表已覆盖,行业分类候选,,,,,1,天山生物,2014Q4,03,畜牧业,否,中国证监会,《上市公司行业分类指引》（2012年修订）,2014Q4.pdf,候选待年报复核,0,,,,,,,,已由当期行业分类证券简称标记：否,入口候选，非最终样本；仍须复核主营业务、涉农收入占比、ST/退市状态及核心变量缺失,,,,,,年度ST区间待核实,,
600097,2014,上海开创国际海洋资源股份有限公司,开创国际,上海证券交易所,19970619,交易所当前法人主表已覆盖,行业分类候选,,,,,1,开创国际,2014Q4,04,渔业,否,中国证监会,《上市公司行业分类指引》（2012年修订）,2014Q4.pdf,候选待年报复核,0,,,,,,,,已由当期行业分类证券简称标记：否,入口候选，非最终样本；仍须复核主营业务、涉农收入占比、ST/退市状态及核心变量缺失,,,,,,年度ST区间待核实,,
600108,2014,甘肃亚盛实业(集团)股份有限公司,亚盛集团,上海证券交易所,19970818,交易所当前法人主表已覆盖,行业分类候选+龙头企业身份核实候选,,,,,1,亚盛集团,2014Q4,01,农业,否,中国证监会,《上市公司行业分类指引》（2012年修订）,2014Q4.pdf,候选待年报复核,1,甘肃亚盛实业（集团）股份有限公司,2014,monitor_pass,https://www.moa.gov.cn/nybgb/2014/shi/201712/P020180104776701107212.pdf,https://query.sse.com.cn/commonQuery.do?sqlId=COMMON_SSE_CP_GPJCTPZ_GPLB_GP_L,当前交易所法人全称与官方名单标准化后完全一致,身份关系已核实候选；ST、退市时点及资格缺口仍待处理,已由当期行业分类证券简称标记：否,入口候选，非最终样本；仍须复核主营业务、涉农收入占比、ST/退市状态及核心变量缺失,,,,,,年度ST区间待核实,,
600127,2014,金健米业股份有限公司,金健米业,上海证券交易所,19980506,交易所当前法人主表已覆盖,龙头企业身份核实候选,,,,,0,,,,,,,,,,1,金健米业股份有限公司,2014,monitor_pass,https://www.moa.gov.cn/nybgb/2014/shi/201712/P020180104776701107212.pdf,https://query.sse.com.cn/commonQuery.do?sqlId=COMMON_SSE_CP_GPJCTPZ_GPLB_GP_L,当前交易所法人全称与官方名单标准化后完全一致,身份关系已核实候选；ST、退市时点及资格缺口仍待处理,待从公司年度证券状态来源核实,入口候选，非最终样本；仍须复核主营业务、涉农收入占比、ST/退市状态及核心变量缺失,,,,,,年度ST区间待核实,,
600195,2014,中牧实业股份有限公司,中牧股份,上海证券交易所,19990107,交易所当前法人主表已覆盖,龙头企业身份核实候选,,,,,0,,,,,,,,,,1,中牧实业股份有限公司,2014,monitor_pass,https://www.moa.gov.cn/nybgb/2014/shi/201712/P020180104776701107212.pdf,https://query.sse.com.cn/commonQuery.do?sqlId=COMMON_SSE_CP_GPJCTPZ_GPLB_GP_L,当前交易所法人全称与官方名单标准化后完全一致,身份关系已核实候选；ST、退市时点及资格缺口仍待处理,待从公司年度证券状态来源核实,入口候选，非最终样本；仍须复核主营业务、涉农收入占比、ST/退市状态及核心变量缺失,,,,,,年度ST区间待核实,,
600211,2014,西藏诺迪康药业股份有限公司,西藏药业,上海证券交易所,19990721,交易所当前法人主表已覆盖,龙头企业身份核实候选,,,,,0,,,,,,,,,,1,西藏诺迪康药业股份有限公司,2014,monitor_pass,https://www.moa.gov.cn/nybgb/2014/shi/201712/P020180104776701107212.pdf,https://query.sse.com.cn/commonQuery.do?sqlId=COMMON_SSE_CP_GPJCTPZ_GPLB_GP_L,当前交易所法人全称与官方名单标准化后完全一致,身份关系已核实候选；ST、退市时点及资格缺口仍待处理,待从公司年度证券状态来源核实,入口候选，非最终样本；仍须复核主营业务、涉农收入占比、ST/退市状态及核心变量缺失,,,,,,年度ST区间待核实,,
600251,2014,新疆冠农股份有限公司,冠农股份,上海证券交易所,20030609,交易所当前法人主表已覆盖,龙头企业身份核实候选,,,,,0,,,,,,,,,,1,新疆冠农果茸集团股份有限公司,2014,monitor_pass,https://www.moa.gov.cn/nybgb/2014/shi/201712/P020180104776701107212.pdf,https://static.cninfo.com.cn/finalpage/2018-10-27/1205543355.PDF | https://static.cninfo.com.cn/finalpage/2023-02-10/1215815769.PDF,2018年股东大会资料明确集团名称变更为新疆冠农果茸股份有限公司并由2023年工商公告继续变更为当前名称,身份关系已核实候选；ST、退市时点及资格缺口仍待处理,待从公司年度证券状态来源核实,入口候选，非最终样本；仍须复核主营业务、涉农收入占比、ST/退市状态及核心变量缺失,,,,,,年度ST区间待核实,,
600257,2014,大湖健康产业股份有限公司,大湖股份,上海证券交易所,20000612,交易所当前法人主表已覆盖,行业分类候选,,,,,1,大湖股份,2014Q4,04,渔业,否,中国证监会,《上市公司行业分类指引》（2012年修订）,2014Q4.pdf,候选待年报复核,0,,,,,,,,已由当期行业分类证券简称标记：否,入口候选，非最终样本；仍须复核主营业务、涉农收入占比、ST/退市状态及核心变量缺失,,,,,,年度ST区间待核实,,
600265,2014,云南景谷林业股份有限公司,*ST景谷,上海证券交易所,20000825,交易所当前法人主表已覆盖,行业分类候选,,,,,1,ST景谷,2014Q4,02,林业,是,中国证监会,《上市公司行业分类指引》（2012年修订）,2014Q4.pdf,候选待年报复核,0,,,,,,,,已由当期行业分类证券简称标记：是,入口候选，非最终样本；仍须复核主营业务、涉农收入占比、ST/退市状态及核心变量缺失,是,是,https://static.cninfo.com.cn/finalpage/2013-05-02/62447733.PDF,,样本期左截断_终点待闭合,已由法定公告核实本年存在ST风险警示,,
600295,2014,内蒙古鄂尔多斯资源股份有限公司,鄂尔多斯,上海证券交易所,20010426,交易所当前法人主表已覆盖,龙头企业身份核实候选,,,,,0,,,,,,,,,,1,内蒙古鄂尔多斯资源股份有限公司,2014,monitor_pass,https://www.moa.gov.cn/nybgb/2014/shi/201712/P020180104776701107212.pdf,https://query.sse.com.cn/commonQuery.do?sqlId=COMMON_SSE_CP_GPJCTPZ_GPLB_GP_L,当前交易所法人全称与官方名单标准化后完全一致,身份关系已核实候选；ST、退市时点及资格缺口仍待处理,待从公司年度证券状态来源核实,入口候选，非最终样本；仍须复核主营业务、涉农收入占比、ST/退市状态及核心变量缺失,,,,,,年度ST区间待核实,,
600300,2014,维维食品饮料股份有限公司,维维股份,上海证券交易所,20000630,交易所当前法人主表已覆盖,龙头企业身份核实候选,,,,,0,,,,,,,,,,1,维维食品饮料股份有限公司,2014,monitor_pass,https://www.moa.gov.cn/nybgb/2014/shi/201712/P020180104776701107212.pdf,https://query.sse.com.cn/commonQuery.do?sqlId=COMMON_SSE_CP_GPJCTPZ_GPLB_GP_L,当前交易所法人全称与官方名单标准化后完全一致,身份关系已核实候选；ST、退市时点及资格缺口仍待处理,待从公司年度证券状态来源核实,入口候选，非最终样本；仍须复核主营业务、涉农收入占比、ST/退市状态及核心变量缺失,,,,,,年度ST区间待核实,,
600305,2014,江苏恒顺醋业股份有限公司,恒顺醋业,上海证券交易所,20010206,交易所当前法人主表已覆盖,龙头企业身份核实候选,,,,,0,,,,,,,,,,1,江苏恒顺醋业股份有限公司,2014,monitor_pass,https://www.moa.gov.cn/nybgb/2014/shi/201712/P020180104776701107212.pdf,https://query.sse.com.cn/commonQuery.do?sqlId=COMMON_SSE_CP_GPJCTPZ_GPLB_GP_L,当前交易所法人全称与官方名单标准化后完全一致,身份关系已核实候选；ST、退市时点及资格缺口仍待处理,待从公司年度证券状态来源核实,入口候选，非最终样本；仍须复核主营业务、涉农收入占比、ST/退市状态及核心变量缺失,,,,,,年度ST区间待核实,,
600354,2014,甘肃省敦煌种业集团股份有限公司,敦煌种业,上海证券交易所,20040115,交易所当前法人主表已覆盖,行业分类候选+龙头企业身份核实候选,,,,,1,敦煌种业,2014Q4,01,农业,否,中国证监会,《上市公司行业分类指引》（2012年修订）,2014Q4.pdf,候选待年报复核,1,甘肃省敦煌种业股份有限公司,2014,monitor_pass,https://www.moa.gov.cn/nybgb/2014/shi/201712/P020180104776701107212.pdf,https://static.cninfo.com.cn/finalpage/2025-03-22/1222871589.PDF,年度报告说明当前公司由旧全称获批设立并持续使用同一统一社会信用代码,身份关系已核实候选；ST、退市时点及资格缺口仍待处理,已由当期行业分类证券简称标记：否,入口候选，非最终样本；仍须复核主营业务、涉农收入占比、ST/退市状态及核心变量缺失,,,,,,年度ST区间待核实,,
600359,2014,新疆塔里木农业综合开发股份有限公司,新农开发,上海证券交易所,19990429,交易所当前法人主表已覆盖,行业分类候选,,,,,1,新农开发,2014Q4,01,农业,否,中国证监会,《上市公司行业分类指引》（2012年修订）,2014Q4.pdf,候选待年报复核,0,,,,,,,,已由当期行业分类证券简称标记：否,入口候选，非最终样本；仍须复核主营业务、涉农收入占比、ST/退市状态及核心变量缺失,,,,,,年度ST区间待核实,,
600371,2014,万向德农股份有限公司,万向德农,上海证券交易所,20020916,交易所当前法人主表已覆盖,行业分类候选,,,,,1,万向德农,2014Q4,01,农业,否,中国证监会,《上市公司行业分类指引》（2012年修订）,2014Q4.pdf,候选待年报复核,0,,,,,,,,已由当期行业分类证券简称标记：否,入口候选，非最终样本；仍须复核主营业务、涉农收入占比、ST/退市状态及核心变量缺失,,,,,,年度ST区间待核实,,
600429,2014,北京三元食品股份有限公司,三元股份,上海证券交易所,20030915,交易所当前法人主表已覆盖,龙头企业身份核实候选,,,,,0,,,,,,,,,,1,北京三元食品股份有限公司,2014,monitor_pass,https://www.moa.gov.cn/nybgb/2014/shi/201712/P020180104776701107212.pdf,https://query.sse.com.cn/commonQuery.do?sqlId=COMMON_SSE_CP_GPJCTPZ_GPLB_GP_L,当前交易所法人全称与官方名单标准化后完全一致,身份关系已核实候选；ST、退市时点及资格缺口仍待处理,待从公司年度证券状态来源核实,入口候选，非最终样本；仍须复核主营业务、涉农收入占比、ST/退市状态及核心变量缺失,,,,,,年度ST区间待核实,,
600438,2014,通威股份有限公司,通威股份,上海证券交易所,20040302,交易所当前法人主表已覆盖,龙头企业身份核实候选,,,,,0,,,,,,,,,,1,通威股份有限公司,2014,monitor_pass,https://www.moa.gov.cn/nybgb/2014/shi/201712/P020180104776701107212.pdf,https://query.sse.com.cn/commonQuery.do?sqlId=COMMON_SSE_CP_GPJCTPZ_GPLB_GP_L,当前交易所法人全称与官方名单标准化后完全一致,身份关系已核实候选；ST、退市时点及资格缺口仍待处理,待从公司年度证券状态来源核实,入口候选，非最终样本；仍须复核主营业务、涉农收入占比、ST/退市状态及核心变量缺失,,,,,,年度ST区间待核实,,
600467,2014,山东好当家海洋发展股份有限公司,好当家,上海证券交易所,20040405,交易所当前法人主表已覆盖,行业分类候选+龙头企业身份核实候选,,,,,1,好当家,2014Q4,04,渔业,否,中国证监会,《上市公司行业分类指引》（2012年修订）,2014Q4.pdf,候选待年报复核,1,山东好当家海洋发展股份有限公司,2014,monitor_pass,https://www.moa.gov.cn/nybgb/2014/shi/201712/P020180104776701107212.pdf,https://query.sse.com.cn/commonQuery.do?sqlId=COMMON_SSE_CP_GPJCTPZ_GPLB_GP_L,当前交易所法人全称与官方名单标准化后完全一致,身份关系已核实候选；ST、退市时点及资格缺口仍待处理,已由当期行业分类证券简称标记：否,入口候选，非最终样本；仍须复核主营业务、涉农收入占比、ST/退市状态及核心变量缺失,,,,,,年度ST区间待核实,,
600506,2014,统一低碳科技(新疆)股份有限公司,统一股份,上海证券交易所,20011226,交易所当前法人主表已覆盖,行业分类候选,,,,,1,香梨股份,2014Q4,01,农业,否,中国证监会,《上市公司行业分类指引》（2012年修订）,2014Q4.pdf,候选待年报复核,0,,,,,,,,已由当期行业分类证券简称标记：否,入口候选，非最终样本；仍须复核主营业务、涉农收入占比、ST/退市状态及核心变量缺失,,,,,,年度ST区间待核实,,
600540,2014,新疆赛里木现代农业股份有限公司,新赛股份,上海证券交易所,20040107,交易所当前法人主表已覆盖,行业分类候选,,,,,1,新赛股份,2014Q4,01,农业,否,中国证监会,《上市公司行业分类指引》（2012年修订）,2014Q4.pdf,候选待年报复核,0,,,,,,,,已由当期行业分类证券简称标记：否,入口候选，非最终样本；仍须复核主营业务、涉农收入占比、ST/退市状态及核心变量缺失,,,,,,年度ST区间待核实,,
600543,2014,甘肃莫高实业发展股份有限公司,*ST莫高,上海证券交易所,20040324,交易所当前法人主表已覆盖,龙头企业身份核实候选,,,,,0,,,,,,,,,,1,甘肃莫高实业发展股份有限公司,2014,monitor_pass,https://www.moa.gov.cn/nybgb/2014/shi/201712/P020180104776701107212.pdf,https://query.sse.com.cn/commonQuery.do?sqlId=COMMON_SSE_CP_GPJCTPZ_GPLB_GP_L,当前交易所法人全称与官方名单标准化后完全一致,身份关系已核实候选；ST、退市时点及资格缺口仍待处理,待从公司年度证券状态来源核实,入口候选，非最终样本；仍须复核主营业务、涉农收入占比、ST/退市状态及核心变量缺失,,,,,,年度ST区间待核实,,
600597,2014,光明乳业股份有限公司,光明乳业,上海证券交易所,20020828,交易所当前法人主表已覆盖,龙头企业身份核实候选,,,,,0,,,,,,,,,,1,光明乳业股份有限公司,2014,monitor_pass,https://www.moa.gov.cn/nybgb/2014/shi/201712/P020180104776701107212.pdf,https://query.sse.com.cn/commonQuery.do?sqlId=COMMON_SSE_CP_GPJCTPZ_GPLB_GP_L,当前交易所法人全称与官方名单标准化后完全一致,身份关系已核实候选；ST、退市时点及资格缺口仍待处理,待从公司年度证券状态来源核实,入口候选，非最终样本；仍须复核主营业务、涉农收入占比、ST/退市状态及核心变量缺失,,,,,,年度ST区间待核实,,
600598,2014,黑龙江北大荒农业股份有限公司,北大荒,上海证券交易所,20020329,交易所当前法人主表已覆盖,行业分类候选,,,,,1,*ST大荒,2014Q4,01,农业,是,中国证监会,《上市公司行业分类指引》（2012年修订）,2014Q4.pdf,候选待年报复核,0,,,,,,,,已由当期行业分类证券简称标记：是,入口候选，非最终样本；仍须复核主营业务、涉农收入占比、ST/退市状态及核心变量缺失,是,是,https://static.cninfo.com.cn/finalpage/2014-03-27/63733624.PDF,https://static.cninfo.com.cn/finalpage/2015-04-02/1200779981.PDF,区间已闭合,已由法定公告核实本年存在ST风险警示,,
600873,2014,梅花生物科技集团股份有限公司,梅花生物,上海证券交易所,19950217,交易所当前法人主表已覆盖,龙头企业身份核实候选,,,,,0,,,,,,,,,,1,梅花生物科技集团股份有限公司,2014,monitor_pass,https://www.moa.gov.cn/nybgb/2014/shi/201712/P020180104776701107212.pdf,https://query.sse.com.cn/commonQuery.do?sqlId=COMMON_SSE_CP_GPJCTPZ_GPLB_GP_L,当前交易所法人全称与官方名单标准化后完全一致,身份关系已核实候选；ST、退市时点及资格缺口仍待处理,待从公司年度证券状态来源核实,入口候选，非最终样本；仍须复核主营业务、涉农收入占比、ST/退市状态及核心变量缺失,,,,,,年度ST区间待核实,,
600887,2014,内蒙古伊利实业集团股份有限公司,伊利股份,上海证券交易所,19960312,交易所当前法人主表已覆盖,龙头企业身份核实候选,,,,,0,,,,,,,,,,1,内蒙古伊利实业集团股份有限公司,2014,monitor_pass,https://www.moa.gov.cn/nybgb/2014/shi/201712/P020180104776701107212.pdf,https://query.sse.com.cn/commonQuery.do?sqlId=COMMON_SSE_CP_GPJCTPZ_GPLB_GP_L,当前交易所法人全称与官方名单标准化后完全一致,身份关系已核实候选；ST、退市时点及资格缺口仍待处理,待从公司年度证券状态来源核实,入口候选，非最终样本；仍须复核主营业务、涉农收入占比、ST/退市状态及核心变量缺失,,,,,,年度ST区间待核实,,
600962,2014,国投中鲁果汁股份有限公司,国投中鲁,上海证券交易所,20040622,交易所当前法人主表已覆盖,龙头企业身份核实候选,,,,,0,,,,,,,,,,1,国投中鲁果汁股份有限公司,2014,monitor_pass,https://www.moa.gov.cn/nybgb/2014/shi/201712/P020180104776701107212.pdf,https://query.sse.com.cn/commonQuery.do?sqlId=COMMON_SSE_CP_GPJCTPZ_GPLB_GP_L,当前交易所法人全称与官方名单标准化后完全一致,身份关系已核实候选；ST、退市时点及资格缺口仍待处理,待从公司年度证券状态来源核实,入口候选，非最终样本；仍须复核主营业务、涉农收入占比、ST/退市状态及核心变量缺失,,,,,,年度ST区间待核实,,
600965,2014,河北福成五丰食品股份有限公司,*ST福成,上海证券交易所,20040713,交易所当前法人主表已覆盖,行业分类候选+龙头企业身份核实候选,,,,,1,福成五丰,2014Q4,03,畜牧业,否,中国证监会,《上市公司行业分类指引》（2012年修订）,2014Q4.pdf,候选待年报复核,1,河北福成五丰食品股份有限公司,2014,monitor_pass,https://www.moa.gov.cn/nybgb/2014/shi/201712/P020180104776701107212.pdf,https://query.sse.com.cn/commonQuery.do?sqlId=COMMON_SSE_CP_GPJCTPZ_GPLB_GP_L,当前交易所法人全称与官方名单标准化后完全一致,身份关系已核实候选；ST、退市时点及资格缺口仍待处理,已由当期行业分类证券简称标记：否,入口候选，非最终样本；仍须复核主营业务、涉农收入占比、ST/退市状态及核心变量缺失,,,,,,年度ST区间待核实,,
600975,2014,湖南新五丰股份有限公司,新五丰,上海证券交易所,20040609,交易所当前法人主表已覆盖,行业分类候选+龙头企业身份核实候选,,,,,1,新五丰,2014Q4,03,畜牧业,否,中国证监会,《上市公司行业分类指引》（2012年修订）,2014Q4.pdf,候选待年报复核,1,湖南新五丰股份有限公司,2014,monitor_pass,https://www.moa.gov.cn/nybgb/2014/shi/201712/P020180104776701107212.pdf,https://query.sse.com.cn/commonQuery.do?sqlId=COMMON_SSE_CP_GPJCTPZ_GPLB_GP_L,当前交易所法人全称与官方名单标准化后完全一致,身份关系已核实候选；ST、退市时点及资格缺口仍待处理,已由当期行业分类证券简称标记：否,入口候选，非最终样本；仍须复核主营业务、涉农收入占比、ST/退市状态及核心变量缺失,,,,,,年度ST区间待核实,,
601118,2014,海南天然橡胶产业集团股份有限公司,海南橡胶,上海证券交易所,20110107,交易所当前法人主表已覆盖,行业分类候选+龙头企业身份核实候选,,,,,1,海南橡胶,2014Q4,01,农业,否,中国证监会,《上市公司行业分类指引》（2012年修订）,2014Q4.pdf,候选待年报复核,1,海南天然橡胶产业集团股份有限公司,2014,monitor_pass,https://www.moa.gov.cn/nybgb/2014/shi/201712/P020180104776701107212.pdf,https://query.sse.com.cn/commonQuery.do?sqlId=COMMON_SSE_CP_GPJCTPZ_GPLB_GP_L,当前交易所法人全称与官方名单标准化后完全一致,身份关系已核实候选；ST、退市时点及资格缺口仍待处理,已由当期行业分类证券简称标记：否,入口候选，非最终样本；仍须复核主营业务、涉农收入占比、ST/退市状态及核心变量缺失,,,,,,年度ST区间待核实,,
601933,2014,永辉超市股份有限公司,永辉超市,上海证券交易所,20101215,交易所当前法人主表已覆盖,龙头企业身份核实候选,,,,,0,,,,,,,,,,1,永辉超市股份有限公司,2014,monitor_pass,https://www.moa.gov.cn/nybgb/2014/shi/201712/P020180104776701107212.pdf,https://query.sse.com.cn/commonQuery.do?sqlId=COMMON_SSE_CP_GPJCTPZ_GPLB_GP_L,当前交易所法人全称与官方名单标准化后完全一致,身份关系已核实候选；ST、退市时点及资格缺口仍待处理,待从公司年度证券状态来源核实,入口候选，非最终样本；仍须复核主营业务、涉农收入占比、ST/退市状态及核心变量缺失,,,,,,年度ST区间待核实,,
601996,2014,广西丰林木业集团股份有限公司,丰林集团,上海证券交易所,20110929,交易所当前法人主表已覆盖,龙头企业身份核实候选,,,,,0,,,,,,,,,,1,广西丰林木业集团股份有限公司,2014,monitor_pass,https://www.moa.gov.cn/nybgb/2014/shi/201712/P020180104776701107212.pdf,https://query.sse.com.cn/commonQuery.do?sqlId=COMMON_SSE_CP_GPJCTPZ_GPLB_GP_L,当前交易所法人全称与官方名单标准化后完全一致,身份关系已核实候选；ST、退市时点及资格缺口仍待处理,待从公司年度证券状态来源核实,入口候选，非最终样本；仍须复核主营业务、涉农收入占比、ST/退市状态及核心变量缺失,,,,,,年度ST区间待核实,,
000592,2015,中福海峡（平潭）发展股份有限公司,平潭发展,深圳证券交易所,1996-03-27,交易所当前法人主表已覆盖,行业分类候选,,,,,1,平潭发展,2015Q4,02,林业,否,中国证监会,《上市公司行业分类指引》（2012年修订）,2015Q4.pdf,候选待年报复核,0,,,,,,,,已由当期行业分类证券简称标记：否,入口候选，非最终样本；仍须复核主营业务、涉农收入占比、ST/退市状态及核心变量缺失,,,,,,年度ST区间待核实,,
000623,2015,吉林敖东药业集团股份有限公司,吉林敖东,深圳证券交易所,1996-10-28,交易所当前法人主表已覆盖,龙头企业身份核实候选,,,,,0,,,,,,,,,,1,吉林敖东药业集团股份有限公司,2014,monitor_pass,https://www.moa.gov.cn/nybgb/2014/shi/201712/P020180104776701107212.pdf,https://www.szse.cn/api/report/index/companyGeneralization?secCode=000623,当前交易所法人全称与官方名单标准化后完全一致,身份关系已核实候选；ST、退市时点及资格缺口仍待处理,待从公司年度证券状态来源核实,入口候选，非最终样本；仍须复核主营业务、涉农收入占比、ST/退市状态及核心变量缺失,,,,,,年度ST区间待核实,,
000663,2015,福建省永安林业(集团)股份有限公司,永安林业,深圳证券交易所,1996-12-06,交易所当前法人主表已覆盖,龙头企业身份核实候选,,,,,0,,,,,,,,,,1,福建省永安林业（集团）股份有限公司,2014,monitor_pass,https://www.moa.gov.cn/nybgb/2014/shi/201712/P020180104776701107212.pdf,https://www.szse.cn/api/report/index/companyGeneralization?secCode=000663,当前交易所法人全称与官方名单标准化后完全一致,身份关系已核实候选；ST、退市时点及资格缺口仍待处理,待从公司年度证券状态来源核实,入口候选，非最终样本；仍须复核主营业务、涉农收入占比、ST/退市状态及核心变量缺失,,,,,,年度ST区间待核实,,
000713,2015,国投丰乐种业股份有限公司,国投丰乐,深圳证券交易所,1997-04-22,交易所当前法人主表已覆盖,行业分类候选+龙头企业身份核实候选,,,,,1,丰乐种业,2015Q4,05,农林牧渔服务业,否,中国证监会,《上市公司行业分类指引》（2012年修订）,2015Q4.pdf,候选待年报复核,1,合肥丰乐种业股份有限公司,2014,monitor_pass,https://www.moa.gov.cn/nybgb/2014/shi/201712/P020180104776701107212.pdf,https://static.cninfo.com.cn/finalpage/2025-08-30/1224620910.PDF,半年度报告明确当前公司曾用名单名称且证券代码保持000713,身份关系已核实候选；ST、退市时点及资格缺口仍待处理,已由当期行业分类证券简称标记：否,入口候选，非最终样本；仍须复核主营业务、涉农收入占比、ST/退市状态及核心变量缺失,,,,,,年度ST区间待核实,,
000735,2015,罗牛山股份有限公司,罗 牛 山,深圳证券交易所,1997-06-11,交易所当前法人主表已覆盖,行业分类候选+龙头企业身份核实候选,,,,,1,罗牛山,2015Q4,03,畜牧业,否,中国证监会,《上市公司行业分类指引》（2012年修订）,2015Q4.pdf,候选待年报复核,1,罗牛山股份有限公司,2014,monitor_pass,https://www.moa.gov.cn/nybgb/2014/shi/201712/P020180104776701107212.pdf,https://www.szse.cn/api/report/index/companyGeneralization?secCode=000735,当前交易所法人全称与官方名单标准化后完全一致,身份关系已核实候选；ST、退市时点及资格缺口仍待处理,已由当期行业分类证券简称标记：否,入口候选，非最终样本；仍须复核主营业务、涉农收入占比、ST/退市状态及核心变量缺失,,,,,,年度ST区间待核实,,
000798,2015,中水集团远洋股份有限公司,中水渔业,深圳证券交易所,1998-02-12,交易所当前法人主表已覆盖,行业分类候选,,,,,1,中水渔业,2015Q4,04,渔业,否,中国证监会,《上市公司行业分类指引》（2012年修订）,2015Q4.pdf,候选待年报复核,0,,,,,,,,已由当期行业分类证券简称标记：否,入口候选，非最终样本；仍须复核主营业务、涉农收入占比、ST/退市状态及核心变量缺失,,,,,,年度ST区间待核实,,
000848,2015,承德露露股份公司,承德露露,深圳证券交易所,1997-11-13,交易所当前法人主表已覆盖,龙头企业身份核实候选,,,,,0,,,,,,,,,,1,河北承德露露股份有限公司,2014,monitor_pass,https://www.moa.gov.cn/nybgb/2014/shi/201712/P020180104776701107212.pdf,https://static.cninfo.com.cn/finalpage/2022-04-12/1212884374.PDF,上市公司公告列明由旧全称变更为当前全称；证券代码不变,身份关系已核实候选；ST、退市时点及资格缺口仍待处理,待从公司年度证券状态来源核实,入口候选，非最终样本；仍须复核主营业务、涉农收入占比、ST/退市状态及核心变量缺失,,,,,,年度ST区间待核实,,
000860,2015,北京顺鑫农业股份有限公司,顺鑫农业,深圳证券交易所,1998-11-04,交易所当前法人主表已覆盖,龙头企业身份核实候选,,,,,0,,,,,,,,,,1,北京顺鑫农业股份有限公司,2014,monitor_pass,https://www.moa.gov.cn/nybgb/2014/shi/201712/P020180104776701107212.pdf,https://www.szse.cn/api/report/index/companyGeneralization?secCode=000860,当前交易所法人全称与官方名单标准化后完全一致,身份关系已核实候选；ST、退市时点及资格缺口仍待处理,待从公司年度证券状态来源核实,入口候选，非最终样本；仍须复核主营业务、涉农收入占比、ST/退市状态及核心变量缺失,,,,,,年度ST区间待核实,,
000998,2015,袁隆平农业高科技股份有限公司,隆平高科,深圳证券交易所,2000-12-11,交易所当前法人主表已覆盖,行业分类候选+龙头企业身份核实候选,,,,,1,隆平高科,2015Q4,01,农业,否,中国证监会,《上市公司行业分类指引》（2012年修订）,2015Q4.pdf,候选待年报复核,1,袁隆平农业高科技股份有限公司,2014,monitor_pass,https://www.moa.gov.cn/nybgb/2014/shi/201712/P020180104776701107212.pdf,https://www.szse.cn/api/report/index/companyGeneralization?secCode=000998,当前交易所法人全称与官方名单标准化后完全一致,身份关系已核实候选；ST、退市时点及资格缺口仍待处理,已由当期行业分类证券简称标记：否,入口候选，非最终样本；仍须复核主营业务、涉农收入占比、ST/退市状态及核心变量缺失,,,,,,年度ST区间待核实,,
002041,2015,山东登海种业股份有限公司,登海种业,深圳证券交易所,2005-04-18,交易所当前法人主表已覆盖,行业分类候选,,,,,1,登海种业,2015Q4,01,农业,否,中国证监会,《上市公司行业分类指引》（2012年修订）,2015Q4.pdf,候选待年报复核,0,,,,,,,,已由当期行业分类证券简称标记：否,入口候选，非最终样本；仍须复核主营业务、涉农收入占比、ST/退市状态及核心变量缺失,,,,,,年度ST区间待核实,,
002069,2015,獐子岛集团股份有限公司,獐子岛,深圳证券交易所,2006-09-28,交易所当前法人主表已覆盖,行业分类候选+龙头企业身份核实候选,,,,,1,獐子岛,2015Q4,04,渔业,否,中国证监会,《上市公司行业分类指引》（2012年修订）,2015Q4.pdf,候选待年报复核,1,獐子岛集团股份有限公司,2014,monitor_pass,https://www.moa.gov.cn/nybgb/2014/shi/201712/P020180104776701107212.pdf,https://www.szse.cn/api/report/index/companyGeneralization?secCode=002069,当前交易所法人全称与官方名单标准化后完全一致,身份关系已核实候选；ST、退市时点及资格缺口仍待处理,已由当期行业分类证券简称标记：否,入口候选，非最终样本；仍须复核主营业务、涉农收入占比、ST/退市状态及核心变量缺失,,,,,,年度ST区间待核实,,
002086,2015,山东东方海洋科技股份有限公司,东方海洋,深圳证券交易所,2006-11-28,交易所当前法人主表已覆盖,行业分类候选+龙头企业身份核实候选,,,,,1,东方海洋,2015Q4,04,渔业,否,中国证监会,《上市公司行业分类指引》（2012年修订）,2015Q4.pdf,候选待年报复核,1,山东东方海洋科技股份有限公司,2014,monitor_pass,https://www.moa.gov.cn/nybgb/2014/shi/201712/P020180104776701107212.pdf,https://www.szse.cn/api/report/index/companyGeneralization?secCode=002086,当前交易所法人全称与官方名单标准化后完全一致,身份关系已核实候选；ST、退市时点及资格缺口仍待处理,已由当期行业分类证券简称标记：否,入口候选，非最终样本；仍须复核主营业务、涉农收入占比、ST/退市状态及核心变量缺失,,,,,,年度ST区间待核实,,
002166,2015,桂林莱茵生物科技股份有限公司,莱茵生物,深圳证券交易所,2007-09-13,交易所当前法人主表已覆盖,龙头企业身份核实候选,,,,,0,,,,,,,,,,1,桂林莱茵生物科技股份有限公司,2014,monitor_pass,https://www.moa.gov.cn/nybgb/2014/shi/201712/P020180104776701107212.pdf,https://www.szse.cn/api/report/index/companyGeneralization?secCode=002166,当前交易所法人全称与官方名单标准化后完全一致,身份关系已核实候选；ST、退市时点及资格缺口仍待处理,待从公司年度证券状态来源核实,入口候选，非最终样本；仍须复核主营业务、涉农收入占比、ST/退市状态及核心变量缺失,,,,,,年度ST区间待核实,,
002200,2015,云南交投生态科技股份有限公司,交投生态,深圳证券交易所,2007-12-21,交易所当前法人主表已覆盖,行业分类候选,,,,,1,云投生态,2015Q4,02,林业,否,中国证监会,《上市公司行业分类指引》（2012年修订）,2015Q4.pdf,候选待年报复核,0,,,,,,,,已由当期行业分类证券简称标记：否,入口候选，非最终样本；仍须复核主营业务、涉农收入占比、ST/退市状态及核心变量缺失,,,,,,年度ST区间待核实,,
002216,2015,三全食品股份有限公司,三全食品,深圳证券交易所,2008-02-20,交易所当前法人主表已覆盖,龙头企业身份核实候选,,,,,0,,,,,,,,,,1,三全食品股份有限公司,2014,monitor_pass,https://www.moa.gov.cn/nybgb/2014/shi/201712/P020180104776701107212.pdf,https://www.szse.cn/api/report/index/companyGeneralization?secCode=002216,当前交易所法人全称与官方名单标准化后完全一致,身份关系已核实候选；ST、退市时点及资格缺口仍待处理,待从公司年度证券状态来源核实,入口候选，非最终样本；仍须复核主营业务、涉农收入占比、ST/退市状态及核心变量缺失,,,,,,年度ST区间待核实,,
002234,2015,山东民和牧业股份有限公司,民和股份,深圳证券交易所,2008-05-16,交易所当前法人主表已覆盖,行业分类候选+龙头企业身份核实候选,,,,,1,民和股份,2015Q4,03,畜牧业,否,中国证监会,《上市公司行业分类指引》（2012年修订）,2015Q4.pdf,候选待年报复核,1,山东民和牧业股份有限公司,2014,monitor_pass,https://www.moa.gov.cn/nybgb/2014/shi/201712/P020180104776701107212.pdf,https://www.szse.cn/api/report/index/companyGeneralization?secCode=002234,当前交易所法人全称与官方名单标准化后完全一致,身份关系已核实候选；ST、退市时点及资格缺口仍待处理,已由当期行业分类证券简称标记：否,入口候选，非最终样本；仍须复核主营业务、涉农收入占比、ST/退市状态及核心变量缺失,是,否,https://static.cninfo.com.cn/finalpage/2014-04-21/63870312.PDF,https://static.cninfo.com.cn/finalpage/2015-04-02/1200780212.PDF,区间已闭合,已由法定公告核实本年存在ST风险警示,,
002299,2015,福建圣农发展股份有限公司,圣农发展,深圳证券交易所,2009-10-21,交易所当前法人主表已覆盖,行业分类候选,,,,,1,圣农发展,2015Q4,03,畜牧业,否,中国证监会,《上市公司行业分类指引》（2012年修订）,2015Q4.pdf,候选待年报复核,0,,,,,,,,已由当期行业分类证券简称标记：否,入口候选，非最终样本；仍须复核主营业务、涉农收入占比、ST/退市状态及核心变量缺失,,,,,,年度ST区间待核实,,
002311,2015,广东海大集团股份有限公司,海大集团,深圳证券交易所,2009-11-27,交易所当前法人主表已覆盖,龙头企业身份核实候选,,,,,0,,,,,,,,,,1,广东海大集团股份有限公司,2014,monitor_pass,https://www.moa.gov.cn/nybgb/2014/shi/201712/P020180104776701107212.pdf,https://www.szse.cn/api/report/index/companyGeneralization?secCode=002311,当前交易所法人全称与官方名单标准化后完全一致,身份关系已核实候选；ST、退市时点及资格缺口仍待处理,待从公司年度证券状态来源核实,入口候选，非最终样本；仍须复核主营业务、涉农收入占比、ST/退市状态及核心变量缺失,,,,,,年度ST区间待核实,,
002321,2015,河南华英农业发展股份有限公司,华英农业,深圳证券交易所,2009-12-16,交易所当前法人主表已覆盖,行业分类候选+龙头企业身份核实候选,,,,,1,华英农业,2015Q4,03,畜牧业,否,中国证监会,《上市公司行业分类指引》（2012年修订）,2015Q4.pdf,候选待年报复核,1,河南华英农业发展股份有限公司,2014,monitor_pass,https://www.moa.gov.cn/nybgb/2014/shi/201712/P020180104776701107212.pdf,https://www.szse.cn/api/report/index/companyGeneralization?secCode=002321,当前交易所法人全称与官方名单标准化后完全一致,身份关系已核实候选；ST、退市时点及资格缺口仍待处理,已由当期行业分类证券简称标记：否,入口候选，非最终样本；仍须复核主营业务、涉农收入占比、ST/退市状态及核心变量缺失,,,,,,年度ST区间待核实,,
002385,2015,北京大北农科技集团股份有限公司,大北农,深圳证券交易所,2010-04-09,交易所当前法人主表已覆盖,龙头企业身份核实候选,,,,,0,,,,,,,,,,1,北京大北农科技集团股份有限公司,2014,monitor_pass,https://www.moa.gov.cn/nybgb/2014/shi/201712/P020180104776701107212.pdf,https://www.szse.cn/api/report/index/companyGeneralization?secCode=002385,当前交易所法人全称与官方名单标准化后完全一致,身份关系已核实候选；ST、退市时点及资格缺口仍待处理,待从公司年度证券状态来源核实,入口候选，非最终样本；仍须复核主营业务、涉农收入占比、ST/退市状态及核心变量缺失,,,,,,年度ST区间待核实,,
002390,2015,贵州信邦制药股份有限公司,信邦制药,深圳证券交易所,2010-04-16,交易所当前法人主表已覆盖,龙头企业身份核实候选,,,,,0,,,,,,,,,,1,贵州信邦制药股份有限公司,2014,monitor_pass,https://www.moa.gov.cn/nybgb/2014/shi/201712/P020180104776701107212.pdf,https://www.szse.cn/api/report/index/companyGeneralization?secCode=002390,当前交易所法人全称与官方名单标准化后完全一致,身份关系已核实候选；ST、退市时点及资格缺口仍待处理,待从公司年度证券状态来源核实,入口候选，非最终样本；仍须复核主营业务、涉农收入占比、ST/退市状态及核心变量缺失,,,,,,年度ST区间待核实,,
002424,2015,贵州百灵企业集团制药股份有限公司,ST百灵,深圳证券交易所,2010-06-03,交易所当前法人主表已覆盖,龙头企业身份核实候选,,,,,0,,,,,,,,,,1,贵州百灵企业集团制药股份有限公司,2014,monitor_pass,https://www.moa.gov.cn/nybgb/2014/shi/201712/P020180104776701107212.pdf,https://www.szse.cn/api/report/index/companyGeneralization?secCode=002424,当前交易所法人全称与官方名单标准化后完全一致,身份关系已核实候选；ST、退市时点及资格缺口仍待处理,待从公司年度证券状态来源核实,入口候选，非最终样本；仍须复核主营业务、涉农收入占比、ST/退市状态及核心变量缺失,,,,,,年度ST区间待核实,,
002431,2015,棕榈生态城镇发展股份有限公司,ST棕榈,深圳证券交易所,2010-06-10,交易所当前法人主表已覆盖,龙头企业身份核实候选,,,,,0,,,,,,,,,,1,棕榈园林股份有限公司,2014,monitor_pass,https://www.moa.gov.cn/nybgb/2014/shi/201712/P020180104776701107212.pdf,https://static.cninfo.com.cn/finalpage/2016-04-22/1202217348.PDF,更名公告明确名单名称变更为当前公司名称且证券代码保持002431,身份关系已核实候选；ST、退市时点及资格缺口仍待处理,待从公司年度证券状态来源核实,入口候选，非最终样本；仍须复核主营业务、涉农收入占比、ST/退市状态及核心变量缺失,,,,,,年度ST区间待核实,,
002447,2015,大连壹桥海参股份有限公司,,,,当年法人全称已由历史法定披露核实,行业分类候选,https://static.cninfo.com.cn/finalpage/2015-01-07/1200525437.PDF,更名公告明确名称自2015-01-07生效,2022-06-28,https://www.szse.cn/disclosure/notice/general/t20220627_594302.html,1,壹桥海参,2015Q4,04,渔业,否,中国证监会,《上市公司行业分类指引》（2012年修订）,2015Q4.pdf,候选待年报复核,0,,,,,,,,已由当期行业分类证券简称标记：否,入口候选，非最终样本；仍须复核主营业务、涉农收入占比、ST/退市状态及核心变量缺失,,,,,,年度ST区间待核实,,
002458,2015,山东益生种畜禽股份有限公司,益生股份,深圳证券交易所,2010-08-10,交易所当前法人主表已覆盖,行业分类候选+龙头企业身份核实候选,,,,,1,益生股份,2015Q4,03,畜牧业,否,中国证监会,《上市公司行业分类指引》（2012年修订）,2015Q4.pdf,候选待年报复核,1,山东益生种畜禽股份有限公司,2014,monitor_pass,https://www.moa.gov.cn/nybgb/2014/shi/201712/P020180104776701107212.pdf,https://www.szse.cn/api/report/index/companyGeneralization?secCode=002458,当前交易所法人全称与官方名单标准化后完全一致,身份关系已核实候选；ST、退市时点及资格缺口仍待处理,已由当期行业分类证券简称标记：否,入口候选，非最终样本；仍须复核主营业务、涉农收入占比、ST/退市状态及核心变量缺失,,,,,,年度ST区间待核实,,
002477,2015,雏鹰农牧集团股份有限公司,,,,当年法人全称已由历史法定披露核实,行业分类候选,https://static.cninfo.com.cn/finalpage/2018-04-27/1204806520.PDF,年度报告附注明确同一统一社会信用代码及上市主体,2019-10-22,https://www.szse.cn/disclosure/notice/general/t20191028_571600.html,1,雏鹰农牧,2015Q4,03,畜牧业,否,中国证监会,《上市公司行业分类指引》（2012年修订）,2015Q4.pdf,候选待年报复核,0,,,,,,,,已由当期行业分类证券简称标记：否,入口候选，非最终样本；仍须复核主营业务、涉农收入占比、ST/退市状态及核心变量缺失,,,,,,年度ST区间待核实,,
002505,2015,湖南大康牧业股份有限公司,,,,当年法人全称已由历史法定披露核实,行业分类候选,https://static.cninfo.com.cn/finalpage/2020-05-26/1207857776.PDF,公司章程明确新名称于2016-05-25完成工商变更因而2015年仍使用旧名称,2024-08-30,https://disc.static.szse.cn/disc/disk03/finalpage/2024-08-30/c983a041-2be4-48cc-aa93-a91db8411e06.PDF,1,大康牧业,2015Q4,03,畜牧业,否,中国证监会,《上市公司行业分类指引》（2012年修订）,2015Q4.pdf,候选待年报复核,0,,,,,,,,已由当期行业分类证券简称标记：否,入口候选，非最终样本；仍须复核主营业务、涉农收入占比、ST/退市状态及核心变量缺失,,,,,,年度ST区间待核实,,
002507,2015,重庆市涪陵榨菜集团股份有限公司,涪陵榨菜,深圳证券交易所,2010-11-23,交易所当前法人主表已覆盖,龙头企业身份核实候选,,,,,0,,,,,,,,,,1,重庆市涪陵榨菜集团股份有限公司,2014,monitor_pass,https://www.moa.gov.cn/nybgb/2014/shi/201712/P020180104776701107212.pdf,https://www.szse.cn/api/report/index/companyGeneralization?secCode=002507,当前交易所法人全称与官方名单标准化后完全一致,身份关系已核实候选；ST、退市时点及资格缺口仍待处理,待从公司年度证券状态来源核实,入口候选，非最终样本；仍须复核主营业务、涉农收入占比、ST/退市状态及核心变量缺失,,,,,,年度ST区间待核实,,
002566,2015,吉林省集安益盛药业股份有限公司,益盛药业,深圳证券交易所,2011-03-18,交易所当前法人主表已覆盖,龙头企业身份核实候选,,,,,0,,,,,,,,,,1,吉林省集安益盛药业股份有限公司,2014,monitor_pass,https://www.moa.gov.cn/nybgb/2014/shi/201712/P020180104776701107212.pdf,https://www.szse.cn/api/report/index/companyGeneralization?secCode=002566,当前交易所法人全称与官方名单标准化后完全一致,身份关系已核实候选；ST、退市时点及资格缺口仍待处理,待从公司年度证券状态来源核实,入口候选，非最终样本；仍须复核主营业务、涉农收入占比、ST/退市状态及核心变量缺失,,,,,,年度ST区间待核实,,
002567,2015,唐人神集团股份有限公司,唐人神,深圳证券交易所,2011-03-25,交易所当前法人主表已覆盖,龙头企业身份核实候选,,,,,0,,,,,,,,,,1,唐人神集团股份有限公司,2014,monitor_pass,https://www.moa.gov.cn/nybgb/2014/shi/201712/P020180104776701107212.pdf,https://www.szse.cn/api/report/index/companyGeneralization?secCode=002567,当前交易所法人全称与官方名单标准化后完全一致,身份关系已核实候选；ST、退市时点及资格缺口仍待处理,待从公司年度证券状态来源核实,入口候选，非最终样本；仍须复核主营业务、涉农收入占比、ST/退市状态及核心变量缺失,,,,,,年度ST区间待核实,,
002582,2015,好想你健康食品股份有限公司,好想你,深圳证券交易所,2011-05-20,交易所当前法人主表已覆盖,龙头企业身份核实候选,,,,,0,,,,,,,,,,1,好想你枣业股份有限公司,2014,monitor_pass,https://www.moa.gov.cn/nybgb/2014/shi/201712/P020180104776701107212.pdf,https://static.cninfo.com.cn/finalpage/2018-04-27/1204803986.PDF,年度报告明确公司在报告期内由名单名称变更为当前名称且证券代码为002582,身份关系已核实候选；ST、退市时点及资格缺口仍待处理,待从公司年度证券状态来源核实,入口候选，非最终样本；仍须复核主营业务、涉农收入占比、ST/退市状态及核心变量缺失,,,,,,年度ST区间待核实,,
002650,2015,加加食品集团股份有限公司,ST加加,深圳证券交易所,2012-01-06,交易所当前法人主表已覆盖,龙头企业身份核实候选,,,,,0,,,,,,,,,,1,加加食品集团股份有限公司,2014,monitor_pass,https://www.moa.gov.cn/nybgb/2014/shi/201712/P020180104776701107212.pdf,https://www.szse.cn/api/report/index/companyGeneralization?secCode=002650,当前交易所法人全称与官方名单标准化后完全一致,身份关系已核实候选；ST、退市时点及资格缺口仍待处理,待从公司年度证券状态来源核实,入口候选，非最终样本；仍须复核主营业务、涉农收入占比、ST/退市状态及核心变量缺失,,,,,,年度ST区间待核实,,
002679,2015,福建金森林业股份有限公司,福建金森,深圳证券交易所,2012-06-05,交易所当前法人主表已覆盖,行业分类候选,,,,,1,福建金森,2015Q4,02,林业,否,中国证监会,《上市公司行业分类指引》（2012年修订）,2015Q4.pdf,候选待年报复核,0,,,,,,,,已由当期行业分类证券简称标记：否,入口候选，非最终样本；仍须复核主营业务、涉农收入占比、ST/退市状态及核心变量缺失,,,,,,年度ST区间待核实,,
002688,2015,金河生物科技股份有限公司,金河生物,深圳证券交易所,2012-07-13,交易所当前法人主表已覆盖,龙头企业身份核实候选,,,,,0,,,,,,,,,,1,金河生物科技股份有限公司,2014,monitor_pass,https://www.moa.gov.cn/nybgb/2014/shi/201712/P020180104776701107212.pdf,https://www.szse.cn/api/report/index/companyGeneralization?secCode=002688,当前交易所法人全称与官方名单标准化后完全一致,身份关系已核实候选；ST、退市时点及资格缺口仍待处理,待从公司年度证券状态来源核实,入口候选，非最终样本；仍须复核主营业务、涉农收入占比、ST/退市状态及核心变量缺失,,,,,,年度ST区间待核实,,
002696,2015,百洋产业投资集团股份有限公司,百洋股份,深圳证券交易所,2012-09-05,交易所当前法人主表已覆盖,行业分类候选,,,,,1,百洋股份,2015Q4,04,渔业,否,中国证监会,《上市公司行业分类指引》（2012年修订）,2015Q4.pdf,候选待年报复核,0,,,,,,,,已由当期行业分类证券简称标记：否,入口候选，非最终样本；仍须复核主营业务、涉农收入占比、ST/退市状态及核心变量缺失,,,,,,年度ST区间待核实,,
002702,2015,海欣食品股份有限公司,海欣食品,深圳证券交易所,2012-10-11,交易所当前法人主表已覆盖,龙头企业身份核实候选,,,,,0,,,,,,,,,,1,海欣食品股份有限公司,2014,monitor_pass,https://www.moa.gov.cn/nybgb/2014/shi/201712/P020180104776701107212.pdf,https://www.szse.cn/api/report/index/companyGeneralization?secCode=002702,当前交易所法人全称与官方名单标准化后完全一致,身份关系已核实候选；ST、退市时点及资格缺口仍待处理,待从公司年度证券状态来源核实,入口候选，非最终样本；仍须复核主营业务、涉农收入占比、ST/退市状态及核心变量缺失,,,,,,年度ST区间待核实,,
002714,2015,牧原食品集团股份有限公司,牧原股份,深圳证券交易所,2014-01-28,交易所当前法人主表已覆盖,行业分类候选+龙头企业身份核实候选,,,,,1,牧原股份,2015Q4,03,畜牧业,否,中国证监会,《上市公司行业分类指引》（2012年修订）,2015Q4.pdf,候选待年报复核,1,牧原食品股份有限公司,2014,monitor_pass,https://www.moa.gov.cn/nybgb/2014/shi/201712/P020180104776701107212.pdf,https://static.cninfo.com.cn/finalpage/2026-02-26/1224984472.PDF,上市公司更名公告明确法律主体不变；交易所当前全称已更新,身份关系已核实候选；ST、退市时点及资格缺口仍待处理,已由当期行业分类证券简称标记：否,入口候选，非最终样本；仍须复核主营业务、涉农收入占比、ST/退市状态及核心变量缺失,,,,,,年度ST区间待核实,,
002732,2015,广东燕塘乳业股份有限公司,燕塘乳业,深圳证券交易所,2014-12-05,交易所当前法人主表已覆盖,龙头企业身份核实候选,,,,,0,,,,,,,,,,1,广东燕塘乳业股份有限公司,2014,monitor_pass,https://www.moa.gov.cn/nybgb/2014/shi/201712/P020180104776701107212.pdf,https://www.szse.cn/api/report/index/companyGeneralization?secCode=002732,当前交易所法人全称与官方名单标准化后完全一致,身份关系已核实候选；ST、退市时点及资格缺口仍待处理,待从公司年度证券状态来源核实,入口候选，非最终样本；仍须复核主营业务、涉农收入占比、ST/退市状态及核心变量缺失,,,,,,年度ST区间待核实,,
002746,2015,山东仙坛集团股份有限公司,仙坛股份,深圳证券交易所,2015-02-16,交易所当前法人主表已覆盖,行业分类候选+龙头企业身份核实候选,,,,,1,仙坛股份,2015Q4,03,畜牧业,否,中国证监会,《上市公司行业分类指引》（2012年修订）,2015Q4.pdf,候选待年报复核,1,山东仙坛股份有限公司,2014,monitor_pass,https://www.moa.gov.cn/nybgb/2014/shi/201712/P020180104776701107212.pdf,https://static.cninfo.com.cn/finalpage/2025-11-18/1224808717.PDF,上市公司公告列明由旧全称变更为当前全称且证券代码保持不变,身份关系已核实候选；ST、退市时点及资格缺口仍待处理,已由当期行业分类证券简称标记：否,入口候选，非最终样本；仍须复核主营业务、涉农收入占比、ST/退市状态及核心变量缺失,,,,,,年度ST区间待核实,,
002772,2015,天水众兴菌业科技股份有限公司,众兴菌业,深圳证券交易所,2015-06-26,交易所当前法人主表已覆盖,龙头企业身份核实候选,,,,,0,,,,,,,,,,1,天水众兴菌业科技股份有限公司,2014,monitor_pass,https://www.moa.gov.cn/nybgb/2014/shi/201712/P020180104776701107212.pdf,https://www.szse.cn/api/report/index/companyGeneralization?secCode=002772,当前交易所法人全称与官方名单标准化后完全一致,身份关系已核实候选；ST、退市时点及资格缺口仍待处理,待从公司年度证券状态来源核实,入口候选，非最终样本；仍须复核主营业务、涉农收入占比、ST/退市状态及核心变量缺失,,,,,,年度ST区间待核实,,
300087,2015,安徽荃银高科种业股份有限公司,ST荃银,深圳证券交易所,2010-05-26,交易所当前法人主表已覆盖,行业分类候选,,,,,1,荃银高科,2015Q4,01,农业,否,中国证监会,《上市公司行业分类指引》（2012年修订）,2015Q4.pdf,候选待年报复核,0,,,,,,,,已由当期行业分类证券简称标记：否,入口候选，非最终样本；仍须复核主营业务、涉农收入占比、ST/退市状态及核心变量缺失,,,,,,年度ST区间待核实,,
300094,2015,湛江国联水产开发股份有限公司,国联水产,深圳证券交易所,2010-07-08,交易所当前法人主表已覆盖,行业分类候选+龙头企业身份核实候选,,,,,1,国联水产,2015Q4,04,渔业,否,中国证监会,《上市公司行业分类指引》（2012年修订）,2015Q4.pdf,候选待年报复核,1,湛江国联水产开发股份有限公司,2014,monitor_pass,https://www.moa.gov.cn/nybgb/2014/shi/201712/P020180104776701107212.pdf,https://www.szse.cn/api/report/index/companyGeneralization?secCode=300094,当前交易所法人全称与官方名单标准化后完全一致,身份关系已核实候选；ST、退市时点及资格缺口仍待处理,已由当期行业分类证券简称标记：否,入口候选，非最终样本；仍须复核主营业务、涉农收入占比、ST/退市状态及核心变量缺失,,,,,,年度ST区间待核实,,
300106,2015,新疆西部牧业股份有限公司,西部牧业,深圳证券交易所,2010-08-20,交易所当前法人主表已覆盖,行业分类候选+龙头企业身份核实候选,,,,,1,西部牧业,2015Q4,03,畜牧业,否,中国证监会,《上市公司行业分类指引》（2012年修订）,2015Q4.pdf,候选待年报复核,1,新疆西部牧业股份有限公司,2014,monitor_pass,https://www.moa.gov.cn/nybgb/2014/shi/201712/P020180104776701107212.pdf,https://www.szse.cn/api/report/index/companyGeneralization?secCode=300106,当前交易所法人全称与官方名单标准化后完全一致,身份关系已核实候选；ST、退市时点及资格缺口仍待处理,已由当期行业分类证券简称标记：否,入口候选，非最终样本；仍须复核主营业务、涉农收入占比、ST/退市状态及核心变量缺失,,,,,,年度ST区间待核实,,
300138,2015,晨光生物科技集团股份有限公司,晨光生物,深圳证券交易所,2010-11-05,交易所当前法人主表已覆盖,龙头企业身份核实候选,,,,,0,,,,,,,,,,1,晨光生物科技集团股份有限公司,2014,monitor_pass,https://www.moa.gov.cn/nybgb/2014/shi/201712/P020180104776701107212.pdf,https://www.szse.cn/api/report/index/companyGeneralization?secCode=300138,当前交易所法人全称与官方名单标准化后完全一致,身份关系已核实候选；ST、退市时点及资格缺口仍待处理,待从公司年度证券状态来源核实,入口候选，非最终样本；仍须复核主营业务、涉农收入占比、ST/退市状态及核心变量缺失,,,,,,年度ST区间待核实,,
300143,2015,盈康生命科技股份有限公司,盈康生命,深圳证券交易所,2010-12-09,交易所当前法人主表已覆盖,行业分类候选,,,,,1,星河生物,2015Q4,01,农业,否,中国证监会,《上市公司行业分类指引》（2012年修订）,2015Q4.pdf,候选待年报复核,0,,,,,,,,已由当期行业分类证券简称标记：否,入口候选，非最终样本；仍须复核主营业务、涉农收入占比、ST/退市状态及核心变量缺失,,,,,,年度ST区间待核实,,
300189,2015,海南神农种业科技股份有限公司,神农种业,深圳证券交易所,2011-03-16,交易所当前法人主表已覆盖,行业分类候选+龙头企业身份核实候选,,,,,1,神农大丰,2015Q4,01,农业,否,中国证监会,《上市公司行业分类指引》（2012年修订）,2015Q4.pdf,候选待年报复核,1,海南神农大丰种业科技股份有限公司,2014,monitor_pass,https://www.moa.gov.cn/nybgb/2014/shi/201712/P020180104776701107212.pdf,https://static.cninfo.com.cn/finalpage/2025-04-26/1223326682.PDF,2024年年度报告明确名单名称为当前上市公司的原名,身份关系已核实候选；ST、退市时点及资格缺口仍待处理,已由当期行业分类证券简称标记：否,入口候选，非最终样本；仍须复核主营业务、涉农收入占比、ST/退市状态及核心变量缺失,,,,,,年度ST区间待核实,,
300313,2015,新疆天山畜牧生物工程股份有限公司,天山生物,深圳证券交易所,2012-04-25,交易所当前法人主表已覆盖,行业分类候选,,,,,1,天山生物,2015Q4,03,畜牧业,否,中国证监会,《上市公司行业分类指引》（2012年修订）,2015Q4.pdf,候选待年报复核,0,,,,,,,,已由当期行业分类证券简称标记：否,入口候选，非最终样本；仍须复核主营业务、涉农收入占比、ST/退市状态及核心变量缺失,,,,,,年度ST区间待核实,,
300498,2015,温氏食品集团股份有限公司,温氏股份,深圳证券交易所,2015-11-02,交易所当前法人主表已覆盖,行业分类候选+龙头企业身份核实候选,,,,,1,温氏股份,2015Q4,03,畜牧业,否,中国证监会,《上市公司行业分类指引》（2012年修订）,2015Q4.pdf,候选待年报复核,1,广东温氏食品集团股份有限公司,2014,monitor_pass,https://www.moa.gov.cn/nybgb/2014/shi/201712/P020180104776701107212.pdf,https://static.cninfo.com.cn/finalpage/2018-08-16/1205296769.PDF,上市公司完成公司名称工商登记变更公告,身份关系已核实候选；ST、退市时点及资格缺口仍待处理,已由当期行业分类证券简称标记：否,入口候选，非最终样本；仍须复核主营业务、涉农收入占比、ST/退市状态及核心变量缺失,,,,,,年度ST区间待核实,,
600097,2015,上海开创国际海洋资源股份有限公司,开创国际,上海证券交易所,19970619,交易所当前法人主表已覆盖,行业分类候选,,,,,1,开创国际,2015Q4,04,渔业,否,中国证监会,《上市公司行业分类指引》（2012年修订）,2015Q4.pdf,候选待年报复核,0,,,,,,,,已由当期行业分类证券简称标记：否,入口候选，非最终样本；仍须复核主营业务、涉农收入占比、ST/退市状态及核心变量缺失,,,,,,年度ST区间待核实,,
600108,2015,甘肃亚盛实业(集团)股份有限公司,亚盛集团,上海证券交易所,19970818,交易所当前法人主表已覆盖,行业分类候选+龙头企业身份核实候选,,,,,1,亚盛集团,2015Q4,01,农业,否,中国证监会,《上市公司行业分类指引》（2012年修订）,2015Q4.pdf,候选待年报复核,1,甘肃亚盛实业（集团）股份有限公司,2014,monitor_pass,https://www.moa.gov.cn/nybgb/2014/shi/201712/P020180104776701107212.pdf,https://query.sse.com.cn/commonQuery.do?sqlId=COMMON_SSE_CP_GPJCTPZ_GPLB_GP_L,当前交易所法人全称与官方名单标准化后完全一致,身份关系已核实候选；ST、退市时点及资格缺口仍待处理,已由当期行业分类证券简称标记：否,入口候选，非最终样本；仍须复核主营业务、涉农收入占比、ST/退市状态及核心变量缺失,,,,,,年度ST区间待核实,,
600127,2015,金健米业股份有限公司,金健米业,上海证券交易所,19980506,交易所当前法人主表已覆盖,龙头企业身份核实候选,,,,,0,,,,,,,,,,1,金健米业股份有限公司,2014,monitor_pass,https://www.moa.gov.cn/nybgb/2014/shi/201712/P020180104776701107212.pdf,https://query.sse.com.cn/commonQuery.do?sqlId=COMMON_SSE_CP_GPJCTPZ_GPLB_GP_L,当前交易所法人全称与官方名单标准化后完全一致,身份关系已核实候选；ST、退市时点及资格缺口仍待处理,待从公司年度证券状态来源核实,入口候选，非最终样本；仍须复核主营业务、涉农收入占比、ST/退市状态及核心变量缺失,,,,,,年度ST区间待核实,,
600195,2015,中牧实业股份有限公司,中牧股份,上海证券交易所,19990107,交易所当前法人主表已覆盖,龙头企业身份核实候选,,,,,0,,,,,,,,,,1,中牧实业股份有限公司,2014,monitor_pass,https://www.moa.gov.cn/nybgb/2014/shi/201712/P020180104776701107212.pdf,https://query.sse.com.cn/commonQuery.do?sqlId=COMMON_SSE_CP_GPJCTPZ_GPLB_GP_L,当前交易所法人全称与官方名单标准化后完全一致,身份关系已核实候选；ST、退市时点及资格缺口仍待处理,待从公司年度证券状态来源核实,入口候选，非最终样本；仍须复核主营业务、涉农收入占比、ST/退市状态及核心变量缺失,,,,,,年度ST区间待核实,,
600211,2015,西藏诺迪康药业股份有限公司,西藏药业,上海证券交易所,19990721,交易所当前法人主表已覆盖,龙头企业身份核实候选,,,,,0,,,,,,,,,,1,西藏诺迪康药业股份有限公司,2014,monitor_pass,https://www.moa.gov.cn/nybgb/2014/shi/201712/P020180104776701107212.pdf,https://query.sse.com.cn/commonQuery.do?sqlId=COMMON_SSE_CP_GPJCTPZ_GPLB_GP_L,当前交易所法人全称与官方名单标准化后完全一致,身份关系已核实候选；ST、退市时点及资格缺口仍待处理,待从公司年度证券状态来源核实,入口候选，非最终样本；仍须复核主营业务、涉农收入占比、ST/退市状态及核心变量缺失,,,,,,年度ST区间待核实,,
600251,2015,新疆冠农股份有限公司,冠农股份,上海证券交易所,20030609,交易所当前法人主表已覆盖,龙头企业身份核实候选,,,,,0,,,,,,,,,,1,新疆冠农果茸集团股份有限公司,2014,monitor_pass,https://www.moa.gov.cn/nybgb/2014/shi/201712/P020180104776701107212.pdf,https://static.cninfo.com.cn/finalpage/2018-10-27/1205543355.PDF | https://static.cninfo.com.cn/finalpage/2023-02-10/1215815769.PDF,2018年股东大会资料明确集团名称变更为新疆冠农果茸股份有限公司并由2023年工商公告继续变更为当前名称,身份关系已核实候选；ST、退市时点及资格缺口仍待处理,待从公司年度证券状态来源核实,入口候选，非最终样本；仍须复核主营业务、涉农收入占比、ST/退市状态及核心变量缺失,,,,,,年度ST区间待核实,,
600257,2015,大湖健康产业股份有限公司,大湖股份,上海证券交易所,20000612,交易所当前法人主表已覆盖,行业分类候选,,,,,1,大湖股份,2015Q4,04,渔业,否,中国证监会,《上市公司行业分类指引》（2012年修订）,2015Q4.pdf,候选待年报复核,0,,,,,,,,已由当期行业分类证券简称标记：否,入口候选，非最终样本；仍须复核主营业务、涉农收入占比、ST/退市状态及核心变量缺失,,,,,,年度ST区间待核实,,
600265,2015,云南景谷林业股份有限公司,*ST景谷,上海证券交易所,20000825,交易所当前法人主表已覆盖,行业分类候选,,,,,1,ST景谷,2015Q4,02,林业,是,中国证监会,《上市公司行业分类指引》（2012年修订）,2015Q4.pdf,候选待年报复核,0,,,,,,,,已由当期行业分类证券简称标记：是,入口候选，非最终样本；仍须复核主营业务、涉农收入占比、ST/退市状态及核心变量缺失,是,是,https://static.cninfo.com.cn/finalpage/2013-05-02/62447733.PDF,,样本期左截断_终点待闭合,已由法定公告核实本年存在ST风险警示,,
600295,2015,内蒙古鄂尔多斯资源股份有限公司,鄂尔多斯,上海证券交易所,20010426,交易所当前法人主表已覆盖,龙头企业身份核实候选,,,,,0,,,,,,,,,,1,内蒙古鄂尔多斯资源股份有限公司,2014,monitor_pass,https://www.moa.gov.cn/nybgb/2014/shi/201712/P020180104776701107212.pdf,https://query.sse.com.cn/commonQuery.do?sqlId=COMMON_SSE_CP_GPJCTPZ_GPLB_GP_L,当前交易所法人全称与官方名单标准化后完全一致,身份关系已核实候选；ST、退市时点及资格缺口仍待处理,待从公司年度证券状态来源核实,入口候选，非最终样本；仍须复核主营业务、涉农收入占比、ST/退市状态及核心变量缺失,,,,,,年度ST区间待核实,,
600300,2015,维维食品饮料股份有限公司,维维股份,上海证券交易所,20000630,交易所当前法人主表已覆盖,龙头企业身份核实候选,,,,,0,,,,,,,,,,1,维维食品饮料股份有限公司,2014,monitor_pass,https://www.moa.gov.cn/nybgb/2014/shi/201712/P020180104776701107212.pdf,https://query.sse.com.cn/commonQuery.do?sqlId=COMMON_SSE_CP_GPJCTPZ_GPLB_GP_L,当前交易所法人全称与官方名单标准化后完全一致,身份关系已核实候选；ST、退市时点及资格缺口仍待处理,待从公司年度证券状态来源核实,入口候选，非最终样本；仍须复核主营业务、涉农收入占比、ST/退市状态及核心变量缺失,,,,,,年度ST区间待核实,,
600305,2015,江苏恒顺醋业股份有限公司,恒顺醋业,上海证券交易所,20010206,交易所当前法人主表已覆盖,龙头企业身份核实候选,,,,,0,,,,,,,,,,1,江苏恒顺醋业股份有限公司,2014,monitor_pass,https://www.moa.gov.cn/nybgb/2014/shi/201712/P020180104776701107212.pdf,https://query.sse.com.cn/commonQuery.do?sqlId=COMMON_SSE_CP_GPJCTPZ_GPLB_GP_L,当前交易所法人全称与官方名单标准化后完全一致,身份关系已核实候选；ST、退市时点及资格缺口仍待处理,待从公司年度证券状态来源核实,入口候选，非最终样本；仍须复核主营业务、涉农收入占比、ST/退市状态及核心变量缺失,,,,,,年度ST区间待核实,,
600313,2015,中农发种业集团股份有限公司,农发种业,上海证券交易所,20010119,交易所当前法人主表已覆盖,行业分类候选,,,,,1,农发种业,2015Q4,01,农业,否,中国证监会,《上市公司行业分类指引》（2012年修订）,2015Q4.pdf,候选待年报复核,0,,,,,,,,已由当期行业分类证券简称标记：否,入口候选，非最终样本；仍须复核主营业务、涉农收入占比、ST/退市状态及核心变量缺失,,,,,,年度ST区间待核实,,
600354,2015,甘肃省敦煌种业集团股份有限公司,敦煌种业,上海证券交易所,20040115,交易所当前法人主表已覆盖,行业分类候选+龙头企业身份核实候选,,,,,1,敦煌种业,2015Q4,01,农业,否,中国证监会,《上市公司行业分类指引》（2012年修订）,2015Q4.pdf,候选待年报复核,1,甘肃省敦煌种业股份有限公司,2014,monitor_pass,https://www.moa.gov.cn/nybgb/2014/shi/201712/P020180104776701107212.pdf,https://static.cninfo.com.cn/finalpage/2025-03-22/1222871589.PDF,年度报告说明当前公司由旧全称获批设立并持续使用同一统一社会信用代码,身份关系已核实候选；ST、退市时点及资格缺口仍待处理,已由当期行业分类证券简称标记：否,入口候选，非最终样本；仍须复核主营业务、涉农收入占比、ST/退市状态及核心变量缺失,,,,,,年度ST区间待核实,,
600359,2015,新疆塔里木农业综合开发股份有限公司,新农开发,上海证券交易所,19990429,交易所当前法人主表已覆盖,行业分类候选,,,,,1,新农开发,2015Q4,01,农业,否,中国证监会,《上市公司行业分类指引》（2012年修订）,2015Q4.pdf,候选待年报复核,0,,,,,,,,已由当期行业分类证券简称标记：否,入口候选，非最终样本；仍须复核主营业务、涉农收入占比、ST/退市状态及核心变量缺失,,,,,,年度ST区间待核实,,
600371,2015,万向德农股份有限公司,万向德农,上海证券交易所,20020916,交易所当前法人主表已覆盖,行业分类候选,,,,,1,万向德农,2015Q4,01,农业,否,中国证监会,《上市公司行业分类指引》（2012年修订）,2015Q4.pdf,候选待年报复核,0,,,,,,,,已由当期行业分类证券简称标记：否,入口候选，非最终样本；仍须复核主营业务、涉农收入占比、ST/退市状态及核心变量缺失,,,,,,年度ST区间待核实,,
600429,2015,北京三元食品股份有限公司,三元股份,上海证券交易所,20030915,交易所当前法人主表已覆盖,龙头企业身份核实候选,,,,,0,,,,,,,,,,1,北京三元食品股份有限公司,2014,monitor_pass,https://www.moa.gov.cn/nybgb/2014/shi/201712/P020180104776701107212.pdf,https://query.sse.com.cn/commonQuery.do?sqlId=COMMON_SSE_CP_GPJCTPZ_GPLB_GP_L,当前交易所法人全称与官方名单标准化后完全一致,身份关系已核实候选；ST、退市时点及资格缺口仍待处理,待从公司年度证券状态来源核实,入口候选，非最终样本；仍须复核主营业务、涉农收入占比、ST/退市状态及核心变量缺失,,,,,,年度ST区间待核实,,
600438,2015,通威股份有限公司,通威股份,上海证券交易所,20040302,交易所当前法人主表已覆盖,龙头企业身份核实候选,,,,,0,,,,,,,,,,1,通威股份有限公司,2014,monitor_pass,https://www.moa.gov.cn/nybgb/2014/shi/201712/P020180104776701107212.pdf,https://query.sse.com.cn/commonQuery.do?sqlId=COMMON_SSE_CP_GPJCTPZ_GPLB_GP_L,当前交易所法人全称与官方名单标准化后完全一致,身份关系已核实候选；ST、退市时点及资格缺口仍待处理,待从公司年度证券状态来源核实,入口候选，非最终样本；仍须复核主营业务、涉农收入占比、ST/退市状态及核心变量缺失,,,,,,年度ST区间待核实,,
600467,2015,山东好当家海洋发展股份有限公司,好当家,上海证券交易所,20040405,交易所当前法人主表已覆盖,行业分类候选+龙头企业身份核实候选,,,,,1,好当家,2015Q4,04,渔业,否,中国证监会,《上市公司行业分类指引》（2012年修订）,2015Q4.pdf,候选待年报复核,1,山东好当家海洋发展股份有限公司,2014,monitor_pass,https://www.moa.gov.cn/nybgb/2014/shi/201712/P020180104776701107212.pdf,https://query.sse.com.cn/commonQuery.do?sqlId=COMMON_SSE_CP_GPJCTPZ_GPLB_GP_L,当前交易所法人全称与官方名单标准化后完全一致,身份关系已核实候选；ST、退市时点及资格缺口仍待处理,已由当期行业分类证券简称标记：否,入口候选，非最终样本；仍须复核主营业务、涉农收入占比、ST/退市状态及核心变量缺失,,,,,,年度ST区间待核实,,
600506,2015,统一低碳科技(新疆)股份有限公司,统一股份,上海证券交易所,20011226,交易所当前法人主表已覆盖,行业分类候选,,,,,1,香梨股份,2015Q4,01,农业,否,中国证监会,《上市公司行业分类指引》（2012年修订）,2015Q4.pdf,候选待年报复核,0,,,,,,,,已由当期行业分类证券简称标记：否,入口候选，非最终样本；仍须复核主营业务、涉农收入占比、ST/退市状态及核心变量缺失,,,,,,年度ST区间待核实,,
600540,2015,新疆赛里木现代农业股份有限公司,新赛股份,上海证券交易所,20040107,交易所当前法人主表已覆盖,行业分类候选,,,,,1,新赛股份,2015Q4,01,农业,否,中国证监会,《上市公司行业分类指引》（2012年修订）,2015Q4.pdf,候选待年报复核,0,,,,,,,,已由当期行业分类证券简称标记：否,入口候选，非最终样本；仍须复核主营业务、涉农收入占比、ST/退市状态及核心变量缺失,,,,,,年度ST区间待核实,,
600543,2015,甘肃莫高实业发展股份有限公司,*ST莫高,上海证券交易所,20040324,交易所当前法人主表已覆盖,龙头企业身份核实候选,,,,,0,,,,,,,,,,1,甘肃莫高实业发展股份有限公司,2014,monitor_pass,https://www.moa.gov.cn/nybgb/2014/shi/201712/P020180104776701107212.pdf,https://query.sse.com.cn/commonQuery.do?sqlId=COMMON_SSE_CP_GPJCTPZ_GPLB_GP_L,当前交易所法人全称与官方名单标准化后完全一致,身份关系已核实候选；ST、退市时点及资格缺口仍待处理,待从公司年度证券状态来源核实,入口候选，非最终样本；仍须复核主营业务、涉农收入占比、ST/退市状态及核心变量缺失,,,,,,年度ST区间待核实,,
600597,2015,光明乳业股份有限公司,光明乳业,上海证券交易所,20020828,交易所当前法人主表已覆盖,龙头企业身份核实候选,,,,,0,,,,,,,,,,1,光明乳业股份有限公司,2014,monitor_pass,https://www.moa.gov.cn/nybgb/2014/shi/201712/P020180104776701107212.pdf,https://query.sse.com.cn/commonQuery.do?sqlId=COMMON_SSE_CP_GPJCTPZ_GPLB_GP_L,当前交易所法人全称与官方名单标准化后完全一致,身份关系已核实候选；ST、退市时点及资格缺口仍待处理,待从公司年度证券状态来源核实,入口候选，非最终样本；仍须复核主营业务、涉农收入占比、ST/退市状态及核心变量缺失,,,,,,年度ST区间待核实,,
600598,2015,黑龙江北大荒农业股份有限公司,北大荒,上海证券交易所,20020329,交易所当前法人主表已覆盖,行业分类候选,,,,,1,北大荒,2015Q4,01,农业,否,中国证监会,《上市公司行业分类指引》（2012年修订）,2015Q4.pdf,候选待年报复核,0,,,,,,,,已由当期行业分类证券简称标记：否,入口候选，非最终样本；仍须复核主营业务、涉农收入占比、ST/退市状态及核心变量缺失,是,否,https://static.cninfo.com.cn/finalpage/2014-03-27/63733624.PDF,https://static.cninfo.com.cn/finalpage/2015-04-02/1200779981.PDF,区间已闭合,已由法定公告核实本年存在ST风险警示,,
600873,2015,梅花生物科技集团股份有限公司,梅花生物,上海证券交易所,19950217,交易所当前法人主表已覆盖,龙头企业身份核实候选,,,,,0,,,,,,,,,,1,梅花生物科技集团股份有限公司,2014,monitor_pass,https://www.moa.gov.cn/nybgb/2014/shi/201712/P020180104776701107212.pdf,https://query.sse.com.cn/commonQuery.do?sqlId=COMMON_SSE_CP_GPJCTPZ_GPLB_GP_L,当前交易所法人全称与官方名单标准化后完全一致,身份关系已核实候选；ST、退市时点及资格缺口仍待处理,待从公司年度证券状态来源核实,入口候选，非最终样本；仍须复核主营业务、涉农收入占比、ST/退市状态及核心变量缺失,,,,,,年度ST区间待核实,,
600887,2015,内蒙古伊利实业集团股份有限公司,伊利股份,上海证券交易所,19960312,交易所当前法人主表已覆盖,龙头企业身份核实候选,,,,,0,,,,,,,,,,1,内蒙古伊利实业集团股份有限公司,2014,monitor_pass,https://www.moa.gov.cn/nybgb/2014/shi/201712/P020180104776701107212.pdf,https://query.sse.com.cn/commonQuery.do?sqlId=COMMON_SSE_CP_GPJCTPZ_GPLB_GP_L,当前交易所法人全称与官方名单标准化后完全一致,身份关系已核实候选；ST、退市时点及资格缺口仍待处理,待从公司年度证券状态来源核实,入口候选，非最终样本；仍须复核主营业务、涉农收入占比、ST/退市状态及核心变量缺失,,,,,,年度ST区间待核实,,
600962,2015,国投中鲁果汁股份有限公司,国投中鲁,上海证券交易所,20040622,交易所当前法人主表已覆盖,龙头企业身份核实候选,,,,,0,,,,,,,,,,1,国投中鲁果汁股份有限公司,2014,monitor_pass,https://www.moa.gov.cn/nybgb/2014/shi/201712/P020180104776701107212.pdf,https://query.sse.com.cn/commonQuery.do?sqlId=COMMON_SSE_CP_GPJCTPZ_GPLB_GP_L,当前交易所法人全称与官方名单标准化后完全一致,身份关系已核实候选；ST、退市时点及资格缺口仍待处理,待从公司年度证券状态来源核实,入口候选，非最终样本；仍须复核主营业务、涉农收入占比、ST/退市状态及核心变量缺失,是,是,https://static.cninfo.com.cn/finalpage/2015-04-29/1200935322.PDF,https://static.cninfo.com.cn/finalpage/2016-04-06/1202140134.PDF,区间已闭合,已由法定公告核实本年存在ST风险警示,,
600965,2015,河北福成五丰食品股份有限公司,*ST福成,上海证券交易所,20040713,交易所当前法人主表已覆盖,行业分类候选+龙头企业身份核实候选,,,,,1,福成五丰,2015Q4,03,畜牧业,否,中国证监会,《上市公司行业分类指引》（2012年修订）,2015Q4.pdf,候选待年报复核,1,河北福成五丰食品股份有限公司,2014,monitor_pass,https://www.moa.gov.cn/nybgb/2014/shi/201712/P020180104776701107212.pdf,https://query.sse.com.cn/commonQuery.do?sqlId=COMMON_SSE_CP_GPJCTPZ_GPLB_GP_L,当前交易所法人全称与官方名单标准化后完全一致,身份关系已核实候选；ST、退市时点及资格缺口仍待处理,已由当期行业分类证券简称标记：否,入口候选，非最终样本；仍须复核主营业务、涉农收入占比、ST/退市状态及核心变量缺失,,,,,,年度ST区间待核实,,
600975,2015,湖南新五丰股份有限公司,新五丰,上海证券交易所,20040609,交易所当前法人主表已覆盖,行业分类候选+龙头企业身份核实候选,,,,,1,新五丰,2015Q4,03,畜牧业,否,中国证监会,《上市公司行业分类指引》（2012年修订）,2015Q4.pdf,候选待年报复核,1,湖南新五丰股份有限公司,2014,monitor_pass,https://www.moa.gov.cn/nybgb/2014/shi/201712/P020180104776701107212.pdf,https://query.sse.com.cn/commonQuery.do?sqlId=COMMON_SSE_CP_GPJCTPZ_GPLB_GP_L,当前交易所法人全称与官方名单标准化后完全一致,身份关系已核实候选；ST、退市时点及资格缺口仍待处理,已由当期行业分类证券简称标记：否,入口候选，非最终样本；仍须复核主营业务、涉农收入占比、ST/退市状态及核心变量缺失,,,,,,年度ST区间待核实,,
601118,2015,海南天然橡胶产业集团股份有限公司,海南橡胶,上海证券交易所,20110107,交易所当前法人主表已覆盖,行业分类候选+龙头企业身份核实候选,,,,,1,海南橡胶,2015Q4,01,农业,否,中国证监会,《上市公司行业分类指引》（2012年修订）,2015Q4.pdf,候选待年报复核,1,海南天然橡胶产业集团股份有限公司,2014,monitor_pass,https://www.moa.gov.cn/nybgb/2014/shi/201712/P020180104776701107212.pdf,https://query.sse.com.cn/commonQuery.do?sqlId=COMMON_SSE_CP_GPJCTPZ_GPLB_GP_L,当前交易所法人全称与官方名单标准化后完全一致,身份关系已核实候选；ST、退市时点及资格缺口仍待处理,已由当期行业分类证券简称标记：否,入口候选，非最终样本；仍须复核主营业务、涉农收入占比、ST/退市状态及核心变量缺失,,,,,,年度ST区间待核实,,
601933,2015,永辉超市股份有限公司,永辉超市,上海证券交易所,20101215,交易所当前法人主表已覆盖,龙头企业身份核实候选,,,,,0,,,,,,,,,,1,永辉超市股份有限公司,2014,monitor_pass,https://www.moa.gov.cn/nybgb/2014/shi/201712/P020180104776701107212.pdf,https://query.sse.com.cn/commonQuery.do?sqlId=COMMON_SSE_CP_GPJCTPZ_GPLB_GP_L,当前交易所法人全称与官方名单标准化后完全一致,身份关系已核实候选；ST、退市时点及资格缺口仍待处理,待从公司年度证券状态来源核实,入口候选，非最终样本；仍须复核主营业务、涉农收入占比、ST/退市状态及核心变量缺失,,,,,,年度ST区间待核实,,
601996,2015,广西丰林木业集团股份有限公司,丰林集团,上海证券交易所,20110929,交易所当前法人主表已覆盖,龙头企业身份核实候选,,,,,0,,,,,,,,,,1,广西丰林木业集团股份有限公司,2014,monitor_pass,https://www.moa.gov.cn/nybgb/2014/shi/201712/P020180104776701107212.pdf,https://query.sse.com.cn/commonQuery.do?sqlId=COMMON_SSE_CP_GPJCTPZ_GPLB_GP_L,当前交易所法人全称与官方名单标准化后完全一致,身份关系已核实候选；ST、退市时点及资格缺口仍待处理,待从公司年度证券状态来源核实,入口候选，非最终样本；仍须复核主营业务、涉农收入占比、ST/退市状态及核心变量缺失,,,,,,年度ST区间待核实,,
000592,2016,中福海峡（平潭）发展股份有限公司,平潭发展,深圳证券交易所,1996-03-27,交易所当前法人主表已覆盖,行业分类候选,,,,,1,平潭发展,2016Q4,02,林业,否,中国证监会,《上市公司行业分类指引》（2012年修订）,2016Q4.pdf,候选待年报复核,0,,,,,,,,已由当期行业分类证券简称标记：否,入口候选，非最终样本；仍须复核主营业务、涉农收入占比、ST/退市状态及核心变量缺失,,,,,,年度ST区间待核实,,
000711,2016,铟靶新材（哈尔滨）股份有限公司,ST京蓝,深圳证券交易所,1997-04-11,交易所当前法人主表已覆盖,行业分类候选,,,,,1,京蓝科技,2016Q4,05,农林牧渔服务业,否,中国证监会,《上市公司行业分类指引》（2012年修订）,2016Q4.pdf,候选待年报复核,0,,,,,,,,已由当期行业分类证券简称标记：否,入口候选，非最终样本；仍须复核主营业务、涉农收入占比、ST/退市状态及核心变量缺失,是,否,https://static.cninfo.com.cn/finalpage/2015-03-10/1200684219.PDF,https://static.cninfo.com.cn/finalpage/2016-02-15/1201974187.PDF,区间已闭合,已由法定公告核实本年存在ST风险警示,,
000713,2016,国投丰乐种业股份有限公司,国投丰乐,深圳证券交易所,1997-04-22,交易所当前法人主表已覆盖,行业分类候选,,,,,1,丰乐种业,2016Q4,05,农林牧渔服务业,否,中国证监会,《上市公司行业分类指引》（2012年修订）,2016Q4.pdf,候选待年报复核,0,,,,,,,,已由当期行业分类证券简称标记：否,入口候选，非最终样本；仍须复核主营业务、涉农收入占比、ST/退市状态及核心变量缺失,,,,,,年度ST区间待核实,,
000735,2016,罗牛山股份有限公司,罗 牛 山,深圳证券交易所,1997-06-11,交易所当前法人主表已覆盖,行业分类候选,,,,,1,罗牛山,2016Q4,03,畜牧业,否,中国证监会,《上市公司行业分类指引》（2012年修订）,2016Q4.pdf,候选待年报复核,0,,,,,,,,已由当期行业分类证券简称标记：否,入口候选，非最终样本；仍须复核主营业务、涉农收入占比、ST/退市状态及核心变量缺失,,,,,,年度ST区间待核实,,
000798,2016,中水集团远洋股份有限公司,中水渔业,深圳证券交易所,1998-02-12,交易所当前法人主表已覆盖,行业分类候选,,,,,1,中水渔业,2016Q4,04,渔业,否,中国证监会,《上市公司行业分类指引》（2012年修订）,2016Q4.pdf,候选待年报复核,0,,,,,,,,已由当期行业分类证券简称标记：否,入口候选，非最终样本；仍须复核主营业务、涉农收入占比、ST/退市状态及核心变量缺失,,,,,,年度ST区间待核实,,
000998,2016,袁隆平农业高科技股份有限公司,隆平高科,深圳证券交易所,2000-12-11,交易所当前法人主表已覆盖,行业分类候选,,,,,1,隆平高科,2016Q4,01,农业,否,中国证监会,《上市公司行业分类指引》（2012年修订）,2016Q4.pdf,候选待年报复核,0,,,,,,,,已由当期行业分类证券简称标记：否,入口候选，非最终样本；仍须复核主营业务、涉农收入占比、ST/退市状态及核心变量缺失,,,,,,年度ST区间待核实,,
002041,2016,山东登海种业股份有限公司,登海种业,深圳证券交易所,2005-04-18,交易所当前法人主表已覆盖,行业分类候选,,,,,1,登海种业,2016Q4,01,农业,否,中国证监会,《上市公司行业分类指引》（2012年修订）,2016Q4.pdf,候选待年报复核,0,,,,,,,,已由当期行业分类证券简称标记：否,入口候选，非最终样本；仍须复核主营业务、涉农收入占比、ST/退市状态及核心变量缺失,,,,,,年度ST区间待核实,,
002069,2016,獐子岛集团股份有限公司,獐子岛,深圳证券交易所,2006-09-28,交易所当前法人主表已覆盖,行业分类候选,,,,,1,*ST獐岛,2016Q4,04,渔业,是,中国证监会,《上市公司行业分类指引》（2012年修订）,2016Q4.pdf,候选待年报复核,0,,,,,,,,已由当期行业分类证券简称标记：是,入口候选，非最终样本；仍须复核主营业务、涉农收入占比、ST/退市状态及核心变量缺失,是,是,https://static.cninfo.com.cn/finalpage/2016-05-03/1202284334.PDF,https://static.cninfo.com.cn/finalpage/2017-03-31/1203238440.PDF,区间已闭合,已由法定公告核实本年存在ST风险警示,,
002086,2016,山东东方海洋科技股份有限公司,东方海洋,深圳证券交易所,2006-11-28,交易所当前法人主表已覆盖,行业分类候选,,,,,1,东方海洋,2016Q4,04,渔业,否,中国证监会,《上市公司行业分类指引》（2012年修订）,2016Q4.pdf,候选待年报复核,0,,,,,,,,已由当期行业分类证券简称标记：否,入口候选，非最终样本；仍须复核主营业务、涉农收入占比、ST/退市状态及核心变量缺失,,,,,,年度ST区间待核实,,
002200,2016,云南交投生态科技股份有限公司,交投生态,深圳证券交易所,2007-12-21,交易所当前法人主表已覆盖,行业分类候选,,,,,1,云投生态,2016Q4,02,林业,否,中国证监会,《上市公司行业分类指引》（2012年修订）,2016Q4.pdf,候选待年报复核,0,,,,,,,,已由当期行业分类证券简称标记：否,入口候选，非最终样本；仍须复核主营业务、涉农收入占比、ST/退市状态及核心变量缺失,,,,,,年度ST区间待核实,,
002234,2016,山东民和牧业股份有限公司,民和股份,深圳证券交易所,2008-05-16,交易所当前法人主表已覆盖,行业分类候选,,,,,1,民和股份,2016Q4,03,畜牧业,否,中国证监会,《上市公司行业分类指引》（2012年修订）,2016Q4.pdf,候选待年报复核,0,,,,,,,,已由当期行业分类证券简称标记：否,入口候选，非最终样本；仍须复核主营业务、涉农收入占比、ST/退市状态及核心变量缺失,,,,,,年度ST区间待核实,,
002299,2016,福建圣农发展股份有限公司,圣农发展,深圳证券交易所,2009-10-21,交易所当前法人主表已覆盖,行业分类候选,,,,,1,圣农发展,2016Q4,03,畜牧业,否,中国证监会,《上市公司行业分类指引》（2012年修订）,2016Q4.pdf,候选待年报复核,0,,,,,,,,已由当期行业分类证券简称标记：否,入口候选，非最终样本；仍须复核主营业务、涉农收入占比、ST/退市状态及核心变量缺失,,,,,,年度ST区间待核实,,
002321,2016,河南华英农业发展股份有限公司,华英农业,深圳证券交易所,2009-12-16,交易所当前法人主表已覆盖,行业分类候选,,,,,1,华英农业,2016Q4,03,畜牧业,否,中国证监会,《上市公司行业分类指引》（2012年修订）,2016Q4.pdf,候选待年报复核,0,,,,,,,,已由当期行业分类证券简称标记：否,入口候选，非最终样本；仍须复核主营业务、涉农收入占比、ST/退市状态及核心变量缺失,,,,,,年度ST区间待核实,,
002447,2016,大连壹桥海参股份有限公司,,,,当年法人全称已由历史法定披露核实,行业分类候选,https://static.cninfo.com.cn/finalpage/2016-05-11/1202315005.PDF,当期法定披露标题及证券代码,2022-06-28,https://www.szse.cn/disclosure/notice/general/t20220627_594302.html,1,壹桥股份,2016Q4,04,渔业,否,中国证监会,《上市公司行业分类指引》（2012年修订）,2016Q4.pdf,候选待年报复核,0,,,,,,,,已由当期行业分类证券简称标记：否,入口候选，非最终样本；仍须复核主营业务、涉农收入占比、ST/退市状态及核心变量缺失,,,,,,年度ST区间待核实,,
002458,2016,山东益生种畜禽股份有限公司,益生股份,深圳证券交易所,2010-08-10,交易所当前法人主表已覆盖,行业分类候选,,,,,1,益生股份,2016Q4,03,畜牧业,否,中国证监会,《上市公司行业分类指引》（2012年修订）,2016Q4.pdf,候选待年报复核,0,,,,,,,,已由当期行业分类证券简称标记：否,入口候选，非最终样本；仍须复核主营业务、涉农收入占比、ST/退市状态及核心变量缺失,,,,,,年度ST区间待核实,,
002477,2016,雏鹰农牧集团股份有限公司,,,,当年法人全称已由历史法定披露核实,行业分类候选,https://static.cninfo.com.cn/finalpage/2018-04-27/1204806520.PDF,年度报告附注明确同一统一社会信用代码及上市主体,2019-10-22,https://www.szse.cn/disclosure/notice/general/t20191028_571600.html,1,雏鹰农牧,2016Q4,03,畜牧业,否,中国证监会,《上市公司行业分类指引》（2012年修订）,2016Q4.pdf,候选待年报复核,0,,,,,,,,已由当期行业分类证券简称标记：否,入口候选，非最终样本；仍须复核主营业务、涉农收入占比、ST/退市状态及核心变量缺失,,,,,,年度ST区间待核实,,
002505,2016,湖南大康国际农业食品股份有限公司,,,,当年法人全称已由历史法定披露核实,行业分类候选,https://static.cninfo.com.cn/finalpage/2017-05-23/1203555554.PDF,法定披露明确新名称自2016-05-31启用,2024-08-30,https://disc.static.szse.cn/disc/disk03/finalpage/2024-08-30/c983a041-2be4-48cc-aa93-a91db8411e06.PDF,1,大康农业,2016Q4,03,畜牧业,否,中国证监会,《上市公司行业分类指引》（2012年修订）,2016Q4.pdf,候选待年报复核,0,,,,,,,,已由当期行业分类证券简称标记：否,入口候选，非最终样本；仍须复核主营业务、涉农收入占比、ST/退市状态及核心变量缺失,,,,,,年度ST区间待核实,,
002679,2016,福建金森林业股份有限公司,福建金森,深圳证券交易所,2012-06-05,交易所当前法人主表已覆盖,行业分类候选,,,,,1,福建金森,2016Q4,02,林业,否,中国证监会,《上市公司行业分类指引》（2012年修订）,2016Q4.pdf,候选待年报复核,0,,,,,,,,已由当期行业分类证券简称标记：否,入口候选，非最终样本；仍须复核主营业务、涉农收入占比、ST/退市状态及核心变量缺失,,,,,,年度ST区间待核实,,
002696,2016,百洋产业投资集团股份有限公司,百洋股份,深圳证券交易所,2012-09-05,交易所当前法人主表已覆盖,行业分类候选,,,,,1,百洋股份,2016Q4,04,渔业,否,中国证监会,《上市公司行业分类指引》（2012年修订）,2016Q4.pdf,候选待年报复核,0,,,,,,,,已由当期行业分类证券简称标记：否,入口候选，非最终样本；仍须复核主营业务、涉农收入占比、ST/退市状态及核心变量缺失,,,,,,年度ST区间待核实,,
002714,2016,牧原食品集团股份有限公司,牧原股份,深圳证券交易所,2014-01-28,交易所当前法人主表已覆盖,行业分类候选,,,,,1,牧原股份,2016Q4,03,畜牧业,否,中国证监会,《上市公司行业分类指引》（2012年修订）,2016Q4.pdf,候选待年报复核,0,,,,,,,,已由当期行业分类证券简称标记：否,入口候选，非最终样本；仍须复核主营业务、涉农收入占比、ST/退市状态及核心变量缺失,,,,,,年度ST区间待核实,,
002746,2016,山东仙坛集团股份有限公司,仙坛股份,深圳证券交易所,2015-02-16,交易所当前法人主表已覆盖,行业分类候选,,,,,1,仙坛股份,2016Q4,03,畜牧业,否,中国证监会,《上市公司行业分类指引》（2012年修订）,2016Q4.pdf,候选待年报复核,0,,,,,,,,已由当期行业分类证券简称标记：否,入口候选，非最终样本；仍须复核主营业务、涉农收入占比、ST/退市状态及核心变量缺失,,,,,,年度ST区间待核实,,
002772,2016,天水众兴菌业科技股份有限公司,众兴菌业,深圳证券交易所,2015-06-26,交易所当前法人主表已覆盖,行业分类候选,,,,,1,众兴菌业,2016Q4,01,农业,否,中国证监会,《上市公司行业分类指引》（2012年修订）,2016Q4.pdf,候选待年报复核,0,,,,,,,,已由当期行业分类证券简称标记：否,入口候选，非最终样本；仍须复核主营业务、涉农收入占比、ST/退市状态及核心变量缺失,,,,,,年度ST区间待核实,,
300087,2016,安徽荃银高科种业股份有限公司,ST荃银,深圳证券交易所,2010-05-26,交易所当前法人主表已覆盖,行业分类候选,,,,,1,荃银高科,2016Q4,01,农业,否,中国证监会,《上市公司行业分类指引》（2012年修订）,2016Q4.pdf,候选待年报复核,0,,,,,,,,已由当期行业分类证券简称标记：否,入口候选，非最终样本；仍须复核主营业务、涉农收入占比、ST/退市状态及核心变量缺失,,,,,,年度ST区间待核实,,
300094,2016,湛江国联水产开发股份有限公司,国联水产,深圳证券交易所,2010-07-08,交易所当前法人主表已覆盖,行业分类候选,,,,,1,国联水产,2016Q4,04,渔业,否,中国证监会,《上市公司行业分类指引》（2012年修订）,2016Q4.pdf,候选待年报复核,0,,,,,,,,已由当期行业分类证券简称标记：否,入口候选，非最终样本；仍须复核主营业务、涉农收入占比、ST/退市状态及核心变量缺失,,,,,,年度ST区间待核实,,
300106,2016,新疆西部牧业股份有限公司,西部牧业,深圳证券交易所,2010-08-20,交易所当前法人主表已覆盖,行业分类候选,,,,,1,西部牧业,2016Q4,03,畜牧业,否,中国证监会,《上市公司行业分类指引》（2012年修订）,2016Q4.pdf,候选待年报复核,0,,,,,,,,已由当期行业分类证券简称标记：否,入口候选，非最终样本；仍须复核主营业务、涉农收入占比、ST/退市状态及核心变量缺失,,,,,,年度ST区间待核实,,
300143,2016,盈康生命科技股份有限公司,盈康生命,深圳证券交易所,2010-12-09,交易所当前法人主表已覆盖,行业分类候选,,,,,1,星河生物,2016Q4,01,农业,否,中国证监会,《上市公司行业分类指引》（2012年修订）,2016Q4.pdf,候选待年报复核,0,,,,,,,,已由当期行业分类证券简称标记：否,入口候选，非最终样本；仍须复核主营业务、涉农收入占比、ST/退市状态及核心变量缺失,,,,,,年度ST区间待核实,,
300189,2016,海南神农种业科技股份有限公司,神农种业,深圳证券交易所,2011-03-16,交易所当前法人主表已覆盖,行业分类候选,,,,,1,神农基因,2016Q4,01,农业,否,中国证监会,《上市公司行业分类指引》（2012年修订）,2016Q4.pdf,候选待年报复核,0,,,,,,,,已由当期行业分类证券简称标记：否,入口候选，非最终样本；仍须复核主营业务、涉农收入占比、ST/退市状态及核心变量缺失,,,,,,年度ST区间待核实,,
300313,2016,新疆天山畜牧生物工程股份有限公司,天山生物,深圳证券交易所,2012-04-25,交易所当前法人主表已覆盖,行业分类候选,,,,,1,天山生物,2016Q4,03,畜牧业,否,中国证监会,《上市公司行业分类指引》（2012年修订）,2016Q4.pdf,候选待年报复核,0,,,,,,,,已由当期行业分类证券简称标记：否,入口候选，非最终样本；仍须复核主营业务、涉农收入占比、ST/退市状态及核心变量缺失,,,,,,年度ST区间待核实,,
300498,2016,温氏食品集团股份有限公司,温氏股份,深圳证券交易所,2015-11-02,交易所当前法人主表已覆盖,行业分类候选,,,,,1,温氏股份,2016Q4,03,畜牧业,否,中国证监会,《上市公司行业分类指引》（2012年修订）,2016Q4.pdf,候选待年报复核,0,,,,,,,,已由当期行业分类证券简称标记：否,入口候选，非最终样本；仍须复核主营业务、涉农收入占比、ST/退市状态及核心变量缺失,,,,,,年度ST区间待核实,,
300511,2016,上海雪榕生物科技股份有限公司,雪榕生物,深圳证券交易所,2016-05-04,交易所当前法人主表已覆盖,行业分类候选,,,,,1,雪榕生物,2016Q4,01,农业,否,中国证监会,《上市公司行业分类指引》（2012年修订）,2016Q4.pdf,候选待年报复核,0,,,,,,,,已由当期行业分类证券简称标记：否,入口候选，非最终样本；仍须复核主营业务、涉农收入占比、ST/退市状态及核心变量缺失,,,,,,年度ST区间待核实,,
600097,2016,上海开创国际海洋资源股份有限公司,开创国际,上海证券交易所,19970619,交易所当前法人主表已覆盖,行业分类候选,,,,,1,开创国际,2016Q4,04,渔业,否,中国证监会,《上市公司行业分类指引》（2012年修订）,2016Q4.pdf,候选待年报复核,0,,,,,,,,已由当期行业分类证券简称标记：否,入口候选，非最终样本；仍须复核主营业务、涉农收入占比、ST/退市状态及核心变量缺失,,,,,,年度ST区间待核实,,
600108,2016,甘肃亚盛实业(集团)股份有限公司,亚盛集团,上海证券交易所,19970818,交易所当前法人主表已覆盖,行业分类候选,,,,,1,亚盛集团,2016Q4,01,农业,否,中国证监会,《上市公司行业分类指引》（2012年修订）,2016Q4.pdf,候选待年报复核,0,,,,,,,,已由当期行业分类证券简称标记：否,入口候选，非最终样本；仍须复核主营业务、涉农收入占比、ST/退市状态及核心变量缺失,,,,,,年度ST区间待核实,,
600257,2016,大湖健康产业股份有限公司,大湖股份,上海证券交易所,20000612,交易所当前法人主表已覆盖,行业分类候选,,,,,1,大湖股份,2016Q4,04,渔业,否,中国证监会,《上市公司行业分类指引》（2012年修订）,2016Q4.pdf,候选待年报复核,0,,,,,,,,已由当期行业分类证券简称标记：否,入口候选，非最终样本；仍须复核主营业务、涉农收入占比、ST/退市状态及核心变量缺失,,,,,,年度ST区间待核实,,
600265,2016,云南景谷林业股份有限公司,*ST景谷,上海证券交易所,20000825,交易所当前法人主表已覆盖,行业分类候选,,,,,1,*ST景谷,2016Q4,02,林业,是,中国证监会,《上市公司行业分类指引》（2012年修订）,2016Q4.pdf,候选待年报复核,0,,,,,,,,已由当期行业分类证券简称标记：是,入口候选，非最终样本；仍须复核主营业务、涉农收入占比、ST/退市状态及核心变量缺失,是,是,https://static.cninfo.com.cn/finalpage/2013-05-02/62447733.PDF,,样本期左截断_终点待闭合,已由法定公告核实本年存在ST风险警示,,
600313,2016,中农发种业集团股份有限公司,农发种业,上海证券交易所,20010119,交易所当前法人主表已覆盖,行业分类候选,,,,,1,农发种业,2016Q4,01,农业,否,中国证监会,《上市公司行业分类指引》（2012年修订）,2016Q4.pdf,候选待年报复核,0,,,,,,,,已由当期行业分类证券简称标记：否,入口候选，非最终样本；仍须复核主营业务、涉农收入占比、ST/退市状态及核心变量缺失,,,,,,年度ST区间待核实,,
600354,2016,甘肃省敦煌种业集团股份有限公司,敦煌种业,上海证券交易所,20040115,交易所当前法人主表已覆盖,行业分类候选,,,,,1,敦煌种业,2016Q4,01,农业,否,中国证监会,《上市公司行业分类指引》（2012年修订）,2016Q4.pdf,候选待年报复核,0,,,,,,,,已由当期行业分类证券简称标记：否,入口候选，非最终样本；仍须复核主营业务、涉农收入占比、ST/退市状态及核心变量缺失,,,,,,年度ST区间待核实,,
600359,2016,新疆塔里木农业综合开发股份有限公司,新农开发,上海证券交易所,19990429,交易所当前法人主表已覆盖,行业分类候选,,,,,1,新农开发,2016Q4,01,农业,否,中国证监会,《上市公司行业分类指引》（2012年修订）,2016Q4.pdf,候选待年报复核,0,,,,,,,,已由当期行业分类证券简称标记：否,入口候选，非最终样本；仍须复核主营业务、涉农收入占比、ST/退市状态及核心变量缺失,,,,,,年度ST区间待核实,,
600371,2016,万向德农股份有限公司,万向德农,上海证券交易所,20020916,交易所当前法人主表已覆盖,行业分类候选,,,,,1,万向德农,2016Q4,01,农业,否,中国证监会,《上市公司行业分类指引》（2012年修订）,2016Q4.pdf,候选待年报复核,0,,,,,,,,已由当期行业分类证券简称标记：否,入口候选，非最终样本；仍须复核主营业务、涉农收入占比、ST/退市状态及核心变量缺失,,,,,,年度ST区间待核实,,
600467,2016,山东好当家海洋发展股份有限公司,好当家,上海证券交易所,20040405,交易所当前法人主表已覆盖,行业分类候选,,,,,1,好当家,2016Q4,04,渔业,否,中国证监会,《上市公司行业分类指引》（2012年修订）,2016Q4.pdf,候选待年报复核,0,,,,,,,,已由当期行业分类证券简称标记：否,入口候选，非最终样本；仍须复核主营业务、涉农收入占比、ST/退市状态及核心变量缺失,,,,,,年度ST区间待核实,,
600506,2016,统一低碳科技(新疆)股份有限公司,统一股份,上海证券交易所,20011226,交易所当前法人主表已覆盖,行业分类候选,,,,,1,香梨股份,2016Q4,01,农业,否,中国证监会,《上市公司行业分类指引》（2012年修订）,2016Q4.pdf,候选待年报复核,0,,,,,,,,已由当期行业分类证券简称标记：否,入口候选，非最终样本；仍须复核主营业务、涉农收入占比、ST/退市状态及核心变量缺失,,,,,,年度ST区间待核实,,
600540,2016,新疆赛里木现代农业股份有限公司,新赛股份,上海证券交易所,20040107,交易所当前法人主表已覆盖,行业分类候选,,,,,1,新赛股份,2016Q4,01,农业,否,中国证监会,《上市公司行业分类指引》（2012年修订）,2016Q4.pdf,候选待年报复核,0,,,,,,,,已由当期行业分类证券简称标记：否,入口候选，非最终样本；仍须复核主营业务、涉农收入占比、ST/退市状态及核心变量缺失,,,,,,年度ST区间待核实,,
600598,2016,黑龙江北大荒农业股份有限公司,北大荒,上海证券交易所,20020329,交易所当前法人主表已覆盖,行业分类候选,,,,,1,北大荒,2016Q4,01,农业,否,中国证监会,《上市公司行业分类指引》（2012年修订）,2016Q4.pdf,候选待年报复核,0,,,,,,,,已由当期行业分类证券简称标记：否,入口候选，非最终样本；仍须复核主营业务、涉农收入占比、ST/退市状态及核心变量缺失,,,,,,年度ST区间待核实,,
600965,2016,河北福成五丰食品股份有限公司,*ST福成,上海证券交易所,20040713,交易所当前法人主表已覆盖,行业分类候选,,,,,1,福成股份,2016Q4,03,畜牧业,否,中国证监会,《上市公司行业分类指引》（2012年修订）,2016Q4.pdf,候选待年报复核,0,,,,,,,,已由当期行业分类证券简称标记：否,入口候选，非最终样本；仍须复核主营业务、涉农收入占比、ST/退市状态及核心变量缺失,,,,,,年度ST区间待核实,,
600975,2016,湖南新五丰股份有限公司,新五丰,上海证券交易所,20040609,交易所当前法人主表已覆盖,行业分类候选,,,,,1,新五丰,2016Q4,03,畜牧业,否,中国证监会,《上市公司行业分类指引》（2012年修订）,2016Q4.pdf,候选待年报复核,0,,,,,,,,已由当期行业分类证券简称标记：否,入口候选，非最终样本；仍须复核主营业务、涉农收入占比、ST/退市状态及核心变量缺失,,,,,,年度ST区间待核实,,
601118,2016,海南天然橡胶产业集团股份有限公司,海南橡胶,上海证券交易所,20110107,交易所当前法人主表已覆盖,行业分类候选,,,,,1,海南橡胶,2016Q4,01,农业,否,中国证监会,《上市公司行业分类指引》（2012年修订）,2016Q4.pdf,候选待年报复核,0,,,,,,,,已由当期行业分类证券简称标记：否,入口候选，非最终样本；仍须复核主营业务、涉农收入占比、ST/退市状态及核心变量缺失,,,,,,年度ST区间待核实,,
000592,2017,中福海峡（平潭）发展股份有限公司,平潭发展,深圳证券交易所,1996-03-27,交易所当前法人主表已覆盖,行业分类候选,,,,,1,平潭发展,2017Q4,02,林业,否,中国证监会,《上市公司行业分类指引》（2012年修订）,2017Q4.pdf,候选待年报复核,0,,,,,,,,已由当期行业分类证券简称标记：否,入口候选，非最终样本；仍须复核主营业务、涉农收入占比、ST/退市状态及核心变量缺失,,,,,,年度ST区间待核实,,
000713,2017,国投丰乐种业股份有限公司,国投丰乐,深圳证券交易所,1997-04-22,交易所当前法人主表已覆盖,行业分类候选,,,,,1,丰乐种业,2017Q4,05,农林牧渔服务业,否,中国证监会,《上市公司行业分类指引》（2012年修订）,2017Q4.pdf,候选待年报复核,0,,,,,,,,已由当期行业分类证券简称标记：否,入口候选，非最终样本；仍须复核主营业务、涉农收入占比、ST/退市状态及核心变量缺失,,,,,,年度ST区间待核实,,
000735,2017,罗牛山股份有限公司,罗 牛 山,深圳证券交易所,1997-06-11,交易所当前法人主表已覆盖,行业分类候选,,,,,1,罗牛山,2017Q4,03,畜牧业,否,中国证监会,《上市公司行业分类指引》（2012年修订）,2017Q4.pdf,候选待年报复核,0,,,,,,,,已由当期行业分类证券简称标记：否,入口候选，非最终样本；仍须复核主营业务、涉农收入占比、ST/退市状态及核心变量缺失,,,,,,年度ST区间待核实,,
000798,2017,中水集团远洋股份有限公司,中水渔业,深圳证券交易所,1998-02-12,交易所当前法人主表已覆盖,行业分类候选,,,,,1,中水渔业,2017Q4,04,渔业,否,中国证监会,《上市公司行业分类指引》（2012年修订）,2017Q4.pdf,候选待年报复核,0,,,,,,,,已由当期行业分类证券简称标记：否,入口候选，非最终样本；仍须复核主营业务、涉农收入占比、ST/退市状态及核心变量缺失,,,,,,年度ST区间待核实,,
000998,2017,袁隆平农业高科技股份有限公司,隆平高科,深圳证券交易所,2000-12-11,交易所当前法人主表已覆盖,行业分类候选,,,,,1,隆平高科,2017Q4,01,农业,否,中国证监会,《上市公司行业分类指引》（2012年修订）,2017Q4.pdf,候选待年报复核,0,,,,,,,,已由当期行业分类证券简称标记：否,入口候选，非最终样本；仍须复核主营业务、涉农收入占比、ST/退市状态及核心变量缺失,,,,,,年度ST区间待核实,,
002041,2017,山东登海种业股份有限公司,登海种业,深圳证券交易所,2005-04-18,交易所当前法人主表已覆盖,行业分类候选,,,,,1,登海种业,2017Q4,01,农业,否,中国证监会,《上市公司行业分类指引》（2012年修订）,2017Q4.pdf,候选待年报复核,0,,,,,,,,已由当期行业分类证券简称标记：否,入口候选，非最终样本；仍须复核主营业务、涉农收入占比、ST/退市状态及核心变量缺失,,,,,,年度ST区间待核实,,
002069,2017,獐子岛集团股份有限公司,獐子岛,深圳证券交易所,2006-09-28,交易所当前法人主表已覆盖,行业分类候选,,,,,1,獐子岛,2017Q4,04,渔业,否,中国证监会,《上市公司行业分类指引》（2012年修订）,2017Q4.pdf,候选待年报复核,0,,,,,,,,已由当期行业分类证券简称标记：否,入口候选，非最终样本；仍须复核主营业务、涉农收入占比、ST/退市状态及核心变量缺失,是,否,https://static.cninfo.com.cn/finalpage/2016-05-03/1202284334.PDF,https://static.cninfo.com.cn/finalpage/2017-03-31/1203238440.PDF,区间已闭合,已由法定公告核实本年存在ST风险警示,,
002086,2017,山东东方海洋科技股份有限公司,东方海洋,深圳证券交易所,2006-11-28,交易所当前法人主表已覆盖,行业分类候选,,,,,1,东方海洋,2017Q4,04,渔业,否,中国证监会,《上市公司行业分类指引》（2012年修订）,2017Q4.pdf,候选待年报复核,0,,,,,,,,已由当期行业分类证券简称标记：否,入口候选，非最终样本；仍须复核主营业务、涉农收入占比、ST/退市状态及核心变量缺失,,,,,,年度ST区间待核实,,
002200,2017,云南交投生态科技股份有限公司,交投生态,深圳证券交易所,2007-12-21,交易所当前法人主表已覆盖,行业分类候选,,,,,1,云投生态,2017Q4,02,林业,否,中国证监会,《上市公司行业分类指引》（2012年修订）,2017Q4.pdf,候选待年报复核,0,,,,,,,,已由当期行业分类证券简称标记：否,入口候选，非最终样本；仍须复核主营业务、涉农收入占比、ST/退市状态及核心变量缺失,,,,,,年度ST区间待核实,,
002234,2017,山东民和牧业股份有限公司,民和股份,深圳证券交易所,2008-05-16,交易所当前法人主表已覆盖,行业分类候选,,,,,1,民和股份,2017Q4,03,畜牧业,否,中国证监会,《上市公司行业分类指引》（2012年修订）,2017Q4.pdf,候选待年报复核,0,,,,,,,,已由当期行业分类证券简称标记：否,入口候选，非最终样本；仍须复核主营业务、涉农收入占比、ST/退市状态及核心变量缺失,,,,,,年度ST区间待核实,,
002299,2017,福建圣农发展股份有限公司,圣农发展,深圳证券交易所,2009-10-21,交易所当前法人主表已覆盖,行业分类候选,,,,,1,圣农发展,2017Q4,03,畜牧业,否,中国证监会,《上市公司行业分类指引》（2012年修订）,2017Q4.pdf,候选待年报复核,0,,,,,,,,已由当期行业分类证券简称标记：否,入口候选，非最终样本；仍须复核主营业务、涉农收入占比、ST/退市状态及核心变量缺失,,,,,,年度ST区间待核实,,
002321,2017,河南华英农业发展股份有限公司,华英农业,深圳证券交易所,2009-12-16,交易所当前法人主表已覆盖,行业分类候选,,,,,1,华英农业,2017Q4,03,畜牧业,否,中国证监会,《上市公司行业分类指引》（2012年修订）,2017Q4.pdf,候选待年报复核,0,,,,,,,,已由当期行业分类证券简称标记：否,入口候选，非最终样本；仍须复核主营业务、涉农收入占比、ST/退市状态及核心变量缺失,,,,,,年度ST区间待核实,,
002458,2017,山东益生种畜禽股份有限公司,益生股份,深圳证券交易所,2010-08-10,交易所当前法人主表已覆盖,行业分类候选,,,,,1,益生股份,2017Q4,03,畜牧业,否,中国证监会,《上市公司行业分类指引》（2012年修订）,2017Q4.pdf,候选待年报复核,0,,,,,,,,已由当期行业分类证券简称标记：否,入口候选，非最终样本；仍须复核主营业务、涉农收入占比、ST/退市状态及核心变量缺失,,,,,,年度ST区间待核实,,
002477,2017,雏鹰农牧集团股份有限公司,,,,当年法人全称已由历史法定披露核实,行业分类候选,https://static.cninfo.com.cn/finalpage/2018-04-27/1204806520.PDF,2017年度报告附注直接核实,2019-10-22,https://www.szse.cn/disclosure/notice/general/t20191028_571600.html,1,雏鹰农牧,2017Q4,03,畜牧业,否,中国证监会,《上市公司行业分类指引》（2012年修订）,2017Q4.pdf,候选待年报复核,0,,,,,,,,已由当期行业分类证券简称标记：否,入口候选，非最终样本；仍须复核主营业务、涉农收入占比、ST/退市状态及核心变量缺失,,,,,,年度ST区间待核实,,
002505,2017,湖南大康国际农业食品股份有限公司,,,,当年法人全称已由历史法定披露核实,行业分类候选,https://static.cninfo.com.cn/finalpage/2018-04-27/1204807288.PDF,2017年度报告直接核实,2024-08-30,https://disc.static.szse.cn/disc/disk03/finalpage/2024-08-30/c983a041-2be4-48cc-aa93-a91db8411e06.PDF,1,大康农业,2017Q4,03,畜牧业,否,中国证监会,《上市公司行业分类指引》（2012年修订）,2017Q4.pdf,候选待年报复核,0,,,,,,,,已由当期行业分类证券简称标记：否,入口候选，非最终样本；仍须复核主营业务、涉农收入占比、ST/退市状态及核心变量缺失,,,,,,年度ST区间待核实,,
002679,2017,福建金森林业股份有限公司,福建金森,深圳证券交易所,2012-06-05,交易所当前法人主表已覆盖,行业分类候选,,,,,1,福建金森,2017Q4,02,林业,否,中国证监会,《上市公司行业分类指引》（2012年修订）,2017Q4.pdf,候选待年报复核,0,,,,,,,,已由当期行业分类证券简称标记：否,入口候选，非最终样本；仍须复核主营业务、涉农收入占比、ST/退市状态及核心变量缺失,,,,,,年度ST区间待核实,,
002696,2017,百洋产业投资集团股份有限公司,百洋股份,深圳证券交易所,2012-09-05,交易所当前法人主表已覆盖,行业分类候选,,,,,1,百洋股份,2017Q4,04,渔业,否,中国证监会,《上市公司行业分类指引》（2012年修订）,2017Q4.pdf,候选待年报复核,0,,,,,,,,已由当期行业分类证券简称标记：否,入口候选，非最终样本；仍须复核主营业务、涉农收入占比、ST/退市状态及核心变量缺失,,,,,,年度ST区间待核实,,
002714,2017,牧原食品集团股份有限公司,牧原股份,深圳证券交易所,2014-01-28,交易所当前法人主表已覆盖,行业分类候选,,,,,1,牧原股份,2017Q4,03,畜牧业,否,中国证监会,《上市公司行业分类指引》（2012年修订）,2017Q4.pdf,候选待年报复核,0,,,,,,,,已由当期行业分类证券简称标记：否,入口候选，非最终样本；仍须复核主营业务、涉农收入占比、ST/退市状态及核心变量缺失,,,,,,年度ST区间待核实,,
002746,2017,山东仙坛集团股份有限公司,仙坛股份,深圳证券交易所,2015-02-16,交易所当前法人主表已覆盖,行业分类候选,,,,,1,仙坛股份,2017Q4,03,畜牧业,否,中国证监会,《上市公司行业分类指引》（2012年修订）,2017Q4.pdf,候选待年报复核,0,,,,,,,,已由当期行业分类证券简称标记：否,入口候选，非最终样本；仍须复核主营业务、涉农收入占比、ST/退市状态及核心变量缺失,,,,,,年度ST区间待核实,,
002772,2017,天水众兴菌业科技股份有限公司,众兴菌业,深圳证券交易所,2015-06-26,交易所当前法人主表已覆盖,行业分类候选,,,,,1,众兴菌业,2017Q4,01,农业,否,中国证监会,《上市公司行业分类指引》（2012年修订）,2017Q4.pdf,候选待年报复核,0,,,,,,,,已由当期行业分类证券简称标记：否,入口候选，非最终样本；仍须复核主营业务、涉农收入占比、ST/退市状态及核心变量缺失,,,,,,年度ST区间待核实,,
300087,2017,安徽荃银高科种业股份有限公司,ST荃银,深圳证券交易所,2010-05-26,交易所当前法人主表已覆盖,行业分类候选,,,,,1,荃银高科,2017Q4,01,农业,否,中国证监会,《上市公司行业分类指引》（2012年修订）,2017Q4.pdf,候选待年报复核,0,,,,,,,,已由当期行业分类证券简称标记：否,入口候选，非最终样本；仍须复核主营业务、涉农收入占比、ST/退市状态及核心变量缺失,,,,,,年度ST区间待核实,,
300094,2017,湛江国联水产开发股份有限公司,国联水产,深圳证券交易所,2010-07-08,交易所当前法人主表已覆盖,行业分类候选,,,,,1,国联水产,2017Q4,04,渔业,否,中国证监会,《上市公司行业分类指引》（2012年修订）,2017Q4.pdf,候选待年报复核,0,,,,,,,,已由当期行业分类证券简称标记：否,入口候选，非最终样本；仍须复核主营业务、涉农收入占比、ST/退市状态及核心变量缺失,,,,,,年度ST区间待核实,,
300106,2017,新疆西部牧业股份有限公司,西部牧业,深圳证券交易所,2010-08-20,交易所当前法人主表已覆盖,行业分类候选,,,,,1,西部牧业,2017Q4,03,畜牧业,否,中国证监会,《上市公司行业分类指引》（2012年修订）,2017Q4.pdf,候选待年报复核,0,,,,,,,,已由当期行业分类证券简称标记：否,入口候选，非最终样本；仍须复核主营业务、涉农收入占比、ST/退市状态及核心变量缺失,,,,,,年度ST区间待核实,,
300189,2017,海南神农种业科技股份有限公司,神农种业,深圳证券交易所,2011-03-16,交易所当前法人主表已覆盖,行业分类候选,,,,,1,神农基因,2017Q4,01,农业,否,中国证监会,《上市公司行业分类指引》（2012年修订）,2017Q4.pdf,候选待年报复核,0,,,,,,,,已由当期行业分类证券简称标记：否,入口候选，非最终样本；仍须复核主营业务、涉农收入占比、ST/退市状态及核心变量缺失,,,,,,年度ST区间待核实,,
300313,2017,新疆天山畜牧生物工程股份有限公司,天山生物,深圳证券交易所,2012-04-25,交易所当前法人主表已覆盖,行业分类候选,,,,,1,天山生物,2017Q4,03,畜牧业,否,中国证监会,《上市公司行业分类指引》（2012年修订）,2017Q4.pdf,候选待年报复核,0,,,,,,,,已由当期行业分类证券简称标记：否,入口候选，非最终样本；仍须复核主营业务、涉农收入占比、ST/退市状态及核心变量缺失,,,,,,年度ST区间待核实,,
300498,2017,温氏食品集团股份有限公司,温氏股份,深圳证券交易所,2015-11-02,交易所当前法人主表已覆盖,行业分类候选,,,,,1,温氏股份,2017Q4,03,畜牧业,否,中国证监会,《上市公司行业分类指引》（2012年修订）,2017Q4.pdf,候选待年报复核,0,,,,,,,,已由当期行业分类证券简称标记：否,入口候选，非最终样本；仍须复核主营业务、涉农收入占比、ST/退市状态及核心变量缺失,,,,,,年度ST区间待核实,,
300511,2017,上海雪榕生物科技股份有限公司,雪榕生物,深圳证券交易所,2016-05-04,交易所当前法人主表已覆盖,行业分类候选,,,,,1,雪榕生物,2017Q4,01,农业,否,中国证监会,《上市公司行业分类指引》（2012年修订）,2017Q4.pdf,候选待年报复核,0,,,,,,,,已由当期行业分类证券简称标记：否,入口候选，非最终样本；仍须复核主营业务、涉农收入占比、ST/退市状态及核心变量缺失,,,,,,年度ST区间待核实,,
600097,2017,上海开创国际海洋资源股份有限公司,开创国际,上海证券交易所,19970619,交易所当前法人主表已覆盖,行业分类候选,,,,,1,开创国际,2017Q4,04,渔业,否,中国证监会,《上市公司行业分类指引》（2012年修订）,2017Q4.pdf,候选待年报复核,0,,,,,,,,已由当期行业分类证券简称标记：否,入口候选，非最终样本；仍须复核主营业务、涉农收入占比、ST/退市状态及核心变量缺失,,,,,,年度ST区间待核实,,
600108,2017,甘肃亚盛实业(集团)股份有限公司,亚盛集团,上海证券交易所,19970818,交易所当前法人主表已覆盖,行业分类候选,,,,,1,亚盛集团,2017Q4,01,农业,否,中国证监会,《上市公司行业分类指引》（2012年修订）,2017Q4.pdf,候选待年报复核,0,,,,,,,,已由当期行业分类证券简称标记：否,入口候选，非最终样本；仍须复核主营业务、涉农收入占比、ST/退市状态及核心变量缺失,,,,,,年度ST区间待核实,,
600257,2017,大湖健康产业股份有限公司,大湖股份,上海证券交易所,20000612,交易所当前法人主表已覆盖,行业分类候选,,,,,1,大湖股份,2017Q4,04,渔业,否,中国证监会,《上市公司行业分类指引》（2012年修订）,2017Q4.pdf,候选待年报复核,0,,,,,,,,已由当期行业分类证券简称标记：否,入口候选，非最终样本；仍须复核主营业务、涉农收入占比、ST/退市状态及核心变量缺失,,,,,,年度ST区间待核实,,
600265,2017,云南景谷林业股份有限公司,*ST景谷,上海证券交易所,20000825,交易所当前法人主表已覆盖,行业分类候选,,,,,1,ST景谷,2017Q4,02,林业,是,中国证监会,《上市公司行业分类指引》（2012年修订）,2017Q4.pdf,候选待年报复核,0,,,,,,,,已由当期行业分类证券简称标记：是,入口候选，非最终样本；仍须复核主营业务、涉农收入占比、ST/退市状态及核心变量缺失,是,是,https://static.cninfo.com.cn/finalpage/2013-05-02/62447733.PDF,,样本期左截断_终点待闭合,已由法定公告核实本年存在ST风险警示,,
600313,2017,中农发种业集团股份有限公司,农发种业,上海证券交易所,20010119,交易所当前法人主表已覆盖,行业分类候选,,,,,1,农发种业,2017Q4,01,农业,否,中国证监会,《上市公司行业分类指引》（2012年修订）,2017Q4.pdf,候选待年报复核,0,,,,,,,,已由当期行业分类证券简称标记：否,入口候选，非最终样本；仍须复核主营业务、涉农收入占比、ST/退市状态及核心变量缺失,,,,,,年度ST区间待核实,,
600354,2017,甘肃省敦煌种业集团股份有限公司,敦煌种业,上海证券交易所,20040115,交易所当前法人主表已覆盖,行业分类候选,,,,,1,敦煌种业,2017Q4,01,农业,否,中国证监会,《上市公司行业分类指引》（2012年修订）,2017Q4.pdf,候选待年报复核,0,,,,,,,,已由当期行业分类证券简称标记：否,入口候选，非最终样本；仍须复核主营业务、涉农收入占比、ST/退市状态及核心变量缺失,,,,,,年度ST区间待核实,,
600359,2017,新疆塔里木农业综合开发股份有限公司,新农开发,上海证券交易所,19990429,交易所当前法人主表已覆盖,行业分类候选,,,,,1,新农开发,2017Q4,01,农业,否,中国证监会,《上市公司行业分类指引》（2012年修订）,2017Q4.pdf,候选待年报复核,0,,,,,,,,已由当期行业分类证券简称标记：否,入口候选，非最终样本；仍须复核主营业务、涉农收入占比、ST/退市状态及核心变量缺失,,,,,,年度ST区间待核实,,
600371,2017,万向德农股份有限公司,万向德农,上海证券交易所,20020916,交易所当前法人主表已覆盖,行业分类候选,,,,,1,万向德农,2017Q4,01,农业,否,中国证监会,《上市公司行业分类指引》（2012年修订）,2017Q4.pdf,候选待年报复核,0,,,,,,,,已由当期行业分类证券简称标记：否,入口候选，非最终样本；仍须复核主营业务、涉农收入占比、ST/退市状态及核心变量缺失,,,,,,年度ST区间待核实,,
600467,2017,山东好当家海洋发展股份有限公司,好当家,上海证券交易所,20040405,交易所当前法人主表已覆盖,行业分类候选,,,,,1,好当家,2017Q4,04,渔业,否,中国证监会,《上市公司行业分类指引》（2012年修订）,2017Q4.pdf,候选待年报复核,0,,,,,,,,已由当期行业分类证券简称标记：否,入口候选，非最终样本；仍须复核主营业务、涉农收入占比、ST/退市状态及核心变量缺失,,,,,,年度ST区间待核实,,
600506,2017,统一低碳科技(新疆)股份有限公司,统一股份,上海证券交易所,20011226,交易所当前法人主表已覆盖,行业分类候选,,,,,1,香梨股份,2017Q4,01,农业,否,中国证监会,《上市公司行业分类指引》（2012年修订）,2017Q4.pdf,候选待年报复核,0,,,,,,,,已由当期行业分类证券简称标记：否,入口候选，非最终样本；仍须复核主营业务、涉农收入占比、ST/退市状态及核心变量缺失,,,,,,年度ST区间待核实,,
600540,2017,新疆赛里木现代农业股份有限公司,新赛股份,上海证券交易所,20040107,交易所当前法人主表已覆盖,行业分类候选,,,,,1,*ST新赛,2017Q4,01,农业,是,中国证监会,《上市公司行业分类指引》（2012年修订）,2017Q4.pdf,候选待年报复核,0,,,,,,,,已由当期行业分类证券简称标记：是,入口候选，非最终样本；仍须复核主营业务、涉农收入占比、ST/退市状态及核心变量缺失,是,是,https://static.cninfo.com.cn/finalpage/2017-04-28/1203419548.PDF,https://static.cninfo.com.cn/finalpage/2018-04-04/1204587114.PDF,区间已闭合,已由法定公告核实本年存在ST风险警示,,
600598,2017,黑龙江北大荒农业股份有限公司,北大荒,上海证券交易所,20020329,交易所当前法人主表已覆盖,行业分类候选,,,,,1,北大荒,2017Q4,01,农业,否,中国证监会,《上市公司行业分类指引》（2012年修订）,2017Q4.pdf,候选待年报复核,0,,,,,,,,已由当期行业分类证券简称标记：否,入口候选，非最终样本；仍须复核主营业务、涉农收入占比、ST/退市状态及核心变量缺失,,,,,,年度ST区间待核实,,
600965,2017,河北福成五丰食品股份有限公司,*ST福成,上海证券交易所,20040713,交易所当前法人主表已覆盖,行业分类候选,,,,,1,福成股份,2017Q4,03,畜牧业,否,中国证监会,《上市公司行业分类指引》（2012年修订）,2017Q4.pdf,候选待年报复核,0,,,,,,,,已由当期行业分类证券简称标记：否,入口候选，非最终样本；仍须复核主营业务、涉农收入占比、ST/退市状态及核心变量缺失,,,,,,年度ST区间待核实,,
600975,2017,湖南新五丰股份有限公司,新五丰,上海证券交易所,20040609,交易所当前法人主表已覆盖,行业分类候选,,,,,1,新五丰,2017Q4,03,畜牧业,否,中国证监会,《上市公司行业分类指引》（2012年修订）,2017Q4.pdf,候选待年报复核,0,,,,,,,,已由当期行业分类证券简称标记：否,入口候选，非最终样本；仍须复核主营业务、涉农收入占比、ST/退市状态及核心变量缺失,,,,,,年度ST区间待核实,,
601118,2017,海南天然橡胶产业集团股份有限公司,海南橡胶,上海证券交易所,20110107,交易所当前法人主表已覆盖,行业分类候选,,,,,1,海南橡胶,2017Q4,01,农业,否,中国证监会,《上市公司行业分类指引》（2012年修订）,2017Q4.pdf,候选待年报复核,0,,,,,,,,已由当期行业分类证券简称标记：否,入口候选，非最终样本；仍须复核主营业务、涉农收入占比、ST/退市状态及核心变量缺失,,,,,,年度ST区间待核实,,
000538,2018,云南白药集团股份有限公司,云南白药,深圳证券交易所,1993-12-15,交易所当前法人主表已覆盖,龙头企业身份核实候选,,,,,0,,,,,,,,,,1,云南白药集团股份有限公司,2018,monitor_pass,https://xccys.moa.gov.cn/gzdt/201812/t20181205_6314544.htm,https://www.szse.cn/api/report/index/companyGeneralization?secCode=000538,当前交易所法人全称与官方名单标准化后完全一致,身份关系已核实候选；ST、退市时点及资格缺口仍待处理,待从公司年度证券状态来源核实,入口候选，非最终样本；仍须复核主营业务、涉农收入占比、ST/退市状态及核心变量缺失,,,,,,年度ST区间待核实,,
000568,2018,泸州老窖股份有限公司,泸州老窖,深圳证券交易所,1994-05-09,交易所当前法人主表已覆盖,龙头企业身份核实候选,,,,,0,,,,,,,,,,1,泸州老窖股份有限公司,2018,monitor_pass,https://xccys.moa.gov.cn/gzdt/201812/t20181205_6314544.htm,https://www.szse.cn/api/report/index/companyGeneralization?secCode=000568,当前交易所法人全称与官方名单标准化后完全一致,身份关系已核实候选；ST、退市时点及资格缺口仍待处理,待从公司年度证券状态来源核实,入口候选，非最终样本；仍须复核主营业务、涉农收入占比、ST/退市状态及核心变量缺失,,,,,,年度ST区间待核实,,
000592,2018,中福海峡（平潭）发展股份有限公司,平潭发展,深圳证券交易所,1996-03-27,交易所当前法人主表已覆盖,行业分类候选,,,,,1,平潭发展,2018Q4,02,林业,否,中国证监会,《上市公司行业分类指引》（2012年修订）,2018Q4.pdf,候选待年报复核,0,,,,,,,,已由当期行业分类证券简称标记：否,入口候选，非最终样本；仍须复核主营业务、涉农收入占比、ST/退市状态及核心变量缺失,,,,,,年度ST区间待核实,,
000623,2018,吉林敖东药业集团股份有限公司,吉林敖东,深圳证券交易所,1996-10-28,交易所当前法人主表已覆盖,龙头企业身份核实候选,,,,,0,,,,,,,,,,1,吉林敖东药业集团股份有限公司,2018,monitor_pass,https://xccys.moa.gov.cn/gzdt/201812/t20181205_6314544.htm,https://www.szse.cn/api/report/index/companyGeneralization?secCode=000623,当前交易所法人全称与官方名单标准化后完全一致,身份关系已核实候选；ST、退市时点及资格缺口仍待处理,待从公司年度证券状态来源核实,入口候选，非最终样本；仍须复核主营业务、涉农收入占比、ST/退市状态及核心变量缺失,,,,,,年度ST区间待核实,,
000663,2018,福建省永安林业(集团)股份有限公司,永安林业,深圳证券交易所,1996-12-06,交易所当前法人主表已覆盖,龙头企业身份核实候选,,,,,0,,,,,,,,,,1,福建省永安林业（集团）股份有限公司,2018,monitor_pass,https://xccys.moa.gov.cn/gzdt/201812/t20181205_6314544.htm,https://www.szse.cn/api/report/index/companyGeneralization?secCode=000663,当前交易所法人全称与官方名单标准化后完全一致,身份关系已核实候选；ST、退市时点及资格缺口仍待处理,待从公司年度证券状态来源核实,入口候选，非最终样本；仍须复核主营业务、涉农收入占比、ST/退市状态及核心变量缺失,,,,,,年度ST区间待核实,,
000713,2018,国投丰乐种业股份有限公司,国投丰乐,深圳证券交易所,1997-04-22,交易所当前法人主表已覆盖,行业分类候选+龙头企业身份核实候选,,,,,1,丰乐种业,2018Q4,05,农林牧渔服务业,否,中国证监会,《上市公司行业分类指引》（2012年修订）,2018Q4.pdf,候选待年报复核,1,合肥丰乐种业股份有限公司,2018,monitor_pass,https://xccys.moa.gov.cn/gzdt/201812/t20181205_6314544.htm,https://static.cninfo.com.cn/finalpage/2025-08-30/1224620910.PDF,半年度报告明确当前公司曾用名单名称且证券代码保持000713,身份关系已核实候选；ST、退市时点及资格缺口仍待处理,已由当期行业分类证券简称标记：否,入口候选，非最终样本；仍须复核主营业务、涉农收入占比、ST/退市状态及核心变量缺失,,,,,,年度ST区间待核实,,
000735,2018,罗牛山股份有限公司,罗 牛 山,深圳证券交易所,1997-06-11,交易所当前法人主表已覆盖,行业分类候选+龙头企业身份核实候选,,,,,1,罗牛山,2018Q4,03,畜牧业,否,中国证监会,《上市公司行业分类指引》（2012年修订）,2018Q4.pdf,候选待年报复核,1,罗牛山股份有限公司,2018,monitor_pass,https://xccys.moa.gov.cn/gzdt/201812/t20181205_6314544.htm,https://www.szse.cn/api/report/index/companyGeneralization?secCode=000735,当前交易所法人全称与官方名单标准化后完全一致,身份关系已核实候选；ST、退市时点及资格缺口仍待处理,已由当期行业分类证券简称标记：否,入口候选，非最终样本；仍须复核主营业务、涉农收入占比、ST/退市状态及核心变量缺失,,,,,,年度ST区间待核实,,
000798,2018,中水集团远洋股份有限公司,中水渔业,深圳证券交易所,1998-02-12,交易所当前法人主表已覆盖,行业分类候选,,,,,1,中水渔业,2018Q4,04,渔业,否,中国证监会,《上市公司行业分类指引》（2012年修订）,2018Q4.pdf,候选待年报复核,0,,,,,,,,已由当期行业分类证券简称标记：否,入口候选，非最终样本；仍须复核主营业务、涉农收入占比、ST/退市状态及核心变量缺失,,,,,,年度ST区间待核实,,
000848,2018,承德露露股份公司,承德露露,深圳证券交易所,1997-11-13,交易所当前法人主表已覆盖,龙头企业身份核实候选,,,,,0,,,,,,,,,,1,河北承德露露股份有限公司,2018,monitor_pass,https://xccys.moa.gov.cn/gzdt/201812/t20181205_6314544.htm,https://static.cninfo.com.cn/finalpage/2022-04-12/1212884374.PDF,上市公司公告列明由旧全称变更为当前全称；证券代码不变,身份关系已核实候选；ST、退市时点及资格缺口仍待处理,待从公司年度证券状态来源核实,入口候选，非最终样本；仍须复核主营业务、涉农收入占比、ST/退市状态及核心变量缺失,,,,,,年度ST区间待核实,,
000860,2018,北京顺鑫农业股份有限公司,顺鑫农业,深圳证券交易所,1998-11-04,交易所当前法人主表已覆盖,龙头企业身份核实候选,,,,,0,,,,,,,,,,1,北京顺鑫农业股份有限公司,2018,monitor_pass,https://xccys.moa.gov.cn/gzdt/201812/t20181205_6314544.htm,https://www.szse.cn/api/report/index/companyGeneralization?secCode=000860,当前交易所法人全称与官方名单标准化后完全一致,身份关系已核实候选；ST、退市时点及资格缺口仍待处理,待从公司年度证券状态来源核实,入口候选，非最终样本；仍须复核主营业务、涉农收入占比、ST/退市状态及核心变量缺失,,,,,,年度ST区间待核实,,
000910,2018,大亚圣象家居股份有限公司,大亚圣象,深圳证券交易所,1999-06-30,交易所当前法人主表已覆盖,龙头企业身份核实候选,,,,,0,,,,,,,,,,1,大亚圣象家居股份有限公司,2018,monitor_pass,https://xccys.moa.gov.cn/gzdt/201812/t20181205_6314544.htm,https://www.szse.cn/api/report/index/companyGeneralization?secCode=000910,当前交易所法人全称与官方名单标准化后完全一致,身份关系已核实候选；ST、退市时点及资格缺口仍待处理,待从公司年度证券状态来源核实,入口候选，非最终样本；仍须复核主营业务、涉农收入占比、ST/退市状态及核心变量缺失,,,,,,年度ST区间待核实,,
000998,2018,袁隆平农业高科技股份有限公司,隆平高科,深圳证券交易所,2000-12-11,交易所当前法人主表已覆盖,行业分类候选+龙头企业身份核实候选,,,,,1,隆平高科,2018Q4,01,农业,否,中国证监会,《上市公司行业分类指引》（2012年修订）,2018Q4.pdf,候选待年报复核,1,袁隆平农业高科技股份有限公司,2018,monitor_pass,https://xccys.moa.gov.cn/gzdt/201812/t20181205_6314544.htm,https://www.szse.cn/api/report/index/companyGeneralization?secCode=000998,当前交易所法人全称与官方名单标准化后完全一致,身份关系已核实候选；ST、退市时点及资格缺口仍待处理,已由当期行业分类证券简称标记：否,入口候选，非最终样本；仍须复核主营业务、涉农收入占比、ST/退市状态及核心变量缺失,,,,,,年度ST区间待核实,,
002041,2018,山东登海种业股份有限公司,登海种业,深圳证券交易所,2005-04-18,交易所当前法人主表已覆盖,行业分类候选,,,,,1,登海种业,2018Q4,01,农业,否,中国证监会,《上市公司行业分类指引》（2012年修订）,2018Q4.pdf,候选待年报复核,0,,,,,,,,已由当期行业分类证券简称标记：否,入口候选，非最终样本；仍须复核主营业务、涉农收入占比、ST/退市状态及核心变量缺失,,,,,,年度ST区间待核实,,
002069,2018,獐子岛集团股份有限公司,獐子岛,深圳证券交易所,2006-09-28,交易所当前法人主表已覆盖,行业分类候选+龙头企业身份核实候选,,,,,1,獐子岛,2018Q4,04,渔业,否,中国证监会,《上市公司行业分类指引》（2012年修订）,2018Q4.pdf,候选待年报复核,1,獐子岛集团股份有限公司,2018,monitor_pass,https://xccys.moa.gov.cn/gzdt/201812/t20181205_6314544.htm,https://www.szse.cn/api/report/index/companyGeneralization?secCode=002069,当前交易所法人全称与官方名单标准化后完全一致,身份关系已核实候选；ST、退市时点及资格缺口仍待处理,已由当期行业分类证券简称标记：否,入口候选，非最终样本；仍须复核主营业务、涉农收入占比、ST/退市状态及核心变量缺失,,,,,,年度ST区间待核实,,
002086,2018,山东东方海洋科技股份有限公司,东方海洋,深圳证券交易所,2006-11-28,交易所当前法人主表已覆盖,行业分类候选+龙头企业身份核实候选,,,,,1,东方海洋,2018Q4,04,渔业,否,中国证监会,《上市公司行业分类指引》（2012年修订）,2018Q4.pdf,候选待年报复核,1,山东东方海洋科技股份有限公司,2018,monitor_pass,https://xccys.moa.gov.cn/gzdt/201812/t20181205_6314544.htm,https://www.szse.cn/api/report/index/companyGeneralization?secCode=002086,当前交易所法人全称与官方名单标准化后完全一致,身份关系已核实候选；ST、退市时点及资格缺口仍待处理,已由当期行业分类证券简称标记：否,入口候选，非最终样本；仍须复核主营业务、涉农收入占比、ST/退市状态及核心变量缺失,,,,,,年度ST区间待核实,,
002100,2018,天康生物股份有限公司,天康生物,深圳证券交易所,2006-12-26,交易所当前法人主表已覆盖,龙头企业身份核实候选,,,,,0,,,,,,,,,,1,天康生物股份有限公司,2018,monitor_pass,https://xccys.moa.gov.cn/gzdt/201812/t20181205_6314544.htm,https://www.szse.cn/api/report/index/companyGeneralization?secCode=002100,当前交易所法人全称与官方名单标准化后完全一致,身份关系已核实候选；ST、退市时点及资格缺口仍待处理,待从公司年度证券状态来源核实,入口候选，非最终样本；仍须复核主营业务、涉农收入占比、ST/退市状态及核心变量缺失,,,,,,年度ST区间待核实,,
002124,2018,天邦食品股份有限公司,天邦食品,深圳证券交易所,2007-04-03,交易所当前法人主表已覆盖,龙头企业身份核实候选,,,,,0,,,,,,,,,,1,天邦食品股份有限公司,2018,monitor_pass,https://xccys.moa.gov.cn/gzdt/201812/t20181205_6314544.htm,https://www.szse.cn/api/report/index/companyGeneralization?secCode=002124,当前交易所法人全称与官方名单标准化后完全一致,身份关系已核实候选；ST、退市时点及资格缺口仍待处理,待从公司年度证券状态来源核实,入口候选，非最终样本；仍须复核主营业务、涉农收入占比、ST/退市状态及核心变量缺失,,,,,,年度ST区间待核实,,
002166,2018,桂林莱茵生物科技股份有限公司,莱茵生物,深圳证券交易所,2007-09-13,交易所当前法人主表已覆盖,龙头企业身份核实候选,,,,,0,,,,,,,,,,1,桂林莱茵生物科技股份有限公司,2018,monitor_pass,https://xccys.moa.gov.cn/gzdt/201812/t20181205_6314544.htm,https://www.szse.cn/api/report/index/companyGeneralization?secCode=002166,当前交易所法人全称与官方名单标准化后完全一致,身份关系已核实候选；ST、退市时点及资格缺口仍待处理,待从公司年度证券状态来源核实,入口候选，非最终样本；仍须复核主营业务、涉农收入占比、ST/退市状态及核心变量缺失,,,,,,年度ST区间待核实,,
002200,2018,云南交投生态科技股份有限公司,交投生态,深圳证券交易所,2007-12-21,交易所当前法人主表已覆盖,行业分类候选,,,,,1,云投生态,2018Q4,02,林业,否,中国证监会,《上市公司行业分类指引》（2012年修订）,2018Q4.pdf,候选待年报复核,0,,,,,,,,已由当期行业分类证券简称标记：否,入口候选，非最终样本；仍须复核主营业务、涉农收入占比、ST/退市状态及核心变量缺失,,,,,,年度ST区间待核实,,
002216,2018,三全食品股份有限公司,三全食品,深圳证券交易所,2008-02-20,交易所当前法人主表已覆盖,龙头企业身份核实候选,,,,,0,,,,,,,,,,1,三全食品股份有限公司,2018,monitor_pass,https://xccys.moa.gov.cn/gzdt/201812/t20181205_6314544.htm,https://www.szse.cn/api/report/index/companyGeneralization?secCode=002216,当前交易所法人全称与官方名单标准化后完全一致,身份关系已核实候选；ST、退市时点及资格缺口仍待处理,待从公司年度证券状态来源核实,入口候选，非最终样本；仍须复核主营业务、涉农收入占比、ST/退市状态及核心变量缺失,,,,,,年度ST区间待核实,,
002234,2018,山东民和牧业股份有限公司,民和股份,深圳证券交易所,2008-05-16,交易所当前法人主表已覆盖,行业分类候选+龙头企业身份核实候选,,,,,1,民和股份,2018Q4,03,畜牧业,否,中国证监会,《上市公司行业分类指引》（2012年修订）,2018Q4.pdf,候选待年报复核,1,山东民和牧业股份有限公司,2018,monitor_pass,https://xccys.moa.gov.cn/gzdt/201812/t20181205_6314544.htm,https://www.szse.cn/api/report/index/companyGeneralization?secCode=002234,当前交易所法人全称与官方名单标准化后完全一致,身份关系已核实候选；ST、退市时点及资格缺口仍待处理,已由当期行业分类证券简称标记：否,入口候选，非最终样本；仍须复核主营业务、涉农收入占比、ST/退市状态及核心变量缺失,,,,,,年度ST区间待核实,,
002286,2018,保龄宝生物股份有限公司,保龄宝,深圳证券交易所,2009-08-28,交易所当前法人主表已覆盖,龙头企业身份核实候选,,,,,0,,,,,,,,,,1,保龄宝生物股份有限公司,2018,monitor_pass,https://xccys.moa.gov.cn/gzdt/201812/t20181205_6314544.htm,https://www.szse.cn/api/report/index/companyGeneralization?secCode=002286,当前交易所法人全称与官方名单标准化后完全一致,身份关系已核实候选；ST、退市时点及资格缺口仍待处理,待从公司年度证券状态来源核实,入口候选，非最终样本；仍须复核主营业务、涉农收入占比、ST/退市状态及核心变量缺失,,,,,,年度ST区间待核实,,
002299,2018,福建圣农发展股份有限公司,圣农发展,深圳证券交易所,2009-10-21,交易所当前法人主表已覆盖,行业分类候选,,,,,1,圣农发展,2018Q4,03,畜牧业,否,中国证监会,《上市公司行业分类指引》（2012年修订）,2018Q4.pdf,候选待年报复核,0,,,,,,,,已由当期行业分类证券简称标记：否,入口候选，非最终样本；仍须复核主营业务、涉农收入占比、ST/退市状态及核心变量缺失,,,,,,年度ST区间待核实,,
002311,2018,广东海大集团股份有限公司,海大集团,深圳证券交易所,2009-11-27,交易所当前法人主表已覆盖,龙头企业身份核实候选,,,,,0,,,,,,,,,,1,广东海大集团股份有限公司,2018,monitor_pass,https://xccys.moa.gov.cn/gzdt/201812/t20181205_6314544.htm,https://www.szse.cn/api/report/index/companyGeneralization?secCode=002311,当前交易所法人全称与官方名单标准化后完全一致,身份关系已核实候选；ST、退市时点及资格缺口仍待处理,待从公司年度证券状态来源核实,入口候选，非最终样本；仍须复核主营业务、涉农收入占比、ST/退市状态及核心变量缺失,,,,,,年度ST区间待核实,,
002321,2018,河南华英农业发展股份有限公司,华英农业,深圳证券交易所,2009-12-16,交易所当前法人主表已覆盖,行业分类候选+龙头企业身份核实候选,,,,,1,华英农业,2018Q4,03,畜牧业,否,中国证监会,《上市公司行业分类指引》（2012年修订）,2018Q4.pdf,候选待年报复核,1,河南华英农业发展股份有限公司,2018,monitor_pass,https://xccys.moa.gov.cn/gzdt/201812/t20181205_6314544.htm,https://www.szse.cn/api/report/index/companyGeneralization?secCode=002321,当前交易所法人全称与官方名单标准化后完全一致,身份关系已核实候选；ST、退市时点及资格缺口仍待处理,已由当期行业分类证券简称标记：否,入口候选，非最终样本；仍须复核主营业务、涉农收入占比、ST/退市状态及核心变量缺失,,,,,,年度ST区间待核实,,
002329,2018,皇氏集团股份有限公司,皇氏集团,深圳证券交易所,2010-01-06,交易所当前法人主表已覆盖,龙头企业身份核实候选,,,,,0,,,,,,,,,,1,皇氏集团股份有限公司,2018,monitor_pass,https://xccys.moa.gov.cn/gzdt/201812/t20181205_6314544.htm,https://www.szse.cn/api/report/index/companyGeneralization?secCode=002329,当前交易所法人全称与官方名单标准化后完全一致,身份关系已核实候选；ST、退市时点及资格缺口仍待处理,待从公司年度证券状态来源核实,入口候选，非最终样本；仍须复核主营业务、涉农收入占比、ST/退市状态及核心变量缺失,,,,,,年度ST区间待核实,,
002385,2018,北京大北农科技集团股份有限公司,大北农,深圳证券交易所,2010-04-09,交易所当前法人主表已覆盖,龙头企业身份核实候选,,,,,0,,,,,,,,,,1,北京大北农科技集团股份有限公司,2018,monitor_pass,https://xccys.moa.gov.cn/gzdt/201812/t20181205_6314544.htm,https://www.szse.cn/api/report/index/companyGeneralization?secCode=002385,当前交易所法人全称与官方名单标准化后完全一致,身份关系已核实候选；ST、退市时点及资格缺口仍待处理,待从公司年度证券状态来源核实,入口候选，非最终样本；仍须复核主营业务、涉农收入占比、ST/退市状态及核心变量缺失,,,,,,年度ST区间待核实,,
002390,2018,贵州信邦制药股份有限公司,信邦制药,深圳证券交易所,2010-04-16,交易所当前法人主表已覆盖,龙头企业身份核实候选,,,,,0,,,,,,,,,,1,贵州信邦制药股份有限公司,2018,monitor_pass,https://xccys.moa.gov.cn/gzdt/201812/t20181205_6314544.htm,https://www.szse.cn/api/report/index/companyGeneralization?secCode=002390,当前交易所法人全称与官方名单标准化后完全一致,身份关系已核实候选；ST、退市时点及资格缺口仍待处理,待从公司年度证券状态来源核实,入口候选，非最终样本；仍须复核主营业务、涉农收入占比、ST/退市状态及核心变量缺失,,,,,,年度ST区间待核实,,
002424,2018,贵州百灵企业集团制药股份有限公司,ST百灵,深圳证券交易所,2010-06-03,交易所当前法人主表已覆盖,龙头企业身份核实候选,,,,,0,,,,,,,,,,1,贵州百灵企业集团制药股份有限公司,2018,monitor_pass,https://xccys.moa.gov.cn/gzdt/201812/t20181205_6314544.htm,https://www.szse.cn/api/report/index/companyGeneralization?secCode=002424,当前交易所法人全称与官方名单标准化后完全一致,身份关系已核实候选；ST、退市时点及资格缺口仍待处理,待从公司年度证券状态来源核实,入口候选，非最终样本；仍须复核主营业务、涉农收入占比、ST/退市状态及核心变量缺失,,,,,,年度ST区间待核实,,
002431,2018,棕榈生态城镇发展股份有限公司,ST棕榈,深圳证券交易所,2010-06-10,交易所当前法人主表已覆盖,龙头企业身份核实候选,,,,,0,,,,,,,,,,1,棕榈生态城镇发展股份有限公司,2018,monitor_pass,https://xccys.moa.gov.cn/gzdt/201812/t20181205_6314544.htm,https://www.szse.cn/api/report/index/companyGeneralization?secCode=002431,当前交易所法人全称与官方名单标准化后完全一致,身份关系已核实候选；ST、退市时点及资格缺口仍待处理,待从公司年度证券状态来源核实,入口候选，非最终样本；仍须复核主营业务、涉农收入占比、ST/退市状态及核心变量缺失,,,,,,年度ST区间待核实,,
002458,2018,山东益生种畜禽股份有限公司,益生股份,深圳证券交易所,2010-08-10,交易所当前法人主表已覆盖,行业分类候选+龙头企业身份核实候选,,,,,1,益生股份,2018Q4,03,畜牧业,否,中国证监会,《上市公司行业分类指引》（2012年修订）,2018Q4.pdf,候选待年报复核,1,山东益生种畜禽股份有限公司,2018,monitor_pass,https://xccys.moa.gov.cn/gzdt/201812/t20181205_6314544.htm,https://www.szse.cn/api/report/index/companyGeneralization?secCode=002458,当前交易所法人全称与官方名单标准化后完全一致,身份关系已核实候选；ST、退市时点及资格缺口仍待处理,已由当期行业分类证券简称标记：否,入口候选，非最终样本；仍须复核主营业务、涉农收入占比、ST/退市状态及核心变量缺失,,,,,,年度ST区间待核实,,
002477,2018,雏鹰农牧集团股份有限公司,,,,当年法人全称已由历史法定披露核实,行业分类候选,https://static.cninfo.com.cn/finalpage/2019-04-25/1206091329.PDF,2018年度报告直接核实,2019-10-22,https://www.szse.cn/disclosure/notice/general/t20191028_571600.html,1,雏鹰农牧,2018Q4,03,畜牧业,否,中国证监会,《上市公司行业分类指引》（2012年修订）,2018Q4.pdf,候选待年报复核,0,,,,,,,,已由当期行业分类证券简称标记：否,入口候选，非最终样本；仍须复核主营业务、涉农收入占比、ST/退市状态及核心变量缺失,,,,,,年度ST区间待核实,,
002507,2018,重庆市涪陵榨菜集团股份有限公司,涪陵榨菜,深圳证券交易所,2010-11-23,交易所当前法人主表已覆盖,龙头企业身份核实候选,,,,,0,,,,,,,,,,1,重庆市涪陵榨菜集团股份有限公司,2018,monitor_pass,https://xccys.moa.gov.cn/gzdt/201812/t20181205_6314544.htm,https://www.szse.cn/api/report/index/companyGeneralization?secCode=002507,当前交易所法人全称与官方名单标准化后完全一致,身份关系已核实候选；ST、退市时点及资格缺口仍待处理,待从公司年度证券状态来源核实,入口候选，非最终样本；仍须复核主营业务、涉农收入占比、ST/退市状态及核心变量缺失,,,,,,年度ST区间待核实,,
002557,2018,洽洽食品股份有限公司,洽洽食品,深圳证券交易所,2011-03-02,交易所当前法人主表已覆盖,龙头企业身份核实候选,,,,,0,,,,,,,,,,1,洽洽食品股份有限公司,2018,monitor_pass,https://xccys.moa.gov.cn/gzdt/201812/t20181205_6314544.htm,https://www.szse.cn/api/report/index/companyGeneralization?secCode=002557,当前交易所法人全称与官方名单标准化后完全一致,身份关系已核实候选；ST、退市时点及资格缺口仍待处理,待从公司年度证券状态来源核实,入口候选，非最终样本；仍须复核主营业务、涉农收入占比、ST/退市状态及核心变量缺失,,,,,,年度ST区间待核实,,
002566,2018,吉林省集安益盛药业股份有限公司,益盛药业,深圳证券交易所,2011-03-18,交易所当前法人主表已覆盖,龙头企业身份核实候选,,,,,0,,,,,,,,,,1,吉林省集安益盛药业股份有限公司,2018,monitor_pass,https://xccys.moa.gov.cn/gzdt/201812/t20181205_6314544.htm,https://www.szse.cn/api/report/index/companyGeneralization?secCode=002566,当前交易所法人全称与官方名单标准化后完全一致,身份关系已核实候选；ST、退市时点及资格缺口仍待处理,待从公司年度证券状态来源核实,入口候选，非最终样本；仍须复核主营业务、涉农收入占比、ST/退市状态及核心变量缺失,,,,,,年度ST区间待核实,,
002567,2018,唐人神集团股份有限公司,唐人神,深圳证券交易所,2011-03-25,交易所当前法人主表已覆盖,龙头企业身份核实候选,,,,,0,,,,,,,,,,1,唐人神集团股份有限公司,2018,monitor_pass,https://xccys.moa.gov.cn/gzdt/201812/t20181205_6314544.htm,https://www.szse.cn/api/report/index/companyGeneralization?secCode=002567,当前交易所法人全称与官方名单标准化后完全一致,身份关系已核实候选；ST、退市时点及资格缺口仍待处理,待从公司年度证券状态来源核实,入口候选，非最终样本；仍须复核主营业务、涉农收入占比、ST/退市状态及核心变量缺失,,,,,,年度ST区间待核实,,
002582,2018,好想你健康食品股份有限公司,好想你,深圳证券交易所,2011-05-20,交易所当前法人主表已覆盖,龙头企业身份核实候选,,,,,0,,,,,,,,,,1,好想你健康食品股份有限公司,2018,monitor_pass,https://xccys.moa.gov.cn/gzdt/201812/t20181205_6314544.htm,https://www.szse.cn/api/report/index/companyGeneralization?secCode=002582,当前交易所法人全称与官方名单标准化后完全一致,身份关系已核实候选；ST、退市时点及资格缺口仍待处理,待从公司年度证券状态来源核实,入口候选，非最终样本；仍须复核主营业务、涉农收入占比、ST/退市状态及核心变量缺失,,,,,,年度ST区间待核实,,
002650,2018,加加食品集团股份有限公司,ST加加,深圳证券交易所,2012-01-06,交易所当前法人主表已覆盖,龙头企业身份核实候选,,,,,0,,,,,,,,,,1,加加食品集团股份有限公司,2018,monitor_pass,https://xccys.moa.gov.cn/gzdt/201812/t20181205_6314544.htm,https://www.szse.cn/api/report/index/companyGeneralization?secCode=002650,当前交易所法人全称与官方名单标准化后完全一致,身份关系已核实候选；ST、退市时点及资格缺口仍待处理,待从公司年度证券状态来源核实,入口候选，非最终样本；仍须复核主营业务、涉农收入占比、ST/退市状态及核心变量缺失,,,,,,年度ST区间待核实,,
002679,2018,福建金森林业股份有限公司,福建金森,深圳证券交易所,2012-06-05,交易所当前法人主表已覆盖,行业分类候选,,,,,1,福建金森,2018Q4,02,林业,否,中国证监会,《上市公司行业分类指引》（2012年修订）,2018Q4.pdf,候选待年报复核,0,,,,,,,,已由当期行业分类证券简称标记：否,入口候选，非最终样本；仍须复核主营业务、涉农收入占比、ST/退市状态及核心变量缺失,,,,,,年度ST区间待核实,,
002688,2018,金河生物科技股份有限公司,金河生物,深圳证券交易所,2012-07-13,交易所当前法人主表已覆盖,龙头企业身份核实候选,,,,,0,,,,,,,,,,1,金河生物科技股份有限公司,2018,monitor_pass,https://xccys.moa.gov.cn/gzdt/201812/t20181205_6314544.htm,https://www.szse.cn/api/report/index/companyGeneralization?secCode=002688,当前交易所法人全称与官方名单标准化后完全一致,身份关系已核实候选；ST、退市时点及资格缺口仍待处理,待从公司年度证券状态来源核实,入口候选，非最终样本；仍须复核主营业务、涉农收入占比、ST/退市状态及核心变量缺失,,,,,,年度ST区间待核实,,
002696,2018,百洋产业投资集团股份有限公司,百洋股份,深圳证券交易所,2012-09-05,交易所当前法人主表已覆盖,行业分类候选+龙头企业身份核实候选,,,,,1,百洋股份,2018Q4,04,渔业,否,中国证监会,《上市公司行业分类指引》（2012年修订）,2018Q4.pdf,候选待年报复核,1,百洋产业投资集团股份有限公司,2018,monitor_pass,https://xccys.moa.gov.cn/gzdt/201812/t20181205_6314544.htm,https://www.szse.cn/api/report/index/companyGeneralization?secCode=002696,当前交易所法人全称与官方名单标准化后完全一致,身份关系已核实候选；ST、退市时点及资格缺口仍待处理,已由当期行业分类证券简称标记：否,入口候选，非最终样本；仍须复核主营业务、涉农收入占比、ST/退市状态及核心变量缺失,,,,,,年度ST区间待核实,,
002702,2018,海欣食品股份有限公司,海欣食品,深圳证券交易所,2012-10-11,交易所当前法人主表已覆盖,龙头企业身份核实候选,,,,,0,,,,,,,,,,1,海欣食品股份有限公司,2018,monitor_pass,https://xccys.moa.gov.cn/gzdt/201812/t20181205_6314544.htm,https://www.szse.cn/api/report/index/companyGeneralization?secCode=002702,当前交易所法人全称与官方名单标准化后完全一致,身份关系已核实候选；ST、退市时点及资格缺口仍待处理,待从公司年度证券状态来源核实,入口候选，非最终样本；仍须复核主营业务、涉农收入占比、ST/退市状态及核心变量缺失,,,,,,年度ST区间待核实,,
002714,2018,牧原食品集团股份有限公司,牧原股份,深圳证券交易所,2014-01-28,交易所当前法人主表已覆盖,行业分类候选+龙头企业身份核实候选,,,,,1,牧原股份,2018Q4,03,畜牧业,否,中国证监会,《上市公司行业分类指引》（2012年修订）,2018Q4.pdf,候选待年报复核,1,牧原食品股份有限公司,2018,monitor_pass,https://xccys.moa.gov.cn/gzdt/201812/t20181205_6314544.htm,https://static.cninfo.com.cn/finalpage/2026-02-26/1224984472.PDF,上市公司更名公告明确法律主体不变；交易所当前全称已更新,身份关系已核实候选；ST、退市时点及资格缺口仍待处理,已由当期行业分类证券简称标记：否,入口候选，非最终样本；仍须复核主营业务、涉农收入占比、ST/退市状态及核心变量缺失,,,,,,年度ST区间待核实,,
002719,2018,麦趣尔集团股份有限公司,ST麦趣,深圳证券交易所,2014-01-28,交易所当前法人主表已覆盖,龙头企业身份核实候选,,,,,0,,,,,,,,,,1,麦趣尔集团股份有限公司,2018,monitor_pass,https://xccys.moa.gov.cn/gzdt/201812/t20181205_6314544.htm,https://www.szse.cn/api/report/index/companyGeneralization?secCode=002719,当前交易所法人全称与官方名单标准化后完全一致,身份关系已核实候选；ST、退市时点及资格缺口仍待处理,待从公司年度证券状态来源核实,入口候选，非最终样本；仍须复核主营业务、涉农收入占比、ST/退市状态及核心变量缺失,,,,,,年度ST区间待核实,,
002732,2018,广东燕塘乳业股份有限公司,燕塘乳业,深圳证券交易所,2014-12-05,交易所当前法人主表已覆盖,龙头企业身份核实候选,,,,,0,,,,,,,,,,1,广东燕塘乳业股份有限公司,2018,monitor_pass,https://xccys.moa.gov.cn/gzdt/201812/t20181205_6314544.htm,https://www.szse.cn/api/report/index/companyGeneralization?secCode=002732,当前交易所法人全称与官方名单标准化后完全一致,身份关系已核实候选；ST、退市时点及资格缺口仍待处理,待从公司年度证券状态来源核实,入口候选，非最终样本；仍须复核主营业务、涉农收入占比、ST/退市状态及核心变量缺失,,,,,,年度ST区间待核实,,
002746,2018,山东仙坛集团股份有限公司,仙坛股份,深圳证券交易所,2015-02-16,交易所当前法人主表已覆盖,行业分类候选+龙头企业身份核实候选,,,,,1,仙坛股份,2018Q4,03,畜牧业,否,中国证监会,《上市公司行业分类指引》（2012年修订）,2018Q4.pdf,候选待年报复核,1,山东仙坛股份有限公司,2018,monitor_pass,https://xccys.moa.gov.cn/gzdt/201812/t20181205_6314544.htm,https://static.cninfo.com.cn/finalpage/2025-11-18/1224808717.PDF,上市公司公告列明由旧全称变更为当前全称且证券代码保持不变,身份关系已核实候选；ST、退市时点及资格缺口仍待处理,已由当期行业分类证券简称标记：否,入口候选，非最终样本；仍须复核主营业务、涉农收入占比、ST/退市状态及核心变量缺失,,,,,,年度ST区间待核实,,
002772,2018,天水众兴菌业科技股份有限公司,众兴菌业,深圳证券交易所,2015-06-26,交易所当前法人主表已覆盖,行业分类候选+龙头企业身份核实候选,,,,,1,众兴菌业,2018Q4,01,农业,否,中国证监会,《上市公司行业分类指引》（2012年修订）,2018Q4.pdf,候选待年报复核,1,天水众兴菌业科技股份有限公司,2018,monitor_pass,https://xccys.moa.gov.cn/gzdt/201812/t20181205_6314544.htm,https://www.szse.cn/api/report/index/companyGeneralization?secCode=002772,当前交易所法人全称与官方名单标准化后完全一致,身份关系已核实候选；ST、退市时点及资格缺口仍待处理,已由当期行业分类证券简称标记：否,入口候选，非最终样本；仍须复核主营业务、涉农收入占比、ST/退市状态及核心变量缺失,,,,,,年度ST区间待核实,,
002852,2018,道道全粮油股份有限公司,道道全,深圳证券交易所,2017-03-10,交易所当前法人主表已覆盖,龙头企业身份核实候选,,,,,0,,,,,,,,,,1,道道全粮油股份有限公司,2018,monitor_pass,https://xccys.moa.gov.cn/gzdt/201812/t20181205_6314544.htm,https://www.szse.cn/api/report/index/companyGeneralization?secCode=002852,当前交易所法人全称与官方名单标准化后完全一致,身份关系已核实候选；ST、退市时点及资格缺口仍待处理,待从公司年度证券状态来源核实,入口候选，非最终样本；仍须复核主营业务、涉农收入占比、ST/退市状态及核心变量缺失,,,,,,年度ST区间待核实,,
002873,2018,贵阳新天药业股份有限公司,新天药业,深圳证券交易所,2017-05-19,交易所当前法人主表已覆盖,龙头企业身份核实候选,,,,,0,,,,,,,,,,1,贵阳新天药业股份有限公司,2018,monitor_pass,https://xccys.moa.gov.cn/gzdt/201812/t20181205_6314544.htm,https://www.szse.cn/api/report/index/companyGeneralization?secCode=002873,当前交易所法人全称与官方名单标准化后完全一致,身份关系已核实候选；ST、退市时点及资格缺口仍待处理,待从公司年度证券状态来源核实,入口候选，非最终样本；仍须复核主营业务、涉农收入占比、ST/退市状态及核心变量缺失,,,,,,年度ST区间待核实,,
002910,2018,兰州庄园牧场股份有限公司,庄园牧场,深圳证券交易所,2017-10-31,交易所当前法人主表已覆盖,龙头企业身份核实候选,,,,,0,,,,,,,,,,1,兰州庄园牧场股份有限公司,2018,monitor_pass,https://xccys.moa.gov.cn/gzdt/201812/t20181205_6314544.htm,https://www.szse.cn/api/report/index/companyGeneralization?secCode=002910,当前交易所法人全称与官方名单标准化后完全一致,身份关系已核实候选；ST、退市时点及资格缺口仍待处理,待从公司年度证券状态来源核实,入口候选，非最终样本；仍须复核主营业务、涉农收入占比、ST/退市状态及核心变量缺失,,,,,,年度ST区间待核实,,
300087,2018,安徽荃银高科种业股份有限公司,ST荃银,深圳证券交易所,2010-05-26,交易所当前法人主表已覆盖,行业分类候选,,,,,1,荃银高科,2018Q4,01,农业,否,中国证监会,《上市公司行业分类指引》（2012年修订）,2018Q4.pdf,候选待年报复核,0,,,,,,,,已由当期行业分类证券简称标记：否,入口候选，非最终样本；仍须复核主营业务、涉农收入占比、ST/退市状态及核心变量缺失,,,,,,年度ST区间待核实,,
300094,2018,湛江国联水产开发股份有限公司,国联水产,深圳证券交易所,2010-07-08,交易所当前法人主表已覆盖,行业分类候选+龙头企业身份核实候选,,,,,1,国联水产,2018Q4,04,渔业,否,中国证监会,《上市公司行业分类指引》（2012年修订）,2018Q4.pdf,候选待年报复核,1,湛江国联水产开发股份有限公司,2018,monitor_pass,https://xccys.moa.gov.cn/gzdt/201812/t20181205_6314544.htm,https://www.szse.cn/api/report/index/companyGeneralization?secCode=300094,当前交易所法人全称与官方名单标准化后完全一致,身份关系已核实候选；ST、退市时点及资格缺口仍待处理,已由当期行业分类证券简称标记：否,入口候选，非最终样本；仍须复核主营业务、涉农收入占比、ST/退市状态及核心变量缺失,,,,,,年度ST区间待核实,,
300106,2018,新疆西部牧业股份有限公司,西部牧业,深圳证券交易所,2010-08-20,交易所当前法人主表已覆盖,行业分类候选,,,,,1,西部牧业,2018Q4,03,畜牧业,否,中国证监会,《上市公司行业分类指引》（2012年修订）,2018Q4.pdf,候选待年报复核,0,,,,,,,,已由当期行业分类证券简称标记：否,入口候选，非最终样本；仍须复核主营业务、涉农收入占比、ST/退市状态及核心变量缺失,,,,,,年度ST区间待核实,,
300138,2018,晨光生物科技集团股份有限公司,晨光生物,深圳证券交易所,2010-11-05,交易所当前法人主表已覆盖,龙头企业身份核实候选,,,,,0,,,,,,,,,,1,晨光生物科技集团股份有限公司,2018,monitor_pass,https://xccys.moa.gov.cn/gzdt/201812/t20181205_6314544.htm,https://www.szse.cn/api/report/index/companyGeneralization?secCode=300138,当前交易所法人全称与官方名单标准化后完全一致,身份关系已核实候选；ST、退市时点及资格缺口仍待处理,待从公司年度证券状态来源核实,入口候选，非最终样本；仍须复核主营业务、涉农收入占比、ST/退市状态及核心变量缺失,,,,,,年度ST区间待核实,,
300189,2018,海南神农种业科技股份有限公司,神农种业,深圳证券交易所,2011-03-16,交易所当前法人主表已覆盖,行业分类候选+龙头企业身份核实候选,,,,,1,神农基因,2018Q4,01,农业,否,中国证监会,《上市公司行业分类指引》（2012年修订）,2018Q4.pdf,候选待年报复核,1,海南神农基因科技股份有限公司,2018,monitor_pass,https://xccys.moa.gov.cn/gzdt/201812/t20181205_6314544.htm,https://static.cninfo.com.cn/finalpage/2025-04-26/1223326682.PDF,2024年年度报告明确名单名称为当前上市公司的原名,身份关系已核实候选；ST、退市时点及资格缺口仍待处理,已由当期行业分类证券简称标记：否,入口候选，非最终样本；仍须复核主营业务、涉农收入占比、ST/退市状态及核心变量缺失,,,,,,年度ST区间待核实,,
300498,2018,温氏食品集团股份有限公司,温氏股份,深圳证券交易所,2015-11-02,交易所当前法人主表已覆盖,行业分类候选+龙头企业身份核实候选,,,,,1,温氏股份,2018Q4,03,畜牧业,否,中国证监会,《上市公司行业分类指引》（2012年修订）,2018Q4.pdf,候选待年报复核,1,广东温氏食品集团股份有限公司,2018,monitor_pass,https://xccys.moa.gov.cn/gzdt/201812/t20181205_6314544.htm,https://static.cninfo.com.cn/finalpage/2018-08-16/1205296769.PDF,上市公司完成公司名称工商登记变更公告,身份关系已核实候选；ST、退市时点及资格缺口仍待处理,已由当期行业分类证券简称标记：否,入口候选，非最终样本；仍须复核主营业务、涉农收入占比、ST/退市状态及核心变量缺失,,,,,,年度ST区间待核实,,
300511,2018,上海雪榕生物科技股份有限公司,雪榕生物,深圳证券交易所,2016-05-04,交易所当前法人主表已覆盖,行业分类候选+龙头企业身份核实候选,,,,,1,雪榕生物,2018Q4,01,农业,否,中国证监会,《上市公司行业分类指引》（2012年修订）,2018Q4.pdf,候选待年报复核,1,上海雪榕生物科技股份有限公司,2018,monitor_pass,https://xccys.moa.gov.cn/gzdt/201812/t20181205_6314544.htm,https://www.szse.cn/api/report/index/companyGeneralization?secCode=300511,当前交易所法人全称与官方名单标准化后完全一致,身份关系已核实候选；ST、退市时点及资格缺口仍待处理,已由当期行业分类证券简称标记：否,入口候选，非最终样本；仍须复核主营业务、涉农收入占比、ST/退市状态及核心变量缺失,,,,,,年度ST区间待核实,,
600097,2018,上海开创国际海洋资源股份有限公司,开创国际,上海证券交易所,19970619,交易所当前法人主表已覆盖,行业分类候选,,,,,1,开创国际,2018Q4,04,渔业,否,中国证监会,《上市公司行业分类指引》（2012年修订）,2018Q4.pdf,候选待年报复核,0,,,,,,,,已由当期行业分类证券简称标记：否,入口候选，非最终样本；仍须复核主营业务、涉农收入占比、ST/退市状态及核心变量缺失,,,,,,年度ST区间待核实,,
600108,2018,甘肃亚盛实业(集团)股份有限公司,亚盛集团,上海证券交易所,19970818,交易所当前法人主表已覆盖,行业分类候选+龙头企业身份核实候选,,,,,1,亚盛集团,2018Q4,01,农业,否,中国证监会,《上市公司行业分类指引》（2012年修订）,2018Q4.pdf,候选待年报复核,1,甘肃亚盛实业（集团）股份有限公司,2018,monitor_pass,https://xccys.moa.gov.cn/gzdt/201812/t20181205_6314544.htm,https://query.sse.com.cn/commonQuery.do?sqlId=COMMON_SSE_CP_GPJCTPZ_GPLB_GP_L,当前交易所法人全称与官方名单标准化后完全一致,身份关系已核实候选；ST、退市时点及资格缺口仍待处理,已由当期行业分类证券简称标记：否,入口候选，非最终样本；仍须复核主营业务、涉农收入占比、ST/退市状态及核心变量缺失,,,,,,年度ST区间待核实,,
600127,2018,金健米业股份有限公司,金健米业,上海证券交易所,19980506,交易所当前法人主表已覆盖,龙头企业身份核实候选,,,,,0,,,,,,,,,,1,金健米业股份有限公司,2018,monitor_pass,https://xccys.moa.gov.cn/gzdt/201812/t20181205_6314544.htm,https://query.sse.com.cn/commonQuery.do?sqlId=COMMON_SSE_CP_GPJCTPZ_GPLB_GP_L,当前交易所法人全称与官方名单标准化后完全一致,身份关系已核实候选；ST、退市时点及资格缺口仍待处理,待从公司年度证券状态来源核实,入口候选，非最终样本；仍须复核主营业务、涉农收入占比、ST/退市状态及核心变量缺失,,,,,,年度ST区间待核实,,
600129,2018,重庆太极实业(集团)股份有限公司,太极集团,上海证券交易所,19971118,交易所当前法人主表已覆盖,龙头企业身份核实候选,,,,,0,,,,,,,,,,1,重庆太极实业（集团）股份有限公司,2018,monitor_pass,https://xccys.moa.gov.cn/gzdt/201812/t20181205_6314544.htm,https://query.sse.com.cn/commonQuery.do?sqlId=COMMON_SSE_CP_GPJCTPZ_GPLB_GP_L,当前交易所法人全称与官方名单标准化后完全一致,身份关系已核实候选；ST、退市时点及资格缺口仍待处理,待从公司年度证券状态来源核实,入口候选，非最终样本；仍须复核主营业务、涉农收入占比、ST/退市状态及核心变量缺失,,,,,,年度ST区间待核实,,
600195,2018,中牧实业股份有限公司,中牧股份,上海证券交易所,19990107,交易所当前法人主表已覆盖,龙头企业身份核实候选,,,,,0,,,,,,,,,,1,中牧实业股份有限公司,2018,monitor_pass,https://xccys.moa.gov.cn/gzdt/201812/t20181205_6314544.htm,https://query.sse.com.cn/commonQuery.do?sqlId=COMMON_SSE_CP_GPJCTPZ_GPLB_GP_L,当前交易所法人全称与官方名单标准化后完全一致,身份关系已核实候选；ST、退市时点及资格缺口仍待处理,待从公司年度证券状态来源核实,入口候选，非最终样本；仍须复核主营业务、涉农收入占比、ST/退市状态及核心变量缺失,,,,,,年度ST区间待核实,,
600211,2018,西藏诺迪康药业股份有限公司,西藏药业,上海证券交易所,19990721,交易所当前法人主表已覆盖,龙头企业身份核实候选,,,,,0,,,,,,,,,,1,西藏诺迪康药业股份有限公司,2018,monitor_pass,https://xccys.moa.gov.cn/gzdt/201812/t20181205_6314544.htm,https://query.sse.com.cn/commonQuery.do?sqlId=COMMON_SSE_CP_GPJCTPZ_GPLB_GP_L,当前交易所法人全称与官方名单标准化后完全一致,身份关系已核实候选；ST、退市时点及资格缺口仍待处理,待从公司年度证券状态来源核实,入口候选，非最终样本；仍须复核主营业务、涉农收入占比、ST/退市状态及核心变量缺失,,,,,,年度ST区间待核实,,
600251,2018,新疆冠农股份有限公司,冠农股份,上海证券交易所,20030609,交易所当前法人主表已覆盖,龙头企业身份核实候选,,,,,0,,,,,,,,,,1,新疆冠农果茸集团股份有限公司,2018,monitor_pass,https://xccys.moa.gov.cn/gzdt/201812/t20181205_6314544.htm,https://static.cninfo.com.cn/finalpage/2018-10-27/1205543355.PDF | https://static.cninfo.com.cn/finalpage/2023-02-10/1215815769.PDF,2018年股东大会资料明确集团名称变更为新疆冠农果茸股份有限公司并由2023年工商公告继续变更为当前名称,身份关系已核实候选；ST、退市时点及资格缺口仍待处理,待从公司年度证券状态来源核实,入口候选，非最终样本；仍须复核主营业务、涉农收入占比、ST/退市状态及核心变量缺失,,,,,,年度ST区间待核实,,
600257,2018,大湖健康产业股份有限公司,大湖股份,上海证券交易所,20000612,交易所当前法人主表已覆盖,行业分类候选,,,,,1,大湖股份,2018Q4,04,渔业,否,中国证监会,《上市公司行业分类指引》（2012年修订）,2018Q4.pdf,候选待年报复核,0,,,,,,,,已由当期行业分类证券简称标记：否,入口候选，非最终样本；仍须复核主营业务、涉农收入占比、ST/退市状态及核心变量缺失,,,,,,年度ST区间待核实,,
600265,2018,云南景谷林业股份有限公司,*ST景谷,上海证券交易所,20000825,交易所当前法人主表已覆盖,行业分类候选,,,,,1,ST景谷,2018Q4,02,林业,是,中国证监会,《上市公司行业分类指引》（2012年修订）,2018Q4.pdf,候选待年报复核,0,,,,,,,,已由当期行业分类证券简称标记：是,入口候选，非最终样本；仍须复核主营业务、涉农收入占比、ST/退市状态及核心变量缺失,是,是,https://static.cninfo.com.cn/finalpage/2013-05-02/62447733.PDF,,样本期左截断_终点待闭合,已由法定公告核实本年存在ST风险警示,,
600295,2018,内蒙古鄂尔多斯资源股份有限公司,鄂尔多斯,上海证券交易所,20010426,交易所当前法人主表已覆盖,龙头企业身份核实候选,,,,,0,,,,,,,,,,1,内蒙古鄂尔多斯资源股份有限公司,2018,monitor_pass,https://xccys.moa.gov.cn/gzdt/201812/t20181205_6314544.htm,https://query.sse.com.cn/commonQuery.do?sqlId=COMMON_SSE_CP_GPJCTPZ_GPLB_GP_L,当前交易所法人全称与官方名单标准化后完全一致,身份关系已核实候选；ST、退市时点及资格缺口仍待处理,待从公司年度证券状态来源核实,入口候选，非最终样本；仍须复核主营业务、涉农收入占比、ST/退市状态及核心变量缺失,,,,,,年度ST区间待核实,,
600300,2018,维维食品饮料股份有限公司,维维股份,上海证券交易所,20000630,交易所当前法人主表已覆盖,龙头企业身份核实候选,,,,,0,,,,,,,,,,1,维维食品饮料股份有限公司,2018,monitor_pass,https://xccys.moa.gov.cn/gzdt/201812/t20181205_6314544.htm,https://query.sse.com.cn/commonQuery.do?sqlId=COMMON_SSE_CP_GPJCTPZ_GPLB_GP_L,当前交易所法人全称与官方名单标准化后完全一致,身份关系已核实候选；ST、退市时点及资格缺口仍待处理,待从公司年度证券状态来源核实,入口候选，非最终样本；仍须复核主营业务、涉农收入占比、ST/退市状态及核心变量缺失,,,,,,年度ST区间待核实,,
600305,2018,江苏恒顺醋业股份有限公司,恒顺醋业,上海证券交易所,20010206,交易所当前法人主表已覆盖,龙头企业身份核实候选,,,,,0,,,,,,,,,,1,江苏恒顺醋业股份有限公司,2018,monitor_pass,https://xccys.moa.gov.cn/gzdt/201812/t20181205_6314544.htm,https://query.sse.com.cn/commonQuery.do?sqlId=COMMON_SSE_CP_GPJCTPZ_GPLB_GP_L,当前交易所法人全称与官方名单标准化后完全一致,身份关系已核实候选；ST、退市时点及资格缺口仍待处理,待从公司年度证券状态来源核实,入口候选，非最终样本；仍须复核主营业务、涉农收入占比、ST/退市状态及核心变量缺失,,,,,,年度ST区间待核实,,
600313,2018,中农发种业集团股份有限公司,农发种业,上海证券交易所,20010119,交易所当前法人主表已覆盖,行业分类候选,,,,,1,农发种业,2018Q4,01,农业,否,中国证监会,《上市公司行业分类指引》（2012年修订）,2018Q4.pdf,候选待年报复核,0,,,,,,,,已由当期行业分类证券简称标记：否,入口候选，非最终样本；仍须复核主营业务、涉农收入占比、ST/退市状态及核心变量缺失,,,,,,年度ST区间待核实,,
600354,2018,甘肃省敦煌种业集团股份有限公司,敦煌种业,上海证券交易所,20040115,交易所当前法人主表已覆盖,行业分类候选+龙头企业身份核实候选,,,,,1,敦煌种业,2018Q4,01,农业,否,中国证监会,《上市公司行业分类指引》（2012年修订）,2018Q4.pdf,候选待年报复核,1,甘肃省敦煌种业集团股份有限公司,2018,monitor_pass,https://xccys.moa.gov.cn/gzdt/201812/t20181205_6314544.htm,https://query.sse.com.cn/commonQuery.do?sqlId=COMMON_SSE_CP_GPJCTPZ_GPLB_GP_L,当前交易所法人全称与官方名单标准化后完全一致,身份关系已核实候选；ST、退市时点及资格缺口仍待处理,已由当期行业分类证券简称标记：否,入口候选，非最终样本；仍须复核主营业务、涉农收入占比、ST/退市状态及核心变量缺失,,,,,,年度ST区间待核实,,
600359,2018,新疆塔里木农业综合开发股份有限公司,新农开发,上海证券交易所,19990429,交易所当前法人主表已覆盖,行业分类候选,,,,,1,新农开发,2018Q4,01,农业,否,中国证监会,《上市公司行业分类指引》（2012年修订）,2018Q4.pdf,候选待年报复核,0,,,,,,,,已由当期行业分类证券简称标记：否,入口候选，非最终样本；仍须复核主营业务、涉农收入占比、ST/退市状态及核心变量缺失,,,,,,年度ST区间待核实,,
600371,2018,万向德农股份有限公司,万向德农,上海证券交易所,20020916,交易所当前法人主表已覆盖,行业分类候选,,,,,1,万向德农,2018Q4,01,农业,否,中国证监会,《上市公司行业分类指引》（2012年修订）,2018Q4.pdf,候选待年报复核,0,,,,,,,,已由当期行业分类证券简称标记：否,入口候选，非最终样本；仍须复核主营业务、涉农收入占比、ST/退市状态及核心变量缺失,,,,,,年度ST区间待核实,,
600419,2018,新疆天润乳业股份有限公司,天润乳业,上海证券交易所,20010628,交易所当前法人主表已覆盖,龙头企业身份核实候选,,,,,0,,,,,,,,,,1,新疆天润乳业股份有限公司,2018,monitor_pass,https://xccys.moa.gov.cn/gzdt/201812/t20181205_6314544.htm,https://query.sse.com.cn/commonQuery.do?sqlId=COMMON_SSE_CP_GPJCTPZ_GPLB_GP_L,当前交易所法人全称与官方名单标准化后完全一致,身份关系已核实候选；ST、退市时点及资格缺口仍待处理,待从公司年度证券状态来源核实,入口候选，非最终样本；仍须复核主营业务、涉农收入占比、ST/退市状态及核心变量缺失,,,,,,年度ST区间待核实,,
600429,2018,北京三元食品股份有限公司,三元股份,上海证券交易所,20030915,交易所当前法人主表已覆盖,龙头企业身份核实候选,,,,,0,,,,,,,,,,1,北京三元食品股份有限公司,2018,monitor_pass,https://xccys.moa.gov.cn/gzdt/201812/t20181205_6314544.htm,https://query.sse.com.cn/commonQuery.do?sqlId=COMMON_SSE_CP_GPJCTPZ_GPLB_GP_L,当前交易所法人全称与官方名单标准化后完全一致,身份关系已核实候选；ST、退市时点及资格缺口仍待处理,待从公司年度证券状态来源核实,入口候选，非最终样本；仍须复核主营业务、涉农收入占比、ST/退市状态及核心变量缺失,,,,,,年度ST区间待核实,,
600438,2018,通威股份有限公司,通威股份,上海证券交易所,20040302,交易所当前法人主表已覆盖,龙头企业身份核实候选,,,,,0,,,,,,,,,,1,通威股份有限公司,2018,monitor_pass,https://xccys.moa.gov.cn/gzdt/201812/t20181205_6314544.htm,https://query.sse.com.cn/commonQuery.do?sqlId=COMMON_SSE_CP_GPJCTPZ_GPLB_GP_L,当前交易所法人全称与官方名单标准化后完全一致,身份关系已核实候选；ST、退市时点及资格缺口仍待处理,待从公司年度证券状态来源核实,入口候选，非最终样本；仍须复核主营业务、涉农收入占比、ST/退市状态及核心变量缺失,,,,,,年度ST区间待核实,,
600467,2018,山东好当家海洋发展股份有限公司,好当家,上海证券交易所,20040405,交易所当前法人主表已覆盖,行业分类候选+龙头企业身份核实候选,,,,,1,好当家,2018Q4,04,渔业,否,中国证监会,《上市公司行业分类指引》（2012年修订）,2018Q4.pdf,候选待年报复核,1,山东好当家海洋发展股份有限公司,2018,monitor_pass,https://xccys.moa.gov.cn/gzdt/201812/t20181205_6314544.htm,https://query.sse.com.cn/commonQuery.do?sqlId=COMMON_SSE_CP_GPJCTPZ_GPLB_GP_L,当前交易所法人全称与官方名单标准化后完全一致,身份关系已核实候选；ST、退市时点及资格缺口仍待处理,已由当期行业分类证券简称标记：否,入口候选，非最终样本；仍须复核主营业务、涉农收入占比、ST/退市状态及核心变量缺失,,,,,,年度ST区间待核实,,
600479,2018,株洲千金药业股份有限公司,千金药业,上海证券交易所,20040312,交易所当前法人主表已覆盖,龙头企业身份核实候选,,,,,0,,,,,,,,,,1,株洲千金药业股份有限公司,2018,monitor_pass,https://xccys.moa.gov.cn/gzdt/201812/t20181205_6314544.htm,https://query.sse.com.cn/commonQuery.do?sqlId=COMMON_SSE_CP_GPJCTPZ_GPLB_GP_L,当前交易所法人全称与官方名单标准化后完全一致,身份关系已核实候选；ST、退市时点及资格缺口仍待处理,待从公司年度证券状态来源核实,入口候选，非最终样本；仍须复核主营业务、涉农收入占比、ST/退市状态及核心变量缺失,,,,,,年度ST区间待核实,,
600506,2018,统一低碳科技(新疆)股份有限公司,统一股份,上海证券交易所,20011226,交易所当前法人主表已覆盖,行业分类候选,,,,,1,香梨股份,2018Q4,01,农业,否,中国证监会,《上市公司行业分类指引》（2012年修订）,2018Q4.pdf,候选待年报复核,0,,,,,,,,已由当期行业分类证券简称标记：否,入口候选，非最终样本；仍须复核主营业务、涉农收入占比、ST/退市状态及核心变量缺失,,,,,,年度ST区间待核实,,
600540,2018,新疆赛里木现代农业股份有限公司,新赛股份,上海证券交易所,20040107,交易所当前法人主表已覆盖,行业分类候选,,,,,1,新赛股份,2018Q4,01,农业,否,中国证监会,《上市公司行业分类指引》（2012年修订）,2018Q4.pdf,候选待年报复核,0,,,,,,,,已由当期行业分类证券简称标记：否,入口候选，非最终样本；仍须复核主营业务、涉农收入占比、ST/退市状态及核心变量缺失,是,否,https://static.cninfo.com.cn/finalpage/2017-04-28/1203419548.PDF,https://static.cninfo.com.cn/finalpage/2018-04-04/1204587114.PDF,区间已闭合,已由法定公告核实本年存在ST风险警示,,
600543,2018,甘肃莫高实业发展股份有限公司,*ST莫高,上海证券交易所,20040324,交易所当前法人主表已覆盖,龙头企业身份核实候选,,,,,0,,,,,,,,,,1,甘肃莫高实业发展股份有限公司,2018,monitor_pass,https://xccys.moa.gov.cn/gzdt/201812/t20181205_6314544.htm,https://query.sse.com.cn/commonQuery.do?sqlId=COMMON_SSE_CP_GPJCTPZ_GPLB_GP_L,当前交易所法人全称与官方名单标准化后完全一致,身份关系已核实候选；ST、退市时点及资格缺口仍待处理,待从公司年度证券状态来源核实,入口候选，非最终样本；仍须复核主营业务、涉农收入占比、ST/退市状态及核心变量缺失,,,,,,年度ST区间待核实,,
600597,2018,光明乳业股份有限公司,光明乳业,上海证券交易所,20020828,交易所当前法人主表已覆盖,龙头企业身份核实候选,,,,,0,,,,,,,,,,1,光明乳业股份有限公司,2018,monitor_pass,https://xccys.moa.gov.cn/gzdt/201812/t20181205_6314544.htm,https://query.sse.com.cn/commonQuery.do?sqlId=COMMON_SSE_CP_GPJCTPZ_GPLB_GP_L,当前交易所法人全称与官方名单标准化后完全一致,身份关系已核实候选；ST、退市时点及资格缺口仍待处理,待从公司年度证券状态来源核实,入口候选，非最终样本；仍须复核主营业务、涉农收入占比、ST/退市状态及核心变量缺失,,,,,,年度ST区间待核实,,
600598,2018,黑龙江北大荒农业股份有限公司,北大荒,上海证券交易所,20020329,交易所当前法人主表已覆盖,行业分类候选,,,,,1,北大荒,2018Q4,01,农业,否,中国证监会,《上市公司行业分类指引》（2012年修订）,2018Q4.pdf,候选待年报复核,0,,,,,,,,已由当期行业分类证券简称标记：否,入口候选，非最终样本；仍须复核主营业务、涉农收入占比、ST/退市状态及核心变量缺失,,,,,,年度ST区间待核实,,
600873,2018,梅花生物科技集团股份有限公司,梅花生物,上海证券交易所,19950217,交易所当前法人主表已覆盖,龙头企业身份核实候选,,,,,0,,,,,,,,,,1,梅花生物科技集团股份有限公司,2018,monitor_pass,https://xccys.moa.gov.cn/gzdt/201812/t20181205_6314544.htm,https://query.sse.com.cn/commonQuery.do?sqlId=COMMON_SSE_CP_GPJCTPZ_GPLB_GP_L,当前交易所法人全称与官方名单标准化后完全一致,身份关系已核实候选；ST、退市时点及资格缺口仍待处理,待从公司年度证券状态来源核实,入口候选，非最终样本；仍须复核主营业务、涉农收入占比、ST/退市状态及核心变量缺失,,,,,,年度ST区间待核实,,
600887,2018,内蒙古伊利实业集团股份有限公司,伊利股份,上海证券交易所,19960312,交易所当前法人主表已覆盖,龙头企业身份核实候选,,,,,0,,,,,,,,,,1,内蒙古伊利实业集团股份有限公司,2018,monitor_pass,https://xccys.moa.gov.cn/gzdt/201812/t20181205_6314544.htm,https://query.sse.com.cn/commonQuery.do?sqlId=COMMON_SSE_CP_GPJCTPZ_GPLB_GP_L,当前交易所法人全称与官方名单标准化后完全一致,身份关系已核实候选；ST、退市时点及资格缺口仍待处理,待从公司年度证券状态来源核实,入口候选，非最终样本；仍须复核主营业务、涉农收入占比、ST/退市状态及核心变量缺失,,,,,,年度ST区间待核实,,
600962,2018,国投中鲁果汁股份有限公司,国投中鲁,上海证券交易所,20040622,交易所当前法人主表已覆盖,龙头企业身份核实候选,,,,,0,,,,,,,,,,1,国投中鲁果汁股份有限公司,2018,monitor_pass,https://xccys.moa.gov.cn/gzdt/201812/t20181205_6314544.htm,https://query.sse.com.cn/commonQuery.do?sqlId=COMMON_SSE_CP_GPJCTPZ_GPLB_GP_L,当前交易所法人全称与官方名单标准化后完全一致,身份关系已核实候选；ST、退市时点及资格缺口仍待处理,待从公司年度证券状态来源核实,入口候选，非最终样本；仍须复核主营业务、涉农收入占比、ST/退市状态及核心变量缺失,,,,,,年度ST区间待核实,,
600965,2018,河北福成五丰食品股份有限公司,*ST福成,上海证券交易所,20040713,交易所当前法人主表已覆盖,行业分类候选+龙头企业身份核实候选,,,,,1,福成股份,2018Q4,03,畜牧业,否,中国证监会,《上市公司行业分类指引》（2012年修订）,2018Q4.pdf,候选待年报复核,1,河北福成五丰食品股份有限公司,2018,monitor_pass,https://xccys.moa.gov.cn/gzdt/201812/t20181205_6314544.htm,https://query.sse.com.cn/commonQuery.do?sqlId=COMMON_SSE_CP_GPJCTPZ_GPLB_GP_L,当前交易所法人全称与官方名单标准化后完全一致,身份关系已核实候选；ST、退市时点及资格缺口仍待处理,已由当期行业分类证券简称标记：否,入口候选，非最终样本；仍须复核主营业务、涉农收入占比、ST/退市状态及核心变量缺失,,,,,,年度ST区间待核实,,
600975,2018,湖南新五丰股份有限公司,新五丰,上海证券交易所,20040609,交易所当前法人主表已覆盖,行业分类候选+龙头企业身份核实候选,,,,,1,新五丰,2018Q4,03,畜牧业,否,中国证监会,《上市公司行业分类指引》（2012年修订）,2018Q4.pdf,候选待年报复核,1,湖南新五丰股份有限公司,2018,monitor_pass,https://xccys.moa.gov.cn/gzdt/201812/t20181205_6314544.htm,https://query.sse.com.cn/commonQuery.do?sqlId=COMMON_SSE_CP_GPJCTPZ_GPLB_GP_L,当前交易所法人全称与官方名单标准化后完全一致,身份关系已核实候选；ST、退市时点及资格缺口仍待处理,已由当期行业分类证券简称标记：否,入口候选，非最终样本；仍须复核主营业务、涉农收入占比、ST/退市状态及核心变量缺失,,,,,,年度ST区间待核实,,
601118,2018,海南天然橡胶产业集团股份有限公司,海南橡胶,上海证券交易所,20110107,交易所当前法人主表已覆盖,行业分类候选+龙头企业身份核实候选,,,,,1,海南橡胶,2018Q4,01,农业,否,中国证监会,《上市公司行业分类指引》（2012年修订）,2018Q4.pdf,候选待年报复核,1,海南天然橡胶产业集团股份有限公司,2018,monitor_pass,https://xccys.moa.gov.cn/gzdt/201812/t20181205_6314544.htm,https://query.sse.com.cn/commonQuery.do?sqlId=COMMON_SSE_CP_GPJCTPZ_GPLB_GP_L,当前交易所法人全称与官方名单标准化后完全一致,身份关系已核实候选；ST、退市时点及资格缺口仍待处理,已由当期行业分类证券简称标记：否,入口候选，非最终样本；仍须复核主营业务、涉农收入占比、ST/退市状态及核心变量缺失,,,,,,年度ST区间待核实,,
601933,2018,永辉超市股份有限公司,永辉超市,上海证券交易所,20101215,交易所当前法人主表已覆盖,龙头企业身份核实候选,,,,,0,,,,,,,,,,1,永辉超市股份有限公司,2018,monitor_pass,https://xccys.moa.gov.cn/gzdt/201812/t20181205_6314544.htm,https://query.sse.com.cn/commonQuery.do?sqlId=COMMON_SSE_CP_GPJCTPZ_GPLB_GP_L,当前交易所法人全称与官方名单标准化后完全一致,身份关系已核实候选；ST、退市时点及资格缺口仍待处理,待从公司年度证券状态来源核实,入口候选，非最终样本；仍须复核主营业务、涉农收入占比、ST/退市状态及核心变量缺失,,,,,,年度ST区间待核实,,
601996,2018,广西丰林木业集团股份有限公司,丰林集团,上海证券交易所,20110929,交易所当前法人主表已覆盖,龙头企业身份核实候选,,,,,0,,,,,,,,,,1,广西丰林木业集团股份有限公司,2018,monitor_pass,https://xccys.moa.gov.cn/gzdt/201812/t20181205_6314544.htm,https://query.sse.com.cn/commonQuery.do?sqlId=COMMON_SSE_CP_GPJCTPZ_GPLB_GP_L,当前交易所法人全称与官方名单标准化后完全一致,身份关系已核实候选；ST、退市时点及资格缺口仍待处理,待从公司年度证券状态来源核实,入口候选，非最终样本；仍须复核主营业务、涉农收入占比、ST/退市状态及核心变量缺失,,,,,,年度ST区间待核实,,
603156,2018,河北养元智汇饮品股份有限公司,养元饮品,上海证券交易所,20180212,交易所当前法人主表已覆盖,龙头企业身份核实候选,,,,,0,,,,,,,,,,1,河北养元智汇饮品股份有限公司,2018,monitor_pass,https://xccys.moa.gov.cn/gzdt/201812/t20181205_6314544.htm,https://query.sse.com.cn/commonQuery.do?sqlId=COMMON_SSE_CP_GPJCTPZ_GPLB_GP_L,当前交易所法人全称与官方名单标准化后完全一致,身份关系已核实候选；ST、退市时点及资格缺口仍待处理,待从公司年度证券状态来源核实,入口候选，非最终样本；仍须复核主营业务、涉农收入占比、ST/退市状态及核心变量缺失,,,,,,年度ST区间待核实,,
603345,2018,安井食品集团股份有限公司,安井食品,上海证券交易所,20170222,交易所当前法人主表已覆盖,龙头企业身份核实候选,,,,,0,,,,,,,,,,1,福建安井食品股份有限公司,2018,monitor_pass,https://xccys.moa.gov.cn/gzdt/201812/t20181205_6314544.htm,https://static.cninfo.com.cn/finalpage/2022-03-09/1212526427.PDF,发行情况报告将当前公司明确释义为曾用旧全称的同一发行人,身份关系已核实候选；ST、退市时点及资格缺口仍待处理,待从公司年度证券状态来源核实,入口候选，非最终样本；仍须复核主营业务、涉农收入占比、ST/退市状态及核心变量缺失,,,,,,年度ST区间待核实,,
603668,2018,福建天马科技集团股份有限公司,天马科技,上海证券交易所,20170117,交易所当前法人主表已覆盖,龙头企业身份核实候选,,,,,0,,,,,,,,,,1,福建天马科技集团股份有限公司,2018,monitor_pass,https://xccys.moa.gov.cn/gzdt/201812/t20181205_6314544.htm,https://query.sse.com.cn/commonQuery.do?sqlId=COMMON_SSE_CP_GPJCTPZ_GPLB_GP_L,当前交易所法人全称与官方名单标准化后完全一致,身份关系已核实候选；ST、退市时点及资格缺口仍待处理,待从公司年度证券状态来源核实,入口候选，非最终样本；仍须复核主营业务、涉农收入占比、ST/退市状态及核心变量缺失,,,,,,年度ST区间待核实,,
603708,2018,家家悦集团股份有限公司,家家悦,上海证券交易所,20161213,交易所当前法人主表已覆盖,龙头企业身份核实候选,,,,,0,,,,,,,,,,1,家家悦集团股份有限公司,2018,monitor_pass,https://xccys.moa.gov.cn/gzdt/201812/t20181205_6314544.htm,https://query.sse.com.cn/commonQuery.do?sqlId=COMMON_SSE_CP_GPJCTPZ_GPLB_GP_L,当前交易所法人全称与官方名单标准化后完全一致,身份关系已核实候选；ST、退市时点及资格缺口仍待处理,待从公司年度证券状态来源核实,入口候选，非最终样本；仍须复核主营业务、涉农收入占比、ST/退市状态及核心变量缺失,,,,,,年度ST区间待核实,,
000423,2019,东阿阿胶股份有限公司,东阿阿胶,深圳证券交易所,1996-07-29,交易所当前法人主表已覆盖,龙头企业身份核实候选,,,,,0,,,,,,,,,,1,东阿阿胶股份有限公司,2019,recognition,https://www.moa.gov.cn/nybgb/2019/201912/202004/P020200410023357640054.pdf,https://www.szse.cn/api/report/index/companyGeneralization?secCode=000423,当前交易所法人全称与官方名单标准化后完全一致,身份关系已核实候选；ST、退市时点及资格缺口仍待处理,待从公司年度证券状态来源核实,入口候选，非最终样本；仍须复核主营业务、涉农收入占比、ST/退市状态及核心变量缺失,,,,,,年度ST区间待核实,,
000538,2019,云南白药集团股份有限公司,云南白药,深圳证券交易所,1993-12-15,交易所当前法人主表已覆盖,龙头企业身份核实候选,,,,,0,,,,,,,,,,1,云南白药集团股份有限公司,2018,monitor_pass,https://xccys.moa.gov.cn/gzdt/201812/t20181205_6314544.htm,https://www.szse.cn/api/report/index/companyGeneralization?secCode=000538,当前交易所法人全称与官方名单标准化后完全一致,身份关系已核实候选；ST、退市时点及资格缺口仍待处理,待从公司年度证券状态来源核实,入口候选，非最终样本；仍须复核主营业务、涉农收入占比、ST/退市状态及核心变量缺失,,,,,,年度ST区间待核实,,
000568,2019,泸州老窖股份有限公司,泸州老窖,深圳证券交易所,1994-05-09,交易所当前法人主表已覆盖,龙头企业身份核实候选,,,,,0,,,,,,,,,,1,泸州老窖股份有限公司,2018,monitor_pass,https://xccys.moa.gov.cn/gzdt/201812/t20181205_6314544.htm,https://www.szse.cn/api/report/index/companyGeneralization?secCode=000568,当前交易所法人全称与官方名单标准化后完全一致,身份关系已核实候选；ST、退市时点及资格缺口仍待处理,待从公司年度证券状态来源核实,入口候选，非最终样本；仍须复核主营业务、涉农收入占比、ST/退市状态及核心变量缺失,,,,,,年度ST区间待核实,,
000592,2019,中福海峡（平潭）发展股份有限公司,平潭发展,深圳证券交易所,1996-03-27,交易所当前法人主表已覆盖,行业分类候选,,,,,1,平潭发展,2019Q4,02,林业,否,中国证监会,《上市公司行业分类指引》（2012年修订）,2019Q4.pdf,候选待年报复核,0,,,,,,,,已由当期行业分类证券简称标记：否,入口候选，非最终样本；仍须复核主营业务、涉农收入占比、ST/退市状态及核心变量缺失,,,,,,年度ST区间待核实,,
000623,2019,吉林敖东药业集团股份有限公司,吉林敖东,深圳证券交易所,1996-10-28,交易所当前法人主表已覆盖,龙头企业身份核实候选,,,,,0,,,,,,,,,,1,吉林敖东药业集团股份有限公司,2018,monitor_pass,https://xccys.moa.gov.cn/gzdt/201812/t20181205_6314544.htm,https://www.szse.cn/api/report/index/companyGeneralization?secCode=000623,当前交易所法人全称与官方名单标准化后完全一致,身份关系已核实候选；ST、退市时点及资格缺口仍待处理,待从公司年度证券状态来源核实,入口候选，非最终样本；仍须复核主营业务、涉农收入占比、ST/退市状态及核心变量缺失,,,,,,年度ST区间待核实,,
000663,2019,福建省永安林业(集团)股份有限公司,永安林业,深圳证券交易所,1996-12-06,交易所当前法人主表已覆盖,龙头企业身份核实候选,,,,,0,,,,,,,,,,1,福建省永安林业（集团）股份有限公司,2018,monitor_pass,https://xccys.moa.gov.cn/gzdt/201812/t20181205_6314544.htm,https://www.szse.cn/api/report/index/companyGeneralization?secCode=000663,当前交易所法人全称与官方名单标准化后完全一致,身份关系已核实候选；ST、退市时点及资格缺口仍待处理,待从公司年度证券状态来源核实,入口候选，非最终样本；仍须复核主营业务、涉农收入占比、ST/退市状态及核心变量缺失,,,,,,年度ST区间待核实,,
000713,2019,国投丰乐种业股份有限公司,国投丰乐,深圳证券交易所,1997-04-22,交易所当前法人主表已覆盖,行业分类候选+龙头企业身份核实候选,,,,,1,丰乐种业,2019Q4,05,农林牧渔服务业,否,中国证监会,《上市公司行业分类指引》（2012年修订）,2019Q4.pdf,候选待年报复核,1,合肥丰乐种业股份有限公司,2018,monitor_pass,https://xccys.moa.gov.cn/gzdt/201812/t20181205_6314544.htm,https://static.cninfo.com.cn/finalpage/2025-08-30/1224620910.PDF,半年度报告明确当前公司曾用名单名称且证券代码保持000713,身份关系已核实候选；ST、退市时点及资格缺口仍待处理,已由当期行业分类证券简称标记：否,入口候选，非最终样本；仍须复核主营业务、涉农收入占比、ST/退市状态及核心变量缺失,,,,,,年度ST区间待核实,,
000735,2019,罗牛山股份有限公司,罗 牛 山,深圳证券交易所,1997-06-11,交易所当前法人主表已覆盖,行业分类候选+龙头企业身份核实候选,,,,,1,罗牛山,2019Q4,03,畜牧业,否,中国证监会,《上市公司行业分类指引》（2012年修订）,2019Q4.pdf,候选待年报复核,1,罗牛山股份有限公司,2018,monitor_pass,https://xccys.moa.gov.cn/gzdt/201812/t20181205_6314544.htm,https://www.szse.cn/api/report/index/companyGeneralization?secCode=000735,当前交易所法人全称与官方名单标准化后完全一致,身份关系已核实候选；ST、退市时点及资格缺口仍待处理,已由当期行业分类证券简称标记：否,入口候选，非最终样本；仍须复核主营业务、涉农收入占比、ST/退市状态及核心变量缺失,,,,,,年度ST区间待核实,,
000798,2019,中水集团远洋股份有限公司,中水渔业,深圳证券交易所,1998-02-12,交易所当前法人主表已覆盖,行业分类候选,,,,,1,中水渔业,2019Q4,04,渔业,否,中国证监会,《上市公司行业分类指引》（2012年修订）,2019Q4.pdf,候选待年报复核,0,,,,,,,,已由当期行业分类证券简称标记：否,入口候选，非最终样本；仍须复核主营业务、涉农收入占比、ST/退市状态及核心变量缺失,,,,,,年度ST区间待核实,,
000848,2019,承德露露股份公司,承德露露,深圳证券交易所,1997-11-13,交易所当前法人主表已覆盖,龙头企业身份核实候选,,,,,0,,,,,,,,,,1,河北承德露露股份有限公司,2018,monitor_pass,https://xccys.moa.gov.cn/gzdt/201812/t20181205_6314544.htm,https://static.cninfo.com.cn/finalpage/2022-04-12/1212884374.PDF,上市公司公告列明由旧全称变更为当前全称；证券代码不变,身份关系已核实候选；ST、退市时点及资格缺口仍待处理,待从公司年度证券状态来源核实,入口候选，非最终样本；仍须复核主营业务、涉农收入占比、ST/退市状态及核心变量缺失,,,,,,年度ST区间待核实,,
000860,2019,北京顺鑫农业股份有限公司,顺鑫农业,深圳证券交易所,1998-11-04,交易所当前法人主表已覆盖,龙头企业身份核实候选,,,,,0,,,,,,,,,,1,北京顺鑫农业股份有限公司,2018,monitor_pass,https://xccys.moa.gov.cn/gzdt/201812/t20181205_6314544.htm,https://www.szse.cn/api/report/index/companyGeneralization?secCode=000860,当前交易所法人全称与官方名单标准化后完全一致,身份关系已核实候选；ST、退市时点及资格缺口仍待处理,待从公司年度证券状态来源核实,入口候选，非最终样本；仍须复核主营业务、涉农收入占比、ST/退市状态及核心变量缺失,,,,,,年度ST区间待核实,,
000910,2019,大亚圣象家居股份有限公司,大亚圣象,深圳证券交易所,1999-06-30,交易所当前法人主表已覆盖,龙头企业身份核实候选,,,,,0,,,,,,,,,,1,大亚圣象家居股份有限公司,2018,monitor_pass,https://xccys.moa.gov.cn/gzdt/201812/t20181205_6314544.htm,https://www.szse.cn/api/report/index/companyGeneralization?secCode=000910,当前交易所法人全称与官方名单标准化后完全一致,身份关系已核实候选；ST、退市时点及资格缺口仍待处理,待从公司年度证券状态来源核实,入口候选，非最终样本；仍须复核主营业务、涉农收入占比、ST/退市状态及核心变量缺失,,,,,,年度ST区间待核实,,
000998,2019,袁隆平农业高科技股份有限公司,隆平高科,深圳证券交易所,2000-12-11,交易所当前法人主表已覆盖,行业分类候选+龙头企业身份核实候选,,,,,1,隆平高科,2019Q4,01,农业,否,中国证监会,《上市公司行业分类指引》（2012年修订）,2019Q4.pdf,候选待年报复核,1,袁隆平农业高科技股份有限公司,2018,monitor_pass,https://xccys.moa.gov.cn/gzdt/201812/t20181205_6314544.htm,https://www.szse.cn/api/report/index/companyGeneralization?secCode=000998,当前交易所法人全称与官方名单标准化后完全一致,身份关系已核实候选；ST、退市时点及资格缺口仍待处理,已由当期行业分类证券简称标记：否,入口候选，非最终样本；仍须复核主营业务、涉农收入占比、ST/退市状态及核心变量缺失,,,,,,年度ST区间待核实,,
002041,2019,山东登海种业股份有限公司,登海种业,深圳证券交易所,2005-04-18,交易所当前法人主表已覆盖,行业分类候选+龙头企业身份核实候选,,,,,1,登海种业,2019Q4,01,农业,否,中国证监会,《上市公司行业分类指引》（2012年修订）,2019Q4.pdf,候选待年报复核,1,山东登海种业股份有限公司,2019,recognition,https://www.moa.gov.cn/nybgb/2019/201912/202004/P020200410023357640054.pdf,https://www.szse.cn/api/report/index/companyGeneralization?secCode=002041,当前交易所法人全称与官方名单标准化后完全一致,身份关系已核实候选；ST、退市时点及资格缺口仍待处理,已由当期行业分类证券简称标记：否,入口候选，非最终样本；仍须复核主营业务、涉农收入占比、ST/退市状态及核心变量缺失,,,,,,年度ST区间待核实,,
002069,2019,獐子岛集团股份有限公司,獐子岛,深圳证券交易所,2006-09-28,交易所当前法人主表已覆盖,行业分类候选+龙头企业身份核实候选,,,,,1,獐子岛,2019Q4,04,渔业,否,中国证监会,《上市公司行业分类指引》（2012年修订）,2019Q4.pdf,候选待年报复核,1,獐子岛集团股份有限公司,2018,monitor_pass,https://xccys.moa.gov.cn/gzdt/201812/t20181205_6314544.htm,https://www.szse.cn/api/report/index/companyGeneralization?secCode=002069,当前交易所法人全称与官方名单标准化后完全一致,身份关系已核实候选；ST、退市时点及资格缺口仍待处理,已由当期行业分类证券简称标记：否,入口候选，非最终样本；仍须复核主营业务、涉农收入占比、ST/退市状态及核心变量缺失,,,,,,年度ST区间待核实,,
002086,2019,山东东方海洋科技股份有限公司,东方海洋,深圳证券交易所,2006-11-28,交易所当前法人主表已覆盖,行业分类候选+龙头企业身份核实候选,,,,,1,ST东海洋,2019Q4,04,渔业,是,中国证监会,《上市公司行业分类指引》（2012年修订）,2019Q4.pdf,候选待年报复核,1,山东东方海洋科技股份有限公司,2018,monitor_pass,https://xccys.moa.gov.cn/gzdt/201812/t20181205_6314544.htm,https://www.szse.cn/api/report/index/companyGeneralization?secCode=002086,当前交易所法人全称与官方名单标准化后完全一致,身份关系已核实候选；ST、退市时点及资格缺口仍待处理,已由当期行业分类证券简称标记：是,入口候选，非最终样本；仍须复核主营业务、涉农收入占比、ST/退市状态及核心变量缺失,是,是,https://static.cninfo.com.cn/finalpage/2019-02-15/1205834790.PDF,,样本期内起点已核实_终点待闭合,已由法定公告核实本年存在ST风险警示,,
002100,2019,天康生物股份有限公司,天康生物,深圳证券交易所,2006-12-26,交易所当前法人主表已覆盖,龙头企业身份核实候选,,,,,0,,,,,,,,,,1,天康生物股份有限公司,2018,monitor_pass,https://xccys.moa.gov.cn/gzdt/201812/t20181205_6314544.htm,https://www.szse.cn/api/report/index/companyGeneralization?secCode=002100,当前交易所法人全称与官方名单标准化后完全一致,身份关系已核实候选；ST、退市时点及资格缺口仍待处理,待从公司年度证券状态来源核实,入口候选，非最终样本；仍须复核主营业务、涉农收入占比、ST/退市状态及核心变量缺失,,,,,,年度ST区间待核实,,
002124,2019,天邦食品股份有限公司,天邦食品,深圳证券交易所,2007-04-03,交易所当前法人主表已覆盖,龙头企业身份核实候选,,,,,0,,,,,,,,,,1,天邦食品股份有限公司,2018,monitor_pass,https://xccys.moa.gov.cn/gzdt/201812/t20181205_6314544.htm,https://www.szse.cn/api/report/index/companyGeneralization?secCode=002124,当前交易所法人全称与官方名单标准化后完全一致,身份关系已核实候选；ST、退市时点及资格缺口仍待处理,待从公司年度证券状态来源核实,入口候选，非最终样本；仍须复核主营业务、涉农收入占比、ST/退市状态及核心变量缺失,,,,,,年度ST区间待核实,,
002166,2019,桂林莱茵生物科技股份有限公司,莱茵生物,深圳证券交易所,2007-09-13,交易所当前法人主表已覆盖,龙头企业身份核实候选,,,,,0,,,,,,,,,,1,桂林莱茵生物科技股份有限公司,2018,monitor_pass,https://xccys.moa.gov.cn/gzdt/201812/t20181205_6314544.htm,https://www.szse.cn/api/report/index/companyGeneralization?secCode=002166,当前交易所法人全称与官方名单标准化后完全一致,身份关系已核实候选；ST、退市时点及资格缺口仍待处理,待从公司年度证券状态来源核实,入口候选，非最终样本；仍须复核主营业务、涉农收入占比、ST/退市状态及核心变量缺失,,,,,,年度ST区间待核实,,
002200,2019,云南交投生态科技股份有限公司,交投生态,深圳证券交易所,2007-12-21,交易所当前法人主表已覆盖,行业分类候选,,,,,1,*ST云投,2019Q4,02,林业,是,中国证监会,《上市公司行业分类指引》（2012年修订）,2019Q4.pdf,候选待年报复核,0,,,,,,,,已由当期行业分类证券简称标记：是,入口候选，非最终样本；仍须复核主营业务、涉农收入占比、ST/退市状态及核心变量缺失,是,是,https://static.cninfo.com.cn/finalpage/2019-04-25/1206090426.PDF,,样本期内起点已核实_终点待闭合,已由法定公告核实本年存在ST风险警示,,
002216,2019,三全食品股份有限公司,三全食品,深圳证券交易所,2008-02-20,交易所当前法人主表已覆盖,龙头企业身份核实候选,,,,,0,,,,,,,,,,1,三全食品股份有限公司,2018,monitor_pass,https://xccys.moa.gov.cn/gzdt/201812/t20181205_6314544.htm,https://www.szse.cn/api/report/index/companyGeneralization?secCode=002216,当前交易所法人全称与官方名单标准化后完全一致,身份关系已核实候选；ST、退市时点及资格缺口仍待处理,待从公司年度证券状态来源核实,入口候选，非最终样本；仍须复核主营业务、涉农收入占比、ST/退市状态及核心变量缺失,,,,,,年度ST区间待核实,,
002234,2019,山东民和牧业股份有限公司,民和股份,深圳证券交易所,2008-05-16,交易所当前法人主表已覆盖,行业分类候选+龙头企业身份核实候选,,,,,1,民和股份,2019Q4,03,畜牧业,否,中国证监会,《上市公司行业分类指引》（2012年修订）,2019Q4.pdf,候选待年报复核,1,山东民和牧业股份有限公司,2018,monitor_pass,https://xccys.moa.gov.cn/gzdt/201812/t20181205_6314544.htm,https://www.szse.cn/api/report/index/companyGeneralization?secCode=002234,当前交易所法人全称与官方名单标准化后完全一致,身份关系已核实候选；ST、退市时点及资格缺口仍待处理,已由当期行业分类证券简称标记：否,入口候选，非最终样本；仍须复核主营业务、涉农收入占比、ST/退市状态及核心变量缺失,,,,,,年度ST区间待核实,,
002286,2019,保龄宝生物股份有限公司,保龄宝,深圳证券交易所,2009-08-28,交易所当前法人主表已覆盖,龙头企业身份核实候选,,,,,0,,,,,,,,,,1,保龄宝生物股份有限公司,2018,monitor_pass,https://xccys.moa.gov.cn/gzdt/201812/t20181205_6314544.htm,https://www.szse.cn/api/report/index/companyGeneralization?secCode=002286,当前交易所法人全称与官方名单标准化后完全一致,身份关系已核实候选；ST、退市时点及资格缺口仍待处理,待从公司年度证券状态来源核实,入口候选，非最终样本；仍须复核主营业务、涉农收入占比、ST/退市状态及核心变量缺失,,,,,,年度ST区间待核实,,
002299,2019,福建圣农发展股份有限公司,圣农发展,深圳证券交易所,2009-10-21,交易所当前法人主表已覆盖,行业分类候选,,,,,1,圣农发展,2019Q4,03,畜牧业,否,中国证监会,《上市公司行业分类指引》（2012年修订）,2019Q4.pdf,候选待年报复核,0,,,,,,,,已由当期行业分类证券简称标记：否,入口候选，非最终样本；仍须复核主营业务、涉农收入占比、ST/退市状态及核心变量缺失,,,,,,年度ST区间待核实,,
002311,2019,广东海大集团股份有限公司,海大集团,深圳证券交易所,2009-11-27,交易所当前法人主表已覆盖,龙头企业身份核实候选,,,,,0,,,,,,,,,,1,广东海大集团股份有限公司,2018,monitor_pass,https://xccys.moa.gov.cn/gzdt/201812/t20181205_6314544.htm,https://www.szse.cn/api/report/index/companyGeneralization?secCode=002311,当前交易所法人全称与官方名单标准化后完全一致,身份关系已核实候选；ST、退市时点及资格缺口仍待处理,待从公司年度证券状态来源核实,入口候选，非最终样本；仍须复核主营业务、涉农收入占比、ST/退市状态及核心变量缺失,,,,,,年度ST区间待核实,,
002321,2019,河南华英农业发展股份有限公司,华英农业,深圳证券交易所,2009-12-16,交易所当前法人主表已覆盖,行业分类候选+龙头企业身份核实候选,,,,,1,华英农业,2019Q4,03,畜牧业,否,中国证监会,《上市公司行业分类指引》（2012年修订）,2019Q4.pdf,候选待年报复核,1,河南华英农业发展股份有限公司,2018,monitor_pass,https://xccys.moa.gov.cn/gzdt/201812/t20181205_6314544.htm,https://www.szse.cn/api/report/index/companyGeneralization?secCode=002321,当前交易所法人全称与官方名单标准化后完全一致,身份关系已核实候选；ST、退市时点及资格缺口仍待处理,已由当期行业分类证券简称标记：否,入口候选，非最终样本；仍须复核主营业务、涉农收入占比、ST/退市状态及核心变量缺失,,,,,,年度ST区间待核实,,
002329,2019,皇氏集团股份有限公司,皇氏集团,深圳证券交易所,2010-01-06,交易所当前法人主表已覆盖,龙头企业身份核实候选,,,,,0,,,,,,,,,,1,皇氏集团股份有限公司,2018,monitor_pass,https://xccys.moa.gov.cn/gzdt/201812/t20181205_6314544.htm,https://www.szse.cn/api/report/index/companyGeneralization?secCode=002329,当前交易所法人全称与官方名单标准化后完全一致,身份关系已核实候选；ST、退市时点及资格缺口仍待处理,待从公司年度证券状态来源核实,入口候选，非最终样本；仍须复核主营业务、涉农收入占比、ST/退市状态及核心变量缺失,,,,,,年度ST区间待核实,,
002385,2019,北京大北农科技集团股份有限公司,大北农,深圳证券交易所,2010-04-09,交易所当前法人主表已覆盖,龙头企业身份核实候选,,,,,0,,,,,,,,,,1,北京大北农科技集团股份有限公司,2018,monitor_pass,https://xccys.moa.gov.cn/gzdt/201812/t20181205_6314544.htm,https://www.szse.cn/api/report/index/companyGeneralization?secCode=002385,当前交易所法人全称与官方名单标准化后完全一致,身份关系已核实候选；ST、退市时点及资格缺口仍待处理,待从公司年度证券状态来源核实,入口候选，非最终样本；仍须复核主营业务、涉农收入占比、ST/退市状态及核心变量缺失,,,,,,年度ST区间待核实,,
002390,2019,贵州信邦制药股份有限公司,信邦制药,深圳证券交易所,2010-04-16,交易所当前法人主表已覆盖,龙头企业身份核实候选,,,,,0,,,,,,,,,,1,贵州信邦制药股份有限公司,2018,monitor_pass,https://xccys.moa.gov.cn/gzdt/201812/t20181205_6314544.htm,https://www.szse.cn/api/report/index/companyGeneralization?secCode=002390,当前交易所法人全称与官方名单标准化后完全一致,身份关系已核实候选；ST、退市时点及资格缺口仍待处理,待从公司年度证券状态来源核实,入口候选，非最终样本；仍须复核主营业务、涉农收入占比、ST/退市状态及核心变量缺失,,,,,,年度ST区间待核实,,
002424,2019,贵州百灵企业集团制药股份有限公司,ST百灵,深圳证券交易所,2010-06-03,交易所当前法人主表已覆盖,龙头企业身份核实候选,,,,,0,,,,,,,,,,1,贵州百灵企业集团制药股份有限公司,2018,monitor_pass,https://xccys.moa.gov.cn/gzdt/201812/t20181205_6314544.htm,https://www.szse.cn/api/report/index/companyGeneralization?secCode=002424,当前交易所法人全称与官方名单标准化后完全一致,身份关系已核实候选；ST、退市时点及资格缺口仍待处理,待从公司年度证券状态来源核实,入口候选，非最终样本；仍须复核主营业务、涉农收入占比、ST/退市状态及核心变量缺失,,,,,,年度ST区间待核实,,
002431,2019,棕榈生态城镇发展股份有限公司,ST棕榈,深圳证券交易所,2010-06-10,交易所当前法人主表已覆盖,龙头企业身份核实候选,,,,,0,,,,,,,,,,1,棕榈生态城镇发展股份有限公司,2018,monitor_pass,https://xccys.moa.gov.cn/gzdt/201812/t20181205_6314544.htm,https://www.szse.cn/api/report/index/companyGeneralization?secCode=002431,当前交易所法人全称与官方名单标准化后完全一致,身份关系已核实候选；ST、退市时点及资格缺口仍待处理,待从公司年度证券状态来源核实,入口候选，非最终样本；仍须复核主营业务、涉农收入占比、ST/退市状态及核心变量缺失,,,,,,年度ST区间待核实,,
002458,2019,山东益生种畜禽股份有限公司,益生股份,深圳证券交易所,2010-08-10,交易所当前法人主表已覆盖,行业分类候选+龙头企业身份核实候选,,,,,1,益生股份,2019Q4,03,畜牧业,否,中国证监会,《上市公司行业分类指引》（2012年修订）,2019Q4.pdf,候选待年报复核,1,山东益生种畜禽股份有限公司,2018,monitor_pass,https://xccys.moa.gov.cn/gzdt/201812/t20181205_6314544.htm,https://www.szse.cn/api/report/index/companyGeneralization?secCode=002458,当前交易所法人全称与官方名单标准化后完全一致,身份关系已核实候选；ST、退市时点及资格缺口仍待处理,已由当期行业分类证券简称标记：否,入口候选，非最终样本；仍须复核主营业务、涉农收入占比、ST/退市状态及核心变量缺失,,,,,,年度ST区间待核实,,
002507,2019,重庆市涪陵榨菜集团股份有限公司,涪陵榨菜,深圳证券交易所,2010-11-23,交易所当前法人主表已覆盖,龙头企业身份核实候选,,,,,0,,,,,,,,,,1,重庆市涪陵榨菜集团股份有限公司,2018,monitor_pass,https://xccys.moa.gov.cn/gzdt/201812/t20181205_6314544.htm,https://www.szse.cn/api/report/index/companyGeneralization?secCode=002507,当前交易所法人全称与官方名单标准化后完全一致,身份关系已核实候选；ST、退市时点及资格缺口仍待处理,待从公司年度证券状态来源核实,入口候选，非最终样本；仍须复核主营业务、涉农收入占比、ST/退市状态及核心变量缺失,,,,,,年度ST区间待核实,,
002557,2019,洽洽食品股份有限公司,洽洽食品,深圳证券交易所,2011-03-02,交易所当前法人主表已覆盖,龙头企业身份核实候选,,,,,0,,,,,,,,,,1,洽洽食品股份有限公司,2018,monitor_pass,https://xccys.moa.gov.cn/gzdt/201812/t20181205_6314544.htm,https://www.szse.cn/api/report/index/companyGeneralization?secCode=002557,当前交易所法人全称与官方名单标准化后完全一致,身份关系已核实候选；ST、退市时点及资格缺口仍待处理,待从公司年度证券状态来源核实,入口候选，非最终样本；仍须复核主营业务、涉农收入占比、ST/退市状态及核心变量缺失,,,,,,年度ST区间待核实,,
002566,2019,吉林省集安益盛药业股份有限公司,益盛药业,深圳证券交易所,2011-03-18,交易所当前法人主表已覆盖,龙头企业身份核实候选,,,,,0,,,,,,,,,,1,吉林省集安益盛药业股份有限公司,2018,monitor_pass,https://xccys.moa.gov.cn/gzdt/201812/t20181205_6314544.htm,https://www.szse.cn/api/report/index/companyGeneralization?secCode=002566,当前交易所法人全称与官方名单标准化后完全一致,身份关系已核实候选；ST、退市时点及资格缺口仍待处理,待从公司年度证券状态来源核实,入口候选，非最终样本；仍须复核主营业务、涉农收入占比、ST/退市状态及核心变量缺失,,,,,,年度ST区间待核实,,
002567,2019,唐人神集团股份有限公司,唐人神,深圳证券交易所,2011-03-25,交易所当前法人主表已覆盖,龙头企业身份核实候选,,,,,0,,,,,,,,,,1,唐人神集团股份有限公司,2018,monitor_pass,https://xccys.moa.gov.cn/gzdt/201812/t20181205_6314544.htm,https://www.szse.cn/api/report/index/companyGeneralization?secCode=002567,当前交易所法人全称与官方名单标准化后完全一致,身份关系已核实候选；ST、退市时点及资格缺口仍待处理,待从公司年度证券状态来源核实,入口候选，非最终样本；仍须复核主营业务、涉农收入占比、ST/退市状态及核心变量缺失,,,,,,年度ST区间待核实,,
002582,2019,好想你健康食品股份有限公司,好想你,深圳证券交易所,2011-05-20,交易所当前法人主表已覆盖,龙头企业身份核实候选,,,,,0,,,,,,,,,,1,好想你健康食品股份有限公司,2018,monitor_pass,https://xccys.moa.gov.cn/gzdt/201812/t20181205_6314544.htm,https://www.szse.cn/api/report/index/companyGeneralization?secCode=002582,当前交易所法人全称与官方名单标准化后完全一致,身份关系已核实候选；ST、退市时点及资格缺口仍待处理,待从公司年度证券状态来源核实,入口候选，非最终样本；仍须复核主营业务、涉农收入占比、ST/退市状态及核心变量缺失,,,,,,年度ST区间待核实,,
002650,2019,加加食品集团股份有限公司,ST加加,深圳证券交易所,2012-01-06,交易所当前法人主表已覆盖,龙头企业身份核实候选,,,,,0,,,,,,,,,,1,加加食品集团股份有限公司,2018,monitor_pass,https://xccys.moa.gov.cn/gzdt/201812/t20181205_6314544.htm,https://www.szse.cn/api/report/index/companyGeneralization?secCode=002650,当前交易所法人全称与官方名单标准化后完全一致,身份关系已核实候选；ST、退市时点及资格缺口仍待处理,待从公司年度证券状态来源核实,入口候选，非最终样本；仍须复核主营业务、涉农收入占比、ST/退市状态及核心变量缺失,,,,,,年度ST区间待核实,,
002679,2019,福建金森林业股份有限公司,福建金森,深圳证券交易所,2012-06-05,交易所当前法人主表已覆盖,行业分类候选,,,,,1,福建金森,2019Q4,02,林业,否,中国证监会,《上市公司行业分类指引》（2012年修订）,2019Q4.pdf,候选待年报复核,0,,,,,,,,已由当期行业分类证券简称标记：否,入口候选，非最终样本；仍须复核主营业务、涉农收入占比、ST/退市状态及核心变量缺失,,,,,,年度ST区间待核实,,
002688,2019,金河生物科技股份有限公司,金河生物,深圳证券交易所,2012-07-13,交易所当前法人主表已覆盖,龙头企业身份核实候选,,,,,0,,,,,,,,,,1,金河生物科技股份有限公司,2018,monitor_pass,https://xccys.moa.gov.cn/gzdt/201812/t20181205_6314544.htm,https://www.szse.cn/api/report/index/companyGeneralization?secCode=002688,当前交易所法人全称与官方名单标准化后完全一致,身份关系已核实候选；ST、退市时点及资格缺口仍待处理,待从公司年度证券状态来源核实,入口候选，非最终样本；仍须复核主营业务、涉农收入占比、ST/退市状态及核心变量缺失,,,,,,年度ST区间待核实,,
002696,2019,百洋产业投资集团股份有限公司,百洋股份,深圳证券交易所,2012-09-05,交易所当前法人主表已覆盖,行业分类候选+龙头企业身份核实候选,,,,,1,百洋股份,2019Q4,04,渔业,否,中国证监会,《上市公司行业分类指引》（2012年修订）,2019Q4.pdf,候选待年报复核,1,百洋产业投资集团股份有限公司,2018,monitor_pass,https://xccys.moa.gov.cn/gzdt/201812/t20181205_6314544.htm,https://www.szse.cn/api/report/index/companyGeneralization?secCode=002696,当前交易所法人全称与官方名单标准化后完全一致,身份关系已核实候选；ST、退市时点及资格缺口仍待处理,已由当期行业分类证券简称标记：否,入口候选，非最终样本；仍须复核主营业务、涉农收入占比、ST/退市状态及核心变量缺失,,,,,,年度ST区间待核实,,
002702,2019,海欣食品股份有限公司,海欣食品,深圳证券交易所,2012-10-11,交易所当前法人主表已覆盖,龙头企业身份核实候选,,,,,0,,,,,,,,,,1,海欣食品股份有限公司,2018,monitor_pass,https://xccys.moa.gov.cn/gzdt/201812/t20181205_6314544.htm,https://www.szse.cn/api/report/index/companyGeneralization?secCode=002702,当前交易所法人全称与官方名单标准化后完全一致,身份关系已核实候选；ST、退市时点及资格缺口仍待处理,待从公司年度证券状态来源核实,入口候选，非最终样本；仍须复核主营业务、涉农收入占比、ST/退市状态及核心变量缺失,,,,,,年度ST区间待核实,,
002714,2019,牧原食品集团股份有限公司,牧原股份,深圳证券交易所,2014-01-28,交易所当前法人主表已覆盖,行业分类候选+龙头企业身份核实候选,,,,,1,牧原股份,2019Q4,03,畜牧业,否,中国证监会,《上市公司行业分类指引》（2012年修订）,2019Q4.pdf,候选待年报复核,1,牧原食品股份有限公司,2018,monitor_pass,https://xccys.moa.gov.cn/gzdt/201812/t20181205_6314544.htm,https://static.cninfo.com.cn/finalpage/2026-02-26/1224984472.PDF,上市公司更名公告明确法律主体不变；交易所当前全称已更新,身份关系已核实候选；ST、退市时点及资格缺口仍待处理,已由当期行业分类证券简称标记：否,入口候选，非最终样本；仍须复核主营业务、涉农收入占比、ST/退市状态及核心变量缺失,,,,,,年度ST区间待核实,,
002719,2019,麦趣尔集团股份有限公司,ST麦趣,深圳证券交易所,2014-01-28,交易所当前法人主表已覆盖,龙头企业身份核实候选,,,,,0,,,,,,,,,,1,麦趣尔集团股份有限公司,2018,monitor_pass,https://xccys.moa.gov.cn/gzdt/201812/t20181205_6314544.htm,https://www.szse.cn/api/report/index/companyGeneralization?secCode=002719,当前交易所法人全称与官方名单标准化后完全一致,身份关系已核实候选；ST、退市时点及资格缺口仍待处理,待从公司年度证券状态来源核实,入口候选，非最终样本；仍须复核主营业务、涉农收入占比、ST/退市状态及核心变量缺失,,,,,,年度ST区间待核实,,
002732,2019,广东燕塘乳业股份有限公司,燕塘乳业,深圳证券交易所,2014-12-05,交易所当前法人主表已覆盖,龙头企业身份核实候选,,,,,0,,,,,,,,,,1,广东燕塘乳业股份有限公司,2018,monitor_pass,https://xccys.moa.gov.cn/gzdt/201812/t20181205_6314544.htm,https://www.szse.cn/api/report/index/companyGeneralization?secCode=002732,当前交易所法人全称与官方名单标准化后完全一致,身份关系已核实候选；ST、退市时点及资格缺口仍待处理,待从公司年度证券状态来源核实,入口候选，非最终样本；仍须复核主营业务、涉农收入占比、ST/退市状态及核心变量缺失,,,,,,年度ST区间待核实,,
002746,2019,山东仙坛集团股份有限公司,仙坛股份,深圳证券交易所,2015-02-16,交易所当前法人主表已覆盖,行业分类候选+龙头企业身份核实候选,,,,,1,仙坛股份,2019Q4,03,畜牧业,否,中国证监会,《上市公司行业分类指引》（2012年修订）,2019Q4.pdf,候选待年报复核,1,山东仙坛股份有限公司,2018,monitor_pass,https://xccys.moa.gov.cn/gzdt/201812/t20181205_6314544.htm,https://static.cninfo.com.cn/finalpage/2025-11-18/1224808717.PDF,上市公司公告列明由旧全称变更为当前全称且证券代码保持不变,身份关系已核实候选；ST、退市时点及资格缺口仍待处理,已由当期行业分类证券简称标记：否,入口候选，非最终样本；仍须复核主营业务、涉农收入占比、ST/退市状态及核心变量缺失,,,,,,年度ST区间待核实,,
002772,2019,天水众兴菌业科技股份有限公司,众兴菌业,深圳证券交易所,2015-06-26,交易所当前法人主表已覆盖,行业分类候选+龙头企业身份核实候选,,,,,1,众兴菌业,2019Q4,01,农业,否,中国证监会,《上市公司行业分类指引》（2012年修订）,2019Q4.pdf,候选待年报复核,1,天水众兴菌业科技股份有限公司,2018,monitor_pass,https://xccys.moa.gov.cn/gzdt/201812/t20181205_6314544.htm,https://www.szse.cn/api/report/index/companyGeneralization?secCode=002772,当前交易所法人全称与官方名单标准化后完全一致,身份关系已核实候选；ST、退市时点及资格缺口仍待处理,已由当期行业分类证券简称标记：否,入口候选，非最终样本；仍须复核主营业务、涉农收入占比、ST/退市状态及核心变量缺失,,,,,,年度ST区间待核实,,
002847,2019,盐津铺子食品股份有限公司,盐津铺子,深圳证券交易所,2017-02-08,交易所当前法人主表已覆盖,龙头企业身份核实候选,,,,,0,,,,,,,,,,1,盐津铺子食品股份有限公司,2019,recognition,https://www.moa.gov.cn/nybgb/2019/201912/202004/P020200410023357640054.pdf,https://www.szse.cn/api/report/index/companyGeneralization?secCode=002847,当前交易所法人全称与官方名单标准化后完全一致,身份关系已核实候选；ST、退市时点及资格缺口仍待处理,待从公司年度证券状态来源核实,入口候选，非最终样本；仍须复核主营业务、涉农收入占比、ST/退市状态及核心变量缺失,,,,,,年度ST区间待核实,,
002852,2019,道道全粮油股份有限公司,道道全,深圳证券交易所,2017-03-10,交易所当前法人主表已覆盖,龙头企业身份核实候选,,,,,0,,,,,,,,,,1,道道全粮油股份有限公司,2018,monitor_pass,https://xccys.moa.gov.cn/gzdt/201812/t20181205_6314544.htm,https://www.szse.cn/api/report/index/companyGeneralization?secCode=002852,当前交易所法人全称与官方名单标准化后完全一致,身份关系已核实候选；ST、退市时点及资格缺口仍待处理,待从公司年度证券状态来源核实,入口候选，非最终样本；仍须复核主营业务、涉农收入占比、ST/退市状态及核心变量缺失,,,,,,年度ST区间待核实,,
002873,2019,贵阳新天药业股份有限公司,新天药业,深圳证券交易所,2017-05-19,交易所当前法人主表已覆盖,龙头企业身份核实候选,,,,,0,,,,,,,,,,1,贵阳新天药业股份有限公司,2018,monitor_pass,https://xccys.moa.gov.cn/gzdt/201812/t20181205_6314544.htm,https://www.szse.cn/api/report/index/companyGeneralization?secCode=002873,当前交易所法人全称与官方名单标准化后完全一致,身份关系已核实候选；ST、退市时点及资格缺口仍待处理,待从公司年度证券状态来源核实,入口候选，非最终样本；仍须复核主营业务、涉农收入占比、ST/退市状态及核心变量缺失,,,,,,年度ST区间待核实,,
002910,2019,兰州庄园牧场股份有限公司,庄园牧场,深圳证券交易所,2017-10-31,交易所当前法人主表已覆盖,龙头企业身份核实候选,,,,,0,,,,,,,,,,1,兰州庄园牧场股份有限公司,2018,monitor_pass,https://xccys.moa.gov.cn/gzdt/201812/t20181205_6314544.htm,https://www.szse.cn/api/report/index/companyGeneralization?secCode=002910,当前交易所法人全称与官方名单标准化后完全一致,身份关系已核实候选；ST、退市时点及资格缺口仍待处理,待从公司年度证券状态来源核实,入口候选，非最终样本；仍须复核主营业务、涉农收入占比、ST/退市状态及核心变量缺失,,,,,,年度ST区间待核实,,
300087,2019,安徽荃银高科种业股份有限公司,ST荃银,深圳证券交易所,2010-05-26,交易所当前法人主表已覆盖,行业分类候选+龙头企业身份核实候选,,,,,1,荃银高科,2019Q4,01,农业,否,中国证监会,《上市公司行业分类指引》（2012年修订）,2019Q4.pdf,候选待年报复核,1,安徽荃银高科种业股份有限公司,2019,recognition,https://www.moa.gov.cn/nybgb/2019/201912/202004/P020200410023357640054.pdf,https://www.szse.cn/api/report/index/companyGeneralization?secCode=300087,当前交易所法人全称与官方名单标准化后完全一致,身份关系已核实候选；ST、退市时点及资格缺口仍待处理,已由当期行业分类证券简称标记：否,入口候选，非最终样本；仍须复核主营业务、涉农收入占比、ST/退市状态及核心变量缺失,,,,,,年度ST区间待核实,,
300094,2019,湛江国联水产开发股份有限公司,国联水产,深圳证券交易所,2010-07-08,交易所当前法人主表已覆盖,行业分类候选+龙头企业身份核实候选,,,,,1,国联水产,2019Q4,04,渔业,否,中国证监会,《上市公司行业分类指引》（2012年修订）,2019Q4.pdf,候选待年报复核,1,湛江国联水产开发股份有限公司,2018,monitor_pass,https://xccys.moa.gov.cn/gzdt/201812/t20181205_6314544.htm,https://www.szse.cn/api/report/index/companyGeneralization?secCode=300094,当前交易所法人全称与官方名单标准化后完全一致,身份关系已核实候选；ST、退市时点及资格缺口仍待处理,已由当期行业分类证券简称标记：否,入口候选，非最终样本；仍须复核主营业务、涉农收入占比、ST/退市状态及核心变量缺失,,,,,,年度ST区间待核实,,
300106,2019,新疆西部牧业股份有限公司,西部牧业,深圳证券交易所,2010-08-20,交易所当前法人主表已覆盖,行业分类候选,,,,,1,西部牧业,2019Q4,03,畜牧业,否,中国证监会,《上市公司行业分类指引》（2012年修订）,2019Q4.pdf,候选待年报复核,0,,,,,,,,已由当期行业分类证券简称标记：否,入口候选，非最终样本；仍须复核主营业务、涉农收入占比、ST/退市状态及核心变量缺失,,,,,,年度ST区间待核实,,
300138,2019,晨光生物科技集团股份有限公司,晨光生物,深圳证券交易所,2010-11-05,交易所当前法人主表已覆盖,龙头企业身份核实候选,,,,,0,,,,,,,,,,1,晨光生物科技集团股份有限公司,2018,monitor_pass,https://xccys.moa.gov.cn/gzdt/201812/t20181205_6314544.htm,https://www.szse.cn/api/report/index/companyGeneralization?secCode=300138,当前交易所法人全称与官方名单标准化后完全一致,身份关系已核实候选；ST、退市时点及资格缺口仍待处理,待从公司年度证券状态来源核实,入口候选，非最终样本；仍须复核主营业务、涉农收入占比、ST/退市状态及核心变量缺失,,,,,,年度ST区间待核实,,
300158,2019,山西振东制药股份有限公司,振东制药,深圳证券交易所,2011-01-07,交易所当前法人主表已覆盖,龙头企业身份核实候选,,,,,0,,,,,,,,,,1,山西振东制药股份有限公司,2019,recognition,https://www.moa.gov.cn/nybgb/2019/201912/202004/P020200410023357640054.pdf,https://www.szse.cn/api/report/index/companyGeneralization?secCode=300158,当前交易所法人全称与官方名单标准化后完全一致,身份关系已核实候选；ST、退市时点及资格缺口仍待处理,待从公司年度证券状态来源核实,入口候选，非最终样本；仍须复核主营业务、涉农收入占比、ST/退市状态及核心变量缺失,,,,,,年度ST区间待核实,,
300189,2019,海南神农种业科技股份有限公司,神农种业,深圳证券交易所,2011-03-16,交易所当前法人主表已覆盖,行业分类候选+龙头企业身份核实候选,,,,,1,神农科技,2019Q4,01,农业,否,中国证监会,《上市公司行业分类指引》（2012年修订）,2019Q4.pdf,候选待年报复核,1,海南神农基因科技股份有限公司,2018,monitor_pass,https://xccys.moa.gov.cn/gzdt/201812/t20181205_6314544.htm,https://static.cninfo.com.cn/finalpage/2025-04-26/1223326682.PDF,2024年年度报告明确名单名称为当前上市公司的原名,身份关系已核实候选；ST、退市时点及资格缺口仍待处理,已由当期行业分类证券简称标记：否,入口候选，非最终样本；仍须复核主营业务、涉农收入占比、ST/退市状态及核心变量缺失,,,,,,年度ST区间待核实,,
300313,2019,新疆天山畜牧生物工程股份有限公司,天山生物,深圳证券交易所,2012-04-25,交易所当前法人主表已覆盖,行业分类候选,,,,,1,天山生物,2019Q4,03,畜牧业,否,中国证监会,《上市公司行业分类指引》（2012年修订）,2019Q4.pdf,候选待年报复核,0,,,,,,,,已由当期行业分类证券简称标记：否,入口候选，非最终样本；仍须复核主营业务、涉农收入占比、ST/退市状态及核心变量缺失,,,,,,年度ST区间待核实,,
300498,2019,温氏食品集团股份有限公司,温氏股份,深圳证券交易所,2015-11-02,交易所当前法人主表已覆盖,行业分类候选+龙头企业身份核实候选,,,,,1,温氏股份,2019Q4,03,畜牧业,否,中国证监会,《上市公司行业分类指引》（2012年修订）,2019Q4.pdf,候选待年报复核,1,广东温氏食品集团股份有限公司,2018,monitor_pass,https://xccys.moa.gov.cn/gzdt/201812/t20181205_6314544.htm,https://static.cninfo.com.cn/finalpage/2018-08-16/1205296769.PDF,上市公司完成公司名称工商登记变更公告,身份关系已核实候选；ST、退市时点及资格缺口仍待处理,已由当期行业分类证券简称标记：否,入口候选，非最终样本；仍须复核主营业务、涉农收入占比、ST/退市状态及核心变量缺失,,,,,,年度ST区间待核实,,
300511,2019,上海雪榕生物科技股份有限公司,雪榕生物,深圳证券交易所,2016-05-04,交易所当前法人主表已覆盖,行业分类候选+龙头企业身份核实候选,,,,,1,雪榕生物,2019Q4,01,农业,否,中国证监会,《上市公司行业分类指引》（2012年修订）,2019Q4.pdf,候选待年报复核,1,上海雪榕生物科技股份有限公司,2018,monitor_pass,https://xccys.moa.gov.cn/gzdt/201812/t20181205_6314544.htm,https://www.szse.cn/api/report/index/companyGeneralization?secCode=300511,当前交易所法人全称与官方名单标准化后完全一致,身份关系已核实候选；ST、退市时点及资格缺口仍待处理,已由当期行业分类证券简称标记：否,入口候选，非最终样本；仍须复核主营业务、涉农收入占比、ST/退市状态及核心变量缺失,,,,,,年度ST区间待核实,,
300761,2019,江苏立华食品集团股份有限公司,立华股份,深圳证券交易所,2019-02-18,交易所当前法人主表已覆盖,行业分类候选,,,,,1,立华股份,2019Q4,03,畜牧业,否,中国证监会,《上市公司行业分类指引》（2012年修订）,2019Q4.pdf,候选待年报复核,0,,,,,,,,已由当期行业分类证券简称标记：否,入口候选，非最终样本；仍须复核主营业务、涉农收入占比、ST/退市状态及核心变量缺失,,,,,,年度ST区间待核实,,
600097,2019,上海开创国际海洋资源股份有限公司,开创国际,上海证券交易所,19970619,交易所当前法人主表已覆盖,行业分类候选,,,,,1,开创国际,2019Q4,04,渔业,否,中国证监会,《上市公司行业分类指引》（2012年修订）,2019Q4.pdf,候选待年报复核,0,,,,,,,,已由当期行业分类证券简称标记：否,入口候选，非最终样本；仍须复核主营业务、涉农收入占比、ST/退市状态及核心变量缺失,,,,,,年度ST区间待核实,,
600108,2019,甘肃亚盛实业(集团)股份有限公司,亚盛集团,上海证券交易所,19970818,交易所当前法人主表已覆盖,行业分类候选+龙头企业身份核实候选,,,,,1,亚盛集团,2019Q4,01,农业,否,中国证监会,《上市公司行业分类指引》（2012年修订）,2019Q4.pdf,候选待年报复核,1,甘肃亚盛实业（集团）股份有限公司,2018,monitor_pass,https://xccys.moa.gov.cn/gzdt/201812/t20181205_6314544.htm,https://query.sse.com.cn/commonQuery.do?sqlId=COMMON_SSE_CP_GPJCTPZ_GPLB_GP_L,当前交易所法人全称与官方名单标准化后完全一致,身份关系已核实候选；ST、退市时点及资格缺口仍待处理,已由当期行业分类证券简称标记：否,入口候选，非最终样本；仍须复核主营业务、涉农收入占比、ST/退市状态及核心变量缺失,,,,,,年度ST区间待核实,,
600127,2019,金健米业股份有限公司,金健米业,上海证券交易所,19980506,交易所当前法人主表已覆盖,龙头企业身份核实候选,,,,,0,,,,,,,,,,1,金健米业股份有限公司,2018,monitor_pass,https://xccys.moa.gov.cn/gzdt/201812/t20181205_6314544.htm,https://query.sse.com.cn/commonQuery.do?sqlId=COMMON_SSE_CP_GPJCTPZ_GPLB_GP_L,当前交易所法人全称与官方名单标准化后完全一致,身份关系已核实候选；ST、退市时点及资格缺口仍待处理,待从公司年度证券状态来源核实,入口候选，非最终样本；仍须复核主营业务、涉农收入占比、ST/退市状态及核心变量缺失,,,,,,年度ST区间待核实,,
600129,2019,重庆太极实业(集团)股份有限公司,太极集团,上海证券交易所,19971118,交易所当前法人主表已覆盖,龙头企业身份核实候选,,,,,0,,,,,,,,,,1,重庆太极实业（集团）股份有限公司,2018,monitor_pass,https://xccys.moa.gov.cn/gzdt/201812/t20181205_6314544.htm,https://query.sse.com.cn/commonQuery.do?sqlId=COMMON_SSE_CP_GPJCTPZ_GPLB_GP_L,当前交易所法人全称与官方名单标准化后完全一致,身份关系已核实候选；ST、退市时点及资格缺口仍待处理,待从公司年度证券状态来源核实,入口候选，非最终样本；仍须复核主营业务、涉农收入占比、ST/退市状态及核心变量缺失,,,,,,年度ST区间待核实,,
600195,2019,中牧实业股份有限公司,中牧股份,上海证券交易所,19990107,交易所当前法人主表已覆盖,龙头企业身份核实候选,,,,,0,,,,,,,,,,1,中牧实业股份有限公司,2018,monitor_pass,https://xccys.moa.gov.cn/gzdt/201812/t20181205_6314544.htm,https://query.sse.com.cn/commonQuery.do?sqlId=COMMON_SSE_CP_GPJCTPZ_GPLB_GP_L,当前交易所法人全称与官方名单标准化后完全一致,身份关系已核实候选；ST、退市时点及资格缺口仍待处理,待从公司年度证券状态来源核实,入口候选，非最终样本；仍须复核主营业务、涉农收入占比、ST/退市状态及核心变量缺失,,,,,,年度ST区间待核实,,
600211,2019,西藏诺迪康药业股份有限公司,西藏药业,上海证券交易所,19990721,交易所当前法人主表已覆盖,龙头企业身份核实候选,,,,,0,,,,,,,,,,1,西藏诺迪康药业股份有限公司,2018,monitor_pass,https://xccys.moa.gov.cn/gzdt/201812/t20181205_6314544.htm,https://query.sse.com.cn/commonQuery.do?sqlId=COMMON_SSE_CP_GPJCTPZ_GPLB_GP_L,当前交易所法人全称与官方名单标准化后完全一致,身份关系已核实候选；ST、退市时点及资格缺口仍待处理,待从公司年度证券状态来源核实,入口候选，非最终样本；仍须复核主营业务、涉农收入占比、ST/退市状态及核心变量缺失,,,,,,年度ST区间待核实,,
600251,2019,新疆冠农股份有限公司,冠农股份,上海证券交易所,20030609,交易所当前法人主表已覆盖,龙头企业身份核实候选,,,,,0,,,,,,,,,,1,新疆冠农果茸集团股份有限公司,2018,monitor_pass,https://xccys.moa.gov.cn/gzdt/201812/t20181205_6314544.htm,https://static.cninfo.com.cn/finalpage/2018-10-27/1205543355.PDF | https://static.cninfo.com.cn/finalpage/2023-02-10/1215815769.PDF,2018年股东大会资料明确集团名称变更为新疆冠农果茸股份有限公司并由2023年工商公告继续变更为当前名称,身份关系已核实候选；ST、退市时点及资格缺口仍待处理,待从公司年度证券状态来源核实,入口候选，非最终样本；仍须复核主营业务、涉农收入占比、ST/退市状态及核心变量缺失,,,,,,年度ST区间待核实,,
600257,2019,大湖健康产业股份有限公司,大湖股份,上海证券交易所,20000612,交易所当前法人主表已覆盖,行业分类候选,,,,,1,大湖股份,2019Q4,04,渔业,否,中国证监会,《上市公司行业分类指引》（2012年修订）,2019Q4.pdf,候选待年报复核,0,,,,,,,,已由当期行业分类证券简称标记：否,入口候选，非最终样本；仍须复核主营业务、涉农收入占比、ST/退市状态及核心变量缺失,,,,,,年度ST区间待核实,,
600265,2019,云南景谷林业股份有限公司,*ST景谷,上海证券交易所,20000825,交易所当前法人主表已覆盖,行业分类候选,,,,,1,ST景谷,2019Q4,02,林业,是,中国证监会,《上市公司行业分类指引》（2012年修订）,2019Q4.pdf,候选待年报复核,0,,,,,,,,已由当期行业分类证券简称标记：是,入口候选，非最终样本；仍须复核主营业务、涉农收入占比、ST/退市状态及核心变量缺失,是,是,https://static.cninfo.com.cn/finalpage/2013-05-02/62447733.PDF,,样本期左截断_终点待闭合,已由法定公告核实本年存在ST风险警示,,
600295,2019,内蒙古鄂尔多斯资源股份有限公司,鄂尔多斯,上海证券交易所,20010426,交易所当前法人主表已覆盖,龙头企业身份核实候选,,,,,0,,,,,,,,,,1,内蒙古鄂尔多斯资源股份有限公司,2018,monitor_pass,https://xccys.moa.gov.cn/gzdt/201812/t20181205_6314544.htm,https://query.sse.com.cn/commonQuery.do?sqlId=COMMON_SSE_CP_GPJCTPZ_GPLB_GP_L,当前交易所法人全称与官方名单标准化后完全一致,身份关系已核实候选；ST、退市时点及资格缺口仍待处理,待从公司年度证券状态来源核实,入口候选，非最终样本；仍须复核主营业务、涉农收入占比、ST/退市状态及核心变量缺失,,,,,,年度ST区间待核实,,
600300,2019,维维食品饮料股份有限公司,维维股份,上海证券交易所,20000630,交易所当前法人主表已覆盖,龙头企业身份核实候选,,,,,0,,,,,,,,,,1,维维食品饮料股份有限公司,2018,monitor_pass,https://xccys.moa.gov.cn/gzdt/201812/t20181205_6314544.htm,https://query.sse.com.cn/commonQuery.do?sqlId=COMMON_SSE_CP_GPJCTPZ_GPLB_GP_L,当前交易所法人全称与官方名单标准化后完全一致,身份关系已核实候选；ST、退市时点及资格缺口仍待处理,待从公司年度证券状态来源核实,入口候选，非最终样本；仍须复核主营业务、涉农收入占比、ST/退市状态及核心变量缺失,,,,,,年度ST区间待核实,,
600305,2019,江苏恒顺醋业股份有限公司,恒顺醋业,上海证券交易所,20010206,交易所当前法人主表已覆盖,龙头企业身份核实候选,,,,,0,,,,,,,,,,1,江苏恒顺醋业股份有限公司,2018,monitor_pass,https://xccys.moa.gov.cn/gzdt/201812/t20181205_6314544.htm,https://query.sse.com.cn/commonQuery.do?sqlId=COMMON_SSE_CP_GPJCTPZ_GPLB_GP_L,当前交易所法人全称与官方名单标准化后完全一致,身份关系已核实候选；ST、退市时点及资格缺口仍待处理,待从公司年度证券状态来源核实,入口候选，非最终样本；仍须复核主营业务、涉农收入占比、ST/退市状态及核心变量缺失,,,,,,年度ST区间待核实,,
600313,2019,中农发种业集团股份有限公司,农发种业,上海证券交易所,20010119,交易所当前法人主表已覆盖,行业分类候选,,,,,1,农发种业,2019Q4,01,农业,否,中国证监会,《上市公司行业分类指引》（2012年修订）,2019Q4.pdf,候选待年报复核,0,,,,,,,,已由当期行业分类证券简称标记：否,入口候选，非最终样本；仍须复核主营业务、涉农收入占比、ST/退市状态及核心变量缺失,,,,,,年度ST区间待核实,,
600351,2019,亚宝药业集团股份有限公司,亚宝药业,上海证券交易所,20020926,交易所当前法人主表已覆盖,龙头企业身份核实候选,,,,,0,,,,,,,,,,1,亚宝药业集团股份有限公司,2019,recognition,https://www.moa.gov.cn/nybgb/2019/201912/202004/P020200410023357640054.pdf,https://query.sse.com.cn/commonQuery.do?sqlId=COMMON_SSE_CP_GPJCTPZ_GPLB_GP_L,当前交易所法人全称与官方名单标准化后完全一致,身份关系已核实候选；ST、退市时点及资格缺口仍待处理,待从公司年度证券状态来源核实,入口候选，非最终样本；仍须复核主营业务、涉农收入占比、ST/退市状态及核心变量缺失,,,,,,年度ST区间待核实,,
600354,2019,甘肃省敦煌种业集团股份有限公司,敦煌种业,上海证券交易所,20040115,交易所当前法人主表已覆盖,行业分类候选+龙头企业身份核实候选,,,,,1,敦煌种业,2019Q4,01,农业,否,中国证监会,《上市公司行业分类指引》（2012年修订）,2019Q4.pdf,候选待年报复核,1,甘肃省敦煌种业集团股份有限公司,2018,monitor_pass,https://xccys.moa.gov.cn/gzdt/201812/t20181205_6314544.htm,https://query.sse.com.cn/commonQuery.do?sqlId=COMMON_SSE_CP_GPJCTPZ_GPLB_GP_L,当前交易所法人全称与官方名单标准化后完全一致,身份关系已核实候选；ST、退市时点及资格缺口仍待处理,已由当期行业分类证券简称标记：否,入口候选，非最终样本；仍须复核主营业务、涉农收入占比、ST/退市状态及核心变量缺失,,,,,,年度ST区间待核实,,
600359,2019,新疆塔里木农业综合开发股份有限公司,新农开发,上海证券交易所,19990429,交易所当前法人主表已覆盖,行业分类候选,,,,,1,新农开发,2019Q4,01,农业,否,中国证监会,《上市公司行业分类指引》（2012年修订）,2019Q4.pdf,候选待年报复核,0,,,,,,,,已由当期行业分类证券简称标记：否,入口候选，非最终样本；仍须复核主营业务、涉农收入占比、ST/退市状态及核心变量缺失,,,,,,年度ST区间待核实,,
600371,2019,万向德农股份有限公司,万向德农,上海证券交易所,20020916,交易所当前法人主表已覆盖,行业分类候选,,,,,1,万向德农,2019Q4,01,农业,否,中国证监会,《上市公司行业分类指引》（2012年修订）,2019Q4.pdf,候选待年报复核,0,,,,,,,,已由当期行业分类证券简称标记：否,入口候选，非最终样本；仍须复核主营业务、涉农收入占比、ST/退市状态及核心变量缺失,,,,,,年度ST区间待核实,,
600419,2019,新疆天润乳业股份有限公司,天润乳业,上海证券交易所,20010628,交易所当前法人主表已覆盖,龙头企业身份核实候选,,,,,0,,,,,,,,,,1,新疆天润乳业股份有限公司,2018,monitor_pass,https://xccys.moa.gov.cn/gzdt/201812/t20181205_6314544.htm,https://query.sse.com.cn/commonQuery.do?sqlId=COMMON_SSE_CP_GPJCTPZ_GPLB_GP_L,当前交易所法人全称与官方名单标准化后完全一致,身份关系已核实候选；ST、退市时点及资格缺口仍待处理,待从公司年度证券状态来源核实,入口候选，非最终样本；仍须复核主营业务、涉农收入占比、ST/退市状态及核心变量缺失,,,,,,年度ST区间待核实,,
600429,2019,北京三元食品股份有限公司,三元股份,上海证券交易所,20030915,交易所当前法人主表已覆盖,龙头企业身份核实候选,,,,,0,,,,,,,,,,1,北京三元食品股份有限公司,2018,monitor_pass,https://xccys.moa.gov.cn/gzdt/201812/t20181205_6314544.htm,https://query.sse.com.cn/commonQuery.do?sqlId=COMMON_SSE_CP_GPJCTPZ_GPLB_GP_L,当前交易所法人全称与官方名单标准化后完全一致,身份关系已核实候选；ST、退市时点及资格缺口仍待处理,待从公司年度证券状态来源核实,入口候选，非最终样本；仍须复核主营业务、涉农收入占比、ST/退市状态及核心变量缺失,,,,,,年度ST区间待核实,,
600438,2019,通威股份有限公司,通威股份,上海证券交易所,20040302,交易所当前法人主表已覆盖,龙头企业身份核实候选,,,,,0,,,,,,,,,,1,通威股份有限公司,2018,monitor_pass,https://xccys.moa.gov.cn/gzdt/201812/t20181205_6314544.htm,https://query.sse.com.cn/commonQuery.do?sqlId=COMMON_SSE_CP_GPJCTPZ_GPLB_GP_L,当前交易所法人全称与官方名单标准化后完全一致,身份关系已核实候选；ST、退市时点及资格缺口仍待处理,待从公司年度证券状态来源核实,入口候选，非最终样本；仍须复核主营业务、涉农收入占比、ST/退市状态及核心变量缺失,,,,,,年度ST区间待核实,,
600467,2019,山东好当家海洋发展股份有限公司,好当家,上海证券交易所,20040405,交易所当前法人主表已覆盖,行业分类候选+龙头企业身份核实候选,,,,,1,好当家,2019Q4,04,渔业,否,中国证监会,《上市公司行业分类指引》（2012年修订）,2019Q4.pdf,候选待年报复核,1,山东好当家海洋发展股份有限公司,2018,monitor_pass,https://xccys.moa.gov.cn/gzdt/201812/t20181205_6314544.htm,https://query.sse.com.cn/commonQuery.do?sqlId=COMMON_SSE_CP_GPJCTPZ_GPLB_GP_L,当前交易所法人全称与官方名单标准化后完全一致,身份关系已核实候选；ST、退市时点及资格缺口仍待处理,已由当期行业分类证券简称标记：否,入口候选，非最终样本；仍须复核主营业务、涉农收入占比、ST/退市状态及核心变量缺失,,,,,,年度ST区间待核实,,
600479,2019,株洲千金药业股份有限公司,千金药业,上海证券交易所,20040312,交易所当前法人主表已覆盖,龙头企业身份核实候选,,,,,0,,,,,,,,,,1,株洲千金药业股份有限公司,2018,monitor_pass,https://xccys.moa.gov.cn/gzdt/201812/t20181205_6314544.htm,https://query.sse.com.cn/commonQuery.do?sqlId=COMMON_SSE_CP_GPJCTPZ_GPLB_GP_L,当前交易所法人全称与官方名单标准化后完全一致,身份关系已核实候选；ST、退市时点及资格缺口仍待处理,待从公司年度证券状态来源核实,入口候选，非最终样本；仍须复核主营业务、涉农收入占比、ST/退市状态及核心变量缺失,,,,,,年度ST区间待核实,,
600506,2019,统一低碳科技(新疆)股份有限公司,统一股份,上海证券交易所,20011226,交易所当前法人主表已覆盖,行业分类候选,,,,,1,香梨股份,2019Q4,01,农业,否,中国证监会,《上市公司行业分类指引》（2012年修订）,2019Q4.pdf,候选待年报复核,0,,,,,,,,已由当期行业分类证券简称标记：否,入口候选，非最终样本；仍须复核主营业务、涉农收入占比、ST/退市状态及核心变量缺失,,,,,,年度ST区间待核实,,
600540,2019,新疆赛里木现代农业股份有限公司,新赛股份,上海证券交易所,20040107,交易所当前法人主表已覆盖,行业分类候选,,,,,1,新赛股份,2019Q4,01,农业,否,中国证监会,《上市公司行业分类指引》（2012年修订）,2019Q4.pdf,候选待年报复核,0,,,,,,,,已由当期行业分类证券简称标记：否,入口候选，非最终样本；仍须复核主营业务、涉农收入占比、ST/退市状态及核心变量缺失,,,,,,年度ST区间待核实,,
600543,2019,甘肃莫高实业发展股份有限公司,*ST莫高,上海证券交易所,20040324,交易所当前法人主表已覆盖,龙头企业身份核实候选,,,,,0,,,,,,,,,,1,甘肃莫高实业发展股份有限公司,2018,monitor_pass,https://xccys.moa.gov.cn/gzdt/201812/t20181205_6314544.htm,https://query.sse.com.cn/commonQuery.do?sqlId=COMMON_SSE_CP_GPJCTPZ_GPLB_GP_L,当前交易所法人全称与官方名单标准化后完全一致,身份关系已核实候选；ST、退市时点及资格缺口仍待处理,待从公司年度证券状态来源核实,入口候选，非最终样本；仍须复核主营业务、涉农收入占比、ST/退市状态及核心变量缺失,,,,,,年度ST区间待核实,,
600597,2019,光明乳业股份有限公司,光明乳业,上海证券交易所,20020828,交易所当前法人主表已覆盖,龙头企业身份核实候选,,,,,0,,,,,,,,,,1,光明乳业股份有限公司,2018,monitor_pass,https://xccys.moa.gov.cn/gzdt/201812/t20181205_6314544.htm,https://query.sse.com.cn/commonQuery.do?sqlId=COMMON_SSE_CP_GPJCTPZ_GPLB_GP_L,当前交易所法人全称与官方名单标准化后完全一致,身份关系已核实候选；ST、退市时点及资格缺口仍待处理,待从公司年度证券状态来源核实,入口候选，非最终样本；仍须复核主营业务、涉农收入占比、ST/退市状态及核心变量缺失,,,,,,年度ST区间待核实,,
600598,2019,黑龙江北大荒农业股份有限公司,北大荒,上海证券交易所,20020329,交易所当前法人主表已覆盖,行业分类候选,,,,,1,北大荒,2019Q4,01,农业,否,中国证监会,《上市公司行业分类指引》（2012年修订）,2019Q4.pdf,候选待年报复核,0,,,,,,,,已由当期行业分类证券简称标记：否,入口候选，非最终样本；仍须复核主营业务、涉农收入占比、ST/退市状态及核心变量缺失,,,,,,年度ST区间待核实,,
600873,2019,梅花生物科技集团股份有限公司,梅花生物,上海证券交易所,19950217,交易所当前法人主表已覆盖,龙头企业身份核实候选,,,,,0,,,,,,,,,,1,梅花生物科技集团股份有限公司,2018,monitor_pass,https://xccys.moa.gov.cn/gzdt/201812/t20181205_6314544.htm,https://query.sse.com.cn/commonQuery.do?sqlId=COMMON_SSE_CP_GPJCTPZ_GPLB_GP_L,当前交易所法人全称与官方名单标准化后完全一致,身份关系已核实候选；ST、退市时点及资格缺口仍待处理,待从公司年度证券状态来源核实,入口候选，非最终样本；仍须复核主营业务、涉农收入占比、ST/退市状态及核心变量缺失,,,,,,年度ST区间待核实,,
600887,2019,内蒙古伊利实业集团股份有限公司,伊利股份,上海证券交易所,19960312,交易所当前法人主表已覆盖,龙头企业身份核实候选,,,,,0,,,,,,,,,,1,内蒙古伊利实业集团股份有限公司,2018,monitor_pass,https://xccys.moa.gov.cn/gzdt/201812/t20181205_6314544.htm,https://query.sse.com.cn/commonQuery.do?sqlId=COMMON_SSE_CP_GPJCTPZ_GPLB_GP_L,当前交易所法人全称与官方名单标准化后完全一致,身份关系已核实候选；ST、退市时点及资格缺口仍待处理,待从公司年度证券状态来源核实,入口候选，非最终样本；仍须复核主营业务、涉农收入占比、ST/退市状态及核心变量缺失,,,,,,年度ST区间待核实,,
600962,2019,国投中鲁果汁股份有限公司,国投中鲁,上海证券交易所,20040622,交易所当前法人主表已覆盖,龙头企业身份核实候选,,,,,0,,,,,,,,,,1,国投中鲁果汁股份有限公司,2018,monitor_pass,https://xccys.moa.gov.cn/gzdt/201812/t20181205_6314544.htm,https://query.sse.com.cn/commonQuery.do?sqlId=COMMON_SSE_CP_GPJCTPZ_GPLB_GP_L,当前交易所法人全称与官方名单标准化后完全一致,身份关系已核实候选；ST、退市时点及资格缺口仍待处理,待从公司年度证券状态来源核实,入口候选，非最终样本；仍须复核主营业务、涉农收入占比、ST/退市状态及核心变量缺失,,,,,,年度ST区间待核实,,
600965,2019,河北福成五丰食品股份有限公司,*ST福成,上海证券交易所,20040713,交易所当前法人主表已覆盖,行业分类候选+龙头企业身份核实候选,,,,,1,福成股份,2019Q4,03,畜牧业,否,中国证监会,《上市公司行业分类指引》（2012年修订）,2019Q4.pdf,候选待年报复核,1,河北福成五丰食品股份有限公司,2018,monitor_pass,https://xccys.moa.gov.cn/gzdt/201812/t20181205_6314544.htm,https://query.sse.com.cn/commonQuery.do?sqlId=COMMON_SSE_CP_GPJCTPZ_GPLB_GP_L,当前交易所法人全称与官方名单标准化后完全一致,身份关系已核实候选；ST、退市时点及资格缺口仍待处理,已由当期行业分类证券简称标记：否,入口候选，非最终样本；仍须复核主营业务、涉农收入占比、ST/退市状态及核心变量缺失,,,,,,年度ST区间待核实,,
600975,2019,湖南新五丰股份有限公司,新五丰,上海证券交易所,20040609,交易所当前法人主表已覆盖,行业分类候选+龙头企业身份核实候选,,,,,1,新五丰,2019Q4,03,畜牧业,否,中国证监会,《上市公司行业分类指引》（2012年修订）,2019Q4.pdf,候选待年报复核,1,湖南新五丰股份有限公司,2018,monitor_pass,https://xccys.moa.gov.cn/gzdt/201812/t20181205_6314544.htm,https://query.sse.com.cn/commonQuery.do?sqlId=COMMON_SSE_CP_GPJCTPZ_GPLB_GP_L,当前交易所法人全称与官方名单标准化后完全一致,身份关系已核实候选；ST、退市时点及资格缺口仍待处理,已由当期行业分类证券简称标记：否,入口候选，非最终样本；仍须复核主营业务、涉农收入占比、ST/退市状态及核心变量缺失,,,,,,年度ST区间待核实,,
601118,2019,海南天然橡胶产业集团股份有限公司,海南橡胶,上海证券交易所,20110107,交易所当前法人主表已覆盖,行业分类候选+龙头企业身份核实候选,,,,,1,海南橡胶,2019Q4,01,农业,否,中国证监会,《上市公司行业分类指引》（2012年修订）,2019Q4.pdf,候选待年报复核,1,海南天然橡胶产业集团股份有限公司,2018,monitor_pass,https://xccys.moa.gov.cn/gzdt/201812/t20181205_6314544.htm,https://query.sse.com.cn/commonQuery.do?sqlId=COMMON_SSE_CP_GPJCTPZ_GPLB_GP_L,当前交易所法人全称与官方名单标准化后完全一致,身份关系已核实候选；ST、退市时点及资格缺口仍待处理,已由当期行业分类证券简称标记：否,入口候选，非最终样本；仍须复核主营业务、涉农收入占比、ST/退市状态及核心变量缺失,,,,,,年度ST区间待核实,,
601933,2019,永辉超市股份有限公司,永辉超市,上海证券交易所,20101215,交易所当前法人主表已覆盖,龙头企业身份核实候选,,,,,0,,,,,,,,,,1,永辉超市股份有限公司,2018,monitor_pass,https://xccys.moa.gov.cn/gzdt/201812/t20181205_6314544.htm,https://query.sse.com.cn/commonQuery.do?sqlId=COMMON_SSE_CP_GPJCTPZ_GPLB_GP_L,当前交易所法人全称与官方名单标准化后完全一致,身份关系已核实候选；ST、退市时点及资格缺口仍待处理,待从公司年度证券状态来源核实,入口候选，非最终样本；仍须复核主营业务、涉农收入占比、ST/退市状态及核心变量缺失,,,,,,年度ST区间待核实,,
601996,2019,广西丰林木业集团股份有限公司,丰林集团,上海证券交易所,20110929,交易所当前法人主表已覆盖,龙头企业身份核实候选,,,,,0,,,,,,,,,,1,广西丰林木业集团股份有限公司,2018,monitor_pass,https://xccys.moa.gov.cn/gzdt/201812/t20181205_6314544.htm,https://query.sse.com.cn/commonQuery.do?sqlId=COMMON_SSE_CP_GPJCTPZ_GPLB_GP_L,当前交易所法人全称与官方名单标准化后完全一致,身份关系已核实候选；ST、退市时点及资格缺口仍待处理,待从公司年度证券状态来源核实,入口候选，非最终样本；仍须复核主营业务、涉农收入占比、ST/退市状态及核心变量缺失,,,,,,年度ST区间待核实,,
603156,2019,河北养元智汇饮品股份有限公司,养元饮品,上海证券交易所,20180212,交易所当前法人主表已覆盖,龙头企业身份核实候选,,,,,0,,,,,,,,,,1,河北养元智汇饮品股份有限公司,2018,monitor_pass,https://xccys.moa.gov.cn/gzdt/201812/t20181205_6314544.htm,https://query.sse.com.cn/commonQuery.do?sqlId=COMMON_SSE_CP_GPJCTPZ_GPLB_GP_L,当前交易所法人全称与官方名单标准化后完全一致,身份关系已核实候选；ST、退市时点及资格缺口仍待处理,待从公司年度证券状态来源核实,入口候选，非最终样本；仍须复核主营业务、涉农收入占比、ST/退市状态及核心变量缺失,,,,,,年度ST区间待核实,,
603317,2019,四川天味食品集团股份有限公司,天味食品,上海证券交易所,20190416,交易所当前法人主表已覆盖,龙头企业身份核实候选,,,,,0,,,,,,,,,,1,四川天味食品集团股份有限公司,2018,monitor_pass,https://xccys.moa.gov.cn/gzdt/201812/t20181205_6314544.htm,https://query.sse.com.cn/commonQuery.do?sqlId=COMMON_SSE_CP_GPJCTPZ_GPLB_GP_L,当前交易所法人全称与官方名单标准化后完全一致,身份关系已核实候选；ST、退市时点及资格缺口仍待处理,待从公司年度证券状态来源核实,入口候选，非最终样本；仍须复核主营业务、涉农收入占比、ST/退市状态及核心变量缺失,,,,,,年度ST区间待核实,,
603345,2019,安井食品集团股份有限公司,安井食品,上海证券交易所,20170222,交易所当前法人主表已覆盖,龙头企业身份核实候选,,,,,0,,,,,,,,,,1,福建安井食品股份有限公司,2018,monitor_pass,https://xccys.moa.gov.cn/gzdt/201812/t20181205_6314544.htm,https://static.cninfo.com.cn/finalpage/2022-03-09/1212526427.PDF,发行情况报告将当前公司明确释义为曾用旧全称的同一发行人,身份关系已核实候选；ST、退市时点及资格缺口仍待处理,待从公司年度证券状态来源核实,入口候选，非最终样本；仍须复核主营业务、涉农收入占比、ST/退市状态及核心变量缺失,,,,,,年度ST区间待核实,,
603668,2019,福建天马科技集团股份有限公司,天马科技,上海证券交易所,20170117,交易所当前法人主表已覆盖,龙头企业身份核实候选,,,,,0,,,,,,,,,,1,福建天马科技集团股份有限公司,2018,monitor_pass,https://xccys.moa.gov.cn/gzdt/201812/t20181205_6314544.htm,https://query.sse.com.cn/commonQuery.do?sqlId=COMMON_SSE_CP_GPJCTPZ_GPLB_GP_L,当前交易所法人全称与官方名单标准化后完全一致,身份关系已核实候选；ST、退市时点及资格缺口仍待处理,待从公司年度证券状态来源核实,入口候选，非最终样本；仍须复核主营业务、涉农收入占比、ST/退市状态及核心变量缺失,,,,,,年度ST区间待核实,,
603708,2019,家家悦集团股份有限公司,家家悦,上海证券交易所,20161213,交易所当前法人主表已覆盖,龙头企业身份核实候选,,,,,0,,,,,,,,,,1,家家悦集团股份有限公司,2018,monitor_pass,https://xccys.moa.gov.cn/gzdt/201812/t20181205_6314544.htm,https://query.sse.com.cn/commonQuery.do?sqlId=COMMON_SSE_CP_GPJCTPZ_GPLB_GP_L,当前交易所法人全称与官方名单标准化后完全一致,身份关系已核实候选；ST、退市时点及资格缺口仍待处理,待从公司年度证券状态来源核实,入口候选，非最终样本；仍须复核主营业务、涉农收入占比、ST/退市状态及核心变量缺失,,,,,,年度ST区间待核实,,
000423,2020,东阿阿胶股份有限公司,东阿阿胶,深圳证券交易所,1996-07-29,交易所当前法人主表已覆盖,龙头企业身份核实候选,,,,,0,,,,,,,,,,1,东阿阿胶股份有限公司,2019,recognition,https://www.moa.gov.cn/nybgb/2019/201912/202004/P020200410023357640054.pdf,https://www.szse.cn/api/report/index/companyGeneralization?secCode=000423,当前交易所法人全称与官方名单标准化后完全一致,身份关系已核实候选；ST、退市时点及资格缺口仍待处理,待从公司年度证券状态来源核实,入口候选，非最终样本；仍须复核主营业务、涉农收入占比、ST/退市状态及核心变量缺失,,,,,,年度ST区间待核实,,
000538,2020,云南白药集团股份有限公司,云南白药,深圳证券交易所,1993-12-15,交易所当前法人主表已覆盖,龙头企业身份核实候选,,,,,0,,,,,,,,,,1,云南白药集团股份有限公司,2020,monitor_pass,https://www.moa.gov.cn/nybgb/2020/202012/202102/P020210201587636946140.pdf,https://www.szse.cn/api/report/index/companyGeneralization?secCode=000538,当前交易所法人全称与官方名单标准化后完全一致,身份关系已核实候选；ST、退市时点及资格缺口仍待处理,待从公司年度证券状态来源核实,入口候选，非最终样本；仍须复核主营业务、涉农收入占比、ST/退市状态及核心变量缺失,,,,,,年度ST区间待核实,,
000568,2020,泸州老窖股份有限公司,泸州老窖,深圳证券交易所,1994-05-09,交易所当前法人主表已覆盖,龙头企业身份核实候选,,,,,0,,,,,,,,,,1,泸州老窖股份有限公司,2020,monitor_pass,https://www.moa.gov.cn/nybgb/2020/202012/202102/P020210201587636946140.pdf,https://www.szse.cn/api/report/index/companyGeneralization?secCode=000568,当前交易所法人全称与官方名单标准化后完全一致,身份关系已核实候选；ST、退市时点及资格缺口仍待处理,待从公司年度证券状态来源核实,入口候选，非最终样本；仍须复核主营业务、涉农收入占比、ST/退市状态及核心变量缺失,,,,,,年度ST区间待核实,,
000592,2020,中福海峡（平潭）发展股份有限公司,平潭发展,深圳证券交易所,1996-03-27,交易所当前法人主表已覆盖,行业分类候选,,,,,1,平潭发展,2020Q4,02,林业,否,中国证监会,《上市公司行业分类指引》（2012年修订）,2020Q4.pdf,候选待年报复核,0,,,,,,,,已由当期行业分类证券简称标记：否,入口候选，非最终样本；仍须复核主营业务、涉农收入占比、ST/退市状态及核心变量缺失,,,,,,年度ST区间待核实,,
000623,2020,吉林敖东药业集团股份有限公司,吉林敖东,深圳证券交易所,1996-10-28,交易所当前法人主表已覆盖,龙头企业身份核实候选,,,,,0,,,,,,,,,,1,吉林敖东药业集团股份有限公司,2020,monitor_pass,https://www.moa.gov.cn/nybgb/2020/202012/202102/P020210201587636946140.pdf,https://www.szse.cn/api/report/index/companyGeneralization?secCode=000623,当前交易所法人全称与官方名单标准化后完全一致,身份关系已核实候选；ST、退市时点及资格缺口仍待处理,待从公司年度证券状态来源核实,入口候选，非最终样本；仍须复核主营业务、涉农收入占比、ST/退市状态及核心变量缺失,,,,,,年度ST区间待核实,,
000713,2020,国投丰乐种业股份有限公司,国投丰乐,深圳证券交易所,1997-04-22,交易所当前法人主表已覆盖,行业分类候选+龙头企业身份核实候选,,,,,1,丰乐种业,2020Q4,05,农林牧渔服务业,否,中国证监会,《上市公司行业分类指引》（2012年修订）,2020Q4.pdf,候选待年报复核,1,合肥丰乐种业股份有限公司,2020,monitor_pass,https://www.moa.gov.cn/nybgb/2020/202012/202102/P020210201587636946140.pdf,https://static.cninfo.com.cn/finalpage/2025-08-30/1224620910.PDF,半年度报告明确当前公司曾用名单名称且证券代码保持000713,身份关系已核实候选；ST、退市时点及资格缺口仍待处理,已由当期行业分类证券简称标记：否,入口候选，非最终样本；仍须复核主营业务、涉农收入占比、ST/退市状态及核心变量缺失,,,,,,年度ST区间待核实,,
000735,2020,罗牛山股份有限公司,罗 牛 山,深圳证券交易所,1997-06-11,交易所当前法人主表已覆盖,行业分类候选+龙头企业身份核实候选,,,,,1,罗牛山,2020Q4,03,畜牧业,否,中国证监会,《上市公司行业分类指引》（2012年修订）,2020Q4.pdf,候选待年报复核,1,罗牛山股份有限公司,2020,monitor_pass,https://www.moa.gov.cn/nybgb/2020/202012/202102/P020210201587636946140.pdf,https://www.szse.cn/api/report/index/companyGeneralization?secCode=000735,当前交易所法人全称与官方名单标准化后完全一致,身份关系已核实候选；ST、退市时点及资格缺口仍待处理,已由当期行业分类证券简称标记：否,入口候选，非最终样本；仍须复核主营业务、涉农收入占比、ST/退市状态及核心变量缺失,,,,,,年度ST区间待核实,,
000798,2020,中水集团远洋股份有限公司,中水渔业,深圳证券交易所,1998-02-12,交易所当前法人主表已覆盖,行业分类候选,,,,,1,中水渔业,2020Q4,04,渔业,否,中国证监会,《上市公司行业分类指引》（2012年修订）,2020Q4.pdf,候选待年报复核,0,,,,,,,,已由当期行业分类证券简称标记：否,入口候选，非最终样本；仍须复核主营业务、涉农收入占比、ST/退市状态及核心变量缺失,,,,,,年度ST区间待核实,,
000848,2020,承德露露股份公司,承德露露,深圳证券交易所,1997-11-13,交易所当前法人主表已覆盖,龙头企业身份核实候选,,,,,0,,,,,,,,,,1,河北承德露露股份有限公司,2020,monitor_pass,https://www.moa.gov.cn/nybgb/2020/202012/202102/P020210201587636946140.pdf,https://static.cninfo.com.cn/finalpage/2022-04-12/1212884374.PDF,上市公司公告列明由旧全称变更为当前全称；证券代码不变,身份关系已核实候选；ST、退市时点及资格缺口仍待处理,待从公司年度证券状态来源核实,入口候选，非最终样本；仍须复核主营业务、涉农收入占比、ST/退市状态及核心变量缺失,,,,,,年度ST区间待核实,,
000860,2020,北京顺鑫农业股份有限公司,顺鑫农业,深圳证券交易所,1998-11-04,交易所当前法人主表已覆盖,龙头企业身份核实候选,,,,,0,,,,,,,,,,1,北京顺鑫农业股份有限公司,2020,monitor_pass,https://www.moa.gov.cn/nybgb/2020/202012/202102/P020210201587636946140.pdf,https://www.szse.cn/api/report/index/companyGeneralization?secCode=000860,当前交易所法人全称与官方名单标准化后完全一致,身份关系已核实候选；ST、退市时点及资格缺口仍待处理,待从公司年度证券状态来源核实,入口候选，非最终样本；仍须复核主营业务、涉农收入占比、ST/退市状态及核心变量缺失,,,,,,年度ST区间待核实,,
000910,2020,大亚圣象家居股份有限公司,大亚圣象,深圳证券交易所,1999-06-30,交易所当前法人主表已覆盖,龙头企业身份核实候选,,,,,0,,,,,,,,,,1,大亚圣象家居股份有限公司,2020,monitor_pass,https://www.moa.gov.cn/nybgb/2020/202012/202102/P020210201587636946140.pdf,https://www.szse.cn/api/report/index/companyGeneralization?secCode=000910,当前交易所法人全称与官方名单标准化后完全一致,身份关系已核实候选；ST、退市时点及资格缺口仍待处理,待从公司年度证券状态来源核实,入口候选，非最终样本；仍须复核主营业务、涉农收入占比、ST/退市状态及核心变量缺失,,,,,,年度ST区间待核实,,
000998,2020,袁隆平农业高科技股份有限公司,隆平高科,深圳证券交易所,2000-12-11,交易所当前法人主表已覆盖,行业分类候选+龙头企业身份核实候选,,,,,1,隆平高科,2020Q4,01,农业,否,中国证监会,《上市公司行业分类指引》（2012年修订）,2020Q4.pdf,候选待年报复核,1,袁隆平农业高科技股份有限公司,2020,monitor_pass,https://www.moa.gov.cn/nybgb/2020/202012/202102/P020210201587636946140.pdf,https://www.szse.cn/api/report/index/companyGeneralization?secCode=000998,当前交易所法人全称与官方名单标准化后完全一致,身份关系已核实候选；ST、退市时点及资格缺口仍待处理,已由当期行业分类证券简称标记：否,入口候选，非最终样本；仍须复核主营业务、涉农收入占比、ST/退市状态及核心变量缺失,,,,,,年度ST区间待核实,,
002041,2020,山东登海种业股份有限公司,登海种业,深圳证券交易所,2005-04-18,交易所当前法人主表已覆盖,行业分类候选+龙头企业身份核实候选,,,,,1,登海种业,2020Q4,01,农业,否,中国证监会,《上市公司行业分类指引》（2012年修订）,2020Q4.pdf,候选待年报复核,1,山东登海种业股份有限公司,2019,recognition,https://www.moa.gov.cn/nybgb/2019/201912/202004/P020200410023357640054.pdf,https://www.szse.cn/api/report/index/companyGeneralization?secCode=002041,当前交易所法人全称与官方名单标准化后完全一致,身份关系已核实候选；ST、退市时点及资格缺口仍待处理,已由当期行业分类证券简称标记：否,入口候选，非最终样本；仍须复核主营业务、涉农收入占比、ST/退市状态及核心变量缺失,,,,,,年度ST区间待核实,,
002069,2020,獐子岛集团股份有限公司,獐子岛,深圳证券交易所,2006-09-28,交易所当前法人主表已覆盖,行业分类候选,,,,,1,獐子岛,2020Q4,04,渔业,否,中国证监会,《上市公司行业分类指引》（2012年修订）,2020Q4.pdf,候选待年报复核,0,,,,,,,,已由当期行业分类证券简称标记：否,入口候选，非最终样本；仍须复核主营业务、涉农收入占比、ST/退市状态及核心变量缺失,,,,,,年度ST区间待核实,,
002086,2020,山东东方海洋科技股份有限公司,东方海洋,深圳证券交易所,2006-11-28,交易所当前法人主表已覆盖,行业分类候选,,,,,1,*ST东洋,2020Q4,04,渔业,是,中国证监会,《上市公司行业分类指引》（2012年修订）,2020Q4.pdf,候选待年报复核,0,,,,,,,,已由当期行业分类证券简称标记：是,入口候选，非最终样本；仍须复核主营业务、涉农收入占比、ST/退市状态及核心变量缺失,是,是,https://static.cninfo.com.cn/finalpage/2019-02-15/1205834790.PDF,,样本期内起点已核实_终点待闭合,已由法定公告核实本年存在ST风险警示,,
002100,2020,天康生物股份有限公司,天康生物,深圳证券交易所,2006-12-26,交易所当前法人主表已覆盖,龙头企业身份核实候选,,,,,0,,,,,,,,,,1,天康生物股份有限公司,2020,monitor_pass,https://www.moa.gov.cn/nybgb/2020/202012/202102/P020210201587636946140.pdf,https://www.szse.cn/api/report/index/companyGeneralization?secCode=002100,当前交易所法人全称与官方名单标准化后完全一致,身份关系已核实候选；ST、退市时点及资格缺口仍待处理,待从公司年度证券状态来源核实,入口候选，非最终样本；仍须复核主营业务、涉农收入占比、ST/退市状态及核心变量缺失,,,,,,年度ST区间待核实,,
002124,2020,天邦食品股份有限公司,天邦食品,深圳证券交易所,2007-04-03,交易所当前法人主表已覆盖,龙头企业身份核实候选,,,,,0,,,,,,,,,,1,天邦食品股份有限公司,2020,monitor_pass,https://www.moa.gov.cn/nybgb/2020/202012/202102/P020210201587636946140.pdf,https://www.szse.cn/api/report/index/companyGeneralization?secCode=002124,当前交易所法人全称与官方名单标准化后完全一致,身份关系已核实候选；ST、退市时点及资格缺口仍待处理,待从公司年度证券状态来源核实,入口候选，非最终样本；仍须复核主营业务、涉农收入占比、ST/退市状态及核心变量缺失,,,,,,年度ST区间待核实,,
002166,2020,桂林莱茵生物科技股份有限公司,莱茵生物,深圳证券交易所,2007-09-13,交易所当前法人主表已覆盖,龙头企业身份核实候选,,,,,0,,,,,,,,,,1,桂林莱茵生物科技股份有限公司,2020,monitor_pass,https://www.moa.gov.cn/nybgb/2020/202012/202102/P020210201587636946140.pdf,https://www.szse.cn/api/report/index/companyGeneralization?secCode=002166,当前交易所法人全称与官方名单标准化后完全一致,身份关系已核实候选；ST、退市时点及资格缺口仍待处理,待从公司年度证券状态来源核实,入口候选，非最终样本；仍须复核主营业务、涉农收入占比、ST/退市状态及核心变量缺失,,,,,,年度ST区间待核实,,
002200,2020,云南交投生态科技股份有限公司,交投生态,深圳证券交易所,2007-12-21,交易所当前法人主表已覆盖,行业分类候选,,,,,1,ST云投,2020Q4,02,林业,是,中国证监会,《上市公司行业分类指引》（2012年修订）,2020Q4.pdf,候选待年报复核,0,,,,,,,,已由当期行业分类证券简称标记：是,入口候选，非最终样本；仍须复核主营业务、涉农收入占比、ST/退市状态及核心变量缺失,是,是,https://static.cninfo.com.cn/finalpage/2019-04-25/1206090426.PDF,,样本期内起点已核实_终点待闭合,已由法定公告核实本年存在ST风险警示,,
002216,2020,三全食品股份有限公司,三全食品,深圳证券交易所,2008-02-20,交易所当前法人主表已覆盖,龙头企业身份核实候选,,,,,0,,,,,,,,,,1,三全食品股份有限公司,2020,monitor_pass,https://www.moa.gov.cn/nybgb/2020/202012/202102/P020210201587636946140.pdf,https://www.szse.cn/api/report/index/companyGeneralization?secCode=002216,当前交易所法人全称与官方名单标准化后完全一致,身份关系已核实候选；ST、退市时点及资格缺口仍待处理,待从公司年度证券状态来源核实,入口候选，非最终样本；仍须复核主营业务、涉农收入占比、ST/退市状态及核心变量缺失,,,,,,年度ST区间待核实,,
002234,2020,山东民和牧业股份有限公司,民和股份,深圳证券交易所,2008-05-16,交易所当前法人主表已覆盖,行业分类候选+龙头企业身份核实候选,,,,,1,民和股份,2020Q4,03,畜牧业,否,中国证监会,《上市公司行业分类指引》（2012年修订）,2020Q4.pdf,候选待年报复核,1,山东民和牧业股份有限公司,2020,monitor_pass,https://www.moa.gov.cn/nybgb/2020/202012/202102/P020210201587636946140.pdf,https://www.szse.cn/api/report/index/companyGeneralization?secCode=002234,当前交易所法人全称与官方名单标准化后完全一致,身份关系已核实候选；ST、退市时点及资格缺口仍待处理,已由当期行业分类证券简称标记：否,入口候选，非最终样本；仍须复核主营业务、涉农收入占比、ST/退市状态及核心变量缺失,,,,,,年度ST区间待核实,,
002286,2020,保龄宝生物股份有限公司,保龄宝,深圳证券交易所,2009-08-28,交易所当前法人主表已覆盖,龙头企业身份核实候选,,,,,0,,,,,,,,,,1,保龄宝生物股份有限公司,2020,monitor_pass,https://www.moa.gov.cn/nybgb/2020/202012/202102/P020210201587636946140.pdf,https://www.szse.cn/api/report/index/companyGeneralization?secCode=002286,当前交易所法人全称与官方名单标准化后完全一致,身份关系已核实候选；ST、退市时点及资格缺口仍待处理,待从公司年度证券状态来源核实,入口候选，非最终样本；仍须复核主营业务、涉农收入占比、ST/退市状态及核心变量缺失,,,,,,年度ST区间待核实,,
002299,2020,福建圣农发展股份有限公司,圣农发展,深圳证券交易所,2009-10-21,交易所当前法人主表已覆盖,行业分类候选,,,,,1,圣农发展,2020Q4,03,畜牧业,否,中国证监会,《上市公司行业分类指引》（2012年修订）,2020Q4.pdf,候选待年报复核,0,,,,,,,,已由当期行业分类证券简称标记：否,入口候选，非最终样本；仍须复核主营业务、涉农收入占比、ST/退市状态及核心变量缺失,,,,,,年度ST区间待核实,,
002311,2020,广东海大集团股份有限公司,海大集团,深圳证券交易所,2009-11-27,交易所当前法人主表已覆盖,龙头企业身份核实候选,,,,,0,,,,,,,,,,1,广东海大集团股份有限公司,2020,monitor_pass,https://www.moa.gov.cn/nybgb/2020/202012/202102/P020210201587636946140.pdf,https://www.szse.cn/api/report/index/companyGeneralization?secCode=002311,当前交易所法人全称与官方名单标准化后完全一致,身份关系已核实候选；ST、退市时点及资格缺口仍待处理,待从公司年度证券状态来源核实,入口候选，非最终样本；仍须复核主营业务、涉农收入占比、ST/退市状态及核心变量缺失,,,,,,年度ST区间待核实,,
002321,2020,河南华英农业发展股份有限公司,华英农业,深圳证券交易所,2009-12-16,交易所当前法人主表已覆盖,行业分类候选+龙头企业身份核实候选,,,,,1,华英农业,2020Q4,03,畜牧业,否,中国证监会,《上市公司行业分类指引》（2012年修订）,2020Q4.pdf,候选待年报复核,1,河南华英农业发展股份有限公司,2020,monitor_pass,https://www.moa.gov.cn/nybgb/2020/202012/202102/P020210201587636946140.pdf,https://www.szse.cn/api/report/index/companyGeneralization?secCode=002321,当前交易所法人全称与官方名单标准化后完全一致,身份关系已核实候选；ST、退市时点及资格缺口仍待处理,已由当期行业分类证券简称标记：否,入口候选，非最终样本；仍须复核主营业务、涉农收入占比、ST/退市状态及核心变量缺失,,,,,,年度ST区间待核实,,
002329,2020,皇氏集团股份有限公司,皇氏集团,深圳证券交易所,2010-01-06,交易所当前法人主表已覆盖,龙头企业身份核实候选,,,,,0,,,,,,,,,,1,皇氏集团股份有限公司,2020,monitor_pass,https://www.moa.gov.cn/nybgb/2020/202012/202102/P020210201587636946140.pdf,https://www.szse.cn/api/report/index/companyGeneralization?secCode=002329,当前交易所法人全称与官方名单标准化后完全一致,身份关系已核实候选；ST、退市时点及资格缺口仍待处理,待从公司年度证券状态来源核实,入口候选，非最终样本；仍须复核主营业务、涉农收入占比、ST/退市状态及核心变量缺失,,,,,,年度ST区间待核实,,
002385,2020,北京大北农科技集团股份有限公司,大北农,深圳证券交易所,2010-04-09,交易所当前法人主表已覆盖,龙头企业身份核实候选,,,,,0,,,,,,,,,,1,北京大北农科技集团股份有限公司,2020,monitor_pass,https://www.moa.gov.cn/nybgb/2020/202012/202102/P020210201587636946140.pdf,https://www.szse.cn/api/report/index/companyGeneralization?secCode=002385,当前交易所法人全称与官方名单标准化后完全一致,身份关系已核实候选；ST、退市时点及资格缺口仍待处理,待从公司年度证券状态来源核实,入口候选，非最终样本；仍须复核主营业务、涉农收入占比、ST/退市状态及核心变量缺失,,,,,,年度ST区间待核实,,
002390,2020,贵州信邦制药股份有限公司,信邦制药,深圳证券交易所,2010-04-16,交易所当前法人主表已覆盖,龙头企业身份核实候选,,,,,0,,,,,,,,,,1,贵州信邦制药股份有限公司,2020,monitor_pass,https://www.moa.gov.cn/nybgb/2020/202012/202102/P020210201587636946140.pdf,https://www.szse.cn/api/report/index/companyGeneralization?secCode=002390,当前交易所法人全称与官方名单标准化后完全一致,身份关系已核实候选；ST、退市时点及资格缺口仍待处理,待从公司年度证券状态来源核实,入口候选，非最终样本；仍须复核主营业务、涉农收入占比、ST/退市状态及核心变量缺失,,,,,,年度ST区间待核实,,
002424,2020,贵州百灵企业集团制药股份有限公司,ST百灵,深圳证券交易所,2010-06-03,交易所当前法人主表已覆盖,龙头企业身份核实候选,,,,,0,,,,,,,,,,1,贵州百灵企业集团制药股份有限公司,2020,monitor_pass,https://www.moa.gov.cn/nybgb/2020/202012/202102/P020210201587636946140.pdf,https://www.szse.cn/api/report/index/companyGeneralization?secCode=002424,当前交易所法人全称与官方名单标准化后完全一致,身份关系已核实候选；ST、退市时点及资格缺口仍待处理,待从公司年度证券状态来源核实,入口候选，非最终样本；仍须复核主营业务、涉农收入占比、ST/退市状态及核心变量缺失,,,,,,年度ST区间待核实,,
002431,2020,棕榈生态城镇发展股份有限公司,ST棕榈,深圳证券交易所,2010-06-10,交易所当前法人主表已覆盖,龙头企业身份核实候选,,,,,0,,,,,,,,,,1,棕榈生态城镇发展股份有限公司,2020,monitor_pass,https://www.moa.gov.cn/nybgb/2020/202012/202102/P020210201587636946140.pdf,https://www.szse.cn/api/report/index/companyGeneralization?secCode=002431,当前交易所法人全称与官方名单标准化后完全一致,身份关系已核实候选；ST、退市时点及资格缺口仍待处理,待从公司年度证券状态来源核实,入口候选，非最终样本；仍须复核主营业务、涉农收入占比、ST/退市状态及核心变量缺失,,,,,,年度ST区间待核实,,
002458,2020,山东益生种畜禽股份有限公司,益生股份,深圳证券交易所,2010-08-10,交易所当前法人主表已覆盖,行业分类候选+龙头企业身份核实候选,,,,,1,益生股份,2020Q4,03,畜牧业,否,中国证监会,《上市公司行业分类指引》（2012年修订）,2020Q4.pdf,候选待年报复核,1,山东益生种畜禽股份有限公司,2020,monitor_pass,https://www.moa.gov.cn/nybgb/2020/202012/202102/P020210201587636946140.pdf,https://www.szse.cn/api/report/index/companyGeneralization?secCode=002458,当前交易所法人全称与官方名单标准化后完全一致,身份关系已核实候选；ST、退市时点及资格缺口仍待处理,已由当期行业分类证券简称标记：否,入口候选，非最终样本；仍须复核主营业务、涉农收入占比、ST/退市状态及核心变量缺失,,,,,,年度ST区间待核实,,
002507,2020,重庆市涪陵榨菜集团股份有限公司,涪陵榨菜,深圳证券交易所,2010-11-23,交易所当前法人主表已覆盖,龙头企业身份核实候选,,,,,0,,,,,,,,,,1,重庆市涪陵榨菜集团股份有限公司,2020,monitor_pass,https://www.moa.gov.cn/nybgb/2020/202012/202102/P020210201587636946140.pdf,https://www.szse.cn/api/report/index/companyGeneralization?secCode=002507,当前交易所法人全称与官方名单标准化后完全一致,身份关系已核实候选；ST、退市时点及资格缺口仍待处理,待从公司年度证券状态来源核实,入口候选，非最终样本；仍须复核主营业务、涉农收入占比、ST/退市状态及核心变量缺失,,,,,,年度ST区间待核实,,
002557,2020,洽洽食品股份有限公司,洽洽食品,深圳证券交易所,2011-03-02,交易所当前法人主表已覆盖,龙头企业身份核实候选,,,,,0,,,,,,,,,,1,洽洽食品股份有限公司,2020,monitor_pass,https://www.moa.gov.cn/nybgb/2020/202012/202102/P020210201587636946140.pdf,https://www.szse.cn/api/report/index/companyGeneralization?secCode=002557,当前交易所法人全称与官方名单标准化后完全一致,身份关系已核实候选；ST、退市时点及资格缺口仍待处理,待从公司年度证券状态来源核实,入口候选，非最终样本；仍须复核主营业务、涉农收入占比、ST/退市状态及核心变量缺失,,,,,,年度ST区间待核实,,
002566,2020,吉林省集安益盛药业股份有限公司,益盛药业,深圳证券交易所,2011-03-18,交易所当前法人主表已覆盖,龙头企业身份核实候选,,,,,0,,,,,,,,,,1,吉林省集安益盛药业股份有限公司,2020,monitor_pass,https://www.moa.gov.cn/nybgb/2020/202012/202102/P020210201587636946140.pdf,https://www.szse.cn/api/report/index/companyGeneralization?secCode=002566,当前交易所法人全称与官方名单标准化后完全一致,身份关系已核实候选；ST、退市时点及资格缺口仍待处理,待从公司年度证券状态来源核实,入口候选，非最终样本；仍须复核主营业务、涉农收入占比、ST/退市状态及核心变量缺失,,,,,,年度ST区间待核实,,
002567,2020,唐人神集团股份有限公司,唐人神,深圳证券交易所,2011-03-25,交易所当前法人主表已覆盖,龙头企业身份核实候选,,,,,0,,,,,,,,,,1,唐人神集团股份有限公司,2020,monitor_pass,https://www.moa.gov.cn/nybgb/2020/202012/202102/P020210201587636946140.pdf,https://www.szse.cn/api/report/index/companyGeneralization?secCode=002567,当前交易所法人全称与官方名单标准化后完全一致,身份关系已核实候选；ST、退市时点及资格缺口仍待处理,待从公司年度证券状态来源核实,入口候选，非最终样本；仍须复核主营业务、涉农收入占比、ST/退市状态及核心变量缺失,,,,,,年度ST区间待核实,,
002582,2020,好想你健康食品股份有限公司,好想你,深圳证券交易所,2011-05-20,交易所当前法人主表已覆盖,龙头企业身份核实候选,,,,,0,,,,,,,,,,1,好想你健康食品股份有限公司,2020,monitor_pass,https://www.moa.gov.cn/nybgb/2020/202012/202102/P020210201587636946140.pdf,https://www.szse.cn/api/report/index/companyGeneralization?secCode=002582,当前交易所法人全称与官方名单标准化后完全一致,身份关系已核实候选；ST、退市时点及资格缺口仍待处理,待从公司年度证券状态来源核实,入口候选，非最终样本；仍须复核主营业务、涉农收入占比、ST/退市状态及核心变量缺失,,,,,,年度ST区间待核实,,
002650,2020,加加食品集团股份有限公司,ST加加,深圳证券交易所,2012-01-06,交易所当前法人主表已覆盖,龙头企业身份核实候选,,,,,0,,,,,,,,,,1,加加食品集团股份有限公司,2020,monitor_pass,https://www.moa.gov.cn/nybgb/2020/202012/202102/P020210201587636946140.pdf,https://www.szse.cn/api/report/index/companyGeneralization?secCode=002650,当前交易所法人全称与官方名单标准化后完全一致,身份关系已核实候选；ST、退市时点及资格缺口仍待处理,待从公司年度证券状态来源核实,入口候选，非最终样本；仍须复核主营业务、涉农收入占比、ST/退市状态及核心变量缺失,是,是,https://static.cninfo.com.cn/finalpage/2020-06-12/1207919359.PDF,https://static.cninfo.com.cn/finalpage/2021-07-27/1210573032.PDF,区间已闭合,已由法定公告核实本年存在ST风险警示,,
002679,2020,福建金森林业股份有限公司,福建金森,深圳证券交易所,2012-06-05,交易所当前法人主表已覆盖,行业分类候选,,,,,1,福建金森,2020Q4,02,林业,否,中国证监会,《上市公司行业分类指引》（2012年修订）,2020Q4.pdf,候选待年报复核,0,,,,,,,,已由当期行业分类证券简称标记：否,入口候选，非最终样本；仍须复核主营业务、涉农收入占比、ST/退市状态及核心变量缺失,,,,,,年度ST区间待核实,,
002688,2020,金河生物科技股份有限公司,金河生物,深圳证券交易所,2012-07-13,交易所当前法人主表已覆盖,龙头企业身份核实候选,,,,,0,,,,,,,,,,1,金河生物科技股份有限公司,2020,monitor_pass,https://www.moa.gov.cn/nybgb/2020/202012/202102/P020210201587636946140.pdf,https://www.szse.cn/api/report/index/companyGeneralization?secCode=002688,当前交易所法人全称与官方名单标准化后完全一致,身份关系已核实候选；ST、退市时点及资格缺口仍待处理,待从公司年度证券状态来源核实,入口候选，非最终样本；仍须复核主营业务、涉农收入占比、ST/退市状态及核心变量缺失,,,,,,年度ST区间待核实,,
002696,2020,百洋产业投资集团股份有限公司,百洋股份,深圳证券交易所,2012-09-05,交易所当前法人主表已覆盖,行业分类候选+龙头企业身份核实候选,,,,,1,百洋股份,2020Q4,04,渔业,否,中国证监会,《上市公司行业分类指引》（2012年修订）,2020Q4.pdf,候选待年报复核,1,百洋产业投资集团股份有限公司,2020,monitor_pass,https://www.moa.gov.cn/nybgb/2020/202012/202102/P020210201587636946140.pdf,https://www.szse.cn/api/report/index/companyGeneralization?secCode=002696,当前交易所法人全称与官方名单标准化后完全一致,身份关系已核实候选；ST、退市时点及资格缺口仍待处理,已由当期行业分类证券简称标记：否,入口候选，非最终样本；仍须复核主营业务、涉农收入占比、ST/退市状态及核心变量缺失,,,,,,年度ST区间待核实,,
002702,2020,海欣食品股份有限公司,海欣食品,深圳证券交易所,2012-10-11,交易所当前法人主表已覆盖,龙头企业身份核实候选,,,,,0,,,,,,,,,,1,海欣食品股份有限公司,2020,monitor_pass,https://www.moa.gov.cn/nybgb/2020/202012/202102/P020210201587636946140.pdf,https://www.szse.cn/api/report/index/companyGeneralization?secCode=002702,当前交易所法人全称与官方名单标准化后完全一致,身份关系已核实候选；ST、退市时点及资格缺口仍待处理,待从公司年度证券状态来源核实,入口候选，非最终样本；仍须复核主营业务、涉农收入占比、ST/退市状态及核心变量缺失,,,,,,年度ST区间待核实,,
002714,2020,牧原食品集团股份有限公司,牧原股份,深圳证券交易所,2014-01-28,交易所当前法人主表已覆盖,行业分类候选+龙头企业身份核实候选,,,,,1,牧原股份,2020Q4,03,畜牧业,否,中国证监会,《上市公司行业分类指引》（2012年修订）,2020Q4.pdf,候选待年报复核,1,牧原食品股份有限公司,2020,monitor_pass,https://www.moa.gov.cn/nybgb/2020/202012/202102/P020210201587636946140.pdf,https://static.cninfo.com.cn/finalpage/2026-02-26/1224984472.PDF,上市公司更名公告明确法律主体不变；交易所当前全称已更新,身份关系已核实候选；ST、退市时点及资格缺口仍待处理,已由当期行业分类证券简称标记：否,入口候选，非最终样本；仍须复核主营业务、涉农收入占比、ST/退市状态及核心变量缺失,,,,,,年度ST区间待核实,,
002719,2020,麦趣尔集团股份有限公司,ST麦趣,深圳证券交易所,2014-01-28,交易所当前法人主表已覆盖,龙头企业身份核实候选,,,,,0,,,,,,,,,,1,麦趣尔集团股份有限公司,2020,monitor_pass,https://www.moa.gov.cn/nybgb/2020/202012/202102/P020210201587636946140.pdf,https://www.szse.cn/api/report/index/companyGeneralization?secCode=002719,当前交易所法人全称与官方名单标准化后完全一致,身份关系已核实候选；ST、退市时点及资格缺口仍待处理,待从公司年度证券状态来源核实,入口候选，非最终样本；仍须复核主营业务、涉农收入占比、ST/退市状态及核心变量缺失,是,是,https://static.cninfo.com.cn/finalpage/2020-04-30/1207687740.PDF,https://static.cninfo.com.cn/finalpage/2021-12-17/1211934918.PDF,区间已闭合,已由法定公告核实本年存在ST风险警示,,
002732,2020,广东燕塘乳业股份有限公司,燕塘乳业,深圳证券交易所,2014-12-05,交易所当前法人主表已覆盖,龙头企业身份核实候选,,,,,0,,,,,,,,,,1,广东燕塘乳业股份有限公司,2020,monitor_pass,https://www.moa.gov.cn/nybgb/2020/202012/202102/P020210201587636946140.pdf,https://www.szse.cn/api/report/index/companyGeneralization?secCode=002732,当前交易所法人全称与官方名单标准化后完全一致,身份关系已核实候选；ST、退市时点及资格缺口仍待处理,待从公司年度证券状态来源核实,入口候选，非最终样本；仍须复核主营业务、涉农收入占比、ST/退市状态及核心变量缺失,,,,,,年度ST区间待核实,,
002746,2020,山东仙坛集团股份有限公司,仙坛股份,深圳证券交易所,2015-02-16,交易所当前法人主表已覆盖,行业分类候选+龙头企业身份核实候选,,,,,1,仙坛股份,2020Q4,03,畜牧业,否,中国证监会,《上市公司行业分类指引》（2012年修订）,2020Q4.pdf,候选待年报复核,1,山东仙坛股份有限公司,2020,monitor_pass,https://www.moa.gov.cn/nybgb/2020/202012/202102/P020210201587636946140.pdf,https://static.cninfo.com.cn/finalpage/2025-11-18/1224808717.PDF,上市公司公告列明由旧全称变更为当前全称且证券代码保持不变,身份关系已核实候选；ST、退市时点及资格缺口仍待处理,已由当期行业分类证券简称标记：否,入口候选，非最终样本；仍须复核主营业务、涉农收入占比、ST/退市状态及核心变量缺失,,,,,,年度ST区间待核实,,
002772,2020,天水众兴菌业科技股份有限公司,众兴菌业,深圳证券交易所,2015-06-26,交易所当前法人主表已覆盖,行业分类候选+龙头企业身份核实候选,,,,,1,众兴菌业,2020Q4,01,农业,否,中国证监会,《上市公司行业分类指引》（2012年修订）,2020Q4.pdf,候选待年报复核,1,天水众兴菌业科技股份有限公司,2020,monitor_pass,https://www.moa.gov.cn/nybgb/2020/202012/202102/P020210201587636946140.pdf,https://www.szse.cn/api/report/index/companyGeneralization?secCode=002772,当前交易所法人全称与官方名单标准化后完全一致,身份关系已核实候选；ST、退市时点及资格缺口仍待处理,已由当期行业分类证券简称标记：否,入口候选，非最终样本；仍须复核主营业务、涉农收入占比、ST/退市状态及核心变量缺失,,,,,,年度ST区间待核实,,
002847,2020,盐津铺子食品股份有限公司,盐津铺子,深圳证券交易所,2017-02-08,交易所当前法人主表已覆盖,龙头企业身份核实候选,,,,,0,,,,,,,,,,1,盐津铺子食品股份有限公司,2019,recognition,https://www.moa.gov.cn/nybgb/2019/201912/202004/P020200410023357640054.pdf,https://www.szse.cn/api/report/index/companyGeneralization?secCode=002847,当前交易所法人全称与官方名单标准化后完全一致,身份关系已核实候选；ST、退市时点及资格缺口仍待处理,待从公司年度证券状态来源核实,入口候选，非最终样本；仍须复核主营业务、涉农收入占比、ST/退市状态及核心变量缺失,,,,,,年度ST区间待核实,,
002852,2020,道道全粮油股份有限公司,道道全,深圳证券交易所,2017-03-10,交易所当前法人主表已覆盖,龙头企业身份核实候选,,,,,0,,,,,,,,,,1,道道全粮油股份有限公司,2020,monitor_pass,https://www.moa.gov.cn/nybgb/2020/202012/202102/P020210201587636946140.pdf,https://www.szse.cn/api/report/index/companyGeneralization?secCode=002852,当前交易所法人全称与官方名单标准化后完全一致,身份关系已核实候选；ST、退市时点及资格缺口仍待处理,待从公司年度证券状态来源核实,入口候选，非最终样本；仍须复核主营业务、涉农收入占比、ST/退市状态及核心变量缺失,,,,,,年度ST区间待核实,,
002873,2020,贵阳新天药业股份有限公司,新天药业,深圳证券交易所,2017-05-19,交易所当前法人主表已覆盖,龙头企业身份核实候选,,,,,0,,,,,,,,,,1,贵阳新天药业股份有限公司,2020,monitor_pass,https://www.moa.gov.cn/nybgb/2020/202012/202102/P020210201587636946140.pdf,https://www.szse.cn/api/report/index/companyGeneralization?secCode=002873,当前交易所法人全称与官方名单标准化后完全一致,身份关系已核实候选；ST、退市时点及资格缺口仍待处理,待从公司年度证券状态来源核实,入口候选，非最终样本；仍须复核主营业务、涉农收入占比、ST/退市状态及核心变量缺失,,,,,,年度ST区间待核实,,
002910,2020,兰州庄园牧场股份有限公司,庄园牧场,深圳证券交易所,2017-10-31,交易所当前法人主表已覆盖,龙头企业身份核实候选,,,,,0,,,,,,,,,,1,兰州庄园牧场股份有限公司,2020,monitor_pass,https://www.moa.gov.cn/nybgb/2020/202012/202102/P020210201587636946140.pdf,https://www.szse.cn/api/report/index/companyGeneralization?secCode=002910,当前交易所法人全称与官方名单标准化后完全一致,身份关系已核实候选；ST、退市时点及资格缺口仍待处理,待从公司年度证券状态来源核实,入口候选，非最终样本；仍须复核主营业务、涉农收入占比、ST/退市状态及核心变量缺失,,,,,,年度ST区间待核实,,
002982,2020,湖南湘佳牧业股份有限公司,湘佳股份,深圳证券交易所,2020-04-24,交易所当前法人主表已覆盖,行业分类候选+龙头企业身份核实候选,,,,,1,湘佳股份,2020Q4,03,畜牧业,否,中国证监会,《上市公司行业分类指引》（2012年修订）,2020Q4.pdf,候选待年报复核,1,湖南湘佳牧业股份有限公司,2020,monitor_pass,https://www.moa.gov.cn/nybgb/2020/202012/202102/P020210201587636946140.pdf,https://www.szse.cn/api/report/index/companyGeneralization?secCode=002982,当前交易所法人全称与官方名单标准化后完全一致,身份关系已核实候选；ST、退市时点及资格缺口仍待处理,已由当期行业分类证券简称标记：否,入口候选，非最终样本；仍须复核主营业务、涉农收入占比、ST/退市状态及核心变量缺失,,,,,,年度ST区间待核实,,
300087,2020,安徽荃银高科种业股份有限公司,ST荃银,深圳证券交易所,2010-05-26,交易所当前法人主表已覆盖,行业分类候选+龙头企业身份核实候选,,,,,1,荃银高科,2020Q4,01,农业,否,中国证监会,《上市公司行业分类指引》（2012年修订）,2020Q4.pdf,候选待年报复核,1,安徽荃银高科种业股份有限公司,2019,recognition,https://www.moa.gov.cn/nybgb/2019/201912/202004/P020200410023357640054.pdf,https://www.szse.cn/api/report/index/companyGeneralization?secCode=300087,当前交易所法人全称与官方名单标准化后完全一致,身份关系已核实候选；ST、退市时点及资格缺口仍待处理,已由当期行业分类证券简称标记：否,入口候选，非最终样本；仍须复核主营业务、涉农收入占比、ST/退市状态及核心变量缺失,,,,,,年度ST区间待核实,,
300094,2020,湛江国联水产开发股份有限公司,国联水产,深圳证券交易所,2010-07-08,交易所当前法人主表已覆盖,行业分类候选+龙头企业身份核实候选,,,,,1,国联水产,2020Q4,04,渔业,否,中国证监会,《上市公司行业分类指引》（2012年修订）,2020Q4.pdf,候选待年报复核,1,湛江国联水产开发股份有限公司,2020,monitor_pass,https://www.moa.gov.cn/nybgb/2020/202012/202102/P020210201587636946140.pdf,https://www.szse.cn/api/report/index/companyGeneralization?secCode=300094,当前交易所法人全称与官方名单标准化后完全一致,身份关系已核实候选；ST、退市时点及资格缺口仍待处理,已由当期行业分类证券简称标记：否,入口候选，非最终样本；仍须复核主营业务、涉农收入占比、ST/退市状态及核心变量缺失,,,,,,年度ST区间待核实,,
300106,2020,新疆西部牧业股份有限公司,西部牧业,深圳证券交易所,2010-08-20,交易所当前法人主表已覆盖,行业分类候选,,,,,1,西部牧业,2020Q4,03,畜牧业,否,中国证监会,《上市公司行业分类指引》（2012年修订）,2020Q4.pdf,候选待年报复核,0,,,,,,,,已由当期行业分类证券简称标记：否,入口候选，非最终样本；仍须复核主营业务、涉农收入占比、ST/退市状态及核心变量缺失,,,,,,年度ST区间待核实,,
300138,2020,晨光生物科技集团股份有限公司,晨光生物,深圳证券交易所,2010-11-05,交易所当前法人主表已覆盖,龙头企业身份核实候选,,,,,0,,,,,,,,,,1,晨光生物科技集团股份有限公司,2020,monitor_pass,https://www.moa.gov.cn/nybgb/2020/202012/202102/P020210201587636946140.pdf,https://www.szse.cn/api/report/index/companyGeneralization?secCode=300138,当前交易所法人全称与官方名单标准化后完全一致,身份关系已核实候选；ST、退市时点及资格缺口仍待处理,待从公司年度证券状态来源核实,入口候选，非最终样本；仍须复核主营业务、涉农收入占比、ST/退市状态及核心变量缺失,,,,,,年度ST区间待核实,,
300158,2020,山西振东制药股份有限公司,振东制药,深圳证券交易所,2011-01-07,交易所当前法人主表已覆盖,龙头企业身份核实候选,,,,,0,,,,,,,,,,1,山西振东制药股份有限公司,2019,recognition,https://www.moa.gov.cn/nybgb/2019/201912/202004/P020200410023357640054.pdf,https://www.szse.cn/api/report/index/companyGeneralization?secCode=300158,当前交易所法人全称与官方名单标准化后完全一致,身份关系已核实候选；ST、退市时点及资格缺口仍待处理,待从公司年度证券状态来源核实,入口候选，非最终样本；仍须复核主营业务、涉农收入占比、ST/退市状态及核心变量缺失,,,,,,年度ST区间待核实,,
300189,2020,海南神农种业科技股份有限公司,神农种业,深圳证券交易所,2011-03-16,交易所当前法人主表已覆盖,行业分类候选+龙头企业身份核实候选,,,,,1,神农科技,2020Q4,01,农业,否,中国证监会,《上市公司行业分类指引》（2012年修订）,2020Q4.pdf,候选待年报复核,1,海南神农科技股份有限公司,2020,monitor_pass,https://www.moa.gov.cn/nybgb/2020/202012/202102/P020210201587636946140.pdf,https://static.cninfo.com.cn/finalpage/2025-04-26/1223326682.PDF,2024年年度报告明确名单名称为当前上市公司的原名,身份关系已核实候选；ST、退市时点及资格缺口仍待处理,已由当期行业分类证券简称标记：否,入口候选，非最终样本；仍须复核主营业务、涉农收入占比、ST/退市状态及核心变量缺失,,,,,,年度ST区间待核实,,
300313,2020,新疆天山畜牧生物工程股份有限公司,天山生物,深圳证券交易所,2012-04-25,交易所当前法人主表已覆盖,行业分类候选,,,,,1,天山生物,2020Q4,03,畜牧业,否,中国证监会,《上市公司行业分类指引》（2012年修订）,2020Q4.pdf,候选待年报复核,0,,,,,,,,已由当期行业分类证券简称标记：否,入口候选，非最终样本；仍须复核主营业务、涉农收入占比、ST/退市状态及核心变量缺失,,,,,,年度ST区间待核实,,
300498,2020,温氏食品集团股份有限公司,温氏股份,深圳证券交易所,2015-11-02,交易所当前法人主表已覆盖,行业分类候选+龙头企业身份核实候选,,,,,1,温氏股份,2020Q4,03,畜牧业,否,中国证监会,《上市公司行业分类指引》（2012年修订）,2020Q4.pdf,候选待年报复核,1,温氏食品集团股份有限公司,2020,monitor_pass,https://www.moa.gov.cn/nybgb/2020/202012/202102/P020210201587636946140.pdf,https://www.szse.cn/api/report/index/companyGeneralization?secCode=300498,当前交易所法人全称与官方名单标准化后完全一致,身份关系已核实候选；ST、退市时点及资格缺口仍待处理,已由当期行业分类证券简称标记：否,入口候选，非最终样本；仍须复核主营业务、涉农收入占比、ST/退市状态及核心变量缺失,,,,,,年度ST区间待核实,,
300511,2020,上海雪榕生物科技股份有限公司,雪榕生物,深圳证券交易所,2016-05-04,交易所当前法人主表已覆盖,行业分类候选+龙头企业身份核实候选,,,,,1,雪榕生物,2020Q4,01,农业,否,中国证监会,《上市公司行业分类指引》（2012年修订）,2020Q4.pdf,候选待年报复核,1,上海雪榕生物科技股份有限公司,2020,monitor_pass,https://www.moa.gov.cn/nybgb/2020/202012/202102/P020210201587636946140.pdf,https://www.szse.cn/api/report/index/companyGeneralization?secCode=300511,当前交易所法人全称与官方名单标准化后完全一致,身份关系已核实候选；ST、退市时点及资格缺口仍待处理,已由当期行业分类证券简称标记：否,入口候选，非最终样本；仍须复核主营业务、涉农收入占比、ST/退市状态及核心变量缺失,,,,,,年度ST区间待核实,,
300761,2020,江苏立华食品集团股份有限公司,立华股份,深圳证券交易所,2019-02-18,交易所当前法人主表已覆盖,行业分类候选,,,,,1,立华股份,2020Q4,03,畜牧业,否,中国证监会,《上市公司行业分类指引》（2012年修订）,2020Q4.pdf,候选待年报复核,0,,,,,,,,已由当期行业分类证券简称标记：否,入口候选，非最终样本；仍须复核主营业务、涉农收入占比、ST/退市状态及核心变量缺失,,,,,,年度ST区间待核实,,
300783,2020,三只松鼠股份有限公司,三只松鼠,深圳证券交易所,2019-07-12,交易所当前法人主表已覆盖,龙头企业身份核实候选,,,,,0,,,,,,,,,,1,三只松鼠股份有限公司,2020,monitor_pass,https://www.moa.gov.cn/nybgb/2020/202012/202102/P020210201587636946140.pdf,https://www.szse.cn/api/report/index/companyGeneralization?secCode=300783,当前交易所法人全称与官方名单标准化后完全一致,身份关系已核实候选；ST、退市时点及资格缺口仍待处理,待从公司年度证券状态来源核实,入口候选，非最终样本；仍须复核主营业务、涉农收入占比、ST/退市状态及核心变量缺失,,,,,,年度ST区间待核实,,
300908,2020,仲景食品股份有限公司,仲景食品,深圳证券交易所,2020-11-23,交易所当前法人主表已覆盖,龙头企业身份核实候选,,,,,0,,,,,,,,,,1,仲景食品股份有限公司,2019,recognition,https://www.moa.gov.cn/nybgb/2019/201912/202004/P020200410023357640054.pdf,https://www.szse.cn/api/report/index/companyGeneralization?secCode=300908,当前交易所法人全称与官方名单标准化后完全一致,身份关系已核实候选；ST、退市时点及资格缺口仍待处理,待从公司年度证券状态来源核实,入口候选，非最终样本；仍须复核主营业务、涉农收入占比、ST/退市状态及核心变量缺失,,,,,,年度ST区间待核实,,
600097,2020,上海开创国际海洋资源股份有限公司,开创国际,上海证券交易所,19970619,交易所当前法人主表已覆盖,行业分类候选,,,,,1,开创国际,2020Q4,04,渔业,否,中国证监会,《上市公司行业分类指引》（2012年修订）,2020Q4.pdf,候选待年报复核,0,,,,,,,,已由当期行业分类证券简称标记：否,入口候选，非最终样本；仍须复核主营业务、涉农收入占比、ST/退市状态及核心变量缺失,,,,,,年度ST区间待核实,,
600108,2020,甘肃亚盛实业(集团)股份有限公司,亚盛集团,上海证券交易所,19970818,交易所当前法人主表已覆盖,行业分类候选+龙头企业身份核实候选,,,,,1,亚盛集团,2020Q4,01,农业,否,中国证监会,《上市公司行业分类指引》（2012年修订）,2020Q4.pdf,候选待年报复核,1,甘肃亚盛实业（集团）股份有限公司,2020,monitor_pass,https://www.moa.gov.cn/nybgb/2020/202012/202102/P020210201587636946140.pdf,https://query.sse.com.cn/commonQuery.do?sqlId=COMMON_SSE_CP_GPJCTPZ_GPLB_GP_L,当前交易所法人全称与官方名单标准化后完全一致,身份关系已核实候选；ST、退市时点及资格缺口仍待处理,已由当期行业分类证券简称标记：否,入口候选，非最终样本；仍须复核主营业务、涉农收入占比、ST/退市状态及核心变量缺失,,,,,,年度ST区间待核实,,
600127,2020,金健米业股份有限公司,金健米业,上海证券交易所,19980506,交易所当前法人主表已覆盖,龙头企业身份核实候选,,,,,0,,,,,,,,,,1,金健米业股份有限公司,2020,monitor_pass,https://www.moa.gov.cn/nybgb/2020/202012/202102/P020210201587636946140.pdf,https://query.sse.com.cn/commonQuery.do?sqlId=COMMON_SSE_CP_GPJCTPZ_GPLB_GP_L,当前交易所法人全称与官方名单标准化后完全一致,身份关系已核实候选；ST、退市时点及资格缺口仍待处理,待从公司年度证券状态来源核实,入口候选，非最终样本；仍须复核主营业务、涉农收入占比、ST/退市状态及核心变量缺失,,,,,,年度ST区间待核实,,
600129,2020,重庆太极实业(集团)股份有限公司,太极集团,上海证券交易所,19971118,交易所当前法人主表已覆盖,龙头企业身份核实候选,,,,,0,,,,,,,,,,1,重庆太极实业（集团）股份有限公司,2020,monitor_pass,https://www.moa.gov.cn/nybgb/2020/202012/202102/P020210201587636946140.pdf,https://query.sse.com.cn/commonQuery.do?sqlId=COMMON_SSE_CP_GPJCTPZ_GPLB_GP_L,当前交易所法人全称与官方名单标准化后完全一致,身份关系已核实候选；ST、退市时点及资格缺口仍待处理,待从公司年度证券状态来源核实,入口候选，非最终样本；仍须复核主营业务、涉农收入占比、ST/退市状态及核心变量缺失,,,,,,年度ST区间待核实,,
600195,2020,中牧实业股份有限公司,中牧股份,上海证券交易所,19990107,交易所当前法人主表已覆盖,龙头企业身份核实候选,,,,,0,,,,,,,,,,1,中牧实业股份有限公司,2020,monitor_pass,https://www.moa.gov.cn/nybgb/2020/202012/202102/P020210201587636946140.pdf,https://query.sse.com.cn/commonQuery.do?sqlId=COMMON_SSE_CP_GPJCTPZ_GPLB_GP_L,当前交易所法人全称与官方名单标准化后完全一致,身份关系已核实候选；ST、退市时点及资格缺口仍待处理,待从公司年度证券状态来源核实,入口候选，非最终样本；仍须复核主营业务、涉农收入占比、ST/退市状态及核心变量缺失,,,,,,年度ST区间待核实,,
600211,2020,西藏诺迪康药业股份有限公司,西藏药业,上海证券交易所,19990721,交易所当前法人主表已覆盖,龙头企业身份核实候选,,,,,0,,,,,,,,,,1,西藏诺迪康药业股份有限公司,2020,monitor_pass,https://www.moa.gov.cn/nybgb/2020/202012/202102/P020210201587636946140.pdf,https://query.sse.com.cn/commonQuery.do?sqlId=COMMON_SSE_CP_GPJCTPZ_GPLB_GP_L,当前交易所法人全称与官方名单标准化后完全一致,身份关系已核实候选；ST、退市时点及资格缺口仍待处理,待从公司年度证券状态来源核实,入口候选，非最终样本；仍须复核主营业务、涉农收入占比、ST/退市状态及核心变量缺失,,,,,,年度ST区间待核实,,
600251,2020,新疆冠农股份有限公司,冠农股份,上海证券交易所,20030609,交易所当前法人主表已覆盖,龙头企业身份核实候选,,,,,0,,,,,,,,,,1,新疆冠农果茸股份有限公司,2020,monitor_pass,https://www.moa.gov.cn/nybgb/2020/202012/202102/P020210201587636946140.pdf,https://static.cninfo.com.cn/finalpage/2023-02-10/1215815769.PDF,工商变更公告明确公司由名单名称变更为当前名称且证券代码保持600251,身份关系已核实候选；ST、退市时点及资格缺口仍待处理,待从公司年度证券状态来源核实,入口候选，非最终样本；仍须复核主营业务、涉农收入占比、ST/退市状态及核心变量缺失,,,,,,年度ST区间待核实,,
600257,2020,大湖健康产业股份有限公司,大湖股份,上海证券交易所,20000612,交易所当前法人主表已覆盖,行业分类候选,,,,,1,大湖股份,2020Q4,04,渔业,否,中国证监会,《上市公司行业分类指引》（2012年修订）,2020Q4.pdf,候选待年报复核,0,,,,,,,,已由当期行业分类证券简称标记：否,入口候选，非最终样本；仍须复核主营业务、涉农收入占比、ST/退市状态及核心变量缺失,,,,,,年度ST区间待核实,,
600265,2020,云南景谷林业股份有限公司,*ST景谷,上海证券交易所,20000825,交易所当前法人主表已覆盖,行业分类候选,,,,,1,ST景谷,2020Q4,02,林业,是,中国证监会,《上市公司行业分类指引》（2012年修订）,2020Q4.pdf,候选待年报复核,0,,,,,,,,已由当期行业分类证券简称标记：是,入口候选，非最终样本；仍须复核主营业务、涉农收入占比、ST/退市状态及核心变量缺失,是,是,https://static.cninfo.com.cn/finalpage/2013-05-02/62447733.PDF,,样本期左截断_终点待闭合,已由法定公告核实本年存在ST风险警示,,
600285,2020,河南羚锐制药股份有限公司,羚锐制药,上海证券交易所,20001018,交易所当前法人主表已覆盖,龙头企业身份核实候选,,,,,0,,,,,,,,,,1,河南羚锐制药股份有限公司,2020,monitor_pass,https://www.moa.gov.cn/nybgb/2020/202012/202102/P020210201587636946140.pdf,https://query.sse.com.cn/commonQuery.do?sqlId=COMMON_SSE_CP_GPJCTPZ_GPLB_GP_L,当前交易所法人全称与官方名单标准化后完全一致,身份关系已核实候选；ST、退市时点及资格缺口仍待处理,待从公司年度证券状态来源核实,入口候选，非最终样本；仍须复核主营业务、涉农收入占比、ST/退市状态及核心变量缺失,,,,,,年度ST区间待核实,,
600295,2020,内蒙古鄂尔多斯资源股份有限公司,鄂尔多斯,上海证券交易所,20010426,交易所当前法人主表已覆盖,龙头企业身份核实候选,,,,,0,,,,,,,,,,1,内蒙古鄂尔多斯资源股份有限公司,2020,monitor_pass,https://www.moa.gov.cn/nybgb/2020/202012/202102/P020210201587636946140.pdf,https://query.sse.com.cn/commonQuery.do?sqlId=COMMON_SSE_CP_GPJCTPZ_GPLB_GP_L,当前交易所法人全称与官方名单标准化后完全一致,身份关系已核实候选；ST、退市时点及资格缺口仍待处理,待从公司年度证券状态来源核实,入口候选，非最终样本；仍须复核主营业务、涉农收入占比、ST/退市状态及核心变量缺失,,,,,,年度ST区间待核实,,
600300,2020,维维食品饮料股份有限公司,维维股份,上海证券交易所,20000630,交易所当前法人主表已覆盖,龙头企业身份核实候选,,,,,0,,,,,,,,,,1,维维食品饮料股份有限公司,2020,monitor_pass,https://www.moa.gov.cn/nybgb/2020/202012/202102/P020210201587636946140.pdf,https://query.sse.com.cn/commonQuery.do?sqlId=COMMON_SSE_CP_GPJCTPZ_GPLB_GP_L,当前交易所法人全称与官方名单标准化后完全一致,身份关系已核实候选；ST、退市时点及资格缺口仍待处理,待从公司年度证券状态来源核实,入口候选，非最终样本；仍须复核主营业务、涉农收入占比、ST/退市状态及核心变量缺失,,,,,,年度ST区间待核实,,
600305,2020,江苏恒顺醋业股份有限公司,恒顺醋业,上海证券交易所,20010206,交易所当前法人主表已覆盖,龙头企业身份核实候选,,,,,0,,,,,,,,,,1,江苏恒顺醋业股份有限公司,2020,monitor_pass,https://www.moa.gov.cn/nybgb/2020/202012/202102/P020210201587636946140.pdf,https://query.sse.com.cn/commonQuery.do?sqlId=COMMON_SSE_CP_GPJCTPZ_GPLB_GP_L,当前交易所法人全称与官方名单标准化后完全一致,身份关系已核实候选；ST、退市时点及资格缺口仍待处理,待从公司年度证券状态来源核实,入口候选，非最终样本；仍须复核主营业务、涉农收入占比、ST/退市状态及核心变量缺失,,,,,,年度ST区间待核实,,
600313,2020,中农发种业集团股份有限公司,农发种业,上海证券交易所,20010119,交易所当前法人主表已覆盖,行业分类候选,,,,,1,农发种业,2020Q4,01,农业,否,中国证监会,《上市公司行业分类指引》（2012年修订）,2020Q4.pdf,候选待年报复核,0,,,,,,,,已由当期行业分类证券简称标记：否,入口候选，非最终样本；仍须复核主营业务、涉农收入占比、ST/退市状态及核心变量缺失,,,,,,年度ST区间待核实,,
600351,2020,亚宝药业集团股份有限公司,亚宝药业,上海证券交易所,20020926,交易所当前法人主表已覆盖,龙头企业身份核实候选,,,,,0,,,,,,,,,,1,亚宝药业集团股份有限公司,2019,recognition,https://www.moa.gov.cn/nybgb/2019/201912/202004/P020200410023357640054.pdf,https://query.sse.com.cn/commonQuery.do?sqlId=COMMON_SSE_CP_GPJCTPZ_GPLB_GP_L,当前交易所法人全称与官方名单标准化后完全一致,身份关系已核实候选；ST、退市时点及资格缺口仍待处理,待从公司年度证券状态来源核实,入口候选，非最终样本；仍须复核主营业务、涉农收入占比、ST/退市状态及核心变量缺失,,,,,,年度ST区间待核实,,
600354,2020,甘肃省敦煌种业集团股份有限公司,敦煌种业,上海证券交易所,20040115,交易所当前法人主表已覆盖,行业分类候选+龙头企业身份核实候选,,,,,1,*ST敦种,2020Q4,01,农业,是,中国证监会,《上市公司行业分类指引》（2012年修订）,2020Q4.pdf,候选待年报复核,1,甘肃省敦煌种业集团股份有限公司,2020,monitor_pass,https://www.moa.gov.cn/nybgb/2020/202012/202102/P020210201587636946140.pdf,https://query.sse.com.cn/commonQuery.do?sqlId=COMMON_SSE_CP_GPJCTPZ_GPLB_GP_L,当前交易所法人全称与官方名单标准化后完全一致,身份关系已核实候选；ST、退市时点及资格缺口仍待处理,已由当期行业分类证券简称标记：是,入口候选，非最终样本；仍须复核主营业务、涉农收入占比、ST/退市状态及核心变量缺失,是,是,https://static.cninfo.com.cn/finalpage/2020-03-20/1207387347.PDF,https://static.cninfo.com.cn/finalpage/2021-05-18/1209995935.PDF,区间已闭合,已由法定公告核实本年存在ST风险警示,,
600359,2020,新疆塔里木农业综合开发股份有限公司,新农开发,上海证券交易所,19990429,交易所当前法人主表已覆盖,行业分类候选,,,,,1,新农开发,2020Q4,01,农业,否,中国证监会,《上市公司行业分类指引》（2012年修订）,2020Q4.pdf,候选待年报复核,0,,,,,,,,已由当期行业分类证券简称标记：否,入口候选，非最终样本；仍须复核主营业务、涉农收入占比、ST/退市状态及核心变量缺失,,,,,,年度ST区间待核实,,
600371,2020,万向德农股份有限公司,万向德农,上海证券交易所,20020916,交易所当前法人主表已覆盖,行业分类候选,,,,,1,万向德农,2020Q4,01,农业,否,中国证监会,《上市公司行业分类指引》（2012年修订）,2020Q4.pdf,候选待年报复核,0,,,,,,,,已由当期行业分类证券简称标记：否,入口候选，非最终样本；仍须复核主营业务、涉农收入占比、ST/退市状态及核心变量缺失,,,,,,年度ST区间待核实,,
600419,2020,新疆天润乳业股份有限公司,天润乳业,上海证券交易所,20010628,交易所当前法人主表已覆盖,龙头企业身份核实候选,,,,,0,,,,,,,,,,1,新疆天润乳业股份有限公司,2020,monitor_pass,https://www.moa.gov.cn/nybgb/2020/202012/202102/P020210201587636946140.pdf,https://query.sse.com.cn/commonQuery.do?sqlId=COMMON_SSE_CP_GPJCTPZ_GPLB_GP_L,当前交易所法人全称与官方名单标准化后完全一致,身份关系已核实候选；ST、退市时点及资格缺口仍待处理,待从公司年度证券状态来源核实,入口候选，非最终样本；仍须复核主营业务、涉农收入占比、ST/退市状态及核心变量缺失,,,,,,年度ST区间待核实,,
600429,2020,北京三元食品股份有限公司,三元股份,上海证券交易所,20030915,交易所当前法人主表已覆盖,龙头企业身份核实候选,,,,,0,,,,,,,,,,1,北京三元食品股份有限公司,2020,monitor_pass,https://www.moa.gov.cn/nybgb/2020/202012/202102/P020210201587636946140.pdf,https://query.sse.com.cn/commonQuery.do?sqlId=COMMON_SSE_CP_GPJCTPZ_GPLB_GP_L,当前交易所法人全称与官方名单标准化后完全一致,身份关系已核实候选；ST、退市时点及资格缺口仍待处理,待从公司年度证券状态来源核实,入口候选，非最终样本；仍须复核主营业务、涉农收入占比、ST/退市状态及核心变量缺失,,,,,,年度ST区间待核实,,
600438,2020,通威股份有限公司,通威股份,上海证券交易所,20040302,交易所当前法人主表已覆盖,龙头企业身份核实候选,,,,,0,,,,,,,,,,1,通威股份有限公司,2020,monitor_pass,https://www.moa.gov.cn/nybgb/2020/202012/202102/P020210201587636946140.pdf,https://query.sse.com.cn/commonQuery.do?sqlId=COMMON_SSE_CP_GPJCTPZ_GPLB_GP_L,当前交易所法人全称与官方名单标准化后完全一致,身份关系已核实候选；ST、退市时点及资格缺口仍待处理,待从公司年度证券状态来源核实,入口候选，非最终样本；仍须复核主营业务、涉农收入占比、ST/退市状态及核心变量缺失,,,,,,年度ST区间待核实,,
600467,2020,山东好当家海洋发展股份有限公司,好当家,上海证券交易所,20040405,交易所当前法人主表已覆盖,行业分类候选+龙头企业身份核实候选,,,,,1,好当家,2020Q4,04,渔业,否,中国证监会,《上市公司行业分类指引》（2012年修订）,2020Q4.pdf,候选待年报复核,1,山东好当家海洋发展股份有限公司,2020,monitor_pass,https://www.moa.gov.cn/nybgb/2020/202012/202102/P020210201587636946140.pdf,https://query.sse.com.cn/commonQuery.do?sqlId=COMMON_SSE_CP_GPJCTPZ_GPLB_GP_L,当前交易所法人全称与官方名单标准化后完全一致,身份关系已核实候选；ST、退市时点及资格缺口仍待处理,已由当期行业分类证券简称标记：否,入口候选，非最终样本；仍须复核主营业务、涉农收入占比、ST/退市状态及核心变量缺失,,,,,,年度ST区间待核实,,
600479,2020,株洲千金药业股份有限公司,千金药业,上海证券交易所,20040312,交易所当前法人主表已覆盖,龙头企业身份核实候选,,,,,0,,,,,,,,,,1,株洲千金药业股份有限公司,2020,monitor_pass,https://www.moa.gov.cn/nybgb/2020/202012/202102/P020210201587636946140.pdf,https://query.sse.com.cn/commonQuery.do?sqlId=COMMON_SSE_CP_GPJCTPZ_GPLB_GP_L,当前交易所法人全称与官方名单标准化后完全一致,身份关系已核实候选；ST、退市时点及资格缺口仍待处理,待从公司年度证券状态来源核实,入口候选，非最终样本；仍须复核主营业务、涉农收入占比、ST/退市状态及核心变量缺失,,,,,,年度ST区间待核实,,
600506,2020,统一低碳科技(新疆)股份有限公司,统一股份,上海证券交易所,20011226,交易所当前法人主表已覆盖,行业分类候选,,,,,1,香梨股份,2020Q4,01,农业,否,中国证监会,《上市公司行业分类指引》（2012年修订）,2020Q4.pdf,候选待年报复核,0,,,,,,,,已由当期行业分类证券简称标记：否,入口候选，非最终样本；仍须复核主营业务、涉农收入占比、ST/退市状态及核心变量缺失,,,,,,年度ST区间待核实,,
600540,2020,新疆赛里木现代农业股份有限公司,新赛股份,上海证券交易所,20040107,交易所当前法人主表已覆盖,行业分类候选,,,,,1,新赛股份,2020Q4,01,农业,否,中国证监会,《上市公司行业分类指引》（2012年修订）,2020Q4.pdf,候选待年报复核,0,,,,,,,,已由当期行业分类证券简称标记：否,入口候选，非最终样本；仍须复核主营业务、涉农收入占比、ST/退市状态及核心变量缺失,,,,,,年度ST区间待核实,,
600543,2020,甘肃莫高实业发展股份有限公司,*ST莫高,上海证券交易所,20040324,交易所当前法人主表已覆盖,龙头企业身份核实候选,,,,,0,,,,,,,,,,1,甘肃莫高实业发展股份有限公司,2020,monitor_pass,https://www.moa.gov.cn/nybgb/2020/202012/202102/P020210201587636946140.pdf,https://query.sse.com.cn/commonQuery.do?sqlId=COMMON_SSE_CP_GPJCTPZ_GPLB_GP_L,当前交易所法人全称与官方名单标准化后完全一致,身份关系已核实候选；ST、退市时点及资格缺口仍待处理,待从公司年度证券状态来源核实,入口候选，非最终样本；仍须复核主营业务、涉农收入占比、ST/退市状态及核心变量缺失,,,,,,年度ST区间待核实,,
600597,2020,光明乳业股份有限公司,光明乳业,上海证券交易所,20020828,交易所当前法人主表已覆盖,龙头企业身份核实候选,,,,,0,,,,,,,,,,1,光明乳业股份有限公司,2020,monitor_pass,https://www.moa.gov.cn/nybgb/2020/202012/202102/P020210201587636946140.pdf,https://query.sse.com.cn/commonQuery.do?sqlId=COMMON_SSE_CP_GPJCTPZ_GPLB_GP_L,当前交易所法人全称与官方名单标准化后完全一致,身份关系已核实候选；ST、退市时点及资格缺口仍待处理,待从公司年度证券状态来源核实,入口候选，非最终样本；仍须复核主营业务、涉农收入占比、ST/退市状态及核心变量缺失,,,,,,年度ST区间待核实,,
600598,2020,黑龙江北大荒农业股份有限公司,北大荒,上海证券交易所,20020329,交易所当前法人主表已覆盖,行业分类候选,,,,,1,北大荒,2020Q4,01,农业,否,中国证监会,《上市公司行业分类指引》（2012年修订）,2020Q4.pdf,候选待年报复核,0,,,,,,,,已由当期行业分类证券简称标记：否,入口候选，非最终样本；仍须复核主营业务、涉农收入占比、ST/退市状态及核心变量缺失,,,,,,年度ST区间待核实,,
600873,2020,梅花生物科技集团股份有限公司,梅花生物,上海证券交易所,19950217,交易所当前法人主表已覆盖,龙头企业身份核实候选,,,,,0,,,,,,,,,,1,梅花生物科技集团股份有限公司,2020,monitor_pass,https://www.moa.gov.cn/nybgb/2020/202012/202102/P020210201587636946140.pdf,https://query.sse.com.cn/commonQuery.do?sqlId=COMMON_SSE_CP_GPJCTPZ_GPLB_GP_L,当前交易所法人全称与官方名单标准化后完全一致,身份关系已核实候选；ST、退市时点及资格缺口仍待处理,待从公司年度证券状态来源核实,入口候选，非最终样本；仍须复核主营业务、涉农收入占比、ST/退市状态及核心变量缺失,,,,,,年度ST区间待核实,,
600882,2020,上海妙可蓝多食品科技股份有限公司,妙可蓝多,上海证券交易所,19951206,交易所当前法人主表已覆盖,龙头企业身份核实候选,,,,,0,,,,,,,,,,1,上海妙可蓝多食品科技股份有限公司,2020,replacement,https://www.moa.gov.cn/nybgb/2020/202012/202102/P020210201587636946140.pdf,https://query.sse.com.cn/commonQuery.do?sqlId=COMMON_SSE_CP_GPJCTPZ_GPLB_GP_L,当前交易所法人全称与官方名单标准化后完全一致,身份关系已核实候选；ST、退市时点及资格缺口仍待处理,待从公司年度证券状态来源核实,入口候选，非最终样本；仍须复核主营业务、涉农收入占比、ST/退市状态及核心变量缺失,,,,,,年度ST区间待核实,,
600887,2020,内蒙古伊利实业集团股份有限公司,伊利股份,上海证券交易所,19960312,交易所当前法人主表已覆盖,龙头企业身份核实候选,,,,,0,,,,,,,,,,1,内蒙古伊利实业集团股份有限公司,2020,monitor_pass,https://www.moa.gov.cn/nybgb/2020/202012/202102/P020210201587636946140.pdf,https://query.sse.com.cn/commonQuery.do?sqlId=COMMON_SSE_CP_GPJCTPZ_GPLB_GP_L,当前交易所法人全称与官方名单标准化后完全一致,身份关系已核实候选；ST、退市时点及资格缺口仍待处理,待从公司年度证券状态来源核实,入口候选，非最终样本；仍须复核主营业务、涉农收入占比、ST/退市状态及核心变量缺失,,,,,,年度ST区间待核实,,
600962,2020,国投中鲁果汁股份有限公司,国投中鲁,上海证券交易所,20040622,交易所当前法人主表已覆盖,龙头企业身份核实候选,,,,,0,,,,,,,,,,1,国投中鲁果汁股份有限公司,2020,monitor_pass,https://www.moa.gov.cn/nybgb/2020/202012/202102/P020210201587636946140.pdf,https://query.sse.com.cn/commonQuery.do?sqlId=COMMON_SSE_CP_GPJCTPZ_GPLB_GP_L,当前交易所法人全称与官方名单标准化后完全一致,身份关系已核实候选；ST、退市时点及资格缺口仍待处理,待从公司年度证券状态来源核实,入口候选，非最终样本；仍须复核主营业务、涉农收入占比、ST/退市状态及核心变量缺失,,,,,,年度ST区间待核实,,
600965,2020,河北福成五丰食品股份有限公司,*ST福成,上海证券交易所,20040713,交易所当前法人主表已覆盖,龙头企业身份核实候选,,,,,0,,,,,,,,,,1,河北福成五丰食品股份有限公司,2020,monitor_pass,https://www.moa.gov.cn/nybgb/2020/202012/202102/P020210201587636946140.pdf,https://query.sse.com.cn/commonQuery.do?sqlId=COMMON_SSE_CP_GPJCTPZ_GPLB_GP_L,当前交易所法人全称与官方名单标准化后完全一致,身份关系已核实候选；ST、退市时点及资格缺口仍待处理,待从公司年度证券状态来源核实,入口候选，非最终样本；仍须复核主营业务、涉农收入占比、ST/退市状态及核心变量缺失,,,,,,年度ST区间待核实,,
600975,2020,湖南新五丰股份有限公司,新五丰,上海证券交易所,20040609,交易所当前法人主表已覆盖,行业分类候选+龙头企业身份核实候选,,,,,1,新五丰,2020Q4,03,畜牧业,否,中国证监会,《上市公司行业分类指引》（2012年修订）,2020Q4.pdf,候选待年报复核,1,湖南新五丰股份有限公司,2020,monitor_pass,https://www.moa.gov.cn/nybgb/2020/202012/202102/P020210201587636946140.pdf,https://query.sse.com.cn/commonQuery.do?sqlId=COMMON_SSE_CP_GPJCTPZ_GPLB_GP_L,当前交易所法人全称与官方名单标准化后完全一致,身份关系已核实候选；ST、退市时点及资格缺口仍待处理,已由当期行业分类证券简称标记：否,入口候选，非最终样本；仍须复核主营业务、涉农收入占比、ST/退市状态及核心变量缺失,,,,,,年度ST区间待核实,,
601118,2020,海南天然橡胶产业集团股份有限公司,海南橡胶,上海证券交易所,20110107,交易所当前法人主表已覆盖,行业分类候选+龙头企业身份核实候选,,,,,1,海南橡胶,2020Q4,01,农业,否,中国证监会,《上市公司行业分类指引》（2012年修订）,2020Q4.pdf,候选待年报复核,1,海南天然橡胶产业集团股份有限公司,2020,monitor_pass,https://www.moa.gov.cn/nybgb/2020/202012/202102/P020210201587636946140.pdf,https://query.sse.com.cn/commonQuery.do?sqlId=COMMON_SSE_CP_GPJCTPZ_GPLB_GP_L,当前交易所法人全称与官方名单标准化后完全一致,身份关系已核实候选；ST、退市时点及资格缺口仍待处理,已由当期行业分类证券简称标记：否,入口候选，非最终样本；仍须复核主营业务、涉农收入占比、ST/退市状态及核心变量缺失,,,,,,年度ST区间待核实,,
601933,2020,永辉超市股份有限公司,永辉超市,上海证券交易所,20101215,交易所当前法人主表已覆盖,龙头企业身份核实候选,,,,,0,,,,,,,,,,1,永辉超市股份有限公司,2020,monitor_pass,https://www.moa.gov.cn/nybgb/2020/202012/202102/P020210201587636946140.pdf,https://query.sse.com.cn/commonQuery.do?sqlId=COMMON_SSE_CP_GPJCTPZ_GPLB_GP_L,当前交易所法人全称与官方名单标准化后完全一致,身份关系已核实候选；ST、退市时点及资格缺口仍待处理,待从公司年度证券状态来源核实,入口候选，非最终样本；仍须复核主营业务、涉农收入占比、ST/退市状态及核心变量缺失,,,,,,年度ST区间待核实,,
601996,2020,广西丰林木业集团股份有限公司,丰林集团,上海证券交易所,20110929,交易所当前法人主表已覆盖,龙头企业身份核实候选,,,,,0,,,,,,,,,,1,广西丰林木业集团股份有限公司,2020,monitor_pass,https://www.moa.gov.cn/nybgb/2020/202012/202102/P020210201587636946140.pdf,https://query.sse.com.cn/commonQuery.do?sqlId=COMMON_SSE_CP_GPJCTPZ_GPLB_GP_L,当前交易所法人全称与官方名单标准化后完全一致,身份关系已核实候选；ST、退市时点及资格缺口仍待处理,待从公司年度证券状态来源核实,入口候选，非最终样本；仍须复核主营业务、涉农收入占比、ST/退市状态及核心变量缺失,,,,,,年度ST区间待核实,,
603156,2020,河北养元智汇饮品股份有限公司,养元饮品,上海证券交易所,20180212,交易所当前法人主表已覆盖,龙头企业身份核实候选,,,,,0,,,,,,,,,,1,河北养元智汇饮品股份有限公司,2020,monitor_pass,https://www.moa.gov.cn/nybgb/2020/202012/202102/P020210201587636946140.pdf,https://query.sse.com.cn/commonQuery.do?sqlId=COMMON_SSE_CP_GPJCTPZ_GPLB_GP_L,当前交易所法人全称与官方名单标准化后完全一致,身份关系已核实候选；ST、退市时点及资格缺口仍待处理,待从公司年度证券状态来源核实,入口候选，非最终样本；仍须复核主营业务、涉农收入占比、ST/退市状态及核心变量缺失,,,,,,年度ST区间待核实,,
603317,2020,四川天味食品集团股份有限公司,天味食品,上海证券交易所,20190416,交易所当前法人主表已覆盖,龙头企业身份核实候选,,,,,0,,,,,,,,,,1,四川天味食品集团股份有限公司,2020,monitor_pass,https://www.moa.gov.cn/nybgb/2020/202012/202102/P020210201587636946140.pdf,https://query.sse.com.cn/commonQuery.do?sqlId=COMMON_SSE_CP_GPJCTPZ_GPLB_GP_L,当前交易所法人全称与官方名单标准化后完全一致,身份关系已核实候选；ST、退市时点及资格缺口仍待处理,待从公司年度证券状态来源核实,入口候选，非最终样本；仍须复核主营业务、涉农收入占比、ST/退市状态及核心变量缺失,,,,,,年度ST区间待核实,,
603336,2020,宏辉果蔬股份有限公司,宏辉果蔬,上海证券交易所,20161124,交易所当前法人主表已覆盖,龙头企业身份核实候选,,,,,0,,,,,,,,,,1,宏辉果蔬股份有限公司,2020,replacement,https://www.moa.gov.cn/nybgb/2020/202012/202102/P020210201587636946140.pdf,https://query.sse.com.cn/commonQuery.do?sqlId=COMMON_SSE_CP_GPJCTPZ_GPLB_GP_L,当前交易所法人全称与官方名单标准化后完全一致,身份关系已核实候选；ST、退市时点及资格缺口仍待处理,待从公司年度证券状态来源核实,入口候选，非最终样本；仍须复核主营业务、涉农收入占比、ST/退市状态及核心变量缺失,,,,,,年度ST区间待核实,,
603345,2020,安井食品集团股份有限公司,安井食品,上海证券交易所,20170222,交易所当前法人主表已覆盖,龙头企业身份核实候选,,,,,0,,,,,,,,,,1,福建安井食品股份有限公司,2020,monitor_pass,https://www.moa.gov.cn/nybgb/2020/202012/202102/P020210201587636946140.pdf,https://static.cninfo.com.cn/finalpage/2022-03-09/1212526427.PDF,发行情况报告将当前公司明确释义为曾用旧全称的同一发行人,身份关系已核实候选；ST、退市时点及资格缺口仍待处理,待从公司年度证券状态来源核实,入口候选，非最终样本；仍须复核主营业务、涉农收入占比、ST/退市状态及核心变量缺失,,,,,,年度ST区间待核实,,
603477,2020,乐山巨星农牧股份有限公司,巨星农牧,上海证券交易所,20171218,交易所当前法人主表已覆盖,行业分类候选,,,,,1,巨星农牧,2020Q4,03,畜牧业,否,中国证监会,《上市公司行业分类指引》（2012年修订）,2020Q4.pdf,候选待年报复核,0,,,,,,,,已由当期行业分类证券简称标记：否,入口候选，非最终样本；仍须复核主营业务、涉农收入占比、ST/退市状态及核心变量缺失,,,,,,年度ST区间待核实,,
603517,2020,绝味食品股份有限公司,ST绝味,上海证券交易所,20170317,交易所当前法人主表已覆盖,龙头企业身份核实候选,,,,,0,,,,,,,,,,1,绝味食品股份有限公司,2020,monitor_pass,https://www.moa.gov.cn/nybgb/2020/202012/202102/P020210201587636946140.pdf,https://query.sse.com.cn/commonQuery.do?sqlId=COMMON_SSE_CP_GPJCTPZ_GPLB_GP_L,当前交易所法人全称与官方名单标准化后完全一致,身份关系已核实候选；ST、退市时点及资格缺口仍待处理,待从公司年度证券状态来源核实,入口候选，非最终样本；仍须复核主营业务、涉农收入占比、ST/退市状态及核心变量缺失,,,,,,年度ST区间待核实,,
603668,2020,福建天马科技集团股份有限公司,天马科技,上海证券交易所,20170117,交易所当前法人主表已覆盖,龙头企业身份核实候选,,,,,0,,,,,,,,,,1,福建天马科技集团股份有限公司,2020,monitor_pass,https://www.moa.gov.cn/nybgb/2020/202012/202102/P020210201587636946140.pdf,https://query.sse.com.cn/commonQuery.do?sqlId=COMMON_SSE_CP_GPJCTPZ_GPLB_GP_L,当前交易所法人全称与官方名单标准化后完全一致,身份关系已核实候选；ST、退市时点及资格缺口仍待处理,待从公司年度证券状态来源核实,入口候选，非最终样本；仍须复核主营业务、涉农收入占比、ST/退市状态及核心变量缺失,,,,,,年度ST区间待核实,,
603708,2020,家家悦集团股份有限公司,家家悦,上海证券交易所,20161213,交易所当前法人主表已覆盖,龙头企业身份核实候选,,,,,0,,,,,,,,,,1,家家悦集团股份有限公司,2020,monitor_pass,https://www.moa.gov.cn/nybgb/2020/202012/202102/P020210201587636946140.pdf,https://query.sse.com.cn/commonQuery.do?sqlId=COMMON_SSE_CP_GPJCTPZ_GPLB_GP_L,当前交易所法人全称与官方名单标准化后完全一致,身份关系已核实候选；ST、退市时点及资格缺口仍待处理,待从公司年度证券状态来源核实,入口候选，非最终样本；仍须复核主营业务、涉农收入占比、ST/退市状态及核心变量缺失,,,,,,年度ST区间待核实,,
605179,2020,浙江一鸣食品股份有限公司,一鸣食品,上海证券交易所,20201228,交易所当前法人主表已覆盖,龙头企业身份核实候选,,,,,0,,,,,,,,,,1,浙江一鸣食品股份有限公司,2020,monitor_pass,https://www.moa.gov.cn/nybgb/2020/202012/202102/P020210201587636946140.pdf,https://query.sse.com.cn/commonQuery.do?sqlId=COMMON_SSE_CP_GPJCTPZ_GPLB_GP_L,当前交易所法人全称与官方名单标准化后完全一致,身份关系已核实候选；ST、退市时点及资格缺口仍待处理,待从公司年度证券状态来源核实,入口候选，非最终样本；仍须复核主营业务、涉农收入占比、ST/退市状态及核心变量缺失,,,,,,年度ST区间待核实,,
605198,2020,烟台北方安德利果汁股份有限公司,安德利,上海证券交易所,20200918,交易所当前法人主表已覆盖,龙头企业身份核实候选,,,,,0,,,,,,,,,,1,烟台北方安德利果汁股份有限公司,2020,monitor_pass,https://www.moa.gov.cn/nybgb/2020/202012/202102/P020210201587636946140.pdf,https://query.sse.com.cn/commonQuery.do?sqlId=COMMON_SSE_CP_GPJCTPZ_GPLB_GP_L,当前交易所法人全称与官方名单标准化后完全一致,身份关系已核实候选；ST、退市时点及资格缺口仍待处理,待从公司年度证券状态来源核实,入口候选，非最终样本；仍须复核主营业务、涉农收入占比、ST/退市状态及核心变量缺失,,,,,,年度ST区间待核实,,
605338,2020,中饮巴比食品股份有限公司,巴比食品,上海证券交易所,20201012,交易所当前法人主表已覆盖,龙头企业身份核实候选,,,,,0,,,,,,,,,,1,中饮巴比食品股份有限公司,2020,monitor_pass,https://www.moa.gov.cn/nybgb/2020/202012/202102/P020210201587636946140.pdf,https://query.sse.com.cn/commonQuery.do?sqlId=COMMON_SSE_CP_GPJCTPZ_GPLB_GP_L,当前交易所法人全称与官方名单标准化后完全一致,身份关系已核实候选；ST、退市时点及资格缺口仍待处理,待从公司年度证券状态来源核实,入口候选，非最终样本；仍须复核主营业务、涉农收入占比、ST/退市状态及核心变量缺失,,,,,,年度ST区间待核实,,
000423,2021,东阿阿胶股份有限公司,东阿阿胶,深圳证券交易所,1996-07-29,交易所当前法人主表已覆盖,龙头企业身份核实候选,,,,,0,,,,,,,,,,1,东阿阿胶股份有限公司,2019,recognition,https://www.moa.gov.cn/nybgb/2019/201912/202004/P020200410023357640054.pdf,https://www.szse.cn/api/report/index/companyGeneralization?secCode=000423,当前交易所法人全称与官方名单标准化后完全一致,身份关系已核实候选；ST、退市时点及资格缺口仍待处理,待从公司年度证券状态来源核实,入口候选，非最终样本；仍须复核主营业务、涉农收入占比、ST/退市状态及核心变量缺失,,,,,,年度ST区间待核实,,
000538,2021,云南白药集团股份有限公司,云南白药,深圳证券交易所,1993-12-15,交易所当前法人主表已覆盖,龙头企业身份核实候选,,,,,0,,,,,,,,,,1,云南白药集团股份有限公司,2020,monitor_pass,https://www.moa.gov.cn/nybgb/2020/202012/202102/P020210201587636946140.pdf,https://www.szse.cn/api/report/index/companyGeneralization?secCode=000538,当前交易所法人全称与官方名单标准化后完全一致,身份关系已核实候选；ST、退市时点及资格缺口仍待处理,待从公司年度证券状态来源核实,入口候选，非最终样本；仍须复核主营业务、涉农收入占比、ST/退市状态及核心变量缺失,,,,,,年度ST区间待核实,,
000568,2021,泸州老窖股份有限公司,泸州老窖,深圳证券交易所,1994-05-09,交易所当前法人主表已覆盖,龙头企业身份核实候选,,,,,0,,,,,,,,,,1,泸州老窖股份有限公司,2020,monitor_pass,https://www.moa.gov.cn/nybgb/2020/202012/202102/P020210201587636946140.pdf,https://www.szse.cn/api/report/index/companyGeneralization?secCode=000568,当前交易所法人全称与官方名单标准化后完全一致,身份关系已核实候选；ST、退市时点及资格缺口仍待处理,待从公司年度证券状态来源核实,入口候选，非最终样本；仍须复核主营业务、涉农收入占比、ST/退市状态及核心变量缺失,,,,,,年度ST区间待核实,,
000592,2021,中福海峡（平潭）发展股份有限公司,平潭发展,深圳证券交易所,1996-03-27,交易所当前法人主表已覆盖,行业分类候选,,,,,1,平潭发展,2021Q3,02,林业,否,中国证监会,《上市公司行业分类指引》（2012年修订）,2021Q3.pdf,候选待年报复核,0,,,,,,,,已由当期行业分类证券简称标记：否,入口候选，非最终样本；仍须复核主营业务、涉农收入占比、ST/退市状态及核心变量缺失,,,,,,年度ST区间待核实,,
000623,2021,吉林敖东药业集团股份有限公司,吉林敖东,深圳证券交易所,1996-10-28,交易所当前法人主表已覆盖,龙头企业身份核实候选,,,,,0,,,,,,,,,,1,吉林敖东药业集团股份有限公司,2020,monitor_pass,https://www.moa.gov.cn/nybgb/2020/202012/202102/P020210201587636946140.pdf,https://www.szse.cn/api/report/index/companyGeneralization?secCode=000623,当前交易所法人全称与官方名单标准化后完全一致,身份关系已核实候选；ST、退市时点及资格缺口仍待处理,待从公司年度证券状态来源核实,入口候选，非最终样本；仍须复核主营业务、涉农收入占比、ST/退市状态及核心变量缺失,,,,,,年度ST区间待核实,,
000713,2021,国投丰乐种业股份有限公司,国投丰乐,深圳证券交易所,1997-04-22,交易所当前法人主表已覆盖,行业分类候选+龙头企业身份核实候选,,,,,1,丰乐种业,2021Q3,05,农林牧渔服务业,否,中国证监会,《上市公司行业分类指引》（2012年修订）,2021Q3.pdf,候选待年报复核,1,合肥丰乐种业股份有限公司,2020,monitor_pass,https://www.moa.gov.cn/nybgb/2020/202012/202102/P020210201587636946140.pdf,https://static.cninfo.com.cn/finalpage/2025-08-30/1224620910.PDF,半年度报告明确当前公司曾用名单名称且证券代码保持000713,身份关系已核实候选；ST、退市时点及资格缺口仍待处理,已由当期行业分类证券简称标记：否,入口候选，非最终样本；仍须复核主营业务、涉农收入占比、ST/退市状态及核心变量缺失,,,,,,年度ST区间待核实,,
000735,2021,罗牛山股份有限公司,罗 牛 山,深圳证券交易所,1997-06-11,交易所当前法人主表已覆盖,行业分类候选+龙头企业身份核实候选,,,,,1,罗牛山,2021Q3,03,畜牧业,否,中国证监会,《上市公司行业分类指引》（2012年修订）,2021Q3.pdf,候选待年报复核,1,罗牛山股份有限公司,2020,monitor_pass,https://www.moa.gov.cn/nybgb/2020/202012/202102/P020210201587636946140.pdf,https://www.szse.cn/api/report/index/companyGeneralization?secCode=000735,当前交易所法人全称与官方名单标准化后完全一致,身份关系已核实候选；ST、退市时点及资格缺口仍待处理,已由当期行业分类证券简称标记：否,入口候选，非最终样本；仍须复核主营业务、涉农收入占比、ST/退市状态及核心变量缺失,,,,,,年度ST区间待核实,,
000798,2021,中水集团远洋股份有限公司,中水渔业,深圳证券交易所,1998-02-12,交易所当前法人主表已覆盖,行业分类候选,,,,,1,中水渔业,2021Q3,04,渔业,否,中国证监会,《上市公司行业分类指引》（2012年修订）,2021Q3.pdf,候选待年报复核,0,,,,,,,,已由当期行业分类证券简称标记：否,入口候选，非最终样本；仍须复核主营业务、涉农收入占比、ST/退市状态及核心变量缺失,,,,,,年度ST区间待核实,,
000848,2021,承德露露股份公司,承德露露,深圳证券交易所,1997-11-13,交易所当前法人主表已覆盖,龙头企业身份核实候选,,,,,0,,,,,,,,,,1,河北承德露露股份有限公司,2020,monitor_pass,https://www.moa.gov.cn/nybgb/2020/202012/202102/P020210201587636946140.pdf,https://static.cninfo.com.cn/finalpage/2022-04-12/1212884374.PDF,上市公司公告列明由旧全称变更为当前全称；证券代码不变,身份关系已核实候选；ST、退市时点及资格缺口仍待处理,待从公司年度证券状态来源核实,入口候选，非最终样本；仍须复核主营业务、涉农收入占比、ST/退市状态及核心变量缺失,,,,,,年度ST区间待核实,,
000860,2021,北京顺鑫农业股份有限公司,顺鑫农业,深圳证券交易所,1998-11-04,交易所当前法人主表已覆盖,龙头企业身份核实候选,,,,,0,,,,,,,,,,1,北京顺鑫农业股份有限公司,2020,monitor_pass,https://www.moa.gov.cn/nybgb/2020/202012/202102/P020210201587636946140.pdf,https://www.szse.cn/api/report/index/companyGeneralization?secCode=000860,当前交易所法人全称与官方名单标准化后完全一致,身份关系已核实候选；ST、退市时点及资格缺口仍待处理,待从公司年度证券状态来源核实,入口候选，非最终样本；仍须复核主营业务、涉农收入占比、ST/退市状态及核心变量缺失,,,,,,年度ST区间待核实,,
000910,2021,大亚圣象家居股份有限公司,大亚圣象,深圳证券交易所,1999-06-30,交易所当前法人主表已覆盖,龙头企业身份核实候选,,,,,0,,,,,,,,,,1,大亚圣象家居股份有限公司,2020,monitor_pass,https://www.moa.gov.cn/nybgb/2020/202012/202102/P020210201587636946140.pdf,https://www.szse.cn/api/report/index/companyGeneralization?secCode=000910,当前交易所法人全称与官方名单标准化后完全一致,身份关系已核实候选；ST、退市时点及资格缺口仍待处理,待从公司年度证券状态来源核实,入口候选，非最终样本；仍须复核主营业务、涉农收入占比、ST/退市状态及核心变量缺失,,,,,,年度ST区间待核实,,
000998,2021,袁隆平农业高科技股份有限公司,隆平高科,深圳证券交易所,2000-12-11,交易所当前法人主表已覆盖,行业分类候选+龙头企业身份核实候选,,,,,1,隆平高科,2021Q3,01,农业,否,中国证监会,《上市公司行业分类指引》（2012年修订）,2021Q3.pdf,候选待年报复核,1,袁隆平农业高科技股份有限公司,2020,monitor_pass,https://www.moa.gov.cn/nybgb/2020/202012/202102/P020210201587636946140.pdf,https://www.szse.cn/api/report/index/companyGeneralization?secCode=000998,当前交易所法人全称与官方名单标准化后完全一致,身份关系已核实候选；ST、退市时点及资格缺口仍待处理,已由当期行业分类证券简称标记：否,入口候选，非最终样本；仍须复核主营业务、涉农收入占比、ST/退市状态及核心变量缺失,,,,,,年度ST区间待核实,,
001201,2021,东瑞食品集团股份有限公司,东瑞股份,深圳证券交易所,2021-04-28,交易所当前法人主表已覆盖,行业分类候选+龙头企业身份核实候选,,,,,1,东瑞股份,2021Q3,03,畜牧业,否,中国证监会,《上市公司行业分类指引》（2012年修订）,2021Q3.pdf,候选待年报复核,1,东瑞食品集团股份有限公司,2020,monitor_pass,https://www.moa.gov.cn/nybgb/2020/202012/202102/P020210201587636946140.pdf,https://www.szse.cn/api/report/index/companyGeneralization?secCode=001201,当前交易所法人全称与官方名单标准化后完全一致,身份关系已核实候选；ST、退市时点及资格缺口仍待处理,已由当期行业分类证券简称标记：否,入口候选，非最终样本；仍须复核主营业务、涉农收入占比、ST/退市状态及核心变量缺失,,,,,,年度ST区间待核实,,
002041,2021,山东登海种业股份有限公司,登海种业,深圳证券交易所,2005-04-18,交易所当前法人主表已覆盖,行业分类候选+龙头企业身份核实候选,,,,,1,登海种业,2021Q3,01,农业,否,中国证监会,《上市公司行业分类指引》（2012年修订）,2021Q3.pdf,候选待年报复核,1,山东登海种业股份有限公司,2019,recognition,https://www.moa.gov.cn/nybgb/2019/201912/202004/P020200410023357640054.pdf,https://www.szse.cn/api/report/index/companyGeneralization?secCode=002041,当前交易所法人全称与官方名单标准化后完全一致,身份关系已核实候选；ST、退市时点及资格缺口仍待处理,已由当期行业分类证券简称标记：否,入口候选，非最终样本；仍须复核主营业务、涉农收入占比、ST/退市状态及核心变量缺失,,,,,,年度ST区间待核实,,
002069,2021,獐子岛集团股份有限公司,獐子岛,深圳证券交易所,2006-09-28,交易所当前法人主表已覆盖,行业分类候选,,,,,1,獐子岛,2021Q3,04,渔业,否,中国证监会,《上市公司行业分类指引》（2012年修订）,2021Q3.pdf,候选待年报复核,0,,,,,,,,已由当期行业分类证券简称标记：否,入口候选，非最终样本；仍须复核主营业务、涉农收入占比、ST/退市状态及核心变量缺失,,,,,,年度ST区间待核实,,
002086,2021,山东东方海洋科技股份有限公司,东方海洋,深圳证券交易所,2006-11-28,交易所当前法人主表已覆盖,行业分类候选,,,,,1,*ST东洋,2021Q3,04,渔业,是,中国证监会,《上市公司行业分类指引》（2012年修订）,2021Q3.pdf,候选待年报复核,0,,,,,,,,已由当期行业分类证券简称标记：是,入口候选，非最终样本；仍须复核主营业务、涉农收入占比、ST/退市状态及核心变量缺失,是,是,https://static.cninfo.com.cn/finalpage/2019-02-15/1205834790.PDF,,样本期内起点已核实_终点待闭合,已由法定公告核实本年存在ST风险警示,,
002100,2021,天康生物股份有限公司,天康生物,深圳证券交易所,2006-12-26,交易所当前法人主表已覆盖,龙头企业身份核实候选,,,,,0,,,,,,,,,,1,天康生物股份有限公司,2020,monitor_pass,https://www.moa.gov.cn/nybgb/2020/202012/202102/P020210201587636946140.pdf,https://www.szse.cn/api/report/index/companyGeneralization?secCode=002100,当前交易所法人全称与官方名单标准化后完全一致,身份关系已核实候选；ST、退市时点及资格缺口仍待处理,待从公司年度证券状态来源核实,入口候选，非最终样本；仍须复核主营业务、涉农收入占比、ST/退市状态及核心变量缺失,,,,,,年度ST区间待核实,,
002124,2021,天邦食品股份有限公司,天邦食品,深圳证券交易所,2007-04-03,交易所当前法人主表已覆盖,行业分类候选+龙头企业身份核实候选,,,,,1,天邦股份,2021Q3,03,畜牧业,否,中国证监会,《上市公司行业分类指引》（2012年修订）,2021Q3.pdf,候选待年报复核,1,天邦食品股份有限公司,2020,monitor_pass,https://www.moa.gov.cn/nybgb/2020/202012/202102/P020210201587636946140.pdf,https://www.szse.cn/api/report/index/companyGeneralization?secCode=002124,当前交易所法人全称与官方名单标准化后完全一致,身份关系已核实候选；ST、退市时点及资格缺口仍待处理,已由当期行业分类证券简称标记：否,入口候选，非最终样本；仍须复核主营业务、涉农收入占比、ST/退市状态及核心变量缺失,,,,,,年度ST区间待核实,,
002157,2021,江西正邦科技股份有限公司,正邦科技,深圳证券交易所,2007-08-17,交易所当前法人主表已覆盖,行业分类候选,,,,,1,正邦科技,2021Q3,03,畜牧业,否,中国证监会,《上市公司行业分类指引》（2012年修订）,2021Q3.pdf,候选待年报复核,0,,,,,,,,已由当期行业分类证券简称标记：否,入口候选，非最终样本；仍须复核主营业务、涉农收入占比、ST/退市状态及核心变量缺失,,,,,,年度ST区间待核实,,
002166,2021,桂林莱茵生物科技股份有限公司,莱茵生物,深圳证券交易所,2007-09-13,交易所当前法人主表已覆盖,龙头企业身份核实候选,,,,,0,,,,,,,,,,1,桂林莱茵生物科技股份有限公司,2020,monitor_pass,https://www.moa.gov.cn/nybgb/2020/202012/202102/P020210201587636946140.pdf,https://www.szse.cn/api/report/index/companyGeneralization?secCode=002166,当前交易所法人全称与官方名单标准化后完全一致,身份关系已核实候选；ST、退市时点及资格缺口仍待处理,待从公司年度证券状态来源核实,入口候选，非最终样本；仍须复核主营业务、涉农收入占比、ST/退市状态及核心变量缺失,,,,,,年度ST区间待核实,,
002200,2021,云南交投生态科技股份有限公司,交投生态,深圳证券交易所,2007-12-21,交易所当前法人主表已覆盖,行业分类候选,,,,,1,ST云投,2021Q3,02,林业,是,中国证监会,《上市公司行业分类指引》（2012年修订）,2021Q3.pdf,候选待年报复核,0,,,,,,,,已由当期行业分类证券简称标记：是,入口候选，非最终样本；仍须复核主营业务、涉农收入占比、ST/退市状态及核心变量缺失,是,是,https://static.cninfo.com.cn/finalpage/2019-04-25/1206090426.PDF,,样本期内起点已核实_终点待闭合,已由法定公告核实本年存在ST风险警示,,
002216,2021,三全食品股份有限公司,三全食品,深圳证券交易所,2008-02-20,交易所当前法人主表已覆盖,龙头企业身份核实候选,,,,,0,,,,,,,,,,1,三全食品股份有限公司,2020,monitor_pass,https://www.moa.gov.cn/nybgb/2020/202012/202102/P020210201587636946140.pdf,https://www.szse.cn/api/report/index/companyGeneralization?secCode=002216,当前交易所法人全称与官方名单标准化后完全一致,身份关系已核实候选；ST、退市时点及资格缺口仍待处理,待从公司年度证券状态来源核实,入口候选，非最终样本；仍须复核主营业务、涉农收入占比、ST/退市状态及核心变量缺失,,,,,,年度ST区间待核实,,
002234,2021,山东民和牧业股份有限公司,民和股份,深圳证券交易所,2008-05-16,交易所当前法人主表已覆盖,行业分类候选+龙头企业身份核实候选,,,,,1,民和股份,2021Q3,03,畜牧业,否,中国证监会,《上市公司行业分类指引》（2012年修订）,2021Q3.pdf,候选待年报复核,1,山东民和牧业股份有限公司,2020,monitor_pass,https://www.moa.gov.cn/nybgb/2020/202012/202102/P020210201587636946140.pdf,https://www.szse.cn/api/report/index/companyGeneralization?secCode=002234,当前交易所法人全称与官方名单标准化后完全一致,身份关系已核实候选；ST、退市时点及资格缺口仍待处理,已由当期行业分类证券简称标记：否,入口候选，非最终样本；仍须复核主营业务、涉农收入占比、ST/退市状态及核心变量缺失,,,,,,年度ST区间待核实,,
002286,2021,保龄宝生物股份有限公司,保龄宝,深圳证券交易所,2009-08-28,交易所当前法人主表已覆盖,龙头企业身份核实候选,,,,,0,,,,,,,,,,1,保龄宝生物股份有限公司,2020,monitor_pass,https://www.moa.gov.cn/nybgb/2020/202012/202102/P020210201587636946140.pdf,https://www.szse.cn/api/report/index/companyGeneralization?secCode=002286,当前交易所法人全称与官方名单标准化后完全一致,身份关系已核实候选；ST、退市时点及资格缺口仍待处理,待从公司年度证券状态来源核实,入口候选，非最终样本；仍须复核主营业务、涉农收入占比、ST/退市状态及核心变量缺失,,,,,,年度ST区间待核实,,
002299,2021,福建圣农发展股份有限公司,圣农发展,深圳证券交易所,2009-10-21,交易所当前法人主表已覆盖,行业分类候选,,,,,1,圣农发展,2021Q3,03,畜牧业,否,中国证监会,《上市公司行业分类指引》（2012年修订）,2021Q3.pdf,候选待年报复核,0,,,,,,,,已由当期行业分类证券简称标记：否,入口候选，非最终样本；仍须复核主营业务、涉农收入占比、ST/退市状态及核心变量缺失,,,,,,年度ST区间待核实,,
002311,2021,广东海大集团股份有限公司,海大集团,深圳证券交易所,2009-11-27,交易所当前法人主表已覆盖,龙头企业身份核实候选,,,,,0,,,,,,,,,,1,广东海大集团股份有限公司,2020,monitor_pass,https://www.moa.gov.cn/nybgb/2020/202012/202102/P020210201587636946140.pdf,https://www.szse.cn/api/report/index/companyGeneralization?secCode=002311,当前交易所法人全称与官方名单标准化后完全一致,身份关系已核实候选；ST、退市时点及资格缺口仍待处理,待从公司年度证券状态来源核实,入口候选，非最终样本；仍须复核主营业务、涉农收入占比、ST/退市状态及核心变量缺失,,,,,,年度ST区间待核实,,
002321,2021,河南华英农业发展股份有限公司,华英农业,深圳证券交易所,2009-12-16,交易所当前法人主表已覆盖,行业分类候选+龙头企业身份核实候选,,,,,1,*ST华英,2021Q3,03,畜牧业,是,中国证监会,《上市公司行业分类指引》（2012年修订）,2021Q3.pdf,候选待年报复核,1,河南华英农业发展股份有限公司,2020,monitor_pass,https://www.moa.gov.cn/nybgb/2020/202012/202102/P020210201587636946140.pdf,https://www.szse.cn/api/report/index/companyGeneralization?secCode=002321,当前交易所法人全称与官方名单标准化后完全一致,身份关系已核实候选；ST、退市时点及资格缺口仍待处理,已由当期行业分类证券简称标记：是,入口候选，非最终样本；仍须复核主营业务、涉农收入占比、ST/退市状态及核心变量缺失,是,是,https://static.cninfo.com.cn/finalpage/2021-04-29/1209860413.PDF,https://static.cninfo.com.cn/finalpage/2023-06-06/1216994176.PDF,区间已闭合,已由法定公告核实本年存在ST风险警示,,
002329,2021,皇氏集团股份有限公司,皇氏集团,深圳证券交易所,2010-01-06,交易所当前法人主表已覆盖,龙头企业身份核实候选,,,,,0,,,,,,,,,,1,皇氏集团股份有限公司,2020,monitor_pass,https://www.moa.gov.cn/nybgb/2020/202012/202102/P020210201587636946140.pdf,https://www.szse.cn/api/report/index/companyGeneralization?secCode=002329,当前交易所法人全称与官方名单标准化后完全一致,身份关系已核实候选；ST、退市时点及资格缺口仍待处理,待从公司年度证券状态来源核实,入口候选，非最终样本；仍须复核主营业务、涉农收入占比、ST/退市状态及核心变量缺失,,,,,,年度ST区间待核实,,
002385,2021,北京大北农科技集团股份有限公司,大北农,深圳证券交易所,2010-04-09,交易所当前法人主表已覆盖,龙头企业身份核实候选,,,,,0,,,,,,,,,,1,北京大北农科技集团股份有限公司,2020,monitor_pass,https://www.moa.gov.cn/nybgb/2020/202012/202102/P020210201587636946140.pdf,https://www.szse.cn/api/report/index/companyGeneralization?secCode=002385,当前交易所法人全称与官方名单标准化后完全一致,身份关系已核实候选；ST、退市时点及资格缺口仍待处理,待从公司年度证券状态来源核实,入口候选，非最终样本；仍须复核主营业务、涉农收入占比、ST/退市状态及核心变量缺失,,,,,,年度ST区间待核实,,
002390,2021,贵州信邦制药股份有限公司,信邦制药,深圳证券交易所,2010-04-16,交易所当前法人主表已覆盖,龙头企业身份核实候选,,,,,0,,,,,,,,,,1,贵州信邦制药股份有限公司,2020,monitor_pass,https://www.moa.gov.cn/nybgb/2020/202012/202102/P020210201587636946140.pdf,https://www.szse.cn/api/report/index/companyGeneralization?secCode=002390,当前交易所法人全称与官方名单标准化后完全一致,身份关系已核实候选；ST、退市时点及资格缺口仍待处理,待从公司年度证券状态来源核实,入口候选，非最终样本；仍须复核主营业务、涉农收入占比、ST/退市状态及核心变量缺失,,,,,,年度ST区间待核实,,
002424,2021,贵州百灵企业集团制药股份有限公司,ST百灵,深圳证券交易所,2010-06-03,交易所当前法人主表已覆盖,龙头企业身份核实候选,,,,,0,,,,,,,,,,1,贵州百灵企业集团制药股份有限公司,2020,monitor_pass,https://www.moa.gov.cn/nybgb/2020/202012/202102/P020210201587636946140.pdf,https://www.szse.cn/api/report/index/companyGeneralization?secCode=002424,当前交易所法人全称与官方名单标准化后完全一致,身份关系已核实候选；ST、退市时点及资格缺口仍待处理,待从公司年度证券状态来源核实,入口候选，非最终样本；仍须复核主营业务、涉农收入占比、ST/退市状态及核心变量缺失,,,,,,年度ST区间待核实,,
002431,2021,棕榈生态城镇发展股份有限公司,ST棕榈,深圳证券交易所,2010-06-10,交易所当前法人主表已覆盖,龙头企业身份核实候选,,,,,0,,,,,,,,,,1,棕榈生态城镇发展股份有限公司,2020,monitor_pass,https://www.moa.gov.cn/nybgb/2020/202012/202102/P020210201587636946140.pdf,https://www.szse.cn/api/report/index/companyGeneralization?secCode=002431,当前交易所法人全称与官方名单标准化后完全一致,身份关系已核实候选；ST、退市时点及资格缺口仍待处理,待从公司年度证券状态来源核实,入口候选，非最终样本；仍须复核主营业务、涉农收入占比、ST/退市状态及核心变量缺失,,,,,,年度ST区间待核实,,
002458,2021,山东益生种畜禽股份有限公司,益生股份,深圳证券交易所,2010-08-10,交易所当前法人主表已覆盖,行业分类候选+龙头企业身份核实候选,,,,,1,益生股份,2021Q3,03,畜牧业,否,中国证监会,《上市公司行业分类指引》（2012年修订）,2021Q3.pdf,候选待年报复核,1,山东益生种畜禽股份有限公司,2020,monitor_pass,https://www.moa.gov.cn/nybgb/2020/202012/202102/P020210201587636946140.pdf,https://www.szse.cn/api/report/index/companyGeneralization?secCode=002458,当前交易所法人全称与官方名单标准化后完全一致,身份关系已核实候选；ST、退市时点及资格缺口仍待处理,已由当期行业分类证券简称标记：否,入口候选，非最终样本；仍须复核主营业务、涉农收入占比、ST/退市状态及核心变量缺失,,,,,,年度ST区间待核实,,
002507,2021,重庆市涪陵榨菜集团股份有限公司,涪陵榨菜,深圳证券交易所,2010-11-23,交易所当前法人主表已覆盖,龙头企业身份核实候选,,,,,0,,,,,,,,,,1,重庆市涪陵榨菜集团股份有限公司,2020,monitor_pass,https://www.moa.gov.cn/nybgb/2020/202012/202102/P020210201587636946140.pdf,https://www.szse.cn/api/report/index/companyGeneralization?secCode=002507,当前交易所法人全称与官方名单标准化后完全一致,身份关系已核实候选；ST、退市时点及资格缺口仍待处理,待从公司年度证券状态来源核实,入口候选，非最终样本；仍须复核主营业务、涉农收入占比、ST/退市状态及核心变量缺失,,,,,,年度ST区间待核实,,
002548,2021,深圳市金新农科技股份有限公司,金新农,深圳证券交易所,2011-02-18,交易所当前法人主表已覆盖,龙头企业身份核实候选,,,,,0,,,,,,,,,,1,深圳市金新农科技股份有限公司,2021,recognition,https://xccys.moa.gov.cn/gzdt/202201/t20220113_6386872.htm,https://www.szse.cn/api/report/index/companyGeneralization?secCode=002548,当前交易所法人全称与官方名单标准化后完全一致,身份关系已核实候选；ST、退市时点及资格缺口仍待处理,待从公司年度证券状态来源核实,入口候选，非最终样本；仍须复核主营业务、涉农收入占比、ST/退市状态及核心变量缺失,,,,,,年度ST区间待核实,,
002557,2021,洽洽食品股份有限公司,洽洽食品,深圳证券交易所,2011-03-02,交易所当前法人主表已覆盖,龙头企业身份核实候选,,,,,0,,,,,,,,,,1,洽洽食品股份有限公司,2020,monitor_pass,https://www.moa.gov.cn/nybgb/2020/202012/202102/P020210201587636946140.pdf,https://www.szse.cn/api/report/index/companyGeneralization?secCode=002557,当前交易所法人全称与官方名单标准化后完全一致,身份关系已核实候选；ST、退市时点及资格缺口仍待处理,待从公司年度证券状态来源核实,入口候选，非最终样本；仍须复核主营业务、涉农收入占比、ST/退市状态及核心变量缺失,,,,,,年度ST区间待核实,,
002566,2021,吉林省集安益盛药业股份有限公司,益盛药业,深圳证券交易所,2011-03-18,交易所当前法人主表已覆盖,龙头企业身份核实候选,,,,,0,,,,,,,,,,1,吉林省集安益盛药业股份有限公司,2020,monitor_pass,https://www.moa.gov.cn/nybgb/2020/202012/202102/P020210201587636946140.pdf,https://www.szse.cn/api/report/index/companyGeneralization?secCode=002566,当前交易所法人全称与官方名单标准化后完全一致,身份关系已核实候选；ST、退市时点及资格缺口仍待处理,待从公司年度证券状态来源核实,入口候选，非最终样本；仍须复核主营业务、涉农收入占比、ST/退市状态及核心变量缺失,,,,,,年度ST区间待核实,,
002567,2021,唐人神集团股份有限公司,唐人神,深圳证券交易所,2011-03-25,交易所当前法人主表已覆盖,龙头企业身份核实候选,,,,,0,,,,,,,,,,1,唐人神集团股份有限公司,2020,monitor_pass,https://www.moa.gov.cn/nybgb/2020/202012/202102/P020210201587636946140.pdf,https://www.szse.cn/api/report/index/companyGeneralization?secCode=002567,当前交易所法人全称与官方名单标准化后完全一致,身份关系已核实候选；ST、退市时点及资格缺口仍待处理,待从公司年度证券状态来源核实,入口候选，非最终样本；仍须复核主营业务、涉农收入占比、ST/退市状态及核心变量缺失,,,,,,年度ST区间待核实,,
002582,2021,好想你健康食品股份有限公司,好想你,深圳证券交易所,2011-05-20,交易所当前法人主表已覆盖,龙头企业身份核实候选,,,,,0,,,,,,,,,,1,好想你健康食品股份有限公司,2020,monitor_pass,https://www.moa.gov.cn/nybgb/2020/202012/202102/P020210201587636946140.pdf,https://www.szse.cn/api/report/index/companyGeneralization?secCode=002582,当前交易所法人全称与官方名单标准化后完全一致,身份关系已核实候选；ST、退市时点及资格缺口仍待处理,待从公司年度证券状态来源核实,入口候选，非最终样本；仍须复核主营业务、涉农收入占比、ST/退市状态及核心变量缺失,,,,,,年度ST区间待核实,,
002650,2021,加加食品集团股份有限公司,ST加加,深圳证券交易所,2012-01-06,交易所当前法人主表已覆盖,龙头企业身份核实候选,,,,,0,,,,,,,,,,1,加加食品集团股份有限公司,2020,monitor_pass,https://www.moa.gov.cn/nybgb/2020/202012/202102/P020210201587636946140.pdf,https://www.szse.cn/api/report/index/companyGeneralization?secCode=002650,当前交易所法人全称与官方名单标准化后完全一致,身份关系已核实候选；ST、退市时点及资格缺口仍待处理,待从公司年度证券状态来源核实,入口候选，非最终样本；仍须复核主营业务、涉农收入占比、ST/退市状态及核心变量缺失,是,否,https://static.cninfo.com.cn/finalpage/2020-06-12/1207919359.PDF,https://static.cninfo.com.cn/finalpage/2021-07-27/1210573032.PDF,区间已闭合,已由法定公告核实本年存在ST风险警示,,
002679,2021,福建金森林业股份有限公司,福建金森,深圳证券交易所,2012-06-05,交易所当前法人主表已覆盖,行业分类候选,,,,,1,福建金森,2021Q3,02,林业,否,中国证监会,《上市公司行业分类指引》（2012年修订）,2021Q3.pdf,候选待年报复核,0,,,,,,,,已由当期行业分类证券简称标记：否,入口候选，非最终样本；仍须复核主营业务、涉农收入占比、ST/退市状态及核心变量缺失,,,,,,年度ST区间待核实,,
002688,2021,金河生物科技股份有限公司,金河生物,深圳证券交易所,2012-07-13,交易所当前法人主表已覆盖,龙头企业身份核实候选,,,,,0,,,,,,,,,,1,金河生物科技股份有限公司,2020,monitor_pass,https://www.moa.gov.cn/nybgb/2020/202012/202102/P020210201587636946140.pdf,https://www.szse.cn/api/report/index/companyGeneralization?secCode=002688,当前交易所法人全称与官方名单标准化后完全一致,身份关系已核实候选；ST、退市时点及资格缺口仍待处理,待从公司年度证券状态来源核实,入口候选，非最终样本；仍须复核主营业务、涉农收入占比、ST/退市状态及核心变量缺失,,,,,,年度ST区间待核实,,
002696,2021,百洋产业投资集团股份有限公司,百洋股份,深圳证券交易所,2012-09-05,交易所当前法人主表已覆盖,行业分类候选+龙头企业身份核实候选,,,,,1,百洋股份,2021Q3,04,渔业,否,中国证监会,《上市公司行业分类指引》（2012年修订）,2021Q3.pdf,候选待年报复核,1,百洋产业投资集团股份有限公司,2020,monitor_pass,https://www.moa.gov.cn/nybgb/2020/202012/202102/P020210201587636946140.pdf,https://www.szse.cn/api/report/index/companyGeneralization?secCode=002696,当前交易所法人全称与官方名单标准化后完全一致,身份关系已核实候选；ST、退市时点及资格缺口仍待处理,已由当期行业分类证券简称标记：否,入口候选，非最终样本；仍须复核主营业务、涉农收入占比、ST/退市状态及核心变量缺失,,,,,,年度ST区间待核实,,
002702,2021,海欣食品股份有限公司,海欣食品,深圳证券交易所,2012-10-11,交易所当前法人主表已覆盖,龙头企业身份核实候选,,,,,0,,,,,,,,,,1,海欣食品股份有限公司,2020,monitor_pass,https://www.moa.gov.cn/nybgb/2020/202012/202102/P020210201587636946140.pdf,https://www.szse.cn/api/report/index/companyGeneralization?secCode=002702,当前交易所法人全称与官方名单标准化后完全一致,身份关系已核实候选；ST、退市时点及资格缺口仍待处理,待从公司年度证券状态来源核实,入口候选，非最终样本；仍须复核主营业务、涉农收入占比、ST/退市状态及核心变量缺失,,,,,,年度ST区间待核实,,
002714,2021,牧原食品集团股份有限公司,牧原股份,深圳证券交易所,2014-01-28,交易所当前法人主表已覆盖,行业分类候选+龙头企业身份核实候选,,,,,1,牧原股份,2021Q3,03,畜牧业,否,中国证监会,《上市公司行业分类指引》（2012年修订）,2021Q3.pdf,候选待年报复核,1,牧原食品股份有限公司,2020,monitor_pass,https://www.moa.gov.cn/nybgb/2020/202012/202102/P020210201587636946140.pdf,https://static.cninfo.com.cn/finalpage/2026-02-26/1224984472.PDF,上市公司更名公告明确法律主体不变；交易所当前全称已更新,身份关系已核实候选；ST、退市时点及资格缺口仍待处理,已由当期行业分类证券简称标记：否,入口候选，非最终样本；仍须复核主营业务、涉农收入占比、ST/退市状态及核心变量缺失,,,,,,年度ST区间待核实,,
002719,2021,麦趣尔集团股份有限公司,ST麦趣,深圳证券交易所,2014-01-28,交易所当前法人主表已覆盖,龙头企业身份核实候选,,,,,0,,,,,,,,,,1,麦趣尔集团股份有限公司,2020,monitor_pass,https://www.moa.gov.cn/nybgb/2020/202012/202102/P020210201587636946140.pdf,https://www.szse.cn/api/report/index/companyGeneralization?secCode=002719,当前交易所法人全称与官方名单标准化后完全一致,身份关系已核实候选；ST、退市时点及资格缺口仍待处理,待从公司年度证券状态来源核实,入口候选，非最终样本；仍须复核主营业务、涉农收入占比、ST/退市状态及核心变量缺失,是,否,https://static.cninfo.com.cn/finalpage/2020-04-30/1207687740.PDF,https://static.cninfo.com.cn/finalpage/2021-12-17/1211934918.PDF,区间已闭合,已由法定公告核实本年存在ST风险警示,,
002732,2021,广东燕塘乳业股份有限公司,燕塘乳业,深圳证券交易所,2014-12-05,交易所当前法人主表已覆盖,龙头企业身份核实候选,,,,,0,,,,,,,,,,1,广东燕塘乳业股份有限公司,2020,monitor_pass,https://www.moa.gov.cn/nybgb/2020/202012/202102/P020210201587636946140.pdf,https://www.szse.cn/api/report/index/companyGeneralization?secCode=002732,当前交易所法人全称与官方名单标准化后完全一致,身份关系已核实候选；ST、退市时点及资格缺口仍待处理,待从公司年度证券状态来源核实,入口候选，非最终样本；仍须复核主营业务、涉农收入占比、ST/退市状态及核心变量缺失,,,,,,年度ST区间待核实,,
002746,2021,山东仙坛集团股份有限公司,仙坛股份,深圳证券交易所,2015-02-16,交易所当前法人主表已覆盖,龙头企业身份核实候选,,,,,0,,,,,,,,,,1,山东仙坛股份有限公司,2020,monitor_pass,https://www.moa.gov.cn/nybgb/2020/202012/202102/P020210201587636946140.pdf,https://static.cninfo.com.cn/finalpage/2025-11-18/1224808717.PDF,上市公司公告列明由旧全称变更为当前全称且证券代码保持不变,身份关系已核实候选；ST、退市时点及资格缺口仍待处理,待从公司年度证券状态来源核实,入口候选，非最终样本；仍须复核主营业务、涉农收入占比、ST/退市状态及核心变量缺失,,,,,,年度ST区间待核实,,
002772,2021,天水众兴菌业科技股份有限公司,众兴菌业,深圳证券交易所,2015-06-26,交易所当前法人主表已覆盖,行业分类候选+龙头企业身份核实候选,,,,,1,众兴菌业,2021Q3,01,农业,否,中国证监会,《上市公司行业分类指引》（2012年修订）,2021Q3.pdf,候选待年报复核,1,天水众兴菌业科技股份有限公司,2020,monitor_pass,https://www.moa.gov.cn/nybgb/2020/202012/202102/P020210201587636946140.pdf,https://www.szse.cn/api/report/index/companyGeneralization?secCode=002772,当前交易所法人全称与官方名单标准化后完全一致,身份关系已核实候选；ST、退市时点及资格缺口仍待处理,已由当期行业分类证券简称标记：否,入口候选，非最终样本；仍须复核主营业务、涉农收入占比、ST/退市状态及核心变量缺失,,,,,,年度ST区间待核实,,
002847,2021,盐津铺子食品股份有限公司,盐津铺子,深圳证券交易所,2017-02-08,交易所当前法人主表已覆盖,龙头企业身份核实候选,,,,,0,,,,,,,,,,1,盐津铺子食品股份有限公司,2019,recognition,https://www.moa.gov.cn/nybgb/2019/201912/202004/P020200410023357640054.pdf,https://www.szse.cn/api/report/index/companyGeneralization?secCode=002847,当前交易所法人全称与官方名单标准化后完全一致,身份关系已核实候选；ST、退市时点及资格缺口仍待处理,待从公司年度证券状态来源核实,入口候选，非最终样本；仍须复核主营业务、涉农收入占比、ST/退市状态及核心变量缺失,,,,,,年度ST区间待核实,,
002852,2021,道道全粮油股份有限公司,道道全,深圳证券交易所,2017-03-10,交易所当前法人主表已覆盖,龙头企业身份核实候选,,,,,0,,,,,,,,,,1,道道全粮油股份有限公司,2020,monitor_pass,https://www.moa.gov.cn/nybgb/2020/202012/202102/P020210201587636946140.pdf,https://www.szse.cn/api/report/index/companyGeneralization?secCode=002852,当前交易所法人全称与官方名单标准化后完全一致,身份关系已核实候选；ST、退市时点及资格缺口仍待处理,待从公司年度证券状态来源核实,入口候选，非最终样本；仍须复核主营业务、涉农收入占比、ST/退市状态及核心变量缺失,,,,,,年度ST区间待核实,,
002873,2021,贵阳新天药业股份有限公司,新天药业,深圳证券交易所,2017-05-19,交易所当前法人主表已覆盖,龙头企业身份核实候选,,,,,0,,,,,,,,,,1,贵阳新天药业股份有限公司,2020,monitor_pass,https://www.moa.gov.cn/nybgb/2020/202012/202102/P020210201587636946140.pdf,https://www.szse.cn/api/report/index/companyGeneralization?secCode=002873,当前交易所法人全称与官方名单标准化后完全一致,身份关系已核实候选；ST、退市时点及资格缺口仍待处理,待从公司年度证券状态来源核实,入口候选，非最终样本；仍须复核主营业务、涉农收入占比、ST/退市状态及核心变量缺失,,,,,,年度ST区间待核实,,
002910,2021,兰州庄园牧场股份有限公司,庄园牧场,深圳证券交易所,2017-10-31,交易所当前法人主表已覆盖,龙头企业身份核实候选,,,,,0,,,,,,,,,,1,兰州庄园牧场股份有限公司,2020,monitor_pass,https://www.moa.gov.cn/nybgb/2020/202012/202102/P020210201587636946140.pdf,https://www.szse.cn/api/report/index/companyGeneralization?secCode=002910,当前交易所法人全称与官方名单标准化后完全一致,身份关系已核实候选；ST、退市时点及资格缺口仍待处理,待从公司年度证券状态来源核实,入口候选，非最终样本；仍须复核主营业务、涉农收入占比、ST/退市状态及核心变量缺失,,,,,,年度ST区间待核实,,
002982,2021,湖南湘佳牧业股份有限公司,湘佳股份,深圳证券交易所,2020-04-24,交易所当前法人主表已覆盖,行业分类候选+龙头企业身份核实候选,,,,,1,湘佳股份,2021Q3,03,畜牧业,否,中国证监会,《上市公司行业分类指引》（2012年修订）,2021Q3.pdf,候选待年报复核,1,湖南湘佳牧业股份有限公司,2020,monitor_pass,https://www.moa.gov.cn/nybgb/2020/202012/202102/P020210201587636946140.pdf,https://www.szse.cn/api/report/index/companyGeneralization?secCode=002982,当前交易所法人全称与官方名单标准化后完全一致,身份关系已核实候选；ST、退市时点及资格缺口仍待处理,已由当期行业分类证券简称标记：否,入口候选，非最终样本；仍须复核主营业务、涉农收入占比、ST/退市状态及核心变量缺失,,,,,,年度ST区间待核实,,
002991,2021,甘源食品股份有限公司,甘源食品,深圳证券交易所,2020-07-31,交易所当前法人主表已覆盖,龙头企业身份核实候选,,,,,0,,,,,,,,,,1,甘源食品股份有限公司,2021,recognition,https://xccys.moa.gov.cn/gzdt/202201/t20220113_6386872.htm,https://www.szse.cn/api/report/index/companyGeneralization?secCode=002991,当前交易所法人全称与官方名单标准化后完全一致,身份关系已核实候选；ST、退市时点及资格缺口仍待处理,待从公司年度证券状态来源核实,入口候选，非最终样本；仍须复核主营业务、涉农收入占比、ST/退市状态及核心变量缺失,,,,,,年度ST区间待核实,,
003000,2021,劲仔食品集团股份有限公司,劲仔食品,深圳证券交易所,2020-09-14,交易所当前法人主表已覆盖,龙头企业身份核实候选,,,,,0,,,,,,,,,,1,劲仔食品集团股份有限公司,2021,recognition,https://xccys.moa.gov.cn/gzdt/202201/t20220113_6386872.htm,https://www.szse.cn/api/report/index/companyGeneralization?secCode=003000,当前交易所法人全称与官方名单标准化后完全一致,身份关系已核实候选；ST、退市时点及资格缺口仍待处理,待从公司年度证券状态来源核实,入口候选，非最终样本；仍须复核主营业务、涉农收入占比、ST/退市状态及核心变量缺失,,,,,,年度ST区间待核实,,
300087,2021,安徽荃银高科种业股份有限公司,ST荃银,深圳证券交易所,2010-05-26,交易所当前法人主表已覆盖,行业分类候选+龙头企业身份核实候选,,,,,1,荃银高科,2021Q3,01,农业,否,中国证监会,《上市公司行业分类指引》（2012年修订）,2021Q3.pdf,候选待年报复核,1,安徽荃银高科种业股份有限公司,2019,recognition,https://www.moa.gov.cn/nybgb/2019/201912/202004/P020200410023357640054.pdf,https://www.szse.cn/api/report/index/companyGeneralization?secCode=300087,当前交易所法人全称与官方名单标准化后完全一致,身份关系已核实候选；ST、退市时点及资格缺口仍待处理,已由当期行业分类证券简称标记：否,入口候选，非最终样本；仍须复核主营业务、涉农收入占比、ST/退市状态及核心变量缺失,,,,,,年度ST区间待核实,,
300094,2021,湛江国联水产开发股份有限公司,国联水产,深圳证券交易所,2010-07-08,交易所当前法人主表已覆盖,龙头企业身份核实候选,,,,,0,,,,,,,,,,1,湛江国联水产开发股份有限公司,2020,monitor_pass,https://www.moa.gov.cn/nybgb/2020/202012/202102/P020210201587636946140.pdf,https://www.szse.cn/api/report/index/companyGeneralization?secCode=300094,当前交易所法人全称与官方名单标准化后完全一致,身份关系已核实候选；ST、退市时点及资格缺口仍待处理,待从公司年度证券状态来源核实,入口候选，非最终样本；仍须复核主营业务、涉农收入占比、ST/退市状态及核心变量缺失,,,,,,年度ST区间待核实,,
300106,2021,新疆西部牧业股份有限公司,西部牧业,深圳证券交易所,2010-08-20,交易所当前法人主表已覆盖,行业分类候选,,,,,1,西部牧业,2021Q3,03,畜牧业,否,中国证监会,《上市公司行业分类指引》（2012年修订）,2021Q3.pdf,候选待年报复核,0,,,,,,,,已由当期行业分类证券简称标记：否,入口候选，非最终样本；仍须复核主营业务、涉农收入占比、ST/退市状态及核心变量缺失,,,,,,年度ST区间待核实,,
300119,2021,瑞普生物股份有限公司,瑞普生物,深圳证券交易所,2010-09-17,交易所当前法人主表已覆盖,龙头企业身份核实候选,,,,,0,,,,,,,,,,1,天津瑞普生物技术股份有限公司,2021,recognition,https://xccys.moa.gov.cn/gzdt/202201/t20220113_6386872.htm,https://static.cninfo.com.cn/finalpage/2024-12-14/1222017500.PDF,上市公司更名公告明确法律主体不变且证券代码保持不变,身份关系已核实候选；ST、退市时点及资格缺口仍待处理,待从公司年度证券状态来源核实,入口候选，非最终样本；仍须复核主营业务、涉农收入占比、ST/退市状态及核心变量缺失,,,,,,年度ST区间待核实,,
300138,2021,晨光生物科技集团股份有限公司,晨光生物,深圳证券交易所,2010-11-05,交易所当前法人主表已覆盖,龙头企业身份核实候选,,,,,0,,,,,,,,,,1,晨光生物科技集团股份有限公司,2020,monitor_pass,https://www.moa.gov.cn/nybgb/2020/202012/202102/P020210201587636946140.pdf,https://www.szse.cn/api/report/index/companyGeneralization?secCode=300138,当前交易所法人全称与官方名单标准化后完全一致,身份关系已核实候选；ST、退市时点及资格缺口仍待处理,待从公司年度证券状态来源核实,入口候选，非最终样本；仍须复核主营业务、涉农收入占比、ST/退市状态及核心变量缺失,,,,,,年度ST区间待核实,,
300158,2021,山西振东制药股份有限公司,振东制药,深圳证券交易所,2011-01-07,交易所当前法人主表已覆盖,龙头企业身份核实候选,,,,,0,,,,,,,,,,1,山西振东制药股份有限公司,2019,recognition,https://www.moa.gov.cn/nybgb/2019/201912/202004/P020200410023357640054.pdf,https://www.szse.cn/api/report/index/companyGeneralization?secCode=300158,当前交易所法人全称与官方名单标准化后完全一致,身份关系已核实候选；ST、退市时点及资格缺口仍待处理,待从公司年度证券状态来源核实,入口候选，非最终样本；仍须复核主营业务、涉农收入占比、ST/退市状态及核心变量缺失,,,,,,年度ST区间待核实,,
300189,2021,海南神农种业科技股份有限公司,神农种业,深圳证券交易所,2011-03-16,交易所当前法人主表已覆盖,行业分类候选+龙头企业身份核实候选,,,,,1,神农科技,2021Q3,01,农业,否,中国证监会,《上市公司行业分类指引》（2012年修订）,2021Q3.pdf,候选待年报复核,1,海南神农科技股份有限公司,2020,monitor_pass,https://www.moa.gov.cn/nybgb/2020/202012/202102/P020210201587636946140.pdf,https://static.cninfo.com.cn/finalpage/2025-04-26/1223326682.PDF,2024年年度报告明确名单名称为当前上市公司的原名,身份关系已核实候选；ST、退市时点及资格缺口仍待处理,已由当期行业分类证券简称标记：否,入口候选，非最终样本；仍须复核主营业务、涉农收入占比、ST/退市状态及核心变量缺失,,,,,,年度ST区间待核实,,
300313,2021,新疆天山畜牧生物工程股份有限公司,天山生物,深圳证券交易所,2012-04-25,交易所当前法人主表已覆盖,行业分类候选,,,,,1,ST天山,2021Q3,03,畜牧业,是,中国证监会,《上市公司行业分类指引》（2012年修订）,2021Q3.pdf,候选待年报复核,0,,,,,,,,已由当期行业分类证券简称标记：是,入口候选，非最终样本；仍须复核主营业务、涉农收入占比、ST/退市状态及核心变量缺失,是,是,https://static.cninfo.com.cn/finalpage/2021-04-27/1209817663.PDF,,样本期内起点已核实_终点待闭合,已由法定公告核实本年存在ST风险警示,,
300498,2021,温氏食品集团股份有限公司,温氏股份,深圳证券交易所,2015-11-02,交易所当前法人主表已覆盖,行业分类候选+龙头企业身份核实候选,,,,,1,温氏股份,2021Q3,03,畜牧业,否,中国证监会,《上市公司行业分类指引》（2012年修订）,2021Q3.pdf,候选待年报复核,1,温氏食品集团股份有限公司,2020,monitor_pass,https://www.moa.gov.cn/nybgb/2020/202012/202102/P020210201587636946140.pdf,https://www.szse.cn/api/report/index/companyGeneralization?secCode=300498,当前交易所法人全称与官方名单标准化后完全一致,身份关系已核实候选；ST、退市时点及资格缺口仍待处理,已由当期行业分类证券简称标记：否,入口候选，非最终样本；仍须复核主营业务、涉农收入占比、ST/退市状态及核心变量缺失,,,,,,年度ST区间待核实,,
300511,2021,上海雪榕生物科技股份有限公司,雪榕生物,深圳证券交易所,2016-05-04,交易所当前法人主表已覆盖,行业分类候选+龙头企业身份核实候选,,,,,1,雪榕生物,2021Q3,01,农业,否,中国证监会,《上市公司行业分类指引》（2012年修订）,2021Q3.pdf,候选待年报复核,1,上海雪榕生物科技股份有限公司,2020,monitor_pass,https://www.moa.gov.cn/nybgb/2020/202012/202102/P020210201587636946140.pdf,https://www.szse.cn/api/report/index/companyGeneralization?secCode=300511,当前交易所法人全称与官方名单标准化后完全一致,身份关系已核实候选；ST、退市时点及资格缺口仍待处理,已由当期行业分类证券简称标记：否,入口候选，非最终样本；仍须复核主营业务、涉农收入占比、ST/退市状态及核心变量缺失,,,,,,年度ST区间待核实,,
300761,2021,江苏立华食品集团股份有限公司,立华股份,深圳证券交易所,2019-02-18,交易所当前法人主表已覆盖,行业分类候选,,,,,1,立华股份,2021Q3,03,畜牧业,否,中国证监会,《上市公司行业分类指引》（2012年修订）,2021Q3.pdf,候选待年报复核,0,,,,,,,,已由当期行业分类证券简称标记：否,入口候选，非最终样本；仍须复核主营业务、涉农收入占比、ST/退市状态及核心变量缺失,,,,,,年度ST区间待核实,,
300783,2021,三只松鼠股份有限公司,三只松鼠,深圳证券交易所,2019-07-12,交易所当前法人主表已覆盖,龙头企业身份核实候选,,,,,0,,,,,,,,,,1,三只松鼠股份有限公司,2020,monitor_pass,https://www.moa.gov.cn/nybgb/2020/202012/202102/P020210201587636946140.pdf,https://www.szse.cn/api/report/index/companyGeneralization?secCode=300783,当前交易所法人全称与官方名单标准化后完全一致,身份关系已核实候选；ST、退市时点及资格缺口仍待处理,待从公司年度证券状态来源核实,入口候选，非最终样本；仍须复核主营业务、涉农收入占比、ST/退市状态及核心变量缺失,,,,,,年度ST区间待核实,,
300871,2021,武汉回盛生物科技股份有限公司,回盛生物,深圳证券交易所,2020-08-24,交易所当前法人主表已覆盖,龙头企业身份核实候选,,,,,0,,,,,,,,,,1,武汉回盛生物科技股份有限公司,2021,recognition,https://xccys.moa.gov.cn/gzdt/202201/t20220113_6386872.htm,https://www.szse.cn/api/report/index/companyGeneralization?secCode=300871,当前交易所法人全称与官方名单标准化后完全一致,身份关系已核实候选；ST、退市时点及资格缺口仍待处理,待从公司年度证券状态来源核实,入口候选，非最终样本；仍须复核主营业务、涉农收入占比、ST/退市状态及核心变量缺失,,,,,,年度ST区间待核实,,
300908,2021,仲景食品股份有限公司,仲景食品,深圳证券交易所,2020-11-23,交易所当前法人主表已覆盖,龙头企业身份核实候选,,,,,0,,,,,,,,,,1,仲景食品股份有限公司,2019,recognition,https://www.moa.gov.cn/nybgb/2019/201912/202004/P020200410023357640054.pdf,https://www.szse.cn/api/report/index/companyGeneralization?secCode=300908,当前交易所法人全称与官方名单标准化后完全一致,身份关系已核实候选；ST、退市时点及资格缺口仍待处理,待从公司年度证券状态来源核实,入口候选，非最终样本；仍须复核主营业务、涉农收入占比、ST/退市状态及核心变量缺失,,,,,,年度ST区间待核实,,
300967,2021,宁夏晓鸣农牧股份有限公司,晓鸣股份,深圳证券交易所,2021-04-13,交易所当前法人主表已覆盖,行业分类候选+龙头企业身份核实候选,,,,,1,晓鸣股份,2021Q3,03,畜牧业,否,中国证监会,《上市公司行业分类指引》（2012年修订）,2021Q3.pdf,候选待年报复核,1,宁夏晓鸣农牧股份有限公司,2019,recognition,https://www.moa.gov.cn/nybgb/2019/201912/202004/P020200410023357640054.pdf,https://www.szse.cn/api/report/index/companyGeneralization?secCode=300967,当前交易所法人全称与官方名单标准化后完全一致,身份关系已核实候选；ST、退市时点及资格缺口仍待处理,已由当期行业分类证券简称标记：否,入口候选，非最终样本；仍须复核主营业务、涉农收入占比、ST/退市状态及核心变量缺失,,,,,,年度ST区间待核实,,
300970,2021,江苏华绿生物科技集团股份有限公司,华绿生物,深圳证券交易所,2021-04-12,交易所当前法人主表已覆盖,行业分类候选+龙头企业身份核实候选,,,,,1,华绿生物,2021Q3,01,农业,否,中国证监会,《上市公司行业分类指引》（2012年修订）,2021Q3.pdf,候选待年报复核,1,江苏华绿生物科技股份有限公司,2019,recognition,https://www.moa.gov.cn/nybgb/2019/201912/202004/P020200410023357640054.pdf,https://static.cninfo.com.cn/finalpage/2026-02-11/1224977414.PDF,法律意见书以同一统一社会信用代码和证券代码连接当前名称与原上市名称,身份关系已核实候选；ST、退市时点及资格缺口仍待处理,已由当期行业分类证券简称标记：否,入口候选，非最终样本；仍须复核主营业务、涉农收入占比、ST/退市状态及核心变量缺失,,,,,,年度ST区间待核实,,
300972,2021,福建万辰食品集团股份有限公司,万辰集团,深圳证券交易所,2021-04-19,交易所当前法人主表已覆盖,行业分类候选,,,,,1,万辰生物,2021Q3,01,农业,否,中国证监会,《上市公司行业分类指引》（2012年修订）,2021Q3.pdf,候选待年报复核,0,,,,,,,,已由当期行业分类证券简称标记：否,入口候选，非最终样本；仍须复核主营业务、涉农收入占比、ST/退市状态及核心变量缺失,,,,,,年度ST区间待核实,,
600097,2021,上海开创国际海洋资源股份有限公司,开创国际,上海证券交易所,19970619,交易所当前法人主表已覆盖,行业分类候选,,,,,1,开创国际,2021Q3,04,渔业,否,中国证监会,《上市公司行业分类指引》（2012年修订）,2021Q3.pdf,候选待年报复核,0,,,,,,,,已由当期行业分类证券简称标记：否,入口候选，非最终样本；仍须复核主营业务、涉农收入占比、ST/退市状态及核心变量缺失,,,,,,年度ST区间待核实,,
600108,2021,甘肃亚盛实业(集团)股份有限公司,亚盛集团,上海证券交易所,19970818,交易所当前法人主表已覆盖,行业分类候选+龙头企业身份核实候选,,,,,1,亚盛集团,2021Q3,01,农业,否,中国证监会,《上市公司行业分类指引》（2012年修订）,2021Q3.pdf,候选待年报复核,1,甘肃亚盛实业（集团）股份有限公司,2020,monitor_pass,https://www.moa.gov.cn/nybgb/2020/202012/202102/P020210201587636946140.pdf,https://query.sse.com.cn/commonQuery.do?sqlId=COMMON_SSE_CP_GPJCTPZ_GPLB_GP_L,当前交易所法人全称与官方名单标准化后完全一致,身份关系已核实候选；ST、退市时点及资格缺口仍待处理,已由当期行业分类证券简称标记：否,入口候选，非最终样本；仍须复核主营业务、涉农收入占比、ST/退市状态及核心变量缺失,,,,,,年度ST区间待核实,,
600127,2021,金健米业股份有限公司,金健米业,上海证券交易所,19980506,交易所当前法人主表已覆盖,龙头企业身份核实候选,,,,,0,,,,,,,,,,1,金健米业股份有限公司,2020,monitor_pass,https://www.moa.gov.cn/nybgb/2020/202012/202102/P020210201587636946140.pdf,https://query.sse.com.cn/commonQuery.do?sqlId=COMMON_SSE_CP_GPJCTPZ_GPLB_GP_L,当前交易所法人全称与官方名单标准化后完全一致,身份关系已核实候选；ST、退市时点及资格缺口仍待处理,待从公司年度证券状态来源核实,入口候选，非最终样本；仍须复核主营业务、涉农收入占比、ST/退市状态及核心变量缺失,,,,,,年度ST区间待核实,,
600129,2021,重庆太极实业(集团)股份有限公司,太极集团,上海证券交易所,19971118,交易所当前法人主表已覆盖,龙头企业身份核实候选,,,,,0,,,,,,,,,,1,重庆太极实业（集团）股份有限公司,2020,monitor_pass,https://www.moa.gov.cn/nybgb/2020/202012/202102/P020210201587636946140.pdf,https://query.sse.com.cn/commonQuery.do?sqlId=COMMON_SSE_CP_GPJCTPZ_GPLB_GP_L,当前交易所法人全称与官方名单标准化后完全一致,身份关系已核实候选；ST、退市时点及资格缺口仍待处理,待从公司年度证券状态来源核实,入口候选，非最终样本；仍须复核主营业务、涉农收入占比、ST/退市状态及核心变量缺失,,,,,,年度ST区间待核实,,
600195,2021,中牧实业股份有限公司,中牧股份,上海证券交易所,19990107,交易所当前法人主表已覆盖,龙头企业身份核实候选,,,,,0,,,,,,,,,,1,中牧实业股份有限公司,2020,monitor_pass,https://www.moa.gov.cn/nybgb/2020/202012/202102/P020210201587636946140.pdf,https://query.sse.com.cn/commonQuery.do?sqlId=COMMON_SSE_CP_GPJCTPZ_GPLB_GP_L,当前交易所法人全称与官方名单标准化后完全一致,身份关系已核实候选；ST、退市时点及资格缺口仍待处理,待从公司年度证券状态来源核实,入口候选，非最终样本；仍须复核主营业务、涉农收入占比、ST/退市状态及核心变量缺失,,,,,,年度ST区间待核实,,
600211,2021,西藏诺迪康药业股份有限公司,西藏药业,上海证券交易所,19990721,交易所当前法人主表已覆盖,龙头企业身份核实候选,,,,,0,,,,,,,,,,1,西藏诺迪康药业股份有限公司,2020,monitor_pass,https://www.moa.gov.cn/nybgb/2020/202012/202102/P020210201587636946140.pdf,https://query.sse.com.cn/commonQuery.do?sqlId=COMMON_SSE_CP_GPJCTPZ_GPLB_GP_L,当前交易所法人全称与官方名单标准化后完全一致,身份关系已核实候选；ST、退市时点及资格缺口仍待处理,待从公司年度证券状态来源核实,入口候选，非最终样本；仍须复核主营业务、涉农收入占比、ST/退市状态及核心变量缺失,,,,,,年度ST区间待核实,,
600251,2021,新疆冠农股份有限公司,冠农股份,上海证券交易所,20030609,交易所当前法人主表已覆盖,龙头企业身份核实候选,,,,,0,,,,,,,,,,1,新疆冠农果茸股份有限公司,2020,monitor_pass,https://www.moa.gov.cn/nybgb/2020/202012/202102/P020210201587636946140.pdf,https://static.cninfo.com.cn/finalpage/2023-02-10/1215815769.PDF,工商变更公告明确公司由名单名称变更为当前名称且证券代码保持600251,身份关系已核实候选；ST、退市时点及资格缺口仍待处理,待从公司年度证券状态来源核实,入口候选，非最终样本；仍须复核主营业务、涉农收入占比、ST/退市状态及核心变量缺失,,,,,,年度ST区间待核实,,
600257,2021,大湖健康产业股份有限公司,大湖股份,上海证券交易所,20000612,交易所当前法人主表已覆盖,行业分类候选,,,,,1,大湖股份,2021Q3,04,渔业,否,中国证监会,《上市公司行业分类指引》（2012年修订）,2021Q3.pdf,候选待年报复核,0,,,,,,,,已由当期行业分类证券简称标记：否,入口候选，非最终样本；仍须复核主营业务、涉农收入占比、ST/退市状态及核心变量缺失,,,,,,年度ST区间待核实,,
600265,2021,云南景谷林业股份有限公司,*ST景谷,上海证券交易所,20000825,交易所当前法人主表已覆盖,行业分类候选,,,,,1,*ST景谷,2021Q3,02,林业,是,中国证监会,《上市公司行业分类指引》（2012年修订）,2021Q3.pdf,候选待年报复核,0,,,,,,,,已由当期行业分类证券简称标记：是,入口候选，非最终样本；仍须复核主营业务、涉农收入占比、ST/退市状态及核心变量缺失,是,是,https://static.cninfo.com.cn/finalpage/2013-05-02/62447733.PDF,,样本期左截断_终点待闭合,已由法定公告核实本年存在ST风险警示,,
600285,2021,河南羚锐制药股份有限公司,羚锐制药,上海证券交易所,20001018,交易所当前法人主表已覆盖,龙头企业身份核实候选,,,,,0,,,,,,,,,,1,河南羚锐制药股份有限公司,2020,monitor_pass,https://www.moa.gov.cn/nybgb/2020/202012/202102/P020210201587636946140.pdf,https://query.sse.com.cn/commonQuery.do?sqlId=COMMON_SSE_CP_GPJCTPZ_GPLB_GP_L,当前交易所法人全称与官方名单标准化后完全一致,身份关系已核实候选；ST、退市时点及资格缺口仍待处理,待从公司年度证券状态来源核实,入口候选，非最终样本；仍须复核主营业务、涉农收入占比、ST/退市状态及核心变量缺失,,,,,,年度ST区间待核实,,
600295,2021,内蒙古鄂尔多斯资源股份有限公司,鄂尔多斯,上海证券交易所,20010426,交易所当前法人主表已覆盖,龙头企业身份核实候选,,,,,0,,,,,,,,,,1,内蒙古鄂尔多斯资源股份有限公司,2020,monitor_pass,https://www.moa.gov.cn/nybgb/2020/202012/202102/P020210201587636946140.pdf,https://query.sse.com.cn/commonQuery.do?sqlId=COMMON_SSE_CP_GPJCTPZ_GPLB_GP_L,当前交易所法人全称与官方名单标准化后完全一致,身份关系已核实候选；ST、退市时点及资格缺口仍待处理,待从公司年度证券状态来源核实,入口候选，非最终样本；仍须复核主营业务、涉农收入占比、ST/退市状态及核心变量缺失,,,,,,年度ST区间待核实,,
600300,2021,维维食品饮料股份有限公司,维维股份,上海证券交易所,20000630,交易所当前法人主表已覆盖,龙头企业身份核实候选,,,,,0,,,,,,,,,,1,维维食品饮料股份有限公司,2020,monitor_pass,https://www.moa.gov.cn/nybgb/2020/202012/202102/P020210201587636946140.pdf,https://query.sse.com.cn/commonQuery.do?sqlId=COMMON_SSE_CP_GPJCTPZ_GPLB_GP_L,当前交易所法人全称与官方名单标准化后完全一致,身份关系已核实候选；ST、退市时点及资格缺口仍待处理,待从公司年度证券状态来源核实,入口候选，非最终样本；仍须复核主营业务、涉农收入占比、ST/退市状态及核心变量缺失,是,是,https://static.cninfo.com.cn/finalpage/2021-04-26/1209800026.PDF,https://static.cninfo.com.cn/finalpage/2022-04-11/1212869835.PDF,区间已闭合,已由法定公告核实本年存在ST风险警示,,
600305,2021,江苏恒顺醋业股份有限公司,恒顺醋业,上海证券交易所,20010206,交易所当前法人主表已覆盖,龙头企业身份核实候选,,,,,0,,,,,,,,,,1,江苏恒顺醋业股份有限公司,2020,monitor_pass,https://www.moa.gov.cn/nybgb/2020/202012/202102/P020210201587636946140.pdf,https://query.sse.com.cn/commonQuery.do?sqlId=COMMON_SSE_CP_GPJCTPZ_GPLB_GP_L,当前交易所法人全称与官方名单标准化后完全一致,身份关系已核实候选；ST、退市时点及资格缺口仍待处理,待从公司年度证券状态来源核实,入口候选，非最终样本；仍须复核主营业务、涉农收入占比、ST/退市状态及核心变量缺失,,,,,,年度ST区间待核实,,
600313,2021,中农发种业集团股份有限公司,农发种业,上海证券交易所,20010119,交易所当前法人主表已覆盖,行业分类候选,,,,,1,农发种业,2021Q3,01,农业,否,中国证监会,《上市公司行业分类指引》（2012年修订）,2021Q3.pdf,候选待年报复核,0,,,,,,,,已由当期行业分类证券简称标记：否,入口候选，非最终样本；仍须复核主营业务、涉农收入占比、ST/退市状态及核心变量缺失,,,,,,年度ST区间待核实,,
600351,2021,亚宝药业集团股份有限公司,亚宝药业,上海证券交易所,20020926,交易所当前法人主表已覆盖,龙头企业身份核实候选,,,,,0,,,,,,,,,,1,亚宝药业集团股份有限公司,2019,recognition,https://www.moa.gov.cn/nybgb/2019/201912/202004/P020200410023357640054.pdf,https://query.sse.com.cn/commonQuery.do?sqlId=COMMON_SSE_CP_GPJCTPZ_GPLB_GP_L,当前交易所法人全称与官方名单标准化后完全一致,身份关系已核实候选；ST、退市时点及资格缺口仍待处理,待从公司年度证券状态来源核实,入口候选，非最终样本；仍须复核主营业务、涉农收入占比、ST/退市状态及核心变量缺失,,,,,,年度ST区间待核实,,
600354,2021,甘肃省敦煌种业集团股份有限公司,敦煌种业,上海证券交易所,20040115,交易所当前法人主表已覆盖,行业分类候选+龙头企业身份核实候选,,,,,1,敦煌种业,2021Q3,01,农业,否,中国证监会,《上市公司行业分类指引》（2012年修订）,2021Q3.pdf,候选待年报复核,1,甘肃省敦煌种业集团股份有限公司,2020,monitor_pass,https://www.moa.gov.cn/nybgb/2020/202012/202102/P020210201587636946140.pdf,https://query.sse.com.cn/commonQuery.do?sqlId=COMMON_SSE_CP_GPJCTPZ_GPLB_GP_L,当前交易所法人全称与官方名单标准化后完全一致,身份关系已核实候选；ST、退市时点及资格缺口仍待处理,已由当期行业分类证券简称标记：否,入口候选，非最终样本；仍须复核主营业务、涉农收入占比、ST/退市状态及核心变量缺失,是,否,https://static.cninfo.com.cn/finalpage/2020-03-20/1207387347.PDF,https://static.cninfo.com.cn/finalpage/2021-05-18/1209995935.PDF,区间已闭合,已由法定公告核实本年存在ST风险警示,,
600359,2021,新疆塔里木农业综合开发股份有限公司,新农开发,上海证券交易所,19990429,交易所当前法人主表已覆盖,行业分类候选,,,,,1,新农开发,2021Q3,01,农业,否,中国证监会,《上市公司行业分类指引》（2012年修订）,2021Q3.pdf,候选待年报复核,0,,,,,,,,已由当期行业分类证券简称标记：否,入口候选，非最终样本；仍须复核主营业务、涉农收入占比、ST/退市状态及核心变量缺失,,,,,,年度ST区间待核实,,
600371,2021,万向德农股份有限公司,万向德农,上海证券交易所,20020916,交易所当前法人主表已覆盖,行业分类候选,,,,,1,万向德农,2021Q3,01,农业,否,中国证监会,《上市公司行业分类指引》（2012年修订）,2021Q3.pdf,候选待年报复核,0,,,,,,,,已由当期行业分类证券简称标记：否,入口候选，非最终样本；仍须复核主营业务、涉农收入占比、ST/退市状态及核心变量缺失,,,,,,年度ST区间待核实,,
600419,2021,新疆天润乳业股份有限公司,天润乳业,上海证券交易所,20010628,交易所当前法人主表已覆盖,龙头企业身份核实候选,,,,,0,,,,,,,,,,1,新疆天润乳业股份有限公司,2020,monitor_pass,https://www.moa.gov.cn/nybgb/2020/202012/202102/P020210201587636946140.pdf,https://query.sse.com.cn/commonQuery.do?sqlId=COMMON_SSE_CP_GPJCTPZ_GPLB_GP_L,当前交易所法人全称与官方名单标准化后完全一致,身份关系已核实候选；ST、退市时点及资格缺口仍待处理,待从公司年度证券状态来源核实,入口候选，非最终样本；仍须复核主营业务、涉农收入占比、ST/退市状态及核心变量缺失,,,,,,年度ST区间待核实,,
600429,2021,北京三元食品股份有限公司,三元股份,上海证券交易所,20030915,交易所当前法人主表已覆盖,龙头企业身份核实候选,,,,,0,,,,,,,,,,1,北京三元食品股份有限公司,2020,monitor_pass,https://www.moa.gov.cn/nybgb/2020/202012/202102/P020210201587636946140.pdf,https://query.sse.com.cn/commonQuery.do?sqlId=COMMON_SSE_CP_GPJCTPZ_GPLB_GP_L,当前交易所法人全称与官方名单标准化后完全一致,身份关系已核实候选；ST、退市时点及资格缺口仍待处理,待从公司年度证券状态来源核实,入口候选，非最终样本；仍须复核主营业务、涉农收入占比、ST/退市状态及核心变量缺失,,,,,,年度ST区间待核实,,
600438,2021,通威股份有限公司,通威股份,上海证券交易所,20040302,交易所当前法人主表已覆盖,龙头企业身份核实候选,,,,,0,,,,,,,,,,1,通威股份有限公司,2020,monitor_pass,https://www.moa.gov.cn/nybgb/2020/202012/202102/P020210201587636946140.pdf,https://query.sse.com.cn/commonQuery.do?sqlId=COMMON_SSE_CP_GPJCTPZ_GPLB_GP_L,当前交易所法人全称与官方名单标准化后完全一致,身份关系已核实候选；ST、退市时点及资格缺口仍待处理,待从公司年度证券状态来源核实,入口候选，非最终样本；仍须复核主营业务、涉农收入占比、ST/退市状态及核心变量缺失,,,,,,年度ST区间待核实,,
600467,2021,山东好当家海洋发展股份有限公司,好当家,上海证券交易所,20040405,交易所当前法人主表已覆盖,行业分类候选+龙头企业身份核实候选,,,,,1,好当家,2021Q3,04,渔业,否,中国证监会,《上市公司行业分类指引》（2012年修订）,2021Q3.pdf,候选待年报复核,1,山东好当家海洋发展股份有限公司,2020,monitor_pass,https://www.moa.gov.cn/nybgb/2020/202012/202102/P020210201587636946140.pdf,https://query.sse.com.cn/commonQuery.do?sqlId=COMMON_SSE_CP_GPJCTPZ_GPLB_GP_L,当前交易所法人全称与官方名单标准化后完全一致,身份关系已核实候选；ST、退市时点及资格缺口仍待处理,已由当期行业分类证券简称标记：否,入口候选，非最终样本；仍须复核主营业务、涉农收入占比、ST/退市状态及核心变量缺失,,,,,,年度ST区间待核实,,
600479,2021,株洲千金药业股份有限公司,千金药业,上海证券交易所,20040312,交易所当前法人主表已覆盖,龙头企业身份核实候选,,,,,0,,,,,,,,,,1,株洲千金药业股份有限公司,2020,monitor_pass,https://www.moa.gov.cn/nybgb/2020/202012/202102/P020210201587636946140.pdf,https://query.sse.com.cn/commonQuery.do?sqlId=COMMON_SSE_CP_GPJCTPZ_GPLB_GP_L,当前交易所法人全称与官方名单标准化后完全一致,身份关系已核实候选；ST、退市时点及资格缺口仍待处理,待从公司年度证券状态来源核实,入口候选，非最终样本；仍须复核主营业务、涉农收入占比、ST/退市状态及核心变量缺失,,,,,,年度ST区间待核实,,
600506,2021,统一低碳科技(新疆)股份有限公司,统一股份,上海证券交易所,20011226,交易所当前法人主表已覆盖,行业分类候选,,,,,1,*ST香梨,2021Q3,01,农业,是,中国证监会,《上市公司行业分类指引》（2012年修订）,2021Q3.pdf,候选待年报复核,0,,,,,,,,已由当期行业分类证券简称标记：是,入口候选，非最终样本；仍须复核主营业务、涉农收入占比、ST/退市状态及核心变量缺失,是,是,https://static.cninfo.com.cn/finalpage/2021-04-27/1209808179.PDF,https://static.cninfo.com.cn/finalpage/2022-05-09/1213291869.PDF,区间已闭合,已由法定公告核实本年存在ST风险警示,,
600540,2021,新疆赛里木现代农业股份有限公司,新赛股份,上海证券交易所,20040107,交易所当前法人主表已覆盖,行业分类候选,,,,,1,新赛股份,2021Q3,01,农业,否,中国证监会,《上市公司行业分类指引》（2012年修订）,2021Q3.pdf,候选待年报复核,0,,,,,,,,已由当期行业分类证券简称标记：否,入口候选，非最终样本；仍须复核主营业务、涉农收入占比、ST/退市状态及核心变量缺失,,,,,,年度ST区间待核实,,
600543,2021,甘肃莫高实业发展股份有限公司,*ST莫高,上海证券交易所,20040324,交易所当前法人主表已覆盖,龙头企业身份核实候选,,,,,0,,,,,,,,,,1,甘肃莫高实业发展股份有限公司,2020,monitor_pass,https://www.moa.gov.cn/nybgb/2020/202012/202102/P020210201587636946140.pdf,https://query.sse.com.cn/commonQuery.do?sqlId=COMMON_SSE_CP_GPJCTPZ_GPLB_GP_L,当前交易所法人全称与官方名单标准化后完全一致,身份关系已核实候选；ST、退市时点及资格缺口仍待处理,待从公司年度证券状态来源核实,入口候选，非最终样本；仍须复核主营业务、涉农收入占比、ST/退市状态及核心变量缺失,,,,,,年度ST区间待核实,,
600597,2021,光明乳业股份有限公司,光明乳业,上海证券交易所,20020828,交易所当前法人主表已覆盖,龙头企业身份核实候选,,,,,0,,,,,,,,,,1,光明乳业股份有限公司,2020,monitor_pass,https://www.moa.gov.cn/nybgb/2020/202012/202102/P020210201587636946140.pdf,https://query.sse.com.cn/commonQuery.do?sqlId=COMMON_SSE_CP_GPJCTPZ_GPLB_GP_L,当前交易所法人全称与官方名单标准化后完全一致,身份关系已核实候选；ST、退市时点及资格缺口仍待处理,待从公司年度证券状态来源核实,入口候选，非最终样本；仍须复核主营业务、涉农收入占比、ST/退市状态及核心变量缺失,,,,,,年度ST区间待核实,,
600598,2021,黑龙江北大荒农业股份有限公司,北大荒,上海证券交易所,20020329,交易所当前法人主表已覆盖,行业分类候选,,,,,1,北大荒,2021Q3,01,农业,否,中国证监会,《上市公司行业分类指引》（2012年修订）,2021Q3.pdf,候选待年报复核,0,,,,,,,,已由当期行业分类证券简称标记：否,入口候选，非最终样本；仍须复核主营业务、涉农收入占比、ST/退市状态及核心变量缺失,,,,,,年度ST区间待核实,,
600873,2021,梅花生物科技集团股份有限公司,梅花生物,上海证券交易所,19950217,交易所当前法人主表已覆盖,龙头企业身份核实候选,,,,,0,,,,,,,,,,1,梅花生物科技集团股份有限公司,2020,monitor_pass,https://www.moa.gov.cn/nybgb/2020/202012/202102/P020210201587636946140.pdf,https://query.sse.com.cn/commonQuery.do?sqlId=COMMON_SSE_CP_GPJCTPZ_GPLB_GP_L,当前交易所法人全称与官方名单标准化后完全一致,身份关系已核实候选；ST、退市时点及资格缺口仍待处理,待从公司年度证券状态来源核实,入口候选，非最终样本；仍须复核主营业务、涉农收入占比、ST/退市状态及核心变量缺失,,,,,,年度ST区间待核实,,
600882,2021,上海妙可蓝多食品科技股份有限公司,妙可蓝多,上海证券交易所,19951206,交易所当前法人主表已覆盖,龙头企业身份核实候选,,,,,0,,,,,,,,,,1,上海妙可蓝多食品科技股份有限公司,2020,replacement,https://www.moa.gov.cn/nybgb/2020/202012/202102/P020210201587636946140.pdf,https://query.sse.com.cn/commonQuery.do?sqlId=COMMON_SSE_CP_GPJCTPZ_GPLB_GP_L,当前交易所法人全称与官方名单标准化后完全一致,身份关系已核实候选；ST、退市时点及资格缺口仍待处理,待从公司年度证券状态来源核实,入口候选，非最终样本；仍须复核主营业务、涉农收入占比、ST/退市状态及核心变量缺失,,,,,,年度ST区间待核实,,
600887,2021,内蒙古伊利实业集团股份有限公司,伊利股份,上海证券交易所,19960312,交易所当前法人主表已覆盖,龙头企业身份核实候选,,,,,0,,,,,,,,,,1,内蒙古伊利实业集团股份有限公司,2020,monitor_pass,https://www.moa.gov.cn/nybgb/2020/202012/202102/P020210201587636946140.pdf,https://query.sse.com.cn/commonQuery.do?sqlId=COMMON_SSE_CP_GPJCTPZ_GPLB_GP_L,当前交易所法人全称与官方名单标准化后完全一致,身份关系已核实候选；ST、退市时点及资格缺口仍待处理,待从公司年度证券状态来源核实,入口候选，非最终样本；仍须复核主营业务、涉农收入占比、ST/退市状态及核心变量缺失,,,,,,年度ST区间待核实,,
600962,2021,国投中鲁果汁股份有限公司,国投中鲁,上海证券交易所,20040622,交易所当前法人主表已覆盖,龙头企业身份核实候选,,,,,0,,,,,,,,,,1,国投中鲁果汁股份有限公司,2020,monitor_pass,https://www.moa.gov.cn/nybgb/2020/202012/202102/P020210201587636946140.pdf,https://query.sse.com.cn/commonQuery.do?sqlId=COMMON_SSE_CP_GPJCTPZ_GPLB_GP_L,当前交易所法人全称与官方名单标准化后完全一致,身份关系已核实候选；ST、退市时点及资格缺口仍待处理,待从公司年度证券状态来源核实,入口候选，非最终样本；仍须复核主营业务、涉农收入占比、ST/退市状态及核心变量缺失,,,,,,年度ST区间待核实,,
600965,2021,河北福成五丰食品股份有限公司,*ST福成,上海证券交易所,20040713,交易所当前法人主表已覆盖,龙头企业身份核实候选,,,,,0,,,,,,,,,,1,河北福成五丰食品股份有限公司,2020,monitor_pass,https://www.moa.gov.cn/nybgb/2020/202012/202102/P020210201587636946140.pdf,https://query.sse.com.cn/commonQuery.do?sqlId=COMMON_SSE_CP_GPJCTPZ_GPLB_GP_L,当前交易所法人全称与官方名单标准化后完全一致,身份关系已核实候选；ST、退市时点及资格缺口仍待处理,待从公司年度证券状态来源核实,入口候选，非最终样本；仍须复核主营业务、涉农收入占比、ST/退市状态及核心变量缺失,,,,,,年度ST区间待核实,,
600975,2021,湖南新五丰股份有限公司,新五丰,上海证券交易所,20040609,交易所当前法人主表已覆盖,行业分类候选+龙头企业身份核实候选,,,,,1,新五丰,2021Q3,03,畜牧业,否,中国证监会,《上市公司行业分类指引》（2012年修订）,2021Q3.pdf,候选待年报复核,1,湖南新五丰股份有限公司,2020,monitor_pass,https://www.moa.gov.cn/nybgb/2020/202012/202102/P020210201587636946140.pdf,https://query.sse.com.cn/commonQuery.do?sqlId=COMMON_SSE_CP_GPJCTPZ_GPLB_GP_L,当前交易所法人全称与官方名单标准化后完全一致,身份关系已核实候选；ST、退市时点及资格缺口仍待处理,已由当期行业分类证券简称标记：否,入口候选，非最终样本；仍须复核主营业务、涉农收入占比、ST/退市状态及核心变量缺失,,,,,,年度ST区间待核实,,
601118,2021,海南天然橡胶产业集团股份有限公司,海南橡胶,上海证券交易所,20110107,交易所当前法人主表已覆盖,行业分类候选+龙头企业身份核实候选,,,,,1,海南橡胶,2021Q3,01,农业,否,中国证监会,《上市公司行业分类指引》（2012年修订）,2021Q3.pdf,候选待年报复核,1,海南天然橡胶产业集团股份有限公司,2020,monitor_pass,https://www.moa.gov.cn/nybgb/2020/202012/202102/P020210201587636946140.pdf,https://query.sse.com.cn/commonQuery.do?sqlId=COMMON_SSE_CP_GPJCTPZ_GPLB_GP_L,当前交易所法人全称与官方名单标准化后完全一致,身份关系已核实候选；ST、退市时点及资格缺口仍待处理,已由当期行业分类证券简称标记：否,入口候选，非最终样本；仍须复核主营业务、涉农收入占比、ST/退市状态及核心变量缺失,,,,,,年度ST区间待核实,,
601933,2021,永辉超市股份有限公司,永辉超市,上海证券交易所,20101215,交易所当前法人主表已覆盖,龙头企业身份核实候选,,,,,0,,,,,,,,,,1,永辉超市股份有限公司,2020,monitor_pass,https://www.moa.gov.cn/nybgb/2020/202012/202102/P020210201587636946140.pdf,https://query.sse.com.cn/commonQuery.do?sqlId=COMMON_SSE_CP_GPJCTPZ_GPLB_GP_L,当前交易所法人全称与官方名单标准化后完全一致,身份关系已核实候选；ST、退市时点及资格缺口仍待处理,待从公司年度证券状态来源核实,入口候选，非最终样本；仍须复核主营业务、涉农收入占比、ST/退市状态及核心变量缺失,,,,,,年度ST区间待核实,,
601996,2021,广西丰林木业集团股份有限公司,丰林集团,上海证券交易所,20110929,交易所当前法人主表已覆盖,龙头企业身份核实候选,,,,,0,,,,,,,,,,1,广西丰林木业集团股份有限公司,2020,monitor_pass,https://www.moa.gov.cn/nybgb/2020/202012/202102/P020210201587636946140.pdf,https://query.sse.com.cn/commonQuery.do?sqlId=COMMON_SSE_CP_GPJCTPZ_GPLB_GP_L,当前交易所法人全称与官方名单标准化后完全一致,身份关系已核实候选；ST、退市时点及资格缺口仍待处理,待从公司年度证券状态来源核实,入口候选，非最终样本；仍须复核主营业务、涉农收入占比、ST/退市状态及核心变量缺失,,,,,,年度ST区间待核实,,
603156,2021,河北养元智汇饮品股份有限公司,养元饮品,上海证券交易所,20180212,交易所当前法人主表已覆盖,龙头企业身份核实候选,,,,,0,,,,,,,,,,1,河北养元智汇饮品股份有限公司,2020,monitor_pass,https://www.moa.gov.cn/nybgb/2020/202012/202102/P020210201587636946140.pdf,https://query.sse.com.cn/commonQuery.do?sqlId=COMMON_SSE_CP_GPJCTPZ_GPLB_GP_L,当前交易所法人全称与官方名单标准化后完全一致,身份关系已核实候选；ST、退市时点及资格缺口仍待处理,待从公司年度证券状态来源核实,入口候选，非最终样本；仍须复核主营业务、涉农收入占比、ST/退市状态及核心变量缺失,,,,,,年度ST区间待核实,,
603288,2021,佛山市海天调味食品股份有限公司,海天味业,上海证券交易所,20140211,交易所当前法人主表已覆盖,龙头企业身份核实候选,,,,,0,,,,,,,,,,1,佛山市海天调味食品股份有限公司,2021,recognition,https://xccys.moa.gov.cn/gzdt/202201/t20220113_6386872.htm,https://query.sse.com.cn/commonQuery.do?sqlId=COMMON_SSE_CP_GPJCTPZ_GPLB_GP_L,当前交易所法人全称与官方名单标准化后完全一致,身份关系已核实候选；ST、退市时点及资格缺口仍待处理,待从公司年度证券状态来源核实,入口候选，非最终样本；仍须复核主营业务、涉农收入占比、ST/退市状态及核心变量缺失,,,,,,年度ST区间待核实,,
603317,2021,四川天味食品集团股份有限公司,天味食品,上海证券交易所,20190416,交易所当前法人主表已覆盖,龙头企业身份核实候选,,,,,0,,,,,,,,,,1,四川天味食品集团股份有限公司,2020,monitor_pass,https://www.moa.gov.cn/nybgb/2020/202012/202102/P020210201587636946140.pdf,https://query.sse.com.cn/commonQuery.do?sqlId=COMMON_SSE_CP_GPJCTPZ_GPLB_GP_L,当前交易所法人全称与官方名单标准化后完全一致,身份关系已核实候选；ST、退市时点及资格缺口仍待处理,待从公司年度证券状态来源核实,入口候选，非最终样本；仍须复核主营业务、涉农收入占比、ST/退市状态及核心变量缺失,,,,,,年度ST区间待核实,,
603336,2021,宏辉果蔬股份有限公司,宏辉果蔬,上海证券交易所,20161124,交易所当前法人主表已覆盖,龙头企业身份核实候选,,,,,0,,,,,,,,,,1,宏辉果蔬股份有限公司,2020,replacement,https://www.moa.gov.cn/nybgb/2020/202012/202102/P020210201587636946140.pdf,https://query.sse.com.cn/commonQuery.do?sqlId=COMMON_SSE_CP_GPJCTPZ_GPLB_GP_L,当前交易所法人全称与官方名单标准化后完全一致,身份关系已核实候选；ST、退市时点及资格缺口仍待处理,待从公司年度证券状态来源核实,入口候选，非最终样本；仍须复核主营业务、涉农收入占比、ST/退市状态及核心变量缺失,,,,,,年度ST区间待核实,,
603345,2021,安井食品集团股份有限公司,安井食品,上海证券交易所,20170222,交易所当前法人主表已覆盖,龙头企业身份核实候选,,,,,0,,,,,,,,,,1,福建安井食品股份有限公司,2020,monitor_pass,https://www.moa.gov.cn/nybgb/2020/202012/202102/P020210201587636946140.pdf,https://static.cninfo.com.cn/finalpage/2022-03-09/1212526427.PDF,发行情况报告将当前公司明确释义为曾用旧全称的同一发行人,身份关系已核实候选；ST、退市时点及资格缺口仍待处理,待从公司年度证券状态来源核实,入口候选，非最终样本；仍须复核主营业务、涉农收入占比、ST/退市状态及核心变量缺失,,,,,,年度ST区间待核实,,
603363,2021,福建傲农生物科技集团股份有限公司,傲农生物,上海证券交易所,20170926,交易所当前法人主表已覆盖,龙头企业身份核实候选,,,,,0,,,,,,,,,,1,福建傲农生物科技集团股份有限公司,2021,recognition,https://xccys.moa.gov.cn/gzdt/202201/t20220113_6386872.htm,https://query.sse.com.cn/commonQuery.do?sqlId=COMMON_SSE_CP_GPJCTPZ_GPLB_GP_L,当前交易所法人全称与官方名单标准化后完全一致,身份关系已核实候选；ST、退市时点及资格缺口仍待处理,待从公司年度证券状态来源核实,入口候选，非最终样本；仍须复核主营业务、涉农收入占比、ST/退市状态及核心变量缺失,,,,,,年度ST区间待核实,,
603477,2021,乐山巨星农牧股份有限公司,巨星农牧,上海证券交易所,20171218,交易所当前法人主表已覆盖,行业分类候选,,,,,1,巨星农牧,2021Q3,03,畜牧业,否,中国证监会,《上市公司行业分类指引》（2012年修订）,2021Q3.pdf,候选待年报复核,0,,,,,,,,已由当期行业分类证券简称标记：否,入口候选，非最终样本；仍须复核主营业务、涉农收入占比、ST/退市状态及核心变量缺失,,,,,,年度ST区间待核实,,
603517,2021,绝味食品股份有限公司,ST绝味,上海证券交易所,20170317,交易所当前法人主表已覆盖,龙头企业身份核实候选,,,,,0,,,,,,,,,,1,绝味食品股份有限公司,2020,monitor_pass,https://www.moa.gov.cn/nybgb/2020/202012/202102/P020210201587636946140.pdf,https://query.sse.com.cn/commonQuery.do?sqlId=COMMON_SSE_CP_GPJCTPZ_GPLB_GP_L,当前交易所法人全称与官方名单标准化后完全一致,身份关系已核实候选；ST、退市时点及资格缺口仍待处理,待从公司年度证券状态来源核实,入口候选，非最终样本；仍须复核主营业务、涉农收入占比、ST/退市状态及核心变量缺失,,,,,,年度ST区间待核实,,
603668,2021,福建天马科技集团股份有限公司,天马科技,上海证券交易所,20170117,交易所当前法人主表已覆盖,龙头企业身份核实候选,,,,,0,,,,,,,,,,1,福建天马科技集团股份有限公司,2020,monitor_pass,https://www.moa.gov.cn/nybgb/2020/202012/202102/P020210201587636946140.pdf,https://query.sse.com.cn/commonQuery.do?sqlId=COMMON_SSE_CP_GPJCTPZ_GPLB_GP_L,当前交易所法人全称与官方名单标准化后完全一致,身份关系已核实候选；ST、退市时点及资格缺口仍待处理,待从公司年度证券状态来源核实,入口候选，非最终样本；仍须复核主营业务、涉农收入占比、ST/退市状态及核心变量缺失,,,,,,年度ST区间待核实,,
603708,2021,家家悦集团股份有限公司,家家悦,上海证券交易所,20161213,交易所当前法人主表已覆盖,龙头企业身份核实候选,,,,,0,,,,,,,,,,1,家家悦集团股份有限公司,2020,monitor_pass,https://www.moa.gov.cn/nybgb/2020/202012/202102/P020210201587636946140.pdf,https://query.sse.com.cn/commonQuery.do?sqlId=COMMON_SSE_CP_GPJCTPZ_GPLB_GP_L,当前交易所法人全称与官方名单标准化后完全一致,身份关系已核实候选；ST、退市时点及资格缺口仍待处理,待从公司年度证券状态来源核实,入口候选，非最终样本；仍须复核主营业务、涉农收入占比、ST/退市状态及核心变量缺失,,,,,,年度ST区间待核实,,
603896,2021,浙江寿仙谷医药股份有限公司,寿仙谷,上海证券交易所,20170510,交易所当前法人主表已覆盖,龙头企业身份核实候选,,,,,0,,,,,,,,,,1,浙江寿仙谷医药股份有限公司,2021,recognition,https://xccys.moa.gov.cn/gzdt/202201/t20220113_6386872.htm,https://query.sse.com.cn/commonQuery.do?sqlId=COMMON_SSE_CP_GPJCTPZ_GPLB_GP_L,当前交易所法人全称与官方名单标准化后完全一致,身份关系已核实候选；ST、退市时点及资格缺口仍待处理,待从公司年度证券状态来源核实,入口候选，非最终样本；仍须复核主营业务、涉农收入占比、ST/退市状态及核心变量缺失,,,,,,年度ST区间待核实,,
605016,2021,山东百龙创园生物科技股份有限公司,百龙创园,上海证券交易所,20210421,交易所当前法人主表已覆盖,龙头企业身份核实候选,,,,,0,,,,,,,,,,1,山东百龙创园生物科技股份有限公司,2021,recognition,https://xccys.moa.gov.cn/gzdt/202201/t20220113_6386872.htm,https://query.sse.com.cn/commonQuery.do?sqlId=COMMON_SSE_CP_GPJCTPZ_GPLB_GP_L,当前交易所法人全称与官方名单标准化后完全一致,身份关系已核实候选；ST、退市时点及资格缺口仍待处理,待从公司年度证券状态来源核实,入口候选，非最终样本；仍须复核主营业务、涉农收入占比、ST/退市状态及核心变量缺失,,,,,,年度ST区间待核实,,
605179,2021,浙江一鸣食品股份有限公司,一鸣食品,上海证券交易所,20201228,交易所当前法人主表已覆盖,龙头企业身份核实候选,,,,,0,,,,,,,,,,1,浙江一鸣食品股份有限公司,2020,monitor_pass,https://www.moa.gov.cn/nybgb/2020/202012/202102/P020210201587636946140.pdf,https://query.sse.com.cn/commonQuery.do?sqlId=COMMON_SSE_CP_GPJCTPZ_GPLB_GP_L,当前交易所法人全称与官方名单标准化后完全一致,身份关系已核实候选；ST、退市时点及资格缺口仍待处理,待从公司年度证券状态来源核实,入口候选，非最终样本；仍须复核主营业务、涉农收入占比、ST/退市状态及核心变量缺失,,,,,,年度ST区间待核实,,
605198,2021,烟台北方安德利果汁股份有限公司,安德利,上海证券交易所,20200918,交易所当前法人主表已覆盖,龙头企业身份核实候选,,,,,0,,,,,,,,,,1,烟台北方安德利果汁股份有限公司,2020,monitor_pass,https://www.moa.gov.cn/nybgb/2020/202012/202102/P020210201587636946140.pdf,https://query.sse.com.cn/commonQuery.do?sqlId=COMMON_SSE_CP_GPJCTPZ_GPLB_GP_L,当前交易所法人全称与官方名单标准化后完全一致,身份关系已核实候选；ST、退市时点及资格缺口仍待处理,待从公司年度证券状态来源核实,入口候选，非最终样本；仍须复核主营业务、涉农收入占比、ST/退市状态及核心变量缺失,,,,,,年度ST区间待核实,,
605296,2021,云南神农农业产业集团股份有限公司,神农集团,上海证券交易所,20210528,交易所当前法人主表已覆盖,行业分类候选+龙头企业身份核实候选,,,,,1,神农集团,2021Q3,03,畜牧业,否,中国证监会,《上市公司行业分类指引》（2012年修订）,2021Q3.pdf,候选待年报复核,1,云南神农农业产业集团股份有限公司,2020,monitor_pass,https://www.moa.gov.cn/nybgb/2020/202012/202102/P020210201587636946140.pdf,https://query.sse.com.cn/commonQuery.do?sqlId=COMMON_SSE_CP_GPJCTPZ_GPLB_GP_L,当前交易所法人全称与官方名单标准化后完全一致,身份关系已核实候选；ST、退市时点及资格缺口仍待处理,已由当期行业分类证券简称标记：否,入口候选，非最终样本；仍须复核主营业务、涉农收入占比、ST/退市状态及核心变量缺失,,,,,,年度ST区间待核实,,
605337,2021,浙江李子园食品股份有限公司,李子园,上海证券交易所,20210208,交易所当前法人主表已覆盖,龙头企业身份核实候选,,,,,0,,,,,,,,,,1,浙江李子园食品股份有限公司,2020,monitor_pass,https://www.moa.gov.cn/nybgb/2020/202012/202102/P020210201587636946140.pdf,https://query.sse.com.cn/commonQuery.do?sqlId=COMMON_SSE_CP_GPJCTPZ_GPLB_GP_L,当前交易所法人全称与官方名单标准化后完全一致,身份关系已核实候选；ST、退市时点及资格缺口仍待处理,待从公司年度证券状态来源核实,入口候选，非最终样本；仍须复核主营业务、涉农收入占比、ST/退市状态及核心变量缺失,,,,,,年度ST区间待核实,,
605338,2021,中饮巴比食品股份有限公司,巴比食品,上海证券交易所,20201012,交易所当前法人主表已覆盖,龙头企业身份核实候选,,,,,0,,,,,,,,,,1,中饮巴比食品股份有限公司,2020,monitor_pass,https://www.moa.gov.cn/nybgb/2020/202012/202102/P020210201587636946140.pdf,https://query.sse.com.cn/commonQuery.do?sqlId=COMMON_SSE_CP_GPJCTPZ_GPLB_GP_L,当前交易所法人全称与官方名单标准化后完全一致,身份关系已核实候选；ST、退市时点及资格缺口仍待处理,待从公司年度证券状态来源核实,入口候选，非最终样本；仍须复核主营业务、涉农收入占比、ST/退市状态及核心变量缺失,,,,,,年度ST区间待核实,,
605589,2021,济南圣泉集团股份有限公司,圣泉集团,上海证券交易所,20210810,交易所当前法人主表已覆盖,龙头企业身份核实候选,,,,,0,,,,,,,,,,1,济南圣泉集团股份有限公司,2020,monitor_pass,https://www.moa.gov.cn/nybgb/2020/202012/202102/P020210201587636946140.pdf,https://query.sse.com.cn/commonQuery.do?sqlId=COMMON_SSE_CP_GPJCTPZ_GPLB_GP_L,当前交易所法人全称与官方名单标准化后完全一致,身份关系已核实候选；ST、退市时点及资格缺口仍待处理,待从公司年度证券状态来源核实,入口候选，非最终样本；仍须复核主营业务、涉农收入占比、ST/退市状态及核心变量缺失,,,,,,年度ST区间待核实,,
000423,2022,东阿阿胶股份有限公司,东阿阿胶,深圳证券交易所,1996-07-29,交易所当前法人主表已覆盖,龙头企业身份核实候选,,,,,0,,,,,,,,,,1,东阿阿胶股份有限公司,2019,recognition,https://www.moa.gov.cn/nybgb/2019/201912/202004/P020200410023357640054.pdf,https://www.szse.cn/api/report/index/companyGeneralization?secCode=000423,当前交易所法人全称与官方名单标准化后完全一致,身份关系已核实候选；ST、退市时点及资格缺口仍待处理,待从公司年度证券状态来源核实,入口候选，非最终样本；仍须复核主营业务、涉农收入占比、ST/退市状态及核心变量缺失,,,,,,年度ST区间待核实,,
000538,2022,云南白药集团股份有限公司,云南白药,深圳证券交易所,1993-12-15,交易所当前法人主表已覆盖,龙头企业身份核实候选,,,,,0,,,,,,,,,,1,云南白药集团股份有限公司,2020,monitor_pass,https://www.moa.gov.cn/nybgb/2020/202012/202102/P020210201587636946140.pdf,https://www.szse.cn/api/report/index/companyGeneralization?secCode=000538,当前交易所法人全称与官方名单标准化后完全一致,身份关系已核实候选；ST、退市时点及资格缺口仍待处理,待从公司年度证券状态来源核实,入口候选，非最终样本；仍须复核主营业务、涉农收入占比、ST/退市状态及核心变量缺失,,,,,,年度ST区间待核实,,
000568,2022,泸州老窖股份有限公司,泸州老窖,深圳证券交易所,1994-05-09,交易所当前法人主表已覆盖,龙头企业身份核实候选,,,,,0,,,,,,,,,,1,泸州老窖股份有限公司,2020,monitor_pass,https://www.moa.gov.cn/nybgb/2020/202012/202102/P020210201587636946140.pdf,https://www.szse.cn/api/report/index/companyGeneralization?secCode=000568,当前交易所法人全称与官方名单标准化后完全一致,身份关系已核实候选；ST、退市时点及资格缺口仍待处理,待从公司年度证券状态来源核实,入口候选，非最终样本；仍须复核主营业务、涉农收入占比、ST/退市状态及核心变量缺失,,,,,,年度ST区间待核实,,
000623,2022,吉林敖东药业集团股份有限公司,吉林敖东,深圳证券交易所,1996-10-28,交易所当前法人主表已覆盖,龙头企业身份核实候选,,,,,0,,,,,,,,,,1,吉林敖东药业集团股份有限公司,2020,monitor_pass,https://www.moa.gov.cn/nybgb/2020/202012/202102/P020210201587636946140.pdf,https://www.szse.cn/api/report/index/companyGeneralization?secCode=000623,当前交易所法人全称与官方名单标准化后完全一致,身份关系已核实候选；ST、退市时点及资格缺口仍待处理,待从公司年度证券状态来源核实,入口候选，非最终样本；仍须复核主营业务、涉农收入占比、ST/退市状态及核心变量缺失,,,,,,年度ST区间待核实,,
000713,2022,国投丰乐种业股份有限公司,国投丰乐,深圳证券交易所,1997-04-22,交易所当前法人主表已覆盖,龙头企业身份核实候选,,,,,0,,,,,,,,,,1,合肥丰乐种业股份有限公司,2020,monitor_pass,https://www.moa.gov.cn/nybgb/2020/202012/202102/P020210201587636946140.pdf,https://static.cninfo.com.cn/finalpage/2025-08-30/1224620910.PDF,半年度报告明确当前公司曾用名单名称且证券代码保持000713,身份关系已核实候选；ST、退市时点及资格缺口仍待处理,待从公司年度证券状态来源核实,入口候选，非最终样本；仍须复核主营业务、涉农收入占比、ST/退市状态及核心变量缺失,,,,,,年度ST区间待核实,,
000735,2022,罗牛山股份有限公司,罗 牛 山,深圳证券交易所,1997-06-11,交易所当前法人主表已覆盖,龙头企业身份核实候选,,,,,0,,,,,,,,,,1,罗牛山股份有限公司,2020,monitor_pass,https://www.moa.gov.cn/nybgb/2020/202012/202102/P020210201587636946140.pdf,https://www.szse.cn/api/report/index/companyGeneralization?secCode=000735,当前交易所法人全称与官方名单标准化后完全一致,身份关系已核实候选；ST、退市时点及资格缺口仍待处理,待从公司年度证券状态来源核实,入口候选，非最终样本；仍须复核主营业务、涉农收入占比、ST/退市状态及核心变量缺失,,,,,,年度ST区间待核实,,
000848,2022,承德露露股份公司,承德露露,深圳证券交易所,1997-11-13,交易所当前法人主表已覆盖,龙头企业身份核实候选,,,,,0,,,,,,,,,,1,河北承德露露股份有限公司,2020,monitor_pass,https://www.moa.gov.cn/nybgb/2020/202012/202102/P020210201587636946140.pdf,https://static.cninfo.com.cn/finalpage/2022-04-12/1212884374.PDF,上市公司公告列明由旧全称变更为当前全称；证券代码不变,身份关系已核实候选；ST、退市时点及资格缺口仍待处理,待从公司年度证券状态来源核实,入口候选，非最终样本；仍须复核主营业务、涉农收入占比、ST/退市状态及核心变量缺失,,,,,,年度ST区间待核实,,
000860,2022,北京顺鑫农业股份有限公司,顺鑫农业,深圳证券交易所,1998-11-04,交易所当前法人主表已覆盖,龙头企业身份核实候选,,,,,0,,,,,,,,,,1,北京顺鑫农业股份有限公司,2020,monitor_pass,https://www.moa.gov.cn/nybgb/2020/202012/202102/P020210201587636946140.pdf,https://www.szse.cn/api/report/index/companyGeneralization?secCode=000860,当前交易所法人全称与官方名单标准化后完全一致,身份关系已核实候选；ST、退市时点及资格缺口仍待处理,待从公司年度证券状态来源核实,入口候选，非最终样本；仍须复核主营业务、涉农收入占比、ST/退市状态及核心变量缺失,,,,,,年度ST区间待核实,,
000910,2022,大亚圣象家居股份有限公司,大亚圣象,深圳证券交易所,1999-06-30,交易所当前法人主表已覆盖,龙头企业身份核实候选,,,,,0,,,,,,,,,,1,大亚圣象家居股份有限公司,2020,monitor_pass,https://www.moa.gov.cn/nybgb/2020/202012/202102/P020210201587636946140.pdf,https://www.szse.cn/api/report/index/companyGeneralization?secCode=000910,当前交易所法人全称与官方名单标准化后完全一致,身份关系已核实候选；ST、退市时点及资格缺口仍待处理,待从公司年度证券状态来源核实,入口候选，非最终样本；仍须复核主营业务、涉农收入占比、ST/退市状态及核心变量缺失,,,,,,年度ST区间待核实,,
000998,2022,袁隆平农业高科技股份有限公司,隆平高科,深圳证券交易所,2000-12-11,交易所当前法人主表已覆盖,龙头企业身份核实候选,,,,,0,,,,,,,,,,1,袁隆平农业高科技股份有限公司,2020,monitor_pass,https://www.moa.gov.cn/nybgb/2020/202012/202102/P020210201587636946140.pdf,https://www.szse.cn/api/report/index/companyGeneralization?secCode=000998,当前交易所法人全称与官方名单标准化后完全一致,身份关系已核实候选；ST、退市时点及资格缺口仍待处理,待从公司年度证券状态来源核实,入口候选，非最终样本；仍须复核主营业务、涉农收入占比、ST/退市状态及核心变量缺失,,,,,,年度ST区间待核实,,
001201,2022,东瑞食品集团股份有限公司,东瑞股份,深圳证券交易所,2021-04-28,交易所当前法人主表已覆盖,龙头企业身份核实候选,,,,,0,,,,,,,,,,1,东瑞食品集团股份有限公司,2020,monitor_pass,https://www.moa.gov.cn/nybgb/2020/202012/202102/P020210201587636946140.pdf,https://www.szse.cn/api/report/index/companyGeneralization?secCode=001201,当前交易所法人全称与官方名单标准化后完全一致,身份关系已核实候选；ST、退市时点及资格缺口仍待处理,待从公司年度证券状态来源核实,入口候选，非最终样本；仍须复核主营业务、涉农收入占比、ST/退市状态及核心变量缺失,,,,,,年度ST区间待核实,,
002041,2022,山东登海种业股份有限公司,登海种业,深圳证券交易所,2005-04-18,交易所当前法人主表已覆盖,龙头企业身份核实候选,,,,,0,,,,,,,,,,1,山东登海种业股份有限公司,2019,recognition,https://www.moa.gov.cn/nybgb/2019/201912/202004/P020200410023357640054.pdf,https://www.szse.cn/api/report/index/companyGeneralization?secCode=002041,当前交易所法人全称与官方名单标准化后完全一致,身份关系已核实候选；ST、退市时点及资格缺口仍待处理,待从公司年度证券状态来源核实,入口候选，非最终样本；仍须复核主营业务、涉农收入占比、ST/退市状态及核心变量缺失,,,,,,年度ST区间待核实,,
002100,2022,天康生物股份有限公司,天康生物,深圳证券交易所,2006-12-26,交易所当前法人主表已覆盖,龙头企业身份核实候选,,,,,0,,,,,,,,,,1,天康生物股份有限公司,2020,monitor_pass,https://www.moa.gov.cn/nybgb/2020/202012/202102/P020210201587636946140.pdf,https://www.szse.cn/api/report/index/companyGeneralization?secCode=002100,当前交易所法人全称与官方名单标准化后完全一致,身份关系已核实候选；ST、退市时点及资格缺口仍待处理,待从公司年度证券状态来源核实,入口候选，非最终样本；仍须复核主营业务、涉农收入占比、ST/退市状态及核心变量缺失,,,,,,年度ST区间待核实,,
002124,2022,天邦食品股份有限公司,天邦食品,深圳证券交易所,2007-04-03,交易所当前法人主表已覆盖,龙头企业身份核实候选,,,,,0,,,,,,,,,,1,天邦食品股份有限公司,2020,monitor_pass,https://www.moa.gov.cn/nybgb/2020/202012/202102/P020210201587636946140.pdf,https://www.szse.cn/api/report/index/companyGeneralization?secCode=002124,当前交易所法人全称与官方名单标准化后完全一致,身份关系已核实候选；ST、退市时点及资格缺口仍待处理,待从公司年度证券状态来源核实,入口候选，非最终样本；仍须复核主营业务、涉农收入占比、ST/退市状态及核心变量缺失,,,,,,年度ST区间待核实,,
002166,2022,桂林莱茵生物科技股份有限公司,莱茵生物,深圳证券交易所,2007-09-13,交易所当前法人主表已覆盖,龙头企业身份核实候选,,,,,0,,,,,,,,,,1,桂林莱茵生物科技股份有限公司,2020,monitor_pass,https://www.moa.gov.cn/nybgb/2020/202012/202102/P020210201587636946140.pdf,https://www.szse.cn/api/report/index/companyGeneralization?secCode=002166,当前交易所法人全称与官方名单标准化后完全一致,身份关系已核实候选；ST、退市时点及资格缺口仍待处理,待从公司年度证券状态来源核实,入口候选，非最终样本；仍须复核主营业务、涉农收入占比、ST/退市状态及核心变量缺失,,,,,,年度ST区间待核实,,
002216,2022,三全食品股份有限公司,三全食品,深圳证券交易所,2008-02-20,交易所当前法人主表已覆盖,龙头企业身份核实候选,,,,,0,,,,,,,,,,1,三全食品股份有限公司,2020,monitor_pass,https://www.moa.gov.cn/nybgb/2020/202012/202102/P020210201587636946140.pdf,https://www.szse.cn/api/report/index/companyGeneralization?secCode=002216,当前交易所法人全称与官方名单标准化后完全一致,身份关系已核实候选；ST、退市时点及资格缺口仍待处理,待从公司年度证券状态来源核实,入口候选，非最终样本；仍须复核主营业务、涉农收入占比、ST/退市状态及核心变量缺失,,,,,,年度ST区间待核实,,
002234,2022,山东民和牧业股份有限公司,民和股份,深圳证券交易所,2008-05-16,交易所当前法人主表已覆盖,龙头企业身份核实候选,,,,,0,,,,,,,,,,1,山东民和牧业股份有限公司,2020,monitor_pass,https://www.moa.gov.cn/nybgb/2020/202012/202102/P020210201587636946140.pdf,https://www.szse.cn/api/report/index/companyGeneralization?secCode=002234,当前交易所法人全称与官方名单标准化后完全一致,身份关系已核实候选；ST、退市时点及资格缺口仍待处理,待从公司年度证券状态来源核实,入口候选，非最终样本；仍须复核主营业务、涉农收入占比、ST/退市状态及核心变量缺失,,,,,,年度ST区间待核实,,
002286,2022,保龄宝生物股份有限公司,保龄宝,深圳证券交易所,2009-08-28,交易所当前法人主表已覆盖,龙头企业身份核实候选,,,,,0,,,,,,,,,,1,保龄宝生物股份有限公司,2020,monitor_pass,https://www.moa.gov.cn/nybgb/2020/202012/202102/P020210201587636946140.pdf,https://www.szse.cn/api/report/index/companyGeneralization?secCode=002286,当前交易所法人全称与官方名单标准化后完全一致,身份关系已核实候选；ST、退市时点及资格缺口仍待处理,待从公司年度证券状态来源核实,入口候选，非最终样本；仍须复核主营业务、涉农收入占比、ST/退市状态及核心变量缺失,,,,,,年度ST区间待核实,,
002311,2022,广东海大集团股份有限公司,海大集团,深圳证券交易所,2009-11-27,交易所当前法人主表已覆盖,龙头企业身份核实候选,,,,,0,,,,,,,,,,1,广东海大集团股份有限公司,2020,monitor_pass,https://www.moa.gov.cn/nybgb/2020/202012/202102/P020210201587636946140.pdf,https://www.szse.cn/api/report/index/companyGeneralization?secCode=002311,当前交易所法人全称与官方名单标准化后完全一致,身份关系已核实候选；ST、退市时点及资格缺口仍待处理,待从公司年度证券状态来源核实,入口候选，非最终样本；仍须复核主营业务、涉农收入占比、ST/退市状态及核心变量缺失,,,,,,年度ST区间待核实,,
002321,2022,河南华英农业发展股份有限公司,华英农业,深圳证券交易所,2009-12-16,交易所当前法人主表已覆盖,龙头企业身份核实候选,,,,,0,,,,,,,,,,1,河南华英农业发展股份有限公司,2020,monitor_pass,https://www.moa.gov.cn/nybgb/2020/202012/202102/P020210201587636946140.pdf,https://www.szse.cn/api/report/index/companyGeneralization?secCode=002321,当前交易所法人全称与官方名单标准化后完全一致,身份关系已核实候选；ST、退市时点及资格缺口仍待处理,待从公司年度证券状态来源核实,入口候选，非最终样本；仍须复核主营业务、涉农收入占比、ST/退市状态及核心变量缺失,是,是,https://static.cninfo.com.cn/finalpage/2021-04-29/1209860413.PDF,https://static.cninfo.com.cn/finalpage/2023-06-06/1216994176.PDF,区间已闭合,已由法定公告核实本年存在ST风险警示,,
002329,2022,皇氏集团股份有限公司,皇氏集团,深圳证券交易所,2010-01-06,交易所当前法人主表已覆盖,龙头企业身份核实候选,,,,,0,,,,,,,,,,1,皇氏集团股份有限公司,2020,monitor_pass,https://www.moa.gov.cn/nybgb/2020/202012/202102/P020210201587636946140.pdf,https://www.szse.cn/api/report/index/companyGeneralization?secCode=002329,当前交易所法人全称与官方名单标准化后完全一致,身份关系已核实候选；ST、退市时点及资格缺口仍待处理,待从公司年度证券状态来源核实,入口候选，非最终样本；仍须复核主营业务、涉农收入占比、ST/退市状态及核心变量缺失,,,,,,年度ST区间待核实,,
002385,2022,北京大北农科技集团股份有限公司,大北农,深圳证券交易所,2010-04-09,交易所当前法人主表已覆盖,龙头企业身份核实候选,,,,,0,,,,,,,,,,1,北京大北农科技集团股份有限公司,2020,monitor_pass,https://www.moa.gov.cn/nybgb/2020/202012/202102/P020210201587636946140.pdf,https://www.szse.cn/api/report/index/companyGeneralization?secCode=002385,当前交易所法人全称与官方名单标准化后完全一致,身份关系已核实候选；ST、退市时点及资格缺口仍待处理,待从公司年度证券状态来源核实,入口候选，非最终样本；仍须复核主营业务、涉农收入占比、ST/退市状态及核心变量缺失,,,,,,年度ST区间待核实,,
002390,2022,贵州信邦制药股份有限公司,信邦制药,深圳证券交易所,2010-04-16,交易所当前法人主表已覆盖,龙头企业身份核实候选,,,,,0,,,,,,,,,,1,贵州信邦制药股份有限公司,2020,monitor_pass,https://www.moa.gov.cn/nybgb/2020/202012/202102/P020210201587636946140.pdf,https://www.szse.cn/api/report/index/companyGeneralization?secCode=002390,当前交易所法人全称与官方名单标准化后完全一致,身份关系已核实候选；ST、退市时点及资格缺口仍待处理,待从公司年度证券状态来源核实,入口候选，非最终样本；仍须复核主营业务、涉农收入占比、ST/退市状态及核心变量缺失,,,,,,年度ST区间待核实,,
002424,2022,贵州百灵企业集团制药股份有限公司,ST百灵,深圳证券交易所,2010-06-03,交易所当前法人主表已覆盖,龙头企业身份核实候选,,,,,0,,,,,,,,,,1,贵州百灵企业集团制药股份有限公司,2020,monitor_pass,https://www.moa.gov.cn/nybgb/2020/202012/202102/P020210201587636946140.pdf,https://www.szse.cn/api/report/index/companyGeneralization?secCode=002424,当前交易所法人全称与官方名单标准化后完全一致,身份关系已核实候选；ST、退市时点及资格缺口仍待处理,待从公司年度证券状态来源核实,入口候选，非最终样本；仍须复核主营业务、涉农收入占比、ST/退市状态及核心变量缺失,,,,,,年度ST区间待核实,,
002431,2022,棕榈生态城镇发展股份有限公司,ST棕榈,深圳证券交易所,2010-06-10,交易所当前法人主表已覆盖,龙头企业身份核实候选,,,,,0,,,,,,,,,,1,棕榈生态城镇发展股份有限公司,2020,monitor_pass,https://www.moa.gov.cn/nybgb/2020/202012/202102/P020210201587636946140.pdf,https://www.szse.cn/api/report/index/companyGeneralization?secCode=002431,当前交易所法人全称与官方名单标准化后完全一致,身份关系已核实候选；ST、退市时点及资格缺口仍待处理,待从公司年度证券状态来源核实,入口候选，非最终样本；仍须复核主营业务、涉农收入占比、ST/退市状态及核心变量缺失,,,,,,年度ST区间待核实,,
002458,2022,山东益生种畜禽股份有限公司,益生股份,深圳证券交易所,2010-08-10,交易所当前法人主表已覆盖,龙头企业身份核实候选,,,,,0,,,,,,,,,,1,山东益生种畜禽股份有限公司,2020,monitor_pass,https://www.moa.gov.cn/nybgb/2020/202012/202102/P020210201587636946140.pdf,https://www.szse.cn/api/report/index/companyGeneralization?secCode=002458,当前交易所法人全称与官方名单标准化后完全一致,身份关系已核实候选；ST、退市时点及资格缺口仍待处理,待从公司年度证券状态来源核实,入口候选，非最终样本；仍须复核主营业务、涉农收入占比、ST/退市状态及核心变量缺失,,,,,,年度ST区间待核实,,
002507,2022,重庆市涪陵榨菜集团股份有限公司,涪陵榨菜,深圳证券交易所,2010-11-23,交易所当前法人主表已覆盖,龙头企业身份核实候选,,,,,0,,,,,,,,,,1,重庆市涪陵榨菜集团股份有限公司,2020,monitor_pass,https://www.moa.gov.cn/nybgb/2020/202012/202102/P020210201587636946140.pdf,https://www.szse.cn/api/report/index/companyGeneralization?secCode=002507,当前交易所法人全称与官方名单标准化后完全一致,身份关系已核实候选；ST、退市时点及资格缺口仍待处理,待从公司年度证券状态来源核实,入口候选，非最终样本；仍须复核主营业务、涉农收入占比、ST/退市状态及核心变量缺失,,,,,,年度ST区间待核实,,
002548,2022,深圳市金新农科技股份有限公司,金新农,深圳证券交易所,2011-02-18,交易所当前法人主表已覆盖,龙头企业身份核实候选,,,,,0,,,,,,,,,,1,深圳市金新农科技股份有限公司,2021,recognition,https://xccys.moa.gov.cn/gzdt/202201/t20220113_6386872.htm,https://www.szse.cn/api/report/index/companyGeneralization?secCode=002548,当前交易所法人全称与官方名单标准化后完全一致,身份关系已核实候选；ST、退市时点及资格缺口仍待处理,待从公司年度证券状态来源核实,入口候选，非最终样本；仍须复核主营业务、涉农收入占比、ST/退市状态及核心变量缺失,,,,,,年度ST区间待核实,,
002557,2022,洽洽食品股份有限公司,洽洽食品,深圳证券交易所,2011-03-02,交易所当前法人主表已覆盖,龙头企业身份核实候选,,,,,0,,,,,,,,,,1,洽洽食品股份有限公司,2020,monitor_pass,https://www.moa.gov.cn/nybgb/2020/202012/202102/P020210201587636946140.pdf,https://www.szse.cn/api/report/index/companyGeneralization?secCode=002557,当前交易所法人全称与官方名单标准化后完全一致,身份关系已核实候选；ST、退市时点及资格缺口仍待处理,待从公司年度证券状态来源核实,入口候选，非最终样本；仍须复核主营业务、涉农收入占比、ST/退市状态及核心变量缺失,,,,,,年度ST区间待核实,,
002566,2022,吉林省集安益盛药业股份有限公司,益盛药业,深圳证券交易所,2011-03-18,交易所当前法人主表已覆盖,龙头企业身份核实候选,,,,,0,,,,,,,,,,1,吉林省集安益盛药业股份有限公司,2020,monitor_pass,https://www.moa.gov.cn/nybgb/2020/202012/202102/P020210201587636946140.pdf,https://www.szse.cn/api/report/index/companyGeneralization?secCode=002566,当前交易所法人全称与官方名单标准化后完全一致,身份关系已核实候选；ST、退市时点及资格缺口仍待处理,待从公司年度证券状态来源核实,入口候选，非最终样本；仍须复核主营业务、涉农收入占比、ST/退市状态及核心变量缺失,,,,,,年度ST区间待核实,,
002567,2022,唐人神集团股份有限公司,唐人神,深圳证券交易所,2011-03-25,交易所当前法人主表已覆盖,龙头企业身份核实候选,,,,,0,,,,,,,,,,1,唐人神集团股份有限公司,2020,monitor_pass,https://www.moa.gov.cn/nybgb/2020/202012/202102/P020210201587636946140.pdf,https://www.szse.cn/api/report/index/companyGeneralization?secCode=002567,当前交易所法人全称与官方名单标准化后完全一致,身份关系已核实候选；ST、退市时点及资格缺口仍待处理,待从公司年度证券状态来源核实,入口候选，非最终样本；仍须复核主营业务、涉农收入占比、ST/退市状态及核心变量缺失,,,,,,年度ST区间待核实,,
002582,2022,好想你健康食品股份有限公司,好想你,深圳证券交易所,2011-05-20,交易所当前法人主表已覆盖,龙头企业身份核实候选,,,,,0,,,,,,,,,,1,好想你健康食品股份有限公司,2020,monitor_pass,https://www.moa.gov.cn/nybgb/2020/202012/202102/P020210201587636946140.pdf,https://www.szse.cn/api/report/index/companyGeneralization?secCode=002582,当前交易所法人全称与官方名单标准化后完全一致,身份关系已核实候选；ST、退市时点及资格缺口仍待处理,待从公司年度证券状态来源核实,入口候选，非最终样本；仍须复核主营业务、涉农收入占比、ST/退市状态及核心变量缺失,,,,,,年度ST区间待核实,,
002650,2022,加加食品集团股份有限公司,ST加加,深圳证券交易所,2012-01-06,交易所当前法人主表已覆盖,龙头企业身份核实候选,,,,,0,,,,,,,,,,1,加加食品集团股份有限公司,2020,monitor_pass,https://www.moa.gov.cn/nybgb/2020/202012/202102/P020210201587636946140.pdf,https://www.szse.cn/api/report/index/companyGeneralization?secCode=002650,当前交易所法人全称与官方名单标准化后完全一致,身份关系已核实候选；ST、退市时点及资格缺口仍待处理,待从公司年度证券状态来源核实,入口候选，非最终样本；仍须复核主营业务、涉农收入占比、ST/退市状态及核心变量缺失,,,,,,年度ST区间待核实,,
002688,2022,金河生物科技股份有限公司,金河生物,深圳证券交易所,2012-07-13,交易所当前法人主表已覆盖,龙头企业身份核实候选,,,,,0,,,,,,,,,,1,金河生物科技股份有限公司,2020,monitor_pass,https://www.moa.gov.cn/nybgb/2020/202012/202102/P020210201587636946140.pdf,https://www.szse.cn/api/report/index/companyGeneralization?secCode=002688,当前交易所法人全称与官方名单标准化后完全一致,身份关系已核实候选；ST、退市时点及资格缺口仍待处理,待从公司年度证券状态来源核实,入口候选，非最终样本；仍须复核主营业务、涉农收入占比、ST/退市状态及核心变量缺失,,,,,,年度ST区间待核实,,
002696,2022,百洋产业投资集团股份有限公司,百洋股份,深圳证券交易所,2012-09-05,交易所当前法人主表已覆盖,龙头企业身份核实候选,,,,,0,,,,,,,,,,1,百洋产业投资集团股份有限公司,2020,monitor_pass,https://www.moa.gov.cn/nybgb/2020/202012/202102/P020210201587636946140.pdf,https://www.szse.cn/api/report/index/companyGeneralization?secCode=002696,当前交易所法人全称与官方名单标准化后完全一致,身份关系已核实候选；ST、退市时点及资格缺口仍待处理,待从公司年度证券状态来源核实,入口候选，非最终样本；仍须复核主营业务、涉农收入占比、ST/退市状态及核心变量缺失,,,,,,年度ST区间待核实,,
002702,2022,海欣食品股份有限公司,海欣食品,深圳证券交易所,2012-10-11,交易所当前法人主表已覆盖,龙头企业身份核实候选,,,,,0,,,,,,,,,,1,海欣食品股份有限公司,2020,monitor_pass,https://www.moa.gov.cn/nybgb/2020/202012/202102/P020210201587636946140.pdf,https://www.szse.cn/api/report/index/companyGeneralization?secCode=002702,当前交易所法人全称与官方名单标准化后完全一致,身份关系已核实候选；ST、退市时点及资格缺口仍待处理,待从公司年度证券状态来源核实,入口候选，非最终样本；仍须复核主营业务、涉农收入占比、ST/退市状态及核心变量缺失,,,,,,年度ST区间待核实,,
002714,2022,牧原食品集团股份有限公司,牧原股份,深圳证券交易所,2014-01-28,交易所当前法人主表已覆盖,龙头企业身份核实候选,,,,,0,,,,,,,,,,1,牧原食品股份有限公司,2020,monitor_pass,https://www.moa.gov.cn/nybgb/2020/202012/202102/P020210201587636946140.pdf,https://static.cninfo.com.cn/finalpage/2026-02-26/1224984472.PDF,上市公司更名公告明确法律主体不变；交易所当前全称已更新,身份关系已核实候选；ST、退市时点及资格缺口仍待处理,待从公司年度证券状态来源核实,入口候选，非最终样本；仍须复核主营业务、涉农收入占比、ST/退市状态及核心变量缺失,,,,,,年度ST区间待核实,,
002719,2022,麦趣尔集团股份有限公司,ST麦趣,深圳证券交易所,2014-01-28,交易所当前法人主表已覆盖,龙头企业身份核实候选,,,,,0,,,,,,,,,,1,麦趣尔集团股份有限公司,2020,monitor_pass,https://www.moa.gov.cn/nybgb/2020/202012/202102/P020210201587636946140.pdf,https://www.szse.cn/api/report/index/companyGeneralization?secCode=002719,当前交易所法人全称与官方名单标准化后完全一致,身份关系已核实候选；ST、退市时点及资格缺口仍待处理,待从公司年度证券状态来源核实,入口候选，非最终样本；仍须复核主营业务、涉农收入占比、ST/退市状态及核心变量缺失,,,,,,年度ST区间待核实,,
002732,2022,广东燕塘乳业股份有限公司,燕塘乳业,深圳证券交易所,2014-12-05,交易所当前法人主表已覆盖,龙头企业身份核实候选,,,,,0,,,,,,,,,,1,广东燕塘乳业股份有限公司,2020,monitor_pass,https://www.moa.gov.cn/nybgb/2020/202012/202102/P020210201587636946140.pdf,https://www.szse.cn/api/report/index/companyGeneralization?secCode=002732,当前交易所法人全称与官方名单标准化后完全一致,身份关系已核实候选；ST、退市时点及资格缺口仍待处理,待从公司年度证券状态来源核实,入口候选，非最终样本；仍须复核主营业务、涉农收入占比、ST/退市状态及核心变量缺失,,,,,,年度ST区间待核实,,
002746,2022,山东仙坛集团股份有限公司,仙坛股份,深圳证券交易所,2015-02-16,交易所当前法人主表已覆盖,龙头企业身份核实候选,,,,,0,,,,,,,,,,1,山东仙坛股份有限公司,2020,monitor_pass,https://www.moa.gov.cn/nybgb/2020/202012/202102/P020210201587636946140.pdf,https://static.cninfo.com.cn/finalpage/2025-11-18/1224808717.PDF,上市公司公告列明由旧全称变更为当前全称且证券代码保持不变,身份关系已核实候选；ST、退市时点及资格缺口仍待处理,待从公司年度证券状态来源核实,入口候选，非最终样本；仍须复核主营业务、涉农收入占比、ST/退市状态及核心变量缺失,,,,,,年度ST区间待核实,,
002772,2022,天水众兴菌业科技股份有限公司,众兴菌业,深圳证券交易所,2015-06-26,交易所当前法人主表已覆盖,龙头企业身份核实候选,,,,,0,,,,,,,,,,1,天水众兴菌业科技股份有限公司,2020,monitor_pass,https://www.moa.gov.cn/nybgb/2020/202012/202102/P020210201587636946140.pdf,https://www.szse.cn/api/report/index/companyGeneralization?secCode=002772,当前交易所法人全称与官方名单标准化后完全一致,身份关系已核实候选；ST、退市时点及资格缺口仍待处理,待从公司年度证券状态来源核实,入口候选，非最终样本；仍须复核主营业务、涉农收入占比、ST/退市状态及核心变量缺失,,,,,,年度ST区间待核实,,
002847,2022,盐津铺子食品股份有限公司,盐津铺子,深圳证券交易所,2017-02-08,交易所当前法人主表已覆盖,龙头企业身份核实候选,,,,,0,,,,,,,,,,1,盐津铺子食品股份有限公司,2019,recognition,https://www.moa.gov.cn/nybgb/2019/201912/202004/P020200410023357640054.pdf,https://www.szse.cn/api/report/index/companyGeneralization?secCode=002847,当前交易所法人全称与官方名单标准化后完全一致,身份关系已核实候选；ST、退市时点及资格缺口仍待处理,待从公司年度证券状态来源核实,入口候选，非最终样本；仍须复核主营业务、涉农收入占比、ST/退市状态及核心变量缺失,,,,,,年度ST区间待核实,,
002852,2022,道道全粮油股份有限公司,道道全,深圳证券交易所,2017-03-10,交易所当前法人主表已覆盖,龙头企业身份核实候选,,,,,0,,,,,,,,,,1,道道全粮油股份有限公司,2020,monitor_pass,https://www.moa.gov.cn/nybgb/2020/202012/202102/P020210201587636946140.pdf,https://www.szse.cn/api/report/index/companyGeneralization?secCode=002852,当前交易所法人全称与官方名单标准化后完全一致,身份关系已核实候选；ST、退市时点及资格缺口仍待处理,待从公司年度证券状态来源核实,入口候选，非最终样本；仍须复核主营业务、涉农收入占比、ST/退市状态及核心变量缺失,,,,,,年度ST区间待核实,,
002873,2022,贵阳新天药业股份有限公司,新天药业,深圳证券交易所,2017-05-19,交易所当前法人主表已覆盖,龙头企业身份核实候选,,,,,0,,,,,,,,,,1,贵阳新天药业股份有限公司,2020,monitor_pass,https://www.moa.gov.cn/nybgb/2020/202012/202102/P020210201587636946140.pdf,https://www.szse.cn/api/report/index/companyGeneralization?secCode=002873,当前交易所法人全称与官方名单标准化后完全一致,身份关系已核实候选；ST、退市时点及资格缺口仍待处理,待从公司年度证券状态来源核实,入口候选，非最终样本；仍须复核主营业务、涉农收入占比、ST/退市状态及核心变量缺失,,,,,,年度ST区间待核实,,
002910,2022,兰州庄园牧场股份有限公司,庄园牧场,深圳证券交易所,2017-10-31,交易所当前法人主表已覆盖,龙头企业身份核实候选,,,,,0,,,,,,,,,,1,兰州庄园牧场股份有限公司,2020,monitor_pass,https://www.moa.gov.cn/nybgb/2020/202012/202102/P020210201587636946140.pdf,https://www.szse.cn/api/report/index/companyGeneralization?secCode=002910,当前交易所法人全称与官方名单标准化后完全一致,身份关系已核实候选；ST、退市时点及资格缺口仍待处理,待从公司年度证券状态来源核实,入口候选，非最终样本；仍须复核主营业务、涉农收入占比、ST/退市状态及核心变量缺失,,,,,,年度ST区间待核实,,
002982,2022,湖南湘佳牧业股份有限公司,湘佳股份,深圳证券交易所,2020-04-24,交易所当前法人主表已覆盖,龙头企业身份核实候选,,,,,0,,,,,,,,,,1,湖南湘佳牧业股份有限公司,2020,monitor_pass,https://www.moa.gov.cn/nybgb/2020/202012/202102/P020210201587636946140.pdf,https://www.szse.cn/api/report/index/companyGeneralization?secCode=002982,当前交易所法人全称与官方名单标准化后完全一致,身份关系已核实候选；ST、退市时点及资格缺口仍待处理,待从公司年度证券状态来源核实,入口候选，非最终样本；仍须复核主营业务、涉农收入占比、ST/退市状态及核心变量缺失,,,,,,年度ST区间待核实,,
002991,2022,甘源食品股份有限公司,甘源食品,深圳证券交易所,2020-07-31,交易所当前法人主表已覆盖,龙头企业身份核实候选,,,,,0,,,,,,,,,,1,甘源食品股份有限公司,2021,recognition,https://xccys.moa.gov.cn/gzdt/202201/t20220113_6386872.htm,https://www.szse.cn/api/report/index/companyGeneralization?secCode=002991,当前交易所法人全称与官方名单标准化后完全一致,身份关系已核实候选；ST、退市时点及资格缺口仍待处理,待从公司年度证券状态来源核实,入口候选，非最终样本；仍须复核主营业务、涉农收入占比、ST/退市状态及核心变量缺失,,,,,,年度ST区间待核实,,
003000,2022,劲仔食品集团股份有限公司,劲仔食品,深圳证券交易所,2020-09-14,交易所当前法人主表已覆盖,龙头企业身份核实候选,,,,,0,,,,,,,,,,1,劲仔食品集团股份有限公司,2021,recognition,https://xccys.moa.gov.cn/gzdt/202201/t20220113_6386872.htm,https://www.szse.cn/api/report/index/companyGeneralization?secCode=003000,当前交易所法人全称与官方名单标准化后完全一致,身份关系已核实候选；ST、退市时点及资格缺口仍待处理,待从公司年度证券状态来源核实,入口候选，非最终样本；仍须复核主营业务、涉农收入占比、ST/退市状态及核心变量缺失,,,,,,年度ST区间待核实,,
300087,2022,安徽荃银高科种业股份有限公司,ST荃银,深圳证券交易所,2010-05-26,交易所当前法人主表已覆盖,龙头企业身份核实候选,,,,,0,,,,,,,,,,1,安徽荃银高科种业股份有限公司,2019,recognition,https://www.moa.gov.cn/nybgb/2019/201912/202004/P020200410023357640054.pdf,https://www.szse.cn/api/report/index/companyGeneralization?secCode=300087,当前交易所法人全称与官方名单标准化后完全一致,身份关系已核实候选；ST、退市时点及资格缺口仍待处理,待从公司年度证券状态来源核实,入口候选，非最终样本；仍须复核主营业务、涉农收入占比、ST/退市状态及核心变量缺失,,,,,,年度ST区间待核实,,
300094,2022,湛江国联水产开发股份有限公司,国联水产,深圳证券交易所,2010-07-08,交易所当前法人主表已覆盖,龙头企业身份核实候选,,,,,0,,,,,,,,,,1,湛江国联水产开发股份有限公司,2020,monitor_pass,https://www.moa.gov.cn/nybgb/2020/202012/202102/P020210201587636946140.pdf,https://www.szse.cn/api/report/index/companyGeneralization?secCode=300094,当前交易所法人全称与官方名单标准化后完全一致,身份关系已核实候选；ST、退市时点及资格缺口仍待处理,待从公司年度证券状态来源核实,入口候选，非最终样本；仍须复核主营业务、涉农收入占比、ST/退市状态及核心变量缺失,,,,,,年度ST区间待核实,,
300119,2022,瑞普生物股份有限公司,瑞普生物,深圳证券交易所,2010-09-17,交易所当前法人主表已覆盖,龙头企业身份核实候选,,,,,0,,,,,,,,,,1,天津瑞普生物技术股份有限公司,2021,recognition,https://xccys.moa.gov.cn/gzdt/202201/t20220113_6386872.htm,https://static.cninfo.com.cn/finalpage/2024-12-14/1222017500.PDF,上市公司更名公告明确法律主体不变且证券代码保持不变,身份关系已核实候选；ST、退市时点及资格缺口仍待处理,待从公司年度证券状态来源核实,入口候选，非最终样本；仍须复核主营业务、涉农收入占比、ST/退市状态及核心变量缺失,,,,,,年度ST区间待核实,,
300138,2022,晨光生物科技集团股份有限公司,晨光生物,深圳证券交易所,2010-11-05,交易所当前法人主表已覆盖,龙头企业身份核实候选,,,,,0,,,,,,,,,,1,晨光生物科技集团股份有限公司,2020,monitor_pass,https://www.moa.gov.cn/nybgb/2020/202012/202102/P020210201587636946140.pdf,https://www.szse.cn/api/report/index/companyGeneralization?secCode=300138,当前交易所法人全称与官方名单标准化后完全一致,身份关系已核实候选；ST、退市时点及资格缺口仍待处理,待从公司年度证券状态来源核实,入口候选，非最终样本；仍须复核主营业务、涉农收入占比、ST/退市状态及核心变量缺失,,,,,,年度ST区间待核实,,
300158,2022,山西振东制药股份有限公司,振东制药,深圳证券交易所,2011-01-07,交易所当前法人主表已覆盖,龙头企业身份核实候选,,,,,0,,,,,,,,,,1,山西振东制药股份有限公司,2019,recognition,https://www.moa.gov.cn/nybgb/2019/201912/202004/P020200410023357640054.pdf,https://www.szse.cn/api/report/index/companyGeneralization?secCode=300158,当前交易所法人全称与官方名单标准化后完全一致,身份关系已核实候选；ST、退市时点及资格缺口仍待处理,待从公司年度证券状态来源核实,入口候选，非最终样本；仍须复核主营业务、涉农收入占比、ST/退市状态及核心变量缺失,,,,,,年度ST区间待核实,,
300189,2022,海南神农种业科技股份有限公司,神农种业,深圳证券交易所,2011-03-16,交易所当前法人主表已覆盖,龙头企业身份核实候选,,,,,0,,,,,,,,,,1,海南神农科技股份有限公司,2020,monitor_pass,https://www.moa.gov.cn/nybgb/2020/202012/202102/P020210201587636946140.pdf,https://static.cninfo.com.cn/finalpage/2025-04-26/1223326682.PDF,2024年年度报告明确名单名称为当前上市公司的原名,身份关系已核实候选；ST、退市时点及资格缺口仍待处理,待从公司年度证券状态来源核实,入口候选，非最终样本；仍须复核主营业务、涉农收入占比、ST/退市状态及核心变量缺失,,,,,,年度ST区间待核实,,
300498,2022,温氏食品集团股份有限公司,温氏股份,深圳证券交易所,2015-11-02,交易所当前法人主表已覆盖,龙头企业身份核实候选,,,,,0,,,,,,,,,,1,温氏食品集团股份有限公司,2020,monitor_pass,https://www.moa.gov.cn/nybgb/2020/202012/202102/P020210201587636946140.pdf,https://www.szse.cn/api/report/index/companyGeneralization?secCode=300498,当前交易所法人全称与官方名单标准化后完全一致,身份关系已核实候选；ST、退市时点及资格缺口仍待处理,待从公司年度证券状态来源核实,入口候选，非最终样本；仍须复核主营业务、涉农收入占比、ST/退市状态及核心变量缺失,,,,,,年度ST区间待核实,,
300511,2022,上海雪榕生物科技股份有限公司,雪榕生物,深圳证券交易所,2016-05-04,交易所当前法人主表已覆盖,龙头企业身份核实候选,,,,,0,,,,,,,,,,1,上海雪榕生物科技股份有限公司,2020,monitor_pass,https://www.moa.gov.cn/nybgb/2020/202012/202102/P020210201587636946140.pdf,https://www.szse.cn/api/report/index/companyGeneralization?secCode=300511,当前交易所法人全称与官方名单标准化后完全一致,身份关系已核实候选；ST、退市时点及资格缺口仍待处理,待从公司年度证券状态来源核实,入口候选，非最终样本；仍须复核主营业务、涉农收入占比、ST/退市状态及核心变量缺失,,,,,,年度ST区间待核实,,
300783,2022,三只松鼠股份有限公司,三只松鼠,深圳证券交易所,2019-07-12,交易所当前法人主表已覆盖,龙头企业身份核实候选,,,,,0,,,,,,,,,,1,三只松鼠股份有限公司,2020,monitor_pass,https://www.moa.gov.cn/nybgb/2020/202012/202102/P020210201587636946140.pdf,https://www.szse.cn/api/report/index/companyGeneralization?secCode=300783,当前交易所法人全称与官方名单标准化后完全一致,身份关系已核实候选；ST、退市时点及资格缺口仍待处理,待从公司年度证券状态来源核实,入口候选，非最终样本；仍须复核主营业务、涉农收入占比、ST/退市状态及核心变量缺失,,,,,,年度ST区间待核实,,
300871,2022,武汉回盛生物科技股份有限公司,回盛生物,深圳证券交易所,2020-08-24,交易所当前法人主表已覆盖,龙头企业身份核实候选,,,,,0,,,,,,,,,,1,武汉回盛生物科技股份有限公司,2021,recognition,https://xccys.moa.gov.cn/gzdt/202201/t20220113_6386872.htm,https://www.szse.cn/api/report/index/companyGeneralization?secCode=300871,当前交易所法人全称与官方名单标准化后完全一致,身份关系已核实候选；ST、退市时点及资格缺口仍待处理,待从公司年度证券状态来源核实,入口候选，非最终样本；仍须复核主营业务、涉农收入占比、ST/退市状态及核心变量缺失,,,,,,年度ST区间待核实,,
300908,2022,仲景食品股份有限公司,仲景食品,深圳证券交易所,2020-11-23,交易所当前法人主表已覆盖,龙头企业身份核实候选,,,,,0,,,,,,,,,,1,仲景食品股份有限公司,2019,recognition,https://www.moa.gov.cn/nybgb/2019/201912/202004/P020200410023357640054.pdf,https://www.szse.cn/api/report/index/companyGeneralization?secCode=300908,当前交易所法人全称与官方名单标准化后完全一致,身份关系已核实候选；ST、退市时点及资格缺口仍待处理,待从公司年度证券状态来源核实,入口候选，非最终样本；仍须复核主营业务、涉农收入占比、ST/退市状态及核心变量缺失,,,,,,年度ST区间待核实,,
300967,2022,宁夏晓鸣农牧股份有限公司,晓鸣股份,深圳证券交易所,2021-04-13,交易所当前法人主表已覆盖,龙头企业身份核实候选,,,,,0,,,,,,,,,,1,宁夏晓鸣农牧股份有限公司,2019,recognition,https://www.moa.gov.cn/nybgb/2019/201912/202004/P020200410023357640054.pdf,https://www.szse.cn/api/report/index/companyGeneralization?secCode=300967,当前交易所法人全称与官方名单标准化后完全一致,身份关系已核实候选；ST、退市时点及资格缺口仍待处理,待从公司年度证券状态来源核实,入口候选，非最终样本；仍须复核主营业务、涉农收入占比、ST/退市状态及核心变量缺失,,,,,,年度ST区间待核实,,
300970,2022,江苏华绿生物科技集团股份有限公司,华绿生物,深圳证券交易所,2021-04-12,交易所当前法人主表已覆盖,龙头企业身份核实候选,,,,,0,,,,,,,,,,1,江苏华绿生物科技股份有限公司,2019,recognition,https://www.moa.gov.cn/nybgb/2019/201912/202004/P020200410023357640054.pdf,https://static.cninfo.com.cn/finalpage/2026-02-11/1224977414.PDF,法律意见书以同一统一社会信用代码和证券代码连接当前名称与原上市名称,身份关系已核实候选；ST、退市时点及资格缺口仍待处理,待从公司年度证券状态来源核实,入口候选，非最终样本；仍须复核主营业务、涉农收入占比、ST/退市状态及核心变量缺失,,,,,,年度ST区间待核实,,
301116,2022,江苏益客食品集团股份有限公司,益客食品,深圳证券交易所,2022-01-18,交易所当前法人主表已覆盖,龙头企业身份核实候选,,,,,0,,,,,,,,,,1,江苏益客食品集团股份有限公司,2020,monitor_pass,https://www.moa.gov.cn/nybgb/2020/202012/202102/P020210201587636946140.pdf,https://www.szse.cn/api/report/index/companyGeneralization?secCode=301116,当前交易所法人全称与官方名单标准化后完全一致,身份关系已核实候选；ST、退市时点及资格缺口仍待处理,待从公司年度证券状态来源核实,入口候选，非最终样本；仍须复核主营业务、涉农收入占比、ST/退市状态及核心变量缺失,,,,,,年度ST区间待核实,,
600108,2022,甘肃亚盛实业(集团)股份有限公司,亚盛集团,上海证券交易所,19970818,交易所当前法人主表已覆盖,龙头企业身份核实候选,,,,,0,,,,,,,,,,1,甘肃亚盛实业（集团）股份有限公司,2020,monitor_pass,https://www.moa.gov.cn/nybgb/2020/202012/202102/P020210201587636946140.pdf,https://query.sse.com.cn/commonQuery.do?sqlId=COMMON_SSE_CP_GPJCTPZ_GPLB_GP_L,当前交易所法人全称与官方名单标准化后完全一致,身份关系已核实候选；ST、退市时点及资格缺口仍待处理,待从公司年度证券状态来源核实,入口候选，非最终样本；仍须复核主营业务、涉农收入占比、ST/退市状态及核心变量缺失,,,,,,年度ST区间待核实,,
600127,2022,金健米业股份有限公司,金健米业,上海证券交易所,19980506,交易所当前法人主表已覆盖,龙头企业身份核实候选,,,,,0,,,,,,,,,,1,金健米业股份有限公司,2020,monitor_pass,https://www.moa.gov.cn/nybgb/2020/202012/202102/P020210201587636946140.pdf,https://query.sse.com.cn/commonQuery.do?sqlId=COMMON_SSE_CP_GPJCTPZ_GPLB_GP_L,当前交易所法人全称与官方名单标准化后完全一致,身份关系已核实候选；ST、退市时点及资格缺口仍待处理,待从公司年度证券状态来源核实,入口候选，非最终样本；仍须复核主营业务、涉农收入占比、ST/退市状态及核心变量缺失,,,,,,年度ST区间待核实,,
600129,2022,重庆太极实业(集团)股份有限公司,太极集团,上海证券交易所,19971118,交易所当前法人主表已覆盖,龙头企业身份核实候选,,,,,0,,,,,,,,,,1,重庆太极实业（集团）股份有限公司,2020,monitor_pass,https://www.moa.gov.cn/nybgb/2020/202012/202102/P020210201587636946140.pdf,https://query.sse.com.cn/commonQuery.do?sqlId=COMMON_SSE_CP_GPJCTPZ_GPLB_GP_L,当前交易所法人全称与官方名单标准化后完全一致,身份关系已核实候选；ST、退市时点及资格缺口仍待处理,待从公司年度证券状态来源核实,入口候选，非最终样本；仍须复核主营业务、涉农收入占比、ST/退市状态及核心变量缺失,,,,,,年度ST区间待核实,,
600195,2022,中牧实业股份有限公司,中牧股份,上海证券交易所,19990107,交易所当前法人主表已覆盖,龙头企业身份核实候选,,,,,0,,,,,,,,,,1,中牧实业股份有限公司,2020,monitor_pass,https://www.moa.gov.cn/nybgb/2020/202012/202102/P020210201587636946140.pdf,https://query.sse.com.cn/commonQuery.do?sqlId=COMMON_SSE_CP_GPJCTPZ_GPLB_GP_L,当前交易所法人全称与官方名单标准化后完全一致,身份关系已核实候选；ST、退市时点及资格缺口仍待处理,待从公司年度证券状态来源核实,入口候选，非最终样本；仍须复核主营业务、涉农收入占比、ST/退市状态及核心变量缺失,,,,,,年度ST区间待核实,,
600211,2022,西藏诺迪康药业股份有限公司,西藏药业,上海证券交易所,19990721,交易所当前法人主表已覆盖,龙头企业身份核实候选,,,,,0,,,,,,,,,,1,西藏诺迪康药业股份有限公司,2020,monitor_pass,https://www.moa.gov.cn/nybgb/2020/202012/202102/P020210201587636946140.pdf,https://query.sse.com.cn/commonQuery.do?sqlId=COMMON_SSE_CP_GPJCTPZ_GPLB_GP_L,当前交易所法人全称与官方名单标准化后完全一致,身份关系已核实候选；ST、退市时点及资格缺口仍待处理,待从公司年度证券状态来源核实,入口候选，非最终样本；仍须复核主营业务、涉农收入占比、ST/退市状态及核心变量缺失,,,,,,年度ST区间待核实,,
600251,2022,新疆冠农股份有限公司,冠农股份,上海证券交易所,20030609,交易所当前法人主表已覆盖,龙头企业身份核实候选,,,,,0,,,,,,,,,,1,新疆冠农果茸股份有限公司,2020,monitor_pass,https://www.moa.gov.cn/nybgb/2020/202012/202102/P020210201587636946140.pdf,https://static.cninfo.com.cn/finalpage/2023-02-10/1215815769.PDF,工商变更公告明确公司由名单名称变更为当前名称且证券代码保持600251,身份关系已核实候选；ST、退市时点及资格缺口仍待处理,待从公司年度证券状态来源核实,入口候选，非最终样本；仍须复核主营业务、涉农收入占比、ST/退市状态及核心变量缺失,,,,,,年度ST区间待核实,,
600285,2022,河南羚锐制药股份有限公司,羚锐制药,上海证券交易所,20001018,交易所当前法人主表已覆盖,龙头企业身份核实候选,,,,,0,,,,,,,,,,1,河南羚锐制药股份有限公司,2020,monitor_pass,https://www.moa.gov.cn/nybgb/2020/202012/202102/P020210201587636946140.pdf,https://query.sse.com.cn/commonQuery.do?sqlId=COMMON_SSE_CP_GPJCTPZ_GPLB_GP_L,当前交易所法人全称与官方名单标准化后完全一致,身份关系已核实候选；ST、退市时点及资格缺口仍待处理,待从公司年度证券状态来源核实,入口候选，非最终样本；仍须复核主营业务、涉农收入占比、ST/退市状态及核心变量缺失,,,,,,年度ST区间待核实,,
600295,2022,内蒙古鄂尔多斯资源股份有限公司,鄂尔多斯,上海证券交易所,20010426,交易所当前法人主表已覆盖,龙头企业身份核实候选,,,,,0,,,,,,,,,,1,内蒙古鄂尔多斯资源股份有限公司,2020,monitor_pass,https://www.moa.gov.cn/nybgb/2020/202012/202102/P020210201587636946140.pdf,https://query.sse.com.cn/commonQuery.do?sqlId=COMMON_SSE_CP_GPJCTPZ_GPLB_GP_L,当前交易所法人全称与官方名单标准化后完全一致,身份关系已核实候选；ST、退市时点及资格缺口仍待处理,待从公司年度证券状态来源核实,入口候选，非最终样本；仍须复核主营业务、涉农收入占比、ST/退市状态及核心变量缺失,,,,,,年度ST区间待核实,,
600300,2022,维维食品饮料股份有限公司,维维股份,上海证券交易所,20000630,交易所当前法人主表已覆盖,龙头企业身份核实候选,,,,,0,,,,,,,,,,1,维维食品饮料股份有限公司,2020,monitor_pass,https://www.moa.gov.cn/nybgb/2020/202012/202102/P020210201587636946140.pdf,https://query.sse.com.cn/commonQuery.do?sqlId=COMMON_SSE_CP_GPJCTPZ_GPLB_GP_L,当前交易所法人全称与官方名单标准化后完全一致,身份关系已核实候选；ST、退市时点及资格缺口仍待处理,待从公司年度证券状态来源核实,入口候选，非最终样本；仍须复核主营业务、涉农收入占比、ST/退市状态及核心变量缺失,是,否,https://static.cninfo.com.cn/finalpage/2021-04-26/1209800026.PDF,https://static.cninfo.com.cn/finalpage/2022-04-11/1212869835.PDF,区间已闭合,已由法定公告核实本年存在ST风险警示,,
600305,2022,江苏恒顺醋业股份有限公司,恒顺醋业,上海证券交易所,20010206,交易所当前法人主表已覆盖,龙头企业身份核实候选,,,,,0,,,,,,,,,,1,江苏恒顺醋业股份有限公司,2020,monitor_pass,https://www.moa.gov.cn/nybgb/2020/202012/202102/P020210201587636946140.pdf,https://query.sse.com.cn/commonQuery.do?sqlId=COMMON_SSE_CP_GPJCTPZ_GPLB_GP_L,当前交易所法人全称与官方名单标准化后完全一致,身份关系已核实候选；ST、退市时点及资格缺口仍待处理,待从公司年度证券状态来源核实,入口候选，非最终样本；仍须复核主营业务、涉农收入占比、ST/退市状态及核心变量缺失,,,,,,年度ST区间待核实,,
600351,2022,亚宝药业集团股份有限公司,亚宝药业,上海证券交易所,20020926,交易所当前法人主表已覆盖,龙头企业身份核实候选,,,,,0,,,,,,,,,,1,亚宝药业集团股份有限公司,2019,recognition,https://www.moa.gov.cn/nybgb/2019/201912/202004/P020200410023357640054.pdf,https://query.sse.com.cn/commonQuery.do?sqlId=COMMON_SSE_CP_GPJCTPZ_GPLB_GP_L,当前交易所法人全称与官方名单标准化后完全一致,身份关系已核实候选；ST、退市时点及资格缺口仍待处理,待从公司年度证券状态来源核实,入口候选，非最终样本；仍须复核主营业务、涉农收入占比、ST/退市状态及核心变量缺失,,,,,,年度ST区间待核实,,
600354,2022,甘肃省敦煌种业集团股份有限公司,敦煌种业,上海证券交易所,20040115,交易所当前法人主表已覆盖,龙头企业身份核实候选,,,,,0,,,,,,,,,,1,甘肃省敦煌种业集团股份有限公司,2020,monitor_pass,https://www.moa.gov.cn/nybgb/2020/202012/202102/P020210201587636946140.pdf,https://query.sse.com.cn/commonQuery.do?sqlId=COMMON_SSE_CP_GPJCTPZ_GPLB_GP_L,当前交易所法人全称与官方名单标准化后完全一致,身份关系已核实候选；ST、退市时点及资格缺口仍待处理,待从公司年度证券状态来源核实,入口候选，非最终样本；仍须复核主营业务、涉农收入占比、ST/退市状态及核心变量缺失,,,,,,年度ST区间待核实,,
600419,2022,新疆天润乳业股份有限公司,天润乳业,上海证券交易所,20010628,交易所当前法人主表已覆盖,龙头企业身份核实候选,,,,,0,,,,,,,,,,1,新疆天润乳业股份有限公司,2020,monitor_pass,https://www.moa.gov.cn/nybgb/2020/202012/202102/P020210201587636946140.pdf,https://query.sse.com.cn/commonQuery.do?sqlId=COMMON_SSE_CP_GPJCTPZ_GPLB_GP_L,当前交易所法人全称与官方名单标准化后完全一致,身份关系已核实候选；ST、退市时点及资格缺口仍待处理,待从公司年度证券状态来源核实,入口候选，非最终样本；仍须复核主营业务、涉农收入占比、ST/退市状态及核心变量缺失,,,,,,年度ST区间待核实,,
600429,2022,北京三元食品股份有限公司,三元股份,上海证券交易所,20030915,交易所当前法人主表已覆盖,龙头企业身份核实候选,,,,,0,,,,,,,,,,1,北京三元食品股份有限公司,2020,monitor_pass,https://www.moa.gov.cn/nybgb/2020/202012/202102/P020210201587636946140.pdf,https://query.sse.com.cn/commonQuery.do?sqlId=COMMON_SSE_CP_GPJCTPZ_GPLB_GP_L,当前交易所法人全称与官方名单标准化后完全一致,身份关系已核实候选；ST、退市时点及资格缺口仍待处理,待从公司年度证券状态来源核实,入口候选，非最终样本；仍须复核主营业务、涉农收入占比、ST/退市状态及核心变量缺失,,,,,,年度ST区间待核实,,
600438,2022,通威股份有限公司,通威股份,上海证券交易所,20040302,交易所当前法人主表已覆盖,龙头企业身份核实候选,,,,,0,,,,,,,,,,1,通威股份有限公司,2020,monitor_pass,https://www.moa.gov.cn/nybgb/2020/202012/202102/P020210201587636946140.pdf,https://query.sse.com.cn/commonQuery.do?sqlId=COMMON_SSE_CP_GPJCTPZ_GPLB_GP_L,当前交易所法人全称与官方名单标准化后完全一致,身份关系已核实候选；ST、退市时点及资格缺口仍待处理,待从公司年度证券状态来源核实,入口候选，非最终样本；仍须复核主营业务、涉农收入占比、ST/退市状态及核心变量缺失,,,,,,年度ST区间待核实,,
600467,2022,山东好当家海洋发展股份有限公司,好当家,上海证券交易所,20040405,交易所当前法人主表已覆盖,龙头企业身份核实候选,,,,,0,,,,,,,,,,1,山东好当家海洋发展股份有限公司,2020,monitor_pass,https://www.moa.gov.cn/nybgb/2020/202012/202102/P020210201587636946140.pdf,https://query.sse.com.cn/commonQuery.do?sqlId=COMMON_SSE_CP_GPJCTPZ_GPLB_GP_L,当前交易所法人全称与官方名单标准化后完全一致,身份关系已核实候选；ST、退市时点及资格缺口仍待处理,待从公司年度证券状态来源核实,入口候选，非最终样本；仍须复核主营业务、涉农收入占比、ST/退市状态及核心变量缺失,,,,,,年度ST区间待核实,,
600479,2022,株洲千金药业股份有限公司,千金药业,上海证券交易所,20040312,交易所当前法人主表已覆盖,龙头企业身份核实候选,,,,,0,,,,,,,,,,1,株洲千金药业股份有限公司,2020,monitor_pass,https://www.moa.gov.cn/nybgb/2020/202012/202102/P020210201587636946140.pdf,https://query.sse.com.cn/commonQuery.do?sqlId=COMMON_SSE_CP_GPJCTPZ_GPLB_GP_L,当前交易所法人全称与官方名单标准化后完全一致,身份关系已核实候选；ST、退市时点及资格缺口仍待处理,待从公司年度证券状态来源核实,入口候选，非最终样本；仍须复核主营业务、涉农收入占比、ST/退市状态及核心变量缺失,,,,,,年度ST区间待核实,,
600543,2022,甘肃莫高实业发展股份有限公司,*ST莫高,上海证券交易所,20040324,交易所当前法人主表已覆盖,龙头企业身份核实候选,,,,,0,,,,,,,,,,1,甘肃莫高实业发展股份有限公司,2020,monitor_pass,https://www.moa.gov.cn/nybgb/2020/202012/202102/P020210201587636946140.pdf,https://query.sse.com.cn/commonQuery.do?sqlId=COMMON_SSE_CP_GPJCTPZ_GPLB_GP_L,当前交易所法人全称与官方名单标准化后完全一致,身份关系已核实候选；ST、退市时点及资格缺口仍待处理,待从公司年度证券状态来源核实,入口候选，非最终样本；仍须复核主营业务、涉农收入占比、ST/退市状态及核心变量缺失,,,,,,年度ST区间待核实,,
600597,2022,光明乳业股份有限公司,光明乳业,上海证券交易所,20020828,交易所当前法人主表已覆盖,龙头企业身份核实候选,,,,,0,,,,,,,,,,1,光明乳业股份有限公司,2020,monitor_pass,https://www.moa.gov.cn/nybgb/2020/202012/202102/P020210201587636946140.pdf,https://query.sse.com.cn/commonQuery.do?sqlId=COMMON_SSE_CP_GPJCTPZ_GPLB_GP_L,当前交易所法人全称与官方名单标准化后完全一致,身份关系已核实候选；ST、退市时点及资格缺口仍待处理,待从公司年度证券状态来源核实,入口候选，非最终样本；仍须复核主营业务、涉农收入占比、ST/退市状态及核心变量缺失,,,,,,年度ST区间待核实,,
600873,2022,梅花生物科技集团股份有限公司,梅花生物,上海证券交易所,19950217,交易所当前法人主表已覆盖,龙头企业身份核实候选,,,,,0,,,,,,,,,,1,梅花生物科技集团股份有限公司,2020,monitor_pass,https://www.moa.gov.cn/nybgb/2020/202012/202102/P020210201587636946140.pdf,https://query.sse.com.cn/commonQuery.do?sqlId=COMMON_SSE_CP_GPJCTPZ_GPLB_GP_L,当前交易所法人全称与官方名单标准化后完全一致,身份关系已核实候选；ST、退市时点及资格缺口仍待处理,待从公司年度证券状态来源核实,入口候选，非最终样本；仍须复核主营业务、涉农收入占比、ST/退市状态及核心变量缺失,,,,,,年度ST区间待核实,,
600882,2022,上海妙可蓝多食品科技股份有限公司,妙可蓝多,上海证券交易所,19951206,交易所当前法人主表已覆盖,龙头企业身份核实候选,,,,,0,,,,,,,,,,1,上海妙可蓝多食品科技股份有限公司,2020,replacement,https://www.moa.gov.cn/nybgb/2020/202012/202102/P020210201587636946140.pdf,https://query.sse.com.cn/commonQuery.do?sqlId=COMMON_SSE_CP_GPJCTPZ_GPLB_GP_L,当前交易所法人全称与官方名单标准化后完全一致,身份关系已核实候选；ST、退市时点及资格缺口仍待处理,待从公司年度证券状态来源核实,入口候选，非最终样本；仍须复核主营业务、涉农收入占比、ST/退市状态及核心变量缺失,,,,,,年度ST区间待核实,,
600887,2022,内蒙古伊利实业集团股份有限公司,伊利股份,上海证券交易所,19960312,交易所当前法人主表已覆盖,龙头企业身份核实候选,,,,,0,,,,,,,,,,1,内蒙古伊利实业集团股份有限公司,2020,monitor_pass,https://www.moa.gov.cn/nybgb/2020/202012/202102/P020210201587636946140.pdf,https://query.sse.com.cn/commonQuery.do?sqlId=COMMON_SSE_CP_GPJCTPZ_GPLB_GP_L,当前交易所法人全称与官方名单标准化后完全一致,身份关系已核实候选；ST、退市时点及资格缺口仍待处理,待从公司年度证券状态来源核实,入口候选，非最终样本；仍须复核主营业务、涉农收入占比、ST/退市状态及核心变量缺失,,,,,,年度ST区间待核实,,
600962,2022,国投中鲁果汁股份有限公司,国投中鲁,上海证券交易所,20040622,交易所当前法人主表已覆盖,龙头企业身份核实候选,,,,,0,,,,,,,,,,1,国投中鲁果汁股份有限公司,2020,monitor_pass,https://www.moa.gov.cn/nybgb/2020/202012/202102/P020210201587636946140.pdf,https://query.sse.com.cn/commonQuery.do?sqlId=COMMON_SSE_CP_GPJCTPZ_GPLB_GP_L,当前交易所法人全称与官方名单标准化后完全一致,身份关系已核实候选；ST、退市时点及资格缺口仍待处理,待从公司年度证券状态来源核实,入口候选，非最终样本；仍须复核主营业务、涉农收入占比、ST/退市状态及核心变量缺失,,,,,,年度ST区间待核实,,
600965,2022,河北福成五丰食品股份有限公司,*ST福成,上海证券交易所,20040713,交易所当前法人主表已覆盖,龙头企业身份核实候选,,,,,0,,,,,,,,,,1,河北福成五丰食品股份有限公司,2020,monitor_pass,https://www.moa.gov.cn/nybgb/2020/202012/202102/P020210201587636946140.pdf,https://query.sse.com.cn/commonQuery.do?sqlId=COMMON_SSE_CP_GPJCTPZ_GPLB_GP_L,当前交易所法人全称与官方名单标准化后完全一致,身份关系已核实候选；ST、退市时点及资格缺口仍待处理,待从公司年度证券状态来源核实,入口候选，非最终样本；仍须复核主营业务、涉农收入占比、ST/退市状态及核心变量缺失,,,,,,年度ST区间待核实,,
600975,2022,湖南新五丰股份有限公司,新五丰,上海证券交易所,20040609,交易所当前法人主表已覆盖,龙头企业身份核实候选,,,,,0,,,,,,,,,,1,湖南新五丰股份有限公司,2020,monitor_pass,https://www.moa.gov.cn/nybgb/2020/202012/202102/P020210201587636946140.pdf,https://query.sse.com.cn/commonQuery.do?sqlId=COMMON_SSE_CP_GPJCTPZ_GPLB_GP_L,当前交易所法人全称与官方名单标准化后完全一致,身份关系已核实候选；ST、退市时点及资格缺口仍待处理,待从公司年度证券状态来源核实,入口候选，非最终样本；仍须复核主营业务、涉农收入占比、ST/退市状态及核心变量缺失,,,,,,年度ST区间待核实,,
601118,2022,海南天然橡胶产业集团股份有限公司,海南橡胶,上海证券交易所,20110107,交易所当前法人主表已覆盖,龙头企业身份核实候选,,,,,0,,,,,,,,,,1,海南天然橡胶产业集团股份有限公司,2020,monitor_pass,https://www.moa.gov.cn/nybgb/2020/202012/202102/P020210201587636946140.pdf,https://query.sse.com.cn/commonQuery.do?sqlId=COMMON_SSE_CP_GPJCTPZ_GPLB_GP_L,当前交易所法人全称与官方名单标准化后完全一致,身份关系已核实候选；ST、退市时点及资格缺口仍待处理,待从公司年度证券状态来源核实,入口候选，非最终样本；仍须复核主营业务、涉农收入占比、ST/退市状态及核心变量缺失,,,,,,年度ST区间待核实,,
601933,2022,永辉超市股份有限公司,永辉超市,上海证券交易所,20101215,交易所当前法人主表已覆盖,龙头企业身份核实候选,,,,,0,,,,,,,,,,1,永辉超市股份有限公司,2020,monitor_pass,https://www.moa.gov.cn/nybgb/2020/202012/202102/P020210201587636946140.pdf,https://query.sse.com.cn/commonQuery.do?sqlId=COMMON_SSE_CP_GPJCTPZ_GPLB_GP_L,当前交易所法人全称与官方名单标准化后完全一致,身份关系已核实候选；ST、退市时点及资格缺口仍待处理,待从公司年度证券状态来源核实,入口候选，非最终样本；仍须复核主营业务、涉农收入占比、ST/退市状态及核心变量缺失,,,,,,年度ST区间待核实,,
601996,2022,广西丰林木业集团股份有限公司,丰林集团,上海证券交易所,20110929,交易所当前法人主表已覆盖,龙头企业身份核实候选,,,,,0,,,,,,,,,,1,广西丰林木业集团股份有限公司,2020,monitor_pass,https://www.moa.gov.cn/nybgb/2020/202012/202102/P020210201587636946140.pdf,https://query.sse.com.cn/commonQuery.do?sqlId=COMMON_SSE_CP_GPJCTPZ_GPLB_GP_L,当前交易所法人全称与官方名单标准化后完全一致,身份关系已核实候选；ST、退市时点及资格缺口仍待处理,待从公司年度证券状态来源核实,入口候选，非最终样本；仍须复核主营业务、涉农收入占比、ST/退市状态及核心变量缺失,,,,,,年度ST区间待核实,,
603151,2022,山东邦基科技股份有限公司,邦基科技,上海证券交易所,20221019,交易所当前法人主表已覆盖,龙头企业身份核实候选,,,,,0,,,,,,,,,,1,山东邦基科技股份有限公司,2021,recognition,https://xccys.moa.gov.cn/gzdt/202201/t20220113_6386872.htm,https://query.sse.com.cn/commonQuery.do?sqlId=COMMON_SSE_CP_GPJCTPZ_GPLB_GP_L,当前交易所法人全称与官方名单标准化后完全一致,身份关系已核实候选；ST、退市时点及资格缺口仍待处理,待从公司年度证券状态来源核实,入口候选，非最终样本；仍须复核主营业务、涉农收入占比、ST/退市状态及核心变量缺失,,,,,,年度ST区间待核实,,
603156,2022,河北养元智汇饮品股份有限公司,养元饮品,上海证券交易所,20180212,交易所当前法人主表已覆盖,龙头企业身份核实候选,,,,,0,,,,,,,,,,1,河北养元智汇饮品股份有限公司,2020,monitor_pass,https://www.moa.gov.cn/nybgb/2020/202012/202102/P020210201587636946140.pdf,https://query.sse.com.cn/commonQuery.do?sqlId=COMMON_SSE_CP_GPJCTPZ_GPLB_GP_L,当前交易所法人全称与官方名单标准化后完全一致,身份关系已核实候选；ST、退市时点及资格缺口仍待处理,待从公司年度证券状态来源核实,入口候选，非最终样本；仍须复核主营业务、涉农收入占比、ST/退市状态及核心变量缺失,,,,,,年度ST区间待核实,,
603237,2022,浙江五芳斋实业股份有限公司,五芳斋,上海证券交易所,20220831,交易所当前法人主表已覆盖,龙头企业身份核实候选,,,,,0,,,,,,,,,,1,浙江五芳斋实业股份有限公司,2020,monitor_pass,https://www.moa.gov.cn/nybgb/2020/202012/202102/P020210201587636946140.pdf,https://query.sse.com.cn/commonQuery.do?sqlId=COMMON_SSE_CP_GPJCTPZ_GPLB_GP_L,当前交易所法人全称与官方名单标准化后完全一致,身份关系已核实候选；ST、退市时点及资格缺口仍待处理,待从公司年度证券状态来源核实,入口候选，非最终样本；仍须复核主营业务、涉农收入占比、ST/退市状态及核心变量缺失,,,,,,年度ST区间待核实,,
603288,2022,佛山市海天调味食品股份有限公司,海天味业,上海证券交易所,20140211,交易所当前法人主表已覆盖,龙头企业身份核实候选,,,,,0,,,,,,,,,,1,佛山市海天调味食品股份有限公司,2021,recognition,https://xccys.moa.gov.cn/gzdt/202201/t20220113_6386872.htm,https://query.sse.com.cn/commonQuery.do?sqlId=COMMON_SSE_CP_GPJCTPZ_GPLB_GP_L,当前交易所法人全称与官方名单标准化后完全一致,身份关系已核实候选；ST、退市时点及资格缺口仍待处理,待从公司年度证券状态来源核实,入口候选，非最终样本；仍须复核主营业务、涉农收入占比、ST/退市状态及核心变量缺失,,,,,,年度ST区间待核实,,
603317,2022,四川天味食品集团股份有限公司,天味食品,上海证券交易所,20190416,交易所当前法人主表已覆盖,龙头企业身份核实候选,,,,,0,,,,,,,,,,1,四川天味食品集团股份有限公司,2020,monitor_pass,https://www.moa.gov.cn/nybgb/2020/202012/202102/P020210201587636946140.pdf,https://query.sse.com.cn/commonQuery.do?sqlId=COMMON_SSE_CP_GPJCTPZ_GPLB_GP_L,当前交易所法人全称与官方名单标准化后完全一致,身份关系已核实候选；ST、退市时点及资格缺口仍待处理,待从公司年度证券状态来源核实,入口候选，非最终样本；仍须复核主营业务、涉农收入占比、ST/退市状态及核心变量缺失,,,,,,年度ST区间待核实,,
603336,2022,宏辉果蔬股份有限公司,宏辉果蔬,上海证券交易所,20161124,交易所当前法人主表已覆盖,龙头企业身份核实候选,,,,,0,,,,,,,,,,1,宏辉果蔬股份有限公司,2020,replacement,https://www.moa.gov.cn/nybgb/2020/202012/202102/P020210201587636946140.pdf,https://query.sse.com.cn/commonQuery.do?sqlId=COMMON_SSE_CP_GPJCTPZ_GPLB_GP_L,当前交易所法人全称与官方名单标准化后完全一致,身份关系已核实候选；ST、退市时点及资格缺口仍待处理,待从公司年度证券状态来源核实,入口候选，非最终样本；仍须复核主营业务、涉农收入占比、ST/退市状态及核心变量缺失,,,,,,年度ST区间待核实,,
603345,2022,安井食品集团股份有限公司,安井食品,上海证券交易所,20170222,交易所当前法人主表已覆盖,龙头企业身份核实候选,,,,,0,,,,,,,,,,1,福建安井食品股份有限公司,2020,monitor_pass,https://www.moa.gov.cn/nybgb/2020/202012/202102/P020210201587636946140.pdf,https://static.cninfo.com.cn/finalpage/2022-03-09/1212526427.PDF,发行情况报告将当前公司明确释义为曾用旧全称的同一发行人,身份关系已核实候选；ST、退市时点及资格缺口仍待处理,待从公司年度证券状态来源核实,入口候选，非最终样本；仍须复核主营业务、涉农收入占比、ST/退市状态及核心变量缺失,,,,,,年度ST区间待核实,,
603363,2022,福建傲农生物科技集团股份有限公司,傲农生物,上海证券交易所,20170926,交易所当前法人主表已覆盖,龙头企业身份核实候选,,,,,0,,,,,,,,,,1,福建傲农生物科技集团股份有限公司,2021,recognition,https://xccys.moa.gov.cn/gzdt/202201/t20220113_6386872.htm,https://query.sse.com.cn/commonQuery.do?sqlId=COMMON_SSE_CP_GPJCTPZ_GPLB_GP_L,当前交易所法人全称与官方名单标准化后完全一致,身份关系已核实候选；ST、退市时点及资格缺口仍待处理,待从公司年度证券状态来源核实,入口候选，非最终样本；仍须复核主营业务、涉农收入占比、ST/退市状态及核心变量缺失,,,,,,年度ST区间待核实,,
603517,2022,绝味食品股份有限公司,ST绝味,上海证券交易所,20170317,交易所当前法人主表已覆盖,龙头企业身份核实候选,,,,,0,,,,,,,,,,1,绝味食品股份有限公司,2020,monitor_pass,https://www.moa.gov.cn/nybgb/2020/202012/202102/P020210201587636946140.pdf,https://query.sse.com.cn/commonQuery.do?sqlId=COMMON_SSE_CP_GPJCTPZ_GPLB_GP_L,当前交易所法人全称与官方名单标准化后完全一致,身份关系已核实候选；ST、退市时点及资格缺口仍待处理,待从公司年度证券状态来源核实,入口候选，非最终样本；仍须复核主营业务、涉农收入占比、ST/退市状态及核心变量缺失,,,,,,年度ST区间待核实,,
603668,2022,福建天马科技集团股份有限公司,天马科技,上海证券交易所,20170117,交易所当前法人主表已覆盖,龙头企业身份核实候选,,,,,0,,,,,,,,,,1,福建天马科技集团股份有限公司,2020,monitor_pass,https://www.moa.gov.cn/nybgb/2020/202012/202102/P020210201587636946140.pdf,https://query.sse.com.cn/commonQuery.do?sqlId=COMMON_SSE_CP_GPJCTPZ_GPLB_GP_L,当前交易所法人全称与官方名单标准化后完全一致,身份关系已核实候选；ST、退市时点及资格缺口仍待处理,待从公司年度证券状态来源核实,入口候选，非最终样本；仍须复核主营业务、涉农收入占比、ST/退市状态及核心变量缺失,,,,,,年度ST区间待核实,,
603708,2022,家家悦集团股份有限公司,家家悦,上海证券交易所,20161213,交易所当前法人主表已覆盖,龙头企业身份核实候选,,,,,0,,,,,,,,,,1,家家悦集团股份有限公司,2020,monitor_pass,https://www.moa.gov.cn/nybgb/2020/202012/202102/P020210201587636946140.pdf,https://query.sse.com.cn/commonQuery.do?sqlId=COMMON_SSE_CP_GPJCTPZ_GPLB_GP_L,当前交易所法人全称与官方名单标准化后完全一致,身份关系已核实候选；ST、退市时点及资格缺口仍待处理,待从公司年度证券状态来源核实,入口候选，非最终样本；仍须复核主营业务、涉农收入占比、ST/退市状态及核心变量缺失,,,,,,年度ST区间待核实,,
603896,2022,浙江寿仙谷医药股份有限公司,寿仙谷,上海证券交易所,20170510,交易所当前法人主表已覆盖,龙头企业身份核实候选,,,,,0,,,,,,,,,,1,浙江寿仙谷医药股份有限公司,2021,recognition,https://xccys.moa.gov.cn/gzdt/202201/t20220113_6386872.htm,https://query.sse.com.cn/commonQuery.do?sqlId=COMMON_SSE_CP_GPJCTPZ_GPLB_GP_L,当前交易所法人全称与官方名单标准化后完全一致,身份关系已核实候选；ST、退市时点及资格缺口仍待处理,待从公司年度证券状态来源核实,入口候选，非最终样本；仍须复核主营业务、涉农收入占比、ST/退市状态及核心变量缺失,,,,,,年度ST区间待核实,,
605016,2022,山东百龙创园生物科技股份有限公司,百龙创园,上海证券交易所,20210421,交易所当前法人主表已覆盖,龙头企业身份核实候选,,,,,0,,,,,,,,,,1,山东百龙创园生物科技股份有限公司,2021,recognition,https://xccys.moa.gov.cn/gzdt/202201/t20220113_6386872.htm,https://query.sse.com.cn/commonQuery.do?sqlId=COMMON_SSE_CP_GPJCTPZ_GPLB_GP_L,当前交易所法人全称与官方名单标准化后完全一致,身份关系已核实候选；ST、退市时点及资格缺口仍待处理,待从公司年度证券状态来源核实,入口候选，非最终样本；仍须复核主营业务、涉农收入占比、ST/退市状态及核心变量缺失,,,,,,年度ST区间待核实,,
605179,2022,浙江一鸣食品股份有限公司,一鸣食品,上海证券交易所,20201228,交易所当前法人主表已覆盖,龙头企业身份核实候选,,,,,0,,,,,,,,,,1,浙江一鸣食品股份有限公司,2020,monitor_pass,https://www.moa.gov.cn/nybgb/2020/202012/202102/P020210201587636946140.pdf,https://query.sse.com.cn/commonQuery.do?sqlId=COMMON_SSE_CP_GPJCTPZ_GPLB_GP_L,当前交易所法人全称与官方名单标准化后完全一致,身份关系已核实候选；ST、退市时点及资格缺口仍待处理,待从公司年度证券状态来源核实,入口候选，非最终样本；仍须复核主营业务、涉农收入占比、ST/退市状态及核心变量缺失,,,,,,年度ST区间待核实,,
605198,2022,烟台北方安德利果汁股份有限公司,安德利,上海证券交易所,20200918,交易所当前法人主表已覆盖,龙头企业身份核实候选,,,,,0,,,,,,,,,,1,烟台北方安德利果汁股份有限公司,2020,monitor_pass,https://www.moa.gov.cn/nybgb/2020/202012/202102/P020210201587636946140.pdf,https://query.sse.com.cn/commonQuery.do?sqlId=COMMON_SSE_CP_GPJCTPZ_GPLB_GP_L,当前交易所法人全称与官方名单标准化后完全一致,身份关系已核实候选；ST、退市时点及资格缺口仍待处理,待从公司年度证券状态来源核实,入口候选，非最终样本；仍须复核主营业务、涉农收入占比、ST/退市状态及核心变量缺失,,,,,,年度ST区间待核实,,
605296,2022,云南神农农业产业集团股份有限公司,神农集团,上海证券交易所,20210528,交易所当前法人主表已覆盖,龙头企业身份核实候选,,,,,0,,,,,,,,,,1,云南神农农业产业集团股份有限公司,2020,monitor_pass,https://www.moa.gov.cn/nybgb/2020/202012/202102/P020210201587636946140.pdf,https://query.sse.com.cn/commonQuery.do?sqlId=COMMON_SSE_CP_GPJCTPZ_GPLB_GP_L,当前交易所法人全称与官方名单标准化后完全一致,身份关系已核实候选；ST、退市时点及资格缺口仍待处理,待从公司年度证券状态来源核实,入口候选，非最终样本；仍须复核主营业务、涉农收入占比、ST/退市状态及核心变量缺失,,,,,,年度ST区间待核实,,
605337,2022,浙江李子园食品股份有限公司,李子园,上海证券交易所,20210208,交易所当前法人主表已覆盖,龙头企业身份核实候选,,,,,0,,,,,,,,,,1,浙江李子园食品股份有限公司,2020,monitor_pass,https://www.moa.gov.cn/nybgb/2020/202012/202102/P020210201587636946140.pdf,https://query.sse.com.cn/commonQuery.do?sqlId=COMMON_SSE_CP_GPJCTPZ_GPLB_GP_L,当前交易所法人全称与官方名单标准化后完全一致,身份关系已核实候选；ST、退市时点及资格缺口仍待处理,待从公司年度证券状态来源核实,入口候选，非最终样本；仍须复核主营业务、涉农收入占比、ST/退市状态及核心变量缺失,,,,,,年度ST区间待核实,,
605338,2022,中饮巴比食品股份有限公司,巴比食品,上海证券交易所,20201012,交易所当前法人主表已覆盖,龙头企业身份核实候选,,,,,0,,,,,,,,,,1,中饮巴比食品股份有限公司,2020,monitor_pass,https://www.moa.gov.cn/nybgb/2020/202012/202102/P020210201587636946140.pdf,https://query.sse.com.cn/commonQuery.do?sqlId=COMMON_SSE_CP_GPJCTPZ_GPLB_GP_L,当前交易所法人全称与官方名单标准化后完全一致,身份关系已核实候选；ST、退市时点及资格缺口仍待处理,待从公司年度证券状态来源核实,入口候选，非最终样本；仍须复核主营业务、涉农收入占比、ST/退市状态及核心变量缺失,,,,,,年度ST区间待核实,,
605589,2022,济南圣泉集团股份有限公司,圣泉集团,上海证券交易所,20210810,交易所当前法人主表已覆盖,龙头企业身份核实候选,,,,,0,,,,,,,,,,1,济南圣泉集团股份有限公司,2020,monitor_pass,https://www.moa.gov.cn/nybgb/2020/202012/202102/P020210201587636946140.pdf,https://query.sse.com.cn/commonQuery.do?sqlId=COMMON_SSE_CP_GPJCTPZ_GPLB_GP_L,当前交易所法人全称与官方名单标准化后完全一致,身份关系已核实候选；ST、退市时点及资格缺口仍待处理,待从公司年度证券状态来源核实,入口候选，非最终样本；仍须复核主营业务、涉农收入占比、ST/退市状态及核心变量缺失,,,,,,年度ST区间待核实,,
000048,2023,深圳市京基智农时代股份有限公司,京基智农,深圳证券交易所,1994-11-01,交易所当前法人主表已覆盖,行业分类候选,,,,,1,京基智农,2023H2,03,畜牧业,否,中国上市公司协会,《中国上市公司协会上市公司行业统计分类指引》（2023）,2023H2.pdf,候选待年报复核,0,,,,,,,,已由当期行业分类证券简称标记：否,入口候选，非最终样本；仍须复核主营业务、涉农收入占比、ST/退市状态及核心变量缺失,,,,,,年度ST区间待核实,,
000423,2023,东阿阿胶股份有限公司,东阿阿胶,深圳证券交易所,1996-07-29,交易所当前法人主表已覆盖,龙头企业身份核实候选,,,,,0,,,,,,,,,,1,东阿阿胶股份有限公司,2023,monitor_pass,https://www.moa.gov.cn/nybgb/2023/202306/202307/P020230719348171286633.pdf,https://www.szse.cn/api/report/index/companyGeneralization?secCode=000423,当前交易所法人全称与官方名单标准化后完全一致,身份关系已核实候选；ST、退市时点及资格缺口仍待处理,待从公司年度证券状态来源核实,入口候选，非最终样本；仍须复核主营业务、涉农收入占比、ST/退市状态及核心变量缺失,,,,,,年度ST区间待核实,,
000538,2023,云南白药集团股份有限公司,云南白药,深圳证券交易所,1993-12-15,交易所当前法人主表已覆盖,龙头企业身份核实候选,,,,,0,,,,,,,,,,1,云南白药集团股份有限公司,2023,monitor_pass,https://www.moa.gov.cn/nybgb/2023/202306/202307/P020230719348171286633.pdf,https://www.szse.cn/api/report/index/companyGeneralization?secCode=000538,当前交易所法人全称与官方名单标准化后完全一致,身份关系已核实候选；ST、退市时点及资格缺口仍待处理,待从公司年度证券状态来源核实,入口候选，非最终样本；仍须复核主营业务、涉农收入占比、ST/退市状态及核心变量缺失,,,,,,年度ST区间待核实,,
000568,2023,泸州老窖股份有限公司,泸州老窖,深圳证券交易所,1994-05-09,交易所当前法人主表已覆盖,龙头企业身份核实候选,,,,,0,,,,,,,,,,1,泸州老窖股份有限公司,2023,monitor_pass,https://www.moa.gov.cn/nybgb/2023/202306/202307/P020230719348171286633.pdf,https://www.szse.cn/api/report/index/companyGeneralization?secCode=000568,当前交易所法人全称与官方名单标准化后完全一致,身份关系已核实候选；ST、退市时点及资格缺口仍待处理,待从公司年度证券状态来源核实,入口候选，非最终样本；仍须复核主营业务、涉农收入占比、ST/退市状态及核心变量缺失,,,,,,年度ST区间待核实,,
000623,2023,吉林敖东药业集团股份有限公司,吉林敖东,深圳证券交易所,1996-10-28,交易所当前法人主表已覆盖,龙头企业身份核实候选,,,,,0,,,,,,,,,,1,吉林敖东药业集团股份有限公司,2023,monitor_pass,https://www.moa.gov.cn/nybgb/2023/202306/202307/P020230719348171286633.pdf,https://www.szse.cn/api/report/index/companyGeneralization?secCode=000623,当前交易所法人全称与官方名单标准化后完全一致,身份关系已核实候选；ST、退市时点及资格缺口仍待处理,待从公司年度证券状态来源核实,入口候选，非最终样本；仍须复核主营业务、涉农收入占比、ST/退市状态及核心变量缺失,,,,,,年度ST区间待核实,,
000713,2023,国投丰乐种业股份有限公司,国投丰乐,深圳证券交易所,1997-04-22,交易所当前法人主表已覆盖,行业分类候选+龙头企业身份核实候选,,,,,1,丰乐种业,2023H2,05,农、林、牧、渔专业及辅助性活动,否,中国上市公司协会,《中国上市公司协会上市公司行业统计分类指引》（2023）,2023H2.pdf,候选待年报复核,1,合肥丰乐种业股份有限公司,2023,monitor_pass,https://www.moa.gov.cn/nybgb/2023/202306/202307/P020230719348171286633.pdf,https://static.cninfo.com.cn/finalpage/2025-08-30/1224620910.PDF,半年度报告明确当前公司曾用名单名称且证券代码保持000713,身份关系已核实候选；ST、退市时点及资格缺口仍待处理,已由当期行业分类证券简称标记：否,入口候选，非最终样本；仍须复核主营业务、涉农收入占比、ST/退市状态及核心变量缺失,,,,,,年度ST区间待核实,,
000735,2023,罗牛山股份有限公司,罗 牛 山,深圳证券交易所,1997-06-11,交易所当前法人主表已覆盖,行业分类候选+龙头企业身份核实候选,,,,,1,罗牛山,2023H2,03,畜牧业,否,中国上市公司协会,《中国上市公司协会上市公司行业统计分类指引》（2023）,2023H2.pdf,候选待年报复核,1,罗牛山股份有限公司,2023,monitor_pass,https://www.moa.gov.cn/nybgb/2023/202306/202307/P020230719348171286633.pdf,https://www.szse.cn/api/report/index/companyGeneralization?secCode=000735,当前交易所法人全称与官方名单标准化后完全一致,身份关系已核实候选；ST、退市时点及资格缺口仍待处理,已由当期行业分类证券简称标记：否,入口候选，非最终样本；仍须复核主营业务、涉农收入占比、ST/退市状态及核心变量缺失,,,,,,年度ST区间待核实,,
000798,2023,中水集团远洋股份有限公司,中水渔业,深圳证券交易所,1998-02-12,交易所当前法人主表已覆盖,行业分类候选,,,,,1,中水渔业,2023H2,04,渔业,否,中国上市公司协会,《中国上市公司协会上市公司行业统计分类指引》（2023）,2023H2.pdf,候选待年报复核,0,,,,,,,,已由当期行业分类证券简称标记：否,入口候选，非最终样本；仍须复核主营业务、涉农收入占比、ST/退市状态及核心变量缺失,,,,,,年度ST区间待核实,,
000848,2023,承德露露股份公司,承德露露,深圳证券交易所,1997-11-13,交易所当前法人主表已覆盖,龙头企业身份核实候选,,,,,0,,,,,,,,,,1,承德露露股份公司,2023,monitor_pass,https://www.moa.gov.cn/nybgb/2023/202306/202307/P020230719348171286633.pdf,https://www.szse.cn/api/report/index/companyGeneralization?secCode=000848,当前交易所法人全称与官方名单标准化后完全一致,身份关系已核实候选；ST、退市时点及资格缺口仍待处理,待从公司年度证券状态来源核实,入口候选，非最终样本；仍须复核主营业务、涉农收入占比、ST/退市状态及核心变量缺失,,,,,,年度ST区间待核实,,
000860,2023,北京顺鑫农业股份有限公司,顺鑫农业,深圳证券交易所,1998-11-04,交易所当前法人主表已覆盖,龙头企业身份核实候选,,,,,0,,,,,,,,,,1,北京顺鑫农业股份有限公司,2023,monitor_pass,https://www.moa.gov.cn/nybgb/2023/202306/202307/P020230719348171286633.pdf,https://www.szse.cn/api/report/index/companyGeneralization?secCode=000860,当前交易所法人全称与官方名单标准化后完全一致,身份关系已核实候选；ST、退市时点及资格缺口仍待处理,待从公司年度证券状态来源核实,入口候选，非最终样本；仍须复核主营业务、涉农收入占比、ST/退市状态及核心变量缺失,,,,,,年度ST区间待核实,,
000910,2023,大亚圣象家居股份有限公司,大亚圣象,深圳证券交易所,1999-06-30,交易所当前法人主表已覆盖,龙头企业身份核实候选,,,,,0,,,,,,,,,,1,大亚圣象家居股份有限公司,2023,monitor_pass,https://www.moa.gov.cn/nybgb/2023/202306/202307/P020230719348171286633.pdf,https://www.szse.cn/api/report/index/companyGeneralization?secCode=000910,当前交易所法人全称与官方名单标准化后完全一致,身份关系已核实候选；ST、退市时点及资格缺口仍待处理,待从公司年度证券状态来源核实,入口候选，非最终样本；仍须复核主营业务、涉农收入占比、ST/退市状态及核心变量缺失,,,,,,年度ST区间待核实,,
000998,2023,袁隆平农业高科技股份有限公司,隆平高科,深圳证券交易所,2000-12-11,交易所当前法人主表已覆盖,行业分类候选+龙头企业身份核实候选,,,,,1,隆平高科,2023H2,05,农、林、牧、渔专业及辅助性活动,否,中国上市公司协会,《中国上市公司协会上市公司行业统计分类指引》（2023）,2023H2.pdf,候选待年报复核,1,袁隆平农业高科技股份有限公司,2023,monitor_pass,https://www.moa.gov.cn/nybgb/2023/202306/202307/P020230719348171286633.pdf,https://www.szse.cn/api/report/index/companyGeneralization?secCode=000998,当前交易所法人全称与官方名单标准化后完全一致,身份关系已核实候选；ST、退市时点及资格缺口仍待处理,已由当期行业分类证券简称标记：否,入口候选，非最终样本；仍须复核主营业务、涉农收入占比、ST/退市状态及核心变量缺失,,,,,,年度ST区间待核实,,
001201,2023,东瑞食品集团股份有限公司,东瑞股份,深圳证券交易所,2021-04-28,交易所当前法人主表已覆盖,行业分类候选+龙头企业身份核实候选,,,,,1,东瑞股份,2023H2,03,畜牧业,否,中国上市公司协会,《中国上市公司协会上市公司行业统计分类指引》（2023）,2023H2.pdf,候选待年报复核,1,东瑞食品集团股份有限公司,2023,monitor_pass,https://www.moa.gov.cn/nybgb/2023/202306/202307/P020230719348171286633.pdf,https://www.szse.cn/api/report/index/companyGeneralization?secCode=001201,当前交易所法人全称与官方名单标准化后完全一致,身份关系已核实候选；ST、退市时点及资格缺口仍待处理,已由当期行业分类证券简称标记：否,入口候选，非最终样本；仍须复核主营业务、涉农收入占比、ST/退市状态及核心变量缺失,,,,,,年度ST区间待核实,,
002041,2023,山东登海种业股份有限公司,登海种业,深圳证券交易所,2005-04-18,交易所当前法人主表已覆盖,行业分类候选+龙头企业身份核实候选,,,,,1,登海种业,2023H2,05,农、林、牧、渔专业及辅助性活动,否,中国上市公司协会,《中国上市公司协会上市公司行业统计分类指引》（2023）,2023H2.pdf,候选待年报复核,1,山东登海种业股份有限公司,2023,monitor_pass,https://www.moa.gov.cn/nybgb/2023/202306/202307/P020230719348171286633.pdf,https://www.szse.cn/api/report/index/companyGeneralization?secCode=002041,当前交易所法人全称与官方名单标准化后完全一致,身份关系已核实候选；ST、退市时点及资格缺口仍待处理,已由当期行业分类证券简称标记：否,入口候选，非最终样本；仍须复核主营业务、涉农收入占比、ST/退市状态及核心变量缺失,,,,,,年度ST区间待核实,,
002069,2023,獐子岛集团股份有限公司,獐子岛,深圳证券交易所,2006-09-28,交易所当前法人主表已覆盖,行业分类候选,,,,,1,獐子岛,2023H2,04,渔业,否,中国上市公司协会,《中国上市公司协会上市公司行业统计分类指引》（2023）,2023H2.pdf,候选待年报复核,0,,,,,,,,已由当期行业分类证券简称标记：否,入口候选，非最终样本；仍须复核主营业务、涉农收入占比、ST/退市状态及核心变量缺失,是,否,https://static.cninfo.com.cn/finalpage/2022-04-30/1213263536.PDF,https://static.cninfo.com.cn/finalpage/2023-05-27/1216922290.PDF,区间已闭合,已由法定公告核实本年存在ST风险警示,,
002086,2023,山东东方海洋科技股份有限公司,东方海洋,深圳证券交易所,2006-11-28,交易所当前法人主表已覆盖,行业分类候选,,,,,1,*ST东洋,2023H2,04,渔业,是,中国上市公司协会,《中国上市公司协会上市公司行业统计分类指引》（2023）,2023H2.pdf,候选待年报复核,0,,,,,,,,已由当期行业分类证券简称标记：是,入口候选，非最终样本；仍须复核主营业务、涉农收入占比、ST/退市状态及核心变量缺失,是,是,https://static.cninfo.com.cn/finalpage/2019-02-15/1205834790.PDF,,样本期内起点已核实_终点待闭合,已由法定公告核实本年存在ST风险警示,,
002100,2023,天康生物股份有限公司,天康生物,深圳证券交易所,2006-12-26,交易所当前法人主表已覆盖,龙头企业身份核实候选,,,,,0,,,,,,,,,,1,天康生物股份有限公司,2023,monitor_pass,https://www.moa.gov.cn/nybgb/2023/202306/202307/P020230719348171286633.pdf,https://www.szse.cn/api/report/index/companyGeneralization?secCode=002100,当前交易所法人全称与官方名单标准化后完全一致,身份关系已核实候选；ST、退市时点及资格缺口仍待处理,待从公司年度证券状态来源核实,入口候选，非最终样本；仍须复核主营业务、涉农收入占比、ST/退市状态及核心变量缺失,,,,,,年度ST区间待核实,,
002124,2023,天邦食品股份有限公司,天邦食品,深圳证券交易所,2007-04-03,交易所当前法人主表已覆盖,行业分类候选+龙头企业身份核实候选,,,,,1,天邦食品,2023H2,03,畜牧业,否,中国上市公司协会,《中国上市公司协会上市公司行业统计分类指引》（2023）,2023H2.pdf,候选待年报复核,1,天邦食品股份有限公司,2023,monitor_pass,https://www.moa.gov.cn/nybgb/2023/202306/202307/P020230719348171286633.pdf,https://www.szse.cn/api/report/index/companyGeneralization?secCode=002124,当前交易所法人全称与官方名单标准化后完全一致,身份关系已核实候选；ST、退市时点及资格缺口仍待处理,已由当期行业分类证券简称标记：否,入口候选，非最终样本；仍须复核主营业务、涉农收入占比、ST/退市状态及核心变量缺失,,,,,,年度ST区间待核实,,
002157,2023,江西正邦科技股份有限公司,正邦科技,深圳证券交易所,2007-08-17,交易所当前法人主表已覆盖,行业分类候选,,,,,1,*ST正邦,2023H2,03,畜牧业,是,中国上市公司协会,《中国上市公司协会上市公司行业统计分类指引》（2023）,2023H2.pdf,候选待年报复核,0,,,,,,,,已由当期行业分类证券简称标记：是,入口候选，非最终样本；仍须复核主营业务、涉农收入占比、ST/退市状态及核心变量缺失,是,是,https://static.cninfo.com.cn/finalpage/2023-04-29/1216705288.PDF,,样本期内起点已核实_终点待闭合,已由法定公告核实本年存在ST风险警示,,
002166,2023,桂林莱茵生物科技股份有限公司,莱茵生物,深圳证券交易所,2007-09-13,交易所当前法人主表已覆盖,龙头企业身份核实候选,,,,,0,,,,,,,,,,1,桂林莱茵生物科技股份有限公司,2023,monitor_pass,https://www.moa.gov.cn/nybgb/2023/202306/202307/P020230719348171286633.pdf,https://www.szse.cn/api/report/index/companyGeneralization?secCode=002166,当前交易所法人全称与官方名单标准化后完全一致,身份关系已核实候选；ST、退市时点及资格缺口仍待处理,待从公司年度证券状态来源核实,入口候选，非最终样本；仍须复核主营业务、涉农收入占比、ST/退市状态及核心变量缺失,,,,,,年度ST区间待核实,,
002216,2023,三全食品股份有限公司,三全食品,深圳证券交易所,2008-02-20,交易所当前法人主表已覆盖,龙头企业身份核实候选,,,,,0,,,,,,,,,,1,三全食品股份有限公司,2023,monitor_pass,https://www.moa.gov.cn/nybgb/2023/202306/202307/P020230719348171286633.pdf,https://www.szse.cn/api/report/index/companyGeneralization?secCode=002216,当前交易所法人全称与官方名单标准化后完全一致,身份关系已核实候选；ST、退市时点及资格缺口仍待处理,待从公司年度证券状态来源核实,入口候选，非最终样本；仍须复核主营业务、涉农收入占比、ST/退市状态及核心变量缺失,,,,,,年度ST区间待核实,,
002234,2023,山东民和牧业股份有限公司,民和股份,深圳证券交易所,2008-05-16,交易所当前法人主表已覆盖,行业分类候选+龙头企业身份核实候选,,,,,1,民和股份,2023H2,03,畜牧业,否,中国上市公司协会,《中国上市公司协会上市公司行业统计分类指引》（2023）,2023H2.pdf,候选待年报复核,1,山东民和牧业股份有限公司,2023,monitor_pass,https://www.moa.gov.cn/nybgb/2023/202306/202307/P020230719348171286633.pdf,https://www.szse.cn/api/report/index/companyGeneralization?secCode=002234,当前交易所法人全称与官方名单标准化后完全一致,身份关系已核实候选；ST、退市时点及资格缺口仍待处理,已由当期行业分类证券简称标记：否,入口候选，非最终样本；仍须复核主营业务、涉农收入占比、ST/退市状态及核心变量缺失,,,,,,年度ST区间待核实,,
002286,2023,保龄宝生物股份有限公司,保龄宝,深圳证券交易所,2009-08-28,交易所当前法人主表已覆盖,龙头企业身份核实候选,,,,,0,,,,,,,,,,1,保龄宝生物股份有限公司,2023,monitor_pass,https://www.moa.gov.cn/nybgb/2023/202306/202307/P020230719348171286633.pdf,https://www.szse.cn/api/report/index/companyGeneralization?secCode=002286,当前交易所法人全称与官方名单标准化后完全一致,身份关系已核实候选；ST、退市时点及资格缺口仍待处理,待从公司年度证券状态来源核实,入口候选，非最终样本；仍须复核主营业务、涉农收入占比、ST/退市状态及核心变量缺失,,,,,,年度ST区间待核实,,
002299,2023,福建圣农发展股份有限公司,圣农发展,深圳证券交易所,2009-10-21,交易所当前法人主表已覆盖,行业分类候选,,,,,1,圣农发展,2023H2,03,畜牧业,否,中国上市公司协会,《中国上市公司协会上市公司行业统计分类指引》（2023）,2023H2.pdf,候选待年报复核,0,,,,,,,,已由当期行业分类证券简称标记：否,入口候选，非最终样本；仍须复核主营业务、涉农收入占比、ST/退市状态及核心变量缺失,,,,,,年度ST区间待核实,,
002311,2023,广东海大集团股份有限公司,海大集团,深圳证券交易所,2009-11-27,交易所当前法人主表已覆盖,龙头企业身份核实候选,,,,,0,,,,,,,,,,1,广东海大集团股份有限公司,2023,monitor_pass,https://www.moa.gov.cn/nybgb/2023/202306/202307/P020230719348171286633.pdf,https://www.szse.cn/api/report/index/companyGeneralization?secCode=002311,当前交易所法人全称与官方名单标准化后完全一致,身份关系已核实候选；ST、退市时点及资格缺口仍待处理,待从公司年度证券状态来源核实,入口候选，非最终样本；仍须复核主营业务、涉农收入占比、ST/退市状态及核心变量缺失,,,,,,年度ST区间待核实,,
002321,2023,河南华英农业发展股份有限公司,华英农业,深圳证券交易所,2009-12-16,交易所当前法人主表已覆盖,行业分类候选+龙头企业身份核实候选,,,,,1,华英农业,2023H2,03,畜牧业,否,中国上市公司协会,《中国上市公司协会上市公司行业统计分类指引》（2023）,2023H2.pdf,候选待年报复核,1,河南华英农业发展股份有限公司,2023,monitor_pass,https://www.moa.gov.cn/nybgb/2023/202306/202307/P020230719348171286633.pdf,https://www.szse.cn/api/report/index/companyGeneralization?secCode=002321,当前交易所法人全称与官方名单标准化后完全一致,身份关系已核实候选；ST、退市时点及资格缺口仍待处理,已由当期行业分类证券简称标记：否,入口候选，非最终样本；仍须复核主营业务、涉农收入占比、ST/退市状态及核心变量缺失,是,否,https://static.cninfo.com.cn/finalpage/2021-04-29/1209860413.PDF,https://static.cninfo.com.cn/finalpage/2023-06-06/1216994176.PDF,区间已闭合,已由法定公告核实本年存在ST风险警示,,
002329,2023,皇氏集团股份有限公司,皇氏集团,深圳证券交易所,2010-01-06,交易所当前法人主表已覆盖,龙头企业身份核实候选,,,,,0,,,,,,,,,,1,皇氏集团股份有限公司,2023,monitor_pass,https://www.moa.gov.cn/nybgb/2023/202306/202307/P020230719348171286633.pdf,https://www.szse.cn/api/report/index/companyGeneralization?secCode=002329,当前交易所法人全称与官方名单标准化后完全一致,身份关系已核实候选；ST、退市时点及资格缺口仍待处理,待从公司年度证券状态来源核实,入口候选，非最终样本；仍须复核主营业务、涉农收入占比、ST/退市状态及核心变量缺失,,,,,,年度ST区间待核实,,
002385,2023,北京大北农科技集团股份有限公司,大北农,深圳证券交易所,2010-04-09,交易所当前法人主表已覆盖,龙头企业身份核实候选,,,,,0,,,,,,,,,,1,北京大北农科技集团股份有限公司,2023,monitor_pass,https://www.moa.gov.cn/nybgb/2023/202306/202307/P020230719348171286633.pdf,https://www.szse.cn/api/report/index/companyGeneralization?secCode=002385,当前交易所法人全称与官方名单标准化后完全一致,身份关系已核实候选；ST、退市时点及资格缺口仍待处理,待从公司年度证券状态来源核实,入口候选，非最终样本；仍须复核主营业务、涉农收入占比、ST/退市状态及核心变量缺失,,,,,,年度ST区间待核实,,
002390,2023,贵州信邦制药股份有限公司,信邦制药,深圳证券交易所,2010-04-16,交易所当前法人主表已覆盖,龙头企业身份核实候选,,,,,0,,,,,,,,,,1,贵州信邦制药股份有限公司,2023,monitor_pass,https://www.moa.gov.cn/nybgb/2023/202306/202307/P020230719348171286633.pdf,https://www.szse.cn/api/report/index/companyGeneralization?secCode=002390,当前交易所法人全称与官方名单标准化后完全一致,身份关系已核实候选；ST、退市时点及资格缺口仍待处理,待从公司年度证券状态来源核实,入口候选，非最终样本；仍须复核主营业务、涉农收入占比、ST/退市状态及核心变量缺失,,,,,,年度ST区间待核实,,
002424,2023,贵州百灵企业集团制药股份有限公司,ST百灵,深圳证券交易所,2010-06-03,交易所当前法人主表已覆盖,龙头企业身份核实候选,,,,,0,,,,,,,,,,1,贵州百灵企业集团制药股份有限公司,2023,monitor_pass,https://www.moa.gov.cn/nybgb/2023/202306/202307/P020230719348171286633.pdf,https://www.szse.cn/api/report/index/companyGeneralization?secCode=002424,当前交易所法人全称与官方名单标准化后完全一致,身份关系已核实候选；ST、退市时点及资格缺口仍待处理,待从公司年度证券状态来源核实,入口候选，非最终样本；仍须复核主营业务、涉农收入占比、ST/退市状态及核心变量缺失,,,,,,年度ST区间待核实,,
002431,2023,棕榈生态城镇发展股份有限公司,ST棕榈,深圳证券交易所,2010-06-10,交易所当前法人主表已覆盖,龙头企业身份核实候选,,,,,0,,,,,,,,,,1,棕榈生态城镇发展股份有限公司,2023,monitor_pass,https://www.moa.gov.cn/nybgb/2023/202306/202307/P020230719348171286633.pdf,https://www.szse.cn/api/report/index/companyGeneralization?secCode=002431,当前交易所法人全称与官方名单标准化后完全一致,身份关系已核实候选；ST、退市时点及资格缺口仍待处理,待从公司年度证券状态来源核实,入口候选，非最终样本；仍须复核主营业务、涉农收入占比、ST/退市状态及核心变量缺失,,,,,,年度ST区间待核实,,
002458,2023,山东益生种畜禽股份有限公司,益生股份,深圳证券交易所,2010-08-10,交易所当前法人主表已覆盖,行业分类候选+龙头企业身份核实候选,,,,,1,益生股份,2023H2,03,畜牧业,否,中国上市公司协会,《中国上市公司协会上市公司行业统计分类指引》（2023）,2023H2.pdf,候选待年报复核,1,山东益生种畜禽股份有限公司,2023,monitor_pass,https://www.moa.gov.cn/nybgb/2023/202306/202307/P020230719348171286633.pdf,https://www.szse.cn/api/report/index/companyGeneralization?secCode=002458,当前交易所法人全称与官方名单标准化后完全一致,身份关系已核实候选；ST、退市时点及资格缺口仍待处理,已由当期行业分类证券简称标记：否,入口候选，非最终样本；仍须复核主营业务、涉农收入占比、ST/退市状态及核心变量缺失,,,,,,年度ST区间待核实,,
002481,2023,烟台双塔食品股份有限公司,双塔食品,深圳证券交易所,2010-09-21,交易所当前法人主表已覆盖,龙头企业身份核实候选,,,,,0,,,,,,,,,,1,烟台双塔食品股份有限公司,2023,replacement,https://www.moa.gov.cn/nybgb/2023/202306/202307/P020230719348171286633.pdf,https://www.szse.cn/api/report/index/companyGeneralization?secCode=002481,当前交易所法人全称与官方名单标准化后完全一致,身份关系已核实候选；ST、退市时点及资格缺口仍待处理,待从公司年度证券状态来源核实,入口候选，非最终样本；仍须复核主营业务、涉农收入占比、ST/退市状态及核心变量缺失,,,,,,年度ST区间待核实,,
002507,2023,重庆市涪陵榨菜集团股份有限公司,涪陵榨菜,深圳证券交易所,2010-11-23,交易所当前法人主表已覆盖,龙头企业身份核实候选,,,,,0,,,,,,,,,,1,重庆市涪陵榨菜集团股份有限公司,2023,monitor_pass,https://www.moa.gov.cn/nybgb/2023/202306/202307/P020230719348171286633.pdf,https://www.szse.cn/api/report/index/companyGeneralization?secCode=002507,当前交易所法人全称与官方名单标准化后完全一致,身份关系已核实候选；ST、退市时点及资格缺口仍待处理,待从公司年度证券状态来源核实,入口候选，非最终样本；仍须复核主营业务、涉农收入占比、ST/退市状态及核心变量缺失,,,,,,年度ST区间待核实,,
002548,2023,深圳市金新农科技股份有限公司,金新农,深圳证券交易所,2011-02-18,交易所当前法人主表已覆盖,龙头企业身份核实候选,,,,,0,,,,,,,,,,1,深圳市金新农科技股份有限公司,2021,recognition,https://xccys.moa.gov.cn/gzdt/202201/t20220113_6386872.htm,https://www.szse.cn/api/report/index/companyGeneralization?secCode=002548,当前交易所法人全称与官方名单标准化后完全一致,身份关系已核实候选；ST、退市时点及资格缺口仍待处理,待从公司年度证券状态来源核实,入口候选，非最终样本；仍须复核主营业务、涉农收入占比、ST/退市状态及核心变量缺失,,,,,,年度ST区间待核实,,
002557,2023,洽洽食品股份有限公司,洽洽食品,深圳证券交易所,2011-03-02,交易所当前法人主表已覆盖,龙头企业身份核实候选,,,,,0,,,,,,,,,,1,洽洽食品股份有限公司,2023,monitor_pass,https://www.moa.gov.cn/nybgb/2023/202306/202307/P020230719348171286633.pdf,https://www.szse.cn/api/report/index/companyGeneralization?secCode=002557,当前交易所法人全称与官方名单标准化后完全一致,身份关系已核实候选；ST、退市时点及资格缺口仍待处理,待从公司年度证券状态来源核实,入口候选，非最终样本；仍须复核主营业务、涉农收入占比、ST/退市状态及核心变量缺失,,,,,,年度ST区间待核实,,
002566,2023,吉林省集安益盛药业股份有限公司,益盛药业,深圳证券交易所,2011-03-18,交易所当前法人主表已覆盖,龙头企业身份核实候选,,,,,0,,,,,,,,,,1,吉林省集安益盛药业股份有限公司,2023,monitor_pass,https://www.moa.gov.cn/nybgb/2023/202306/202307/P020230719348171286633.pdf,https://www.szse.cn/api/report/index/companyGeneralization?secCode=002566,当前交易所法人全称与官方名单标准化后完全一致,身份关系已核实候选；ST、退市时点及资格缺口仍待处理,待从公司年度证券状态来源核实,入口候选，非最终样本；仍须复核主营业务、涉农收入占比、ST/退市状态及核心变量缺失,,,,,,年度ST区间待核实,,
002567,2023,唐人神集团股份有限公司,唐人神,深圳证券交易所,2011-03-25,交易所当前法人主表已覆盖,龙头企业身份核实候选,,,,,0,,,,,,,,,,1,唐人神集团股份有限公司,2023,monitor_pass,https://www.moa.gov.cn/nybgb/2023/202306/202307/P020230719348171286633.pdf,https://www.szse.cn/api/report/index/companyGeneralization?secCode=002567,当前交易所法人全称与官方名单标准化后完全一致,身份关系已核实候选；ST、退市时点及资格缺口仍待处理,待从公司年度证券状态来源核实,入口候选，非最终样本；仍须复核主营业务、涉农收入占比、ST/退市状态及核心变量缺失,,,,,,年度ST区间待核实,,
002582,2023,好想你健康食品股份有限公司,好想你,深圳证券交易所,2011-05-20,交易所当前法人主表已覆盖,龙头企业身份核实候选,,,,,0,,,,,,,,,,1,好想你健康食品股份有限公司,2023,monitor_pass,https://www.moa.gov.cn/nybgb/2023/202306/202307/P020230719348171286633.pdf,https://www.szse.cn/api/report/index/companyGeneralization?secCode=002582,当前交易所法人全称与官方名单标准化后完全一致,身份关系已核实候选；ST、退市时点及资格缺口仍待处理,待从公司年度证券状态来源核实,入口候选，非最终样本；仍须复核主营业务、涉农收入占比、ST/退市状态及核心变量缺失,,,,,,年度ST区间待核实,,
002650,2023,加加食品集团股份有限公司,ST加加,深圳证券交易所,2012-01-06,交易所当前法人主表已覆盖,龙头企业身份核实候选,,,,,0,,,,,,,,,,1,加加食品集团股份有限公司,2023,monitor_pass,https://www.moa.gov.cn/nybgb/2023/202306/202307/P020230719348171286633.pdf,https://www.szse.cn/api/report/index/companyGeneralization?secCode=002650,当前交易所法人全称与官方名单标准化后完全一致,身份关系已核实候选；ST、退市时点及资格缺口仍待处理,待从公司年度证券状态来源核实,入口候选，非最终样本；仍须复核主营业务、涉农收入占比、ST/退市状态及核心变量缺失,,,,,,年度ST区间待核实,,
002661,2023,陈克明食品股份有限公司,克明食品,深圳证券交易所,2012-03-16,交易所当前法人主表已覆盖,龙头企业身份核实候选,,,,,0,,,,,,,,,,1,陈克明食品股份有限公司,2023,monitor_pass,https://www.moa.gov.cn/nybgb/2023/202306/202307/P020230719348171286633.pdf,https://www.szse.cn/api/report/index/companyGeneralization?secCode=002661,当前交易所法人全称与官方名单标准化后完全一致,身份关系已核实候选；ST、退市时点及资格缺口仍待处理,待从公司年度证券状态来源核实,入口候选，非最终样本；仍须复核主营业务、涉农收入占比、ST/退市状态及核心变量缺失,,,,,,年度ST区间待核实,,
002679,2023,福建金森林业股份有限公司,福建金森,深圳证券交易所,2012-06-05,交易所当前法人主表已覆盖,行业分类候选,,,,,1,福建金森,2023H2,02,林业,否,中国上市公司协会,《中国上市公司协会上市公司行业统计分类指引》（2023）,2023H2.pdf,候选待年报复核,0,,,,,,,,已由当期行业分类证券简称标记：否,入口候选，非最终样本；仍须复核主营业务、涉农收入占比、ST/退市状态及核心变量缺失,,,,,,年度ST区间待核实,,
002688,2023,金河生物科技股份有限公司,金河生物,深圳证券交易所,2012-07-13,交易所当前法人主表已覆盖,龙头企业身份核实候选,,,,,0,,,,,,,,,,1,金河生物科技股份有限公司,2023,monitor_pass,https://www.moa.gov.cn/nybgb/2023/202306/202307/P020230719348171286633.pdf,https://www.szse.cn/api/report/index/companyGeneralization?secCode=002688,当前交易所法人全称与官方名单标准化后完全一致,身份关系已核实候选；ST、退市时点及资格缺口仍待处理,待从公司年度证券状态来源核实,入口候选，非最终样本；仍须复核主营业务、涉农收入占比、ST/退市状态及核心变量缺失,,,,,,年度ST区间待核实,,
002696,2023,百洋产业投资集团股份有限公司,百洋股份,深圳证券交易所,2012-09-05,交易所当前法人主表已覆盖,龙头企业身份核实候选,,,,,0,,,,,,,,,,1,百洋产业投资集团股份有限公司,2023,monitor_pass,https://www.moa.gov.cn/nybgb/2023/202306/202307/P020230719348171286633.pdf,https://www.szse.cn/api/report/index/companyGeneralization?secCode=002696,当前交易所法人全称与官方名单标准化后完全一致,身份关系已核实候选；ST、退市时点及资格缺口仍待处理,待从公司年度证券状态来源核实,入口候选，非最终样本；仍须复核主营业务、涉农收入占比、ST/退市状态及核心变量缺失,,,,,,年度ST区间待核实,,
002702,2023,海欣食品股份有限公司,海欣食品,深圳证券交易所,2012-10-11,交易所当前法人主表已覆盖,龙头企业身份核实候选,,,,,0,,,,,,,,,,1,海欣食品股份有限公司,2023,monitor_pass,https://www.moa.gov.cn/nybgb/2023/202306/202307/P020230719348171286633.pdf,https://www.szse.cn/api/report/index/companyGeneralization?secCode=002702,当前交易所法人全称与官方名单标准化后完全一致,身份关系已核实候选；ST、退市时点及资格缺口仍待处理,待从公司年度证券状态来源核实,入口候选，非最终样本；仍须复核主营业务、涉农收入占比、ST/退市状态及核心变量缺失,,,,,,年度ST区间待核实,,
002714,2023,牧原食品集团股份有限公司,牧原股份,深圳证券交易所,2014-01-28,交易所当前法人主表已覆盖,行业分类候选+龙头企业身份核实候选,,,,,1,牧原股份,2023H2,03,畜牧业,否,中国上市公司协会,《中国上市公司协会上市公司行业统计分类指引》（2023）,2023H2.pdf,候选待年报复核,1,牧原食品股份有限公司,2023,monitor_pass,https://www.moa.gov.cn/nybgb/2023/202306/202307/P020230719348171286633.pdf,https://static.cninfo.com.cn/finalpage/2026-02-26/1224984472.PDF,上市公司更名公告明确法律主体不变；交易所当前全称已更新,身份关系已核实候选；ST、退市时点及资格缺口仍待处理,已由当期行业分类证券简称标记：否,入口候选，非最终样本；仍须复核主营业务、涉农收入占比、ST/退市状态及核心变量缺失,,,,,,年度ST区间待核实,,
002719,2023,麦趣尔集团股份有限公司,ST麦趣,深圳证券交易所,2014-01-28,交易所当前法人主表已覆盖,龙头企业身份核实候选,,,,,0,,,,,,,,,,1,麦趣尔集团股份有限公司,2023,monitor_pass,https://www.moa.gov.cn/nybgb/2023/202306/202307/P020230719348171286633.pdf,https://www.szse.cn/api/report/index/companyGeneralization?secCode=002719,当前交易所法人全称与官方名单标准化后完全一致,身份关系已核实候选；ST、退市时点及资格缺口仍待处理,待从公司年度证券状态来源核实,入口候选，非最终样本；仍须复核主营业务、涉农收入占比、ST/退市状态及核心变量缺失,,,,,,年度ST区间待核实,,
002732,2023,广东燕塘乳业股份有限公司,燕塘乳业,深圳证券交易所,2014-12-05,交易所当前法人主表已覆盖,龙头企业身份核实候选,,,,,0,,,,,,,,,,1,广东燕塘乳业股份有限公司,2023,monitor_pass,https://www.moa.gov.cn/nybgb/2023/202306/202307/P020230719348171286633.pdf,https://www.szse.cn/api/report/index/companyGeneralization?secCode=002732,当前交易所法人全称与官方名单标准化后完全一致,身份关系已核实候选；ST、退市时点及资格缺口仍待处理,待从公司年度证券状态来源核实,入口候选，非最终样本；仍须复核主营业务、涉农收入占比、ST/退市状态及核心变量缺失,,,,,,年度ST区间待核实,,
002746,2023,山东仙坛集团股份有限公司,仙坛股份,深圳证券交易所,2015-02-16,交易所当前法人主表已覆盖,龙头企业身份核实候选,,,,,0,,,,,,,,,,1,山东仙坛股份有限公司,2023,monitor_pass,https://www.moa.gov.cn/nybgb/2023/202306/202307/P020230719348171286633.pdf,https://static.cninfo.com.cn/finalpage/2025-11-18/1224808717.PDF,上市公司公告列明由旧全称变更为当前全称且证券代码保持不变,身份关系已核实候选；ST、退市时点及资格缺口仍待处理,待从公司年度证券状态来源核实,入口候选，非最终样本；仍须复核主营业务、涉农收入占比、ST/退市状态及核心变量缺失,,,,,,年度ST区间待核实,,
002772,2023,天水众兴菌业科技股份有限公司,众兴菌业,深圳证券交易所,2015-06-26,交易所当前法人主表已覆盖,行业分类候选+龙头企业身份核实候选,,,,,1,众兴菌业,2023H2,01,农业,否,中国上市公司协会,《中国上市公司协会上市公司行业统计分类指引》（2023）,2023H2.pdf,候选待年报复核,1,天水众兴菌业科技股份有限公司,2023,monitor_pass,https://www.moa.gov.cn/nybgb/2023/202306/202307/P020230719348171286633.pdf,https://www.szse.cn/api/report/index/companyGeneralization?secCode=002772,当前交易所法人全称与官方名单标准化后完全一致,身份关系已核实候选；ST、退市时点及资格缺口仍待处理,已由当期行业分类证券简称标记：否,入口候选，非最终样本；仍须复核主营业务、涉农收入占比、ST/退市状态及核心变量缺失,,,,,,年度ST区间待核实,,
002847,2023,盐津铺子食品股份有限公司,盐津铺子,深圳证券交易所,2017-02-08,交易所当前法人主表已覆盖,龙头企业身份核实候选,,,,,0,,,,,,,,,,1,盐津铺子食品股份有限公司,2023,monitor_pass,https://www.moa.gov.cn/nybgb/2023/202306/202307/P020230719348171286633.pdf,https://www.szse.cn/api/report/index/companyGeneralization?secCode=002847,当前交易所法人全称与官方名单标准化后完全一致,身份关系已核实候选；ST、退市时点及资格缺口仍待处理,待从公司年度证券状态来源核实,入口候选，非最终样本；仍须复核主营业务、涉农收入占比、ST/退市状态及核心变量缺失,,,,,,年度ST区间待核实,,
002852,2023,道道全粮油股份有限公司,道道全,深圳证券交易所,2017-03-10,交易所当前法人主表已覆盖,龙头企业身份核实候选,,,,,0,,,,,,,,,,1,道道全粮油股份有限公司,2023,monitor_pass,https://www.moa.gov.cn/nybgb/2023/202306/202307/P020230719348171286633.pdf,https://www.szse.cn/api/report/index/companyGeneralization?secCode=002852,当前交易所法人全称与官方名单标准化后完全一致,身份关系已核实候选；ST、退市时点及资格缺口仍待处理,待从公司年度证券状态来源核实,入口候选，非最终样本；仍须复核主营业务、涉农收入占比、ST/退市状态及核心变量缺失,,,,,,年度ST区间待核实,,
002873,2023,贵阳新天药业股份有限公司,新天药业,深圳证券交易所,2017-05-19,交易所当前法人主表已覆盖,龙头企业身份核实候选,,,,,0,,,,,,,,,,1,贵阳新天药业股份有限公司,2023,monitor_pass,https://www.moa.gov.cn/nybgb/2023/202306/202307/P020230719348171286633.pdf,https://www.szse.cn/api/report/index/companyGeneralization?secCode=002873,当前交易所法人全称与官方名单标准化后完全一致,身份关系已核实候选；ST、退市时点及资格缺口仍待处理,待从公司年度证券状态来源核实,入口候选，非最终样本；仍须复核主营业务、涉农收入占比、ST/退市状态及核心变量缺失,,,,,,年度ST区间待核实,,
002910,2023,兰州庄园牧场股份有限公司,庄园牧场,深圳证券交易所,2017-10-31,交易所当前法人主表已覆盖,龙头企业身份核实候选,,,,,0,,,,,,,,,,1,兰州庄园牧场股份有限公司,2023,monitor_pass,https://www.moa.gov.cn/nybgb/2023/202306/202307/P020230719348171286633.pdf,https://www.szse.cn/api/report/index/companyGeneralization?secCode=002910,当前交易所法人全称与官方名单标准化后完全一致,身份关系已核实候选；ST、退市时点及资格缺口仍待处理,待从公司年度证券状态来源核实,入口候选，非最终样本；仍须复核主营业务、涉农收入占比、ST/退市状态及核心变量缺失,,,,,,年度ST区间待核实,,
002982,2023,湖南湘佳牧业股份有限公司,湘佳股份,深圳证券交易所,2020-04-24,交易所当前法人主表已覆盖,行业分类候选+龙头企业身份核实候选,,,,,1,湘佳股份,2023H2,03,畜牧业,否,中国上市公司协会,《中国上市公司协会上市公司行业统计分类指引》（2023）,2023H2.pdf,候选待年报复核,1,湖南湘佳牧业股份有限公司,2023,monitor_pass,https://www.moa.gov.cn/nybgb/2023/202306/202307/P020230719348171286633.pdf,https://www.szse.cn/api/report/index/companyGeneralization?secCode=002982,当前交易所法人全称与官方名单标准化后完全一致,身份关系已核实候选；ST、退市时点及资格缺口仍待处理,已由当期行业分类证券简称标记：否,入口候选，非最终样本；仍须复核主营业务、涉农收入占比、ST/退市状态及核心变量缺失,,,,,,年度ST区间待核实,,
002991,2023,甘源食品股份有限公司,甘源食品,深圳证券交易所,2020-07-31,交易所当前法人主表已覆盖,龙头企业身份核实候选,,,,,0,,,,,,,,,,1,甘源食品股份有限公司,2021,recognition,https://xccys.moa.gov.cn/gzdt/202201/t20220113_6386872.htm,https://www.szse.cn/api/report/index/companyGeneralization?secCode=002991,当前交易所法人全称与官方名单标准化后完全一致,身份关系已核实候选；ST、退市时点及资格缺口仍待处理,待从公司年度证券状态来源核实,入口候选，非最终样本；仍须复核主营业务、涉农收入占比、ST/退市状态及核心变量缺失,,,,,,年度ST区间待核实,,
003000,2023,劲仔食品集团股份有限公司,劲仔食品,深圳证券交易所,2020-09-14,交易所当前法人主表已覆盖,龙头企业身份核实候选,,,,,0,,,,,,,,,,1,劲仔食品集团股份有限公司,2021,recognition,https://xccys.moa.gov.cn/gzdt/202201/t20220113_6386872.htm,https://www.szse.cn/api/report/index/companyGeneralization?secCode=003000,当前交易所法人全称与官方名单标准化后完全一致,身份关系已核实候选；ST、退市时点及资格缺口仍待处理,待从公司年度证券状态来源核实,入口候选，非最终样本；仍须复核主营业务、涉农收入占比、ST/退市状态及核心变量缺失,,,,,,年度ST区间待核实,,
300087,2023,安徽荃银高科种业股份有限公司,ST荃银,深圳证券交易所,2010-05-26,交易所当前法人主表已覆盖,行业分类候选+龙头企业身份核实候选,,,,,1,荃银高科,2023H2,05,农、林、牧、渔专业及辅助性活动,否,中国上市公司协会,《中国上市公司协会上市公司行业统计分类指引》（2023）,2023H2.pdf,候选待年报复核,1,安徽荃银高科种业股份有限公司,2023,monitor_pass,https://www.moa.gov.cn/nybgb/2023/202306/202307/P020230719348171286633.pdf,https://www.szse.cn/api/report/index/companyGeneralization?secCode=300087,当前交易所法人全称与官方名单标准化后完全一致,身份关系已核实候选；ST、退市时点及资格缺口仍待处理,已由当期行业分类证券简称标记：否,入口候选，非最终样本；仍须复核主营业务、涉农收入占比、ST/退市状态及核心变量缺失,,,,,,年度ST区间待核实,,
300094,2023,湛江国联水产开发股份有限公司,国联水产,深圳证券交易所,2010-07-08,交易所当前法人主表已覆盖,龙头企业身份核实候选,,,,,0,,,,,,,,,,1,湛江国联水产开发股份有限公司,2023,monitor_pass,https://www.moa.gov.cn/nybgb/2023/202306/202307/P020230719348171286633.pdf,https://www.szse.cn/api/report/index/companyGeneralization?secCode=300094,当前交易所法人全称与官方名单标准化后完全一致,身份关系已核实候选；ST、退市时点及资格缺口仍待处理,待从公司年度证券状态来源核实,入口候选，非最终样本；仍须复核主营业务、涉农收入占比、ST/退市状态及核心变量缺失,,,,,,年度ST区间待核实,,
300119,2023,瑞普生物股份有限公司,瑞普生物,深圳证券交易所,2010-09-17,交易所当前法人主表已覆盖,龙头企业身份核实候选,,,,,0,,,,,,,,,,1,天津瑞普生物技术股份有限公司,2021,recognition,https://xccys.moa.gov.cn/gzdt/202201/t20220113_6386872.htm,https://static.cninfo.com.cn/finalpage/2024-12-14/1222017500.PDF,上市公司更名公告明确法律主体不变且证券代码保持不变,身份关系已核实候选；ST、退市时点及资格缺口仍待处理,待从公司年度证券状态来源核实,入口候选，非最终样本；仍须复核主营业务、涉农收入占比、ST/退市状态及核心变量缺失,,,,,,年度ST区间待核实,,
300138,2023,晨光生物科技集团股份有限公司,晨光生物,深圳证券交易所,2010-11-05,交易所当前法人主表已覆盖,龙头企业身份核实候选,,,,,0,,,,,,,,,,1,晨光生物科技集团股份有限公司,2023,monitor_pass,https://www.moa.gov.cn/nybgb/2023/202306/202307/P020230719348171286633.pdf,https://www.szse.cn/api/report/index/companyGeneralization?secCode=300138,当前交易所法人全称与官方名单标准化后完全一致,身份关系已核实候选；ST、退市时点及资格缺口仍待处理,待从公司年度证券状态来源核实,入口候选，非最终样本；仍须复核主营业务、涉农收入占比、ST/退市状态及核心变量缺失,,,,,,年度ST区间待核实,,
300158,2023,山西振东制药股份有限公司,振东制药,深圳证券交易所,2011-01-07,交易所当前法人主表已覆盖,龙头企业身份核实候选,,,,,0,,,,,,,,,,1,山西振东制药股份有限公司,2023,monitor_pass,https://www.moa.gov.cn/nybgb/2023/202306/202307/P020230719348171286633.pdf,https://www.szse.cn/api/report/index/companyGeneralization?secCode=300158,当前交易所法人全称与官方名单标准化后完全一致,身份关系已核实候选；ST、退市时点及资格缺口仍待处理,待从公司年度证券状态来源核实,入口候选，非最终样本；仍须复核主营业务、涉农收入占比、ST/退市状态及核心变量缺失,,,,,,年度ST区间待核实,,
300189,2023,海南神农种业科技股份有限公司,神农种业,深圳证券交易所,2011-03-16,交易所当前法人主表已覆盖,行业分类候选+龙头企业身份核实候选,,,,,1,神农科技,2023H2,05,农、林、牧、渔专业及辅助性活动,否,中国上市公司协会,《中国上市公司协会上市公司行业统计分类指引》（2023）,2023H2.pdf,候选待年报复核,1,海南神农科技股份有限公司,2023,monitor_pass,https://www.moa.gov.cn/nybgb/2023/202306/202307/P020230719348171286633.pdf,https://static.cninfo.com.cn/finalpage/2025-04-26/1223326682.PDF,2024年年度报告明确名单名称为当前上市公司的原名,身份关系已核实候选；ST、退市时点及资格缺口仍待处理,已由当期行业分类证券简称标记：否,入口候选，非最终样本；仍须复核主营业务、涉农收入占比、ST/退市状态及核心变量缺失,,,,,,年度ST区间待核实,,
300313,2023,新疆天山畜牧生物工程股份有限公司,天山生物,深圳证券交易所,2012-04-25,交易所当前法人主表已覆盖,行业分类候选,,,,,1,*ST天山,2023H2,03,畜牧业,是,中国上市公司协会,《中国上市公司协会上市公司行业统计分类指引》（2023）,2023H2.pdf,候选待年报复核,0,,,,,,,,已由当期行业分类证券简称标记：是,入口候选，非最终样本；仍须复核主营业务、涉农收入占比、ST/退市状态及核心变量缺失,是,是,https://static.cninfo.com.cn/finalpage/2021-04-27/1209817663.PDF,,样本期内起点已核实_终点待闭合,已由法定公告核实本年存在ST风险警示,,
300498,2023,温氏食品集团股份有限公司,温氏股份,深圳证券交易所,2015-11-02,交易所当前法人主表已覆盖,行业分类候选+龙头企业身份核实候选,,,,,1,温氏股份,2023H2,03,畜牧业,否,中国上市公司协会,《中国上市公司协会上市公司行业统计分类指引》（2023）,2023H2.pdf,候选待年报复核,1,温氏食品集团股份有限公司,2023,monitor_pass,https://www.moa.gov.cn/nybgb/2023/202306/202307/P020230719348171286633.pdf,https://www.szse.cn/api/report/index/companyGeneralization?secCode=300498,当前交易所法人全称与官方名单标准化后完全一致,身份关系已核实候选；ST、退市时点及资格缺口仍待处理,已由当期行业分类证券简称标记：否,入口候选，非最终样本；仍须复核主营业务、涉农收入占比、ST/退市状态及核心变量缺失,,,,,,年度ST区间待核实,,
300511,2023,上海雪榕生物科技股份有限公司,雪榕生物,深圳证券交易所,2016-05-04,交易所当前法人主表已覆盖,行业分类候选+龙头企业身份核实候选,,,,,1,雪榕生物,2023H2,01,农业,否,中国上市公司协会,《中国上市公司协会上市公司行业统计分类指引》（2023）,2023H2.pdf,候选待年报复核,1,上海雪榕生物科技股份有限公司,2023,monitor_pass,https://www.moa.gov.cn/nybgb/2023/202306/202307/P020230719348171286633.pdf,https://www.szse.cn/api/report/index/companyGeneralization?secCode=300511,当前交易所法人全称与官方名单标准化后完全一致,身份关系已核实候选；ST、退市时点及资格缺口仍待处理,已由当期行业分类证券简称标记：否,入口候选，非最终样本；仍须复核主营业务、涉农收入占比、ST/退市状态及核心变量缺失,,,,,,年度ST区间待核实,,
300761,2023,江苏立华食品集团股份有限公司,立华股份,深圳证券交易所,2019-02-18,交易所当前法人主表已覆盖,行业分类候选,,,,,1,立华股份,2023H2,03,畜牧业,否,中国上市公司协会,《中国上市公司协会上市公司行业统计分类指引》（2023）,2023H2.pdf,候选待年报复核,0,,,,,,,,已由当期行业分类证券简称标记：否,入口候选，非最终样本；仍须复核主营业务、涉农收入占比、ST/退市状态及核心变量缺失,,,,,,年度ST区间待核实,,
300783,2023,三只松鼠股份有限公司,三只松鼠,深圳证券交易所,2019-07-12,交易所当前法人主表已覆盖,龙头企业身份核实候选,,,,,0,,,,,,,,,,1,三只松鼠股份有限公司,2023,monitor_pass,https://www.moa.gov.cn/nybgb/2023/202306/202307/P020230719348171286633.pdf,https://www.szse.cn/api/report/index/companyGeneralization?secCode=300783,当前交易所法人全称与官方名单标准化后完全一致,身份关系已核实候选；ST、退市时点及资格缺口仍待处理,待从公司年度证券状态来源核实,入口候选，非最终样本；仍须复核主营业务、涉农收入占比、ST/退市状态及核心变量缺失,,,,,,年度ST区间待核实,,
300871,2023,武汉回盛生物科技股份有限公司,回盛生物,深圳证券交易所,2020-08-24,交易所当前法人主表已覆盖,龙头企业身份核实候选,,,,,0,,,,,,,,,,1,武汉回盛生物科技股份有限公司,2021,recognition,https://xccys.moa.gov.cn/gzdt/202201/t20220113_6386872.htm,https://www.szse.cn/api/report/index/companyGeneralization?secCode=300871,当前交易所法人全称与官方名单标准化后完全一致,身份关系已核实候选；ST、退市时点及资格缺口仍待处理,待从公司年度证券状态来源核实,入口候选，非最终样本；仍须复核主营业务、涉农收入占比、ST/退市状态及核心变量缺失,,,,,,年度ST区间待核实,,
300898,2023,熊猫乳品集团股份有限公司,熊猫乳品,深圳证券交易所,2020-10-16,交易所当前法人主表已覆盖,龙头企业身份核实候选,,,,,0,,,,,,,,,,1,熊猫乳品集团股份有限公司,2023,replacement,https://www.moa.gov.cn/nybgb/2023/202306/202307/P020230719348171286633.pdf,https://www.szse.cn/api/report/index/companyGeneralization?secCode=300898,当前交易所法人全称与官方名单标准化后完全一致,身份关系已核实候选；ST、退市时点及资格缺口仍待处理,待从公司年度证券状态来源核实,入口候选，非最终样本；仍须复核主营业务、涉农收入占比、ST/退市状态及核心变量缺失,,,,,,年度ST区间待核实,,
300908,2023,仲景食品股份有限公司,仲景食品,深圳证券交易所,2020-11-23,交易所当前法人主表已覆盖,龙头企业身份核实候选,,,,,0,,,,,,,,,,1,仲景食品股份有限公司,2023,monitor_pass,https://www.moa.gov.cn/nybgb/2023/202306/202307/P020230719348171286633.pdf,https://www.szse.cn/api/report/index/companyGeneralization?secCode=300908,当前交易所法人全称与官方名单标准化后完全一致,身份关系已核实候选；ST、退市时点及资格缺口仍待处理,待从公司年度证券状态来源核实,入口候选，非最终样本；仍须复核主营业务、涉农收入占比、ST/退市状态及核心变量缺失,,,,,,年度ST区间待核实,,
300967,2023,宁夏晓鸣农牧股份有限公司,晓鸣股份,深圳证券交易所,2021-04-13,交易所当前法人主表已覆盖,行业分类候选+龙头企业身份核实候选,,,,,1,晓鸣股份,2023H2,03,畜牧业,否,中国上市公司协会,《中国上市公司协会上市公司行业统计分类指引》（2023）,2023H2.pdf,候选待年报复核,1,宁夏晓鸣农牧股份有限公司,2023,monitor_pass,https://www.moa.gov.cn/nybgb/2023/202306/202307/P020230719348171286633.pdf,https://www.szse.cn/api/report/index/companyGeneralization?secCode=300967,当前交易所法人全称与官方名单标准化后完全一致,身份关系已核实候选；ST、退市时点及资格缺口仍待处理,已由当期行业分类证券简称标记：否,入口候选，非最终样本；仍须复核主营业务、涉农收入占比、ST/退市状态及核心变量缺失,,,,,,年度ST区间待核实,,
300970,2023,江苏华绿生物科技集团股份有限公司,华绿生物,深圳证券交易所,2021-04-12,交易所当前法人主表已覆盖,行业分类候选+龙头企业身份核实候选,,,,,1,华绿生物,2023H2,01,农业,否,中国上市公司协会,《中国上市公司协会上市公司行业统计分类指引》（2023）,2023H2.pdf,候选待年报复核,1,江苏华绿生物科技股份有限公司,2023,monitor_pass,https://www.moa.gov.cn/nybgb/2023/202306/202307/P020230719348171286633.pdf,https://static.cninfo.com.cn/finalpage/2026-02-11/1224977414.PDF,法律意见书以同一统一社会信用代码和证券代码连接当前名称与原上市名称,身份关系已核实候选；ST、退市时点及资格缺口仍待处理,已由当期行业分类证券简称标记：否,入口候选，非最终样本；仍须复核主营业务、涉农收入占比、ST/退市状态及核心变量缺失,,,,,,年度ST区间待核实,,
300972,2023,福建万辰食品集团股份有限公司,万辰集团,深圳证券交易所,2021-04-19,交易所当前法人主表已覆盖,行业分类候选,,,,,1,万辰集团,2023H2,01,农业,否,中国上市公司协会,《中国上市公司协会上市公司行业统计分类指引》（2023）,2023H2.pdf,候选待年报复核,0,,,,,,,,已由当期行业分类证券简称标记：否,入口候选，非最终样本；仍须复核主营业务、涉农收入占比、ST/退市状态及核心变量缺失,,,,,,年度ST区间待核实,,
301116,2023,江苏益客食品集团股份有限公司,益客食品,深圳证券交易所,2022-01-18,交易所当前法人主表已覆盖,龙头企业身份核实候选,,,,,0,,,,,,,,,,1,江苏益客食品集团股份有限公司,2023,monitor_pass,https://www.moa.gov.cn/nybgb/2023/202306/202307/P020230719348171286633.pdf,https://www.szse.cn/api/report/index/companyGeneralization?secCode=301116,当前交易所法人全称与官方名单标准化后完全一致,身份关系已核实候选；ST、退市时点及资格缺口仍待处理,待从公司年度证券状态来源核实,入口候选，非最终样本；仍须复核主营业务、涉农收入占比、ST/退市状态及核心变量缺失,,,,,,年度ST区间待核实,,
301498,2023,乖宝宠物食品集团股份有限公司,乖宝宠物,深圳证券交易所,2023-08-16,交易所当前法人主表已覆盖,龙头企业身份核实候选,,,,,0,,,,,,,,,,1,乖宝宠物食品集团股份有限公司,2023,replacement,https://www.moa.gov.cn/nybgb/2023/202306/202307/P020230719348171286633.pdf,https://www.szse.cn/api/report/index/companyGeneralization?secCode=301498,当前交易所法人全称与官方名单标准化后完全一致,身份关系已核实候选；ST、退市时点及资格缺口仍待处理,待从公司年度证券状态来源核实,入口候选，非最终样本；仍须复核主营业务、涉农收入占比、ST/退市状态及核心变量缺失,,,,,,年度ST区间待核实,,
600097,2023,上海开创国际海洋资源股份有限公司,开创国际,上海证券交易所,19970619,交易所当前法人主表已覆盖,行业分类候选,,,,,1,开创国际,2023H2,04,渔业,否,中国上市公司协会,《中国上市公司协会上市公司行业统计分类指引》（2023）,2023H2.pdf,候选待年报复核,0,,,,,,,,已由当期行业分类证券简称标记：否,入口候选，非最终样本；仍须复核主营业务、涉农收入占比、ST/退市状态及核心变量缺失,,,,,,年度ST区间待核实,,
600108,2023,甘肃亚盛实业(集团)股份有限公司,亚盛集团,上海证券交易所,19970818,交易所当前法人主表已覆盖,行业分类候选+龙头企业身份核实候选,,,,,1,亚盛集团,2023H2,01,农业,否,中国上市公司协会,《中国上市公司协会上市公司行业统计分类指引》（2023）,2023H2.pdf,候选待年报复核,1,甘肃亚盛实业（集团）股份有限公司,2023,monitor_pass,https://www.moa.gov.cn/nybgb/2023/202306/202307/P020230719348171286633.pdf,https://query.sse.com.cn/commonQuery.do?sqlId=COMMON_SSE_CP_GPJCTPZ_GPLB_GP_L,当前交易所法人全称与官方名单标准化后完全一致,身份关系已核实候选；ST、退市时点及资格缺口仍待处理,已由当期行业分类证券简称标记：否,入口候选，非最终样本；仍须复核主营业务、涉农收入占比、ST/退市状态及核心变量缺失,,,,,,年度ST区间待核实,,
600127,2023,金健米业股份有限公司,金健米业,上海证券交易所,19980506,交易所当前法人主表已覆盖,龙头企业身份核实候选,,,,,0,,,,,,,,,,1,金健米业股份有限公司,2023,monitor_pass,https://www.moa.gov.cn/nybgb/2023/202306/202307/P020230719348171286633.pdf,https://query.sse.com.cn/commonQuery.do?sqlId=COMMON_SSE_CP_GPJCTPZ_GPLB_GP_L,当前交易所法人全称与官方名单标准化后完全一致,身份关系已核实候选；ST、退市时点及资格缺口仍待处理,待从公司年度证券状态来源核实,入口候选，非最终样本；仍须复核主营业务、涉农收入占比、ST/退市状态及核心变量缺失,,,,,,年度ST区间待核实,,
600129,2023,重庆太极实业(集团)股份有限公司,太极集团,上海证券交易所,19971118,交易所当前法人主表已覆盖,龙头企业身份核实候选,,,,,0,,,,,,,,,,1,重庆太极实业（集团）股份有限公司,2023,monitor_pass,https://www.moa.gov.cn/nybgb/2023/202306/202307/P020230719348171286633.pdf,https://query.sse.com.cn/commonQuery.do?sqlId=COMMON_SSE_CP_GPJCTPZ_GPLB_GP_L,当前交易所法人全称与官方名单标准化后完全一致,身份关系已核实候选；ST、退市时点及资格缺口仍待处理,待从公司年度证券状态来源核实,入口候选，非最终样本；仍须复核主营业务、涉农收入占比、ST/退市状态及核心变量缺失,,,,,,年度ST区间待核实,,
600195,2023,中牧实业股份有限公司,中牧股份,上海证券交易所,19990107,交易所当前法人主表已覆盖,龙头企业身份核实候选,,,,,0,,,,,,,,,,1,中牧实业股份有限公司,2023,monitor_pass,https://www.moa.gov.cn/nybgb/2023/202306/202307/P020230719348171286633.pdf,https://query.sse.com.cn/commonQuery.do?sqlId=COMMON_SSE_CP_GPJCTPZ_GPLB_GP_L,当前交易所法人全称与官方名单标准化后完全一致,身份关系已核实候选；ST、退市时点及资格缺口仍待处理,待从公司年度证券状态来源核实,入口候选，非最终样本；仍须复核主营业务、涉农收入占比、ST/退市状态及核心变量缺失,,,,,,年度ST区间待核实,,
600211,2023,西藏诺迪康药业股份有限公司,西藏药业,上海证券交易所,19990721,交易所当前法人主表已覆盖,龙头企业身份核实候选,,,,,0,,,,,,,,,,1,西藏诺迪康药业股份有限公司,2023,monitor_pass,https://www.moa.gov.cn/nybgb/2023/202306/202307/P020230719348171286633.pdf,https://query.sse.com.cn/commonQuery.do?sqlId=COMMON_SSE_CP_GPJCTPZ_GPLB_GP_L,当前交易所法人全称与官方名单标准化后完全一致,身份关系已核实候选；ST、退市时点及资格缺口仍待处理,待从公司年度证券状态来源核实,入口候选，非最终样本；仍须复核主营业务、涉农收入占比、ST/退市状态及核心变量缺失,,,,,,年度ST区间待核实,,
600238,2023,海南椰岛(集团)股份有限公司,ST椰岛,上海证券交易所,20000120,交易所当前法人主表已覆盖,龙头企业身份核实候选,,,,,0,,,,,,,,,,1,海南椰岛（集团）股份有限公司,2023,replacement,https://www.moa.gov.cn/nybgb/2023/202306/202307/P020230719348171286633.pdf,https://query.sse.com.cn/commonQuery.do?sqlId=COMMON_SSE_CP_GPJCTPZ_GPLB_GP_L,当前交易所法人全称与官方名单标准化后完全一致,身份关系已核实候选；ST、退市时点及资格缺口仍待处理,待从公司年度证券状态来源核实,入口候选，非最终样本；仍须复核主营业务、涉农收入占比、ST/退市状态及核心变量缺失,,,,,,年度ST区间待核实,,
600251,2023,新疆冠农股份有限公司,冠农股份,上海证券交易所,20030609,交易所当前法人主表已覆盖,龙头企业身份核实候选,,,,,0,,,,,,,,,,1,新疆冠农果茸股份有限公司,2023,monitor_pass,https://www.moa.gov.cn/nybgb/2023/202306/202307/P020230719348171286633.pdf,https://static.cninfo.com.cn/finalpage/2023-02-10/1215815769.PDF,工商变更公告明确公司由名单名称变更为当前名称且证券代码保持600251,身份关系已核实候选；ST、退市时点及资格缺口仍待处理,待从公司年度证券状态来源核实,入口候选，非最终样本；仍须复核主营业务、涉农收入占比、ST/退市状态及核心变量缺失,,,,,,年度ST区间待核实,,
600257,2023,大湖健康产业股份有限公司,大湖股份,上海证券交易所,20000612,交易所当前法人主表已覆盖,行业分类候选,,,,,1,大湖股份,2023H2,04,渔业,否,中国上市公司协会,《中国上市公司协会上市公司行业统计分类指引》（2023）,2023H2.pdf,候选待年报复核,0,,,,,,,,已由当期行业分类证券简称标记：否,入口候选，非最终样本；仍须复核主营业务、涉农收入占比、ST/退市状态及核心变量缺失,,,,,,年度ST区间待核实,,
600285,2023,河南羚锐制药股份有限公司,羚锐制药,上海证券交易所,20001018,交易所当前法人主表已覆盖,龙头企业身份核实候选,,,,,0,,,,,,,,,,1,河南羚锐制药股份有限公司,2023,monitor_pass,https://www.moa.gov.cn/nybgb/2023/202306/202307/P020230719348171286633.pdf,https://query.sse.com.cn/commonQuery.do?sqlId=COMMON_SSE_CP_GPJCTPZ_GPLB_GP_L,当前交易所法人全称与官方名单标准化后完全一致,身份关系已核实候选；ST、退市时点及资格缺口仍待处理,待从公司年度证券状态来源核实,入口候选，非最终样本；仍须复核主营业务、涉农收入占比、ST/退市状态及核心变量缺失,,,,,,年度ST区间待核实,,
600295,2023,内蒙古鄂尔多斯资源股份有限公司,鄂尔多斯,上海证券交易所,20010426,交易所当前法人主表已覆盖,龙头企业身份核实候选,,,,,0,,,,,,,,,,1,内蒙古鄂尔多斯资源股份有限公司,2023,monitor_pass,https://www.moa.gov.cn/nybgb/2023/202306/202307/P020230719348171286633.pdf,https://query.sse.com.cn/commonQuery.do?sqlId=COMMON_SSE_CP_GPJCTPZ_GPLB_GP_L,当前交易所法人全称与官方名单标准化后完全一致,身份关系已核实候选；ST、退市时点及资格缺口仍待处理,待从公司年度证券状态来源核实,入口候选，非最终样本；仍须复核主营业务、涉农收入占比、ST/退市状态及核心变量缺失,,,,,,年度ST区间待核实,,
600300,2023,维维食品饮料股份有限公司,维维股份,上海证券交易所,20000630,交易所当前法人主表已覆盖,龙头企业身份核实候选,,,,,0,,,,,,,,,,1,维维食品饮料股份有限公司,2023,monitor_pass,https://www.moa.gov.cn/nybgb/2023/202306/202307/P020230719348171286633.pdf,https://query.sse.com.cn/commonQuery.do?sqlId=COMMON_SSE_CP_GPJCTPZ_GPLB_GP_L,当前交易所法人全称与官方名单标准化后完全一致,身份关系已核实候选；ST、退市时点及资格缺口仍待处理,待从公司年度证券状态来源核实,入口候选，非最终样本；仍须复核主营业务、涉农收入占比、ST/退市状态及核心变量缺失,,,,,,年度ST区间待核实,,
600305,2023,江苏恒顺醋业股份有限公司,恒顺醋业,上海证券交易所,20010206,交易所当前法人主表已覆盖,龙头企业身份核实候选,,,,,0,,,,,,,,,,1,江苏恒顺醋业股份有限公司,2023,monitor_pass,https://www.moa.gov.cn/nybgb/2023/202306/202307/P020230719348171286633.pdf,https://query.sse.com.cn/commonQuery.do?sqlId=COMMON_SSE_CP_GPJCTPZ_GPLB_GP_L,当前交易所法人全称与官方名单标准化后完全一致,身份关系已核实候选；ST、退市时点及资格缺口仍待处理,待从公司年度证券状态来源核实,入口候选，非最终样本；仍须复核主营业务、涉农收入占比、ST/退市状态及核心变量缺失,,,,,,年度ST区间待核实,,
600351,2023,亚宝药业集团股份有限公司,亚宝药业,上海证券交易所,20020926,交易所当前法人主表已覆盖,龙头企业身份核实候选,,,,,0,,,,,,,,,,1,亚宝药业集团股份有限公司,2023,monitor_pass,https://www.moa.gov.cn/nybgb/2023/202306/202307/P020230719348171286633.pdf,https://query.sse.com.cn/commonQuery.do?sqlId=COMMON_SSE_CP_GPJCTPZ_GPLB_GP_L,当前交易所法人全称与官方名单标准化后完全一致,身份关系已核实候选；ST、退市时点及资格缺口仍待处理,待从公司年度证券状态来源核实,入口候选，非最终样本；仍须复核主营业务、涉农收入占比、ST/退市状态及核心变量缺失,,,,,,年度ST区间待核实,,
600354,2023,甘肃省敦煌种业集团股份有限公司,敦煌种业,上海证券交易所,20040115,交易所当前法人主表已覆盖,行业分类候选+龙头企业身份核实候选,,,,,1,敦煌种业,2023H2,05,农、林、牧、渔专业及辅助性活动,否,中国上市公司协会,《中国上市公司协会上市公司行业统计分类指引》（2023）,2023H2.pdf,候选待年报复核,1,甘肃省敦煌种业集团股份有限公司,2023,monitor_pass,https://www.moa.gov.cn/nybgb/2023/202306/202307/P020230719348171286633.pdf,https://query.sse.com.cn/commonQuery.do?sqlId=COMMON_SSE_CP_GPJCTPZ_GPLB_GP_L,当前交易所法人全称与官方名单标准化后完全一致,身份关系已核实候选；ST、退市时点及资格缺口仍待处理,已由当期行业分类证券简称标记：否,入口候选，非最终样本；仍须复核主营业务、涉农收入占比、ST/退市状态及核心变量缺失,,,,,,年度ST区间待核实,,
600359,2023,新疆塔里木农业综合开发股份有限公司,新农开发,上海证券交易所,19990429,交易所当前法人主表已覆盖,行业分类候选,,,,,1,新农开发,2023H2,01,农业,否,中国上市公司协会,《中国上市公司协会上市公司行业统计分类指引》（2023）,2023H2.pdf,候选待年报复核,0,,,,,,,,已由当期行业分类证券简称标记：否,入口候选，非最终样本；仍须复核主营业务、涉农收入占比、ST/退市状态及核心变量缺失,,,,,,年度ST区间待核实,,
600371,2023,万向德农股份有限公司,万向德农,上海证券交易所,20020916,交易所当前法人主表已覆盖,行业分类候选,,,,,1,万向德农,2023H2,05,农、林、牧、渔专业及辅助性活动,否,中国上市公司协会,《中国上市公司协会上市公司行业统计分类指引》（2023）,2023H2.pdf,候选待年报复核,0,,,,,,,,已由当期行业分类证券简称标记：否,入口候选，非最终样本；仍须复核主营业务、涉农收入占比、ST/退市状态及核心变量缺失,,,,,,年度ST区间待核实,,
600419,2023,新疆天润乳业股份有限公司,天润乳业,上海证券交易所,20010628,交易所当前法人主表已覆盖,龙头企业身份核实候选,,,,,0,,,,,,,,,,1,新疆天润乳业股份有限公司,2023,monitor_pass,https://www.moa.gov.cn/nybgb/2023/202306/202307/P020230719348171286633.pdf,https://query.sse.com.cn/commonQuery.do?sqlId=COMMON_SSE_CP_GPJCTPZ_GPLB_GP_L,当前交易所法人全称与官方名单标准化后完全一致,身份关系已核实候选；ST、退市时点及资格缺口仍待处理,待从公司年度证券状态来源核实,入口候选，非最终样本；仍须复核主营业务、涉农收入占比、ST/退市状态及核心变量缺失,,,,,,年度ST区间待核实,,
600429,2023,北京三元食品股份有限公司,三元股份,上海证券交易所,20030915,交易所当前法人主表已覆盖,龙头企业身份核实候选,,,,,0,,,,,,,,,,1,北京三元食品股份有限公司,2023,monitor_pass,https://www.moa.gov.cn/nybgb/2023/202306/202307/P020230719348171286633.pdf,https://query.sse.com.cn/commonQuery.do?sqlId=COMMON_SSE_CP_GPJCTPZ_GPLB_GP_L,当前交易所法人全称与官方名单标准化后完全一致,身份关系已核实候选；ST、退市时点及资格缺口仍待处理,待从公司年度证券状态来源核实,入口候选，非最终样本；仍须复核主营业务、涉农收入占比、ST/退市状态及核心变量缺失,,,,,,年度ST区间待核实,,
600438,2023,通威股份有限公司,通威股份,上海证券交易所,20040302,交易所当前法人主表已覆盖,龙头企业身份核实候选,,,,,0,,,,,,,,,,1,通威股份有限公司,2023,monitor_pass,https://www.moa.gov.cn/nybgb/2023/202306/202307/P020230719348171286633.pdf,https://query.sse.com.cn/commonQuery.do?sqlId=COMMON_SSE_CP_GPJCTPZ_GPLB_GP_L,当前交易所法人全称与官方名单标准化后完全一致,身份关系已核实候选；ST、退市时点及资格缺口仍待处理,待从公司年度证券状态来源核实,入口候选，非最终样本；仍须复核主营业务、涉农收入占比、ST/退市状态及核心变量缺失,,,,,,年度ST区间待核实,,
600467,2023,山东好当家海洋发展股份有限公司,好当家,上海证券交易所,20040405,交易所当前法人主表已覆盖,行业分类候选+龙头企业身份核实候选,,,,,1,好当家,2023H2,04,渔业,否,中国上市公司协会,《中国上市公司协会上市公司行业统计分类指引》（2023）,2023H2.pdf,候选待年报复核,1,山东好当家海洋发展股份有限公司,2023,monitor_pass,https://www.moa.gov.cn/nybgb/2023/202306/202307/P020230719348171286633.pdf,https://query.sse.com.cn/commonQuery.do?sqlId=COMMON_SSE_CP_GPJCTPZ_GPLB_GP_L,当前交易所法人全称与官方名单标准化后完全一致,身份关系已核实候选；ST、退市时点及资格缺口仍待处理,已由当期行业分类证券简称标记：否,入口候选，非最终样本；仍须复核主营业务、涉农收入占比、ST/退市状态及核心变量缺失,,,,,,年度ST区间待核实,,
600479,2023,株洲千金药业股份有限公司,千金药业,上海证券交易所,20040312,交易所当前法人主表已覆盖,龙头企业身份核实候选,,,,,0,,,,,,,,,,1,株洲千金药业股份有限公司,2023,monitor_pass,https://www.moa.gov.cn/nybgb/2023/202306/202307/P020230719348171286633.pdf,https://query.sse.com.cn/commonQuery.do?sqlId=COMMON_SSE_CP_GPJCTPZ_GPLB_GP_L,当前交易所法人全称与官方名单标准化后完全一致,身份关系已核实候选；ST、退市时点及资格缺口仍待处理,待从公司年度证券状态来源核实,入口候选，非最终样本；仍须复核主营业务、涉农收入占比、ST/退市状态及核心变量缺失,,,,,,年度ST区间待核实,,
600540,2023,新疆赛里木现代农业股份有限公司,新赛股份,上海证券交易所,20040107,交易所当前法人主表已覆盖,行业分类候选,,,,,1,新赛股份,2023H2,01,农业,否,中国上市公司协会,《中国上市公司协会上市公司行业统计分类指引》（2023）,2023H2.pdf,候选待年报复核,0,,,,,,,,已由当期行业分类证券简称标记：否,入口候选，非最终样本；仍须复核主营业务、涉农收入占比、ST/退市状态及核心变量缺失,,,,,,年度ST区间待核实,,
600543,2023,甘肃莫高实业发展股份有限公司,*ST莫高,上海证券交易所,20040324,交易所当前法人主表已覆盖,龙头企业身份核实候选,,,,,0,,,,,,,,,,1,甘肃莫高实业发展股份有限公司,2023,monitor_pass,https://www.moa.gov.cn/nybgb/2023/202306/202307/P020230719348171286633.pdf,https://query.sse.com.cn/commonQuery.do?sqlId=COMMON_SSE_CP_GPJCTPZ_GPLB_GP_L,当前交易所法人全称与官方名单标准化后完全一致,身份关系已核实候选；ST、退市时点及资格缺口仍待处理,待从公司年度证券状态来源核实,入口候选，非最终样本；仍须复核主营业务、涉农收入占比、ST/退市状态及核心变量缺失,是,是,https://static.cninfo.com.cn/finalpage/2023-04-28/1216663507.PDF,,样本期内起点已核实_终点待闭合,已由法定公告核实本年存在ST风险警示,,
600597,2023,光明乳业股份有限公司,光明乳业,上海证券交易所,20020828,交易所当前法人主表已覆盖,龙头企业身份核实候选,,,,,0,,,,,,,,,,1,光明乳业股份有限公司,2023,monitor_pass,https://www.moa.gov.cn/nybgb/2023/202306/202307/P020230719348171286633.pdf,https://query.sse.com.cn/commonQuery.do?sqlId=COMMON_SSE_CP_GPJCTPZ_GPLB_GP_L,当前交易所法人全称与官方名单标准化后完全一致,身份关系已核实候选；ST、退市时点及资格缺口仍待处理,待从公司年度证券状态来源核实,入口候选，非最终样本；仍须复核主营业务、涉农收入占比、ST/退市状态及核心变量缺失,,,,,,年度ST区间待核实,,
600598,2023,黑龙江北大荒农业股份有限公司,北大荒,上海证券交易所,20020329,交易所当前法人主表已覆盖,行业分类候选,,,,,1,北大荒,2023H2,01,农业,否,中国上市公司协会,《中国上市公司协会上市公司行业统计分类指引》（2023）,2023H2.pdf,候选待年报复核,0,,,,,,,,已由当期行业分类证券简称标记：否,入口候选，非最终样本；仍须复核主营业务、涉农收入占比、ST/退市状态及核心变量缺失,,,,,,年度ST区间待核实,,
600737,2023,中粮糖业控股股份有限公司,中粮糖业,上海证券交易所,19960731,交易所当前法人主表已覆盖,龙头企业身份核实候选,,,,,0,,,,,,,,,,1,中粮糖业控股股份有限公司,2023,monitor_pass,https://www.moa.gov.cn/nybgb/2023/202306/202307/P020230719348171286633.pdf,https://query.sse.com.cn/commonQuery.do?sqlId=COMMON_SSE_CP_GPJCTPZ_GPLB_GP_L,当前交易所法人全称与官方名单标准化后完全一致,身份关系已核实候选；ST、退市时点及资格缺口仍待处理,待从公司年度证券状态来源核实,入口候选，非最终样本；仍须复核主营业务、涉农收入占比、ST/退市状态及核心变量缺失,,,,,,年度ST区间待核实,,
600873,2023,梅花生物科技集团股份有限公司,梅花生物,上海证券交易所,19950217,交易所当前法人主表已覆盖,龙头企业身份核实候选,,,,,0,,,,,,,,,,1,梅花生物科技集团股份有限公司,2023,monitor_pass,https://www.moa.gov.cn/nybgb/2023/202306/202307/P020230719348171286633.pdf,https://query.sse.com.cn/commonQuery.do?sqlId=COMMON_SSE_CP_GPJCTPZ_GPLB_GP_L,当前交易所法人全称与官方名单标准化后完全一致,身份关系已核实候选；ST、退市时点及资格缺口仍待处理,待从公司年度证券状态来源核实,入口候选，非最终样本；仍须复核主营业务、涉农收入占比、ST/退市状态及核心变量缺失,,,,,,年度ST区间待核实,,
600882,2023,上海妙可蓝多食品科技股份有限公司,妙可蓝多,上海证券交易所,19951206,交易所当前法人主表已覆盖,龙头企业身份核实候选,,,,,0,,,,,,,,,,1,上海妙可蓝多食品科技股份有限公司,2023,monitor_pass,https://www.moa.gov.cn/nybgb/2023/202306/202307/P020230719348171286633.pdf,https://query.sse.com.cn/commonQuery.do?sqlId=COMMON_SSE_CP_GPJCTPZ_GPLB_GP_L,当前交易所法人全称与官方名单标准化后完全一致,身份关系已核实候选；ST、退市时点及资格缺口仍待处理,待从公司年度证券状态来源核实,入口候选，非最终样本；仍须复核主营业务、涉农收入占比、ST/退市状态及核心变量缺失,,,,,,年度ST区间待核实,,
600887,2023,内蒙古伊利实业集团股份有限公司,伊利股份,上海证券交易所,19960312,交易所当前法人主表已覆盖,龙头企业身份核实候选,,,,,0,,,,,,,,,,1,内蒙古伊利实业集团股份有限公司,2023,monitor_pass,https://www.moa.gov.cn/nybgb/2023/202306/202307/P020230719348171286633.pdf,https://query.sse.com.cn/commonQuery.do?sqlId=COMMON_SSE_CP_GPJCTPZ_GPLB_GP_L,当前交易所法人全称与官方名单标准化后完全一致,身份关系已核实候选；ST、退市时点及资格缺口仍待处理,待从公司年度证券状态来源核实,入口候选，非最终样本；仍须复核主营业务、涉农收入占比、ST/退市状态及核心变量缺失,,,,,,年度ST区间待核实,,
600962,2023,国投中鲁果汁股份有限公司,国投中鲁,上海证券交易所,20040622,交易所当前法人主表已覆盖,龙头企业身份核实候选,,,,,0,,,,,,,,,,1,国投中鲁果汁股份有限公司,2023,monitor_pass,https://www.moa.gov.cn/nybgb/2023/202306/202307/P020230719348171286633.pdf,https://query.sse.com.cn/commonQuery.do?sqlId=COMMON_SSE_CP_GPJCTPZ_GPLB_GP_L,当前交易所法人全称与官方名单标准化后完全一致,身份关系已核实候选；ST、退市时点及资格缺口仍待处理,待从公司年度证券状态来源核实,入口候选，非最终样本；仍须复核主营业务、涉农收入占比、ST/退市状态及核心变量缺失,,,,,,年度ST区间待核实,,
600965,2023,河北福成五丰食品股份有限公司,*ST福成,上海证券交易所,20040713,交易所当前法人主表已覆盖,龙头企业身份核实候选,,,,,0,,,,,,,,,,1,河北福成五丰食品股份有限公司,2023,monitor_pass,https://www.moa.gov.cn/nybgb/2023/202306/202307/P020230719348171286633.pdf,https://query.sse.com.cn/commonQuery.do?sqlId=COMMON_SSE_CP_GPJCTPZ_GPLB_GP_L,当前交易所法人全称与官方名单标准化后完全一致,身份关系已核实候选；ST、退市时点及资格缺口仍待处理,待从公司年度证券状态来源核实,入口候选，非最终样本；仍须复核主营业务、涉农收入占比、ST/退市状态及核心变量缺失,,,,,,年度ST区间待核实,,
600975,2023,湖南新五丰股份有限公司,新五丰,上海证券交易所,20040609,交易所当前法人主表已覆盖,行业分类候选+龙头企业身份核实候选,,,,,1,新五丰,2023H2,03,畜牧业,否,中国上市公司协会,《中国上市公司协会上市公司行业统计分类指引》（2023）,2023H2.pdf,候选待年报复核,1,湖南新五丰股份有限公司,2023,monitor_pass,https://www.moa.gov.cn/nybgb/2023/202306/202307/P020230719348171286633.pdf,https://query.sse.com.cn/commonQuery.do?sqlId=COMMON_SSE_CP_GPJCTPZ_GPLB_GP_L,当前交易所法人全称与官方名单标准化后完全一致,身份关系已核实候选；ST、退市时点及资格缺口仍待处理,已由当期行业分类证券简称标记：否,入口候选，非最终样本；仍须复核主营业务、涉农收入占比、ST/退市状态及核心变量缺失,,,,,,年度ST区间待核实,,
601118,2023,海南天然橡胶产业集团股份有限公司,海南橡胶,上海证券交易所,20110107,交易所当前法人主表已覆盖,行业分类候选+龙头企业身份核实候选,,,,,1,海南橡胶,2023H2,01,农业,否,中国上市公司协会,《中国上市公司协会上市公司行业统计分类指引》（2023）,2023H2.pdf,候选待年报复核,1,海南天然橡胶产业集团股份有限公司,2023,monitor_pass,https://www.moa.gov.cn/nybgb/2023/202306/202307/P020230719348171286633.pdf,https://query.sse.com.cn/commonQuery.do?sqlId=COMMON_SSE_CP_GPJCTPZ_GPLB_GP_L,当前交易所法人全称与官方名单标准化后完全一致,身份关系已核实候选；ST、退市时点及资格缺口仍待处理,已由当期行业分类证券简称标记：否,入口候选，非最终样本；仍须复核主营业务、涉农收入占比、ST/退市状态及核心变量缺失,,,,,,年度ST区间待核实,,
601933,2023,永辉超市股份有限公司,永辉超市,上海证券交易所,20101215,交易所当前法人主表已覆盖,龙头企业身份核实候选,,,,,0,,,,,,,,,,1,永辉超市股份有限公司,2023,monitor_pass,https://www.moa.gov.cn/nybgb/2023/202306/202307/P020230719348171286633.pdf,https://query.sse.com.cn/commonQuery.do?sqlId=COMMON_SSE_CP_GPJCTPZ_GPLB_GP_L,当前交易所法人全称与官方名单标准化后完全一致,身份关系已核实候选；ST、退市时点及资格缺口仍待处理,待从公司年度证券状态来源核实,入口候选，非最终样本；仍须复核主营业务、涉农收入占比、ST/退市状态及核心变量缺失,,,,,,年度ST区间待核实,,
601996,2023,广西丰林木业集团股份有限公司,丰林集团,上海证券交易所,20110929,交易所当前法人主表已覆盖,龙头企业身份核实候选,,,,,0,,,,,,,,,,1,广西丰林木业集团股份有限公司,2023,monitor_pass,https://www.moa.gov.cn/nybgb/2023/202306/202307/P020230719348171286633.pdf,https://query.sse.com.cn/commonQuery.do?sqlId=COMMON_SSE_CP_GPJCTPZ_GPLB_GP_L,当前交易所法人全称与官方名单标准化后完全一致,身份关系已核实候选；ST、退市时点及资格缺口仍待处理,待从公司年度证券状态来源核实,入口候选，非最终样本；仍须复核主营业务、涉农收入占比、ST/退市状态及核心变量缺失,,,,,,年度ST区间待核实,,
603151,2023,山东邦基科技股份有限公司,邦基科技,上海证券交易所,20221019,交易所当前法人主表已覆盖,龙头企业身份核实候选,,,,,0,,,,,,,,,,1,山东邦基科技股份有限公司,2021,recognition,https://xccys.moa.gov.cn/gzdt/202201/t20220113_6386872.htm,https://query.sse.com.cn/commonQuery.do?sqlId=COMMON_SSE_CP_GPJCTPZ_GPLB_GP_L,当前交易所法人全称与官方名单标准化后完全一致,身份关系已核实候选；ST、退市时点及资格缺口仍待处理,待从公司年度证券状态来源核实,入口候选，非最终样本；仍须复核主营业务、涉农收入占比、ST/退市状态及核心变量缺失,,,,,,年度ST区间待核实,,
603156,2023,河北养元智汇饮品股份有限公司,养元饮品,上海证券交易所,20180212,交易所当前法人主表已覆盖,龙头企业身份核实候选,,,,,0,,,,,,,,,,1,河北养元智汇饮品股份有限公司,2023,monitor_pass,https://www.moa.gov.cn/nybgb/2023/202306/202307/P020230719348171286633.pdf,https://query.sse.com.cn/commonQuery.do?sqlId=COMMON_SSE_CP_GPJCTPZ_GPLB_GP_L,当前交易所法人全称与官方名单标准化后完全一致,身份关系已核实候选；ST、退市时点及资格缺口仍待处理,待从公司年度证券状态来源核实,入口候选，非最终样本；仍须复核主营业务、涉农收入占比、ST/退市状态及核心变量缺失,,,,,,年度ST区间待核实,,
603182,2023,山东嘉华生物科技股份有限公司,嘉华股份,上海证券交易所,20220909,交易所当前法人主表已覆盖,龙头企业身份核实候选,,,,,0,,,,,,,,,,1,山东嘉华生物科技股份有限公司,2023,monitor_pass,https://www.moa.gov.cn/nybgb/2023/202306/202307/P020230719348171286633.pdf,https://query.sse.com.cn/commonQuery.do?sqlId=COMMON_SSE_CP_GPJCTPZ_GPLB_GP_L,当前交易所法人全称与官方名单标准化后完全一致,身份关系已核实候选；ST、退市时点及资格缺口仍待处理,待从公司年度证券状态来源核实,入口候选，非最终样本；仍须复核主营业务、涉农收入占比、ST/退市状态及核心变量缺失,,,,,,年度ST区间待核实,,
603237,2023,浙江五芳斋实业股份有限公司,五芳斋,上海证券交易所,20220831,交易所当前法人主表已覆盖,龙头企业身份核实候选,,,,,0,,,,,,,,,,1,浙江五芳斋实业股份有限公司,2023,monitor_pass,https://www.moa.gov.cn/nybgb/2023/202306/202307/P020230719348171286633.pdf,https://query.sse.com.cn/commonQuery.do?sqlId=COMMON_SSE_CP_GPJCTPZ_GPLB_GP_L,当前交易所法人全称与官方名单标准化后完全一致,身份关系已核实候选；ST、退市时点及资格缺口仍待处理,待从公司年度证券状态来源核实,入口候选，非最终样本；仍须复核主营业务、涉农收入占比、ST/退市状态及核心变量缺失,,,,,,年度ST区间待核实,,
603288,2023,佛山市海天调味食品股份有限公司,海天味业,上海证券交易所,20140211,交易所当前法人主表已覆盖,龙头企业身份核实候选,,,,,0,,,,,,,,,,1,佛山市海天调味食品股份有限公司,2021,recognition,https://xccys.moa.gov.cn/gzdt/202201/t20220113_6386872.htm,https://query.sse.com.cn/commonQuery.do?sqlId=COMMON_SSE_CP_GPJCTPZ_GPLB_GP_L,当前交易所法人全称与官方名单标准化后完全一致,身份关系已核实候选；ST、退市时点及资格缺口仍待处理,待从公司年度证券状态来源核实,入口候选，非最终样本；仍须复核主营业务、涉农收入占比、ST/退市状态及核心变量缺失,,,,,,年度ST区间待核实,,
603317,2023,四川天味食品集团股份有限公司,天味食品,上海证券交易所,20190416,交易所当前法人主表已覆盖,龙头企业身份核实候选,,,,,0,,,,,,,,,,1,四川天味食品集团股份有限公司,2023,monitor_pass,https://www.moa.gov.cn/nybgb/2023/202306/202307/P020230719348171286633.pdf,https://query.sse.com.cn/commonQuery.do?sqlId=COMMON_SSE_CP_GPJCTPZ_GPLB_GP_L,当前交易所法人全称与官方名单标准化后完全一致,身份关系已核实候选；ST、退市时点及资格缺口仍待处理,待从公司年度证券状态来源核实,入口候选，非最终样本；仍须复核主营业务、涉农收入占比、ST/退市状态及核心变量缺失,,,,,,年度ST区间待核实,,
603336,2023,宏辉果蔬股份有限公司,宏辉果蔬,上海证券交易所,20161124,交易所当前法人主表已覆盖,龙头企业身份核实候选,,,,,0,,,,,,,,,,1,宏辉果蔬股份有限公司,2023,monitor_pass,https://www.moa.gov.cn/nybgb/2023/202306/202307/P020230719348171286633.pdf,https://query.sse.com.cn/commonQuery.do?sqlId=COMMON_SSE_CP_GPJCTPZ_GPLB_GP_L,当前交易所法人全称与官方名单标准化后完全一致,身份关系已核实候选；ST、退市时点及资格缺口仍待处理,待从公司年度证券状态来源核实,入口候选，非最终样本；仍须复核主营业务、涉农收入占比、ST/退市状态及核心变量缺失,,,,,,年度ST区间待核实,,
603345,2023,安井食品集团股份有限公司,安井食品,上海证券交易所,20170222,交易所当前法人主表已覆盖,龙头企业身份核实候选,,,,,0,,,,,,,,,,1,安井食品集团股份有限公司,2023,monitor_pass,https://www.moa.gov.cn/nybgb/2023/202306/202307/P020230719348171286633.pdf,https://query.sse.com.cn/commonQuery.do?sqlId=COMMON_SSE_CP_GPJCTPZ_GPLB_GP_L,当前交易所法人全称与官方名单标准化后完全一致,身份关系已核实候选；ST、退市时点及资格缺口仍待处理,待从公司年度证券状态来源核实,入口候选，非最终样本；仍须复核主营业务、涉农收入占比、ST/退市状态及核心变量缺失,,,,,,年度ST区间待核实,,
603363,2023,福建傲农生物科技集团股份有限公司,傲农生物,上海证券交易所,20170926,交易所当前法人主表已覆盖,龙头企业身份核实候选,,,,,0,,,,,,,,,,1,福建傲农生物科技集团股份有限公司,2021,recognition,https://xccys.moa.gov.cn/gzdt/202201/t20220113_6386872.htm,https://query.sse.com.cn/commonQuery.do?sqlId=COMMON_SSE_CP_GPJCTPZ_GPLB_GP_L,当前交易所法人全称与官方名单标准化后完全一致,身份关系已核实候选；ST、退市时点及资格缺口仍待处理,待从公司年度证券状态来源核实,入口候选，非最终样本；仍须复核主营业务、涉农收入占比、ST/退市状态及核心变量缺失,,,,,,年度ST区间待核实,,
603477,2023,乐山巨星农牧股份有限公司,巨星农牧,上海证券交易所,20171218,交易所当前法人主表已覆盖,行业分类候选,,,,,1,巨星农牧,2023H2,03,畜牧业,否,中国上市公司协会,《中国上市公司协会上市公司行业统计分类指引》（2023）,2023H2.pdf,候选待年报复核,0,,,,,,,,已由当期行业分类证券简称标记：否,入口候选，非最终样本；仍须复核主营业务、涉农收入占比、ST/退市状态及核心变量缺失,,,,,,年度ST区间待核实,,
603517,2023,绝味食品股份有限公司,ST绝味,上海证券交易所,20170317,交易所当前法人主表已覆盖,龙头企业身份核实候选,,,,,0,,,,,,,,,,1,绝味食品股份有限公司,2023,monitor_pass,https://www.moa.gov.cn/nybgb/2023/202306/202307/P020230719348171286633.pdf,https://query.sse.com.cn/commonQuery.do?sqlId=COMMON_SSE_CP_GPJCTPZ_GPLB_GP_L,当前交易所法人全称与官方名单标准化后完全一致,身份关系已核实候选；ST、退市时点及资格缺口仍待处理,待从公司年度证券状态来源核实,入口候选，非最终样本；仍须复核主营业务、涉农收入占比、ST/退市状态及核心变量缺失,,,,,,年度ST区间待核实,,
603609,2023,禾丰食品股份有限公司,禾丰股份,上海证券交易所,20140808,交易所当前法人主表已覆盖,龙头企业身份核实候选,,,,,0,,,,,,,,,,1,禾丰食品股份有限公司,2023,monitor_pass,https://www.moa.gov.cn/nybgb/2023/202306/202307/P020230719348171286633.pdf,https://query.sse.com.cn/commonQuery.do?sqlId=COMMON_SSE_CP_GPJCTPZ_GPLB_GP_L,当前交易所法人全称与官方名单标准化后完全一致,身份关系已核实候选；ST、退市时点及资格缺口仍待处理,待从公司年度证券状态来源核实,入口候选，非最终样本；仍须复核主营业务、涉农收入占比、ST/退市状态及核心变量缺失,,,,,,年度ST区间待核实,,
603668,2023,福建天马科技集团股份有限公司,天马科技,上海证券交易所,20170117,交易所当前法人主表已覆盖,龙头企业身份核实候选,,,,,0,,,,,,,,,,1,福建天马科技集团股份有限公司,2023,monitor_pass,https://www.moa.gov.cn/nybgb/2023/202306/202307/P020230719348171286633.pdf,https://query.sse.com.cn/commonQuery.do?sqlId=COMMON_SSE_CP_GPJCTPZ_GPLB_GP_L,当前交易所法人全称与官方名单标准化后完全一致,身份关系已核实候选；ST、退市时点及资格缺口仍待处理,待从公司年度证券状态来源核实,入口候选，非最终样本；仍须复核主营业务、涉农收入占比、ST/退市状态及核心变量缺失,,,,,,年度ST区间待核实,,
603708,2023,家家悦集团股份有限公司,家家悦,上海证券交易所,20161213,交易所当前法人主表已覆盖,龙头企业身份核实候选,,,,,0,,,,,,,,,,1,家家悦集团股份有限公司,2023,monitor_pass,https://www.moa.gov.cn/nybgb/2023/202306/202307/P020230719348171286633.pdf,https://query.sse.com.cn/commonQuery.do?sqlId=COMMON_SSE_CP_GPJCTPZ_GPLB_GP_L,当前交易所法人全称与官方名单标准化后完全一致,身份关系已核实候选；ST、退市时点及资格缺口仍待处理,待从公司年度证券状态来源核实,入口候选，非最终样本；仍须复核主营业务、涉农收入占比、ST/退市状态及核心变量缺失,,,,,,年度ST区间待核实,,
603896,2023,浙江寿仙谷医药股份有限公司,寿仙谷,上海证券交易所,20170510,交易所当前法人主表已覆盖,龙头企业身份核实候选,,,,,0,,,,,,,,,,1,浙江寿仙谷医药股份有限公司,2021,recognition,https://xccys.moa.gov.cn/gzdt/202201/t20220113_6386872.htm,https://query.sse.com.cn/commonQuery.do?sqlId=COMMON_SSE_CP_GPJCTPZ_GPLB_GP_L,当前交易所法人全称与官方名单标准化后完全一致,身份关系已核实候选；ST、退市时点及资格缺口仍待处理,待从公司年度证券状态来源核实,入口候选，非最终样本；仍须复核主营业务、涉农收入占比、ST/退市状态及核心变量缺失,,,,,,年度ST区间待核实,,
605016,2023,山东百龙创园生物科技股份有限公司,百龙创园,上海证券交易所,20210421,交易所当前法人主表已覆盖,龙头企业身份核实候选,,,,,0,,,,,,,,,,1,山东百龙创园生物科技股份有限公司,2021,recognition,https://xccys.moa.gov.cn/gzdt/202201/t20220113_6386872.htm,https://query.sse.com.cn/commonQuery.do?sqlId=COMMON_SSE_CP_GPJCTPZ_GPLB_GP_L,当前交易所法人全称与官方名单标准化后完全一致,身份关系已核实候选；ST、退市时点及资格缺口仍待处理,待从公司年度证券状态来源核实,入口候选，非最终样本；仍须复核主营业务、涉农收入占比、ST/退市状态及核心变量缺失,,,,,,年度ST区间待核实,,
605179,2023,浙江一鸣食品股份有限公司,一鸣食品,上海证券交易所,20201228,交易所当前法人主表已覆盖,龙头企业身份核实候选,,,,,0,,,,,,,,,,1,浙江一鸣食品股份有限公司,2023,monitor_pass,https://www.moa.gov.cn/nybgb/2023/202306/202307/P020230719348171286633.pdf,https://query.sse.com.cn/commonQuery.do?sqlId=COMMON_SSE_CP_GPJCTPZ_GPLB_GP_L,当前交易所法人全称与官方名单标准化后完全一致,身份关系已核实候选；ST、退市时点及资格缺口仍待处理,待从公司年度证券状态来源核实,入口候选，非最终样本；仍须复核主营业务、涉农收入占比、ST/退市状态及核心变量缺失,,,,,,年度ST区间待核实,,
605198,2023,烟台北方安德利果汁股份有限公司,安德利,上海证券交易所,20200918,交易所当前法人主表已覆盖,龙头企业身份核实候选,,,,,0,,,,,,,,,,1,烟台北方安德利果汁股份有限公司,2023,monitor_pass,https://www.moa.gov.cn/nybgb/2023/202306/202307/P020230719348171286633.pdf,https://query.sse.com.cn/commonQuery.do?sqlId=COMMON_SSE_CP_GPJCTPZ_GPLB_GP_L,当前交易所法人全称与官方名单标准化后完全一致,身份关系已核实候选；ST、退市时点及资格缺口仍待处理,待从公司年度证券状态来源核实,入口候选，非最终样本；仍须复核主营业务、涉农收入占比、ST/退市状态及核心变量缺失,,,,,,年度ST区间待核实,,
605296,2023,云南神农农业产业集团股份有限公司,神农集团,上海证券交易所,20210528,交易所当前法人主表已覆盖,行业分类候选+龙头企业身份核实候选,,,,,1,神农集团,2023H2,03,畜牧业,否,中国上市公司协会,《中国上市公司协会上市公司行业统计分类指引》（2023）,2023H2.pdf,候选待年报复核,1,云南神农农业产业集团股份有限公司,2023,monitor_pass,https://www.moa.gov.cn/nybgb/2023/202306/202307/P020230719348171286633.pdf,https://query.sse.com.cn/commonQuery.do?sqlId=COMMON_SSE_CP_GPJCTPZ_GPLB_GP_L,当前交易所法人全称与官方名单标准化后完全一致,身份关系已核实候选；ST、退市时点及资格缺口仍待处理,已由当期行业分类证券简称标记：否,入口候选，非最终样本；仍须复核主营业务、涉农收入占比、ST/退市状态及核心变量缺失,,,,,,年度ST区间待核实,,
605337,2023,浙江李子园食品股份有限公司,李子园,上海证券交易所,20210208,交易所当前法人主表已覆盖,龙头企业身份核实候选,,,,,0,,,,,,,,,,1,浙江李子园食品股份有限公司,2023,monitor_pass,https://www.moa.gov.cn/nybgb/2023/202306/202307/P020230719348171286633.pdf,https://query.sse.com.cn/commonQuery.do?sqlId=COMMON_SSE_CP_GPJCTPZ_GPLB_GP_L,当前交易所法人全称与官方名单标准化后完全一致,身份关系已核实候选；ST、退市时点及资格缺口仍待处理,待从公司年度证券状态来源核实,入口候选，非最终样本；仍须复核主营业务、涉农收入占比、ST/退市状态及核心变量缺失,,,,,,年度ST区间待核实,,
605338,2023,中饮巴比食品股份有限公司,巴比食品,上海证券交易所,20201012,交易所当前法人主表已覆盖,龙头企业身份核实候选,,,,,0,,,,,,,,,,1,中饮巴比食品股份有限公司,2023,monitor_pass,https://www.moa.gov.cn/nybgb/2023/202306/202307/P020230719348171286633.pdf,https://query.sse.com.cn/commonQuery.do?sqlId=COMMON_SSE_CP_GPJCTPZ_GPLB_GP_L,当前交易所法人全称与官方名单标准化后完全一致,身份关系已核实候选；ST、退市时点及资格缺口仍待处理,待从公司年度证券状态来源核实,入口候选，非最终样本；仍须复核主营业务、涉农收入占比、ST/退市状态及核心变量缺失,,,,,,年度ST区间待核实,,
605589,2023,济南圣泉集团股份有限公司,圣泉集团,上海证券交易所,20210810,交易所当前法人主表已覆盖,龙头企业身份核实候选,,,,,0,,,,,,,,,,1,济南圣泉集团股份有限公司,2023,monitor_pass,https://www.moa.gov.cn/nybgb/2023/202306/202307/P020230719348171286633.pdf,https://query.sse.com.cn/commonQuery.do?sqlId=COMMON_SSE_CP_GPJCTPZ_GPLB_GP_L,当前交易所法人全称与官方名单标准化后完全一致,身份关系已核实候选；ST、退市时点及资格缺口仍待处理,待从公司年度证券状态来源核实,入口候选，非最终样本；仍须复核主营业务、涉农收入占比、ST/退市状态及核心变量缺失,,,,,,年度ST区间待核实,,
