stock_code,exchange,current_short_name,org_id,announcement_id,announcement_title,announcement_sec_name,publication_date,pdf_url,report_year_extracted,adjunct_size,retrieved_date
000048,深圳证券交易所,京基智农,gssz0000048,63944198,2013年年度报告摘要,康达尔,2014-04-28,https://static.cninfo.com.cn/finalpage/2014-04-29/63944198.PDF,2013,313,2026-08-06
000048,深圳证券交易所,京基智农,gssz0000048,63944210,2013年年度报告（已取消）,康达尔,2014-04-28,https://static.cninfo.com.cn/finalpage/2014-04-29/63944210.PDF,2013,8598,2026-08-06
000048,深圳证券交易所,京基智农,gssz0000048,64086872,2013年年度报告（更新后）,康达尔,2014-05-30,https://static.cninfo.com.cn/finalpage/2014-05-31/64086872.PDF,2013,8604,2026-08-06
000048,深圳证券交易所,京基智农,gssz0000048,1200920078,2014年年度报告摘要,康达尔,2015-04-27,https://static.cninfo.com.cn/finalpage/2015-04-28/1200920078.PDF,2014,305,2026-08-06
000048,深圳证券交易所,京基智农,gssz0000048,1200920085,2014年年度报告,康达尔,2015-04-27,https://static.cninfo.com.cn/finalpage/2015-04-28/1200920085.PDF,2014,1081,2026-08-06
000048,深圳证券交易所,京基智农,gssz0000048,1202243202,2015年年度报告摘要,康达尔,2016-04-25,https://static.cninfo.com.cn/finalpage/2016-04-26/1202243202.PDF,2015,306,2026-08-06
000048,深圳证券交易所,京基智农,gssz0000048,1202243218,2015年年度报告,康达尔,2016-04-25,https://static.cninfo.com.cn/finalpage/2016-04-26/1202243218.PDF,2015,3595,2026-08-06
000048,深圳证券交易所,京基智农,gssz0000048,1203402379,2016年年度报告摘要,康达尔,2017-04-26,https://static.cninfo.com.cn/finalpage/2017-04-27/1203402379.PDF,2016,276,2026-08-06
000048,深圳证券交易所,京基智农,gssz0000048,1203402385,2016年年度报告（已取消）,康达尔,2017-04-26,https://static.cninfo.com.cn/finalpage/2017-04-27/1203402385.PDF,2016,3620,2026-08-06
000048,深圳证券交易所,京基智农,gssz0000048,1203543841,2016年年度报告（更新后）,康达尔,2017-05-19,https://static.cninfo.com.cn/finalpage/2017-05-20/1203543841.PDF,2016,3623,2026-08-06
000048,深圳证券交易所,京基智农,gssz0000048,1205363827,2017年年度报告,*ST康达,2018-08-30,https://static.cninfo.com.cn/finalpage/2018-08-31/1205363827.PDF,2017,3481,2026-08-06
000048,深圳证券交易所,京基智农,gssz0000048,1205363829,2017年年度报告摘要,*ST康达,2018-08-30,https://static.cninfo.com.cn/finalpage/2018-08-31/1205363829.PDF,2017,279,2026-08-06
000048,深圳证券交易所,京基智农,gssz0000048,1206016211,2018年年度报告摘要,*ST康达,2019-04-14,https://static.cninfo.com.cn/finalpage/2019-04-15/1206016211.PDF,2018,203,2026-08-06
000048,深圳证券交易所,京基智农,gssz0000048,1206016212,2018年年度报告,*ST康达,2019-04-14,https://static.cninfo.com.cn/finalpage/2019-04-15/1206016212.PDF,2018,3884,2026-08-06
000048,深圳证券交易所,京基智农,gssz0000048,1207681429,2019年年度报告摘要,京基智农,2020-04-29,https://static.cninfo.com.cn/finalpage/2020-04-30/1207681429.PDF,2019,326,2026-08-06
000048,深圳证券交易所,京基智农,gssz0000048,1207681445,2019年年度报告,京基智农,2020-04-29,https://static.cninfo.com.cn/finalpage/2020-04-30/1207681445.PDF,2019,3704,2026-08-06
000048,深圳证券交易所,京基智农,gssz0000048,1209454334,2020年年度报告摘要,京基智农,2021-03-25,https://static.cninfo.com.cn/finalpage/2021-03-26/1209454334.PDF,2020,314,2026-08-06
000048,深圳证券交易所,京基智农,gssz0000048,1209454384,2020年年度报告,京基智农,2021-03-25,https://static.cninfo.com.cn/finalpage/2021-03-26/1209454384.PDF,2020,3522,2026-08-06
000048,深圳证券交易所,京基智农,gssz0000048,1212582108,2021年年度报告摘要,京基智农,2022-03-15,https://static.cninfo.com.cn/finalpage/2022-03-16/1212582108.PDF,2021,169,2026-08-06
000048,深圳证券交易所,京基智农,gssz0000048,1212582122,2021年年度报告,京基智农,2022-03-15,https://static.cninfo.com.cn/finalpage/2022-03-16/1212582122.PDF,2021,3794,2026-08-06
000048,深圳证券交易所,京基智农,gssz0000048,1216116016,2022年年度报告,京基智农,2023-03-14,https://static.cninfo.com.cn/finalpage/2023-03-15/1216116016.PDF,2022,2885,2026-08-06
000048,深圳证券交易所,京基智农,gssz0000048,1216116020,2022年年度报告摘要,京基智农,2023-03-14,https://static.cninfo.com.cn/finalpage/2023-03-15/1216116020.PDF,2022,258,2026-08-06
000048,深圳证券交易所,京基智农,gssz0000048,1219347629,2023年年度报告,京基智农,2024-03-19,https://static.cninfo.com.cn/finalpage/2024-03-20/1219347629.PDF,2023,1361,2026-08-06
000048,深圳证券交易所,京基智农,gssz0000048,1219347632,2023年年度报告摘要,京基智农,2024-03-19,https://static.cninfo.com.cn/finalpage/2024-03-20/1219347632.PDF,2023,352,2026-08-06
000048,深圳证券交易所,京基智农,gssz0000048,1219348059,2023年年度报告,京基智农,2024-03-19,https://static.cninfo.com.cn/finalpage/2024-03-20/1219348059.PDF,2023,1293,2026-08-06
000423,深圳证券交易所,东阿阿胶,gssz0000423,63664588,2013年年度报告摘要,东阿阿胶,2014-03-11,https://static.cninfo.com.cn/finalpage/2014-03-12/63664588.PDF,2013,223,2026-08-06
000423,深圳证券交易所,东阿阿胶,gssz0000423,63664608,2013年年度报告,东阿阿胶,2014-03-11,https://static.cninfo.com.cn/finalpage/2014-03-12/63664608.PDF,2013,4182,2026-08-06
000423,深圳证券交易所,东阿阿胶,gssz0000423,1200714212,2014年年度报告摘要,东阿阿胶,2015-03-18,https://static.cninfo.com.cn/finalpage/2015-03-19/1200714212.PDF,2014,287,2026-08-06
000423,深圳证券交易所,东阿阿胶,gssz0000423,1200714220,2014年年度报告,东阿阿胶,2015-03-18,https://static.cninfo.com.cn/finalpage/2015-03-19/1200714220.PDF,2014,4497,2026-08-06
000423,深圳证券交易所,东阿阿胶,gssz0000423,1202033489,2015年年度报告摘要,东阿阿胶,2016-03-09,https://static.cninfo.com.cn/finalpage/2016-03-10/1202033489.PDF,2015,335,2026-08-06
000423,深圳证券交易所,东阿阿胶,gssz0000423,1202033494,2015年年度报告,东阿阿胶,2016-03-09,https://static.cninfo.com.cn/finalpage/2016-03-10/1202033494.PDF,2015,5419,2026-08-06
000423,深圳证券交易所,东阿阿胶,gssz0000423,1203145161,2016年年度报告摘要（已取消）,东阿阿胶,2017-03-09,https://static.cninfo.com.cn/finalpage/2017-03-10/1203145161.PDF,2016,257,2026-08-06
000423,深圳证券交易所,东阿阿胶,gssz0000423,1203145166,2016年年度报告（已取消）,东阿阿胶,2017-03-09,https://static.cninfo.com.cn/finalpage/2017-03-10/1203145166.PDF,2016,4939,2026-08-06
000423,深圳证券交易所,东阿阿胶,gssz0000423,1203153424,2016年年度报告（更新后）,东阿阿胶,2017-03-13,https://static.cninfo.com.cn/finalpage/2017-03-13/1203153424.PDF,2016,3219,2026-08-06
000423,深圳证券交易所,东阿阿胶,gssz0000423,1203153425,2016年年度报告摘要（更新后）,东阿阿胶,2017-03-13,https://static.cninfo.com.cn/finalpage/2017-03-13/1203153425.PDF,2016,257,2026-08-06
000423,深圳证券交易所,东阿阿胶,gssz0000423,1204480418,2017年年度报告摘要,东阿阿胶,2018-03-15,https://static.cninfo.com.cn/finalpage/2018-03-16/1204480418.PDF,2017,314,2026-08-06
000423,深圳证券交易所,东阿阿胶,gssz0000423,1204480425,2017年年度报告（已取消）,东阿阿胶,2018-03-15,https://static.cninfo.com.cn/finalpage/2018-03-16/1204480425.PDF,2017,5180,2026-08-06
000423,深圳证券交易所,东阿阿胶,gssz0000423,1205255220,2017年年度报告（更新后）,东阿阿胶,2018-08-02,https://static.cninfo.com.cn/finalpage/2018-08-03/1205255220.PDF,2017,3572,2026-08-06
000423,深圳证券交易所,东阿阿胶,gssz0000423,1205897724,2018年年度报告摘要,东阿阿胶,2019-03-13,https://static.cninfo.com.cn/finalpage/2019-03-14/1205897724.PDF,2018,335,2026-08-06
000423,深圳证券交易所,东阿阿胶,gssz0000423,1205897737,2018年年度报告,东阿阿胶,2019-03-13,https://static.cninfo.com.cn/finalpage/2019-03-14/1205897737.PDF,2018,7128,2026-08-06
000423,深圳证券交易所,东阿阿胶,gssz0000423,1207411614,2019年年度报告摘要,东阿阿胶,2020-03-26,https://static.cninfo.com.cn/finalpage/2020-03-27/1207411614.PDF,2019,364,2026-08-06
000423,深圳证券交易所,东阿阿胶,gssz0000423,1207411615,2019年年度报告,东阿阿胶,2020-03-26,https://static.cninfo.com.cn/finalpage/2020-03-27/1207411615.PDF,2019,5269,2026-08-06
000423,深圳证券交易所,东阿阿胶,gssz0000423,1209419528,2020年年度报告摘要,东阿阿胶,2021-03-19,https://static.cninfo.com.cn/finalpage/2021-03-20/1209419528.PDF,2020,303,2026-08-06
000423,深圳证券交易所,东阿阿胶,gssz0000423,1209419529,2020年年度报告,东阿阿胶,2021-03-19,https://static.cninfo.com.cn/finalpage/2021-03-20/1209419529.PDF,2020,4833,2026-08-06
000423,深圳证券交易所,东阿阿胶,gssz0000423,1212685159,2021年年度报告摘要,东阿阿胶,2022-03-25,https://static.cninfo.com.cn/finalpage/2022-03-26/1212685159.PDF,2021,265,2026-08-06
000423,深圳证券交易所,东阿阿胶,gssz0000423,1212685160,2021年年度报告,东阿阿胶,2022-03-25,https://static.cninfo.com.cn/finalpage/2022-03-26/1212685160.PDF,2021,5377,2026-08-06
000423,深圳证券交易所,东阿阿胶,gssz0000423,1216219036,2022年年度报告摘要,东阿阿胶,2023-03-24,https://static.cninfo.com.cn/finalpage/2023-03-25/1216219036.PDF,2022,317,2026-08-06
000423,深圳证券交易所,东阿阿胶,gssz0000423,1216219037,2022年年度报告,东阿阿胶,2023-03-24,https://static.cninfo.com.cn/finalpage/2023-03-25/1216219037.PDF,2022,7062,2026-08-06
000423,深圳证券交易所,东阿阿胶,gssz0000423,1219375568,2023年年度报告,东阿阿胶,2024-03-21,https://static.cninfo.com.cn/finalpage/2024-03-22/1219375568.PDF,2023,5201,2026-08-06
000423,深圳证券交易所,东阿阿胶,gssz0000423,1219375572,2023年年度报告摘要,东阿阿胶,2024-03-21,https://static.cninfo.com.cn/finalpage/2024-03-22/1219375572.PDF,2023,419,2026-08-06
000538,深圳证券交易所,云南白药,gssz0000538,63737166,2013年年度报告摘要,云南白药,2014-03-27,https://static.cninfo.com.cn/finalpage/2014-03-28/63737166.PDF,2013,639,2026-08-06
000538,深圳证券交易所,云南白药,gssz0000538,63737178,2013年年度报告,云南白药,2014-03-27,https://static.cninfo.com.cn/finalpage/2014-03-28/63737178.PDF,2013,2880,2026-08-06
000538,深圳证券交易所,云南白药,gssz0000538,1200920590,2014年年度报告摘要,云南白药,2015-04-27,https://static.cninfo.com.cn/finalpage/2015-04-28/1200920590.PDF,2014,960,2026-08-06
000538,深圳证券交易所,云南白药,gssz0000538,1200920599,2014年年度报告,云南白药,2015-04-27,https://static.cninfo.com.cn/finalpage/2015-04-28/1200920599.PDF,2014,3427,2026-08-06
000538,深圳证券交易所,云南白药,gssz0000538,1202202875,2015年年度报告摘要,云南白药,2016-04-19,https://static.cninfo.com.cn/finalpage/2016-04-20/1202202875.PDF,2015,546,2026-08-06
000538,深圳证券交易所,云南白药,gssz0000538,1202202891,2015年年度报告,云南白药,2016-04-19,https://static.cninfo.com.cn/finalpage/2016-04-20/1202202891.PDF,2015,3323,2026-08-06
000538,深圳证券交易所,云南白药,gssz0000538,1203357001,2016年年度报告,云南白药,2017-04-21,https://static.cninfo.com.cn/finalpage/2017-04-22/1203357001.PDF,2016,3527,2026-08-06
000538,深圳证券交易所,云南白药,gssz0000538,1203357007,2016年年度报告摘要,云南白药,2017-04-21,https://static.cninfo.com.cn/finalpage/2017-04-22/1203357007.PDF,2016,651,2026-08-06
000538,深圳证券交易所,云南白药,gssz0000538,1204617003,2017年年度报告摘要,云南白药,2018-04-11,https://static.cninfo.com.cn/finalpage/2018-04-12/1204617003.PDF,2017,650,2026-08-06
000538,深圳证券交易所,云南白药,gssz0000538,1204617005,2017年年度报告,云南白药,2018-04-11,https://static.cninfo.com.cn/finalpage/2018-04-12/1204617005.PDF,2017,3394,2026-08-06
000538,深圳证券交易所,云南白药,gssz0000538,1205925076,2018年年度报告摘要,云南白药,2019-03-21,https://static.cninfo.com.cn/finalpage/2019-03-22/1205925076.PDF,2018,568,2026-08-06
000538,深圳证券交易所,云南白药,gssz0000538,1205925083,2018年年度报告,云南白药,2019-03-21,https://static.cninfo.com.cn/finalpage/2019-03-22/1205925083.PDF,2018,1341,2026-08-06
000538,深圳证券交易所,云南白药,gssz0000538,1207410743,2019年年度报告摘要,云南白药,2020-03-26,https://static.cninfo.com.cn/finalpage/2020-03-27/1207410743.PDF,2019,678,2026-08-06
000538,深圳证券交易所,云南白药,gssz0000538,1207410745,2019年年度报告,云南白药,2020-03-26,https://static.cninfo.com.cn/finalpage/2020-03-27/1207410745.PDF,2019,1630,2026-08-06
000538,深圳证券交易所,云南白药,gssz0000538,1209463032,2020年年度报告摘要,云南白药,2021-03-26,https://static.cninfo.com.cn/finalpage/2021-03-27/1209463032.PDF,2020,767,2026-08-06
000538,深圳证券交易所,云南白药,gssz0000538,1209463046,2020年年度报告,云南白药,2021-03-26,https://static.cninfo.com.cn/finalpage/2021-03-27/1209463046.PDF,2020,4678,2026-08-06
000538,深圳证券交易所,云南白药,gssz0000538,1212688567,2021年年度报告摘要,云南白药,2022-03-25,https://static.cninfo.com.cn/finalpage/2022-03-26/1212688567.PDF,2021,433,2026-08-06
000538,深圳证券交易所,云南白药,gssz0000538,1212688576,2021年年度报告,云南白药,2022-03-25,https://static.cninfo.com.cn/finalpage/2022-03-26/1212688576.PDF,2021,5657,2026-08-06
000538,深圳证券交易所,云南白药,gssz0000538,1216280763,2022年年度报告摘要,云南白药,2023-03-30,https://static.cninfo.com.cn/finalpage/2023-03-31/1216280763.PDF,2022,538,2026-08-06
000538,深圳证券交易所,云南白药,gssz0000538,1216280778,2022年年度报告,云南白药,2023-03-30,https://static.cninfo.com.cn/finalpage/2023-03-31/1216280778.PDF,2022,5512,2026-08-06
000538,深圳证券交易所,云南白药,gssz0000538,1219474052,2023年年度报告,云南白药,2024-03-29,https://static.cninfo.com.cn/finalpage/2024-03-30/1219474052.PDF,2023,9528,2026-08-06
000538,深圳证券交易所,云南白药,gssz0000538,1219474059,2023年年度报告摘要,云南白药,2024-03-29,https://static.cninfo.com.cn/finalpage/2024-03-30/1219474059.PDF,2023,426,2026-08-06
000538,深圳证券交易所,云南白药,gssz0000538,1219564958,2023年年度报告（英文版）,云南白药,2024-04-10,https://static.cninfo.com.cn/finalpage/2024-04-11/1219564958.PDF,2023,5335,2026-08-06
000568,深圳证券交易所,泸州老窖,gssz0000568,63825967,2013年年度报告,泸州老窖,2014-04-11,https://static.cninfo.com.cn/finalpage/2014-04-12/63825967.PDF,2013,1666,2026-08-06
000568,深圳证券交易所,泸州老窖,gssz0000568,63826879,2013年年度报告摘要,泸州老窖,2014-04-11,https://static.cninfo.com.cn/finalpage/2014-04-12/63826879.PDF,2013,286,2026-08-06
000568,深圳证券交易所,泸州老窖,gssz0000568,1200767502,2014年年度报告摘要,泸州老窖,2015-03-30,https://static.cninfo.com.cn/finalpage/2015-03-31/1200767502.PDF,2014,352,2026-08-06
000568,深圳证券交易所,泸州老窖,gssz0000568,1200767503,2014年年度报告,泸州老窖,2015-03-30,https://static.cninfo.com.cn/finalpage/2015-03-31/1200767503.PDF,2014,2647,2026-08-06
000568,深圳证券交易所,泸州老窖,gssz0000568,1202259364,2015年年度报告摘要,泸州老窖,2016-04-27,https://static.cninfo.com.cn/finalpage/2016-04-28/1202259364.PDF,2015,302,2026-08-06
000568,深圳证券交易所,泸州老窖,gssz0000568,1202259365,2015年年度报告,泸州老窖,2016-04-27,https://static.cninfo.com.cn/finalpage/2016-04-28/1202259365.PDF,2015,2780,2026-08-06
000568,深圳证券交易所,泸州老窖,gssz0000568,1203322665,2016年年度报告摘要,泸州老窖,2017-04-18,https://static.cninfo.com.cn/finalpage/2017-04-19/1203322665.PDF,2016,277,2026-08-06
000568,深圳证券交易所,泸州老窖,gssz0000568,1203322668,2016年年度报告,泸州老窖,2017-04-18,https://static.cninfo.com.cn/finalpage/2017-04-19/1203322668.PDF,2016,2733,2026-08-06
000568,深圳证券交易所,泸州老窖,gssz0000568,1204601028,2017年年度报告摘要,泸州老窖,2018-04-10,https://static.cninfo.com.cn/finalpage/2018-04-11/1204601028.PDF,2017,341,2026-08-06
000568,深圳证券交易所,泸州老窖,gssz0000568,1204601047,2017年年度报告,泸州老窖,2018-04-10,https://static.cninfo.com.cn/finalpage/2018-04-11/1204601047.PDF,2017,2710,2026-08-06
000568,深圳证券交易所,泸州老窖,gssz0000568,1206098272,2018年年度报告,泸州老窖,2019-04-25,https://static.cninfo.com.cn/finalpage/2019-04-26/1206098272.PDF,2018,2750,2026-08-06
000568,深圳证券交易所,泸州老窖,gssz0000568,1206098273,2018年年度报告摘要,泸州老窖,2019-04-25,https://static.cninfo.com.cn/finalpage/2019-04-26/1206098273.PDF,2018,264,2026-08-06
000568,深圳证券交易所,泸州老窖,gssz0000568,1206335965,2018年年度报告（英文版）,泸州老窖,2019-06-05,https://static.cninfo.com.cn/finalpage/2019-06-06/1206335965.PDF,2018,3588,2026-08-06
000568,深圳证券交易所,泸州老窖,gssz0000568,1207656446,2019年年度报告摘要,泸州老窖,2020-04-28,https://static.cninfo.com.cn/finalpage/2020-04-29/1207656446.PDF,2019,263,2026-08-06
000568,深圳证券交易所,泸州老窖,gssz0000568,1207656466,2019年年度报告,泸州老窖,2020-04-28,https://static.cninfo.com.cn/finalpage/2020-04-29/1207656466.PDF,2019,3165,2026-08-06
000568,深圳证券交易所,泸州老窖,gssz0000568,1207893497,2019年年度报告（英文版）,泸州老窖,2020-06-03,https://static.cninfo.com.cn/finalpage/2020-06-04/1207893497.PDF,2019,3410,2026-08-06
000568,深圳证券交易所,泸州老窖,gssz0000568,1209863990,2020年年度报告摘要,泸州老窖,2021-04-29,https://static.cninfo.com.cn/finalpage/2021-04-30/1209863990.PDF,2020,294,2026-08-06
000568,深圳证券交易所,泸州老窖,gssz0000568,1209863995,2020年年度报告,泸州老窖,2021-04-29,https://static.cninfo.com.cn/finalpage/2021-04-30/1209863995.PDF,2020,3299,2026-08-06
000568,深圳证券交易所,泸州老窖,gssz0000568,1210114331,2020年年度报告（英文版）,泸州老窖,2021-05-27,https://static.cninfo.com.cn/finalpage/2021-05-28/1210114331.PDF,2020,3497,2026-08-06
000568,深圳证券交易所,泸州老窖,gssz0000568,1213196169,2021年年度报告摘要,泸州老窖,2022-04-28,https://static.cninfo.com.cn/finalpage/2022-04-29/1213196169.PDF,2021,236,2026-08-06
000568,深圳证券交易所,泸州老窖,gssz0000568,1213196184,2021年年度报告,泸州老窖,2022-04-28,https://static.cninfo.com.cn/finalpage/2022-04-29/1213196184.PDF,2021,3336,2026-08-06
000568,深圳证券交易所,泸州老窖,gssz0000568,1213381061,2021年年度报告（英文版）,泸州老窖,2022-05-17,https://static.cninfo.com.cn/finalpage/2022-05-18/1213381061.PDF,2021,3695,2026-08-06
000568,深圳证券交易所,泸州老窖,gssz0000568,1216686514,2022年年度报告,泸州老窖,2023-04-28,https://static.cninfo.com.cn/finalpage/2023-04-29/1216686514.PDF,2022,5391,2026-08-06
000568,深圳证券交易所,泸州老窖,gssz0000568,1216686518,2022年年度报告摘要,泸州老窖,2023-04-28,https://static.cninfo.com.cn/finalpage/2023-04-29/1216686518.PDF,2022,379,2026-08-06
000568,深圳证券交易所,泸州老窖,gssz0000568,1216850340,2022年年度报告（英文版）,泸州老窖,2023-05-18,https://static.cninfo.com.cn/finalpage/2023-05-19/1216850340.PDF,2022,5820,2026-08-06
000568,深圳证券交易所,泸州老窖,gssz0000568,1219872991,2023年年度报告,泸州老窖,2024-04-26,https://static.cninfo.com.cn/finalpage/2024-04-27/1219872991.PDF,2023,5748,2026-08-06
000568,深圳证券交易所,泸州老窖,gssz0000568,1219873011,2023年年度报告摘要,泸州老窖,2024-04-26,https://static.cninfo.com.cn/finalpage/2024-04-27/1219873011.PDF,2023,309,2026-08-06
000568,深圳证券交易所,泸州老窖,gssz0000568,1220035620,2023年年度报告（英文）,泸州老窖,2024-05-10,https://static.cninfo.com.cn/finalpage/2024-05-11/1220035620.PDF,2023,6251,2026-08-06
000592,深圳证券交易所,平潭发展,gssz0000592,63950742,2013年年度报告摘要,中福实业,2014-04-29,https://static.cninfo.com.cn/finalpage/2014-04-30/63950742.PDF,2013,224,2026-08-06
000592,深圳证券交易所,平潭发展,gssz0000592,63950761,2013年年度报告,中福实业,2014-04-29,https://static.cninfo.com.cn/finalpage/2014-04-30/63950761.PDF,2013,964,2026-08-06
000592,深圳证券交易所,平潭发展,gssz0000592,1200834182,2014年年度报告摘要,平潭发展,2015-04-14,https://static.cninfo.com.cn/finalpage/2015-04-15/1200834182.PDF,2014,212,2026-08-06
000592,深圳证券交易所,平潭发展,gssz0000592,1200834190,2014年年度报告,平潭发展,2015-04-14,https://static.cninfo.com.cn/finalpage/2015-04-15/1200834190.PDF,2014,1223,2026-08-06
000592,深圳证券交易所,平潭发展,gssz0000592,1202227404,2015年年度报告摘要,平潭发展,2016-04-22,https://static.cninfo.com.cn/finalpage/2016-04-23/1202227404.PDF,2015,283,2026-08-06
000592,深圳证券交易所,平潭发展,gssz0000592,1202227414,2015年年度报告,平潭发展,2016-04-22,https://static.cninfo.com.cn/finalpage/2016-04-23/1202227414.PDF,2015,1072,2026-08-06
000592,深圳证券交易所,平潭发展,gssz0000592,1203424015,2016年年度报告,平潭发展,2017-04-28,https://static.cninfo.com.cn/finalpage/2017-04-29/1203424015.PDF,2016,5060,2026-08-06
000592,深圳证券交易所,平潭发展,gssz0000592,1203424034,2016年年度报告摘要,平潭发展,2017-04-28,https://static.cninfo.com.cn/finalpage/2017-04-29/1203424034.PDF,2016,305,2026-08-06
000592,深圳证券交易所,平潭发展,gssz0000592,1204821764,2017年年度报告摘要,平潭发展,2018-04-27,https://static.cninfo.com.cn/finalpage/2018-04-28/1204821764.PDF,2017,293,2026-08-06
000592,深圳证券交易所,平潭发展,gssz0000592,1204821768,2017年年度报告,平潭发展,2018-04-27,https://static.cninfo.com.cn/finalpage/2018-04-28/1204821768.PDF,2017,5272,2026-08-06
000592,深圳证券交易所,平潭发展,gssz0000592,1206159440,2018年年度报告摘要,平潭发展,2019-04-29,https://static.cninfo.com.cn/finalpage/2019-04-30/1206159440.PDF,2018,276,2026-08-06
000592,深圳证券交易所,平潭发展,gssz0000592,1206159441,2018年年度报告,平潭发展,2019-04-29,https://static.cninfo.com.cn/finalpage/2019-04-30/1206159441.PDF,2018,1181,2026-08-06
000592,深圳证券交易所,平潭发展,gssz0000592,1207679475,2019年年度报告摘要,平潭发展,2020-04-29,https://static.cninfo.com.cn/finalpage/2020-04-30/1207679475.PDF,2019,387,2026-08-06
000592,深圳证券交易所,平潭发展,gssz0000592,1207679481,2019年年度报告,平潭发展,2020-04-29,https://static.cninfo.com.cn/finalpage/2020-04-30/1207679481.PDF,2019,1274,2026-08-06
000592,深圳证券交易所,平潭发展,gssz0000592,1209867785,2020年年度报告摘要,平潭发展,2021-04-29,https://static.cninfo.com.cn/finalpage/2021-04-30/1209867785.PDF,2020,370,2026-08-06
000592,深圳证券交易所,平潭发展,gssz0000592,1209867787,2020年年度报告,平潭发展,2021-04-29,https://static.cninfo.com.cn/finalpage/2021-04-30/1209867787.PDF,2020,1235,2026-08-06
000592,深圳证券交易所,平潭发展,gssz0000592,1213145508,2021年年度报告摘要,平潭发展,2022-04-26,https://static.cninfo.com.cn/finalpage/2022-04-27/1213145508.PDF,2021,267,2026-08-06
000592,深圳证券交易所,平潭发展,gssz0000592,1213145510,2021年年度报告,平潭发展,2022-04-26,https://static.cninfo.com.cn/finalpage/2022-04-27/1213145510.PDF,2021,5888,2026-08-06
000592,深圳证券交易所,平潭发展,gssz0000592,1216557624,2022年年度报告,平潭发展,2023-04-24,https://static.cninfo.com.cn/finalpage/2023-04-25/1216557624.PDF,2022,1266,2026-08-06
000592,深圳证券交易所,平潭发展,gssz0000592,1216557630,2022年年度报告摘要,平潭发展,2023-04-24,https://static.cninfo.com.cn/finalpage/2023-04-25/1216557630.PDF,2022,281,2026-08-06
000592,深圳证券交易所,平潭发展,gssz0000592,1219802590,2023年年度报告,平潭发展,2024-04-24,https://static.cninfo.com.cn/finalpage/2024-04-25/1219802590.PDF,2023,1319,2026-08-06
000592,深圳证券交易所,平潭发展,gssz0000592,1219802624,2023年年度报告摘要,平潭发展,2024-04-24,https://static.cninfo.com.cn/finalpage/2024-04-25/1219802624.PDF,2023,359,2026-08-06
000623,深圳证券交易所,吉林敖东,gssz0000623,63886312,2013年年度报告摘要,吉林敖东,2014-04-21,https://static.cninfo.com.cn/finalpage/2014-04-22/63886312.PDF,2013,245,2026-08-06
000623,深圳证券交易所,吉林敖东,gssz0000623,63886316,2013年年度报告,吉林敖东,2014-04-21,https://static.cninfo.com.cn/finalpage/2014-04-22/63886316.PDF,2013,2864,2026-08-06
000623,深圳证券交易所,吉林敖东,gssz0000623,1200873309,2014年年度报告摘要,吉林敖东,2015-04-20,https://static.cninfo.com.cn/finalpage/2015-04-21/1200873309.PDF,2014,221,2026-08-06
000623,深圳证券交易所,吉林敖东,gssz0000623,1200873310,2014年年度报告,吉林敖东,2015-04-20,https://static.cninfo.com.cn/finalpage/2015-04-21/1200873310.PDF,2014,3783,2026-08-06
000623,深圳证券交易所,吉林敖东,gssz0000623,1202089445,2015年年度报告,吉林敖东,2016-03-28,https://static.cninfo.com.cn/finalpage/2016-03-29/1202089445.PDF,2015,3900,2026-08-06
000623,深圳证券交易所,吉林敖东,gssz0000623,1202089448,2015年年度报告摘要,吉林敖东,2016-03-28,https://static.cninfo.com.cn/finalpage/2016-03-29/1202089448.PDF,2015,383,2026-08-06
000623,深圳证券交易所,吉林敖东,gssz0000623,1203239356,2016年年度报告摘要,吉林敖东,2017-03-30,https://static.cninfo.com.cn/finalpage/2017-03-31/1203239356.PDF,2016,305,2026-08-06
000623,深圳证券交易所,吉林敖东,gssz0000623,1203239375,2016年年度报告,吉林敖东,2017-03-30,https://static.cninfo.com.cn/finalpage/2017-03-31/1203239375.PDF,2016,3827,2026-08-06
000623,深圳证券交易所,吉林敖东,gssz0000623,1204555870,2017年年度报告摘要,吉林敖东,2018-03-30,https://static.cninfo.com.cn/finalpage/2018-03-31/1204555870.PDF,2017,383,2026-08-06
000623,深圳证券交易所,吉林敖东,gssz0000623,1204555892,2017年年度报告,吉林敖东,2018-03-30,https://static.cninfo.com.cn/finalpage/2018-03-31/1204555892.PDF,2017,3990,2026-08-06
000623,深圳证券交易所,吉林敖东,gssz0000623,1205988879,2018年年度报告,吉林敖东,2019-04-02,https://static.cninfo.com.cn/finalpage/2019-04-03/1205988879.PDF,2018,4256,2026-08-06
000623,深圳证券交易所,吉林敖东,gssz0000623,1205988912,2018年年度报告摘要,吉林敖东,2019-04-02,https://static.cninfo.com.cn/finalpage/2019-04-03/1205988912.PDF,2018,378,2026-08-06
000623,深圳证券交易所,吉林敖东,gssz0000623,1207609252,2019年年度报告,吉林敖东,2020-04-24,https://static.cninfo.com.cn/finalpage/2020-04-25/1207609252.PDF,2019,4374,2026-08-06
000623,深圳证券交易所,吉林敖东,gssz0000623,1207609281,2019年年度报告摘要,吉林敖东,2020-04-24,https://static.cninfo.com.cn/finalpage/2020-04-25/1207609281.PDF,2019,471,2026-08-06
000623,深圳证券交易所,吉林敖东,gssz0000623,1209713832,2020年年度报告摘要,吉林敖东,2021-04-16,https://static.cninfo.com.cn/finalpage/2021-04-17/1209713832.PDF,2020,735,2026-08-06
000623,深圳证券交易所,吉林敖东,gssz0000623,1209713844,2020年年度报告,吉林敖东,2021-04-16,https://static.cninfo.com.cn/finalpage/2021-04-17/1209713844.PDF,2020,4864,2026-08-06
000623,深圳证券交易所,吉林敖东,gssz0000623,1212942641,2021年年度报告摘要,吉林敖东,2022-04-15,https://static.cninfo.com.cn/finalpage/2022-04-16/1212942641.PDF,2021,893,2026-08-06
000623,深圳证券交易所,吉林敖东,gssz0000623,1212942642,2021年年度报告,吉林敖东,2022-04-15,https://static.cninfo.com.cn/finalpage/2022-04-16/1212942642.PDF,2021,5217,2026-08-06
000623,深圳证券交易所,吉林敖东,gssz0000623,1216455867,2022年年度报告摘要,吉林敖东,2023-04-18,https://static.cninfo.com.cn/finalpage/2023-04-19/1216455867.PDF,2022,1336,2026-08-06
000623,深圳证券交易所,吉林敖东,gssz0000623,1216455868,2022年年度报告,吉林敖东,2023-04-18,https://static.cninfo.com.cn/finalpage/2023-04-19/1216455868.PDF,2022,6038,2026-08-06
000623,深圳证券交易所,吉林敖东,gssz0000623,1219637049,2023年年度报告摘要,吉林敖东,2024-04-16,https://static.cninfo.com.cn/finalpage/2024-04-17/1219637049.PDF,2023,1005,2026-08-06
000623,深圳证券交易所,吉林敖东,gssz0000623,1219637050,2023年年度报告,吉林敖东,2024-04-16,https://static.cninfo.com.cn/finalpage/2024-04-17/1219637050.PDF,2023,6204,2026-08-06
000663,深圳证券交易所,永安林业,gssz0000663,63838353,2013年年度报告摘要,永安林业,2014-04-14,https://static.cninfo.com.cn/finalpage/2014-04-15/63838353.PDF,2013,195,2026-08-06
000663,深圳证券交易所,永安林业,gssz0000663,63838376,2013年年度报告,永安林业,2014-04-14,https://static.cninfo.com.cn/finalpage/2014-04-15/63838376.PDF,2013,2822,2026-08-06
000663,深圳证券交易所,永安林业,gssz0000663,1200643865,2014年年度报告摘要,永安林业,2015-02-16,https://static.cninfo.com.cn/finalpage/2015-02-17/1200643865.PDF,2014,241,2026-08-06
000663,深圳证券交易所,永安林业,gssz0000663,1200643873,2014年年度报告,永安林业,2015-02-16,https://static.cninfo.com.cn/finalpage/2015-02-17/1200643873.PDF,2014,2558,2026-08-06
000663,深圳证券交易所,永安林业,gssz0000663,1202230594,2015年年度报告摘要,永安林业,2016-04-22,https://static.cninfo.com.cn/finalpage/2016-04-23/1202230594.PDF,2015,252,2026-08-06
000663,深圳证券交易所,永安林业,gssz0000663,1202230599,2015年年度报告（已取消）,永安林业,2016-04-22,https://static.cninfo.com.cn/finalpage/2016-04-23/1202230599.PDF,2015,3115,2026-08-06
000663,深圳证券交易所,永安林业,gssz0000663,1202351190,2015年年度报告（更新后）,永安林业,2016-06-01,https://static.cninfo.com.cn/finalpage/2016-06-02/1202351190.PDF,2015,3143,2026-08-06
000663,深圳证券交易所,永安林业,gssz0000663,1203412864,2016年年度报告摘要,永安林业,2017-04-27,https://static.cninfo.com.cn/finalpage/2017-04-28/1203412864.PDF,2016,217,2026-08-06
000663,深圳证券交易所,永安林业,gssz0000663,1203412866,2016年年度报告,永安林业,2017-04-27,https://static.cninfo.com.cn/finalpage/2017-04-28/1203412866.PDF,2016,3299,2026-08-06
000663,深圳证券交易所,永安林业,gssz0000663,1204792867,2017年年度报告摘要,永安林业,2018-04-25,https://static.cninfo.com.cn/finalpage/2018-04-26/1204792867.PDF,2017,229,2026-08-06
000663,深圳证券交易所,永安林业,gssz0000663,1204792872,2017年年度报告,永安林业,2018-04-25,https://static.cninfo.com.cn/finalpage/2018-04-26/1204792872.PDF,2017,3369,2026-08-06
000663,深圳证券交易所,永安林业,gssz0000663,1206164692,2018年年度报告（已取消）,永安林业,2019-04-29,https://static.cninfo.com.cn/finalpage/2019-04-30/1206164692.PDF,2018,3425,2026-08-06
000663,深圳证券交易所,永安林业,gssz0000663,1206164708,2018年年度报告摘要（已取消）,永安林业,2019-04-29,https://static.cninfo.com.cn/finalpage/2019-04-30/1206164708.PDF,2018,237,2026-08-06
000663,深圳证券交易所,永安林业,gssz0000663,1206354926,2018年年度报告摘要（更新后）,永安林业,2019-06-14,https://static.cninfo.com.cn/finalpage/2019-06-15/1206354926.PDF,2018,238,2026-08-06
000663,深圳证券交易所,永安林业,gssz0000663,1206354927,2018年年度报告（更新后）,永安林业,2019-06-14,https://static.cninfo.com.cn/finalpage/2019-06-15/1206354927.PDF,2018,3454,2026-08-06
000663,深圳证券交易所,永安林业,gssz0000663,1207686894,2019年年度报告摘要,永安林业,2020-04-29,https://static.cninfo.com.cn/finalpage/2020-04-30/1207686894.PDF,2019,250,2026-08-06
000663,深圳证券交易所,永安林业,gssz0000663,1207686903,2019年年度报告,永安林业,2020-04-29,https://static.cninfo.com.cn/finalpage/2020-04-30/1207686903.PDF,2019,3868,2026-08-06
000663,深圳证券交易所,永安林业,gssz0000663,1209869026,2020年年度报告摘要,*ST永林,2021-04-29,https://static.cninfo.com.cn/finalpage/2021-04-30/1209869026.PDF,2020,256,2026-08-06
000663,深圳证券交易所,永安林业,gssz0000663,1209869028,2020年年度报告,*ST永林,2021-04-29,https://static.cninfo.com.cn/finalpage/2021-04-30/1209869028.PDF,2020,3785,2026-08-06
000663,深圳证券交易所,永安林业,gssz0000663,1213166175,2021年年度报告,永安林业,2022-04-27,https://static.cninfo.com.cn/finalpage/2022-04-28/1213166175.PDF,2021,3767,2026-08-06
000663,深圳证券交易所,永安林业,gssz0000663,1213166190,2021年年度报告摘要,永安林业,2022-04-27,https://static.cninfo.com.cn/finalpage/2022-04-28/1213166190.PDF,2021,222,2026-08-06
000663,深圳证券交易所,永安林业,gssz0000663,1216129467,2022年年度报告摘要,永安林业,2023-03-15,https://static.cninfo.com.cn/finalpage/2023-03-16/1216129467.PDF,2022,232,2026-08-06
000663,深圳证券交易所,永安林业,gssz0000663,1216129472,2022年年度报告,永安林业,2023-03-15,https://static.cninfo.com.cn/finalpage/2023-03-16/1216129472.PDF,2022,1162,2026-08-06
000663,深圳证券交易所,永安林业,gssz0000663,1219914516,2023年年度报告摘要,永安林业,2024-04-29,https://static.cninfo.com.cn/finalpage/2024-04-30/1219914516.PDF,2023,445,2026-08-06
000663,深圳证券交易所,永安林业,gssz0000663,1219914612,2023年年度报告,永安林业,2024-04-29,https://static.cninfo.com.cn/finalpage/2024-04-30/1219914612.PDF,2023,1386,2026-08-06
000663,深圳证券交易所,永安林业,gssz0000663,1220377633,2022年年度报告（更正后）,永安林业,2024-06-17,https://static.cninfo.com.cn/finalpage/2024-06-18/1220377633.PDF,2022,3192,2026-08-06
000663,深圳证券交易所,永安林业,gssz0000663,1220377634,2023年年度报告（更正后）,永安林业,2024-06-17,https://static.cninfo.com.cn/finalpage/2024-06-18/1220377634.PDF,2023,3790,2026-08-06
000711,深圳证券交易所,ST京蓝,gssz0000711,63930000,2013年年度报告摘要,天伦置业,2014-04-25,https://static.cninfo.com.cn/finalpage/2014-04-26/63930000.PDF,2013,240,2026-08-06
000711,深圳证券交易所,ST京蓝,gssz0000711,63930015,2013年年度报告,天伦置业,2014-04-25,https://static.cninfo.com.cn/finalpage/2014-04-26/63930015.PDF,2013,1019,2026-08-06
000711,深圳证券交易所,ST京蓝,gssz0000711,1200684220,2014年年度报告摘要,京蓝科技,2015-03-09,https://static.cninfo.com.cn/finalpage/2015-03-10/1200684220.PDF,2014,243,2026-08-06
000711,深圳证券交易所,ST京蓝,gssz0000711,1200684221,2014年年度报告,京蓝科技,2015-03-09,https://static.cninfo.com.cn/finalpage/2015-03-10/1200684221.PDF,2014,2384,2026-08-06
000711,深圳证券交易所,ST京蓝,gssz0000711,1201941130,2015年年度报告摘要,*ST京蓝,2016-01-25,https://static.cninfo.com.cn/finalpage/2016-01-26/1201941130.PDF,2015,394,2026-08-06
000711,深圳证券交易所,ST京蓝,gssz0000711,1201941138,2015年年度报告（已取消）,*ST京蓝,2016-01-25,https://static.cninfo.com.cn/finalpage/2016-01-26/1201941138.PDF,2015,3649,2026-08-06
000711,深圳证券交易所,ST京蓝,gssz0000711,1201974189,2015年年度报告（已取消）,*ST京蓝,2016-02-14,https://static.cninfo.com.cn/finalpage/2016-02-15/1201974189.PDF,2015,2600,2026-08-06
000711,深圳证券交易所,ST京蓝,gssz0000711,1202353415,2015年年度报告（更新后）,京蓝科技,2016-06-02,https://static.cninfo.com.cn/finalpage/2016-06-03/1202353415.PDF,2015,2601,2026-08-06
000711,深圳证券交易所,ST京蓝,gssz0000711,1203164121,2016年年度报告摘要,京蓝科技,2017-03-15,https://static.cninfo.com.cn/finalpage/2017-03-16/1203164121.PDF,2016,363,2026-08-06
000711,深圳证券交易所,ST京蓝,gssz0000711,1203164122,2016年年度报告（已取消）,京蓝科技,2017-03-15,https://static.cninfo.com.cn/finalpage/2017-03-16/1203164122.PDF,2016,1447,2026-08-06
000711,深圳证券交易所,ST京蓝,gssz0000711,1204086085,2016年年度报告（更新后）,京蓝科技,2017-10-27,https://static.cninfo.com.cn/finalpage/2017-10-28/1204086085.PDF,2016,2908,2026-08-06
000711,深圳证券交易所,ST京蓝,gssz0000711,1204806426,2017年年度报告摘要,京蓝科技,2018-04-26,https://static.cninfo.com.cn/finalpage/2018-04-27/1204806426.PDF,2017,501,2026-08-06
000711,深圳证券交易所,ST京蓝,gssz0000711,1204806433,2017年年度报告,京蓝科技,2018-04-26,https://static.cninfo.com.cn/finalpage/2018-04-27/1204806433.PDF,2017,3590,2026-08-06
000711,深圳证券交易所,ST京蓝,gssz0000711,1206093511,2018年年度报告,京蓝科技,2019-04-24,https://static.cninfo.com.cn/finalpage/2019-04-25/1206093511.PDF,2018,3839,2026-08-06
000711,深圳证券交易所,ST京蓝,gssz0000711,1206093512,2018年年度报告摘要,京蓝科技,2019-04-24,https://static.cninfo.com.cn/finalpage/2019-04-25/1206093512.PDF,2018,423,2026-08-06
000711,深圳证券交易所,ST京蓝,gssz0000711,1207666293,2019年年度报告,京蓝科技,2020-04-28,https://static.cninfo.com.cn/finalpage/2020-04-29/1207666293.PDF,2019,4561,2026-08-06
000711,深圳证券交易所,ST京蓝,gssz0000711,1207666294,2019年年度报告摘要,京蓝科技,2020-04-28,https://static.cninfo.com.cn/finalpage/2020-04-29/1207666294.PDF,2019,293,2026-08-06
000711,深圳证券交易所,ST京蓝,gssz0000711,1209816824,2020年年度报告摘要,京蓝科技,2021-04-26,https://static.cninfo.com.cn/finalpage/2021-04-27/1209816824.PDF,2020,288,2026-08-06
000711,深圳证券交易所,ST京蓝,gssz0000711,1209816825,2020年年度报告,京蓝科技,2021-04-26,https://static.cninfo.com.cn/finalpage/2021-04-27/1209816825.PDF,2020,4223,2026-08-06
000711,深圳证券交易所,ST京蓝,gssz0000711,1213175850,2021年年度报告,京蓝科技,2022-04-27,https://static.cninfo.com.cn/finalpage/2022-04-28/1213175850.PDF,2021,4439,2026-08-06
000711,深圳证券交易所,ST京蓝,gssz0000711,1213175856,2021年年度报告摘要,京蓝科技,2022-04-27,https://static.cninfo.com.cn/finalpage/2022-04-28/1213175856.PDF,2021,189,2026-08-06
000711,深圳证券交易所,ST京蓝,gssz0000711,1213574140,2021年年度报告全文（更正后）,京蓝科技,2022-05-31,https://static.cninfo.com.cn/finalpage/2022-06-01/1213574140.PDF,2021,4453,2026-08-06
000711,深圳证券交易所,ST京蓝,gssz0000711,1216661957,2022年年度报告摘要,京蓝科技,2023-04-27,https://static.cninfo.com.cn/finalpage/2023-04-28/1216661957.PDF,2022,195,2026-08-06
000711,深圳证券交易所,ST京蓝,gssz0000711,1216661981,2022年年度报告,京蓝科技,2023-04-27,https://static.cninfo.com.cn/finalpage/2023-04-28/1216661981.PDF,2022,3297,2026-08-06
000711,深圳证券交易所,ST京蓝,gssz0000711,1218498193,2021年年度报告全文（更正后),*ST京蓝,2023-12-01,https://static.cninfo.com.cn/finalpage/2023-12-02/1218498193.PDF,2021,7210,2026-08-06
000711,深圳证券交易所,ST京蓝,gssz0000711,1218498196,2022年年度报告全文（更正后),*ST京蓝,2023-12-01,https://static.cninfo.com.cn/finalpage/2023-12-02/1218498196.PDF,2022,3413,2026-08-06
000711,深圳证券交易所,ST京蓝,gssz0000711,1219870933,2023年年度报告摘要,*ST京蓝,2024-04-28,https://static.cninfo.com.cn/finalpage/2024-04-29/1219870933.PDF,2023,349,2026-08-06
000711,深圳证券交易所,ST京蓝,gssz0000711,1219870950,2023年年度报告,*ST京蓝,2024-04-28,https://static.cninfo.com.cn/finalpage/2024-04-29/1219870950.PDF,2023,4022,2026-08-06
000713,深圳证券交易所,国投丰乐,gssz0000713,63804943,2013年年度报告摘要,丰乐种业,2014-04-08,https://static.cninfo.com.cn/finalpage/2014-04-09/63804943.PDF,2013,241,2026-08-06
000713,深圳证券交易所,国投丰乐,gssz0000713,63804982,2013年年度报告,丰乐种业,2014-04-08,https://static.cninfo.com.cn/finalpage/2014-04-09/63804982.PDF,2013,889,2026-08-06
000713,深圳证券交易所,国投丰乐,gssz0000713,1200755413,2014年年度报告摘要,丰乐种业,2015-03-29,https://static.cninfo.com.cn/finalpage/2015-03-30/1200755413.PDF,2014,307,2026-08-06
000713,深圳证券交易所,国投丰乐,gssz0000713,1200755414,2014年年度报告,丰乐种业,2015-03-29,https://static.cninfo.com.cn/finalpage/2015-03-30/1200755414.PDF,2014,2796,2026-08-06
000713,深圳证券交易所,国投丰乐,gssz0000713,1202155579,2015年年度报告摘要,丰乐种业,2016-04-08,https://static.cninfo.com.cn/finalpage/2016-04-09/1202155579.PDF,2015,400,2026-08-06
000713,深圳证券交易所,国投丰乐,gssz0000713,1202155580,2015年年度报告（已取消）,丰乐种业,2016-04-08,https://static.cninfo.com.cn/finalpage/2016-04-09/1202155580.PDF,2015,2958,2026-08-06
000713,深圳证券交易所,国投丰乐,gssz0000713,1202363291,2015年年度报告（更新后）,丰乐种业,2016-06-12,https://static.cninfo.com.cn/finalpage/2016-06-13/1202363291.PDF,2015,2945,2026-08-06
000713,深圳证券交易所,国投丰乐,gssz0000713,1203382421,2016年年度报告摘要,丰乐种业,2017-04-25,https://static.cninfo.com.cn/finalpage/2017-04-26/1203382421.PDF,2016,395,2026-08-06
000713,深圳证券交易所,国投丰乐,gssz0000713,1203382422,2016年年度报告（已取消）,丰乐种业,2017-04-25,https://static.cninfo.com.cn/finalpage/2017-04-26/1203382422.PDF,2016,3332,2026-08-06
000713,深圳证券交易所,国投丰乐,gssz0000713,1203653421,2016年年度报告（更新后）,丰乐种业,2017-06-27,https://static.cninfo.com.cn/finalpage/2017-06-28/1203653421.PDF,2016,3241,2026-08-06
000713,深圳证券交易所,国投丰乐,gssz0000713,1204647787,2017年年度报告摘要,丰乐种业,2018-04-17,https://static.cninfo.com.cn/finalpage/2018-04-18/1204647787.PDF,2017,471,2026-08-06
000713,深圳证券交易所,国投丰乐,gssz0000713,1204647788,2017年年度报告（已取消）,丰乐种业,2018-04-17,https://static.cninfo.com.cn/finalpage/2018-04-18/1204647788.PDF,2017,3247,2026-08-06
000713,深圳证券交易所,国投丰乐,gssz0000713,1205063462,2017年年度报告（更新后）,丰乐种业,2018-06-15,https://static.cninfo.com.cn/finalpage/2018-06-16/1205063462.PDF,2017,3071,2026-08-06
000713,深圳证券交易所,国投丰乐,gssz0000713,1206046281,2018年年度报告摘要,丰乐种业,2019-04-17,https://static.cninfo.com.cn/finalpage/2019-04-18/1206046281.PDF,2018,396,2026-08-06
000713,深圳证券交易所,国投丰乐,gssz0000713,1206046289,2018年年度报告,丰乐种业,2019-04-17,https://static.cninfo.com.cn/finalpage/2019-04-18/1206046289.PDF,2018,3404,2026-08-06
000713,深圳证券交易所,国投丰乐,gssz0000713,1207551950,2019年年度报告摘要,丰乐种业,2020-04-21,https://static.cninfo.com.cn/finalpage/2020-04-22/1207551950.PDF,2019,335,2026-08-06
000713,深圳证券交易所,国投丰乐,gssz0000713,1207551951,2019年年度报告,丰乐种业,2020-04-21,https://static.cninfo.com.cn/finalpage/2020-04-22/1207551951.PDF,2019,3860,2026-08-06
000713,深圳证券交易所,国投丰乐,gssz0000713,1209832725,2020年年度报告摘要,丰乐种业,2021-04-27,https://static.cninfo.com.cn/finalpage/2021-04-28/1209832725.PDF,2020,239,2026-08-06
000713,深圳证券交易所,国投丰乐,gssz0000713,1209832747,2020年年度报告,丰乐种业,2021-04-27,https://static.cninfo.com.cn/finalpage/2021-04-28/1209832747.PDF,2020,3709,2026-08-06
000713,深圳证券交易所,国投丰乐,gssz0000713,1212976068,2021年年度报告摘要,丰乐种业,2022-04-19,https://static.cninfo.com.cn/finalpage/2022-04-20/1212976068.PDF,2021,260,2026-08-06
000713,深圳证券交易所,国投丰乐,gssz0000713,1212976110,2021年年度报告,丰乐种业,2022-04-19,https://static.cninfo.com.cn/finalpage/2022-04-20/1212976110.PDF,2021,3732,2026-08-06
000713,深圳证券交易所,国投丰乐,gssz0000713,1216471939,2022年年度报告,丰乐种业,2023-04-19,https://static.cninfo.com.cn/finalpage/2023-04-20/1216471939.PDF,2022,3100,2026-08-06
000713,深圳证券交易所,国投丰乐,gssz0000713,1216471957,2022年年度报告摘要,丰乐种业,2023-04-19,https://static.cninfo.com.cn/finalpage/2023-04-20/1216471957.PDF,2022,260,2026-08-06
000713,深圳证券交易所,国投丰乐,gssz0000713,1219827327,2023年年度报告摘要,丰乐种业,2024-04-25,https://static.cninfo.com.cn/finalpage/2024-04-26/1219827327.PDF,2023,245,2026-08-06
000713,深圳证券交易所,国投丰乐,gssz0000713,1219827331,2023年年度报告,丰乐种业,2024-04-25,https://static.cninfo.com.cn/finalpage/2024-04-26/1219827331.PDF,2023,3472,2026-08-06
000735,深圳证券交易所,罗 牛 山,gssz0000735,63949345,2013年年度报告摘要,罗 牛 山,2014-04-29,https://static.cninfo.com.cn/finalpage/2014-04-30/63949345.PDF,2013,220,2026-08-06
000735,深圳证券交易所,罗 牛 山,gssz0000735,63949358,2013年年度报告,罗 牛 山,2014-04-29,https://static.cninfo.com.cn/finalpage/2014-04-30/63949358.PDF,2013,4025,2026-08-06
000735,深圳证券交易所,罗 牛 山,gssz0000735,1200627361,2014年年度报告摘要（已取消）,罗 牛 山,2015-02-10,https://static.cninfo.com.cn/finalpage/2015-02-11/1200627361.PDF,2014,308,2026-08-06
000735,深圳证券交易所,罗 牛 山,gssz0000735,1200627362,2014年年度报告（已取消）,罗 牛 山,2015-02-10,https://static.cninfo.com.cn/finalpage/2015-02-11/1200627362.PDF,2014,3244,2026-08-06
000735,深圳证券交易所,罗 牛 山,gssz0000735,1200630554,2014年年度报告（已取消）,罗 牛 山,2015-02-11,https://static.cninfo.com.cn/finalpage/2015-02-12/1200630554.PDF,2014,2805,2026-08-06
000735,深圳证券交易所,罗 牛 山,gssz0000735,1200630556,2014年年度报告摘要（更新后）,罗 牛 山,2015-02-11,https://static.cninfo.com.cn/finalpage/2015-02-12/1200630556.PDF,2014,292,2026-08-06
000735,深圳证券交易所,罗 牛 山,gssz0000735,1200724489,2014年年度报告（更新后）,罗 牛 山,2015-03-20,https://static.cninfo.com.cn/finalpage/2015-03-21/1200724489.PDF,2014,3239,2026-08-06
000735,深圳证券交易所,罗 牛 山,gssz0000735,1202113085,2015年年度报告摘要,罗 牛 山,2016-03-30,https://static.cninfo.com.cn/finalpage/2016-03-31/1202113085.PDF,2015,304,2026-08-06
000735,深圳证券交易所,罗 牛 山,gssz0000735,1202113092,2015年年度报告,罗 牛 山,2016-03-30,https://static.cninfo.com.cn/finalpage/2016-03-31/1202113092.PDF,2015,2933,2026-08-06
000735,深圳证券交易所,罗 牛 山,gssz0000735,1203238345,2016年年度报告摘要,罗 牛 山,2017-03-30,https://static.cninfo.com.cn/finalpage/2017-03-31/1203238345.PDF,2016,282,2026-08-06
000735,深圳证券交易所,罗 牛 山,gssz0000735,1203238346,2016年年度报告,罗 牛 山,2017-03-30,https://static.cninfo.com.cn/finalpage/2017-03-31/1203238346.PDF,2016,3235,2026-08-06
000735,深圳证券交易所,罗 牛 山,gssz0000735,1204679424,2017年年度报告（已取消）,罗 牛 山,2018-04-20,https://static.cninfo.com.cn/finalpage/2018-04-21/1204679424.PDF,2017,3408,2026-08-06
000735,深圳证券交易所,罗 牛 山,gssz0000735,1204679427,2017年年度报告摘要,罗 牛 山,2018-04-20,https://static.cninfo.com.cn/finalpage/2018-04-21/1204679427.PDF,2017,346,2026-08-06
000735,深圳证券交易所,罗 牛 山,gssz0000735,1204822803,2017年年度报告（更新后）,罗 牛 山,2018-04-27,https://static.cninfo.com.cn/finalpage/2018-04-28/1204822803.PDF,2017,3415,2026-08-06
000735,深圳证券交易所,罗 牛 山,gssz0000735,1206088829,2018年年度报告摘要,罗 牛 山,2019-04-24,https://static.cninfo.com.cn/finalpage/2019-04-25/1206088829.PDF,2018,248,2026-08-06
000735,深圳证券交易所,罗 牛 山,gssz0000735,1206088844,2018年年度报告,罗 牛 山,2019-04-24,https://static.cninfo.com.cn/finalpage/2019-04-25/1206088844.PDF,2018,3364,2026-08-06
000735,深圳证券交易所,罗 牛 山,gssz0000735,1207430995,2019年年度报告摘要,罗 牛 山,2020-03-30,https://static.cninfo.com.cn/finalpage/2020-03-31/1207430995.PDF,2019,465,2026-08-06
000735,深圳证券交易所,罗 牛 山,gssz0000735,1207430997,2019年年度报告,罗 牛 山,2020-03-30,https://static.cninfo.com.cn/finalpage/2020-03-31/1207430997.PDF,2019,3508,2026-08-06
000735,深圳证券交易所,罗 牛 山,gssz0000735,1209866989,2020年年度报告摘要（已取消）,罗 牛 山,2021-04-29,https://static.cninfo.com.cn/finalpage/2021-04-30/1209866989.PDF,2020,351,2026-08-06
000735,深圳证券交易所,罗 牛 山,gssz0000735,1209866990,2020年年度报告（已取消）,罗 牛 山,2021-04-29,https://static.cninfo.com.cn/finalpage/2021-04-30/1209866990.PDF,2020,5765,2026-08-06
000735,深圳证券交易所,罗 牛 山,gssz0000735,1210046988,2020年年度报告（更新后）,罗 牛 山,2021-05-21,https://static.cninfo.com.cn/finalpage/2021-05-22/1210046988.PDF,2020,7063,2026-08-06
000735,深圳证券交易所,罗 牛 山,gssz0000735,1210046989,2020年年度报告摘要（更新后）,罗 牛 山,2021-05-21,https://static.cninfo.com.cn/finalpage/2021-05-22/1210046989.PDF,2020,352,2026-08-06
000735,深圳证券交易所,罗 牛 山,gssz0000735,1213260455,2021年年度报告摘要,罗 牛 山,2022-04-29,https://static.cninfo.com.cn/finalpage/2022-04-30/1213260455.PDF,2021,317,2026-08-06
000735,深圳证券交易所,罗 牛 山,gssz0000735,1213260459,2021年年度报告,罗 牛 山,2022-04-29,https://static.cninfo.com.cn/finalpage/2022-04-30/1213260459.PDF,2021,4021,2026-08-06
000735,深圳证券交易所,罗 牛 山,gssz0000735,1216414304,2022年年度报告,罗 牛 山,2023-04-14,https://static.cninfo.com.cn/finalpage/2023-04-15/1216414304.PDF,2022,4791,2026-08-06
000735,深圳证券交易所,罗 牛 山,gssz0000735,1216414313,2022年年度报告摘要,罗 牛 山,2023-04-14,https://static.cninfo.com.cn/finalpage/2023-04-15/1216414313.PDF,2022,337,2026-08-06
000735,深圳证券交易所,罗 牛 山,gssz0000735,1219856333,2023年年度报告摘要,罗 牛 山,2024-04-26,https://static.cninfo.com.cn/finalpage/2024-04-27/1219856333.PDF,2023,451,2026-08-06
000735,深圳证券交易所,罗 牛 山,gssz0000735,1219856343,2023年年度报告,罗 牛 山,2024-04-26,https://static.cninfo.com.cn/finalpage/2024-04-27/1219856343.PDF,2023,4483,2026-08-06
000798,深圳证券交易所,中水渔业,gssz0000798,63918742,2013年年度报告摘要,中水渔业,2014-04-24,https://static.cninfo.com.cn/finalpage/2014-04-25/63918742.PDF,2013,626,2026-08-06
000798,深圳证券交易所,中水渔业,gssz0000798,63918750,2013年年度报告,中水渔业,2014-04-24,https://static.cninfo.com.cn/finalpage/2014-04-25/63918750.PDF,2013,1298,2026-08-06
000798,深圳证券交易所,中水渔业,gssz0000798,1200754514,2014年年度报告摘要,中水渔业,2015-03-29,https://static.cninfo.com.cn/finalpage/2015-03-30/1200754514.PDF,2014,676,2026-08-06
000798,深圳证券交易所,中水渔业,gssz0000798,1200754520,2014年年度报告,中水渔业,2015-03-29,https://static.cninfo.com.cn/finalpage/2015-03-30/1200754520.PDF,2014,790,2026-08-06
000798,深圳证券交易所,中水渔业,gssz0000798,1202268278,2015年年度报告,中水渔业,2016-04-28,https://static.cninfo.com.cn/finalpage/2016-04-29/1202268278.PDF,2015,872,2026-08-06
000798,深圳证券交易所,中水渔业,gssz0000798,1202268279,2015年年度报告摘要,中水渔业,2016-04-28,https://static.cninfo.com.cn/finalpage/2016-04-29/1202268279.PDF,2015,612,2026-08-06
000798,深圳证券交易所,中水渔业,gssz0000798,1203345741,2016年年度报告（已取消）,中水渔业,2017-04-20,https://static.cninfo.com.cn/finalpage/2017-04-21/1203345741.PDF,2016,3812,2026-08-06
000798,深圳证券交易所,中水渔业,gssz0000798,1203345742,2016年年度报告摘要（已取消）,中水渔业,2017-04-20,https://static.cninfo.com.cn/finalpage/2017-04-21/1203345742.PDF,2016,562,2026-08-06
000798,深圳证券交易所,中水渔业,gssz0000798,1203406664,2016年年度报告（更新后）,中水渔业,2017-04-26,https://static.cninfo.com.cn/finalpage/2017-04-27/1203406664.PDF,2016,3820,2026-08-06
000798,深圳证券交易所,中水渔业,gssz0000798,1203406665,2016年年度报告摘要（更新后）,中水渔业,2017-04-26,https://static.cninfo.com.cn/finalpage/2017-04-27/1203406665.PDF,2016,611,2026-08-06
000798,深圳证券交易所,中水渔业,gssz0000798,1204545821,2017年年度报告（已取消）,中水渔业,2018-03-29,https://static.cninfo.com.cn/finalpage/2018-03-30/1204545821.PDF,2017,1160,2026-08-06
000798,深圳证券交易所,中水渔业,gssz0000798,1204545824,2017年年度报告摘要（已取消）,中水渔业,2018-03-29,https://static.cninfo.com.cn/finalpage/2018-03-30/1204545824.PDF,2017,488,2026-08-06
000798,深圳证券交易所,中水渔业,gssz0000798,1205931268,2018年年度报告摘要（已取消）,中水渔业,2019-03-24,https://static.cninfo.com.cn/finalpage/2019-03-25/1205931268.PDF,2018,479,2026-08-06
000798,深圳证券交易所,中水渔业,gssz0000798,1205931277,2018年年度报告（已取消）,中水渔业,2019-03-24,https://static.cninfo.com.cn/finalpage/2019-03-25/1205931277.PDF,2018,3686,2026-08-06
000798,深圳证券交易所,中水渔业,gssz0000798,1206443995,2017年年度报告（更新后）,中水渔业,2019-07-12,https://static.cninfo.com.cn/finalpage/2019-07-13/1206443995.PDF,2017,3874,2026-08-06
000798,深圳证券交易所,中水渔业,gssz0000798,1206443996,2018年年度报告（更新后）,中水渔业,2019-07-12,https://static.cninfo.com.cn/finalpage/2019-07-13/1206443996.PDF,2018,3722,2026-08-06
000798,深圳证券交易所,中水渔业,gssz0000798,1206443997,2017年年度报告摘要（更新后）,中水渔业,2019-07-12,https://static.cninfo.com.cn/finalpage/2019-07-13/1206443997.PDF,2017,526,2026-08-06
000798,深圳证券交易所,中水渔业,gssz0000798,1206443998,2018年年度报告摘要（更新后）,中水渔业,2019-07-12,https://static.cninfo.com.cn/finalpage/2019-07-13/1206443998.PDF,2018,532,2026-08-06
000798,深圳证券交易所,中水渔业,gssz0000798,1207473787,2019年年度报告摘要,中水渔业,2020-04-09,https://static.cninfo.com.cn/finalpage/2020-04-10/1207473787.PDF,2019,471,2026-08-06
000798,深圳证券交易所,中水渔业,gssz0000798,1207473796,2019年年度报告,中水渔业,2020-04-09,https://static.cninfo.com.cn/finalpage/2020-04-10/1207473796.PDF,2019,4030,2026-08-06
000798,深圳证券交易所,中水渔业,gssz0000798,1209253238,2020年年度报告,中水渔业,2021-02-05,https://static.cninfo.com.cn/finalpage/2021-02-06/1209253238.PDF,2020,3847,2026-08-06
000798,深圳证券交易所,中水渔业,gssz0000798,1209253251,2020年年度报告摘要,中水渔业,2021-02-05,https://static.cninfo.com.cn/finalpage/2021-02-06/1209253251.PDF,2020,528,2026-08-06
000798,深圳证券交易所,中水渔业,gssz0000798,1212333118,2021年年度报告摘要,中水渔业,2022-02-09,https://static.cninfo.com.cn/finalpage/2022-02-10/1212333118.PDF,2021,480,2026-08-06
000798,深圳证券交易所,中水渔业,gssz0000798,1212333125,2021年年度报告,中水渔业,2022-02-09,https://static.cninfo.com.cn/finalpage/2022-02-10/1212333125.PDF,2021,4244,2026-08-06
000798,深圳证券交易所,中水渔业,gssz0000798,1215953330,2022年年度报告,中水渔业,2023-02-23,https://static.cninfo.com.cn/finalpage/2023-02-24/1215953330.PDF,2022,4052,2026-08-06
000798,深圳证券交易所,中水渔业,gssz0000798,1215953333,2022年年度报告摘要,中水渔业,2023-02-23,https://static.cninfo.com.cn/finalpage/2023-02-24/1215953333.PDF,2022,658,2026-08-06
000798,深圳证券交易所,中水渔业,gssz0000798,1219426816,2023年年度报告摘要,中水渔业,2024-03-27,https://static.cninfo.com.cn/finalpage/2024-03-28/1219426816.PDF,2023,530,2026-08-06
000798,深圳证券交易所,中水渔业,gssz0000798,1219426831,2023年年度报告,中水渔业,2024-03-27,https://static.cninfo.com.cn/finalpage/2024-03-28/1219426831.PDF,2023,5099,2026-08-06
000848,深圳证券交易所,承德露露,gssz0000848,63664083,2013年年度报告摘要,承德露露,2014-03-11,https://static.cninfo.com.cn/finalpage/2014-03-12/63664083.PDF,2013,235,2026-08-06
000848,深圳证券交易所,承德露露,gssz0000848,63664106,2013年年度报告,承德露露,2014-03-11,https://static.cninfo.com.cn/finalpage/2014-03-12/63664106.PDF,2013,2146,2026-08-06
000848,深圳证券交易所,承德露露,gssz0000848,1200720072,2014年年度报告摘要,承德露露,2015-03-19,https://static.cninfo.com.cn/finalpage/2015-03-20/1200720072.PDF,2014,166,2026-08-06
000848,深圳证券交易所,承德露露,gssz0000848,1200720080,2014年年度报告,承德露露,2015-03-19,https://static.cninfo.com.cn/finalpage/2015-03-20/1200720080.PDF,2014,663,2026-08-06
000848,深圳证券交易所,承德露露,gssz0000848,1202036574,2015年年度报告摘要,承德露露,2016-03-10,https://static.cninfo.com.cn/finalpage/2016-03-11/1202036574.PDF,2015,269,2026-08-06
000848,深圳证券交易所,承德露露,gssz0000848,1202036586,2015年年度报告,承德露露,2016-03-10,https://static.cninfo.com.cn/finalpage/2016-03-11/1202036586.PDF,2015,665,2026-08-06
000848,深圳证券交易所,承德露露,gssz0000848,1203414322,2016年年度报告摘要,承德露露,2017-04-27,https://static.cninfo.com.cn/finalpage/2017-04-28/1203414322.PDF,2016,248,2026-08-06
000848,深圳证券交易所,承德露露,gssz0000848,1203414345,2016年年度报告,承德露露,2017-04-27,https://static.cninfo.com.cn/finalpage/2017-04-28/1203414345.PDF,2016,2074,2026-08-06
000848,深圳证券交易所,承德露露,gssz0000848,1204486913,2017年年度报告摘要,承德露露,2018-03-16,https://static.cninfo.com.cn/finalpage/2018-03-17/1204486913.PDF,2017,195,2026-08-06
000848,深圳证券交易所,承德露露,gssz0000848,1204486926,2017年年度报告,承德露露,2018-03-16,https://static.cninfo.com.cn/finalpage/2018-03-17/1204486926.PDF,2017,698,2026-08-06
000848,深圳证券交易所,承德露露,gssz0000848,1205903157,2018年年度报告摘要,承德露露,2019-03-15,https://static.cninfo.com.cn/finalpage/2019-03-16/1205903157.PDF,2018,237,2026-08-06
000848,深圳证券交易所,承德露露,gssz0000848,1205903161,2018年年度报告,承德露露,2019-03-15,https://static.cninfo.com.cn/finalpage/2019-03-16/1205903161.PDF,2018,1434,2026-08-06
000848,深圳证券交易所,承德露露,gssz0000848,1207418663,2019年年度报告,承德露露,2020-03-27,https://static.cninfo.com.cn/finalpage/2020-03-28/1207418663.PDF,2019,812,2026-08-06
000848,深圳证券交易所,承德露露,gssz0000848,1207418665,2019年年度报告摘要,承德露露,2020-03-27,https://static.cninfo.com.cn/finalpage/2020-03-28/1207418665.PDF,2019,250,2026-08-06
000848,深圳证券交易所,承德露露,gssz0000848,1209812723,2020年年度报告摘要,承德露露,2021-04-26,https://static.cninfo.com.cn/finalpage/2021-04-27/1209812723.PDF,2020,218,2026-08-06
000848,深圳证券交易所,承德露露,gssz0000848,1209812730,2020年年度报告,承德露露,2021-04-26,https://static.cninfo.com.cn/finalpage/2021-04-27/1209812730.PDF,2020,976,2026-08-06
000848,深圳证券交易所,承德露露,gssz0000848,1212881711,2021年年度报告摘要,承德露露,2022-04-11,https://static.cninfo.com.cn/finalpage/2022-04-12/1212881711.PDF,2021,188,2026-08-06
000848,深圳证券交易所,承德露露,gssz0000848,1212881732,2021年年度报告,承德露露,2022-04-11,https://static.cninfo.com.cn/finalpage/2022-04-12/1212881732.PDF,2021,1027,2026-08-06
000848,深圳证券交易所,承德露露,gssz0000848,1216476066,2022年年度报告摘要,承德露露,2023-04-19,https://static.cninfo.com.cn/finalpage/2023-04-20/1216476066.PDF,2022,201,2026-08-06
000848,深圳证券交易所,承德露露,gssz0000848,1216476078,2022年年度报告（更新前）,承德露露,2023-04-19,https://static.cninfo.com.cn/finalpage/2023-04-20/1216476078.PDF,2022,959,2026-08-06
000848,深圳证券交易所,承德露露,gssz0000848,1217358301,2022年年度报告（更新后）,承德露露,2023-07-21,https://static.cninfo.com.cn/finalpage/2023-07-22/1217358301.PDF,2022,2319,2026-08-06
000848,深圳证券交易所,承德露露,gssz0000848,1219638104,2023年年度报告摘要,承德露露,2024-04-16,https://static.cninfo.com.cn/finalpage/2024-04-17/1219638104.PDF,2023,238,2026-08-06
000848,深圳证券交易所,承德露露,gssz0000848,1219638109,2023年年度报告,承德露露,2024-04-16,https://static.cninfo.com.cn/finalpage/2024-04-17/1219638109.PDF,2023,964,2026-08-06
000860,深圳证券交易所,顺鑫农业,gssz0000860,63509242,2013年年度报告摘要,顺鑫农业,2014-01-21,https://static.cninfo.com.cn/finalpage/2014-01-22/63509242.PDF,2013,187,2026-08-06
000860,深圳证券交易所,顺鑫农业,gssz0000860,63509257,2013年年度报告,顺鑫农业,2014-01-21,https://static.cninfo.com.cn/finalpage/2014-01-22/63509257.PDF,2013,1634,2026-08-06
000860,深圳证券交易所,顺鑫农业,gssz0000860,1200736891,2014年年度报告摘要,顺鑫农业,2015-03-24,https://static.cninfo.com.cn/finalpage/2015-03-25/1200736891.PDF,2014,263,2026-08-06
000860,深圳证券交易所,顺鑫农业,gssz0000860,1200736899,2014年年度报告,顺鑫农业,2015-03-24,https://static.cninfo.com.cn/finalpage/2015-03-25/1200736899.PDF,2014,1380,2026-08-06
000860,深圳证券交易所,顺鑫农业,gssz0000860,1202104152,2015年年度报告,顺鑫农业,2016-03-29,https://static.cninfo.com.cn/finalpage/2016-03-30/1202104152.PDF,2015,1337,2026-08-06
000860,深圳证券交易所,顺鑫农业,gssz0000860,1202104171,2015年年度报告摘要,顺鑫农业,2016-03-29,https://static.cninfo.com.cn/finalpage/2016-03-30/1202104171.PDF,2015,330,2026-08-06
000860,深圳证券交易所,顺鑫农业,gssz0000860,1203194587,2016年年度报告摘要,顺鑫农业,2017-03-24,https://static.cninfo.com.cn/finalpage/2017-03-25/1203194587.PDF,2016,254,2026-08-06
000860,深圳证券交易所,顺鑫农业,gssz0000860,1203194589,2016年年度报告,顺鑫农业,2017-03-24,https://static.cninfo.com.cn/finalpage/2017-03-25/1203194589.PDF,2016,873,2026-08-06
000860,深圳证券交易所,顺鑫农业,gssz0000860,1204554119,2017年年度报告,顺鑫农业,2018-03-30,https://static.cninfo.com.cn/finalpage/2018-03-31/1204554119.PDF,2017,4161,2026-08-06
000860,深圳证券交易所,顺鑫农业,gssz0000860,1204554121,2017年年度报告摘要,顺鑫农业,2018-03-30,https://static.cninfo.com.cn/finalpage/2018-03-31/1204554121.PDF,2017,307,2026-08-06
000860,深圳证券交易所,顺鑫农业,gssz0000860,1205900393,2018年年度报告摘要,顺鑫农业,2019-03-14,https://static.cninfo.com.cn/finalpage/2019-03-15/1205900393.PDF,2018,295,2026-08-06
000860,深圳证券交易所,顺鑫农业,gssz0000860,1205900395,2018年年度报告（已取消）,顺鑫农业,2019-03-14,https://static.cninfo.com.cn/finalpage/2019-03-15/1205900395.PDF,2018,4143,2026-08-06
000860,深圳证券交易所,顺鑫农业,gssz0000860,1205930624,2018年年度报告（更新后）,顺鑫农业,2019-03-22,https://static.cninfo.com.cn/finalpage/2019-03-23/1205930624.PDF,2018,4144,2026-08-06
000860,深圳证券交易所,顺鑫农业,gssz0000860,1207608191,2019年年度报告摘要,顺鑫农业,2020-04-24,https://static.cninfo.com.cn/finalpage/2020-04-25/1207608191.PDF,2019,247,2026-08-06
000860,深圳证券交易所,顺鑫农业,gssz0000860,1207608193,2019年年度报告,顺鑫农业,2020-04-24,https://static.cninfo.com.cn/finalpage/2020-04-25/1207608193.PDF,2019,1122,2026-08-06
000860,深圳证券交易所,顺鑫农业,gssz0000860,1209683104,2020年年度报告摘要,顺鑫农业,2021-04-13,https://static.cninfo.com.cn/finalpage/2021-04-14/1209683104.PDF,2020,259,2026-08-06
000860,深圳证券交易所,顺鑫农业,gssz0000860,1209683129,2020年年度报告,顺鑫农业,2021-04-13,https://static.cninfo.com.cn/finalpage/2021-04-14/1209683129.PDF,2020,1164,2026-08-06
000860,深圳证券交易所,顺鑫农业,gssz0000860,1213167718,2021年年度报告摘要,顺鑫农业,2022-04-27,https://static.cninfo.com.cn/finalpage/2022-04-28/1213167718.PDF,2021,202,2026-08-06
000860,深圳证券交易所,顺鑫农业,gssz0000860,1213167737,2021年年度报告,顺鑫农业,2022-04-27,https://static.cninfo.com.cn/finalpage/2022-04-28/1213167737.PDF,2021,1193,2026-08-06
000860,深圳证券交易所,顺鑫农业,gssz0000860,1216221543,2022年年度报告摘要,顺鑫农业,2023-03-24,https://static.cninfo.com.cn/finalpage/2023-03-25/1216221543.PDF,2022,248,2026-08-06
000860,深圳证券交易所,顺鑫农业,gssz0000860,1216221570,2022年年度报告,顺鑫农业,2023-03-24,https://static.cninfo.com.cn/finalpage/2023-03-25/1216221570.PDF,2022,1167,2026-08-06
000860,深圳证券交易所,顺鑫农业,gssz0000860,1219858135,2023年年度报告,顺鑫农业,2024-04-26,https://static.cninfo.com.cn/finalpage/2024-04-27/1219858135.PDF,2023,1587,2026-08-06
000860,深圳证券交易所,顺鑫农业,gssz0000860,1219858154,2023年年度报告摘要,顺鑫农业,2024-04-26,https://static.cninfo.com.cn/finalpage/2024-04-27/1219858154.PDF,2023,674,2026-08-06
000910,深圳证券交易所,大亚圣象,gssz0000910,63837516,2013年年度报告摘要,大亚科技,2014-04-14,https://static.cninfo.com.cn/finalpage/2014-04-15/63837516.PDF,2013,231,2026-08-06
000910,深圳证券交易所,大亚圣象,gssz0000910,63837526,2013年年度报告,大亚科技,2014-04-14,https://static.cninfo.com.cn/finalpage/2014-04-15/63837526.PDF,2013,1059,2026-08-06
000910,深圳证券交易所,大亚圣象,gssz0000910,1200730479,2014年年度报告摘要,大亚科技,2015-03-23,https://static.cninfo.com.cn/finalpage/2015-03-24/1200730479.PDF,2014,231,2026-08-06
000910,深圳证券交易所,大亚圣象,gssz0000910,1200730486,2014年年度报告,大亚科技,2015-03-23,https://static.cninfo.com.cn/finalpage/2015-03-24/1200730486.PDF,2014,1027,2026-08-06
000910,深圳证券交易所,大亚圣象,gssz0000910,1202088091,2015年年度报告摘要,大亚科技,2016-03-28,https://static.cninfo.com.cn/finalpage/2016-03-29/1202088091.PDF,2015,294,2026-08-06
000910,深圳证券交易所,大亚圣象,gssz0000910,1202088109,2015年年度报告,大亚科技,2016-03-28,https://static.cninfo.com.cn/finalpage/2016-03-29/1202088109.PDF,2015,1031,2026-08-06
000910,深圳证券交易所,大亚圣象,gssz0000910,1203208662,2016年年度报告摘要,大亚圣象,2017-03-27,https://static.cninfo.com.cn/finalpage/2017-03-28/1203208662.PDF,2016,279,2026-08-06
000910,深圳证券交易所,大亚圣象,gssz0000910,1203208675,2016年年度报告,大亚圣象,2017-03-27,https://static.cninfo.com.cn/finalpage/2017-03-28/1203208675.PDF,2016,819,2026-08-06
000910,深圳证券交易所,大亚圣象,gssz0000910,1204466229,2017年年度报告摘要,大亚圣象,2018-03-09,https://static.cninfo.com.cn/finalpage/2018-03-10/1204466229.PDF,2017,271,2026-08-06
000910,深圳证券交易所,大亚圣象,gssz0000910,1204466235,2017年年度报告（已取消）,大亚圣象,2018-03-09,https://static.cninfo.com.cn/finalpage/2018-03-10/1204466235.PDF,2017,894,2026-08-06
000910,深圳证券交易所,大亚圣象,gssz0000910,1204887380,2017年年度报告（更新后）,大亚圣象,2018-05-02,https://static.cninfo.com.cn/finalpage/2018-05-03/1204887380.PDF,2017,902,2026-08-06
000910,深圳证券交易所,大亚圣象,gssz0000910,1205290102,2017年年度报告（更新后）,大亚圣象,2018-08-15,https://static.cninfo.com.cn/finalpage/2018-08-16/1205290102.PDF,2017,906,2026-08-06
000910,深圳证券交易所,大亚圣象,gssz0000910,1205916865,2018年年度报告摘要,大亚圣象,2019-03-19,https://static.cninfo.com.cn/finalpage/2019-03-20/1205916865.PDF,2018,420,2026-08-06
000910,深圳证券交易所,大亚圣象,gssz0000910,1205916870,2018年年度报告,大亚圣象,2019-03-19,https://static.cninfo.com.cn/finalpage/2019-03-20/1205916870.PDF,2018,988,2026-08-06
000910,深圳证券交易所,大亚圣象,gssz0000910,1207638483,2019年年度报告摘要,大亚圣象,2020-04-27,https://static.cninfo.com.cn/finalpage/2020-04-28/1207638483.PDF,2019,372,2026-08-06
000910,深圳证券交易所,大亚圣象,gssz0000910,1207638489,2019年年度报告,大亚圣象,2020-04-27,https://static.cninfo.com.cn/finalpage/2020-04-28/1207638489.PDF,2019,1042,2026-08-06
000910,深圳证券交易所,大亚圣象,gssz0000910,1209452013,2020年年度报告摘要,大亚圣象,2021-03-25,https://static.cninfo.com.cn/finalpage/2021-03-26/1209452013.PDF,2020,355,2026-08-06
000910,深圳证券交易所,大亚圣象,gssz0000910,1209452037,2020年年度报告,大亚圣象,2021-03-25,https://static.cninfo.com.cn/finalpage/2021-03-26/1209452037.PDF,2020,1343,2026-08-06
000910,深圳证券交易所,大亚圣象,gssz0000910,1212705299,2021年年度报告摘要,大亚圣象,2022-03-28,https://static.cninfo.com.cn/finalpage/2022-03-29/1212705299.PDF,2021,269,2026-08-06
000910,深圳证券交易所,大亚圣象,gssz0000910,1212705334,2021年年度报告,大亚圣象,2022-03-28,https://static.cninfo.com.cn/finalpage/2022-03-29/1212705334.PDF,2021,1332,2026-08-06
000910,深圳证券交易所,大亚圣象,gssz0000910,1216233602,2022年年度报告,大亚圣象,2023-03-27,https://static.cninfo.com.cn/finalpage/2023-03-28/1216233602.PDF,2022,1067,2026-08-06
000910,深圳证券交易所,大亚圣象,gssz0000910,1216233604,2022年年度报告摘要,大亚圣象,2023-03-27,https://static.cninfo.com.cn/finalpage/2023-03-28/1216233604.PDF,2022,427,2026-08-06
000910,深圳证券交易所,大亚圣象,gssz0000910,1219442737,2023年年度报告摘要,大亚圣象,2024-03-28,https://static.cninfo.com.cn/finalpage/2024-03-29/1219442737.PDF,2023,397,2026-08-06
000910,深圳证券交易所,大亚圣象,gssz0000910,1219442740,2023年年度报告,大亚圣象,2024-03-28,https://static.cninfo.com.cn/finalpage/2024-03-29/1219442740.PDF,2023,1157,2026-08-06
000998,深圳证券交易所,隆平高科,gssz0000998,63739779,2013年年度报告摘要（已取消）,隆平高科,2014-03-27,https://static.cninfo.com.cn/finalpage/2014-03-28/63739779.PDF,2013,297,2026-08-06
000998,深圳证券交易所,隆平高科,gssz0000998,63741325,2013年年度报告（已取消）,隆平高科,2014-03-27,https://static.cninfo.com.cn/finalpage/2014-03-28/63741325.PDF,2013,3782,2026-08-06
000998,深圳证券交易所,隆平高科,gssz0000998,1200004731,2013年年度报告摘要（更新后）,隆平高科,2014-06-24,https://static.cninfo.com.cn/finalpage/2014-06-25/1200004731.PDF,2013,297,2026-08-06
000998,深圳证券交易所,隆平高科,gssz0000998,1200004735,2013年年度报告（更新后）,隆平高科,2014-06-24,https://static.cninfo.com.cn/finalpage/2014-06-25/1200004735.PDF,2013,3755,2026-08-06
000998,深圳证券交易所,隆平高科,gssz0000998,1200922610,2014年年度报告摘要,隆平高科,2015-04-27,https://static.cninfo.com.cn/finalpage/2015-04-28/1200922610.PDF,2014,228,2026-08-06
000998,深圳证券交易所,隆平高科,gssz0000998,1200922611,2014年年度报告,隆平高科,2015-04-27,https://static.cninfo.com.cn/finalpage/2015-04-28/1200922611.PDF,2014,3257,2026-08-06
000998,深圳证券交易所,隆平高科,gssz0000998,1202150868,2015年年度报告摘要,隆平高科,2016-04-07,https://static.cninfo.com.cn/finalpage/2016-04-08/1202150868.PDF,2015,293,2026-08-06
000998,深圳证券交易所,隆平高科,gssz0000998,1202150869,2015年年度报告,隆平高科,2016-04-07,https://static.cninfo.com.cn/finalpage/2016-04-08/1202150869.PDF,2015,3312,2026-08-06
000998,深圳证券交易所,隆平高科,gssz0000998,1203415549,2016年年度报告,隆平高科,2017-04-27,https://static.cninfo.com.cn/finalpage/2017-04-28/1203415549.PDF,2016,5222,2026-08-06
000998,深圳证券交易所,隆平高科,gssz0000998,1203415550,2016年年度报告摘要,隆平高科,2017-04-27,https://static.cninfo.com.cn/finalpage/2017-04-28/1203415550.PDF,2016,305,2026-08-06
000998,深圳证券交易所,隆平高科,gssz0000998,1204828451,2017年年度报告摘要,隆平高科,2018-04-27,https://static.cninfo.com.cn/finalpage/2018-04-28/1204828451.PDF,2017,384,2026-08-06
000998,深圳证券交易所,隆平高科,gssz0000998,1204828485,2017年年度报告（已取消）,隆平高科,2018-04-27,https://static.cninfo.com.cn/finalpage/2018-04-28/1204828485.PDF,2017,5702,2026-08-06
000998,深圳证券交易所,隆平高科,gssz0000998,1205065798,2017年年度报告（更新后）,隆平高科,2018-06-19,https://static.cninfo.com.cn/finalpage/2018-06-19/1205065798.PDF,2017,3684,2026-08-06
000998,深圳证券交易所,隆平高科,gssz0000998,1206124214,2018年年度报告摘要,隆平高科,2019-04-28,https://static.cninfo.com.cn/finalpage/2019-04-29/1206124214.PDF,2018,589,2026-08-06
000998,深圳证券交易所,隆平高科,gssz0000998,1206124219,2018年年度报告,隆平高科,2019-04-28,https://static.cninfo.com.cn/finalpage/2019-04-29/1206124219.PDF,2018,1766,2026-08-06
000998,深圳证券交易所,隆平高科,gssz0000998,1207665185,2019年年度报告摘要,隆平高科,2020-04-28,https://static.cninfo.com.cn/finalpage/2020-04-29/1207665185.PDF,2019,406,2026-08-06
000998,深圳证券交易所,隆平高科,gssz0000998,1207665194,2019年年度报告,隆平高科,2020-04-28,https://static.cninfo.com.cn/finalpage/2020-04-29/1207665194.PDF,2019,1562,2026-08-06
000998,深圳证券交易所,隆平高科,gssz0000998,1209869870,2020年年度报告摘要,隆平高科,2021-04-29,https://static.cninfo.com.cn/finalpage/2021-04-30/1209869870.PDF,2020,402,2026-08-06
000998,深圳证券交易所,隆平高科,gssz0000998,1209869906,2018年年度报告全文（修订版）,隆平高科,2021-04-29,https://static.cninfo.com.cn/finalpage/2021-04-30/1209869906.PDF,2018,4197,2026-08-06
000998,深圳证券交易所,隆平高科,gssz0000998,1209869907,2019年年度报告全文（修订版）,隆平高科,2021-04-29,https://static.cninfo.com.cn/finalpage/2021-04-30/1209869907.PDF,2019,4381,2026-08-06
000998,深圳证券交易所,隆平高科,gssz0000998,1209869920,2020年年度报告,隆平高科,2021-04-29,https://static.cninfo.com.cn/finalpage/2021-04-30/1209869920.PDF,2020,2062,2026-08-06
000998,深圳证券交易所,隆平高科,gssz0000998,1213109016,2021年年度报告,隆平高科,2022-04-25,https://static.cninfo.com.cn/finalpage/2022-04-26/1213109016.PDF,2021,4549,2026-08-06
000998,深圳证券交易所,隆平高科,gssz0000998,1213109017,2021年年度报告摘要,隆平高科,2022-04-25,https://static.cninfo.com.cn/finalpage/2022-04-26/1213109017.PDF,2021,311,2026-08-06
000998,深圳证券交易所,隆平高科,gssz0000998,1216694388,2022年年度报告,隆平高科,2023-04-28,https://static.cninfo.com.cn/finalpage/2023-04-29/1216694388.PDF,2022,4076,2026-08-06
000998,深圳证券交易所,隆平高科,gssz0000998,1216694402,2022年年度报告摘要,隆平高科,2023-04-28,https://static.cninfo.com.cn/finalpage/2023-04-29/1216694402.PDF,2022,345,2026-08-06
000998,深圳证券交易所,隆平高科,gssz0000998,1219866193,2023年年度报告摘要,隆平高科,2024-04-28,https://static.cninfo.com.cn/finalpage/2024-04-29/1219866193.PDF,2023,349,2026-08-06
000998,深圳证券交易所,隆平高科,gssz0000998,1219866222,2023年年度报告,隆平高科,2024-04-28,https://static.cninfo.com.cn/finalpage/2024-04-29/1219866222.PDF,2023,51740,2026-08-06
001201,深圳证券交易所,东瑞股份,9900036405,1213167438,2021年年度报告摘要,东瑞股份,2022-04-27,https://static.cninfo.com.cn/finalpage/2022-04-28/1213167438.PDF,2021,236,2026-08-06
001201,深圳证券交易所,东瑞股份,9900036405,1213167484,2021年年度报告,东瑞股份,2022-04-27,https://static.cninfo.com.cn/finalpage/2022-04-28/1213167484.PDF,2021,1266,2026-08-06
001201,深圳证券交易所,东瑞股份,9900036405,1216653064,2022年年度报告摘要,东瑞股份,2023-04-27,https://static.cninfo.com.cn/finalpage/2023-04-28/1216653064.PDF,2022,288,2026-08-06
001201,深圳证券交易所,东瑞股份,9900036405,1216653079,2022年年度报告,东瑞股份,2023-04-27,https://static.cninfo.com.cn/finalpage/2023-04-28/1216653079.PDF,2022,1252,2026-08-06
001201,深圳证券交易所,东瑞股份,9900036405,1219910069,2023年年度报告摘要,东瑞股份,2024-04-29,https://static.cninfo.com.cn/finalpage/2024-04-30/1219910069.PDF,2023,355,2026-08-06
001201,深圳证券交易所,东瑞股份,9900036405,1219910083,2023年年度报告,东瑞股份,2024-04-29,https://static.cninfo.com.cn/finalpage/2024-04-30/1219910083.PDF,2023,4593,2026-08-06
002041,深圳证券交易所,登海种业,gssz0002041,63896254,2013年年度报告摘要,登海种业,2014-04-22,https://static.cninfo.com.cn/finalpage/2014-04-23/63896254.PDF,2013,265,2026-08-06
002041,深圳证券交易所,登海种业,gssz0002041,63896809,2013年年度报告,登海种业,2014-04-22,https://static.cninfo.com.cn/finalpage/2014-04-23/63896809.PDF,2013,756,2026-08-06
002041,深圳证券交易所,登海种业,gssz0002041,1200876974,2014年年度报告摘要,登海种业,2015-04-20,https://static.cninfo.com.cn/finalpage/2015-04-21/1200876974.PDF,2014,313,2026-08-06
002041,深圳证券交易所,登海种业,gssz0002041,1200876975,2014年年度报告,登海种业,2015-04-20,https://static.cninfo.com.cn/finalpage/2015-04-21/1200876975.PDF,2014,2648,2026-08-06
002041,深圳证券交易所,登海种业,gssz0002041,1202212580,2015年年度报告摘要（已取消）,登海种业,2016-04-20,https://static.cninfo.com.cn/finalpage/2016-04-21/1202212580.PDF,2015,322,2026-08-06
002041,深圳证券交易所,登海种业,gssz0002041,1202212581,2015年年度报告（已取消）,登海种业,2016-04-20,https://static.cninfo.com.cn/finalpage/2016-04-21/1202212581.PDF,2015,3223,2026-08-06
002041,深圳证券交易所,登海种业,gssz0002041,1202467805,2015年年度报告（更新后）,登海种业,2016-07-12,https://static.cninfo.com.cn/finalpage/2016-07-13/1202467805.PDF,2015,3295,2026-08-06
002041,深圳证券交易所,登海种业,gssz0002041,1202467806,2015年年度报告摘要（更新后）,登海种业,2016-07-12,https://static.cninfo.com.cn/finalpage/2016-07-13/1202467806.PDF,2015,374,2026-08-06
002041,深圳证券交易所,登海种业,gssz0002041,1203344879,2016年年度报告,登海种业,2017-04-20,https://static.cninfo.com.cn/finalpage/2017-04-21/1203344879.PDF,2016,3232,2026-08-06
002041,深圳证券交易所,登海种业,gssz0002041,1203344890,2016年年度报告摘要,登海种业,2017-04-20,https://static.cninfo.com.cn/finalpage/2017-04-21/1203344890.PDF,2016,292,2026-08-06
002041,深圳证券交易所,登海种业,gssz0002041,1204668179,2017年年度报告摘要,登海种业,2018-04-19,https://static.cninfo.com.cn/finalpage/2018-04-20/1204668179.PDF,2017,340,2026-08-06
002041,深圳证券交易所,登海种业,gssz0002041,1204668180,2017年年度报告,登海种业,2018-04-19,https://static.cninfo.com.cn/finalpage/2018-04-20/1204668180.PDF,2017,2655,2026-08-06
002041,深圳证券交易所,登海种业,gssz0002041,1205925526,2018年年度报告摘要（已取消）,登海种业,2019-03-21,https://static.cninfo.com.cn/finalpage/2019-03-22/1205925526.PDF,2018,307,2026-08-06
002041,深圳证券交易所,登海种业,gssz0002041,1205925542,2018年年度报告,登海种业,2019-03-21,https://static.cninfo.com.cn/finalpage/2019-03-22/1205925542.PDF,2018,2521,2026-08-06
002041,深圳证券交易所,登海种业,gssz0002041,1205931388,2018年年度报告摘要（更新后）,登海种业,2019-03-22,https://static.cninfo.com.cn/finalpage/2019-03-23/1205931388.PDF,2018,308,2026-08-06
002041,深圳证券交易所,登海种业,gssz0002041,1207552150,2019年年度报告,登海种业,2020-04-21,https://static.cninfo.com.cn/finalpage/2020-04-22/1207552150.PDF,2019,3048,2026-08-06
002041,深圳证券交易所,登海种业,gssz0002041,1207552151,2019年年度报告摘要,登海种业,2020-04-21,https://static.cninfo.com.cn/finalpage/2020-04-22/1207552151.PDF,2019,377,2026-08-06
002041,深圳证券交易所,登海种业,gssz0002041,1209726258,2020年年度报告摘要,登海种业,2021-04-19,https://static.cninfo.com.cn/finalpage/2021-04-20/1209726258.PDF,2020,332,2026-08-06
002041,深圳证券交易所,登海种业,gssz0002041,1209726259,2020年年度报告（已取消）,登海种业,2021-04-19,https://static.cninfo.com.cn/finalpage/2021-04-20/1209726259.PDF,2020,2894,2026-08-06
002041,深圳证券交易所,登海种业,gssz0002041,1209736731,2020年年度报告（更新后）,登海种业,2021-04-20,https://static.cninfo.com.cn/finalpage/2021-04-21/1209736731.PDF,2020,2897,2026-08-06
002041,深圳证券交易所,登海种业,gssz0002041,1212966689,2021年年度报告摘要,登海种业,2022-04-18,https://static.cninfo.com.cn/finalpage/2022-04-19/1212966689.PDF,2021,262,2026-08-06
002041,深圳证券交易所,登海种业,gssz0002041,1212966700,2021年年度报告,登海种业,2022-04-18,https://static.cninfo.com.cn/finalpage/2022-04-19/1212966700.PDF,2021,3024,2026-08-06
002041,深圳证券交易所,登海种业,gssz0002041,1216557215,2022年年度报告,登海种业,2023-04-24,https://static.cninfo.com.cn/finalpage/2023-04-25/1216557215.PDF,2022,3568,2026-08-06
002041,深圳证券交易所,登海种业,gssz0002041,1216557225,2022年年度报告摘要,登海种业,2023-04-24,https://static.cninfo.com.cn/finalpage/2023-04-25/1216557225.PDF,2022,343,2026-08-06
002041,深圳证券交易所,登海种业,gssz0002041,1219737119,2023年年度报告,登海种业,2024-04-22,https://static.cninfo.com.cn/finalpage/2024-04-23/1219737119.PDF,2023,3930,2026-08-06
002041,深圳证券交易所,登海种业,gssz0002041,1219737124,2023年年度报告摘要,登海种业,2024-04-22,https://static.cninfo.com.cn/finalpage/2024-04-23/1219737124.PDF,2023,398,2026-08-06
002069,深圳证券交易所,獐子岛,9900000781,63927031,2013年年度报告摘要,獐 子 岛,2014-04-25,https://static.cninfo.com.cn/finalpage/2014-04-26/63927031.PDF,2013,350,2026-08-06
002069,深圳证券交易所,獐子岛,9900000781,63927042,2013年年度报告（已取消）,獐 子 岛,2014-04-25,https://static.cninfo.com.cn/finalpage/2014-04-26/63927042.PDF,2013,995,2026-08-06
002069,深圳证券交易所,獐子岛,9900000781,63973420,2013年年度报告（更新后）,獐 子 岛,2014-05-05,https://static.cninfo.com.cn/finalpage/2014-05-06/63973420.PDF,2013,3261,2026-08-06
002069,深圳证券交易所,獐子岛,9900000781,1200922202,2014年年度报告摘要,獐 子 岛,2015-04-27,https://static.cninfo.com.cn/finalpage/2015-04-28/1200922202.PDF,2014,284,2026-08-06
002069,深圳证券交易所,獐子岛,9900000781,1200922210,2014年年度报告,獐 子 岛,2015-04-27,https://static.cninfo.com.cn/finalpage/2015-04-28/1200922210.PDF,2014,2162,2026-08-06
002069,深圳证券交易所,獐子岛,9900000781,1202284286,2015年年度报告摘要,獐 子 岛,2016-04-29,https://static.cninfo.com.cn/finalpage/2016-04-30/1202284286.PDF,2015,330,2026-08-06
002069,深圳证券交易所,獐子岛,9900000781,1202284288,2015年年度报告,獐 子 岛,2016-04-29,https://static.cninfo.com.cn/finalpage/2016-04-30/1202284288.PDF,2015,2115,2026-08-06
002069,深圳证券交易所,獐子岛,9900000781,1203181617,2016年年度报告摘要,*ST獐岛,2017-03-20,https://static.cninfo.com.cn/finalpage/2017-03-21/1203181617.PDF,2016,304,2026-08-06
002069,深圳证券交易所,獐子岛,9900000781,1203181621,2016年年度报告,*ST獐岛,2017-03-20,https://static.cninfo.com.cn/finalpage/2017-03-21/1203181621.PDF,2016,3617,2026-08-06
002069,深圳证券交易所,獐子岛,9900000781,1204829155,2017年年度报告摘要,獐子岛,2018-04-27,https://static.cninfo.com.cn/finalpage/2018-04-28/1204829155.PDF,2017,260,2026-08-06
002069,深圳证券交易所,獐子岛,9900000781,1204829160,2017年年度报告,獐子岛,2018-04-27,https://static.cninfo.com.cn/finalpage/2018-04-28/1204829160.PDF,2017,2205,2026-08-06
002069,深圳证券交易所,獐子岛,9900000781,1206124413,2018年年度报告摘要,獐子岛,2019-04-26,https://static.cninfo.com.cn/finalpage/2019-04-27/1206124413.PDF,2018,287,2026-08-06
002069,深圳证券交易所,獐子岛,9900000781,1206124435,2018年年度报告,獐子岛,2019-04-26,https://static.cninfo.com.cn/finalpage/2019-04-27/1206124435.PDF,2018,2049,2026-08-06
002069,深圳证券交易所,獐子岛,9900000781,1207687672,2019年年度报告,獐子岛,2020-04-29,https://static.cninfo.com.cn/finalpage/2020-04-30/1207687672.PDF,2019,5034,2026-08-06
002069,深圳证券交易所,獐子岛,9900000781,1207687673,2019年年度报告摘要,獐子岛,2020-04-29,https://static.cninfo.com.cn/finalpage/2020-04-30/1207687673.PDF,2019,280,2026-08-06
002069,深圳证券交易所,獐子岛,9900000781,1209860375,2020年年度报告,獐子岛,2021-04-28,https://static.cninfo.com.cn/finalpage/2021-04-29/1209860375.PDF,2020,5113,2026-08-06
002069,深圳证券交易所,獐子岛,9900000781,1209860377,2020年年度报告摘要,獐子岛,2021-04-28,https://static.cninfo.com.cn/finalpage/2021-04-29/1209860377.PDF,2020,238,2026-08-06
002069,深圳证券交易所,獐子岛,9900000781,1213263513,2021年年度报告摘要,獐子岛,2022-04-29,https://static.cninfo.com.cn/finalpage/2022-04-30/1213263513.PDF,2021,247,2026-08-06
002069,深圳证券交易所,獐子岛,9900000781,1213263535,2021年年度报告,獐子岛,2022-04-29,https://static.cninfo.com.cn/finalpage/2022-04-30/1213263535.PDF,2021,5251,2026-08-06
002069,深圳证券交易所,獐子岛,9900000781,1216696161,2022年年度报告,ST獐子岛,2023-04-28,https://static.cninfo.com.cn/finalpage/2023-04-29/1216696161.PDF,2022,4566,2026-08-06
002069,深圳证券交易所,獐子岛,9900000781,1216696176,2022年年度报告摘要,ST獐子岛,2023-04-28,https://static.cninfo.com.cn/finalpage/2023-04-29/1216696176.PDF,2022,421,2026-08-06
002069,深圳证券交易所,獐子岛,9900000781,1219862446,2023年年度报告,獐子岛,2024-04-26,https://static.cninfo.com.cn/finalpage/2024-04-27/1219862446.PDF,2023,4605,2026-08-06
002069,深圳证券交易所,獐子岛,9900000781,1219862453,2023年年度报告摘要,獐子岛,2024-04-26,https://static.cninfo.com.cn/finalpage/2024-04-27/1219862453.PDF,2023,529,2026-08-06
002086,深圳证券交易所,东方海洋,9900001344,63867011,2013年年度报告摘要,东方海洋,2014-04-18,https://static.cninfo.com.cn/finalpage/2014-04-19/63867011.PDF,2013,521,2026-08-06
002086,深圳证券交易所,东方海洋,9900001344,63867012,2013年年度报告,东方海洋,2014-04-18,https://static.cninfo.com.cn/finalpage/2014-04-19/63867012.PDF,2013,2266,2026-08-06
002086,深圳证券交易所,东方海洋,9900001344,1200845872,2014年年度报告摘要,东方海洋,2015-04-16,https://static.cninfo.com.cn/finalpage/2015-04-17/1200845872.PDF,2014,415,2026-08-06
002086,深圳证券交易所,东方海洋,9900001344,1200845873,2014年年度报告,东方海洋,2015-04-16,https://static.cninfo.com.cn/finalpage/2015-04-17/1200845873.PDF,2014,2215,2026-08-06
002086,深圳证券交易所,东方海洋,9900001344,1202185528,2015年年度报告摘要,东方海洋,2016-04-15,https://static.cninfo.com.cn/finalpage/2016-04-16/1202185528.PDF,2015,578,2026-08-06
002086,深圳证券交易所,东方海洋,9900001344,1202185529,2015年年度报告,东方海洋,2016-04-15,https://static.cninfo.com.cn/finalpage/2016-04-16/1202185529.PDF,2015,2342,2026-08-06
002086,深圳证券交易所,东方海洋,9900001344,1203141117,2016年年度报告摘要（已取消）,东方海洋,2017-03-08,https://static.cninfo.com.cn/finalpage/2017-03-09/1203141117.PDF,2016,601,2026-08-06
002086,深圳证券交易所,东方海洋,9900001344,1203141143,2016年年度报告（已取消）,东方海洋,2017-03-08,https://static.cninfo.com.cn/finalpage/2017-03-09/1203141143.PDF,2016,2616,2026-08-06
002086,深圳证券交易所,东方海洋,9900001344,1203251063,2016年年度报告（更新后）,东方海洋,2017-04-05,https://static.cninfo.com.cn/finalpage/2017-04-06/1203251063.PDF,2016,2616,2026-08-06
002086,深圳证券交易所,东方海洋,9900001344,1203251064,2016年年度报告摘要（更新后）,东方海洋,2017-04-05,https://static.cninfo.com.cn/finalpage/2017-04-06/1203251064.PDF,2016,601,2026-08-06
002086,深圳证券交易所,东方海洋,9900001344,1204645973,2017年年度报告摘要（已取消）,东方海洋,2018-04-17,https://static.cninfo.com.cn/finalpage/2018-04-18/1204645973.PDF,2017,560,2026-08-06
002086,深圳证券交易所,东方海洋,9900001344,1204645991,2017年年度报告（已取消）,东方海洋,2018-04-17,https://static.cninfo.com.cn/finalpage/2018-04-18/1204645991.PDF,2017,2613,2026-08-06
002086,深圳证券交易所,东方海洋,9900001344,1204979376,2017年年度报告（更新后）,东方海洋,2018-05-21,https://static.cninfo.com.cn/finalpage/2018-05-22/1204979376.PDF,2017,2630,2026-08-06
002086,深圳证券交易所,东方海洋,9900001344,1204979377,2017年年度报告摘要（更新后）,东方海洋,2018-05-21,https://static.cninfo.com.cn/finalpage/2018-05-22/1204979377.PDF,2017,556,2026-08-06
002086,深圳证券交易所,东方海洋,9900001344,1206164589,2018年年度报告摘要,ST东海洋,2019-04-29,https://static.cninfo.com.cn/finalpage/2019-04-30/1206164589.PDF,2018,563,2026-08-06
002086,深圳证券交易所,东方海洋,9900001344,1206164600,2018年年度报告（已取消）,ST东海洋,2019-04-29,https://static.cninfo.com.cn/finalpage/2019-04-30/1206164600.PDF,2018,2942,2026-08-06
002086,深圳证券交易所,东方海洋,9900001344,1206341478,2018年年度报告（更新后）,ST东海洋,2019-06-06,https://static.cninfo.com.cn/finalpage/2019-06-07/1206341478.PDF,2018,2686,2026-08-06
002086,深圳证券交易所,东方海洋,9900001344,1207968687,2019年年度报告摘要,ST东海洋,2020-06-29,https://static.cninfo.com.cn/finalpage/2020-06-30/1207968687.PDF,2019,230,2026-08-06
002086,深圳证券交易所,东方海洋,9900001344,1207968688,2019年年度报告,ST东海洋,2020-06-29,https://static.cninfo.com.cn/finalpage/2020-06-30/1207968688.PDF,2019,1097,2026-08-06
002086,深圳证券交易所,东方海洋,9900001344,1209872468,2020年年度报告摘要（已取消）,*ST东洋,2021-04-29,https://static.cninfo.com.cn/finalpage/2021-04-30/1209872468.PDF,2020,247,2026-08-06
002086,深圳证券交易所,东方海洋,9900001344,1209872477,2020年年度报告（已取消）,*ST东洋,2021-04-29,https://static.cninfo.com.cn/finalpage/2021-04-30/1209872477.PDF,2020,3550,2026-08-06
002086,深圳证券交易所,东方海洋,9900001344,1209935903,2020年年度报告摘要（更新后）,*ST东洋,2021-05-06,https://static.cninfo.com.cn/finalpage/2021-05-07/1209935903.PDF,2020,245,2026-08-06
002086,深圳证券交易所,东方海洋,9900001344,1209935904,2020年年度报告（更新后）,*ST东洋,2021-05-06,https://static.cninfo.com.cn/finalpage/2021-05-07/1209935904.PDF,2020,3492,2026-08-06
002086,深圳证券交易所,东方海洋,9900001344,1213266483,2021年年度报告摘要,ST东洋,2022-04-29,https://static.cninfo.com.cn/finalpage/2022-04-30/1213266483.PDF,2021,199,2026-08-06
002086,深圳证券交易所,东方海洋,9900001344,1213266521,2021年年度报告,ST东洋,2022-04-29,https://static.cninfo.com.cn/finalpage/2022-04-30/1213266521.PDF,2021,4256,2026-08-06
002086,深圳证券交易所,东方海洋,9900001344,1216705744,2022年年度报告摘要,ST东洋,2023-04-28,https://static.cninfo.com.cn/finalpage/2023-04-29/1216705744.PDF,2022,266,2026-08-06
002086,深圳证券交易所,东方海洋,9900001344,1216705757,2022年年度报告,ST东洋,2023-04-28,https://static.cninfo.com.cn/finalpage/2023-04-29/1216705757.PDF,2022,3429,2026-08-06
002086,深圳证券交易所,东方海洋,9900001344,1219924741,2023年年度报告摘要,*ST东洋,2024-04-29,https://static.cninfo.com.cn/finalpage/2024-04-30/1219924741.PDF,2023,242,2026-08-06
002086,深圳证券交易所,东方海洋,9900001344,1219924758,2023年年度报告,*ST东洋,2024-04-29,https://static.cninfo.com.cn/finalpage/2024-04-30/1219924758.PDF,2023,3518,2026-08-06
002100,深圳证券交易所,天康生物,9900001641,63867717,2013年年度报告摘要,天康生物,2014-04-18,https://static.cninfo.com.cn/finalpage/2014-04-19/63867717.PDF,2013,246,2026-08-06
002100,深圳证券交易所,天康生物,9900001641,63867731,2013年年度报告,天康生物,2014-04-18,https://static.cninfo.com.cn/finalpage/2014-04-19/63867731.PDF,2013,3114,2026-08-06
002100,深圳证券交易所,天康生物,9900001641,1200844821,2014年年度报告摘要,天康生物,2015-04-16,https://static.cninfo.com.cn/finalpage/2015-04-17/1200844821.PDF,2014,234,2026-08-06
002100,深圳证券交易所,天康生物,9900001641,1200844822,2014年年度报告,天康生物,2015-04-16,https://static.cninfo.com.cn/finalpage/2015-04-17/1200844822.PDF,2014,2889,2026-08-06
002100,深圳证券交易所,天康生物,9900001641,1202196101,2015年年度报告摘要,天康生物,2016-04-18,https://static.cninfo.com.cn/finalpage/2016-04-19/1202196101.PDF,2015,264,2026-08-06
002100,深圳证券交易所,天康生物,9900001641,1202196102,2015年年度报告,天康生物,2016-04-18,https://static.cninfo.com.cn/finalpage/2016-04-19/1202196102.PDF,2015,3211,2026-08-06
002100,深圳证券交易所,天康生物,9900001641,1203334616,2016年年度报告摘要,天康生物,2017-04-19,https://static.cninfo.com.cn/finalpage/2017-04-20/1203334616.PDF,2016,277,2026-08-06
002100,深圳证券交易所,天康生物,9900001641,1203334617,2016年年度报告,天康生物,2017-04-19,https://static.cninfo.com.cn/finalpage/2017-04-20/1203334617.PDF,2016,3096,2026-08-06
002100,深圳证券交易所,天康生物,9900001641,1204677870,2017年年度报告,天康生物,2018-04-20,https://static.cninfo.com.cn/finalpage/2018-04-21/1204677870.PDF,2017,3334,2026-08-06
002100,深圳证券交易所,天康生物,9900001641,1204677872,2017年年度报告摘要,天康生物,2018-04-20,https://static.cninfo.com.cn/finalpage/2018-04-21/1204677872.PDF,2017,326,2026-08-06
002100,深圳证券交易所,天康生物,9900001641,1206106509,2018年年度报告摘要,天康生物,2019-04-25,https://static.cninfo.com.cn/finalpage/2019-04-26/1206106509.PDF,2018,293,2026-08-06
002100,深圳证券交易所,天康生物,9900001641,1206106510,2018年年度报告,天康生物,2019-04-25,https://static.cninfo.com.cn/finalpage/2019-04-26/1206106510.PDF,2018,3496,2026-08-06
002100,深圳证券交易所,天康生物,9900001641,1207584333,2019年年度报告摘要,天康生物,2020-04-23,https://static.cninfo.com.cn/finalpage/2020-04-24/1207584333.PDF,2019,379,2026-08-06
002100,深圳证券交易所,天康生物,9900001641,1207584338,2019年年度报告,天康生物,2020-04-23,https://static.cninfo.com.cn/finalpage/2020-04-24/1207584338.PDF,2019,4007,2026-08-06
002100,深圳证券交易所,天康生物,9900001641,1209774362,2020年年度报告摘要,天康生物,2021-04-22,https://static.cninfo.com.cn/finalpage/2021-04-23/1209774362.PDF,2020,344,2026-08-06
002100,深圳证券交易所,天康生物,9900001641,1209774379,2020年年度报告,天康生物,2021-04-22,https://static.cninfo.com.cn/finalpage/2021-04-23/1209774379.PDF,2020,4200,2026-08-06
002100,深圳证券交易所,天康生物,9900001641,1213138232,2021年年度报告摘要,天康生物,2022-04-26,https://static.cninfo.com.cn/finalpage/2022-04-27/1213138232.PDF,2021,337,2026-08-06
002100,深圳证券交易所,天康生物,9900001641,1213138243,2021年年度报告,天康生物,2022-04-26,https://static.cninfo.com.cn/finalpage/2022-04-27/1213138243.PDF,2021,4531,2026-08-06
002100,深圳证券交易所,天康生物,9900001641,1216693169,2022年年度报告摘要,天康生物,2023-04-28,https://static.cninfo.com.cn/finalpage/2023-04-29/1216693169.PDF,2022,344,2026-08-06
002100,深圳证券交易所,天康生物,9900001641,1216693174,2022年年度报告,天康生物,2023-04-28,https://static.cninfo.com.cn/finalpage/2023-04-29/1216693174.PDF,2022,3397,2026-08-06
002100,深圳证券交易所,天康生物,9900001641,1219863990,2023年年度报告,天康生物,2024-04-28,https://static.cninfo.com.cn/finalpage/2024-04-29/1219863990.PDF,2023,3938,2026-08-06
002100,深圳证券交易所,天康生物,9900001641,1219864002,2023年年度报告摘要,天康生物,2024-04-28,https://static.cninfo.com.cn/finalpage/2024-04-29/1219864002.PDF,2023,465,2026-08-06
002124,深圳证券交易所,天邦食品,9900002441,63688422,2013年年度报告摘要（已取消）,天邦股份,2014-03-17,https://static.cninfo.com.cn/finalpage/2014-03-18/63688422.PDF,2013,290,2026-08-06
002124,深圳证券交易所,天邦食品,9900002441,63688423,2013年年度报告（已取消）,天邦股份,2014-03-17,https://static.cninfo.com.cn/finalpage/2014-03-18/63688423.PDF,2013,3091,2026-08-06
002124,深圳证券交易所,天邦食品,9900002441,1200386582,2013年年度报告（更新后）,天邦股份,2014-11-11,https://static.cninfo.com.cn/finalpage/2014-11-12/1200386582.PDF,2013,3144,2026-08-06
002124,深圳证券交易所,天邦食品,9900002441,1200386586,2013年年度报告摘要（更新后）,天邦股份,2014-11-11,https://static.cninfo.com.cn/finalpage/2014-11-12/1200386586.PDF,2013,408,2026-08-06
002124,深圳证券交易所,天邦食品,9900002441,1200875229,2014年年度报告摘要,天邦股份,2015-04-20,https://static.cninfo.com.cn/finalpage/2015-04-21/1200875229.PDF,2014,283,2026-08-06
002124,深圳证券交易所,天邦食品,9900002441,1200875230,2014年年度报告,天邦股份,2015-04-20,https://static.cninfo.com.cn/finalpage/2015-04-21/1200875230.PDF,2014,2864,2026-08-06
002124,深圳证券交易所,天邦食品,9900002441,1202164575,2015年年度报告摘要,天邦股份,2016-04-11,https://static.cninfo.com.cn/finalpage/2016-04-12/1202164575.PDF,2015,331,2026-08-06
002124,深圳证券交易所,天邦食品,9900002441,1202164581,2015年年度报告,天邦股份,2016-04-11,https://static.cninfo.com.cn/finalpage/2016-04-12/1202164581.PDF,2015,1661,2026-08-06
002124,深圳证券交易所,天邦食品,9900002441,1203377398,2016年年度报告,天邦股份,2017-04-24,https://static.cninfo.com.cn/finalpage/2017-04-25/1203377398.PDF,2016,2065,2026-08-06
002124,深圳证券交易所,天邦食品,9900002441,1203377405,2016年年度报告摘要,天邦股份,2017-04-24,https://static.cninfo.com.cn/finalpage/2017-04-25/1203377405.PDF,2016,668,2026-08-06
002124,深圳证券交易所,天邦食品,9900002441,1204826000,2017年年度报告摘要,天邦股份,2018-04-27,https://static.cninfo.com.cn/finalpage/2018-04-28/1204826000.PDF,2017,754,2026-08-06
002124,深圳证券交易所,天邦食品,9900002441,1204826005,2017年年度报告,天邦股份,2018-04-27,https://static.cninfo.com.cn/finalpage/2018-04-28/1204826005.PDF,2017,5040,2026-08-06
002124,深圳证券交易所,天邦食品,9900002441,1206080362,2018年年度报告,天邦股份,2019-04-23,https://static.cninfo.com.cn/finalpage/2019-04-24/1206080362.PDF,2018,4627,2026-08-06
002124,深圳证券交易所,天邦食品,9900002441,1206080389,2018年年度报告摘要,天邦股份,2019-04-23,https://static.cninfo.com.cn/finalpage/2019-04-24/1206080389.PDF,2018,332,2026-08-06
002124,深圳证券交易所,天邦食品,9900002441,1207663250,2019年年度报告摘要,天邦股份,2020-04-28,https://static.cninfo.com.cn/finalpage/2020-04-29/1207663250.PDF,2019,590,2026-08-06
002124,深圳证券交易所,天邦食品,9900002441,1207663251,2019年年度报告,天邦股份,2020-04-28,https://static.cninfo.com.cn/finalpage/2020-04-29/1207663251.PDF,2019,4260,2026-08-06
002124,深圳证券交易所,天邦食品,9900002441,1209740021,2020年年度报告摘要,天邦股份,2021-04-20,https://static.cninfo.com.cn/finalpage/2021-04-21/1209740021.PDF,2020,360,2026-08-06
002124,深圳证券交易所,天邦食品,9900002441,1209740052,2020年年度报告,天邦股份,2021-04-20,https://static.cninfo.com.cn/finalpage/2021-04-21/1209740052.PDF,2020,4217,2026-08-06
002124,深圳证券交易所,天邦食品,9900002441,1213169669,2021年年度报告摘要,天邦股份,2022-04-27,https://static.cninfo.com.cn/finalpage/2022-04-28/1213169669.PDF,2021,333,2026-08-06
002124,深圳证券交易所,天邦食品,9900002441,1213189424,2021年年度报告,天邦股份,2022-04-27,https://static.cninfo.com.cn/finalpage/2022-04-28/1213189424.PDF,2021,1362,2026-08-06
002124,深圳证券交易所,天邦食品,9900002441,1216688115,2022年年度报告摘要,天邦食品,2023-04-28,https://static.cninfo.com.cn/finalpage/2023-04-29/1216688115.PDF,2022,464,2026-08-06
002124,深圳证券交易所,天邦食品,9900002441,1216688154,2022年年度报告,天邦食品,2023-04-28,https://static.cninfo.com.cn/finalpage/2023-04-29/1216688154.PDF,2022,5425,2026-08-06
002124,深圳证券交易所,天邦食品,9900002441,1219920450,2023年年度报告,天邦食品,2024-04-29,https://static.cninfo.com.cn/finalpage/2024-04-30/1219920450.PDF,2023,6504,2026-08-06
002124,深圳证券交易所,天邦食品,9900002441,1219920452,2023年年度报告摘要,天邦食品,2024-04-29,https://static.cninfo.com.cn/finalpage/2024-04-30/1219920452.PDF,2023,445,2026-08-06
002157,深圳证券交易所,正邦科技,9900003434,63911686,2013年年度报告摘要,正邦科技,2014-04-24,https://static.cninfo.com.cn/finalpage/2014-04-25/63911686.PDF,2013,298,2026-08-06
002157,深圳证券交易所,正邦科技,9900003434,63911691,2013年年度报告,正邦科技,2014-04-24,https://static.cninfo.com.cn/finalpage/2014-04-25/63911691.PDF,2013,4491,2026-08-06
002157,深圳证券交易所,正邦科技,9900003434,1200932469,2014年年度报告摘要,正邦科技,2015-04-28,https://static.cninfo.com.cn/finalpage/2015-04-29/1200932469.PDF,2014,288,2026-08-06
002157,深圳证券交易所,正邦科技,9900003434,1200932476,2014年年度报告,正邦科技,2015-04-28,https://static.cninfo.com.cn/finalpage/2015-04-29/1200932476.PDF,2014,3359,2026-08-06
002157,深圳证券交易所,正邦科技,9900003434,1202217338,2015年年度报告摘要,正邦科技,2016-04-21,https://static.cninfo.com.cn/finalpage/2016-04-22/1202217338.PDF,2015,347,2026-08-06
002157,深圳证券交易所,正邦科技,9900003434,1202217340,2015年年度报告,正邦科技,2016-04-21,https://static.cninfo.com.cn/finalpage/2016-04-22/1202217340.PDF,2015,3632,2026-08-06
002157,深圳证券交易所,正邦科技,9900003434,1203275039,2016年年度报告,正邦科技,2017-04-10,https://static.cninfo.com.cn/finalpage/2017-04-11/1203275039.PDF,2016,4166,2026-08-06
002157,深圳证券交易所,正邦科技,9900003434,1203275040,2016年年度报告摘要,正邦科技,2017-04-10,https://static.cninfo.com.cn/finalpage/2017-04-11/1203275040.PDF,2016,481,2026-08-06
002157,深圳证券交易所,正邦科技,9900003434,1204646451,2017年年度报告摘要,正邦科技,2018-04-17,https://static.cninfo.com.cn/finalpage/2018-04-18/1204646451.PDF,2017,587,2026-08-06
002157,深圳证券交易所,正邦科技,9900003434,1204646485,2017年年度报告,正邦科技,2018-04-17,https://static.cninfo.com.cn/finalpage/2018-04-18/1204646485.PDF,2017,4033,2026-08-06
002157,深圳证券交易所,正邦科技,9900003434,1206059454,2018年年度报告摘要,正邦科技,2019-04-19,https://static.cninfo.com.cn/finalpage/2019-04-20/1206059454.PDF,2018,482,2026-08-06
002157,深圳证券交易所,正邦科技,9900003434,1206059466,2018年年度报告（已取消）,正邦科技,2019-04-19,https://static.cninfo.com.cn/finalpage/2019-04-20/1206059466.PDF,2018,1586,2026-08-06
002157,深圳证券交易所,正邦科技,9900003434,1206375429,2018年年度报告（更新后）,正邦科技,2019-06-20,https://static.cninfo.com.cn/finalpage/2019-06-21/1206375429.PDF,2018,4001,2026-08-06
002157,深圳证券交易所,正邦科技,9900003434,1207539419,2019年年度报告摘要,正邦科技,2020-04-20,https://static.cninfo.com.cn/finalpage/2020-04-21/1207539419.PDF,2019,422,2026-08-06
002157,深圳证券交易所,正邦科技,9900003434,1207539424,2019年年度报告,正邦科技,2020-04-20,https://static.cninfo.com.cn/finalpage/2020-04-21/1207539424.PDF,2019,1975,2026-08-06
002157,深圳证券交易所,正邦科技,9900003434,1209847314,2020年年度报告摘要,正邦科技,2021-04-28,https://static.cninfo.com.cn/finalpage/2021-04-29/1209847314.PDF,2020,458,2026-08-06
002157,深圳证券交易所,正邦科技,9900003434,1209847320,2020年年度报告,正邦科技,2021-04-28,https://static.cninfo.com.cn/finalpage/2021-04-29/1209847320.PDF,2020,1814,2026-08-06
002157,深圳证券交易所,正邦科技,9900003434,1213251585,2021年年度报告,正邦科技,2022-04-29,https://static.cninfo.com.cn/finalpage/2022-04-30/1213251585.PDF,2021,1884,2026-08-06
002157,深圳证券交易所,正邦科技,9900003434,1213251605,2021年年度报告摘要,正邦科技,2022-04-29,https://static.cninfo.com.cn/finalpage/2022-04-30/1213251605.PDF,2021,344,2026-08-06
002157,深圳证券交易所,正邦科技,9900003434,1216705237,2022年年度报告摘要,正邦科技,2023-04-28,https://static.cninfo.com.cn/finalpage/2023-04-29/1216705237.PDF,2022,386,2026-08-06
002157,深圳证券交易所,正邦科技,9900003434,1216705289,2022年年度报告,正邦科技,2023-04-28,https://static.cninfo.com.cn/finalpage/2023-04-29/1216705289.PDF,2022,1489,2026-08-06
002157,深圳证券交易所,正邦科技,9900003434,1219923451,2023年年度报告摘要,*ST 正邦,2024-04-29,https://static.cninfo.com.cn/finalpage/2024-04-30/1219923451.PDF,2023,424,2026-08-06
002157,深圳证券交易所,正邦科技,9900003434,1219923507,2023年年度报告,*ST 正邦,2024-04-29,https://static.cninfo.com.cn/finalpage/2024-04-30/1219923507.PDF,2023,1513,2026-08-06
002166,深圳证券交易所,莱茵生物,9900003561,63709299,2013年年度报告摘要,莱茵生物,2014-03-21,https://static.cninfo.com.cn/finalpage/2014-03-22/63709299.PDF,2013,199,2026-08-06
002166,深圳证券交易所,莱茵生物,9900003561,63709300,2013年年度报告,莱茵生物,2014-03-21,https://static.cninfo.com.cn/finalpage/2014-03-22/63709300.PDF,2013,2516,2026-08-06
002166,深圳证券交易所,莱茵生物,9900003561,1200196199,2012年年度报告（更新后）,莱茵生物,2014-09-01,https://static.cninfo.com.cn/finalpage/2014-09-02/1200196199.PDF,2012,2732,2026-08-06
002166,深圳证券交易所,莱茵生物,9900003561,1200753882,2014年年度报告摘要,莱茵生物,2015-03-27,https://static.cninfo.com.cn/finalpage/2015-03-28/1200753882.PDF,2014,284,2026-08-06
002166,深圳证券交易所,莱茵生物,9900003561,1200753883,2014年年度报告,莱茵生物,2015-03-27,https://static.cninfo.com.cn/finalpage/2015-03-28/1200753883.PDF,2014,2520,2026-08-06
002166,深圳证券交易所,莱茵生物,9900003561,1202046896,2015年年度报告摘要,莱茵生物,2016-03-15,https://static.cninfo.com.cn/finalpage/2016-03-16/1202046896.PDF,2015,304,2026-08-06
002166,深圳证券交易所,莱茵生物,9900003561,1202046908,2015年年度报告,莱茵生物,2016-03-15,https://static.cninfo.com.cn/finalpage/2016-03-16/1202046908.PDF,2015,2684,2026-08-06
002166,深圳证券交易所,莱茵生物,9900003561,1203402840,2016年年度报告摘要,莱茵生物,2017-04-26,https://static.cninfo.com.cn/finalpage/2017-04-27/1203402840.PDF,2016,295,2026-08-06
002166,深圳证券交易所,莱茵生物,9900003561,1203402841,2016年年度报告,莱茵生物,2017-04-26,https://static.cninfo.com.cn/finalpage/2017-04-27/1203402841.PDF,2016,2634,2026-08-06
002166,深圳证券交易所,莱茵生物,9900003561,1204542610,2017年年度报告摘要,莱茵生物,2018-03-29,https://static.cninfo.com.cn/finalpage/2018-03-30/1204542610.PDF,2017,301,2026-08-06
002166,深圳证券交易所,莱茵生物,9900003561,1204542611,2017年年度报告,莱茵生物,2018-03-29,https://static.cninfo.com.cn/finalpage/2018-03-30/1204542611.PDF,2017,2714,2026-08-06
002166,深圳证券交易所,莱茵生物,9900003561,1206059124,2018年年度报告,莱茵生物,2019-04-19,https://static.cninfo.com.cn/finalpage/2019-04-20/1206059124.PDF,2018,2655,2026-08-06
002166,深圳证券交易所,莱茵生物,9900003561,1206059130,2018年年度报告摘要,莱茵生物,2019-04-19,https://static.cninfo.com.cn/finalpage/2019-04-20/1206059130.PDF,2018,307,2026-08-06
002166,深圳证券交易所,莱茵生物,9900003561,1207498058,2019年年度报告摘要,莱茵生物,2020-04-14,https://static.cninfo.com.cn/finalpage/2020-04-15/1207498058.PDF,2019,334,2026-08-06
002166,深圳证券交易所,莱茵生物,9900003561,1207498059,2019年年度报告,莱茵生物,2020-04-14,https://static.cninfo.com.cn/finalpage/2020-04-15/1207498059.PDF,2019,2981,2026-08-06
002166,深圳证券交易所,莱茵生物,9900003561,1209488956,2020年年度报告摘要,莱茵生物,2021-03-30,https://static.cninfo.com.cn/finalpage/2021-03-31/1209488956.PDF,2020,356,2026-08-06
002166,深圳证券交易所,莱茵生物,9900003561,1209488957,2020年年度报告,莱茵生物,2021-03-30,https://static.cninfo.com.cn/finalpage/2021-03-31/1209488957.PDF,2020,3181,2026-08-06
002166,深圳证券交易所,莱茵生物,9900003561,1212924074,2021年年度报告摘要,莱茵生物,2022-04-14,https://static.cninfo.com.cn/finalpage/2022-04-15/1212924074.PDF,2021,488,2026-08-06
002166,深圳证券交易所,莱茵生物,9900003561,1212924105,2021年年度报告,莱茵生物,2022-04-14,https://static.cninfo.com.cn/finalpage/2022-04-15/1212924105.PDF,2021,2174,2026-08-06
002166,深圳证券交易所,莱茵生物,9900003561,1216244885,2022年年度报告,莱茵生物,2023-03-28,https://static.cninfo.com.cn/finalpage/2023-03-29/1216244885.PDF,2022,4359,2026-08-06
002166,深圳证券交易所,莱茵生物,9900003561,1216244905,2022年年度报告摘要,莱茵生物,2023-03-28,https://static.cninfo.com.cn/finalpage/2023-03-29/1216244905.PDF,2022,605,2026-08-06
002166,深圳证券交易所,莱茵生物,9900003561,1219553191,2023年年度报告摘要,莱茵生物,2024-04-09,https://static.cninfo.com.cn/finalpage/2024-04-10/1219553191.PDF,2023,507,2026-08-06
002166,深圳证券交易所,莱茵生物,9900003561,1219553198,2023年年度报告,莱茵生物,2024-04-09,https://static.cninfo.com.cn/finalpage/2024-04-10/1219553198.PDF,2023,3506,2026-08-06
002200,深圳证券交易所,交投生态,9900003907,63581886,2013年年度报告摘要,*ST大地,2014-02-17,https://static.cninfo.com.cn/finalpage/2014-02-18/63581886.PDF,2013,261,2026-08-06
002200,深圳证券交易所,交投生态,9900003907,63581887,2013年年度报告（已取消）,*ST大地,2014-02-17,https://static.cninfo.com.cn/finalpage/2014-02-18/63581887.PDF,2013,2657,2026-08-06
002200,深圳证券交易所,交投生态,9900003907,63611258,2013年年度报告（更新后）,*ST大地,2014-02-26,https://static.cninfo.com.cn/finalpage/2014-02-27/63611258.PDF,2013,2660,2026-08-06
002200,深圳证券交易所,交投生态,9900003907,1200932990,2014年年度报告摘要,云投生态,2015-04-28,https://static.cninfo.com.cn/finalpage/2015-04-29/1200932990.PDF,2014,284,2026-08-06
002200,深圳证券交易所,交投生态,9900003907,1200932991,2014年年度报告,云投生态,2015-04-28,https://static.cninfo.com.cn/finalpage/2015-04-29/1200932991.PDF,2014,2818,2026-08-06
002200,深圳证券交易所,交投生态,9900003907,1202280064,2015年年度报告摘要,云投生态,2016-04-29,https://static.cninfo.com.cn/finalpage/2016-04-30/1202280064.PDF,2015,348,2026-08-06
002200,深圳证券交易所,交投生态,9900003907,1202280087,2015年年度报告,云投生态,2016-04-29,https://static.cninfo.com.cn/finalpage/2016-04-30/1202280087.PDF,2015,2894,2026-08-06
002200,深圳证券交易所,交投生态,9900003907,1203405467,2016年年度报告摘要,云投生态,2017-04-26,https://static.cninfo.com.cn/finalpage/2017-04-27/1203405467.PDF,2016,230,2026-08-06
002200,深圳证券交易所,交投生态,9900003907,1203405483,2016年年度报告,云投生态,2017-04-26,https://static.cninfo.com.cn/finalpage/2017-04-27/1203405483.PDF,2016,2793,2026-08-06
002200,深圳证券交易所,交投生态,9900003907,1204792314,2017年年度报告摘要（已取消）,云投生态,2018-04-25,https://static.cninfo.com.cn/finalpage/2018-04-26/1204792314.PDF,2017,407,2026-08-06
002200,深圳证券交易所,交投生态,9900003907,1204792317,2017年年度报告（已取消）,云投生态,2018-04-25,https://static.cninfo.com.cn/finalpage/2018-04-26/1204792317.PDF,2017,4443,2026-08-06
002200,深圳证券交易所,交投生态,9900003907,1206090396,2018年年度报告摘要,云投生态,2019-04-24,https://static.cninfo.com.cn/finalpage/2019-04-25/1206090396.PDF,2018,278,2026-08-06
002200,深圳证券交易所,交投生态,9900003907,1206090415,2017年年度报告（更新后）,云投生态,2019-04-24,https://static.cninfo.com.cn/finalpage/2019-04-25/1206090415.PDF,2017,3038,2026-08-06
002200,深圳证券交易所,交投生态,9900003907,1206090416,2017年年度报告摘要（更新后）,云投生态,2019-04-24,https://static.cninfo.com.cn/finalpage/2019-04-25/1206090416.PDF,2017,321,2026-08-06
002200,深圳证券交易所,交投生态,9900003907,1206090431,2018年年度报告,云投生态,2019-04-24,https://static.cninfo.com.cn/finalpage/2019-04-25/1206090431.PDF,2018,3103,2026-08-06
002200,深圳证券交易所,交投生态,9900003907,1207468746,2019年年度报告摘要,*ST云投,2020-04-08,https://static.cninfo.com.cn/finalpage/2020-04-09/1207468746.PDF,2019,259,2026-08-06
002200,深圳证券交易所,交投生态,9900003907,1207468747,2019年年度报告,*ST云投,2020-04-08,https://static.cninfo.com.cn/finalpage/2020-04-09/1207468747.PDF,2019,3194,2026-08-06
002200,深圳证券交易所,交投生态,9900003907,1209860414,2020年年度报告摘要（已取消）,ST云投,2021-04-28,https://static.cninfo.com.cn/finalpage/2021-04-29/1209860414.PDF,2020,222,2026-08-06
002200,深圳证券交易所,交投生态,9900003907,1209860436,2020年年度报告（已取消）,ST云投,2021-04-28,https://static.cninfo.com.cn/finalpage/2021-04-29/1209860436.PDF,2020,3733,2026-08-06
002200,深圳证券交易所,交投生态,9900003907,1210211676,2020年年度报告（更新后）,ST云投,2021-06-09,https://static.cninfo.com.cn/finalpage/2021-06-10/1210211676.PDF,2020,3700,2026-08-06
002200,深圳证券交易所,交投生态,9900003907,1210211677,2020年年度报告摘要（更新后）,ST云投,2021-06-09,https://static.cninfo.com.cn/finalpage/2021-06-10/1210211677.PDF,2020,223,2026-08-06
002200,深圳证券交易所,交投生态,9900003907,1213109137,2021年年度报告摘要,ST云投,2022-04-25,https://static.cninfo.com.cn/finalpage/2022-04-26/1213109137.PDF,2021,175,2026-08-06
002200,深圳证券交易所,交投生态,9900003907,1213109167,2021年年度报告,ST云投,2022-04-25,https://static.cninfo.com.cn/finalpage/2022-04-26/1213109167.PDF,2021,3784,2026-08-06
002200,深圳证券交易所,交投生态,9900003907,1213551383,2021年年度报告（更正后）,ST云投,2022-05-30,https://static.cninfo.com.cn/finalpage/2022-05-31/1213551383.PDF,2021,3782,2026-08-06
002200,深圳证券交易所,交投生态,9900003907,1216628934,2022年年度报告摘要,ST交投,2023-04-26,https://static.cninfo.com.cn/finalpage/2023-04-27/1216628934.PDF,2022,304,2026-08-06
002200,深圳证券交易所,交投生态,9900003907,1216628959,2022年年度报告,ST交投,2023-04-26,https://static.cninfo.com.cn/finalpage/2023-04-27/1216628959.PDF,2022,3137,2026-08-06
002200,深圳证券交易所,交投生态,9900003907,1219841981,2023年年度报告,ST交投,2024-04-25,https://static.cninfo.com.cn/finalpage/2024-04-26/1219841981.PDF,2023,5096,2026-08-06
002200,深圳证券交易所,交投生态,9900003907,1219841984,2023年年度报告摘要,ST交投,2024-04-25,https://static.cninfo.com.cn/finalpage/2024-04-26/1219841984.PDF,2023,277,2026-08-06
002216,深圳证券交易所,三全食品,9900004261,63904357,2013年年度报告摘要（已取消）,三全食品,2014-04-23,https://static.cninfo.com.cn/finalpage/2014-04-24/63904357.PDF,2013,252,2026-08-06
002216,深圳证券交易所,三全食品,9900004261,63904373,2013年年度报告,三全食品,2014-04-23,https://static.cninfo.com.cn/finalpage/2014-04-24/63904373.PDF,2013,2909,2026-08-06
002216,深圳证券交易所,三全食品,9900004261,63906319,2013年年度报告摘要（更新后）,三全食品,2014-04-23,https://static.cninfo.com.cn/finalpage/2014-04-24/63906319.PDF,2013,258,2026-08-06
002216,深圳证券交易所,三全食品,9900004261,1200719228,2014年年度报告摘要,三全食品,2015-03-19,https://static.cninfo.com.cn/finalpage/2015-03-20/1200719228.PDF,2014,220,2026-08-06
002216,深圳证券交易所,三全食品,9900004261,1200719229,2014年年度报告,三全食品,2015-03-19,https://static.cninfo.com.cn/finalpage/2015-03-20/1200719229.PDF,2014,2567,2026-08-06
002216,深圳证券交易所,三全食品,9900004261,1202219847,2015年年度报告摘要,三全食品,2016-04-21,https://static.cninfo.com.cn/finalpage/2016-04-22/1202219847.PDF,2015,254,2026-08-06
002216,深圳证券交易所,三全食品,9900004261,1202219859,2015年年度报告,三全食品,2016-04-21,https://static.cninfo.com.cn/finalpage/2016-04-22/1202219859.PDF,2015,2671,2026-08-06
002216,深圳证券交易所,三全食品,9900004261,1203346177,2016年年度报告,三全食品,2017-04-20,https://static.cninfo.com.cn/finalpage/2017-04-21/1203346177.PDF,2016,2813,2026-08-06
002216,深圳证券交易所,三全食品,9900004261,1203346178,2016年年度报告摘要,三全食品,2017-04-20,https://static.cninfo.com.cn/finalpage/2017-04-21/1203346178.PDF,2016,245,2026-08-06
002216,深圳证券交易所,三全食品,9900004261,1204669885,2017年年度报告摘要,三全食品,2018-04-19,https://static.cninfo.com.cn/finalpage/2018-04-20/1204669885.PDF,2017,179,2026-08-06
002216,深圳证券交易所,三全食品,9900004261,1204669889,2017年年度报告,三全食品,2018-04-19,https://static.cninfo.com.cn/finalpage/2018-04-20/1204669889.PDF,2017,2857,2026-08-06
002216,深圳证券交易所,三全食品,9900004261,1206004240,2018年年度报告摘要,三全食品,2019-04-09,https://static.cninfo.com.cn/finalpage/2019-04-10/1206004240.PDF,2018,187,2026-08-06
002216,深圳证券交易所,三全食品,9900004261,1206004241,2018年年度报告,三全食品,2019-04-09,https://static.cninfo.com.cn/finalpage/2019-04-10/1206004241.PDF,2018,2860,2026-08-06
002216,深圳证券交易所,三全食品,9900004261,1207643316,2019年年度报告摘要,三全食品,2020-04-27,https://static.cninfo.com.cn/finalpage/2020-04-28/1207643316.PDF,2019,202,2026-08-06
002216,深圳证券交易所,三全食品,9900004261,1207643317,2019年年度报告,三全食品,2020-04-27,https://static.cninfo.com.cn/finalpage/2020-04-28/1207643317.PDF,2019,3540,2026-08-06
002216,深圳证券交易所,三全食品,9900004261,1209692572,2020年年度报告,三全食品,2021-04-14,https://static.cninfo.com.cn/finalpage/2021-04-15/1209692572.PDF,2020,3401,2026-08-06
002216,深圳证券交易所,三全食品,9900004261,1209692573,2020年年度报告摘要,三全食品,2021-04-14,https://static.cninfo.com.cn/finalpage/2021-04-15/1209692573.PDF,2020,229,2026-08-06
002216,深圳证券交易所,三全食品,9900004261,1212961949,2021年年度报告摘要,三全食品,2022-04-18,https://static.cninfo.com.cn/finalpage/2022-04-19/1212961949.PDF,2021,172,2026-08-06
002216,深圳证券交易所,三全食品,9900004261,1212961963,2021年年度报告,三全食品,2022-04-18,https://static.cninfo.com.cn/finalpage/2022-04-19/1212961963.PDF,2021,3501,2026-08-06
002216,深圳证券交易所,三全食品,9900004261,1216550894,2022年年度报告,三全食品,2023-04-24,https://static.cninfo.com.cn/finalpage/2023-04-25/1216550894.PDF,2022,4227,2026-08-06
002216,深圳证券交易所,三全食品,9900004261,1216550907,2022年年度报告摘要,三全食品,2023-04-24,https://static.cninfo.com.cn/finalpage/2023-04-25/1216550907.PDF,2022,305,2026-08-06
002216,深圳证券交易所,三全食品,9900004261,1219817857,2023年年度报告摘要,三全食品,2024-04-25,https://static.cninfo.com.cn/finalpage/2024-04-26/1219817857.PDF,2023,387,2026-08-06
002216,深圳证券交易所,三全食品,9900004261,1219817889,2023年年度报告,三全食品,2024-04-25,https://static.cninfo.com.cn/finalpage/2024-04-26/1219817889.PDF,2023,5690,2026-08-06
002234,深圳证券交易所,民和股份,9900004604,63870227,2013年年度报告摘要,民和股份,2014-04-18,https://static.cninfo.com.cn/finalpage/2014-04-19/63870227.PDF,2013,258,2026-08-06
002234,深圳证券交易所,民和股份,9900004604,63870251,2013年年度报告,民和股份,2014-04-18,https://static.cninfo.com.cn/finalpage/2014-04-19/63870251.PDF,2013,987,2026-08-06
002234,深圳证券交易所,民和股份,9900004604,1200718862,2014年年度报告摘要,*ST民和,2015-03-19,https://static.cninfo.com.cn/finalpage/2015-03-20/1200718862.PDF,2014,273,2026-08-06
002234,深圳证券交易所,民和股份,9900004604,1200718869,2014年年度报告,*ST民和,2015-03-19,https://static.cninfo.com.cn/finalpage/2015-03-20/1200718869.PDF,2014,881,2026-08-06
002234,深圳证券交易所,民和股份,9900004604,1202226085,2015年年度报告摘要,民和股份,2016-04-22,https://static.cninfo.com.cn/finalpage/2016-04-23/1202226085.PDF,2015,299,2026-08-06
002234,深圳证券交易所,民和股份,9900004604,1202226091,2015年年度报告,民和股份,2016-04-22,https://static.cninfo.com.cn/finalpage/2016-04-23/1202226091.PDF,2015,685,2026-08-06
002234,深圳证券交易所,民和股份,9900004604,1203194856,2016年年度报告摘要,民和股份,2017-03-24,https://static.cninfo.com.cn/finalpage/2017-03-25/1203194856.PDF,2016,285,2026-08-06
002234,深圳证券交易所,民和股份,9900004604,1203194868,2016年年度报告,民和股份,2017-03-24,https://static.cninfo.com.cn/finalpage/2017-03-25/1203194868.PDF,2016,772,2026-08-06
002234,深圳证券交易所,民和股份,9900004604,1204800883,2017年年度报告摘要,民和股份,2018-04-26,https://static.cninfo.com.cn/finalpage/2018-04-27/1204800883.PDF,2017,284,2026-08-06
002234,深圳证券交易所,民和股份,9900004604,1204800904,2017年年度报告,民和股份,2018-04-26,https://static.cninfo.com.cn/finalpage/2018-04-27/1204800904.PDF,2017,2234,2026-08-06
002234,深圳证券交易所,民和股份,9900004604,1205852136,2018年年度报告摘要,民和股份,2019-02-26,https://static.cninfo.com.cn/finalpage/2019-02-27/1205852136.PDF,2018,381,2026-08-06
002234,深圳证券交易所,民和股份,9900004604,1205852140,2018年年度报告,民和股份,2019-02-26,https://static.cninfo.com.cn/finalpage/2019-02-27/1205852140.PDF,2018,2375,2026-08-06
002234,深圳证券交易所,民和股份,9900004604,1207537994,2019年年度报告摘要,民和股份,2020-04-20,https://static.cninfo.com.cn/finalpage/2020-04-21/1207537994.PDF,2019,282,2026-08-06
002234,深圳证券交易所,民和股份,9900004604,1207538014,2019年年度报告,民和股份,2020-04-20,https://static.cninfo.com.cn/finalpage/2020-04-21/1207538014.PDF,2019,1055,2026-08-06
002234,深圳证券交易所,民和股份,9900004604,1209810770,2020年年度报告摘要,民和股份,2021-04-26,https://static.cninfo.com.cn/finalpage/2021-04-27/1209810770.PDF,2020,279,2026-08-06
002234,深圳证券交易所,民和股份,9900004604,1209810808,2020年年度报告,民和股份,2021-04-26,https://static.cninfo.com.cn/finalpage/2021-04-27/1209810808.PDF,2020,3790,2026-08-06
002234,深圳证券交易所,民和股份,9900004604,1212685600,2021年年度报告摘要,民和股份,2022-03-25,https://static.cninfo.com.cn/finalpage/2022-03-26/1212685600.PDF,2021,219,2026-08-06
002234,深圳证券交易所,民和股份,9900004604,1212685630,2021年年度报告,民和股份,2022-03-25,https://static.cninfo.com.cn/finalpage/2022-03-26/1212685630.PDF,2021,3923,2026-08-06
002234,深圳证券交易所,民和股份,9900004604,1216243792,2022年年度报告,民和股份,2023-03-28,https://static.cninfo.com.cn/finalpage/2023-03-29/1216243792.PDF,2022,3461,2026-08-06
002234,深圳证券交易所,民和股份,9900004604,1216243797,2022年年度报告摘要,民和股份,2023-03-28,https://static.cninfo.com.cn/finalpage/2023-03-29/1216243797.PDF,2022,298,2026-08-06
002234,深圳证券交易所,民和股份,9900004604,1219328941,2023年年度报告,民和股份,2024-03-18,https://static.cninfo.com.cn/finalpage/2024-03-19/1219328941.PDF,2023,4224,2026-08-06
002234,深圳证券交易所,民和股份,9900004604,1219328942,2023年年度报告摘要,民和股份,2024-03-18,https://static.cninfo.com.cn/finalpage/2024-03-19/1219328942.PDF,2023,367,2026-08-06
002286,深圳证券交易所,保龄宝,9900007927,63917481,2013年年度报告摘要,保龄宝,2014-04-24,https://static.cninfo.com.cn/finalpage/2014-04-25/63917481.PDF,2013,249,2026-08-06
002286,深圳证券交易所,保龄宝,9900007927,63917482,2013年年度报告,保龄宝,2014-04-24,https://static.cninfo.com.cn/finalpage/2014-04-25/63917482.PDF,2013,2925,2026-08-06
002286,深圳证券交易所,保龄宝,9900007927,1200920802,2014年年度报告摘要,保龄宝,2015-04-27,https://static.cninfo.com.cn/finalpage/2015-04-28/1200920802.PDF,2014,244,2026-08-06
002286,深圳证券交易所,保龄宝,9900007927,1200920803,2014年年度报告,保龄宝,2015-04-27,https://static.cninfo.com.cn/finalpage/2015-04-28/1200920803.PDF,2014,2814,2026-08-06
002286,深圳证券交易所,保龄宝,9900007927,1201996849,2015年年度报告摘要,保龄宝,2016-02-24,https://static.cninfo.com.cn/finalpage/2016-02-25/1201996849.PDF,2015,216,2026-08-06
002286,深圳证券交易所,保龄宝,9900007927,1201996875,2015年年度报告,保龄宝,2016-02-24,https://static.cninfo.com.cn/finalpage/2016-02-25/1201996875.PDF,2015,2921,2026-08-06
002286,深圳证券交易所,保龄宝,9900007927,1203413348,2016年年度报告摘要,保龄宝,2017-04-27,https://static.cninfo.com.cn/finalpage/2017-04-28/1203413348.PDF,2016,260,2026-08-06
002286,深圳证券交易所,保龄宝,9900007927,1203413349,2016年年度报告,保龄宝,2017-04-27,https://static.cninfo.com.cn/finalpage/2017-04-28/1203413349.PDF,2016,2731,2026-08-06
002286,深圳证券交易所,保龄宝,9900007927,1204466944,2017年年度报告摘要,保龄宝,2018-03-09,https://static.cninfo.com.cn/finalpage/2018-03-10/1204466944.PDF,2017,279,2026-08-06
002286,深圳证券交易所,保龄宝,9900007927,1204466952,2017年年度报告,保龄宝,2018-03-09,https://static.cninfo.com.cn/finalpage/2018-03-10/1204466952.PDF,2017,2941,2026-08-06
002286,深圳证券交易所,保龄宝,9900007927,1206162745,2018年年度报告摘要,保龄宝,2019-04-29,https://static.cninfo.com.cn/finalpage/2019-04-30/1206162745.PDF,2018,284,2026-08-06
002286,深圳证券交易所,保龄宝,9900007927,1206162746,2018年年度报告,保龄宝,2019-04-29,https://static.cninfo.com.cn/finalpage/2019-04-30/1206162746.PDF,2018,2997,2026-08-06
002286,深圳证券交易所,保龄宝,9900007927,1207656844,2019年年度报告摘要,保龄宝,2020-04-28,https://static.cninfo.com.cn/finalpage/2020-04-29/1207656844.PDF,2019,271,2026-08-06
002286,深圳证券交易所,保龄宝,9900007927,1207656845,2019年年度报告,保龄宝,2020-04-28,https://static.cninfo.com.cn/finalpage/2020-04-29/1207656845.PDF,2019,3339,2026-08-06
002286,深圳证券交易所,保龄宝,9900007927,1209850533,2020年年度报告摘要,保龄宝,2021-04-28,https://static.cninfo.com.cn/finalpage/2021-04-29/1209850533.PDF,2020,277,2026-08-06
002286,深圳证券交易所,保龄宝,9900007927,1209850534,2020年年度报告,保龄宝,2021-04-28,https://static.cninfo.com.cn/finalpage/2021-04-29/1209850534.PDF,2020,3361,2026-08-06
002286,深圳证券交易所,保龄宝,9900007927,1213205313,2021年年度报告摘要,保龄宝,2022-04-28,https://static.cninfo.com.cn/finalpage/2022-04-29/1213205313.PDF,2021,248,2026-08-06
002286,深圳证券交易所,保龄宝,9900007927,1213205314,2021年年度报告,保龄宝,2022-04-28,https://static.cninfo.com.cn/finalpage/2022-04-29/1213205314.PDF,2021,4007,2026-08-06
002286,深圳证券交易所,保龄宝,9900007927,1216649151,2022年年度报告,保龄宝,2023-04-27,https://static.cninfo.com.cn/finalpage/2023-04-28/1216649151.PDF,2022,4912,2026-08-06
002286,深圳证券交易所,保龄宝,9900007927,1216649189,2022年年度报告摘要,保龄宝,2023-04-27,https://static.cninfo.com.cn/finalpage/2023-04-28/1216649189.PDF,2022,304,2026-08-06
002286,深圳证券交易所,保龄宝,9900007927,1219110472,2023年年度报告,保龄宝,2024-02-06,https://static.cninfo.com.cn/finalpage/2024-02-07/1219110472.PDF,2023,4374,2026-08-06
002286,深圳证券交易所,保龄宝,9900007927,1219110488,2023年年度报告摘要,保龄宝,2024-02-06,https://static.cninfo.com.cn/finalpage/2024-02-07/1219110488.PDF,2023,439,2026-08-06
002299,深圳证券交易所,圣农发展,9900008409,63884576,2013年年度报告摘要,圣农发展,2014-04-21,https://static.cninfo.com.cn/finalpage/2014-04-22/63884576.PDF,2013,284,2026-08-06
002299,深圳证券交易所,圣农发展,9900008409,63884585,2013年年度报告,圣农发展,2014-04-21,https://static.cninfo.com.cn/finalpage/2014-04-22/63884585.PDF,2013,2637,2026-08-06
002299,深圳证券交易所,圣农发展,9900008409,1200767555,2014年年度报告摘要,圣农发展,2015-03-30,https://static.cninfo.com.cn/finalpage/2015-03-31/1200767555.PDF,2014,280,2026-08-06
002299,深圳证券交易所,圣农发展,9900008409,1200767556,2014年年度报告,圣农发展,2015-03-30,https://static.cninfo.com.cn/finalpage/2015-03-31/1200767556.PDF,2014,2780,2026-08-06
002299,深圳证券交易所,圣农发展,9900008409,1202227356,2015年年度报告,圣农发展,2016-04-24,https://static.cninfo.com.cn/finalpage/2016-04-25/1202227356.PDF,2015,3056,2026-08-06
002299,深圳证券交易所,圣农发展,9900008409,1202227357,2015年年度报告摘要,圣农发展,2016-04-24,https://static.cninfo.com.cn/finalpage/2016-04-25/1202227357.PDF,2015,336,2026-08-06
002299,深圳证券交易所,圣农发展,9900008409,1203239272,2016年年度报告摘要,圣农发展,2017-03-30,https://static.cninfo.com.cn/finalpage/2017-03-31/1203239272.PDF,2016,307,2026-08-06
002299,深圳证券交易所,圣农发展,9900008409,1203239273,2016年年度报告,圣农发展,2017-03-30,https://static.cninfo.com.cn/finalpage/2017-03-31/1203239273.PDF,2016,2890,2026-08-06
002299,深圳证券交易所,圣农发展,9900008409,1204675105,2017年年度报告摘要,圣农发展,2018-04-22,https://static.cninfo.com.cn/finalpage/2018-04-23/1204675105.PDF,2017,353,2026-08-06
002299,深圳证券交易所,圣农发展,9900008409,1204675125,2017年年度报告,圣农发展,2018-04-22,https://static.cninfo.com.cn/finalpage/2018-04-23/1204675125.PDF,2017,3485,2026-08-06
002299,深圳证券交易所,圣农发展,9900008409,1205941353,2018年年度报告,圣农发展,2019-03-26,https://static.cninfo.com.cn/finalpage/2019-03-27/1205941353.PDF,2018,3476,2026-08-06
002299,深圳证券交易所,圣农发展,9900008409,1205941372,2018年年度报告摘要,圣农发展,2019-03-26,https://static.cninfo.com.cn/finalpage/2019-03-27/1205941372.PDF,2018,265,2026-08-06
002299,深圳证券交易所,圣农发展,9900008409,1207418563,2019年年度报告摘要,圣农发展,2020-03-27,https://static.cninfo.com.cn/finalpage/2020-03-28/1207418563.PDF,2019,357,2026-08-06
002299,深圳证券交易所,圣农发展,9900008409,1207418564,2019年年度报告,圣农发展,2020-03-27,https://static.cninfo.com.cn/finalpage/2020-03-28/1207418564.PDF,2019,4087,2026-08-06
002299,深圳证券交易所,圣农发展,9900008409,1209724346,2020年年度报告摘要,圣农发展,2021-04-19,https://static.cninfo.com.cn/finalpage/2021-04-20/1209724346.PDF,2020,485,2026-08-06
002299,深圳证券交易所,圣农发展,9900008409,1209724366,2020年年度报告,圣农发展,2021-04-19,https://static.cninfo.com.cn/finalpage/2021-04-20/1209724366.PDF,2020,4205,2026-08-06
002299,深圳证券交易所,圣农发展,9900008409,1213004632,2021年年度报告摘要,圣农发展,2022-04-20,https://static.cninfo.com.cn/finalpage/2022-04-21/1213004632.PDF,2021,1068,2026-08-06
002299,深圳证券交易所,圣农发展,9900008409,1213004638,2021年年度报告,圣农发展,2022-04-20,https://static.cninfo.com.cn/finalpage/2022-04-21/1213004638.PDF,2021,5240,2026-08-06
002299,深圳证券交易所,圣农发展,9900008409,1216246256,2022年年度报告摘要,圣农发展,2023-03-28,https://static.cninfo.com.cn/finalpage/2023-03-29/1216246256.PDF,2022,1215,2026-08-06
002299,深圳证券交易所,圣农发展,9900008409,1216246270,2022年年度报告,圣农发展,2023-03-28,https://static.cninfo.com.cn/finalpage/2023-03-29/1216246270.PDF,2022,6225,2026-08-06
002299,深圳证券交易所,圣农发展,9900008409,1219428601,2023年年度报告,圣农发展,2024-03-27,https://static.cninfo.com.cn/finalpage/2024-03-28/1219428601.PDF,2023,6845,2026-08-06
002299,深圳证券交易所,圣农发展,9900008409,1219428604,2023年年度报告摘要,圣农发展,2024-03-27,https://static.cninfo.com.cn/finalpage/2024-03-28/1219428604.PDF,2023,1112,2026-08-06
002311,深圳证券交易所,海大集团,9900009032,63883569,2013年年度报告摘要,海大集团,2014-04-21,https://static.cninfo.com.cn/finalpage/2014-04-22/63883569.PDF,2013,232,2026-08-06
002311,深圳证券交易所,海大集团,9900009032,63883574,2013年年度报告,海大集团,2014-04-21,https://static.cninfo.com.cn/finalpage/2014-04-22/63883574.PDF,2013,3670,2026-08-06
002311,深圳证券交易所,海大集团,9900009032,1200918471,2014年年度报告摘要,海大集团,2015-04-27,https://static.cninfo.com.cn/finalpage/2015-04-28/1200918471.PDF,2014,308,2026-08-06
002311,深圳证券交易所,海大集团,9900009032,1200918472,2014年年度报告,海大集团,2015-04-27,https://static.cninfo.com.cn/finalpage/2015-04-28/1200918472.PDF,2014,3501,2026-08-06
002311,深圳证券交易所,海大集团,9900009032,1202088398,2015年年度报告摘要,海大集团,2016-03-28,https://static.cninfo.com.cn/finalpage/2016-03-29/1202088398.PDF,2015,301,2026-08-06
002311,深圳证券交易所,海大集团,9900009032,1202088399,2015年年度报告,海大集团,2016-03-28,https://static.cninfo.com.cn/finalpage/2016-03-29/1202088399.PDF,2015,3797,2026-08-06
002311,深圳证券交易所,海大集团,9900009032,1203403001,2016年年度报告摘要,海大集团,2017-04-26,https://static.cninfo.com.cn/finalpage/2017-04-27/1203403001.PDF,2016,286,2026-08-06
002311,深圳证券交易所,海大集团,9900009032,1203403002,2016年年度报告,海大集团,2017-04-26,https://static.cninfo.com.cn/finalpage/2017-04-27/1203403002.PDF,2016,3784,2026-08-06
002311,深圳证券交易所,海大集团,9900009032,1204664415,2017年年度报告摘要,海大集团,2018-04-19,https://static.cninfo.com.cn/finalpage/2018-04-20/1204664415.PDF,2017,283,2026-08-06
002311,深圳证券交易所,海大集团,9900009032,1204664416,2017年年度报告,海大集团,2018-04-19,https://static.cninfo.com.cn/finalpage/2018-04-20/1204664416.PDF,2017,4001,2026-08-06
002311,深圳证券交易所,海大集团,9900009032,1205053710,2017年年度报告（英文版）,海大集团,2018-06-11,https://static.cninfo.com.cn/finalpage/2018-06-12/1205053710.PDF,2017,4729,2026-08-06
002311,深圳证券交易所,海大集团,9900009032,1206019141,2018年年度报告摘要,海大集团,2019-04-15,https://static.cninfo.com.cn/finalpage/2019-04-16/1206019141.PDF,2018,300,2026-08-06
002311,深圳证券交易所,海大集团,9900009032,1206019144,2018年年度报告,海大集团,2019-04-15,https://static.cninfo.com.cn/finalpage/2019-04-16/1206019144.PDF,2018,3979,2026-08-06
002311,深圳证券交易所,海大集团,9900009032,1206347489,2018年年度报告（英文版）,海大集团,2019-06-11,https://static.cninfo.com.cn/finalpage/2019-06-12/1206347489.PDF,2018,4474,2026-08-06
002311,深圳证券交易所,海大集团,9900009032,1207538985,2019年年度报告摘要,海大集团,2020-04-20,https://static.cninfo.com.cn/finalpage/2020-04-21/1207538985.PDF,2019,339,2026-08-06
002311,深圳证券交易所,海大集团,9900009032,1207538986,2019年年度报告,海大集团,2020-04-20,https://static.cninfo.com.cn/finalpage/2020-04-21/1207538986.PDF,2019,3888,2026-08-06
002311,深圳证券交易所,海大集团,9900009032,1207850607,2019年年度报告（英文版）,海大集团,2020-05-22,https://static.cninfo.com.cn/finalpage/2020-05-23/1207850607.PDF,2019,4435,2026-08-06
002311,深圳证券交易所,海大集团,9900009032,1209723705,2020年年度报告摘要,海大集团,2021-04-19,https://static.cninfo.com.cn/finalpage/2021-04-20/1209723705.PDF,2020,277,2026-08-06
002311,深圳证券交易所,海大集团,9900009032,1209723720,2020年年度报告,海大集团,2021-04-19,https://static.cninfo.com.cn/finalpage/2021-04-20/1209723720.PDF,2020,4334,2026-08-06
002311,深圳证券交易所,海大集团,9900009032,1209956190,2020年年度报告（英文版）,海大集团,2021-05-12,https://static.cninfo.com.cn/finalpage/2021-05-13/1209956190.PDF,2020,4725,2026-08-06
002311,深圳证券交易所,海大集团,9900009032,1212885354,2021年年度报告摘要,海大集团,2022-04-11,https://static.cninfo.com.cn/finalpage/2022-04-12/1212885354.PDF,2021,247,2026-08-06
002311,深圳证券交易所,海大集团,9900009032,1212885355,2021年年度报告,海大集团,2022-04-11,https://static.cninfo.com.cn/finalpage/2022-04-12/1212885355.PDF,2021,4943,2026-08-06
002311,深圳证券交易所,海大集团,9900009032,1213550494,2021年年度报告（英文版),海大集团,2022-05-30,https://static.cninfo.com.cn/finalpage/2022-05-31/1213550494.PDF,2021,8811,2026-08-06
002311,深圳证券交易所,海大集团,9900009032,1216557717,2022年年度报告,海大集团,2023-04-24,https://static.cninfo.com.cn/finalpage/2023-04-25/1216557717.PDF,2022,7330,2026-08-06
002311,深圳证券交易所,海大集团,9900009032,1216557727,2022年年度报告摘要,海大集团,2023-04-24,https://static.cninfo.com.cn/finalpage/2023-04-25/1216557727.PDF,2022,279,2026-08-06
002311,深圳证券交易所,海大集团,9900009032,1217013099,2022年年度报告（英文版）,海大集团,2023-06-07,https://static.cninfo.com.cn/finalpage/2023-06-08/1217013099.PDF,2022,7147,2026-08-06
002311,深圳证券交易所,海大集团,9900009032,1219735719,2023年年度报告摘要,海大集团,2024-04-22,https://static.cninfo.com.cn/finalpage/2024-04-23/1219735719.PDF,2023,338,2026-08-06
002311,深圳证券交易所,海大集团,9900009032,1219735739,2023年年度报告,海大集团,2024-04-22,https://static.cninfo.com.cn/finalpage/2024-04-23/1219735739.PDF,2023,6867,2026-08-06
002311,深圳证券交易所,海大集团,9900009032,1220400079,2023年年度报告（英文版）,海大集团,2024-06-19,https://static.cninfo.com.cn/finalpage/2024-06-20/1220400079.PDF,2023,7639,2026-08-06
002321,深圳证券交易所,华英农业,9900009334,63812922,2013年年度报告摘要（已取消）,华英农业,2014-04-09,https://static.cninfo.com.cn/finalpage/2014-04-10/63812922.PDF,2013,330,2026-08-06
002321,深圳证券交易所,华英农业,9900009334,63812942,2013年年度报告,华英农业,2014-04-09,https://static.cninfo.com.cn/finalpage/2014-04-10/63812942.PDF,2013,2672,2026-08-06
002321,深圳证券交易所,华英农业,9900009334,63817624,2013年年度报告摘要（更新后）,华英农业,2014-04-10,https://static.cninfo.com.cn/finalpage/2014-04-10/63817624.PDF,2013,330,2026-08-06
002321,深圳证券交易所,华英农业,9900009334,1200910791,2014年年度报告摘要（已取消）,华英农业,2015-04-26,https://static.cninfo.com.cn/finalpage/2015-04-27/1200910791.PDF,2014,333,2026-08-06
002321,深圳证券交易所,华英农业,9900009334,1200910798,2014年年度报告（已取消）,华英农业,2015-04-26,https://static.cninfo.com.cn/finalpage/2015-04-27/1200910798.PDF,2014,2858,2026-08-06
002321,深圳证券交易所,华英农业,9900009334,1200922602,2014年年度报告（更新后）,华英农业,2015-04-27,https://static.cninfo.com.cn/finalpage/2015-04-28/1200922602.PDF,2014,2908,2026-08-06
002321,深圳证券交易所,华英农业,9900009334,1200922603,2014年年度报告摘要（更新后）,华英农业,2015-04-27,https://static.cninfo.com.cn/finalpage/2015-04-28/1200922603.PDF,2014,339,2026-08-06
002321,深圳证券交易所,华英农业,9900009334,1202150634,2015年年度报告摘要,华英农业,2016-04-07,https://static.cninfo.com.cn/finalpage/2016-04-08/1202150634.PDF,2015,277,2026-08-06
002321,深圳证券交易所,华英农业,9900009334,1202150635,2015年年度报告,华英农业,2016-04-07,https://static.cninfo.com.cn/finalpage/2016-04-08/1202150635.PDF,2015,2688,2026-08-06
002321,深圳证券交易所,华英农业,9900009334,1203211798,2016年年度报告,华英农业,2017-03-27,https://static.cninfo.com.cn/finalpage/2017-03-28/1203211798.PDF,2016,1114,2026-08-06
002321,深圳证券交易所,华英农业,9900009334,1203211799,2016年年度报告摘要,华英农业,2017-03-27,https://static.cninfo.com.cn/finalpage/2017-03-28/1203211799.PDF,2016,314,2026-08-06
002321,深圳证券交易所,华英农业,9900009334,1204648844,2017年年度报告摘要,华英农业,2018-04-17,https://static.cninfo.com.cn/finalpage/2018-04-18/1204648844.PDF,2017,307,2026-08-06
002321,深圳证券交易所,华英农业,9900009334,1204648845,2017年年度报告（已取消）,华英农业,2018-04-17,https://static.cninfo.com.cn/finalpage/2018-04-18/1204648845.PDF,2017,3056,2026-08-06
002321,深圳证券交易所,华英农业,9900009334,1204910965,2017年年度报告（已取消）,华英农业,2018-05-04,https://static.cninfo.com.cn/finalpage/2018-05-05/1204910965.PDF,2017,3058,2026-08-06
002321,深圳证券交易所,华英农业,9900009334,1205007124,2017年年度报告（更新后）,华英农业,2018-05-25,https://static.cninfo.com.cn/finalpage/2018-05-26/1205007124.PDF,2017,3080,2026-08-06
002321,深圳证券交易所,华英农业,9900009334,1206042120,2018年年度报告摘要,华英农业,2019-04-16,https://static.cninfo.com.cn/finalpage/2019-04-17/1206042120.PDF,2018,201,2026-08-06
002321,深圳证券交易所,华英农业,9900009334,1206042127,2018年年度报告,华英农业,2019-04-16,https://static.cninfo.com.cn/finalpage/2019-04-17/1206042127.PDF,2018,1189,2026-08-06
002321,深圳证券交易所,华英农业,9900009334,1207878535,2019年年度报告摘要,华英农业,2020-05-29,https://static.cninfo.com.cn/finalpage/2020-05-30/1207878535.PDF,2019,207,2026-08-06
002321,深圳证券交易所,华英农业,9900009334,1207878541,2019年年度报告,华英农业,2020-05-29,https://static.cninfo.com.cn/finalpage/2020-05-30/1207878541.PDF,2019,1286,2026-08-06
002321,深圳证券交易所,华英农业,9900009334,1209860384,2020年年度报告摘要（已取消）,华英农业,2021-04-28,https://static.cninfo.com.cn/finalpage/2021-04-29/1209860384.PDF,2020,257,2026-08-06
002321,深圳证券交易所,华英农业,9900009334,1209860390,2020年年度报告（已取消）,华英农业,2021-04-28,https://static.cninfo.com.cn/finalpage/2021-04-29/1209860390.PDF,2020,5722,2026-08-06
002321,深圳证券交易所,华英农业,9900009334,1210688205,2020年年度报告（更新后）,*ST华英,2021-08-06,https://static.cninfo.com.cn/finalpage/2021-08-07/1210688205.PDF,2020,4511,2026-08-06
002321,深圳证券交易所,华英农业,9900009334,1210688206,2020年年度报告摘要（更新后）,*ST华英,2021-08-06,https://static.cninfo.com.cn/finalpage/2021-08-07/1210688206.PDF,2020,256,2026-08-06
002321,深圳证券交易所,华英农业,9900009334,1213266619,2021年年度报告摘要,*ST华英,2022-04-29,https://static.cninfo.com.cn/finalpage/2022-04-30/1213266619.PDF,2021,397,2026-08-06
002321,深圳证券交易所,华英农业,9900009334,1213266621,2021年年度报告,*ST华英,2022-04-29,https://static.cninfo.com.cn/finalpage/2022-04-30/1213266621.PDF,2021,4376,2026-08-06
002321,深圳证券交易所,华英农业,9900009334,1216419837,2022年年度报告,ST华英,2023-04-14,https://static.cninfo.com.cn/finalpage/2023-04-15/1216419837.PDF,2022,6044,2026-08-06
002321,深圳证券交易所,华英农业,9900009334,1216419845,2022年年度报告摘要,ST华英,2023-04-14,https://static.cninfo.com.cn/finalpage/2023-04-15/1216419845.PDF,2022,1156,2026-08-06
002321,深圳证券交易所,华英农业,9900009334,1219690595,2023年年度报告,华英农业,2024-04-19,https://static.cninfo.com.cn/finalpage/2024-04-20/1219690595.PDF,2023,1914,2026-08-06
002321,深圳证券交易所,华英农业,9900009334,1219690609,2023年年度报告摘要,华英农业,2024-04-19,https://static.cninfo.com.cn/finalpage/2024-04-20/1219690609.PDF,2023,736,2026-08-06
002329,深圳证券交易所,皇氏集团,9900009827,63860820,2013年年度报告摘要,皇氏乳业,2014-04-17,https://static.cninfo.com.cn/finalpage/2014-04-18/63860820.PDF,2013,236,2026-08-06
002329,深圳证券交易所,皇氏集团,9900009827,63860849,2013年年度报告,皇氏乳业,2014-04-17,https://static.cninfo.com.cn/finalpage/2014-04-18/63860849.PDF,2013,852,2026-08-06
002329,深圳证券交易所,皇氏集团,9900009827,1200704901,2014年年度报告摘要,皇氏集团,2015-03-16,https://static.cninfo.com.cn/finalpage/2015-03-17/1200704901.PDF,2014,255,2026-08-06
002329,深圳证券交易所,皇氏集团,9900009827,1200704907,2014年年度报告,皇氏集团,2015-03-16,https://static.cninfo.com.cn/finalpage/2015-03-17/1200704907.PDF,2014,833,2026-08-06
002329,深圳证券交易所,皇氏集团,9900009827,1202044173,2015年年度报告,皇氏集团,2016-03-14,https://static.cninfo.com.cn/finalpage/2016-03-15/1202044173.PDF,2015,1130,2026-08-06
002329,深圳证券交易所,皇氏集团,9900009827,1202044176,2015年年度报告摘要,皇氏集团,2016-03-14,https://static.cninfo.com.cn/finalpage/2016-03-15/1202044176.PDF,2015,291,2026-08-06
002329,深圳证券交易所,皇氏集团,9900009827,1203410794,2016年年度报告,皇氏集团,2017-04-27,https://static.cninfo.com.cn/finalpage/2017-04-28/1203410794.PDF,2016,1134,2026-08-06
002329,深圳证券交易所,皇氏集团,9900009827,1203410796,2016年年度报告摘要,皇氏集团,2017-04-27,https://static.cninfo.com.cn/finalpage/2017-04-28/1203410796.PDF,2016,288,2026-08-06
002329,深圳证券交易所,皇氏集团,9900009827,1204792928,2017年年度报告摘要,皇氏集团,2018-04-25,https://static.cninfo.com.cn/finalpage/2018-04-26/1204792928.PDF,2017,251,2026-08-06
002329,深圳证券交易所,皇氏集团,9900009827,1204792931,2017年年度报告,皇氏集团,2018-04-25,https://static.cninfo.com.cn/finalpage/2018-04-26/1204792931.PDF,2017,1971,2026-08-06
002329,深圳证券交易所,皇氏集团,9900009827,1206103024,2018年年度报告摘要,皇氏集团,2019-04-25,https://static.cninfo.com.cn/finalpage/2019-04-26/1206103024.PDF,2018,253,2026-08-06
002329,深圳证券交易所,皇氏集团,9900009827,1206103027,2018年年度报告,皇氏集团,2019-04-25,https://static.cninfo.com.cn/finalpage/2019-04-26/1206103027.PDF,2018,2076,2026-08-06
002329,深圳证券交易所,皇氏集团,9900009827,1207498731,2019年年度报告摘要,皇氏集团,2020-04-14,https://static.cninfo.com.cn/finalpage/2020-04-15/1207498731.PDF,2019,249,2026-08-06
002329,深圳证券交易所,皇氏集团,9900009827,1207498733,2019年年度报告,皇氏集团,2020-04-14,https://static.cninfo.com.cn/finalpage/2020-04-15/1207498733.PDF,2019,2370,2026-08-06
002329,深圳证券交易所,皇氏集团,9900009827,1209870061,2020年年度报告摘要,皇氏集团,2021-04-29,https://static.cninfo.com.cn/finalpage/2021-04-30/1209870061.PDF,2020,243,2026-08-06
002329,深圳证券交易所,皇氏集团,9900009827,1209870076,2020年年度报告,皇氏集团,2021-04-29,https://static.cninfo.com.cn/finalpage/2021-04-30/1209870076.PDF,2020,2316,2026-08-06
002329,深圳证券交易所,皇氏集团,9900009827,1213176681,2021年年度报告摘要,皇氏集团,2022-04-27,https://static.cninfo.com.cn/finalpage/2022-04-28/1213176681.PDF,2021,219,2026-08-06
002329,深圳证券交易所,皇氏集团,9900009827,1213176683,2021年年度报告,皇氏集团,2022-04-27,https://static.cninfo.com.cn/finalpage/2022-04-28/1213176683.PDF,2021,6049,2026-08-06
002329,深圳证券交易所,皇氏集团,9900009827,1213357780,皇氏集团股份有限公司2021年年度报告,皇氏集团,2022-05-13,https://static.cninfo.com.cn/finalpage/2022-05-14/1213357780.PDF,2021,2356,2026-08-06
002329,深圳证券交易所,皇氏集团,9900009827,1213357781,皇氏集团股份有限公司2021年年度报告,皇氏集团,2022-05-13,https://static.cninfo.com.cn/finalpage/2022-05-14/1213357781.PDF,2021,7262,2026-08-06
002329,深圳证券交易所,皇氏集团,9900009827,1216562247,2022年年度报告摘要,皇氏集团,2023-04-24,https://static.cninfo.com.cn/finalpage/2023-04-25/1216562247.PDF,2022,353,2026-08-06
002329,深圳证券交易所,皇氏集团,9900009827,1216562254,2022年年度报告,皇氏集团,2023-04-24,https://static.cninfo.com.cn/finalpage/2023-04-25/1216562254.PDF,2022,5571,2026-08-06
002329,深圳证券交易所,皇氏集团,9900009827,1219842467,2023年年度报告,皇氏集团,2024-04-25,https://static.cninfo.com.cn/finalpage/2024-04-26/1219842467.PDF,2023,6561,2026-08-06
002329,深圳证券交易所,皇氏集团,9900009827,1219842472,2023年年度报告摘要,皇氏集团,2024-04-25,https://static.cninfo.com.cn/finalpage/2024-04-26/1219842472.PDF,2023,375,2026-08-06
002385,深圳证券交易所,大北农,9900011648,63883732,2013年年度报告摘要,大北农,2014-04-21,https://static.cninfo.com.cn/finalpage/2014-04-22/63883732.PDF,2013,407,2026-08-06
002385,深圳证券交易所,大北农,9900011648,63883834,2013年年度报告,大北农,2014-04-21,https://static.cninfo.com.cn/finalpage/2014-04-22/63883834.PDF,2013,9546,2026-08-06
002385,深圳证券交易所,大北农,9900011648,1200804229,2014年年度报告摘要,大北农,2015-04-09,https://static.cninfo.com.cn/finalpage/2015-04-10/1200804229.PDF,2014,419,2026-08-06
002385,深圳证券交易所,大北农,9900011648,1200804230,2014年年度报告,大北农,2015-04-09,https://static.cninfo.com.cn/finalpage/2015-04-10/1200804230.PDF,2014,6745,2026-08-06
002385,深圳证券交易所,大北农,9900011648,1202156231,2015年年度报告,大北农,2016-04-08,https://static.cninfo.com.cn/finalpage/2016-04-09/1202156231.PDF,2015,7283,2026-08-06
002385,深圳证券交易所,大北农,9900011648,1202156236,2015年年度报告摘要,大北农,2016-04-08,https://static.cninfo.com.cn/finalpage/2016-04-09/1202156236.PDF,2015,396,2026-08-06
002385,深圳证券交易所,大北农,9900011648,1203239139,2016年年度报告摘要,大北农,2017-03-30,https://static.cninfo.com.cn/finalpage/2017-03-31/1203239139.PDF,2016,355,2026-08-06
002385,深圳证券交易所,大北农,9900011648,1203239158,2016年年度报告,大北农,2017-03-30,https://static.cninfo.com.cn/finalpage/2017-03-31/1203239158.PDF,2016,7543,2026-08-06
002385,深圳证券交易所,大北农,9900011648,1204555755,2017年年度报告摘要,大北农,2018-03-30,https://static.cninfo.com.cn/finalpage/2018-03-31/1204555755.PDF,2017,352,2026-08-06
002385,深圳证券交易所,大北农,9900011648,1204555776,2017年年度报告（已取消）,大北农,2018-03-30,https://static.cninfo.com.cn/finalpage/2018-03-31/1204555776.PDF,2017,8973,2026-08-06
002385,深圳证券交易所,大北农,9900011648,1206079695,2018年年度报告摘要,大北农,2019-04-23,https://static.cninfo.com.cn/finalpage/2019-04-24/1206079695.PDF,2018,390,2026-08-06
002385,深圳证券交易所,大北农,9900011648,1206079715,2018年年度报告,大北农,2019-04-23,https://static.cninfo.com.cn/finalpage/2019-04-24/1206079715.PDF,2018,8660,2026-08-06
002385,深圳证券交易所,大北农,9900011648,1207606753,2019年年度报告摘要,大北农,2020-04-24,https://static.cninfo.com.cn/finalpage/2020-04-25/1207606753.PDF,2019,389,2026-08-06
002385,深圳证券交易所,大北农,9900011648,1207606775,2019年年度报告,大北农,2020-04-24,https://static.cninfo.com.cn/finalpage/2020-04-25/1207606775.PDF,2019,4459,2026-08-06
002385,深圳证券交易所,大北农,9900011648,1209740305,2020年年度报告,大北农,2021-04-20,https://static.cninfo.com.cn/finalpage/2021-04-21/1209740305.PDF,2020,4980,2026-08-06
002385,深圳证券交易所,大北农,9900011648,1209740306,2020年年度报告摘要,大北农,2021-04-20,https://static.cninfo.com.cn/finalpage/2021-04-21/1209740306.PDF,2020,300,2026-08-06
002385,深圳证券交易所,大北农,9900011648,1213062361,2021年年度报告摘要,大北农,2022-04-22,https://static.cninfo.com.cn/finalpage/2022-04-23/1213062361.PDF,2021,182,2026-08-06
002385,深圳证券交易所,大北农,9900011648,1213062376,2021年年度报告,大北农,2022-04-22,https://static.cninfo.com.cn/finalpage/2022-04-23/1213062376.PDF,2021,4961,2026-08-06
002385,深圳证券交易所,大北农,9900011648,1216590011,2022年年度报告摘要,大北农,2023-04-25,https://static.cninfo.com.cn/finalpage/2023-04-26/1216590011.PDF,2022,287,2026-08-06
002385,深圳证券交易所,大北农,9900011648,1216590026,2022年年度报告,大北农,2023-04-25,https://static.cninfo.com.cn/finalpage/2023-04-26/1216590026.PDF,2022,2309,2026-08-06
002385,深圳证券交易所,大北农,9900011648,1216861423,2022年年度报告摘要（英文版）,大北农,2023-05-19,https://static.cninfo.com.cn/finalpage/2023-05-20/1216861423.PDF,2022,218,2026-08-06
002385,深圳证券交易所,大北农,9900011648,1219831735,2023年年度报告摘要,大北农,2024-04-25,https://static.cninfo.com.cn/finalpage/2024-04-26/1219831735.PDF,2023,739,2026-08-06
002385,深圳证券交易所,大北农,9900011648,1219831744,2023年年度报告,大北农,2024-04-25,https://static.cninfo.com.cn/finalpage/2024-04-26/1219831744.PDF,2023,2674,2026-08-06
002390,深圳证券交易所,信邦制药,9900011847,63926927,2013年年度报告摘要,信邦制药,2014-04-27,https://static.cninfo.com.cn/finalpage/2014-04-28/63926927.PDF,2013,387,2026-08-06
002390,深圳证券交易所,信邦制药,9900011847,63926928,2013年年度报告（已取消）,信邦制药,2014-04-27,https://static.cninfo.com.cn/finalpage/2014-04-28/63926928.PDF,2013,2787,2026-08-06
002390,深圳证券交易所,信邦制药,9900011847,63938768,2013年年度报告（更新后）,信邦制药,2014-04-28,https://static.cninfo.com.cn/finalpage/2014-04-28/63938768.PDF,2013,2787,2026-08-06
002390,深圳证券交易所,信邦制药,9900011847,1200884257,2014年年度报告摘要,信邦制药,2015-04-21,https://static.cninfo.com.cn/finalpage/2015-04-22/1200884257.PDF,2014,323,2026-08-06
002390,深圳证券交易所,信邦制药,9900011847,1200884258,2014年年度报告,信邦制药,2015-04-21,https://static.cninfo.com.cn/finalpage/2015-04-22/1200884258.PDF,2014,3156,2026-08-06
002390,深圳证券交易所,信邦制药,9900011847,1202241858,2015年年度报告摘要,信邦制药,2016-04-25,https://static.cninfo.com.cn/finalpage/2016-04-26/1202241858.PDF,2015,296,2026-08-06
002390,深圳证券交易所,信邦制药,9900011847,1202241859,2015年年度报告,信邦制药,2016-04-25,https://static.cninfo.com.cn/finalpage/2016-04-26/1202241859.PDF,2015,3435,2026-08-06
002390,深圳证券交易所,信邦制药,9900011847,1203254244,2016年年度报告,信邦制药,2017-04-05,https://static.cninfo.com.cn/finalpage/2017-04-06/1203254244.PDF,2016,3660,2026-08-06
002390,深圳证券交易所,信邦制药,9900011847,1203254245,2016年年度报告摘要,信邦制药,2017-04-05,https://static.cninfo.com.cn/finalpage/2017-04-06/1203254245.PDF,2016,237,2026-08-06
002390,深圳证券交易所,信邦制药,9900011847,1204678796,2017年年度报告摘要,信邦制药,2018-04-20,https://static.cninfo.com.cn/finalpage/2018-04-21/1204678796.PDF,2017,262,2026-08-06
002390,深圳证券交易所,信邦制药,9900011847,1204678799,2017年年度报告,信邦制药,2018-04-20,https://static.cninfo.com.cn/finalpage/2018-04-21/1204678799.PDF,2017,3650,2026-08-06
002390,深圳证券交易所,信邦制药,9900011847,1206121745,2018年年度报告摘要,信邦制药,2019-04-28,https://static.cninfo.com.cn/finalpage/2019-04-29/1206121745.PDF,2018,331,2026-08-06
002390,深圳证券交易所,信邦制药,9900011847,1206121746,2018年年度报告,信邦制药,2019-04-28,https://static.cninfo.com.cn/finalpage/2019-04-29/1206121746.PDF,2018,3916,2026-08-06
002390,深圳证券交易所,信邦制药,9900011847,1207682912,2019年年度报告摘要,信邦制药,2020-04-29,https://static.cninfo.com.cn/finalpage/2020-04-30/1207682912.PDF,2019,422,2026-08-06
002390,深圳证券交易所,信邦制药,9900011847,1207682923,2019年年度报告,信邦制药,2020-04-29,https://static.cninfo.com.cn/finalpage/2020-04-30/1207682923.PDF,2019,4517,2026-08-06
002390,深圳证券交易所,信邦制药,9900011847,1209474711,2020年年度报告摘要,信邦制药,2021-03-29,https://static.cninfo.com.cn/finalpage/2021-03-30/1209474711.PDF,2020,243,2026-08-06
002390,深圳证券交易所,信邦制药,9900011847,1209474713,2020年年度报告,信邦制药,2021-03-29,https://static.cninfo.com.cn/finalpage/2021-03-30/1209474713.PDF,2020,4239,2026-08-06
002390,深圳证券交易所,信邦制药,9900011847,1212922592,2021年年度报告摘要,信邦制药,2022-04-14,https://static.cninfo.com.cn/finalpage/2022-04-15/1212922592.PDF,2021,465,2026-08-06
002390,深圳证券交易所,信邦制药,9900011847,1212922614,2021年年度报告,信邦制药,2022-04-14,https://static.cninfo.com.cn/finalpage/2022-04-15/1212922614.PDF,2021,4900,2026-08-06
002390,深圳证券交易所,信邦制药,9900011847,1216436970,2022年年度报告,信邦制药,2023-04-17,https://static.cninfo.com.cn/finalpage/2023-04-18/1216436970.PDF,2022,5515,2026-08-06
002390,深圳证券交易所,信邦制药,9900011847,1216436977,2022年年度报告摘要,信邦制药,2023-04-17,https://static.cninfo.com.cn/finalpage/2023-04-18/1216436977.PDF,2022,603,2026-08-06
002390,深圳证券交易所,信邦制药,9900011847,1219618629,2023年年度报告摘要,信邦制药,2024-04-15,https://static.cninfo.com.cn/finalpage/2024-04-16/1219618629.PDF,2023,578,2026-08-06
002390,深圳证券交易所,信邦制药,9900011847,1219618646,2023年年度报告,信邦制药,2024-04-15,https://static.cninfo.com.cn/finalpage/2024-04-16/1219618646.PDF,2023,6169,2026-08-06
002424,深圳证券交易所,ST百灵,9900012790,63669111,2013年年度报告摘要,贵州百灵,2014-03-12,https://static.cninfo.com.cn/finalpage/2014-03-13/63669111.PDF,2013,296,2026-08-06
002424,深圳证券交易所,ST百灵,9900012790,63669112,2013年年度报告,贵州百灵,2014-03-12,https://static.cninfo.com.cn/finalpage/2014-03-13/63669112.PDF,2013,2484,2026-08-06
002424,深圳证券交易所,ST百灵,9900012790,1200784789,2014年年度报告摘要,贵州百灵,2015-04-02,https://static.cninfo.com.cn/finalpage/2015-04-03/1200784789.PDF,2014,330,2026-08-06
002424,深圳证券交易所,ST百灵,9900012790,1200784790,2014年年度报告（已取消）,贵州百灵,2015-04-02,https://static.cninfo.com.cn/finalpage/2015-04-03/1200784790.PDF,2014,2485,2026-08-06
002424,深圳证券交易所,ST百灵,9900012790,1200920215,2014年年度报告（更新后）,贵州百灵,2015-04-27,https://static.cninfo.com.cn/finalpage/2015-04-28/1200920215.PDF,2014,2492,2026-08-06
002424,深圳证券交易所,ST百灵,9900012790,1202067721,2015年年度报告摘要（已取消）,贵州百灵,2016-03-22,https://static.cninfo.com.cn/finalpage/2016-03-23/1202067721.PDF,2015,310,2026-08-06
002424,深圳证券交易所,ST百灵,9900012790,1202067724,2015年年度报告（已取消）,贵州百灵,2016-03-22,https://static.cninfo.com.cn/finalpage/2016-03-23/1202067724.PDF,2015,2357,2026-08-06
002424,深圳证券交易所,ST百灵,9900012790,1202073224,2015年年度报告（已取消）,贵州百灵,2016-03-24,https://static.cninfo.com.cn/finalpage/2016-03-24/1202073224.PDF,2015,2357,2026-08-06
002424,深圳证券交易所,ST百灵,9900012790,1202075359,2015年年度报告摘要（更新后）,贵州百灵,2016-03-24,https://static.cninfo.com.cn/finalpage/2016-03-25/1202075359.PDF,2015,310,2026-08-06
002424,深圳证券交易所,ST百灵,9900012790,1202370417,2015年年度报告（更新后）,贵州百灵,2016-06-15,https://static.cninfo.com.cn/finalpage/2016-06-16/1202370417.PDF,2015,2352,2026-08-06
002424,深圳证券交易所,ST百灵,9900012790,1203163543,2016年年度报告摘要,贵州百灵,2017-03-15,https://static.cninfo.com.cn/finalpage/2017-03-16/1203163543.PDF,2016,302,2026-08-06
002424,深圳证券交易所,ST百灵,9900012790,1203163546,2016年年度报告,贵州百灵,2017-03-15,https://static.cninfo.com.cn/finalpage/2017-03-16/1203163546.PDF,2016,2565,2026-08-06
002424,深圳证券交易所,ST百灵,9900012790,1204525968,2017年年度报告摘要,贵州百灵,2018-03-27,https://static.cninfo.com.cn/finalpage/2018-03-28/1204525968.PDF,2017,283,2026-08-06
002424,深圳证券交易所,ST百灵,9900012790,1204525970,2017年年度报告,贵州百灵,2018-03-27,https://static.cninfo.com.cn/finalpage/2018-03-28/1204525970.PDF,2017,2627,2026-08-06
002424,深圳证券交易所,ST百灵,9900012790,1206080218,2018年年度报告摘要,贵州百灵,2019-04-23,https://static.cninfo.com.cn/finalpage/2019-04-24/1206080218.PDF,2018,372,2026-08-06
002424,深圳证券交易所,ST百灵,9900012790,1206080221,2018年年度报告,贵州百灵,2019-04-23,https://static.cninfo.com.cn/finalpage/2019-04-24/1206080221.PDF,2018,2761,2026-08-06
002424,深圳证券交易所,ST百灵,9900012790,1207686268,2019年年度报告摘要,贵州百灵,2020-04-29,https://static.cninfo.com.cn/finalpage/2020-04-30/1207686268.PDF,2019,283,2026-08-06
002424,深圳证券交易所,ST百灵,9900012790,1207686269,2019年年度报告,贵州百灵,2020-04-29,https://static.cninfo.com.cn/finalpage/2020-04-30/1207686269.PDF,2019,3377,2026-08-06
002424,深圳证券交易所,ST百灵,9900012790,1209870633,2020年年度报告,贵州百灵,2021-04-29,https://static.cninfo.com.cn/finalpage/2021-04-30/1209870633.PDF,2020,3391,2026-08-06
002424,深圳证券交易所,ST百灵,9900012790,1209870636,2020年年度报告摘要,贵州百灵,2021-04-29,https://static.cninfo.com.cn/finalpage/2021-04-30/1209870636.PDF,2020,322,2026-08-06
002424,深圳证券交易所,ST百灵,9900012790,1213056097,2021年年度报告摘要,贵州百灵,2022-04-22,https://static.cninfo.com.cn/finalpage/2022-04-23/1213056097.PDF,2021,280,2026-08-06
002424,深圳证券交易所,ST百灵,9900012790,1213056098,2021年年度报告,贵州百灵,2022-04-22,https://static.cninfo.com.cn/finalpage/2022-04-23/1213056098.PDF,2021,3623,2026-08-06
002424,深圳证券交易所,ST百灵,9900012790,1216702041,2022年年度报告,贵州百灵,2023-04-28,https://static.cninfo.com.cn/finalpage/2023-04-29/1216702041.PDF,2022,4353,2026-08-06
002424,深圳证券交易所,ST百灵,9900012790,1216702043,2022年年度报告摘要,贵州百灵,2023-04-28,https://static.cninfo.com.cn/finalpage/2023-04-29/1216702043.PDF,2022,336,2026-08-06
002424,深圳证券交易所,ST百灵,9900012790,1219927535,2023年年度报告摘要,贵州百灵,2024-04-29,https://static.cninfo.com.cn/finalpage/2024-04-30/1219927535.PDF,2023,474,2026-08-06
002424,深圳证券交易所,ST百灵,9900012790,1219927538,2023年年度报告,贵州百灵,2024-04-29,https://static.cninfo.com.cn/finalpage/2024-04-30/1219927538.PDF,2023,5492,2026-08-06
002431,深圳证券交易所,ST棕榈,9900012875,63737866,2013年年度报告摘要,棕榈园林,2014-03-27,https://static.cninfo.com.cn/finalpage/2014-03-28/63737866.PDF,2013,197,2026-08-06
002431,深圳证券交易所,ST棕榈,9900012875,63737870,2013年年度报告,棕榈园林,2014-03-27,https://static.cninfo.com.cn/finalpage/2014-03-28/63737870.PDF,2013,3044,2026-08-06
002431,深圳证券交易所,ST棕榈,9900012875,1200831906,2014年年度报告摘要,棕榈园林,2015-04-14,https://static.cninfo.com.cn/finalpage/2015-04-15/1200831906.PDF,2014,181,2026-08-06
002431,深圳证券交易所,ST棕榈,9900012875,1200831907,2014年年度报告,棕榈园林,2015-04-14,https://static.cninfo.com.cn/finalpage/2015-04-15/1200831907.PDF,2014,3023,2026-08-06
002431,深圳证券交易所,ST棕榈,9900012875,1202111614,2015年年度报告,棕榈园林,2016-03-30,https://static.cninfo.com.cn/finalpage/2016-03-31/1202111614.PDF,2015,3383,2026-08-06
002431,深圳证券交易所,ST棕榈,9900012875,1202111627,2015年年度报告摘要,棕榈园林,2016-03-30,https://static.cninfo.com.cn/finalpage/2016-03-31/1202111627.PDF,2015,270,2026-08-06
002431,深圳证券交易所,ST棕榈,9900012875,1203334175,2016年年度报告摘要,棕榈股份,2017-04-19,https://static.cninfo.com.cn/finalpage/2017-04-20/1203334175.PDF,2016,261,2026-08-06
002431,深圳证券交易所,ST棕榈,9900012875,1203334200,2016年年度报告,棕榈股份,2017-04-19,https://static.cninfo.com.cn/finalpage/2017-04-20/1203334200.PDF,2016,3685,2026-08-06
002431,深圳证券交易所,ST棕榈,9900012875,1204664688,2017年年度报告,棕榈股份,2018-04-19,https://static.cninfo.com.cn/finalpage/2018-04-20/1204664688.PDF,2017,4307,2026-08-06
002431,深圳证券交易所,ST棕榈,9900012875,1204664692,2017年年度报告摘要,棕榈股份,2018-04-19,https://static.cninfo.com.cn/finalpage/2018-04-20/1204664692.PDF,2017,320,2026-08-06
002431,深圳证券交易所,ST棕榈,9900012875,1206100803,2018年年度报告摘要,棕榈股份,2019-04-25,https://static.cninfo.com.cn/finalpage/2019-04-26/1206100803.PDF,2018,371,2026-08-06
002431,深圳证券交易所,ST棕榈,9900012875,1206100804,2018年年度报告,棕榈股份,2019-04-25,https://static.cninfo.com.cn/finalpage/2019-04-26/1206100804.PDF,2018,4520,2026-08-06
002431,深圳证券交易所,ST棕榈,9900012875,1207680292,2019年年度报告摘要,棕榈股份,2020-04-29,https://static.cninfo.com.cn/finalpage/2020-04-30/1207680292.PDF,2019,249,2026-08-06
002431,深圳证券交易所,ST棕榈,9900012875,1207680293,2019年年度报告,棕榈股份,2020-04-29,https://static.cninfo.com.cn/finalpage/2020-04-30/1207680293.PDF,2019,4673,2026-08-06
002431,深圳证券交易所,ST棕榈,9900012875,1209791582,2020年年度报告摘要（已取消）,棕榈股份,2021-04-23,https://static.cninfo.com.cn/finalpage/2021-04-24/1209791582.PDF,2020,383,2026-08-06
002431,深圳证券交易所,ST棕榈,9900012875,1209791590,2020年年度报告（已取消）,棕榈股份,2021-04-23,https://static.cninfo.com.cn/finalpage/2021-04-24/1209791590.PDF,2020,5110,2026-08-06
002431,深圳证券交易所,ST棕榈,9900012875,1210551634,2020年年度报告（更新后）,棕榈股份,2021-07-22,https://static.cninfo.com.cn/finalpage/2021-07-23/1210551634.PDF,2020,5173,2026-08-06
002431,深圳证券交易所,ST棕榈,9900012875,1210551635,2020年年度报告摘要（更新后）,棕榈股份,2021-07-22,https://static.cninfo.com.cn/finalpage/2021-07-23/1210551635.PDF,2020,471,2026-08-06
002431,深圳证券交易所,ST棕榈,9900012875,1213149046,2021年年度报告摘要,棕榈股份,2022-04-26,https://static.cninfo.com.cn/finalpage/2022-04-27/1213149046.PDF,2021,320,2026-08-06
002431,深圳证券交易所,ST棕榈,9900012875,1213149094,2021年年度报告,棕榈股份,2022-04-26,https://static.cninfo.com.cn/finalpage/2022-04-27/1213149094.PDF,2021,4913,2026-08-06
002431,深圳证券交易所,ST棕榈,9900012875,1216660182,2022年年度报告摘要,棕榈股份,2023-04-27,https://static.cninfo.com.cn/finalpage/2023-04-28/1216660182.PDF,2022,542,2026-08-06
002431,深圳证券交易所,ST棕榈,9900012875,1216660211,2022年年度报告,棕榈股份,2023-04-27,https://static.cninfo.com.cn/finalpage/2023-04-28/1216660211.PDF,2022,7071,2026-08-06
002431,深圳证券交易所,ST棕榈,9900012875,1219870541,2023年年度报告,棕榈股份,2024-04-26,https://static.cninfo.com.cn/finalpage/2024-04-27/1219870541.PDF,2023,7842,2026-08-06
002431,深圳证券交易所,ST棕榈,9900012875,1219870554,2023年年度报告摘要,棕榈股份,2024-04-26,https://static.cninfo.com.cn/finalpage/2024-04-27/1219870554.PDF,2023,900,2026-08-06
002431,深圳证券交易所,ST棕榈,9900012875,1220173204,棕榈股份2023年年度报告（更正后）,棕榈股份,2024-05-27,https://static.cninfo.com.cn/finalpage/2024-05-28/1220173204.PDF,2023,7728,2026-08-06
002447,,,9900013370,63812173,2013年年度报告摘要,壹桥苗业,2014-04-09,https://static.cninfo.com.cn/finalpage/2014-04-10/63812173.PDF,2013,234,2026-08-06
002447,,,9900013370,63812182,2013年年度报告,壹桥苗业,2014-04-09,https://static.cninfo.com.cn/finalpage/2014-04-10/63812182.PDF,2013,2231,2026-08-06
002447,,,9900013370,1200809386,2014年年度报告摘要,壹桥海参,2015-04-10,https://static.cninfo.com.cn/finalpage/2015-04-11/1200809386.PDF,2014,239,2026-08-06
002447,,,9900013370,1200809393,2014年年度报告,壹桥海参,2015-04-10,https://static.cninfo.com.cn/finalpage/2015-04-11/1200809393.PDF,2014,2503,2026-08-06
002447,,,9900013370,1202178463,2015年年度报告摘要,壹桥海参,2016-04-14,https://static.cninfo.com.cn/finalpage/2016-04-15/1202178463.PDF,2015,275,2026-08-06
002447,,,9900013370,1202178469,2015年年度报告,壹桥海参,2016-04-14,https://static.cninfo.com.cn/finalpage/2016-04-15/1202178469.PDF,2015,806,2026-08-06
002447,,,9900013370,1203410820,2016年年度报告摘要,壹桥股份,2017-04-27,https://static.cninfo.com.cn/finalpage/2017-04-28/1203410820.PDF,2016,241,2026-08-06
002447,,,9900013370,1203410822,2016年年度报告,壹桥股份,2017-04-27,https://static.cninfo.com.cn/finalpage/2017-04-28/1203410822.PDF,2016,2732,2026-08-06
002447,,,9900013370,1204828069,2017年年度报告摘要（已取消）,晨鑫科技,2018-04-27,https://static.cninfo.com.cn/finalpage/2018-04-28/1204828069.PDF,2017,294,2026-08-06
002447,,,9900013370,1204828076,2017年年度报告（已取消）,晨鑫科技,2018-04-27,https://static.cninfo.com.cn/finalpage/2018-04-28/1204828076.PDF,2017,3036,2026-08-06
002447,,,9900013370,1204948292,2017年年度报告（更新后）,晨鑫科技,2018-05-16,https://static.cninfo.com.cn/finalpage/2018-05-17/1204948292.PDF,2017,3053,2026-08-06
002447,,,9900013370,1204948293,2017年年度报告摘要（更新后）,晨鑫科技,2018-05-16,https://static.cninfo.com.cn/finalpage/2018-05-17/1204948293.PDF,2017,290,2026-08-06
002447,,,9900013370,1206124395,2018年年度报告,晨鑫科技,2019-04-28,https://static.cninfo.com.cn/finalpage/2019-04-29/1206124395.PDF,2018,2681,2026-08-06
002447,,,9900013370,1206124407,2018年年度报告摘要,晨鑫科技,2019-04-28,https://static.cninfo.com.cn/finalpage/2019-04-29/1206124407.PDF,2018,241,2026-08-06
002447,,,9900013370,1207687254,2019年年度报告,晨鑫科技,2020-04-29,https://static.cninfo.com.cn/finalpage/2020-04-30/1207687254.PDF,2019,3165,2026-08-06
002447,,,9900013370,1207687255,2019年年度报告摘要,晨鑫科技,2020-04-29,https://static.cninfo.com.cn/finalpage/2020-04-30/1207687255.PDF,2019,244,2026-08-06
002447,,,9900013370,1209418788,2020年年度报告摘要,*ST晨鑫,2021-03-19,https://static.cninfo.com.cn/finalpage/2021-03-20/1209418788.PDF,2020,257,2026-08-06
002447,,,9900013370,1209418809,2020年年度报告（已取消）,*ST晨鑫,2021-03-19,https://static.cninfo.com.cn/finalpage/2021-03-20/1209418809.PDF,2020,3281,2026-08-06
002447,,,9900013370,1209970777,2020年年度报告（更新后）,*ST晨鑫,2021-05-13,https://static.cninfo.com.cn/finalpage/2021-05-14/1209970777.PDF,2020,3273,2026-08-06
002447,,,9900013370,1213265360,2021年年度报告摘要,*ST晨鑫,2022-04-29,https://static.cninfo.com.cn/finalpage/2022-04-30/1213265360.PDF,2021,171,2026-08-06
002447,,,9900013370,1213265361,2021年年度报告,*ST晨鑫,2022-04-29,https://static.cninfo.com.cn/finalpage/2022-04-30/1213265361.PDF,2021,4069,2026-08-06
002458,深圳证券交易所,益生股份,9900013789,63915284,2013年年度报告摘要,益生股份,2014-04-24,https://static.cninfo.com.cn/finalpage/2014-04-25/63915284.PDF,2013,212,2026-08-06
002458,深圳证券交易所,益生股份,9900013789,63915285,2013年年度报告,益生股份,2014-04-24,https://static.cninfo.com.cn/finalpage/2014-04-25/63915285.PDF,2013,2560,2026-08-06
002458,深圳证券交易所,益生股份,9900013789,1200767908,2014年年度报告摘要,益生股份,2015-03-30,https://static.cninfo.com.cn/finalpage/2015-03-31/1200767908.PDF,2014,259,2026-08-06
002458,深圳证券交易所,益生股份,9900013789,1200767909,2014年年度报告,益生股份,2015-03-30,https://static.cninfo.com.cn/finalpage/2015-03-31/1200767909.PDF,2014,2738,2026-08-06
002458,深圳证券交易所,益生股份,9900013789,1202240522,2015年年度报告摘要,益生股份,2016-04-25,https://static.cninfo.com.cn/finalpage/2016-04-26/1202240522.PDF,2015,476,2026-08-06
002458,深圳证券交易所,益生股份,9900013789,1202240523,2015年年度报告,益生股份,2016-04-25,https://static.cninfo.com.cn/finalpage/2016-04-26/1202240523.PDF,2015,2842,2026-08-06
002458,深圳证券交易所,益生股份,9900013789,1203179916,2016年年度报告摘要,益生股份,2017-03-20,https://static.cninfo.com.cn/finalpage/2017-03-21/1203179916.PDF,2016,447,2026-08-06
002458,深圳证券交易所,益生股份,9900013789,1203179920,2016年年度报告,益生股份,2017-03-20,https://static.cninfo.com.cn/finalpage/2017-03-21/1203179920.PDF,2016,2836,2026-08-06
002458,深圳证券交易所,益生股份,9900013789,1204801962,2017年年度报告,益生股份,2018-04-26,https://static.cninfo.com.cn/finalpage/2018-04-27/1204801962.PDF,2017,2796,2026-08-06
002458,深圳证券交易所,益生股份,9900013789,1204801963,2017年年度报告摘要,益生股份,2018-04-26,https://static.cninfo.com.cn/finalpage/2018-04-27/1204801963.PDF,2017,319,2026-08-06
002458,深圳证券交易所,益生股份,9900013789,1205842282,2018年年度报告,益生股份,2019-02-19,https://static.cninfo.com.cn/finalpage/2019-02-20/1205842282.PDF,2018,2827,2026-08-06
002458,深圳证券交易所,益生股份,9900013789,1205842283,2018年年度报告摘要,益生股份,2019-02-19,https://static.cninfo.com.cn/finalpage/2019-02-20/1205842283.PDF,2018,325,2026-08-06
002458,深圳证券交易所,益生股份,9900013789,1207314354,2019年年度报告摘要,益生股份,2020-02-19,https://static.cninfo.com.cn/finalpage/2020-02-20/1207314354.PDF,2019,301,2026-08-06
002458,深圳证券交易所,益生股份,9900013789,1207314355,2019年年度报告,益生股份,2020-02-19,https://static.cninfo.com.cn/finalpage/2020-02-20/1207314355.PDF,2019,3076,2026-08-06
002458,深圳证券交易所,益生股份,9900013789,1209324833,2020年年度报告摘要,益生股份,2021-03-02,https://static.cninfo.com.cn/finalpage/2021-03-03/1209324833.PDF,2020,380,2026-08-06
002458,深圳证券交易所,益生股份,9900013789,1209324835,2020年年度报告,益生股份,2021-03-02,https://static.cninfo.com.cn/finalpage/2021-03-03/1209324835.PDF,2020,3406,2026-08-06
002458,深圳证券交易所,益生股份,9900013789,1212457476,2021年年度报告摘要,益生股份,2022-02-25,https://static.cninfo.com.cn/finalpage/2022-02-26/1212457476.PDF,2021,338,2026-08-06
002458,深圳证券交易所,益生股份,9900013789,1212457495,2021年年度报告,益生股份,2022-02-25,https://static.cninfo.com.cn/finalpage/2022-02-26/1212457495.PDF,2021,3370,2026-08-06
002458,深圳证券交易所,益生股份,9900013789,1216441926,2022年年度报告摘要,益生股份,2023-04-17,https://static.cninfo.com.cn/finalpage/2023-04-18/1216441926.PDF,2022,411,2026-08-06
002458,深圳证券交易所,益生股份,9900013789,1216441927,2022年年度报告,益生股份,2023-04-17,https://static.cninfo.com.cn/finalpage/2023-04-18/1216441927.PDF,2022,4548,2026-08-06
002458,深圳证券交易所,益生股份,9900013789,1219249443,2023年年度报告,益生股份,2024-03-06,https://static.cninfo.com.cn/finalpage/2024-03-07/1219249443.PDF,2023,4729,2026-08-06
002458,深圳证券交易所,益生股份,9900013789,1219249449,2023年年度报告摘要,益生股份,2024-03-06,https://static.cninfo.com.cn/finalpage/2024-03-07/1219249449.PDF,2023,496,2026-08-06
002477,,,9900014450,63905086,2013年年度报告摘要,雏鹰农牧,2014-04-23,https://static.cninfo.com.cn/finalpage/2014-04-24/63905086.PDF,2013,326,2026-08-06
002477,,,9900014450,63905088,2013年年度报告,雏鹰农牧,2014-04-23,https://static.cninfo.com.cn/finalpage/2014-04-24/63905088.PDF,2013,3244,2026-08-06
002477,,,9900014450,1200895699,2014年年度报告摘要,雏鹰农牧,2015-04-23,https://static.cninfo.com.cn/finalpage/2015-04-24/1200895699.PDF,2014,349,2026-08-06
002477,,,9900014450,1200895700,2014年年度报告,雏鹰农牧,2015-04-23,https://static.cninfo.com.cn/finalpage/2015-04-24/1200895700.PDF,2014,3310,2026-08-06
002477,,,9900014450,1202217861,2015年年度报告摘要,雏鹰农牧,2016-04-21,https://static.cninfo.com.cn/finalpage/2016-04-22/1202217861.PDF,2015,250,2026-08-06
002477,,,9900014450,1202217863,2015年年度报告,雏鹰农牧,2016-04-21,https://static.cninfo.com.cn/finalpage/2016-04-22/1202217863.PDF,2015,3437,2026-08-06
002477,,,9900014450,1203389400,2016年年度报告摘要,雏鹰农牧,2017-04-25,https://static.cninfo.com.cn/finalpage/2017-04-26/1203389400.PDF,2016,278,2026-08-06
002477,,,9900014450,1203389401,2016年年度报告,雏鹰农牧,2017-04-25,https://static.cninfo.com.cn/finalpage/2017-04-26/1203389401.PDF,2016,3582,2026-08-06
002477,,,9900014450,1204806518,2017年年度报告摘要（已取消）,雏鹰农牧,2018-04-26,https://static.cninfo.com.cn/finalpage/2018-04-27/1204806518.PDF,2017,394,2026-08-06
002477,,,9900014450,1204806519,2017年年度报告（已取消）,雏鹰农牧,2018-04-26,https://static.cninfo.com.cn/finalpage/2018-04-27/1204806519.PDF,2017,3813,2026-08-06
002477,,,9900014450,1205100412,2017年年度报告（更新后）,雏鹰农牧,2018-06-27,https://static.cninfo.com.cn/finalpage/2018-06-28/1205100412.PDF,2017,3994,2026-08-06
002477,,,9900014450,1205100413,2017年年度报告摘要（更新后）,雏鹰农牧,2018-06-27,https://static.cninfo.com.cn/finalpage/2018-06-28/1205100413.PDF,2017,348,2026-08-06
002477,,,9900014450,1206091329,2018年年度报告摘要,雏鹰农牧,2019-04-24,https://static.cninfo.com.cn/finalpage/2019-04-25/1206091329.PDF,2018,300,2026-08-06
002477,,,9900014450,1206091330,2018年年度报告,雏鹰农牧,2019-04-24,https://static.cninfo.com.cn/finalpage/2019-04-25/1206091330.PDF,2018,4132,2026-08-06
002481,深圳证券交易所,双塔食品,9900014610,63854083,2013年年度报告摘要,双塔食品,2014-04-16,https://static.cninfo.com.cn/finalpage/2014-04-17/63854083.PDF,2013,236,2026-08-06
002481,深圳证券交易所,双塔食品,9900014610,63854085,2013年年度报告,双塔食品,2014-04-16,https://static.cninfo.com.cn/finalpage/2014-04-17/63854085.PDF,2013,798,2026-08-06
002481,深圳证券交易所,双塔食品,9900014610,1200931852,2014年年度报告摘要,双塔食品,2015-04-28,https://static.cninfo.com.cn/finalpage/2015-04-29/1200931852.PDF,2014,303,2026-08-06
002481,深圳证券交易所,双塔食品,9900014610,1200931853,2014年年度报告,双塔食品,2015-04-28,https://static.cninfo.com.cn/finalpage/2015-04-29/1200931853.PDF,2014,2807,2026-08-06
002481,深圳证券交易所,双塔食品,9900014610,1202186062,2015年年度报告摘要,双塔食品,2016-04-15,https://static.cninfo.com.cn/finalpage/2016-04-16/1202186062.PDF,2015,249,2026-08-06
002481,深圳证券交易所,双塔食品,9900014610,1202186065,2015年年度报告,双塔食品,2016-04-15,https://static.cninfo.com.cn/finalpage/2016-04-16/1202186065.PDF,2015,2480,2026-08-06
002481,深圳证券交易所,双塔食品,9900014610,1203406383,2016年年度报告,双塔食品,2017-04-26,https://static.cninfo.com.cn/finalpage/2017-04-27/1203406383.PDF,2016,3041,2026-08-06
002481,深圳证券交易所,双塔食品,9900014610,1203406384,2016年年度报告摘要,双塔食品,2017-04-26,https://static.cninfo.com.cn/finalpage/2017-04-27/1203406384.PDF,2016,227,2026-08-06
002481,深圳证券交易所,双塔食品,9900014610,1204647052,2017年年度报告（已取消）,双塔食品,2018-04-17,https://static.cninfo.com.cn/finalpage/2018-04-18/1204647052.PDF,2017,2889,2026-08-06
002481,深圳证券交易所,双塔食品,9900014610,1204647062,2017年年度报告摘要（已取消）,双塔食品,2018-04-17,https://static.cninfo.com.cn/finalpage/2018-04-18/1204647062.PDF,2017,245,2026-08-06
002481,深圳证券交易所,双塔食品,9900014610,1205099876,2017年年度报告摘要（更新后）,双塔食品,2018-06-27,https://static.cninfo.com.cn/finalpage/2018-06-28/1205099876.PDF,2017,240,2026-08-06
002481,深圳证券交易所,双塔食品,9900014610,1205099878,2017年年度报告（更新后）,双塔食品,2018-06-27,https://static.cninfo.com.cn/finalpage/2018-06-28/1205099878.PDF,2017,2894,2026-08-06
002481,深圳证券交易所,双塔食品,9900014610,1206020624,2018年年度报告摘要,双塔食品,2019-04-15,https://static.cninfo.com.cn/finalpage/2019-04-16/1206020624.PDF,2018,199,2026-08-06
002481,深圳证券交易所,双塔食品,9900014610,1206020625,2018年年度报告,双塔食品,2019-04-15,https://static.cninfo.com.cn/finalpage/2019-04-16/1206020625.PDF,2018,2459,2026-08-06
002481,深圳证券交易所,双塔食品,9900014610,1207556391,2019年年度报告,双塔食品,2020-04-22,https://static.cninfo.com.cn/finalpage/2020-04-23/1207556391.PDF,2019,2699,2026-08-06
002481,深圳证券交易所,双塔食品,9900014610,1207556392,2019年年度报告摘要,双塔食品,2020-04-22,https://static.cninfo.com.cn/finalpage/2020-04-23/1207556392.PDF,2019,301,2026-08-06
002481,深圳证券交易所,双塔食品,9900014610,1209725231,2020年年度报告摘要,双塔食品,2021-04-19,https://static.cninfo.com.cn/finalpage/2021-04-20/1209725231.PDF,2020,251,2026-08-06
002481,深圳证券交易所,双塔食品,9900014610,1209725232,2020年年度报告,双塔食品,2021-04-19,https://static.cninfo.com.cn/finalpage/2021-04-20/1209725232.PDF,2020,2911,2026-08-06
002481,深圳证券交易所,双塔食品,9900014610,1212973761,2021年年度报告摘要,双塔食品,2022-04-19,https://static.cninfo.com.cn/finalpage/2022-04-20/1212973761.PDF,2021,214,2026-08-06
002481,深圳证券交易所,双塔食品,9900014610,1212973762,2021年年度报告,双塔食品,2022-04-19,https://static.cninfo.com.cn/finalpage/2022-04-20/1212973762.PDF,2021,2809,2026-08-06
002481,深圳证券交易所,双塔食品,9900014610,1216578570,2022年年度报告摘要,双塔食品,2023-04-25,https://static.cninfo.com.cn/finalpage/2023-04-26/1216578570.PDF,2022,325,2026-08-06
002481,深圳证券交易所,双塔食品,9900014610,1216578573,2022年年度报告,双塔食品,2023-04-25,https://static.cninfo.com.cn/finalpage/2023-04-26/1216578573.PDF,2022,2346,2026-08-06
002481,深圳证券交易所,双塔食品,9900014610,1219699565,2023年年度报告,双塔食品,2024-04-19,https://static.cninfo.com.cn/finalpage/2024-04-20/1219699565.PDF,2023,2754,2026-08-06
002481,深圳证券交易所,双塔食品,9900014610,1219699608,2023年年度报告摘要,双塔食品,2024-04-19,https://static.cninfo.com.cn/finalpage/2024-04-20/1219699608.PDF,2023,420,2026-08-06
002505,,,9900015880,63840503,2013年年度报告摘要,大康牧业,2014-04-14,https://static.cninfo.com.cn/finalpage/2014-04-15/63840503.PDF,2013,267,2026-08-06
002505,,,9900015880,63840513,2013年年度报告,大康牧业,2014-04-14,https://static.cninfo.com.cn/finalpage/2014-04-15/63840513.PDF,2013,770,2026-08-06
002505,,,9900015880,1200848511,2014年年度报告摘要,大康牧业,2015-04-16,https://static.cninfo.com.cn/finalpage/2015-04-17/1200848511.PDF,2014,317,2026-08-06
002505,,,9900015880,1200848519,2014年年度报告,大康牧业,2015-04-16,https://static.cninfo.com.cn/finalpage/2015-04-17/1200848519.PDF,2014,2733,2026-08-06
002505,,,9900015880,1202245373,2015年年度报告摘要,大康牧业,2016-04-25,https://static.cninfo.com.cn/finalpage/2016-04-26/1202245373.PDF,2015,423,2026-08-06
002505,,,9900015880,1202245398,2015年年度报告,大康牧业,2016-04-25,https://static.cninfo.com.cn/finalpage/2016-04-26/1202245398.PDF,2015,3994,2026-08-06
002505,,,9900015880,1203406639,2016年年度报告摘要,大康农业,2017-04-26,https://static.cninfo.com.cn/finalpage/2017-04-27/1203406639.PDF,2016,365,2026-08-06
002505,,,9900015880,1203406643,2016年年度报告（已取消）,大康农业,2017-04-26,https://static.cninfo.com.cn/finalpage/2017-04-27/1203406643.PDF,2016,4765,2026-08-06
002505,,,9900015880,1203474987,2016年年度报告（已取消）,大康农业,2017-05-04,https://static.cninfo.com.cn/finalpage/2017-05-04/1203474987.PDF,2016,4370,2026-08-06
002505,,,9900015880,1203602818,2016年年度报告（更新后）,大康农业,2017-06-08,https://static.cninfo.com.cn/finalpage/2017-06-09/1203602818.PDF,2016,4376,2026-08-06
002505,,,9900015880,1204806337,2017年年度报告摘要,大康农业,2018-04-26,https://static.cninfo.com.cn/finalpage/2018-04-27/1204806337.PDF,2017,815,2026-08-06
002505,,,9900015880,1204807288,2017年年度报告（已取消）,大康农业,2018-04-26,https://static.cninfo.com.cn/finalpage/2018-04-27/1204807288.PDF,2017,1592,2026-08-06
002505,,,9900015880,1205058656,2017年年度报告（更新后）,大康农业,2018-06-13,https://static.cninfo.com.cn/finalpage/2018-06-14/1205058656.PDF,2017,3911,2026-08-06
002505,,,9900015880,1206123982,2018年年度报告摘要,大康农业,2019-04-26,https://static.cninfo.com.cn/finalpage/2019-04-27/1206123982.PDF,2018,280,2026-08-06
002505,,,9900015880,1206123983,2018年年度报告,大康农业,2019-04-26,https://static.cninfo.com.cn/finalpage/2019-04-27/1206123983.PDF,2018,3809,2026-08-06
002505,,,9900015880,1207666330,2019年年度报告摘要,大康农业,2020-04-28,https://static.cninfo.com.cn/finalpage/2020-04-29/1207666330.PDF,2019,592,2026-08-06
002505,,,9900015880,1207666335,2019年年度报告,大康农业,2020-04-28,https://static.cninfo.com.cn/finalpage/2020-04-29/1207666335.PDF,2019,4117,2026-08-06
002505,,,9900015880,1209856112,2020年年度报告摘要,鹏都农牧,2021-04-28,https://static.cninfo.com.cn/finalpage/2021-04-29/1209856112.PDF,2020,602,2026-08-06
002505,,,9900015880,1209856113,2020年年度报告,鹏都农牧,2021-04-28,https://static.cninfo.com.cn/finalpage/2021-04-29/1209856113.PDF,2020,4327,2026-08-06
002505,,,9900015880,1213177819,2021年年度报告摘要,鹏都农牧,2022-04-27,https://static.cninfo.com.cn/finalpage/2022-04-28/1213177819.PDF,2021,476,2026-08-06
002505,,,9900015880,1213177821,2021年年度报告,鹏都农牧,2022-04-27,https://static.cninfo.com.cn/finalpage/2022-04-28/1213177821.PDF,2021,4699,2026-08-06
002505,,,9900015880,1216697706,2022年年度报告,鹏都农牧,2023-04-28,https://static.cninfo.com.cn/finalpage/2023-04-29/1216697706.PDF,2022,6079,2026-08-06
002505,,,9900015880,1216697727,2022年年度报告摘要,鹏都农牧,2023-04-28,https://static.cninfo.com.cn/finalpage/2023-04-29/1216697727.PDF,2022,327,2026-08-06
002505,,,9900015880,1219831401,2023年年度报告,鹏都农牧,2024-04-25,https://static.cninfo.com.cn/finalpage/2024-04-26/1219831401.PDF,2023,6748,2026-08-06
002505,,,9900015880,1219831446,2023年年度报告摘要,鹏都农牧,2024-04-25,https://static.cninfo.com.cn/finalpage/2024-04-26/1219831446.PDF,2023,661,2026-08-06
002505,,,9900015880,1220187338,鹏都农牧股份有限公司2023年年度报告（修正后）,鹏都农牧,2024-05-28,https://static.cninfo.com.cn/finalpage/2024-05-29/1220187338.PDF,2023,6499,2026-08-06
002507,深圳证券交易所,涪陵榨菜,9900015937,63755336,2013年年度报告摘要,涪陵榨菜,2014-03-28,https://static.cninfo.com.cn/finalpage/2014-03-29/63755336.PDF,2013,199,2026-08-06
002507,深圳证券交易所,涪陵榨菜,9900015937,63755337,2013年年度报告,涪陵榨菜,2014-03-28,https://static.cninfo.com.cn/finalpage/2014-03-29/63755337.PDF,2013,776,2026-08-06
002507,深圳证券交易所,涪陵榨菜,9900015937,1200753842,2014年年度报告摘要,涪陵榨菜,2015-03-27,https://static.cninfo.com.cn/finalpage/2015-03-28/1200753842.PDF,2014,212,2026-08-06
002507,深圳证券交易所,涪陵榨菜,9900015937,1200753843,2014年年度报告,涪陵榨菜,2015-03-27,https://static.cninfo.com.cn/finalpage/2015-03-28/1200753843.PDF,2014,2468,2026-08-06
002507,深圳证券交易所,涪陵榨菜,9900015937,1202111601,2015年年度报告摘要,涪陵榨菜,2016-03-30,https://static.cninfo.com.cn/finalpage/2016-03-31/1202111601.PDF,2015,296,2026-08-06
002507,深圳证券交易所,涪陵榨菜,9900015937,1202111613,2015年年度报告,涪陵榨菜,2016-03-30,https://static.cninfo.com.cn/finalpage/2016-03-31/1202111613.PDF,2015,2357,2026-08-06
002507,深圳证券交易所,涪陵榨菜,9900015937,1203236825,2016年年度报告摘要（已取消）,涪陵榨菜,2017-03-30,https://static.cninfo.com.cn/finalpage/2017-03-31/1203236825.PDF,2016,281,2026-08-06
002507,深圳证券交易所,涪陵榨菜,9900015937,1203236826,2016年年度报告（已取消）,涪陵榨菜,2017-03-30,https://static.cninfo.com.cn/finalpage/2017-03-31/1203236826.PDF,2016,2765,2026-08-06
002507,深圳证券交易所,涪陵榨菜,9900015937,1203248580,2016年年度报告（更新后）,涪陵榨菜,2017-04-04,https://static.cninfo.com.cn/finalpage/2017-04-05/1203248580.PDF,2016,2760,2026-08-06
002507,深圳证券交易所,涪陵榨菜,9900015937,1203248581,2016年年度报告摘要（更新后）,涪陵榨菜,2017-04-04,https://static.cninfo.com.cn/finalpage/2017-04-05/1203248581.PDF,2016,281,2026-08-06
002507,深圳证券交易所,涪陵榨菜,9900015937,1204486275,2017年年度报告摘要,涪陵榨菜,2018-03-16,https://static.cninfo.com.cn/finalpage/2018-03-17/1204486275.PDF,2017,341,2026-08-06
002507,深圳证券交易所,涪陵榨菜,9900015937,1204486280,2017年年度报告,涪陵榨菜,2018-03-16,https://static.cninfo.com.cn/finalpage/2018-03-17/1204486280.PDF,2017,2686,2026-08-06
002507,深圳证券交易所,涪陵榨菜,9900015937,1205923873,2018年年度报告摘要,涪陵榨菜,2019-03-21,https://static.cninfo.com.cn/finalpage/2019-03-22/1205923873.PDF,2018,279,2026-08-06
002507,深圳证券交易所,涪陵榨菜,9900015937,1205923892,2018年年度报告,涪陵榨菜,2019-03-21,https://static.cninfo.com.cn/finalpage/2019-03-22/1205923892.PDF,2018,2658,2026-08-06
002507,深圳证券交易所,涪陵榨菜,9900015937,1207377726,2019年年度报告摘要,涪陵榨菜,2020-03-16,https://static.cninfo.com.cn/finalpage/2020-03-17/1207377726.PDF,2019,285,2026-08-06
002507,深圳证券交易所,涪陵榨菜,9900015937,1207377743,2019年年度报告,涪陵榨菜,2020-03-16,https://static.cninfo.com.cn/finalpage/2020-03-17/1207377743.PDF,2019,2677,2026-08-06
002507,深圳证券交易所,涪陵榨菜,9900015937,1209847148,2020年年度报告摘要,涪陵榨菜,2021-04-28,https://static.cninfo.com.cn/finalpage/2021-04-29/1209847148.PDF,2020,342,2026-08-06
002507,深圳证券交易所,涪陵榨菜,9900015937,1209847174,2020年年度报告,涪陵榨菜,2021-04-28,https://static.cninfo.com.cn/finalpage/2021-04-29/1209847174.PDF,2020,2824,2026-08-06
002507,深圳证券交易所,涪陵榨菜,9900015937,1212606348,2021年年度报告摘要,涪陵榨菜,2022-03-17,https://static.cninfo.com.cn/finalpage/2022-03-18/1212606348.PDF,2021,401,2026-08-06
002507,深圳证券交易所,涪陵榨菜,9900015937,1212606350,2021年年度报告,涪陵榨菜,2022-03-17,https://static.cninfo.com.cn/finalpage/2022-03-18/1212606350.PDF,2021,2901,2026-08-06
002507,深圳证券交易所,涪陵榨菜,9900015937,1216218306,2022年年度报告摘要,涪陵榨菜,2023-03-24,https://static.cninfo.com.cn/finalpage/2023-03-25/1216218306.PDF,2022,400,2026-08-06
002507,深圳证券交易所,涪陵榨菜,9900015937,1216218389,2022年年度报告,涪陵榨菜,2023-03-24,https://static.cninfo.com.cn/finalpage/2023-03-25/1216218389.PDF,2022,3578,2026-08-06
002507,深圳证券交易所,涪陵榨菜,9900015937,1219462373,2023年年度报告,涪陵榨菜,2024-03-29,https://static.cninfo.com.cn/finalpage/2024-03-30/1219462373.PDF,2023,3767,2026-08-06
002507,深圳证券交易所,涪陵榨菜,9900015937,1219462432,2023年年度报告摘要,涪陵榨菜,2024-03-29,https://static.cninfo.com.cn/finalpage/2024-03-30/1219462432.PDF,2023,464,2026-08-06
002548,深圳证券交易所,金新农,9900017829,63748906,2013年年度报告摘要,金新农,2014-03-28,https://static.cninfo.com.cn/finalpage/2014-03-29/63748906.PDF,2013,288,2026-08-06
002548,深圳证券交易所,金新农,9900017829,63748911,2013年年度报告,金新农,2014-03-28,https://static.cninfo.com.cn/finalpage/2014-03-29/63748911.PDF,2013,2785,2026-08-06
002548,深圳证券交易所,金新农,9900017829,1200740960,2014年年度报告摘要,金新农,2015-03-25,https://static.cninfo.com.cn/finalpage/2015-03-26/1200740960.PDF,2014,282,2026-08-06
002548,深圳证券交易所,金新农,9900017829,1200740961,2014年年度报告（已取消）,金新农,2015-03-25,https://static.cninfo.com.cn/finalpage/2015-03-26/1200740961.PDF,2014,2657,2026-08-06
002548,深圳证券交易所,金新农,9900017829,1200741670,2014年年度报告（更新后）,金新农,2015-03-25,https://static.cninfo.com.cn/finalpage/2015-03-26/1200741670.PDF,2014,2663,2026-08-06
002548,深圳证券交易所,金新农,9900017829,1202156696,2015年年度报告,金新农,2016-04-08,https://static.cninfo.com.cn/finalpage/2016-04-09/1202156696.PDF,2015,3139,2026-08-06
002548,深圳证券交易所,金新农,9900017829,1202156728,2015年年度报告摘要,金新农,2016-04-08,https://static.cninfo.com.cn/finalpage/2016-04-09/1202156728.PDF,2015,189,2026-08-06
002548,深圳证券交易所,金新农,9900017829,1203425650,2016年年度报告,金新农,2017-04-28,https://static.cninfo.com.cn/finalpage/2017-04-29/1203425650.PDF,2016,3904,2026-08-06
002548,深圳证券交易所,金新农,9900017829,1203425654,2016年年度报告摘要,金新农,2017-04-28,https://static.cninfo.com.cn/finalpage/2017-04-29/1203425654.PDF,2016,283,2026-08-06
002548,深圳证券交易所,金新农,9900017829,1204702117,2017年年度报告摘要,金新农,2018-04-23,https://static.cninfo.com.cn/finalpage/2018-04-24/1204702117.PDF,2017,298,2026-08-06
002548,深圳证券交易所,金新农,9900017829,1204702137,2017年年度报告,金新农,2018-04-23,https://static.cninfo.com.cn/finalpage/2018-04-24/1204702137.PDF,2017,3661,2026-08-06
002548,深圳证券交易所,金新农,9900017829,1205956849,2018年年度报告摘要,金新农,2019-03-28,https://static.cninfo.com.cn/finalpage/2019-03-29/1205956849.PDF,2018,422,2026-08-06
002548,深圳证券交易所,金新农,9900017829,1205956850,2018年年度报告,金新农,2019-03-28,https://static.cninfo.com.cn/finalpage/2019-03-29/1205956850.PDF,2018,4132,2026-08-06
002548,深圳证券交易所,金新农,9900017829,1207524692,2019年年度报告摘要,金新农,2020-04-17,https://static.cninfo.com.cn/finalpage/2020-04-18/1207524692.PDF,2019,464,2026-08-06
002548,深圳证券交易所,金新农,9900017829,1207524693,2019年年度报告,金新农,2020-04-17,https://static.cninfo.com.cn/finalpage/2020-04-18/1207524693.PDF,2019,4435,2026-08-06
002548,深圳证券交易所,金新农,9900017829,1209836740,2020年年度报告,金新农,2021-04-27,https://static.cninfo.com.cn/finalpage/2021-04-28/1209836740.PDF,2020,4309,2026-08-06
002548,深圳证券交易所,金新农,9900017829,1209836741,2020年年度报告摘要,金新农,2021-04-27,https://static.cninfo.com.cn/finalpage/2021-04-28/1209836741.PDF,2020,293,2026-08-06
002548,深圳证券交易所,金新农,9900017829,1213109834,2021年年度报告摘要,金新农,2022-04-25,https://static.cninfo.com.cn/finalpage/2022-04-26/1213109834.PDF,2021,212,2026-08-06
002548,深圳证券交易所,金新农,9900017829,1213109835,2021年年度报告,金新农,2022-04-25,https://static.cninfo.com.cn/finalpage/2022-04-26/1213109835.PDF,2021,4356,2026-08-06
002548,深圳证券交易所,金新农,9900017829,1216685034,2022年年度报告,金新农,2023-04-28,https://static.cninfo.com.cn/finalpage/2023-04-29/1216685034.PDF,2022,3778,2026-08-06
002548,深圳证券交易所,金新农,9900017829,1216685040,2022年年度报告摘要,金新农,2023-04-28,https://static.cninfo.com.cn/finalpage/2023-04-29/1216685040.PDF,2022,338,2026-08-06
002548,深圳证券交易所,金新农,9900017829,1219919080,2023年年度报告摘要,金新农,2024-04-29,https://static.cninfo.com.cn/finalpage/2024-04-30/1219919080.PDF,2023,578,2026-08-06
002548,深圳证券交易所,金新农,9900017829,1219919082,2023年年度报告,金新农,2024-04-29,https://static.cninfo.com.cn/finalpage/2024-04-30/1219919082.PDF,2023,3962,2026-08-06
002557,深圳证券交易所,洽洽食品,9900018281,63812888,2013年年度报告摘要,洽洽食品,2014-04-09,https://static.cninfo.com.cn/finalpage/2014-04-10/63812888.PDF,2013,274,2026-08-06
002557,深圳证券交易所,洽洽食品,9900018281,63812897,2013年年度报告（已取消）,洽洽食品,2014-04-09,https://static.cninfo.com.cn/finalpage/2014-04-10/63812897.PDF,2013,2655,2026-08-06
002557,深圳证券交易所,洽洽食品,9900018281,63846635,2013年年度报告（更新后）,洽洽食品,2014-04-15,https://static.cninfo.com.cn/finalpage/2014-04-16/63846635.PDF,2013,2718,2026-08-06
002557,深圳证券交易所,洽洽食品,9900018281,1200805917,2014年年度报告摘要,洽洽食品,2015-04-09,https://static.cninfo.com.cn/finalpage/2015-04-10/1200805917.PDF,2014,305,2026-08-06
002557,深圳证券交易所,洽洽食品,9900018281,1200805925,2014年年度报告,洽洽食品,2015-04-09,https://static.cninfo.com.cn/finalpage/2015-04-10/1200805925.PDF,2014,2948,2026-08-06
002557,深圳证券交易所,洽洽食品,9900018281,1202029742,2015年年度报告摘要,洽洽食品,2016-03-08,https://static.cninfo.com.cn/finalpage/2016-03-09/1202029742.PDF,2015,299,2026-08-06
002557,深圳证券交易所,洽洽食品,9900018281,1202029758,2015年年度报告,洽洽食品,2016-03-08,https://static.cninfo.com.cn/finalpage/2016-03-09/1202029758.PDF,2015,2851,2026-08-06
002557,深圳证券交易所,洽洽食品,9900018281,1203238113,2016年年度报告,洽洽食品,2017-03-30,https://static.cninfo.com.cn/finalpage/2017-03-31/1203238113.PDF,2016,2785,2026-08-06
002557,深圳证券交易所,洽洽食品,9900018281,1203238114,2016年年度报告摘要,洽洽食品,2017-03-30,https://static.cninfo.com.cn/finalpage/2017-03-31/1203238114.PDF,2016,267,2026-08-06
002557,深圳证券交易所,洽洽食品,9900018281,1204679177,2017年年度报告摘要,洽洽食品,2018-04-20,https://static.cninfo.com.cn/finalpage/2018-04-21/1204679177.PDF,2017,290,2026-08-06
002557,深圳证券交易所,洽洽食品,9900018281,1204679192,2017年年度报告,洽洽食品,2018-04-20,https://static.cninfo.com.cn/finalpage/2018-04-21/1204679192.PDF,2017,2927,2026-08-06
002557,深圳证券交易所,洽洽食品,9900018281,1206010333,2018年年度报告摘要,洽洽食品,2019-04-11,https://static.cninfo.com.cn/finalpage/2019-04-12/1206010333.PDF,2018,288,2026-08-06
002557,深圳证券交易所,洽洽食品,9900018281,1206010334,2018年年度报告（已取消）,洽洽食品,2019-04-11,https://static.cninfo.com.cn/finalpage/2019-04-12/1206010334.PDF,2018,3119,2026-08-06
002557,深圳证券交易所,洽洽食品,9900018281,1206367858,2018年年度报告（更新后）,洽洽食品,2019-06-19,https://static.cninfo.com.cn/finalpage/2019-06-20/1206367858.PDF,2018,3135,2026-08-06
002557,深圳证券交易所,洽洽食品,9900018281,1207468388,2019年年度报告摘要,洽洽食品,2020-04-08,https://static.cninfo.com.cn/finalpage/2020-04-09/1207468388.PDF,2019,285,2026-08-06
002557,深圳证券交易所,洽洽食品,9900018281,1207468393,2019年年度报告,洽洽食品,2020-04-08,https://static.cninfo.com.cn/finalpage/2020-04-09/1207468393.PDF,2019,3104,2026-08-06
002557,深圳证券交易所,洽洽食品,9900018281,1209703662,2020年年度报告摘要,洽洽食品,2021-04-15,https://static.cninfo.com.cn/finalpage/2021-04-16/1209703662.PDF,2020,327,2026-08-06
002557,深圳证券交易所,洽洽食品,9900018281,1209703663,2020年年度报告,洽洽食品,2021-04-15,https://static.cninfo.com.cn/finalpage/2021-04-16/1209703663.PDF,2020,3227,2026-08-06
002557,深圳证券交易所,洽洽食品,9900018281,1212887693,2021年年度报告,洽洽食品,2022-04-11,https://static.cninfo.com.cn/finalpage/2022-04-12/1212887693.PDF,2021,3795,2026-08-06
002557,深圳证券交易所,洽洽食品,9900018281,1212887694,2021年年度报告摘要,洽洽食品,2022-04-11,https://static.cninfo.com.cn/finalpage/2022-04-12/1212887694.PDF,2021,254,2026-08-06
002557,深圳证券交易所,洽洽食品,9900018281,1216495196,2022年年度报告,洽洽食品,2023-04-20,https://static.cninfo.com.cn/finalpage/2023-04-21/1216495196.PDF,2022,4515,2026-08-06
002557,深圳证券交易所,洽洽食品,9900018281,1216495209,2022年年度报告摘要,洽洽食品,2023-04-20,https://static.cninfo.com.cn/finalpage/2023-04-21/1216495209.PDF,2022,363,2026-08-06
002557,深圳证券交易所,洽洽食品,9900018281,1219833636,2023年年度报告摘要,洽洽食品,2024-04-25,https://static.cninfo.com.cn/finalpage/2024-04-26/1219833636.PDF,2023,354,2026-08-06
002557,深圳证券交易所,洽洽食品,9900018281,1219833637,2023年年度报告,洽洽食品,2024-04-25,https://static.cninfo.com.cn/finalpage/2024-04-26/1219833637.PDF,2023,3685,2026-08-06
002566,深圳证券交易所,益盛药业,9900018831,63806292,2013年年度报告摘要,益盛药业,2014-04-08,https://static.cninfo.com.cn/finalpage/2014-04-09/63806292.PDF,2013,237,2026-08-06
002566,深圳证券交易所,益盛药业,9900018831,63806293,2013年年度报告,益盛药业,2014-04-08,https://static.cninfo.com.cn/finalpage/2014-04-09/63806293.PDF,2013,2497,2026-08-06
002566,深圳证券交易所,益盛药业,9900018831,1200803836,2014年年度报告摘要,益盛药业,2015-04-09,https://static.cninfo.com.cn/finalpage/2015-04-10/1200803836.PDF,2014,212,2026-08-06
002566,深圳证券交易所,益盛药业,9900018831,1200803837,2014年年度报告（已取消）,益盛药业,2015-04-09,https://static.cninfo.com.cn/finalpage/2015-04-10/1200803837.PDF,2014,2346,2026-08-06
002566,深圳证券交易所,益盛药业,9900018831,1201105988,2014年年度报告（更新后）,益盛药业,2015-06-04,https://static.cninfo.com.cn/finalpage/2015-06-05/1201105988.PDF,2014,2348,2026-08-06
002566,深圳证券交易所,益盛药业,9900018831,1202151006,2015年年度报告摘要,益盛药业,2016-04-07,https://static.cninfo.com.cn/finalpage/2016-04-08/1202151006.PDF,2015,244,2026-08-06
002566,深圳证券交易所,益盛药业,9900018831,1202151010,2015年年度报告,益盛药业,2016-04-07,https://static.cninfo.com.cn/finalpage/2016-04-08/1202151010.PDF,2015,2315,2026-08-06
002566,深圳证券交易所,益盛药业,9900018831,1203323332,2016年年度报告摘要,益盛药业,2017-04-18,https://static.cninfo.com.cn/finalpage/2017-04-19/1203323332.PDF,2016,293,2026-08-06
002566,深圳证券交易所,益盛药业,9900018831,1203323357,2016年年度报告,益盛药业,2017-04-18,https://static.cninfo.com.cn/finalpage/2017-04-19/1203323357.PDF,2016,2426,2026-08-06
002566,深圳证券交易所,益盛药业,9900018831,1204661626,2017年年度报告摘要,益盛药业,2018-04-18,https://static.cninfo.com.cn/finalpage/2018-04-19/1204661626.PDF,2017,277,2026-08-06
002566,深圳证券交易所,益盛药业,9900018831,1204661644,2017年年度报告,益盛药业,2018-04-18,https://static.cninfo.com.cn/finalpage/2018-04-19/1204661644.PDF,2017,2499,2026-08-06
002566,深圳证券交易所,益盛药业,9900018831,1206040463,2018年年度报告摘要,益盛药业,2019-04-16,https://static.cninfo.com.cn/finalpage/2019-04-17/1206040463.PDF,2018,263,2026-08-06
002566,深圳证券交易所,益盛药业,9900018831,1206040475,2018年年度报告,益盛药业,2019-04-16,https://static.cninfo.com.cn/finalpage/2019-04-17/1206040475.PDF,2018,2357,2026-08-06
002566,深圳证券交易所,益盛药业,9900018831,1207505407,2019年年度报告摘要,益盛药业,2020-04-15,https://static.cninfo.com.cn/finalpage/2020-04-16/1207505407.PDF,2019,281,2026-08-06
002566,深圳证券交易所,益盛药业,9900018831,1207505408,2019年年度报告,益盛药业,2020-04-15,https://static.cninfo.com.cn/finalpage/2020-04-16/1207505408.PDF,2019,2750,2026-08-06
002566,深圳证券交易所,益盛药业,9900018831,1209711303,2020年年度报告摘要,益盛药业,2021-04-16,https://static.cninfo.com.cn/finalpage/2021-04-17/1209711303.PDF,2020,346,2026-08-06
002566,深圳证券交易所,益盛药业,9900018831,1209711313,2020年年度报告,益盛药业,2021-04-16,https://static.cninfo.com.cn/finalpage/2021-04-17/1209711313.PDF,2020,2796,2026-08-06
002566,深圳证券交易所,益盛药业,9900018831,1212973784,2021年年度报告摘要,益盛药业,2022-04-19,https://static.cninfo.com.cn/finalpage/2022-04-20/1212973784.PDF,2021,273,2026-08-06
002566,深圳证券交易所,益盛药业,9900018831,1212973798,2021年年度报告,益盛药业,2022-04-19,https://static.cninfo.com.cn/finalpage/2022-04-20/1212973798.PDF,2021,2889,2026-08-06
002566,深圳证券交易所,益盛药业,9900018831,1216454064,2022年年度报告,益盛药业,2023-04-18,https://static.cninfo.com.cn/finalpage/2023-04-19/1216454064.PDF,2022,3538,2026-08-06
002566,深圳证券交易所,益盛药业,9900018831,1216454073,2022年年度报告摘要,益盛药业,2023-04-18,https://static.cninfo.com.cn/finalpage/2023-04-19/1216454073.PDF,2022,421,2026-08-06
002566,深圳证券交易所,益盛药业,9900018831,1219664001,2023年年度报告,益盛药业,2024-04-18,https://static.cninfo.com.cn/finalpage/2024-04-19/1219664001.PDF,2023,3814,2026-08-06
002566,深圳证券交易所,益盛药业,9900018831,1219664004,2023年年度报告摘要,益盛药业,2024-04-18,https://static.cninfo.com.cn/finalpage/2024-04-19/1219664004.PDF,2023,505,2026-08-06
002567,深圳证券交易所,唐人神,9900018892,63853370,2013年年度报告摘要,唐人神,2014-04-16,https://static.cninfo.com.cn/finalpage/2014-04-17/63853370.PDF,2013,240,2026-08-06
002567,深圳证券交易所,唐人神,9900018892,63853371,2013年年度报告（已取消）,唐人神,2014-04-16,https://static.cninfo.com.cn/finalpage/2014-04-17/63853371.PDF,2013,4133,2026-08-06
002567,深圳证券交易所,唐人神,9900018892,63861001,2013年年度报告（更新后）,唐人神,2014-04-17,https://static.cninfo.com.cn/finalpage/2014-04-18/63861001.PDF,2013,4132,2026-08-06
002567,深圳证券交易所,唐人神,9900018892,1200799783,2014年年度报告摘要,唐人神,2015-04-08,https://static.cninfo.com.cn/finalpage/2015-04-09/1200799783.PDF,2014,341,2026-08-06
002567,深圳证券交易所,唐人神,9900018892,1200799784,2014年年度报告,唐人神,2015-04-08,https://static.cninfo.com.cn/finalpage/2015-04-09/1200799784.PDF,2014,4449,2026-08-06
002567,深圳证券交易所,唐人神,9900018892,1202266031,2015年年度报告摘要,唐人神,2016-04-28,https://static.cninfo.com.cn/finalpage/2016-04-29/1202266031.PDF,2015,356,2026-08-06
002567,深圳证券交易所,唐人神,9900018892,1202266032,2015年年度报告,唐人神,2016-04-28,https://static.cninfo.com.cn/finalpage/2016-04-29/1202266032.PDF,2015,5251,2026-08-06
002567,深圳证券交易所,唐人神,9900018892,1203413614,2016年年度报告,唐人神,2017-04-27,https://static.cninfo.com.cn/finalpage/2017-04-28/1203413614.PDF,2016,7575,2026-08-06
002567,深圳证券交易所,唐人神,9900018892,1203413615,2016年年度报告摘要,唐人神,2017-04-27,https://static.cninfo.com.cn/finalpage/2017-04-28/1203413615.PDF,2016,336,2026-08-06
002567,深圳证券交易所,唐人神,9900018892,1204676772,2017年年度报告摘要,唐人神,2018-04-20,https://static.cninfo.com.cn/finalpage/2018-04-21/1204676772.PDF,2017,321,2026-08-06
002567,深圳证券交易所,唐人神,9900018892,1204676773,2017年年度报告,唐人神,2018-04-20,https://static.cninfo.com.cn/finalpage/2018-04-21/1204676773.PDF,2017,3825,2026-08-06
002567,深圳证券交易所,唐人神,9900018892,1206048675,2018年年度报告摘要（已取消）,唐人神,2019-04-17,https://static.cninfo.com.cn/finalpage/2019-04-18/1206048675.PDF,2018,472,2026-08-06
002567,深圳证券交易所,唐人神,9900018892,1206048702,2018年年度报告（已取消）,唐人神,2019-04-17,https://static.cninfo.com.cn/finalpage/2019-04-18/1206048702.PDF,2018,4095,2026-08-06
002567,深圳证券交易所,唐人神,9900018892,1206119007,2018年年度报告摘要（更新后）,唐人神,2019-04-26,https://static.cninfo.com.cn/finalpage/2019-04-27/1206119007.PDF,2018,420,2026-08-06
002567,深圳证券交易所,唐人神,9900018892,1206200918,2018年年度报告（更新后）,唐人神,2019-05-05,https://static.cninfo.com.cn/finalpage/2019-05-06/1206200918.PDF,2018,4042,2026-08-06
002567,深圳证券交易所,唐人神,9900018892,1207609337,2019年年度报告摘要,唐人神,2020-04-26,https://static.cninfo.com.cn/finalpage/2020-04-27/1207609337.PDF,2019,341,2026-08-06
002567,深圳证券交易所,唐人神,9900018892,1207609338,2019年年度报告,唐人神,2020-04-26,https://static.cninfo.com.cn/finalpage/2020-04-27/1207609338.PDF,2019,4171,2026-08-06
002567,深圳证券交易所,唐人神,9900018892,1209626147,2020年年度报告摘要,唐人神,2021-04-01,https://static.cninfo.com.cn/finalpage/2021-04-02/1209626147.PDF,2020,321,2026-08-06
002567,深圳证券交易所,唐人神,9900018892,1209626148,2020年年度报告,唐人神,2021-04-01,https://static.cninfo.com.cn/finalpage/2021-04-02/1209626148.PDF,2020,4319,2026-08-06
002567,深圳证券交易所,唐人神,9900018892,1213212267,2021年年度报告摘要,唐人神,2022-04-28,https://static.cninfo.com.cn/finalpage/2022-04-29/1213212267.PDF,2021,350,2026-08-06
002567,深圳证券交易所,唐人神,9900018892,1213212330,2021年年度报告,唐人神,2022-04-28,https://static.cninfo.com.cn/finalpage/2022-04-29/1213212330.PDF,2021,4863,2026-08-06
002567,深圳证券交易所,唐人神,9900018892,1216648020,2022年年度报告摘要,唐人神,2023-04-27,https://static.cninfo.com.cn/finalpage/2023-04-28/1216648020.PDF,2022,471,2026-08-06
002567,深圳证券交易所,唐人神,9900018892,1216648027,2022年年度报告,唐人神,2023-04-27,https://static.cninfo.com.cn/finalpage/2023-04-28/1216648027.PDF,2022,6478,2026-08-06
002567,深圳证券交易所,唐人神,9900018892,1219910967,2023年年度报告,唐人神,2024-04-29,https://static.cninfo.com.cn/finalpage/2024-04-30/1219910967.PDF,2023,7403,2026-08-06
002567,深圳证券交易所,唐人神,9900018892,1219911045,2023年年度报告摘要,唐人神,2024-04-29,https://static.cninfo.com.cn/finalpage/2024-04-30/1219911045.PDF,2023,478,2026-08-06
002582,深圳证券交易所,好想你,9900019704,63918770,2013年年度报告摘要,好想你,2014-04-24,https://static.cninfo.com.cn/finalpage/2014-04-25/63918770.PDF,2013,284,2026-08-06
002582,深圳证券交易所,好想你,9900019704,63918771,2013年年度报告,好想你,2014-04-24,https://static.cninfo.com.cn/finalpage/2014-04-25/63918771.PDF,2013,2772,2026-08-06
002582,深圳证券交易所,好想你,9900019704,1200848913,2014年年度报告摘要,好想你,2015-04-16,https://static.cninfo.com.cn/finalpage/2015-04-17/1200848913.PDF,2014,283,2026-08-06
002582,深圳证券交易所,好想你,9900019704,1200848914,2014年年度报告,好想你,2015-04-16,https://static.cninfo.com.cn/finalpage/2015-04-17/1200848914.PDF,2014,2618,2026-08-06
002582,深圳证券交易所,好想你,9900019704,1202212199,2015年年度报告摘要,好想你,2016-04-20,https://static.cninfo.com.cn/finalpage/2016-04-21/1202212199.PDF,2015,295,2026-08-06
002582,深圳证券交易所,好想你,9900019704,1202212536,2015年年度报告,好想你,2016-04-20,https://static.cninfo.com.cn/finalpage/2016-04-21/1202212536.PDF,2015,2902,2026-08-06
002582,深圳证券交易所,好想你,9900019704,1203335162,2016年年度报告摘要,好想你,2017-04-19,https://static.cninfo.com.cn/finalpage/2017-04-20/1203335162.PDF,2016,287,2026-08-06
002582,深圳证券交易所,好想你,9900019704,1203335164,2016年年度报告,好想你,2017-04-19,https://static.cninfo.com.cn/finalpage/2017-04-20/1203335164.PDF,2016,11186,2026-08-06
002582,深圳证券交易所,好想你,9900019704,1204803986,2017年年度报告摘要,好想你,2018-04-26,https://static.cninfo.com.cn/finalpage/2018-04-27/1204803986.PDF,2017,451,2026-08-06
002582,深圳证券交易所,好想你,9900019704,1204803988,2017年年度报告,好想你,2018-04-26,https://static.cninfo.com.cn/finalpage/2018-04-27/1204803988.PDF,2017,5112,2026-08-06
002582,深圳证券交易所,好想你,9900019704,1206055031,2018年年度报告,好想你,2019-04-18,https://static.cninfo.com.cn/finalpage/2019-04-19/1206055031.PDF,2018,3773,2026-08-06
002582,深圳证券交易所,好想你,9900019704,1206055032,2018年年度报告摘要,好想你,2019-04-18,https://static.cninfo.com.cn/finalpage/2019-04-19/1206055032.PDF,2018,459,2026-08-06
002582,深圳证券交易所,好想你,9900019704,1207607567,2019年年度报告摘要,好想你,2020-04-24,https://static.cninfo.com.cn/finalpage/2020-04-25/1207607567.PDF,2019,358,2026-08-06
002582,深圳证券交易所,好想你,9900019704,1207607568,2019年年度报告,好想你,2020-04-24,https://static.cninfo.com.cn/finalpage/2020-04-25/1207607568.PDF,2019,3808,2026-08-06
002582,深圳证券交易所,好想你,9900019704,1209855512,2020年年度报告摘要,好想你,2021-04-28,https://static.cninfo.com.cn/finalpage/2021-04-29/1209855512.PDF,2020,301,2026-08-06
002582,深圳证券交易所,好想你,9900019704,1209855515,2020年年度报告,好想你,2021-04-28,https://static.cninfo.com.cn/finalpage/2021-04-29/1209855515.PDF,2020,3588,2026-08-06
002582,深圳证券交易所,好想你,9900019704,1213207088,2021年年度报告摘要,好想你,2022-04-28,https://static.cninfo.com.cn/finalpage/2022-04-29/1213207088.PDF,2021,225,2026-08-06
002582,深圳证券交易所,好想你,9900019704,1213207137,2021年年度报告,好想你,2022-04-28,https://static.cninfo.com.cn/finalpage/2022-04-29/1213207137.PDF,2021,3869,2026-08-06
002582,深圳证券交易所,好想你,9900019704,1216661522,2022年年度报告摘要,好想你,2023-04-27,https://static.cninfo.com.cn/finalpage/2023-04-28/1216661522.PDF,2022,281,2026-08-06
002582,深圳证券交易所,好想你,9900019704,1216661557,2022年年度报告,好想你,2023-04-27,https://static.cninfo.com.cn/finalpage/2023-04-28/1216661557.PDF,2022,4489,2026-08-06
002582,深圳证券交易所,好想你,9900019704,1219836271,2023年年度报告摘要,好想你,2024-04-25,https://static.cninfo.com.cn/finalpage/2024-04-26/1219836271.PDF,2023,388,2026-08-06
002582,深圳证券交易所,好想你,9900019704,1219836321,2023年年度报告,好想你,2024-04-25,https://static.cninfo.com.cn/finalpage/2024-04-26/1219836321.PDF,2023,5153,2026-08-06
002650,深圳证券交易所,ST加加,9900021914,63905343,2013年年度报告,加加食品,2014-04-23,https://static.cninfo.com.cn/finalpage/2014-04-24/63905343.PDF,2013,2396,2026-08-06
002650,深圳证券交易所,ST加加,9900021914,63906670,2013年年度报告摘要,加加食品,2014-04-23,https://static.cninfo.com.cn/finalpage/2014-04-24/63906670.PDF,2013,292,2026-08-06
002650,深圳证券交易所,ST加加,9900021914,1200719957,2014年年度报告摘要,加加食品,2015-03-19,https://static.cninfo.com.cn/finalpage/2015-03-20/1200719957.PDF,2014,300,2026-08-06
002650,深圳证券交易所,ST加加,9900021914,1200719958,2014年年度报告,加加食品,2015-03-19,https://static.cninfo.com.cn/finalpage/2015-03-20/1200719958.PDF,2014,2474,2026-08-06
002650,深圳证券交易所,ST加加,9900021914,1202217499,2015年年度报告摘要,加加食品,2016-04-21,https://static.cninfo.com.cn/finalpage/2016-04-22/1202217499.PDF,2015,373,2026-08-06
002650,深圳证券交易所,ST加加,9900021914,1202217500,2015年年度报告,加加食品,2016-04-21,https://static.cninfo.com.cn/finalpage/2016-04-22/1202217500.PDF,2015,2977,2026-08-06
002650,深圳证券交易所,ST加加,9900021914,1203332763,2016年年度报告摘要,加加食品,2017-04-19,https://static.cninfo.com.cn/finalpage/2017-04-20/1203332763.PDF,2016,326,2026-08-06
002650,深圳证券交易所,ST加加,9900021914,1203332770,2016年年度报告,加加食品,2017-04-19,https://static.cninfo.com.cn/finalpage/2017-04-20/1203332770.PDF,2016,2591,2026-08-06
002650,深圳证券交易所,ST加加,9900021914,1204829006,2017年年度报告摘要,加加食品,2018-04-27,https://static.cninfo.com.cn/finalpage/2018-04-28/1204829006.PDF,2017,358,2026-08-06
002650,深圳证券交易所,ST加加,9900021914,1204829025,2017年年度报告,加加食品,2018-04-27,https://static.cninfo.com.cn/finalpage/2018-04-28/1204829025.PDF,2017,2682,2026-08-06
002650,深圳证券交易所,ST加加,9900021914,1206098699,2018年年度报告摘要,加加食品,2019-04-25,https://static.cninfo.com.cn/finalpage/2019-04-26/1206098699.PDF,2018,393,2026-08-06
002650,深圳证券交易所,ST加加,9900021914,1206098722,2018年年度报告,加加食品,2019-04-25,https://static.cninfo.com.cn/finalpage/2019-04-26/1206098722.PDF,2018,3617,2026-08-06
002650,深圳证券交易所,ST加加,9900021914,1207588949,2019年年度报告摘要,加加食品,2020-04-23,https://static.cninfo.com.cn/finalpage/2020-04-24/1207588949.PDF,2019,354,2026-08-06
002650,深圳证券交易所,ST加加,9900021914,1207588950,2019年年度报告（已取消）,加加食品,2020-04-23,https://static.cninfo.com.cn/finalpage/2020-04-24/1207588950.PDF,2019,3668,2026-08-06
002650,深圳证券交易所,ST加加,9900021914,1208023957,2019年年度报告（更新后）,ST加加,2020-07-10,https://static.cninfo.com.cn/finalpage/2020-07-11/1208023957.PDF,2019,3658,2026-08-06
002650,深圳证券交易所,ST加加,9900021914,1209857061,2020年年度报告摘要,ST加加,2021-04-28,https://static.cninfo.com.cn/finalpage/2021-04-29/1209857061.PDF,2020,278,2026-08-06
002650,深圳证券交易所,ST加加,9900021914,1209857062,2020年年度报告,ST加加,2021-04-28,https://static.cninfo.com.cn/finalpage/2021-04-29/1209857062.PDF,2020,4126,2026-08-06
002650,深圳证券交易所,ST加加,9900021914,1213000147,2021年年度报告摘要,加加食品,2022-04-20,https://static.cninfo.com.cn/finalpage/2022-04-21/1213000147.PDF,2021,229,2026-08-06
002650,深圳证券交易所,ST加加,9900021914,1213000148,2021年年度报告,加加食品,2022-04-20,https://static.cninfo.com.cn/finalpage/2022-04-21/1213000148.PDF,2021,4489,2026-08-06
002650,深圳证券交易所,ST加加,9900021914,1216648305,2022年年度报告摘要,加加食品,2023-04-27,https://static.cninfo.com.cn/finalpage/2023-04-28/1216648305.PDF,2022,521,2026-08-06
002650,深圳证券交易所,ST加加,9900021914,1216648315,2022年年度报告,加加食品,2023-04-27,https://static.cninfo.com.cn/finalpage/2023-04-28/1216648315.PDF,2022,5452,2026-08-06
002650,深圳证券交易所,ST加加,9900021914,1219872678,2023年年度报告摘要,加加食品,2024-04-28,https://static.cninfo.com.cn/finalpage/2024-04-29/1219872678.PDF,2023,644,2026-08-06
002650,深圳证券交易所,ST加加,9900021914,1219872679,2023年年度报告,加加食品,2024-04-28,https://static.cninfo.com.cn/finalpage/2024-04-29/1219872679.PDF,2023,6151,2026-08-06
002661,深圳证券交易所,克明食品,9900022153,63668752,2013年年度报告摘要,克明面业,2014-03-12,https://static.cninfo.com.cn/finalpage/2014-03-13/63668752.PDF,2013,270,2026-08-06
002661,深圳证券交易所,克明食品,9900022153,63668761,2013年年度报告,克明面业,2014-03-12,https://static.cninfo.com.cn/finalpage/2014-03-13/63668761.PDF,2013,4188,2026-08-06
002661,深圳证券交易所,克明食品,9900022153,1200697585,2014年年度报告摘要,克明面业,2015-03-15,https://static.cninfo.com.cn/finalpage/2015-03-16/1200697585.PDF,2014,199,2026-08-06
002661,深圳证券交易所,克明食品,9900022153,1200697592,2014年年度报告（已取消）,克明面业,2015-03-15,https://static.cninfo.com.cn/finalpage/2015-03-16/1200697592.PDF,2014,4296,2026-08-06
002661,深圳证券交易所,克明食品,9900022153,1200931144,2014年年度报告（更新后）,克明面业,2015-04-28,https://static.cninfo.com.cn/finalpage/2015-04-29/1200931144.PDF,2014,2853,2026-08-06
002661,深圳证券交易所,克明食品,9900022153,1202083703,2015年年度报告摘要,克明面业,2016-03-27,https://static.cninfo.com.cn/finalpage/2016-03-28/1202083703.PDF,2015,324,2026-08-06
002661,深圳证券交易所,克明食品,9900022153,1202083705,2015年年度报告,克明面业,2016-03-27,https://static.cninfo.com.cn/finalpage/2016-03-28/1202083705.PDF,2015,1424,2026-08-06
002661,深圳证券交易所,克明食品,9900022153,1203402250,2016年年度报告摘要,克明面业,2017-04-26,https://static.cninfo.com.cn/finalpage/2017-04-27/1203402250.PDF,2016,296,2026-08-06
002661,深圳证券交易所,克明食品,9900022153,1203402253,2015年年度报告摘要（更新后）,克明面业,2017-04-26,https://static.cninfo.com.cn/finalpage/2017-04-27/1203402253.PDF,2015,324,2026-08-06
002661,深圳证券交易所,克明食品,9900022153,1203402257,2015年年度报告（更新后）,克明面业,2017-04-26,https://static.cninfo.com.cn/finalpage/2017-04-27/1203402257.PDF,2015,4286,2026-08-06
002661,深圳证券交易所,克明食品,9900022153,1203402261,2016年年度报告,克明面业,2017-04-26,https://static.cninfo.com.cn/finalpage/2017-04-27/1203402261.PDF,2016,4686,2026-08-06
002661,深圳证券交易所,克明食品,9900022153,1204431584,2017年年度报告摘要,克明面业,2018-02-26,https://static.cninfo.com.cn/finalpage/2018-02-27/1204431584.PDF,2017,286,2026-08-06
002661,深圳证券交易所,克明食品,9900022153,1204431586,2017年年度报告,克明面业,2018-02-26,https://static.cninfo.com.cn/finalpage/2018-02-27/1204431586.PDF,2017,4691,2026-08-06
002661,深圳证券交易所,克明食品,9900022153,1206051568,2018年年度报告摘要,克明面业,2019-04-18,https://static.cninfo.com.cn/finalpage/2019-04-19/1206051568.PDF,2018,288,2026-08-06
002661,深圳证券交易所,克明食品,9900022153,1206051570,2018年年度报告,克明面业,2019-04-18,https://static.cninfo.com.cn/finalpage/2019-04-19/1206051570.PDF,2018,4885,2026-08-06
002661,深圳证券交易所,克明食品,9900022153,1207524021,2019年年度报告摘要,克明面业,2020-04-19,https://static.cninfo.com.cn/finalpage/2020-04-20/1207524021.PDF,2019,326,2026-08-06
002661,深圳证券交易所,克明食品,9900022153,1207524049,2019年年度报告,克明面业,2020-04-19,https://static.cninfo.com.cn/finalpage/2020-04-20/1207524049.PDF,2019,5693,2026-08-06
002661,深圳证券交易所,克明食品,9900022153,1209723787,2020年年度报告摘要,克明面业,2021-04-19,https://static.cninfo.com.cn/finalpage/2021-04-20/1209723787.PDF,2020,334,2026-08-06
002661,深圳证券交易所,克明食品,9900022153,1209723792,2020年年度报告,克明面业,2021-04-19,https://static.cninfo.com.cn/finalpage/2021-04-20/1209723792.PDF,2020,1259,2026-08-06
002661,深圳证券交易所,克明食品,9900022153,1213100358,2021年年度报告,克明食品,2022-04-25,https://static.cninfo.com.cn/finalpage/2022-04-26/1213100358.PDF,2021,1468,2026-08-06
002661,深圳证券交易所,克明食品,9900022153,1213100365,2021年年度报告摘要,克明食品,2022-04-25,https://static.cninfo.com.cn/finalpage/2022-04-26/1213100365.PDF,2021,379,2026-08-06
002661,深圳证券交易所,克明食品,9900022153,1216586871,2022年年度报告摘要,克明食品,2023-04-25,https://static.cninfo.com.cn/finalpage/2023-04-26/1216586871.PDF,2022,498,2026-08-06
002661,深圳证券交易所,克明食品,9900022153,1216586879,2022年年度报告,克明食品,2023-04-25,https://static.cninfo.com.cn/finalpage/2023-04-26/1216586879.PDF,2022,1688,2026-08-06
002661,深圳证券交易所,克明食品,9900022153,1219312892,2023年年度报告摘要,克明食品,2024-03-15,https://static.cninfo.com.cn/finalpage/2024-03-16/1219312892.PDF,2023,474,2026-08-06
002661,深圳证券交易所,克明食品,9900022153,1219312898,2023年年度报告,克明食品,2024-03-15,https://static.cninfo.com.cn/finalpage/2024-03-16/1219312898.PDF,2023,1927,2026-08-06
002679,深圳证券交易所,福建金森,9900022738,63896113,2013年年度报告摘要,福建金森,2014-04-22,https://static.cninfo.com.cn/finalpage/2014-04-23/63896113.PDF,2013,208,2026-08-06
002679,深圳证券交易所,福建金森,9900022738,63896122,2013年年度报告,福建金森,2014-04-22,https://static.cninfo.com.cn/finalpage/2014-04-23/63896122.PDF,2013,1315,2026-08-06
002679,深圳证券交易所,福建金森,9900022738,1200848805,2014年年度报告摘要,福建金森,2015-04-16,https://static.cninfo.com.cn/finalpage/2015-04-17/1200848805.PDF,2014,242,2026-08-06
002679,深圳证券交易所,福建金森,9900022738,1200848813,2014年年度报告,福建金森,2015-04-16,https://static.cninfo.com.cn/finalpage/2015-04-17/1200848813.PDF,2014,2287,2026-08-06
002679,深圳证券交易所,福建金森,9900022738,1202230071,2015年年度报告摘要,福建金森,2016-04-22,https://static.cninfo.com.cn/finalpage/2016-04-23/1202230071.PDF,2015,281,2026-08-06
002679,深圳证券交易所,福建金森,9900022738,1202230093,2015年年度报告,福建金森,2016-04-22,https://static.cninfo.com.cn/finalpage/2016-04-23/1202230093.PDF,2015,2452,2026-08-06
002679,深圳证券交易所,福建金森,9900022738,1203388806,2016年年度报告摘要,福建金森,2017-04-25,https://static.cninfo.com.cn/finalpage/2017-04-26/1203388806.PDF,2016,286,2026-08-06
002679,深圳证券交易所,福建金森,9900022738,1203388813,2016年年度报告,福建金森,2017-04-25,https://static.cninfo.com.cn/finalpage/2017-04-26/1203388813.PDF,2016,2362,2026-08-06
002679,深圳证券交易所,福建金森,9900022738,1204806147,2017年年度报告摘要,福建金森,2018-04-26,https://static.cninfo.com.cn/finalpage/2018-04-27/1204806147.PDF,2017,272,2026-08-06
002679,深圳证券交易所,福建金森,9900022738,1204806149,2017年年度报告,福建金森,2018-04-26,https://static.cninfo.com.cn/finalpage/2018-04-27/1204806149.PDF,2017,2344,2026-08-06
002679,深圳证券交易所,福建金森,9900022738,1206091378,2018年年度报告摘要,福建金森,2019-04-24,https://static.cninfo.com.cn/finalpage/2019-04-25/1206091378.PDF,2018,232,2026-08-06
002679,深圳证券交易所,福建金森,9900022738,1206091379,2018年年度报告,福建金森,2019-04-24,https://static.cninfo.com.cn/finalpage/2019-04-25/1206091379.PDF,2018,2357,2026-08-06
002679,深圳证券交易所,福建金森,9900022738,1207666530,2019年年度报告摘要,福建金森,2020-04-28,https://static.cninfo.com.cn/finalpage/2020-04-29/1207666530.PDF,2019,212,2026-08-06
002679,深圳证券交易所,福建金森,9900022738,1207666531,2019年年度报告,福建金森,2020-04-28,https://static.cninfo.com.cn/finalpage/2020-04-29/1207666531.PDF,2019,961,2026-08-06
002679,深圳证券交易所,福建金森,9900022738,1209848718,2020年年度报告摘要,福建金森,2021-04-28,https://static.cninfo.com.cn/finalpage/2021-04-29/1209848718.PDF,2020,188,2026-08-06
002679,深圳证券交易所,福建金森,9900022738,1209848726,2020年年度报告,福建金森,2021-04-28,https://static.cninfo.com.cn/finalpage/2021-04-29/1209848726.PDF,2020,960,2026-08-06
002679,深圳证券交易所,福建金森,9900022738,1213253319,2021年年度报告,福建金森,2022-04-29,https://static.cninfo.com.cn/finalpage/2022-04-30/1213253319.PDF,2021,953,2026-08-06
002679,深圳证券交易所,福建金森,9900022738,1213253321,2021年年度报告摘要,福建金森,2022-04-29,https://static.cninfo.com.cn/finalpage/2022-04-30/1213253321.PDF,2021,177,2026-08-06
002679,深圳证券交易所,福建金森,9900022738,1216690243,2022年年度报告摘要,福建金森,2023-04-28,https://static.cninfo.com.cn/finalpage/2023-04-29/1216690243.PDF,2022,184,2026-08-06
002679,深圳证券交易所,福建金森,9900022738,1216690276,2022年年度报告,福建金森,2023-04-28,https://static.cninfo.com.cn/finalpage/2023-04-29/1216690276.PDF,2022,845,2026-08-06
002679,深圳证券交易所,福建金森,9900022738,1219911502,2023年年度报告,福建金森,2024-04-29,https://static.cninfo.com.cn/finalpage/2024-04-30/1219911502.PDF,2023,926,2026-08-06
002679,深圳证券交易所,福建金森,9900022738,1219911506,2023年年度报告摘要,福建金森,2024-04-29,https://static.cninfo.com.cn/finalpage/2024-04-30/1219911506.PDF,2023,319,2026-08-06
002679,深圳证券交易所,福建金森,9900022738,1220543069,2023年年度报告(更正后),福建金森,2024-07-05,https://static.cninfo.com.cn/finalpage/2024-07-06/1220543069.PDF,2023,2442,2026-08-06
002688,深圳证券交易所,金河生物,9900023128,63795391,2013年年度报告摘要,金河生物,2014-04-07,https://static.cninfo.com.cn/finalpage/2014-04-08/63795391.PDF,2013,261,2026-08-06
002688,深圳证券交易所,金河生物,9900023128,63795465,2013年年度报告,金河生物,2014-04-07,https://static.cninfo.com.cn/finalpage/2014-04-08/63795465.PDF,2013,2880,2026-08-06
002688,深圳证券交易所,金河生物,9900023128,1200803491,2014年年度报告摘要,金河生物,2015-04-09,https://static.cninfo.com.cn/finalpage/2015-04-10/1200803491.PDF,2014,275,2026-08-06
002688,深圳证券交易所,金河生物,9900023128,1200803492,2014年年度报告,金河生物,2015-04-09,https://static.cninfo.com.cn/finalpage/2015-04-10/1200803492.PDF,2014,2829,2026-08-06
002688,深圳证券交易所,金河生物,9900023128,1202178993,2015年年度报告,金河生物,2016-04-14,https://static.cninfo.com.cn/finalpage/2016-04-15/1202178993.PDF,2015,3009,2026-08-06
002688,深圳证券交易所,金河生物,9900023128,1202178994,2015年年度报告摘要,金河生物,2016-04-14,https://static.cninfo.com.cn/finalpage/2016-04-15/1202178994.PDF,2015,339,2026-08-06
002688,深圳证券交易所,金河生物,9900023128,1203312080,2016年年度报告摘要,金河生物,2017-04-17,https://static.cninfo.com.cn/finalpage/2017-04-18/1203312080.PDF,2016,302,2026-08-06
002688,深圳证券交易所,金河生物,9900023128,1203312081,2016年年度报告,金河生物,2017-04-17,https://static.cninfo.com.cn/finalpage/2017-04-18/1203312081.PDF,2016,3362,2026-08-06
002688,深圳证券交易所,金河生物,9900023128,1204476922,2017年年度报告摘要,金河生物,2018-03-14,https://static.cninfo.com.cn/finalpage/2018-03-15/1204476922.PDF,2017,281,2026-08-06
002688,深圳证券交易所,金河生物,9900023128,1204476923,2017年年度报告,金河生物,2018-03-14,https://static.cninfo.com.cn/finalpage/2018-03-15/1204476923.PDF,2017,3627,2026-08-06
002688,深圳证券交易所,金河生物,9900023128,1205956573,2018年年度报告,金河生物,2019-03-28,https://static.cninfo.com.cn/finalpage/2019-03-29/1205956573.PDF,2018,3452,2026-08-06
002688,深圳证券交易所,金河生物,9900023128,1205956574,2018年年度报告摘要,金河生物,2019-03-28,https://static.cninfo.com.cn/finalpage/2019-03-29/1205956574.PDF,2018,270,2026-08-06
002688,深圳证券交易所,金河生物,9900023128,1207525812,2019年年度报告摘要,金河生物,2020-04-19,https://static.cninfo.com.cn/finalpage/2020-04-20/1207525812.PDF,2019,303,2026-08-06
002688,深圳证券交易所,金河生物,9900023128,1207525817,2019年年度报告,金河生物,2020-04-19,https://static.cninfo.com.cn/finalpage/2020-04-20/1207525817.PDF,2019,4153,2026-08-06
002688,深圳证券交易所,金河生物,9900023128,1209485650,2020年年度报告摘要,金河生物,2021-03-30,https://static.cninfo.com.cn/finalpage/2021-03-31/1209485650.PDF,2020,309,2026-08-06
002688,深圳证券交易所,金河生物,9900023128,1209485652,2020年年度报告,金河生物,2021-03-30,https://static.cninfo.com.cn/finalpage/2021-03-31/1209485652.PDF,2020,4180,2026-08-06
002688,深圳证券交易所,金河生物,9900023128,1213030116,2021年年度报告摘要,金河生物,2022-04-21,https://static.cninfo.com.cn/finalpage/2022-04-22/1213030116.PDF,2021,265,2026-08-06
002688,深圳证券交易所,金河生物,9900023128,1213030146,2021年年度报告,金河生物,2022-04-21,https://static.cninfo.com.cn/finalpage/2022-04-22/1213030146.PDF,2021,1560,2026-08-06
002688,深圳证券交易所,金河生物,9900023128,1213631360,2021年年度报告全文（更正后）,金河生物,2022-06-07,https://static.cninfo.com.cn/finalpage/2022-06-08/1213631360.PDF,2021,4564,2026-08-06
002688,深圳证券交易所,金河生物,9900023128,1216527577,2022年年度报告摘要,金河生物,2023-04-21,https://static.cninfo.com.cn/finalpage/2023-04-22/1216527577.PDF,2022,313,2026-08-06
002688,深圳证券交易所,金河生物,9900023128,1216527591,2022年年度报告,金河生物,2023-04-21,https://static.cninfo.com.cn/finalpage/2023-04-22/1216527591.PDF,2022,3672,2026-08-06
002688,深圳证券交易所,金河生物,9900023128,1219863890,2023年年度报告摘要,金河生物,2024-04-28,https://static.cninfo.com.cn/finalpage/2024-04-29/1219863890.PDF,2023,492,2026-08-06
002688,深圳证券交易所,金河生物,9900023128,1219863960,2023年年度报告,金河生物,2024-04-28,https://static.cninfo.com.cn/finalpage/2024-04-29/1219863960.PDF,2023,6965,2026-08-06
002696,深圳证券交易所,百洋股份,9900023143,63918060,2013年年度报告摘要,百洋股份,2014-04-24,https://static.cninfo.com.cn/finalpage/2014-04-25/63918060.PDF,2013,319,2026-08-06
002696,深圳证券交易所,百洋股份,9900023143,63918063,2013年年度报告,百洋股份,2014-04-24,https://static.cninfo.com.cn/finalpage/2014-04-25/63918063.PDF,2013,3106,2026-08-06
002696,深圳证券交易所,百洋股份,9900023143,1200881240,2014年年度报告摘要,百洋股份,2015-04-21,https://static.cninfo.com.cn/finalpage/2015-04-22/1200881240.PDF,2014,282,2026-08-06
002696,深圳证券交易所,百洋股份,9900023143,1200881241,2014年年度报告（已取消）,百洋股份,2015-04-21,https://static.cninfo.com.cn/finalpage/2015-04-22/1200881241.PDF,2014,2882,2026-08-06
002696,深圳证券交易所,百洋股份,9900023143,1200884142,2014年年度报告（更新后）,百洋股份,2015-04-21,https://static.cninfo.com.cn/finalpage/2015-04-22/1200884142.PDF,2014,2882,2026-08-06
002696,深圳证券交易所,百洋股份,9900023143,1202194059,2015年年度报告摘要,百洋股份,2016-04-18,https://static.cninfo.com.cn/finalpage/2016-04-19/1202194059.PDF,2015,253,2026-08-06
002696,深圳证券交易所,百洋股份,9900023143,1202194060,2015年年度报告,百洋股份,2016-04-18,https://static.cninfo.com.cn/finalpage/2016-04-19/1202194060.PDF,2015,3222,2026-08-06
002696,深圳证券交易所,百洋股份,9900023143,1203153608,2016年年度报告摘要,百洋股份,2017-03-13,https://static.cninfo.com.cn/finalpage/2017-03-14/1203153608.PDF,2016,274,2026-08-06
002696,深圳证券交易所,百洋股份,9900023143,1203153613,2016年年度报告,百洋股份,2017-03-13,https://static.cninfo.com.cn/finalpage/2017-03-14/1203153613.PDF,2016,3025,2026-08-06
002696,深圳证券交易所,百洋股份,9900023143,1204795526,2017年年度报告摘要,百洋股份,2018-04-25,https://static.cninfo.com.cn/finalpage/2018-04-26/1204795526.PDF,2017,303,2026-08-06
002696,深圳证券交易所,百洋股份,9900023143,1204795527,2017年年度报告,百洋股份,2018-04-25,https://static.cninfo.com.cn/finalpage/2018-04-26/1204795527.PDF,2017,2982,2026-08-06
002696,深圳证券交易所,百洋股份,9900023143,1206163901,2018年年度报告摘要（已取消）,百洋股份,2019-04-29,https://static.cninfo.com.cn/finalpage/2019-04-30/1206163901.PDF,2018,273,2026-08-06
002696,深圳证券交易所,百洋股份,9900023143,1206163902,2018年年度报告（已取消）,百洋股份,2019-04-29,https://static.cninfo.com.cn/finalpage/2019-04-30/1206163902.PDF,2018,3315,2026-08-06
002696,深圳证券交易所,百洋股份,9900023143,1206407097,2018年年度报告（更新后）,百洋股份,2019-06-28,https://static.cninfo.com.cn/finalpage/2019-06-29/1206407097.PDF,2018,3420,2026-08-06
002696,深圳证券交易所,百洋股份,9900023143,1206407098,2018年年度报告摘要（更新后）,百洋股份,2019-06-28,https://static.cninfo.com.cn/finalpage/2019-06-29/1206407098.PDF,2018,273,2026-08-06
002696,深圳证券交易所,百洋股份,9900023143,1207640778,2019年年度报告摘要,百洋股份,2020-04-27,https://static.cninfo.com.cn/finalpage/2020-04-28/1207640778.PDF,2019,282,2026-08-06
002696,深圳证券交易所,百洋股份,9900023143,1207640779,2019年年度报告,百洋股份,2020-04-27,https://static.cninfo.com.cn/finalpage/2020-04-28/1207640779.PDF,2019,3756,2026-08-06
002696,深圳证券交易所,百洋股份,9900023143,1209837650,2020年年度报告摘要,百洋股份,2021-04-27,https://static.cninfo.com.cn/finalpage/2021-04-28/1209837650.PDF,2020,526,2026-08-06
002696,深圳证券交易所,百洋股份,9900023143,1209837715,2020年年度报告,百洋股份,2021-04-27,https://static.cninfo.com.cn/finalpage/2021-04-28/1209837715.PDF,2020,3770,2026-08-06
002696,深圳证券交易所,百洋股份,9900023143,1213135923,2021年年度报告摘要,百洋股份,2022-04-26,https://static.cninfo.com.cn/finalpage/2022-04-27/1213135923.PDF,2021,811,2026-08-06
002696,深圳证券交易所,百洋股份,9900023143,1213135924,2021年年度报告,百洋股份,2022-04-26,https://static.cninfo.com.cn/finalpage/2022-04-27/1213135924.PDF,2021,4359,2026-08-06
002696,深圳证券交易所,百洋股份,9900023143,1216611174,2022年年度报告,百洋股份,2023-04-26,https://static.cninfo.com.cn/finalpage/2023-04-27/1216611174.PDF,2022,4481,2026-08-06
002696,深圳证券交易所,百洋股份,9900023143,1216611182,2022年年度报告摘要,百洋股份,2023-04-26,https://static.cninfo.com.cn/finalpage/2023-04-27/1216611182.PDF,2022,381,2026-08-06
002696,深圳证券交易所,百洋股份,9900023143,1219860895,2023年年度报告,百洋股份,2024-04-26,https://static.cninfo.com.cn/finalpage/2024-04-27/1219860895.PDF,2023,5656,2026-08-06
002696,深圳证券交易所,百洋股份,9900023143,1219860909,2023年年度报告摘要,百洋股份,2024-04-26,https://static.cninfo.com.cn/finalpage/2024-04-27/1219860909.PDF,2023,1014,2026-08-06
002702,深圳证券交易所,海欣食品,9900023240,63699091,2013年年度报告摘要（已取消）,海欣食品,2014-03-19,https://static.cninfo.com.cn/finalpage/2014-03-20/63699091.PDF,2013,255,2026-08-06
002702,深圳证券交易所,海欣食品,9900023240,63699093,2013年年度报告（已取消）,海欣食品,2014-03-19,https://static.cninfo.com.cn/finalpage/2014-03-20/63699093.PDF,2013,2547,2026-08-06
002702,深圳证券交易所,海欣食品,9900023240,64110020,2013年年度报告（更新后）,海欣食品,2014-06-06,https://static.cninfo.com.cn/finalpage/2014-06-07/64110020.PDF,2013,3570,2026-08-06
002702,深圳证券交易所,海欣食品,9900023240,64110021,2013年年度报告摘要（更新后）,海欣食品,2014-06-06,https://static.cninfo.com.cn/finalpage/2014-06-07/64110021.PDF,2013,253,2026-08-06
002702,深圳证券交易所,海欣食品,9900023240,1200746791,2014年年度报告摘要,海欣食品,2015-03-26,https://static.cninfo.com.cn/finalpage/2015-03-27/1200746791.PDF,2014,278,2026-08-06
002702,深圳证券交易所,海欣食品,9900023240,1200746792,2014年年度报告,海欣食品,2015-03-26,https://static.cninfo.com.cn/finalpage/2015-03-27/1200746792.PDF,2014,2671,2026-08-06
002702,深圳证券交易所,海欣食品,9900023240,1202210343,2015年年度报告,海欣食品,2016-04-20,https://static.cninfo.com.cn/finalpage/2016-04-21/1202210343.PDF,2015,2874,2026-08-06
002702,深圳证券交易所,海欣食品,9900023240,1202210363,2015年年度报告摘要,海欣食品,2016-04-20,https://static.cninfo.com.cn/finalpage/2016-04-21/1202210363.PDF,2015,307,2026-08-06
002702,深圳证券交易所,海欣食品,9900023240,1203195852,2016年年度报告摘要,海欣食品,2017-03-24,https://static.cninfo.com.cn/finalpage/2017-03-25/1203195852.PDF,2016,315,2026-08-06
002702,深圳证券交易所,海欣食品,9900023240,1203195853,2016年年度报告,海欣食品,2017-03-24,https://static.cninfo.com.cn/finalpage/2017-03-25/1203195853.PDF,2016,3129,2026-08-06
002702,深圳证券交易所,海欣食品,9900023240,1204620421,2017年年度报告摘要,海欣食品,2018-04-12,https://static.cninfo.com.cn/finalpage/2018-04-13/1204620421.PDF,2017,252,2026-08-06
002702,深圳证券交易所,海欣食品,9900023240,1204620422,2017年年度报告,海欣食品,2018-04-12,https://static.cninfo.com.cn/finalpage/2018-04-13/1204620422.PDF,2017,2947,2026-08-06
002702,深圳证券交易所,海欣食品,9900023240,1205917797,2018年年度报告摘要,海欣食品,2019-03-19,https://static.cninfo.com.cn/finalpage/2019-03-20/1205917797.PDF,2018,238,2026-08-06
002702,深圳证券交易所,海欣食品,9900023240,1205917798,2018年年度报告（已取消）,海欣食品,2019-03-19,https://static.cninfo.com.cn/finalpage/2019-03-20/1205917798.PDF,2018,2826,2026-08-06
002702,深圳证券交易所,海欣食品,9900023240,1205980967,2018年年度报告（更新后）,海欣食品,2019-04-01,https://static.cninfo.com.cn/finalpage/2019-04-02/1205980967.PDF,2018,2825,2026-08-06
002702,深圳证券交易所,海欣食品,9900023240,1207657379,2019年年度报告摘要,海欣食品,2020-04-28,https://static.cninfo.com.cn/finalpage/2020-04-29/1207657379.PDF,2019,255,2026-08-06
002702,深圳证券交易所,海欣食品,9900023240,1207657400,2019年年度报告,海欣食品,2020-04-28,https://static.cninfo.com.cn/finalpage/2020-04-29/1207657400.PDF,2019,3473,2026-08-06
002702,深圳证券交易所,海欣食品,9900023240,1209737584,2020年年度报告摘要,海欣食品,2021-04-20,https://static.cninfo.com.cn/finalpage/2021-04-21/1209737584.PDF,2020,301,2026-08-06
002702,深圳证券交易所,海欣食品,9900023240,1209737590,2020年年度报告,海欣食品,2021-04-20,https://static.cninfo.com.cn/finalpage/2021-04-21/1209737590.PDF,2020,3633,2026-08-06
002702,深圳证券交易所,海欣食品,9900023240,1213135734,2021年年度报告摘要,海欣食品,2022-04-26,https://static.cninfo.com.cn/finalpage/2022-04-27/1213135734.PDF,2021,219,2026-08-06
002702,深圳证券交易所,海欣食品,9900023240,1213135765,2021年年度报告,海欣食品,2022-04-26,https://static.cninfo.com.cn/finalpage/2022-04-27/1213135765.PDF,2021,3778,2026-08-06
002702,深圳证券交易所,海欣食品,9900023240,1216487299,2022年年度报告摘要,海欣食品,2023-04-20,https://static.cninfo.com.cn/finalpage/2023-04-21/1216487299.PDF,2022,344,2026-08-06
002702,深圳证券交易所,海欣食品,9900023240,1216487337,2022年年度报告,海欣食品,2023-04-20,https://static.cninfo.com.cn/finalpage/2023-04-21/1216487337.PDF,2022,4633,2026-08-06
002702,深圳证券交易所,海欣食品,9900023240,1219818964,2023年年度报告,海欣食品,2024-04-25,https://static.cninfo.com.cn/finalpage/2024-04-26/1219818964.PDF,2023,5358,2026-08-06
002702,深圳证券交易所,海欣食品,9900023240,1219819004,2023年年度报告摘要,海欣食品,2024-04-25,https://static.cninfo.com.cn/finalpage/2024-04-26/1219819004.PDF,2023,453,2026-08-06
002714,深圳证券交易所,牧原股份,9900022995,63773773,2013年年度报告摘要,牧原股份,2014-04-01,https://static.cninfo.com.cn/finalpage/2014-04-02/63773773.PDF,2013,440,2026-08-06
002714,深圳证券交易所,牧原股份,9900022995,63773774,2013年年度报告,牧原股份,2014-04-01,https://static.cninfo.com.cn/finalpage/2014-04-02/63773774.PDF,2013,5154,2026-08-06
002714,深圳证券交易所,牧原股份,9900022995,1200907918,2014年年度报告摘要,牧原股份,2015-04-26,https://static.cninfo.com.cn/finalpage/2015-04-27/1200907918.PDF,2014,299,2026-08-06
002714,深圳证券交易所,牧原股份,9900022995,1200907919,2014年年度报告,牧原股份,2015-04-26,https://static.cninfo.com.cn/finalpage/2015-04-27/1200907919.PDF,2014,2734,2026-08-06
002714,深圳证券交易所,牧原股份,9900022995,1201997100,2015年年度报告摘要,牧原股份,2016-02-24,https://static.cninfo.com.cn/finalpage/2016-02-25/1201997100.PDF,2015,303,2026-08-06
002714,深圳证券交易所,牧原股份,9900022995,1201997101,2015年年度报告,牧原股份,2016-02-24,https://static.cninfo.com.cn/finalpage/2016-02-25/1201997101.PDF,2015,2935,2026-08-06
002714,深圳证券交易所,牧原股份,9900022995,1203388290,2016年年度报告摘要,牧原股份,2017-04-25,https://static.cninfo.com.cn/finalpage/2017-04-26/1203388290.PDF,2016,276,2026-08-06
002714,深圳证券交易所,牧原股份,9900022995,1203388322,2016年年度报告,牧原股份,2017-04-25,https://static.cninfo.com.cn/finalpage/2017-04-26/1203388322.PDF,2016,2994,2026-08-06
002714,深圳证券交易所,牧原股份,9900022995,1204411576,2017年年度报告摘要,牧原股份,2018-02-09,https://static.cninfo.com.cn/finalpage/2018-02-10/1204411576.PDF,2017,318,2026-08-06
002714,深圳证券交易所,牧原股份,9900022995,1204411631,2017年年度报告,牧原股份,2018-02-09,https://static.cninfo.com.cn/finalpage/2018-02-10/1204411631.PDF,2017,3412,2026-08-06
002714,深圳证券交易所,牧原股份,9900022995,1205942696,2018年年度报告摘要,牧原股份,2019-03-26,https://static.cninfo.com.cn/finalpage/2019-03-27/1205942696.PDF,2018,304,2026-08-06
002714,深圳证券交易所,牧原股份,9900022995,1205942697,2018年年度报告,牧原股份,2019-03-26,https://static.cninfo.com.cn/finalpage/2019-03-27/1205942697.PDF,2018,3955,2026-08-06
002714,深圳证券交易所,牧原股份,9900022995,1207325909,2019年年度报告摘要,牧原股份,2020-02-26,https://static.cninfo.com.cn/finalpage/2020-02-27/1207325909.PDF,2019,322,2026-08-06
002714,深圳证券交易所,牧原股份,9900022995,1207325910,2019年年度报告,牧原股份,2020-02-26,https://static.cninfo.com.cn/finalpage/2020-02-27/1207325910.PDF,2019,5083,2026-08-06
002714,深圳证券交易所,牧原股份,9900022995,1209868179,2020年年度报告摘要,牧原股份,2021-04-29,https://static.cninfo.com.cn/finalpage/2021-04-30/1209868179.PDF,2020,386,2026-08-06
002714,深圳证券交易所,牧原股份,9900022995,1209868216,2020年年度报告,牧原股份,2021-04-29,https://static.cninfo.com.cn/finalpage/2021-04-30/1209868216.PDF,2020,5280,2026-08-06
002714,深圳证券交易所,牧原股份,9900022995,1213254701,2021年年度报告摘要（英文版）,牧原股份,2022-04-29,https://static.cninfo.com.cn/finalpage/2022-04-30/1213254701.PDF,2021,322,2026-08-06
002714,深圳证券交易所,牧原股份,9900022995,1213254702,2021年年度报告摘要,牧原股份,2022-04-29,https://static.cninfo.com.cn/finalpage/2022-04-30/1213254702.PDF,2021,364,2026-08-06
002714,深圳证券交易所,牧原股份,9900022995,1213254727,2021年年度报告,牧原股份,2022-04-29,https://static.cninfo.com.cn/finalpage/2022-04-30/1213254727.PDF,2021,5457,2026-08-06
002714,深圳证券交易所,牧原股份,9900022995,1216647221,2022年年度报告摘要（英文版）,牧原股份,2023-04-27,https://static.cninfo.com.cn/finalpage/2023-04-28/1216647221.PDF,2022,375,2026-08-06
002714,深圳证券交易所,牧原股份,9900022995,1216647224,2022年年度报告摘要,牧原股份,2023-04-27,https://static.cninfo.com.cn/finalpage/2023-04-28/1216647224.PDF,2022,418,2026-08-06
002714,深圳证券交易所,牧原股份,9900022995,1216647248,2022年年度报告,牧原股份,2023-04-27,https://static.cninfo.com.cn/finalpage/2023-04-28/1216647248.PDF,2022,4530,2026-08-06
002714,深圳证券交易所,牧原股份,9900022995,1219861302,2023年年度报告,牧原股份,2024-04-26,https://static.cninfo.com.cn/finalpage/2024-04-27/1219861302.PDF,2023,7339,2026-08-06
002714,深圳证券交易所,牧原股份,9900022995,1219861315,2023年年度报告摘要,牧原股份,2024-04-26,https://static.cninfo.com.cn/finalpage/2024-04-27/1219861315.PDF,2023,665,2026-08-06
002714,深圳证券交易所,牧原股份,9900022995,1219861318,2023年年度报告摘要（英文版）,牧原股份,2024-04-26,https://static.cninfo.com.cn/finalpage/2024-04-27/1219861318.PDF,2023,811,2026-08-06
002719,深圳证券交易所,ST麦趣,9900023119,63896923,2013年年度报告摘要,麦趣尔,2014-04-22,https://static.cninfo.com.cn/finalpage/2014-04-23/63896923.PDF,2013,248,2026-08-06
002719,深圳证券交易所,ST麦趣,9900023119,63896931,2013年年度报告,麦趣尔,2014-04-22,https://static.cninfo.com.cn/finalpage/2014-04-23/63896931.PDF,2013,3048,2026-08-06
002719,深圳证券交易所,ST麦趣,9900023119,1200840013,2014年年度报告摘要,麦趣尔,2015-04-15,https://static.cninfo.com.cn/finalpage/2015-04-16/1200840013.PDF,2014,244,2026-08-06
002719,深圳证券交易所,ST麦趣,9900023119,1200840021,2014年年度报告,麦趣尔,2015-04-15,https://static.cninfo.com.cn/finalpage/2015-04-16/1200840021.PDF,2014,726,2026-08-06
002719,深圳证券交易所,ST麦趣,9900023119,1202113867,2015年年度报告摘要,麦趣尔,2016-03-30,https://static.cninfo.com.cn/finalpage/2016-03-31/1202113867.PDF,2015,295,2026-08-06
002719,深圳证券交易所,ST麦趣,9900023119,1202113871,2015年年度报告,麦趣尔,2016-03-30,https://static.cninfo.com.cn/finalpage/2016-03-31/1202113871.PDF,2015,2476,2026-08-06
002719,深圳证券交易所,ST麦趣,9900023119,1203390046,2016年年度报告摘要,麦趣尔,2017-04-25,https://static.cninfo.com.cn/finalpage/2017-04-26/1203390046.PDF,2016,248,2026-08-06
002719,深圳证券交易所,ST麦趣,9900023119,1203390053,2016年年度报告,麦趣尔,2017-04-25,https://static.cninfo.com.cn/finalpage/2017-04-26/1203390053.PDF,2016,781,2026-08-06
002719,深圳证券交易所,ST麦趣,9900023119,1204794396,2017年年度报告摘要,麦趣尔,2018-04-25,https://static.cninfo.com.cn/finalpage/2018-04-26/1204794396.PDF,2017,253,2026-08-06
002719,深圳证券交易所,ST麦趣,9900023119,1204794397,2017年年度报告,麦趣尔,2018-04-25,https://static.cninfo.com.cn/finalpage/2018-04-26/1204794397.PDF,2017,2910,2026-08-06
002719,深圳证券交易所,ST麦趣,9900023119,1206090540,2018年年度报告,麦趣尔,2019-04-24,https://static.cninfo.com.cn/finalpage/2019-04-25/1206090540.PDF,2018,2827,2026-08-06
002719,深圳证券交易所,ST麦趣,9900023119,1206090542,2018年年度报告摘要,麦趣尔,2019-04-24,https://static.cninfo.com.cn/finalpage/2019-04-25/1206090542.PDF,2018,241,2026-08-06
002719,深圳证券交易所,ST麦趣,9900023119,1207687761,2019年年度报告摘要,麦趣尔,2020-04-29,https://static.cninfo.com.cn/finalpage/2020-04-30/1207687761.PDF,2019,234,2026-08-06
002719,深圳证券交易所,ST麦趣,9900023119,1207687763,2019年年度报告（已取消）,麦趣尔,2020-04-29,https://static.cninfo.com.cn/finalpage/2020-04-30/1207687763.PDF,2019,4408,2026-08-06
002719,深圳证券交易所,ST麦趣,9900023119,1207724399,2019年年度报告（更新后）,*ST麦趣,2020-05-08,https://static.cninfo.com.cn/finalpage/2020-05-09/1207724399.PDF,2019,2977,2026-08-06
002719,深圳证券交易所,ST麦趣,9900023119,1209402913,2020年年度报告（已取消）,*ST麦趣,2021-03-17,https://static.cninfo.com.cn/finalpage/2021-03-18/1209402913.PDF,2020,954,2026-08-06
002719,深圳证券交易所,ST麦趣,9900023119,1209402920,2020年年度报告摘要,*ST麦趣,2021-03-17,https://static.cninfo.com.cn/finalpage/2021-03-18/1209402920.PDF,2020,230,2026-08-06
002719,深圳证券交易所,ST麦趣,9900023119,1211934925,2020年年度报告（更新后）,*ST麦趣,2021-12-16,https://static.cninfo.com.cn/finalpage/2021-12-17/1211934925.PDF,2020,3069,2026-08-06
002719,深圳证券交易所,ST麦趣,9900023119,1213106335,2021年年度报告摘要,麦趣尔,2022-04-25,https://static.cninfo.com.cn/finalpage/2022-04-26/1213106335.PDF,2021,204,2026-08-06
002719,深圳证券交易所,ST麦趣,9900023119,1213106351,2021年年度报告,麦趣尔,2022-04-25,https://static.cninfo.com.cn/finalpage/2022-04-26/1213106351.PDF,2021,849,2026-08-06
002719,深圳证券交易所,ST麦趣,9900023119,1216620709,2022年年度报告摘要,麦趣尔,2023-04-26,https://static.cninfo.com.cn/finalpage/2023-04-27/1216620709.PDF,2022,307,2026-08-06
002719,深圳证券交易所,ST麦趣,9900023119,1216620711,2022年年度报告,麦趣尔,2023-04-26,https://static.cninfo.com.cn/finalpage/2023-04-27/1216620711.PDF,2022,1359,2026-08-06
002719,深圳证券交易所,ST麦趣,9900023119,1219745701,2023年年度报告摘要,麦趣尔,2024-04-22,https://static.cninfo.com.cn/finalpage/2024-04-23/1219745701.PDF,2023,453,2026-08-06
002719,深圳证券交易所,ST麦趣,9900023119,1219745708,2023年年度报告,麦趣尔,2024-04-22,https://static.cninfo.com.cn/finalpage/2024-04-23/1219745708.PDF,2023,3184,2026-08-06
002732,深圳证券交易所,燕塘乳业,9900022959,1200839431,2014年年度报告摘要,燕塘乳业,2015-04-15,https://static.cninfo.com.cn/finalpage/2015-04-16/1200839431.PDF,2014,260,2026-08-06
002732,深圳证券交易所,燕塘乳业,9900022959,1200839432,2014年年度报告,燕塘乳业,2015-04-15,https://static.cninfo.com.cn/finalpage/2015-04-16/1200839432.PDF,2014,2324,2026-08-06
002732,深圳证券交易所,燕塘乳业,9900022959,1201968097,2015年年度报告,燕塘乳业,2016-02-03,https://static.cninfo.com.cn/finalpage/2016-02-04/1201968097.PDF,2015,2672,2026-08-06
002732,深圳证券交易所,燕塘乳业,9900022959,1201968122,2015年年度报告摘要,燕塘乳业,2016-02-03,https://static.cninfo.com.cn/finalpage/2016-02-04/1201968122.PDF,2015,302,2026-08-06
002732,深圳证券交易所,燕塘乳业,9900022959,1203111289,2016年年度报告摘要,燕塘乳业,2017-02-27,https://static.cninfo.com.cn/finalpage/2017-02-28/1203111289.PDF,2016,246,2026-08-06
002732,深圳证券交易所,燕塘乳业,9900022959,1203111290,2016年年度报告,燕塘乳业,2017-02-27,https://static.cninfo.com.cn/finalpage/2017-02-28/1203111290.PDF,2016,2481,2026-08-06
002732,深圳证券交易所,燕塘乳业,9900022959,1204647886,2017年年度报告,燕塘乳业,2018-04-17,https://static.cninfo.com.cn/finalpage/2018-04-18/1204647886.PDF,2017,2763,2026-08-06
002732,深圳证券交易所,燕塘乳业,9900022959,1204647888,2017年年度报告摘要,燕塘乳业,2018-04-17,https://static.cninfo.com.cn/finalpage/2018-04-18/1204647888.PDF,2017,257,2026-08-06
002732,深圳证券交易所,燕塘乳业,9900022959,1205931190,2018年年度报告摘要,燕塘乳业,2019-03-22,https://static.cninfo.com.cn/finalpage/2019-03-23/1205931190.PDF,2018,257,2026-08-06
002732,深圳证券交易所,燕塘乳业,9900022959,1205931191,2018年年度报告,燕塘乳业,2019-03-22,https://static.cninfo.com.cn/finalpage/2019-03-23/1205931191.PDF,2018,2675,2026-08-06
002732,深圳证券交易所,燕塘乳业,9900022959,1207525231,2019年年度报告摘要,燕塘乳业,2020-04-17,https://static.cninfo.com.cn/finalpage/2020-04-18/1207525231.PDF,2019,302,2026-08-06
002732,深圳证券交易所,燕塘乳业,9900022959,1207525233,2019年年度报告,燕塘乳业,2020-04-17,https://static.cninfo.com.cn/finalpage/2020-04-18/1207525233.PDF,2019,3355,2026-08-06
002732,深圳证券交易所,燕塘乳业,9900022959,1209775085,2020年年度报告摘要,燕塘乳业,2021-04-22,https://static.cninfo.com.cn/finalpage/2021-04-23/1209775085.PDF,2020,275,2026-08-06
002732,深圳证券交易所,燕塘乳业,9900022959,1209775107,2020年年度报告,燕塘乳业,2021-04-22,https://static.cninfo.com.cn/finalpage/2021-04-23/1209775107.PDF,2020,3448,2026-08-06
002732,深圳证券交易所,燕塘乳业,9900022959,1213170163,2021年年度报告摘要,燕塘乳业,2022-04-27,https://static.cninfo.com.cn/finalpage/2022-04-28/1213170163.PDF,2021,240,2026-08-06
002732,深圳证券交易所,燕塘乳业,9900022959,1213170188,2021年年度报告,燕塘乳业,2022-04-27,https://static.cninfo.com.cn/finalpage/2022-04-28/1213170188.PDF,2021,6643,2026-08-06
002732,深圳证券交易所,燕塘乳业,9900022959,1216279488,2022年年度报告摘要,燕塘乳业,2023-03-30,https://static.cninfo.com.cn/finalpage/2023-03-31/1216279488.PDF,2022,377,2026-08-06
002732,深圳证券交易所,燕塘乳业,9900022959,1216279507,2022年年度报告,燕塘乳业,2023-03-30,https://static.cninfo.com.cn/finalpage/2023-03-31/1216279507.PDF,2022,5791,2026-08-06
002732,深圳证券交易所,燕塘乳业,9900022959,1219470878,2023年年度报告摘要,燕塘乳业,2024-03-29,https://static.cninfo.com.cn/finalpage/2024-03-30/1219470878.PDF,2023,356,2026-08-06
002732,深圳证券交易所,燕塘乳业,9900022959,1219470942,2023年年度报告,燕塘乳业,2024-03-29,https://static.cninfo.com.cn/finalpage/2024-03-30/1219470942.PDF,2023,5662,2026-08-06
002746,深圳证券交易所,仙坛股份,9900023137,1202185520,2015年年度报告摘要,仙坛股份,2016-04-15,https://static.cninfo.com.cn/finalpage/2016-04-16/1202185520.PDF,2015,340,2026-08-06
002746,深圳证券交易所,仙坛股份,9900023137,1202185525,2015年年度报告,仙坛股份,2016-04-15,https://static.cninfo.com.cn/finalpage/2016-04-16/1202185525.PDF,2015,2775,2026-08-06
002746,深圳证券交易所,仙坛股份,9900023137,1203410647,2016年年度报告摘要,仙坛股份,2017-04-27,https://static.cninfo.com.cn/finalpage/2017-04-28/1203410647.PDF,2016,322,2026-08-06
002746,深圳证券交易所,仙坛股份,9900023137,1203410675,2016年年度报告,仙坛股份,2017-04-27,https://static.cninfo.com.cn/finalpage/2017-04-28/1203410675.PDF,2016,3021,2026-08-06
002746,深圳证券交易所,仙坛股份,9900023137,1204695894,2017年年度报告摘要,仙坛股份,2018-04-23,https://static.cninfo.com.cn/finalpage/2018-04-24/1204695894.PDF,2017,318,2026-08-06
002746,深圳证券交易所,仙坛股份,9900023137,1204695928,2017年年度报告,仙坛股份,2018-04-23,https://static.cninfo.com.cn/finalpage/2018-04-24/1204695928.PDF,2017,2822,2026-08-06
002746,深圳证券交易所,仙坛股份,9900023137,1206066950,2018年年度报告摘要,仙坛股份,2019-04-22,https://static.cninfo.com.cn/finalpage/2019-04-23/1206066950.PDF,2018,339,2026-08-06
002746,深圳证券交易所,仙坛股份,9900023137,1206066951,2018年年度报告,仙坛股份,2019-04-22,https://static.cninfo.com.cn/finalpage/2019-04-23/1206066951.PDF,2018,2747,2026-08-06
002746,深圳证券交易所,仙坛股份,9900023137,1207393276,2019年年度报告摘要,仙坛股份,2020-03-23,https://static.cninfo.com.cn/finalpage/2020-03-24/1207393276.PDF,2019,328,2026-08-06
002746,深圳证券交易所,仙坛股份,9900023137,1207393304,2019年年度报告,仙坛股份,2020-03-23,https://static.cninfo.com.cn/finalpage/2020-03-24/1207393304.PDF,2019,2971,2026-08-06
002746,深圳证券交易所,仙坛股份,9900023137,1209473031,2020年年度报告摘要,仙坛股份,2021-03-29,https://static.cninfo.com.cn/finalpage/2021-03-30/1209473031.PDF,2020,419,2026-08-06
002746,深圳证券交易所,仙坛股份,9900023137,1209473048,2020年年度报告,仙坛股份,2021-03-29,https://static.cninfo.com.cn/finalpage/2021-03-30/1209473048.PDF,2020,3187,2026-08-06
002746,深圳证券交易所,仙坛股份,9900023137,1213098528,2021年年度报告摘要,仙坛股份,2022-04-25,https://static.cninfo.com.cn/finalpage/2022-04-26/1213098528.PDF,2021,246,2026-08-06
002746,深圳证券交易所,仙坛股份,9900023137,1213098650,2021年年度报告,仙坛股份,2022-04-25,https://static.cninfo.com.cn/finalpage/2022-04-26/1213098650.PDF,2021,3247,2026-08-06
002746,深圳证券交易所,仙坛股份,9900023137,1216546470,2022年年度报告摘要,仙坛股份,2023-04-24,https://static.cninfo.com.cn/finalpage/2023-04-25/1216546470.PDF,2022,235,2026-08-06
002746,深圳证券交易所,仙坛股份,9900023137,1216546486,2022年年度报告,仙坛股份,2023-04-24,https://static.cninfo.com.cn/finalpage/2023-04-25/1216546486.PDF,2022,2677,2026-08-06
002746,深圳证券交易所,仙坛股份,9900023137,1219735496,2023年年度报告摘要,仙坛股份,2024-04-22,https://static.cninfo.com.cn/finalpage/2024-04-23/1219735496.PDF,2023,290,2026-08-06
002746,深圳证券交易所,仙坛股份,9900023137,1219735516,2023年年度报告,仙坛股份,2024-04-22,https://static.cninfo.com.cn/finalpage/2024-04-23/1219735516.PDF,2023,4400,2026-08-06
002772,深圳证券交易所,众兴菌业,9900024538,1202000456,2015年年度报告摘要,众兴菌业,2016-02-25,https://static.cninfo.com.cn/finalpage/2016-02-26/1202000456.PDF,2015,259,2026-08-06
002772,深圳证券交易所,众兴菌业,9900024538,1202000483,2015年年度报告,众兴菌业,2016-02-25,https://static.cninfo.com.cn/finalpage/2016-02-26/1202000483.PDF,2015,2990,2026-08-06
002772,深圳证券交易所,众兴菌业,9900024538,1203112259,2016年年度报告摘要,众兴菌业,2017-02-27,https://static.cninfo.com.cn/finalpage/2017-02-28/1203112259.PDF,2016,360,2026-08-06
002772,深圳证券交易所,众兴菌业,9900024538,1203112266,2016年年度报告,众兴菌业,2017-02-27,https://static.cninfo.com.cn/finalpage/2017-02-28/1203112266.PDF,2016,3433,2026-08-06
002772,深圳证券交易所,众兴菌业,9900024538,1204511280,2017年年度报告摘要,众兴菌业,2018-03-23,https://static.cninfo.com.cn/finalpage/2018-03-24/1204511280.PDF,2017,557,2026-08-06
002772,深圳证券交易所,众兴菌业,9900024538,1204511292,2017年年度报告,众兴菌业,2018-03-23,https://static.cninfo.com.cn/finalpage/2018-03-24/1204511292.PDF,2017,3783,2026-08-06
002772,深圳证券交易所,众兴菌业,9900024538,1205957596,2018年年度报告摘要,众兴菌业,2019-03-28,https://static.cninfo.com.cn/finalpage/2019-03-29/1205957596.PDF,2018,501,2026-08-06
002772,深圳证券交易所,众兴菌业,9900024538,1205957599,2018年年度报告,众兴菌业,2019-03-28,https://static.cninfo.com.cn/finalpage/2019-03-29/1205957599.PDF,2018,3638,2026-08-06
002772,深圳证券交易所,众兴菌业,9900024538,1207664328,2019年年度报告摘要,众兴菌业,2020-04-28,https://static.cninfo.com.cn/finalpage/2020-04-29/1207664328.PDF,2019,548,2026-08-06
002772,深圳证券交易所,众兴菌业,9900024538,1207664329,2019年年度报告,众兴菌业,2020-04-28,https://static.cninfo.com.cn/finalpage/2020-04-29/1207664329.PDF,2019,4223,2026-08-06
002772,深圳证券交易所,众兴菌业,9900024538,1209454437,2020年年度报告摘要,众兴菌业,2021-03-25,https://static.cninfo.com.cn/finalpage/2021-03-26/1209454437.PDF,2020,331,2026-08-06
002772,深圳证券交易所,众兴菌业,9900024538,1209454487,2020年年度报告,众兴菌业,2021-03-25,https://static.cninfo.com.cn/finalpage/2021-03-26/1209454487.PDF,2020,3899,2026-08-06
002772,深圳证券交易所,众兴菌业,9900024538,1212652074,2021年年度报告摘要,众兴菌业,2022-03-23,https://static.cninfo.com.cn/finalpage/2022-03-24/1212652074.PDF,2021,227,2026-08-06
002772,深圳证券交易所,众兴菌业,9900024538,1212652075,2021年年度报告,众兴菌业,2022-03-23,https://static.cninfo.com.cn/finalpage/2022-03-24/1212652075.PDF,2021,4286,2026-08-06
002772,深圳证券交易所,众兴菌业,9900024538,1216170793,2022年年度报告摘要,众兴菌业,2023-03-20,https://static.cninfo.com.cn/finalpage/2023-03-21/1216170793.PDF,2022,383,2026-08-06
002772,深圳证券交易所,众兴菌业,9900024538,1216170802,2022年年度报告,众兴菌业,2023-03-20,https://static.cninfo.com.cn/finalpage/2023-03-21/1216170802.PDF,2022,3693,2026-08-06
002772,深圳证券交易所,众兴菌业,9900024538,1219405490,2023年年度报告摘要,众兴菌业,2024-03-25,https://static.cninfo.com.cn/finalpage/2024-03-26/1219405490.PDF,2023,339,2026-08-06
002772,深圳证券交易所,众兴菌业,9900024538,1219405509,2023年年度报告,众兴菌业,2024-03-25,https://static.cninfo.com.cn/finalpage/2024-03-26/1219405509.PDF,2023,4008,2026-08-06
002847,深圳证券交易所,盐津铺子,9900030301,1203159923,2016年年度报告摘要（已取消）,盐津铺子,2017-03-14,https://static.cninfo.com.cn/finalpage/2017-03-15/1203159923.PDF,2016,275,2026-08-06
002847,深圳证券交易所,盐津铺子,9900030301,1203159924,2016年年度报告（已取消）,盐津铺子,2017-03-14,https://static.cninfo.com.cn/finalpage/2017-03-15/1203159924.PDF,2016,2550,2026-08-06
002847,深圳证券交易所,盐津铺子,9900030301,1203167425,2016年年度报告摘要（已取消）,盐津铺子,2017-03-16,https://static.cninfo.com.cn/finalpage/2017-03-17/1203167425.PDF,2016,276,2026-08-06
002847,深圳证券交易所,盐津铺子,9900030301,1203167426,2016年年度报告（已取消）,盐津铺子,2017-03-16,https://static.cninfo.com.cn/finalpage/2017-03-17/1203167426.PDF,2016,2556,2026-08-06
002847,深圳证券交易所,盐津铺子,9900030301,1203171109,2016年年度报告（已取消）,盐津铺子,2017-03-16,https://static.cninfo.com.cn/finalpage/2017-03-17/1203171109.PDF,2016,2559,2026-08-06
002847,深圳证券交易所,盐津铺子,9900030301,1203171110,2016年年度报告摘要（更新后）,盐津铺子,2017-03-17,https://static.cninfo.com.cn/finalpage/2017-03-17/1203171110.PDF,2016,284,2026-08-06
002847,深圳证券交易所,盐津铺子,9900030301,1203183403,2016年年度报告（更新后）,盐津铺子,2017-03-21,https://static.cninfo.com.cn/finalpage/2017-03-22/1203183403.PDF,2016,2587,2026-08-06
002847,深圳证券交易所,盐津铺子,9900030301,1204678424,2017年年度报告,盐津铺子,2018-04-20,https://static.cninfo.com.cn/finalpage/2018-04-21/1204678424.PDF,2017,2704,2026-08-06
002847,深圳证券交易所,盐津铺子,9900030301,1204678428,2017年年度报告摘要,盐津铺子,2018-04-20,https://static.cninfo.com.cn/finalpage/2018-04-21/1204678428.PDF,2017,281,2026-08-06
002847,深圳证券交易所,盐津铺子,9900030301,1205888772,2018年年度报告摘要,盐津铺子,2019-03-08,https://static.cninfo.com.cn/finalpage/2019-03-09/1205888772.PDF,2018,299,2026-08-06
002847,深圳证券交易所,盐津铺子,9900030301,1205888793,2018年年度报告,盐津铺子,2019-03-08,https://static.cninfo.com.cn/finalpage/2019-03-09/1205888793.PDF,2018,2751,2026-08-06
002847,深圳证券交易所,盐津铺子,9900030301,1207350901,2019年年度报告摘要,盐津铺子,2020-03-06,https://static.cninfo.com.cn/finalpage/2020-03-07/1207350901.PDF,2019,292,2026-08-06
002847,深圳证券交易所,盐津铺子,9900030301,1207350907,2019年年度报告,盐津铺子,2020-03-06,https://static.cninfo.com.cn/finalpage/2020-03-07/1207350907.PDF,2019,3093,2026-08-06
002847,深圳证券交易所,盐津铺子,9900030301,1209492235,2020年年度报告摘要,盐津铺子,2021-03-30,https://static.cninfo.com.cn/finalpage/2021-03-31/1209492235.PDF,2020,348,2026-08-06
002847,深圳证券交易所,盐津铺子,9900030301,1209492236,2020年年度报告,盐津铺子,2021-03-30,https://static.cninfo.com.cn/finalpage/2021-03-31/1209492236.PDF,2020,3438,2026-08-06
002847,深圳证券交易所,盐津铺子,9900030301,1212750968,2021年年度报告摘要,盐津铺子,2022-03-30,https://static.cninfo.com.cn/finalpage/2022-03-31/1212750968.PDF,2021,283,2026-08-06
002847,深圳证券交易所,盐津铺子,9900030301,1212750970,2021年年度报告,盐津铺子,2022-03-30,https://static.cninfo.com.cn/finalpage/2022-03-31/1212750970.PDF,2021,3567,2026-08-06
002847,深圳证券交易所,盐津铺子,9900030301,1216420067,2022年年度报告摘要,盐津铺子,2023-04-14,https://static.cninfo.com.cn/finalpage/2023-04-15/1216420067.PDF,2022,452,2026-08-06
002847,深圳证券交易所,盐津铺子,9900030301,1216420073,2022年年度报告,盐津铺子,2023-04-14,https://static.cninfo.com.cn/finalpage/2023-04-15/1216420073.PDF,2022,5290,2026-08-06
002847,深圳证券交易所,盐津铺子,9900030301,1219410233,2023年年度报告,盐津铺子,2024-03-26,https://static.cninfo.com.cn/finalpage/2024-03-27/1219410233.PDF,2023,5624,2026-08-06
002847,深圳证券交易所,盐津铺子,9900030301,1219410234,2023年年度报告摘要,盐津铺子,2024-03-26,https://static.cninfo.com.cn/finalpage/2024-03-27/1219410234.PDF,2023,602,2026-08-06
002852,深圳证券交易所,道道全,9900030528,1204739433,2017年年度报告摘要,道道全,2018-04-24,https://static.cninfo.com.cn/finalpage/2018-04-25/1204739433.PDF,2017,303,2026-08-06
002852,深圳证券交易所,道道全,9900030528,1204739472,2017年年度报告,道道全,2018-04-24,https://static.cninfo.com.cn/finalpage/2018-04-25/1204739472.PDF,2017,2770,2026-08-06
002852,深圳证券交易所,道道全,9900030528,1206007110,2018年年度报告,道道全,2019-04-10,https://static.cninfo.com.cn/finalpage/2019-04-11/1206007110.PDF,2018,2900,2026-08-06
002852,深圳证券交易所,道道全,9900030528,1206007111,2018年年度报告摘要,道道全,2019-04-10,https://static.cninfo.com.cn/finalpage/2019-04-11/1206007111.PDF,2018,291,2026-08-06
002852,深圳证券交易所,道道全,9900030528,1207609629,2019年年度报告摘要,道道全,2020-04-26,https://static.cninfo.com.cn/finalpage/2020-04-27/1207609629.PDF,2019,274,2026-08-06
002852,深圳证券交易所,道道全,9900030528,1207609631,2019年年度报告,道道全,2020-04-26,https://static.cninfo.com.cn/finalpage/2020-04-27/1207609631.PDF,2019,3527,2026-08-06
002852,深圳证券交易所,道道全,9900030528,1209692391,2020年年度报告摘要,道道全,2021-04-14,https://static.cninfo.com.cn/finalpage/2021-04-15/1209692391.PDF,2020,243,2026-08-06
002852,深圳证券交易所,道道全,9900030528,1209692397,2020年年度报告,道道全,2021-04-14,https://static.cninfo.com.cn/finalpage/2021-04-15/1209692397.PDF,2020,3438,2026-08-06
002852,深圳证券交易所,道道全,9900030528,1213220175,2021年年度报告摘要,道道全,2022-04-28,https://static.cninfo.com.cn/finalpage/2022-04-29/1213220175.PDF,2021,195,2026-08-06
002852,深圳证券交易所,道道全,9900030528,1213220178,2021年年度报告,道道全,2022-04-28,https://static.cninfo.com.cn/finalpage/2022-04-29/1213220178.PDF,2021,3312,2026-08-06
002852,深圳证券交易所,道道全,9900030528,1216626939,2022年年度报告,道道全,2023-04-26,https://static.cninfo.com.cn/finalpage/2023-04-27/1216626939.PDF,2022,3033,2026-08-06
002852,深圳证券交易所,道道全,9900030528,1216626972,2022年年度报告摘要,道道全,2023-04-26,https://static.cninfo.com.cn/finalpage/2023-04-27/1216626972.PDF,2022,221,2026-08-06
002852,深圳证券交易所,道道全,9900030528,1219862164,2023年年度报告,道道全,2024-04-26,https://static.cninfo.com.cn/finalpage/2024-04-27/1219862164.PDF,2023,3389,2026-08-06
002852,深圳证券交易所,道道全,9900030528,1219862174,2023年年度报告摘要,道道全,2024-04-26,https://static.cninfo.com.cn/finalpage/2024-04-27/1219862174.PDF,2023,288,2026-08-06
002873,深圳证券交易所,新天药业,9900023814,1204703690,2017年年度报告摘要,新天药业,2018-04-23,https://static.cninfo.com.cn/finalpage/2018-04-24/1204703690.PDF,2017,233,2026-08-06
002873,深圳证券交易所,新天药业,9900023814,1204703720,2017年年度报告,新天药业,2018-04-23,https://static.cninfo.com.cn/finalpage/2018-04-24/1204703720.PDF,2017,2611,2026-08-06
002873,深圳证券交易所,新天药业,9900023814,1205956510,2018年年度报告摘要,新天药业,2019-03-28,https://static.cninfo.com.cn/finalpage/2019-03-29/1205956510.PDF,2018,214,2026-08-06
002873,深圳证券交易所,新天药业,9900023814,1205956546,2018年年度报告,新天药业,2019-03-28,https://static.cninfo.com.cn/finalpage/2019-03-29/1205956546.PDF,2018,2782,2026-08-06
002873,深圳证券交易所,新天药业,9900023814,1207635915,2019年年度报告摘要,新天药业,2020-04-27,https://static.cninfo.com.cn/finalpage/2020-04-28/1207635915.PDF,2019,219,2026-08-06
002873,深圳证券交易所,新天药业,9900023814,1207635968,2019年年度报告,新天药业,2020-04-27,https://static.cninfo.com.cn/finalpage/2020-04-28/1207635968.PDF,2019,3106,2026-08-06
002873,深圳证券交易所,新天药业,9900023814,1209869799,2020年年度报告摘要,新天药业,2021-04-29,https://static.cninfo.com.cn/finalpage/2021-04-30/1209869799.PDF,2020,338,2026-08-06
002873,深圳证券交易所,新天药业,9900023814,1209869800,2020年年度报告,新天药业,2021-04-29,https://static.cninfo.com.cn/finalpage/2021-04-30/1209869800.PDF,2020,3096,2026-08-06
002873,深圳证券交易所,新天药业,9900023814,1212670528,2021年年度报告摘要,新天药业,2022-03-24,https://static.cninfo.com.cn/finalpage/2022-03-25/1212670528.PDF,2021,335,2026-08-06
002873,深圳证券交易所,新天药业,9900023814,1212670529,2021年年度报告,新天药业,2022-03-24,https://static.cninfo.com.cn/finalpage/2022-03-25/1212670529.PDF,2021,3408,2026-08-06
002873,深圳证券交易所,新天药业,9900023814,1216236074,2022年年度报告,新天药业,2023-03-27,https://static.cninfo.com.cn/finalpage/2023-03-28/1216236074.PDF,2022,4416,2026-08-06
002873,深圳证券交易所,新天药业,9900023814,1216236083,2022年年度报告摘要,新天药业,2023-03-27,https://static.cninfo.com.cn/finalpage/2023-03-28/1216236083.PDF,2022,567,2026-08-06
002873,深圳证券交易所,新天药业,9900023814,1219583369,2023年年度报告摘要,新天药业,2024-04-11,https://static.cninfo.com.cn/finalpage/2024-04-12/1219583369.PDF,2023,574,2026-08-06
002873,深圳证券交易所,新天药业,9900023814,1219583378,2023年年度报告,新天药业,2024-04-11,https://static.cninfo.com.cn/finalpage/2024-04-12/1219583378.PDF,2023,4592,2026-08-06
002910,深圳证券交易所,庄园牧场,9900025273,1204534722,2017年年度报告摘要,庄园牧场,2018-03-28,https://static.cninfo.com.cn/finalpage/2018-03-29/1204534722.PDF,2017,251,2026-08-06
002910,深圳证券交易所,庄园牧场,9900025273,1204534724,2017年年度报告,庄园牧场,2018-03-28,https://static.cninfo.com.cn/finalpage/2018-03-29/1204534724.PDF,2017,1016,2026-08-06
002910,深圳证券交易所,庄园牧场,9900025273,1205815658,2018年年度报告摘要（已取消）,庄园牧场,2019-01-30,https://static.cninfo.com.cn/finalpage/2019-01-31/1205815658.PDF,2018,286,2026-08-06
002910,深圳证券交易所,庄园牧场,9900025273,1205815661,2018年年度报告（已取消）,庄园牧场,2019-01-30,https://static.cninfo.com.cn/finalpage/2019-01-31/1205815661.PDF,2018,3270,2026-08-06
002910,深圳证券交易所,庄园牧场,9900025273,1206345489,2018年年度报告（更新后）,庄园牧场,2019-06-10,https://static.cninfo.com.cn/finalpage/2019-06-11/1206345489.PDF,2018,3358,2026-08-06
002910,深圳证券交易所,庄园牧场,9900025273,1206345490,2018年年度报告摘要（更新后）,庄园牧场,2019-06-10,https://static.cninfo.com.cn/finalpage/2019-06-11/1206345490.PDF,2018,290,2026-08-06
002910,深圳证券交易所,庄园牧场,9900025273,1207585706,2019年年度报告摘要,庄园牧场,2020-04-23,https://static.cninfo.com.cn/finalpage/2020-04-24/1207585706.PDF,2019,283,2026-08-06
002910,深圳证券交易所,庄园牧场,9900025273,1207585711,2019年年度报告,庄园牧场,2020-04-23,https://static.cninfo.com.cn/finalpage/2020-04-24/1207585711.PDF,2019,1572,2026-08-06
002910,深圳证券交易所,庄园牧场,9900025273,1209476487,2020年年度报告摘要,庄园牧场,2021-03-29,https://static.cninfo.com.cn/finalpage/2021-03-30/1209476487.PDF,2020,277,2026-08-06
002910,深圳证券交易所,庄园牧场,9900025273,1209476508,2020年年度报告,庄园牧场,2021-03-29,https://static.cninfo.com.cn/finalpage/2021-03-30/1209476508.PDF,2020,2201,2026-08-06
002910,深圳证券交易所,庄园牧场,9900025273,1212748041,2021年年度报告摘要,庄园牧场,2022-03-30,https://static.cninfo.com.cn/finalpage/2022-03-31/1212748041.PDF,2021,319,2026-08-06
002910,深圳证券交易所,庄园牧场,9900025273,1212748046,2021年年度报告,庄园牧场,2022-03-30,https://static.cninfo.com.cn/finalpage/2022-03-31/1212748046.PDF,2021,1479,2026-08-06
002910,深圳证券交易所,庄园牧场,9900025273,1216492215,2022年年度报告,庄园牧场,2023-04-20,https://static.cninfo.com.cn/finalpage/2023-04-21/1216492215.PDF,2022,1273,2026-08-06
002910,深圳证券交易所,庄园牧场,9900025273,1216492252,2022年年度报告摘要,庄园牧场,2023-04-20,https://static.cninfo.com.cn/finalpage/2023-04-21/1216492252.PDF,2022,322,2026-08-06
002910,深圳证券交易所,庄园牧场,9900025273,1219871794,2023年年度报告摘要,庄园牧场,2024-04-26,https://static.cninfo.com.cn/finalpage/2024-04-27/1219871794.PDF,2023,278,2026-08-06
002910,深圳证券交易所,庄园牧场,9900025273,1219871887,2023年年度报告,庄园牧场,2024-04-26,https://static.cninfo.com.cn/finalpage/2024-04-27/1219871887.PDF,2023,3981,2026-08-06
002982,深圳证券交易所,湘佳股份,gfbj0831102,1209384869,2020年年度报告摘要,湘佳股份,2021-03-15,https://static.cninfo.com.cn/finalpage/2021-03-16/1209384869.PDF,2020,231,2026-08-06
002982,深圳证券交易所,湘佳股份,gfbj0831102,1209384870,2020年年度报告,湘佳股份,2021-03-15,https://static.cninfo.com.cn/finalpage/2021-03-16/1209384870.PDF,2020,3638,2026-08-06
002982,深圳证券交易所,湘佳股份,gfbj0831102,1212642601,2021年年度报告摘要,湘佳股份,2022-03-22,https://static.cninfo.com.cn/finalpage/2022-03-23/1212642601.PDF,2021,271,2026-08-06
002982,深圳证券交易所,湘佳股份,gfbj0831102,1212642636,2021年年度报告,湘佳股份,2022-03-22,https://static.cninfo.com.cn/finalpage/2022-03-23/1212642636.PDF,2021,3854,2026-08-06
002982,深圳证券交易所,湘佳股份,gfbj0831102,1216370198,2022年年度报告摘要,湘佳股份,2023-04-10,https://static.cninfo.com.cn/finalpage/2023-04-11/1216370198.PDF,2022,308,2026-08-06
002982,深圳证券交易所,湘佳股份,gfbj0831102,1216370200,2022年年度报告,湘佳股份,2023-04-10,https://static.cninfo.com.cn/finalpage/2023-04-11/1216370200.PDF,2022,3431,2026-08-06
002982,深圳证券交易所,湘佳股份,gfbj0831102,1216377150,湖南湘佳牧业股份有限公司2022年年度报告（更正后）,湘佳股份,2023-04-11,https://static.cninfo.com.cn/finalpage/2023-04-12/1216377150.PDF,2022,3443,2026-08-06
002982,深圳证券交易所,湘佳股份,gfbj0831102,1219550510,2023年年度报告摘要,湘佳股份,2024-04-09,https://static.cninfo.com.cn/finalpage/2024-04-10/1219550510.PDF,2023,652,2026-08-06
002982,深圳证券交易所,湘佳股份,gfbj0831102,1219550513,2023年年度报告,湘佳股份,2024-04-09,https://static.cninfo.com.cn/finalpage/2024-04-10/1219550513.PDF,2023,4007,2026-08-06
002991,深圳证券交易所,甘源食品,9900039782,1209691047,2020年年度报告摘要,甘源食品,2021-04-14,https://static.cninfo.com.cn/finalpage/2021-04-15/1209691047.PDF,2020,260,2026-08-06
002991,深圳证券交易所,甘源食品,9900039782,1209691048,2020年年度报告,甘源食品,2021-04-14,https://static.cninfo.com.cn/finalpage/2021-04-15/1209691048.PDF,2020,3009,2026-08-06
002991,深圳证券交易所,甘源食品,9900039782,1213168588,2021年年度报告摘要,甘源食品,2022-04-27,https://static.cninfo.com.cn/finalpage/2022-04-28/1213168588.PDF,2021,226,2026-08-06
002991,深圳证券交易所,甘源食品,9900039782,1213168589,2021年年度报告,甘源食品,2022-04-27,https://static.cninfo.com.cn/finalpage/2022-04-28/1213168589.PDF,2021,3322,2026-08-06
002991,深圳证券交易所,甘源食品,9900039782,1216620947,2022年年度报告,甘源食品,2023-04-26,https://static.cninfo.com.cn/finalpage/2023-04-27/1216620947.PDF,2022,4151,2026-08-06
002991,深圳证券交易所,甘源食品,9900039782,1216620954,2022年年度报告摘要,甘源食品,2023-04-26,https://static.cninfo.com.cn/finalpage/2023-04-27/1216620954.PDF,2022,349,2026-08-06
002991,深圳证券交易所,甘源食品,9900039782,1219767620,2023年年度报告,甘源食品,2024-04-23,https://static.cninfo.com.cn/finalpage/2024-04-24/1219767620.PDF,2023,4542,2026-08-06
002991,深圳证券交易所,甘源食品,9900039782,1219767622,2023年年度报告摘要,甘源食品,2024-04-23,https://static.cninfo.com.cn/finalpage/2024-04-24/1219767622.PDF,2023,438,2026-08-06
003000,深圳证券交易所,劲仔食品,9900039825,1209490399,2020年年度报告摘要,华文食品,2021-03-30,https://static.cninfo.com.cn/finalpage/2021-03-31/1209490399.PDF,2020,277,2026-08-06
003000,深圳证券交易所,劲仔食品,9900039825,1209490400,2020年年度报告,华文食品,2021-03-30,https://static.cninfo.com.cn/finalpage/2021-03-31/1209490400.PDF,2020,2614,2026-08-06
003000,深圳证券交易所,劲仔食品,9900039825,1212609100,2021年年度报告摘要,劲仔食品,2022-03-17,https://static.cninfo.com.cn/finalpage/2022-03-18/1212609100.PDF,2021,459,2026-08-06
003000,深圳证券交易所,劲仔食品,9900039825,1212609101,2021年年度报告,劲仔食品,2022-03-17,https://static.cninfo.com.cn/finalpage/2022-03-18/1212609101.PDF,2021,3109,2026-08-06
003000,深圳证券交易所,劲仔食品,9900039825,1216169742,2022年年度报告摘要,劲仔食品,2023-03-20,https://static.cninfo.com.cn/finalpage/2023-03-21/1216169742.PDF,2022,629,2026-08-06
003000,深圳证券交易所,劲仔食品,9900039825,1216169758,2022年年度报告,劲仔食品,2023-03-20,https://static.cninfo.com.cn/finalpage/2023-03-21/1216169758.PDF,2022,2890,2026-08-06
003000,深圳证券交易所,劲仔食品,9900039825,1219425800,2023年年度报告摘要,劲仔食品,2024-03-27,https://static.cninfo.com.cn/finalpage/2024-03-28/1219425800.PDF,2023,471,2026-08-06
003000,深圳证券交易所,劲仔食品,9900039825,1219425821,2023年年度报告,劲仔食品,2024-03-27,https://static.cninfo.com.cn/finalpage/2024-03-28/1219425821.PDF,2023,1540,2026-08-06
300087,深圳证券交易所,ST荃银,9900010589,63780045,2013年年度报告摘要,荃银高科,2014-04-02,https://static.cninfo.com.cn/finalpage/2014-04-03/63780045.PDF,2013,343,2026-08-06
300087,深圳证券交易所,ST荃银,9900010589,63780058,2013年年度报告,荃银高科,2014-04-02,https://static.cninfo.com.cn/finalpage/2014-04-03/63780058.PDF,2013,3177,2026-08-06
300087,深圳证券交易所,ST荃银,9900010589,1200806834,2014年年度报告摘要,荃银高科,2015-04-09,https://static.cninfo.com.cn/finalpage/2015-04-10/1200806834.PDF,2014,301,2026-08-06
300087,深圳证券交易所,ST荃银,9900010589,1200806835,2014年年度报告（已取消）,荃银高科,2015-04-09,https://static.cninfo.com.cn/finalpage/2015-04-10/1200806835.PDF,2014,2636,2026-08-06
300087,深圳证券交易所,ST荃银,9900010589,1200896083,2014年年度报告（更新后）,荃银高科,2015-04-23,https://static.cninfo.com.cn/finalpage/2015-04-23/1200896083.PDF,2014,2636,2026-08-06
300087,深圳证券交易所,ST荃银,9900010589,1202044824,2015年年度报告摘要,荃银高科,2016-03-14,https://static.cninfo.com.cn/finalpage/2016-03-15/1202044824.PDF,2015,270,2026-08-06
300087,深圳证券交易所,ST荃银,9900010589,1202044825,2015年年度报告,荃银高科,2016-03-14,https://static.cninfo.com.cn/finalpage/2016-03-15/1202044825.PDF,2015,2950,2026-08-06
300087,深圳证券交易所,ST荃银,9900010589,1203263891,2016年年度报告摘要,荃银高科,2017-04-07,https://static.cninfo.com.cn/finalpage/2017-04-08/1203263891.PDF,2016,349,2026-08-06
300087,深圳证券交易所,ST荃银,9900010589,1203263906,2016年年度报告,荃银高科,2017-04-07,https://static.cninfo.com.cn/finalpage/2017-04-08/1203263906.PDF,2016,3294,2026-08-06
300087,深圳证券交易所,ST荃银,9900010589,1204586468,2017年年度报告摘要,荃银高科,2018-04-03,https://static.cninfo.com.cn/finalpage/2018-04-04/1204586468.PDF,2017,353,2026-08-06
300087,深圳证券交易所,ST荃银,9900010589,1204586469,2017年年度报告,荃银高科,2018-04-03,https://static.cninfo.com.cn/finalpage/2018-04-04/1204586469.PDF,2017,3594,2026-08-06
300087,深圳证券交易所,ST荃银,9900010589,1206061428,2018年年度报告摘要,荃银高科,2019-04-19,https://static.cninfo.com.cn/finalpage/2019-04-20/1206061428.PDF,2018,347,2026-08-06
300087,深圳证券交易所,ST荃银,9900010589,1206061430,2018年年度报告,荃银高科,2019-04-19,https://static.cninfo.com.cn/finalpage/2019-04-20/1206061430.PDF,2018,3755,2026-08-06
300087,深圳证券交易所,ST荃银,9900010589,1207603758,2019年年度报告摘要,荃银高科,2020-04-24,https://static.cninfo.com.cn/finalpage/2020-04-25/1207603758.PDF,2019,370,2026-08-06
300087,深圳证券交易所,ST荃银,9900010589,1207603773,2019年年度报告,荃银高科,2020-04-24,https://static.cninfo.com.cn/finalpage/2020-04-25/1207603773.PDF,2019,4430,2026-08-06
300087,深圳证券交易所,ST荃银,9900010589,1209772503,2020年年度报告,荃银高科,2021-04-22,https://static.cninfo.com.cn/finalpage/2021-04-23/1209772503.PDF,2020,3790,2026-08-06
300087,深圳证券交易所,ST荃银,9900010589,1209772506,2020年年度报告摘要,荃银高科,2021-04-22,https://static.cninfo.com.cn/finalpage/2021-04-23/1209772506.PDF,2020,490,2026-08-06
300087,深圳证券交易所,ST荃银,9900010589,1212707432,2021年年度报告摘要,荃银高科,2022-03-28,https://static.cninfo.com.cn/finalpage/2022-03-29/1212707432.PDF,2021,228,2026-08-06
300087,深圳证券交易所,ST荃银,9900010589,1212707454,2021年年度报告,荃银高科,2022-03-28,https://static.cninfo.com.cn/finalpage/2022-03-29/1212707454.PDF,2021,4182,2026-08-06
300087,深圳证券交易所,ST荃银,9900010589,1216147566,2022年年度报告,荃银高科,2023-03-17,https://static.cninfo.com.cn/finalpage/2023-03-18/1216147566.PDF,2022,3448,2026-08-06
300087,深圳证券交易所,ST荃银,9900010589,1216147581,2022年年度报告摘要,荃银高科,2023-03-17,https://static.cninfo.com.cn/finalpage/2023-03-18/1216147581.PDF,2022,283,2026-08-06
300087,深圳证券交易所,ST荃银,9900010589,1219389373,2023年年度报告摘要,荃银高科,2024-03-22,https://static.cninfo.com.cn/finalpage/2024-03-23/1219389373.PDF,2023,299,2026-08-06
300087,深圳证券交易所,ST荃银,9900010589,1219389382,2023年年度报告,荃银高科,2024-03-22,https://static.cninfo.com.cn/finalpage/2024-03-23/1219389382.PDF,2023,3404,2026-08-06
300094,深圳证券交易所,国联水产,9900012529,63918496,2013年年度报告摘要,国联水产,2014-04-24,https://static.cninfo.com.cn/finalpage/2014-04-25/63918496.PDF,2013,351,2026-08-06
300094,深圳证券交易所,国联水产,9900012529,63918502,2013年年度报告,国联水产,2014-04-24,https://static.cninfo.com.cn/finalpage/2014-04-25/63918502.PDF,2013,7860,2026-08-06
300094,深圳证券交易所,国联水产,9900012529,1200945588,2014年年度报告摘要,国联水产,2015-04-29,https://static.cninfo.com.cn/finalpage/2015-04-30/1200945588.PDF,2014,309,2026-08-06
300094,深圳证券交易所,国联水产,9900012529,1200945594,2014年年度报告,国联水产,2015-04-29,https://static.cninfo.com.cn/finalpage/2015-04-30/1200945594.PDF,2014,1016,2026-08-06
300094,深圳证券交易所,国联水产,9900012529,1202243858,2015年年度报告摘要,国联水产,2016-04-25,https://static.cninfo.com.cn/finalpage/2016-04-26/1202243858.PDF,2015,290,2026-08-06
300094,深圳证券交易所,国联水产,9900012529,1202243874,2015年年度报告,国联水产,2016-04-25,https://static.cninfo.com.cn/finalpage/2016-04-26/1202243874.PDF,2015,5313,2026-08-06
300094,深圳证券交易所,国联水产,9900012529,1203387168,2016年年度报告摘要,国联水产,2017-04-25,https://static.cninfo.com.cn/finalpage/2017-04-26/1203387168.PDF,2016,291,2026-08-06
300094,深圳证券交易所,国联水产,9900012529,1203387190,2016年年度报告,国联水产,2017-04-25,https://static.cninfo.com.cn/finalpage/2017-04-26/1203387190.PDF,2016,5293,2026-08-06
300094,深圳证券交易所,国联水产,9900012529,1204802517,2017年年度报告摘要,国联水产,2018-04-26,https://static.cninfo.com.cn/finalpage/2018-04-27/1204802517.PDF,2017,325,2026-08-06
300094,深圳证券交易所,国联水产,9900012529,1204802544,2017年年度报告,国联水产,2018-04-26,https://static.cninfo.com.cn/finalpage/2018-04-27/1204802544.PDF,2017,4304,2026-08-06
300094,深圳证券交易所,国联水产,9900012529,1206048749,2018年年度报告摘要,国联水产,2019-04-17,https://static.cninfo.com.cn/finalpage/2019-04-18/1206048749.PDF,2018,340,2026-08-06
300094,深圳证券交易所,国联水产,9900012529,1206048768,2018年年度报告,国联水产,2019-04-17,https://static.cninfo.com.cn/finalpage/2019-04-18/1206048768.PDF,2018,4388,2026-08-06
300094,深圳证券交易所,国联水产,9900012529,1207845530,2019年年度报告摘要,国联水产,2020-05-21,https://static.cninfo.com.cn/finalpage/2020-05-22/1207845530.PDF,2019,373,2026-08-06
300094,深圳证券交易所,国联水产,9900012529,1207845534,2019年年度报告,国联水产,2020-05-21,https://static.cninfo.com.cn/finalpage/2020-05-22/1207845534.PDF,2019,8421,2026-08-06
300094,深圳证券交易所,国联水产,9900012529,1209854106,2020年年度报告,国联水产,2021-04-28,https://static.cninfo.com.cn/finalpage/2021-04-29/1209854106.PDF,2020,10379,2026-08-06
300094,深圳证券交易所,国联水产,9900012529,1209854159,2020年年度报告摘要,国联水产,2021-04-28,https://static.cninfo.com.cn/finalpage/2021-04-29/1209854159.PDF,2020,448,2026-08-06
300094,深圳证券交易所,国联水产,9900012529,1213149340,2021年年度报告摘要,国联水产,2022-04-26,https://static.cninfo.com.cn/finalpage/2022-04-27/1213149340.PDF,2021,405,2026-08-06
300094,深圳证券交易所,国联水产,9900012529,1213149342,2021年年度报告（已取消）,国联水产,2022-04-26,https://static.cninfo.com.cn/finalpage/2022-04-27/1213149342.PDF,2021,5099,2026-08-06
300094,深圳证券交易所,国联水产,9900012529,1213500520,2021年年度报告全文（更新后）,国联水产,2022-05-25,https://static.cninfo.com.cn/finalpage/2022-05-25/1213500520.PDF,2021,3661,2026-08-06
300094,深圳证券交易所,国联水产,9900012529,1216702626,2022年年度报告摘要,国联水产,2023-04-28,https://static.cninfo.com.cn/finalpage/2023-04-29/1216702626.PDF,2022,461,2026-08-06
300094,深圳证券交易所,国联水产,9900012529,1216702702,2022年年度报告,国联水产,2023-04-28,https://static.cninfo.com.cn/finalpage/2023-04-29/1216702702.PDF,2022,4493,2026-08-06
300094,深圳证券交易所,国联水产,9900012529,1219866192,2023年年度报告摘要,国联水产,2024-04-28,https://static.cninfo.com.cn/finalpage/2024-04-29/1219866192.PDF,2023,529,2026-08-06
300094,深圳证券交易所,国联水产,9900012529,1219866201,2023年年度报告,国联水产,2024-04-28,https://static.cninfo.com.cn/finalpage/2024-04-29/1219866201.PDF,2023,4772,2026-08-06
300106,深圳证券交易所,西部牧业,9900013409,63893972,2013年年度报告摘要,西部牧业,2014-04-22,https://static.cninfo.com.cn/finalpage/2014-04-23/63893972.PDF,2013,290,2026-08-06
300106,深圳证券交易所,西部牧业,9900013409,63893989,2013年年度报告,西部牧业,2014-04-22,https://static.cninfo.com.cn/finalpage/2014-04-23/63893989.PDF,2013,3130,2026-08-06
300106,深圳证券交易所,西部牧业,9900013409,1200799699,2014年年度报告摘要,西部牧业,2015-04-08,https://static.cninfo.com.cn/finalpage/2015-04-09/1200799699.PDF,2014,287,2026-08-06
300106,深圳证券交易所,西部牧业,9900013409,1200799700,2014年年度报告,西部牧业,2015-04-08,https://static.cninfo.com.cn/finalpage/2015-04-09/1200799700.PDF,2014,2738,2026-08-06
300106,深圳证券交易所,西部牧业,9900013409,1202226538,2015年年度报告,西部牧业,2016-04-22,https://static.cninfo.com.cn/finalpage/2016-04-23/1202226538.PDF,2015,3305,2026-08-06
300106,深圳证券交易所,西部牧业,9900013409,1202226545,2015年年度报告摘要,西部牧业,2016-04-22,https://static.cninfo.com.cn/finalpage/2016-04-23/1202226545.PDF,2015,301,2026-08-06
300106,深圳证券交易所,西部牧业,9900013409,1203415011,2016年年度报告摘要,西部牧业,2017-04-27,https://static.cninfo.com.cn/finalpage/2017-04-28/1203415011.PDF,2016,349,2026-08-06
300106,深圳证券交易所,西部牧业,9900013409,1203415012,2016年年度报告,西部牧业,2017-04-27,https://static.cninfo.com.cn/finalpage/2017-04-28/1203415012.PDF,2016,3394,2026-08-06
300106,深圳证券交易所,西部牧业,9900013409,1204576292,2017年年度报告摘要,西部牧业,2018-04-02,https://static.cninfo.com.cn/finalpage/2018-04-03/1204576292.PDF,2017,351,2026-08-06
300106,深圳证券交易所,西部牧业,9900013409,1204576294,2017年年度报告,西部牧业,2018-04-02,https://static.cninfo.com.cn/finalpage/2018-04-03/1204576294.PDF,2017,3155,2026-08-06
300106,深圳证券交易所,西部牧业,9900013409,1206052498,2018年年度报告摘要,西部牧业,2019-04-18,https://static.cninfo.com.cn/finalpage/2019-04-19/1206052498.PDF,2018,386,2026-08-06
300106,深圳证券交易所,西部牧业,9900013409,1206052519,2018年年度报告,西部牧业,2019-04-18,https://static.cninfo.com.cn/finalpage/2019-04-19/1206052519.PDF,2018,3377,2026-08-06
300106,深圳证券交易所,西部牧业,9900013409,1207634325,2019年年度报告摘要,西部牧业,2020-04-27,https://static.cninfo.com.cn/finalpage/2020-04-28/1207634325.PDF,2019,474,2026-08-06
300106,深圳证券交易所,西部牧业,9900013409,1207634340,2019年年度报告,西部牧业,2020-04-27,https://static.cninfo.com.cn/finalpage/2020-04-28/1207634340.PDF,2019,3418,2026-08-06
300106,深圳证券交易所,西部牧业,9900013409,1209805974,2020年年度报告摘要,西部牧业,2021-04-26,https://static.cninfo.com.cn/finalpage/2021-04-27/1209805974.PDF,2020,346,2026-08-06
300106,深圳证券交易所,西部牧业,9900013409,1209805995,2020年年度报告（已取消）,西部牧业,2021-04-26,https://static.cninfo.com.cn/finalpage/2021-04-27/1209805995.PDF,2020,3242,2026-08-06
300106,深圳证券交易所,西部牧业,9900013409,1210500562,2020年年度报告（更新后）,西部牧业,2021-07-16,https://static.cninfo.com.cn/finalpage/2021-07-16/1210500562.PDF,2020,3282,2026-08-06
300106,深圳证券交易所,西部牧业,9900013409,1213160340,2021年年度报告摘要,西部牧业,2022-04-27,https://static.cninfo.com.cn/finalpage/2022-04-28/1213160340.PDF,2021,230,2026-08-06
300106,深圳证券交易所,西部牧业,9900013409,1213160360,2021年年度报告,西部牧业,2022-04-27,https://static.cninfo.com.cn/finalpage/2022-04-28/1213160360.PDF,2021,3535,2026-08-06
300106,深圳证券交易所,西部牧业,9900013409,1216546802,2022年年度报告摘要,西部牧业,2023-04-24,https://static.cninfo.com.cn/finalpage/2023-04-25/1216546802.PDF,2022,332,2026-08-06
300106,深圳证券交易所,西部牧业,9900013409,1216546819,2022年年度报告,西部牧业,2023-04-24,https://static.cninfo.com.cn/finalpage/2023-04-25/1216546819.PDF,2022,4709,2026-08-06
300106,深圳证券交易所,西部牧业,9900013409,1219853288,2023年年度报告,西部牧业,2024-04-26,https://static.cninfo.com.cn/finalpage/2024-04-27/1219853288.PDF,2023,5693,2026-08-06
300106,深圳证券交易所,西部牧业,9900013409,1219853289,2023年年度报告摘要,西部牧业,2024-04-26,https://static.cninfo.com.cn/finalpage/2024-04-27/1219853289.PDF,2023,497,2026-08-06
300119,深圳证券交易所,瑞普生物,9900013869,63673892,2013年年度报告摘要,瑞普生物,2014-03-13,https://static.cninfo.com.cn/finalpage/2014-03-14/63673892.PDF,2013,292,2026-08-06
300119,深圳证券交易所,瑞普生物,9900013869,63673893,2013年年度报告,瑞普生物,2014-03-13,https://static.cninfo.com.cn/finalpage/2014-03-14/63673893.PDF,2013,3052,2026-08-06
300119,深圳证券交易所,瑞普生物,9900013869,1200800855,2014年年度报告摘要,瑞普生物,2015-04-08,https://static.cninfo.com.cn/finalpage/2015-04-09/1200800855.PDF,2014,324,2026-08-06
300119,深圳证券交易所,瑞普生物,9900013869,1200800856,2014年年度报告,瑞普生物,2015-04-08,https://static.cninfo.com.cn/finalpage/2015-04-09/1200800856.PDF,2014,3085,2026-08-06
300119,深圳证券交易所,瑞普生物,9900013869,1202229439,2015年年度报告摘要,瑞普生物,2016-04-22,https://static.cninfo.com.cn/finalpage/2016-04-23/1202229439.PDF,2015,317,2026-08-06
300119,深圳证券交易所,瑞普生物,9900013869,1202229440,2015年年度报告,瑞普生物,2016-04-22,https://static.cninfo.com.cn/finalpage/2016-04-23/1202229440.PDF,2015,3876,2026-08-06
300119,深圳证券交易所,瑞普生物,9900013869,1203333483,2016年年度报告摘要,瑞普生物,2017-04-19,https://static.cninfo.com.cn/finalpage/2017-04-20/1203333483.PDF,2016,254,2026-08-06
300119,深圳证券交易所,瑞普生物,9900013869,1203333503,2016年年度报告,瑞普生物,2017-04-19,https://static.cninfo.com.cn/finalpage/2017-04-20/1203333503.PDF,2016,3721,2026-08-06
300119,深圳证券交易所,瑞普生物,9900013869,1204666745,2017年年度报告摘要,瑞普生物,2018-04-19,https://static.cninfo.com.cn/finalpage/2018-04-20/1204666745.PDF,2017,265,2026-08-06
300119,深圳证券交易所,瑞普生物,9900013869,1204666746,2017年年度报告,瑞普生物,2018-04-19,https://static.cninfo.com.cn/finalpage/2018-04-20/1204666746.PDF,2017,4117,2026-08-06
300119,深圳证券交易所,瑞普生物,9900013869,1206048076,2018年年度报告摘要,瑞普生物,2019-04-17,https://static.cninfo.com.cn/finalpage/2019-04-18/1206048076.PDF,2018,277,2026-08-06
300119,深圳证券交易所,瑞普生物,9900013869,1206048077,2018年年度报告,瑞普生物,2019-04-17,https://static.cninfo.com.cn/finalpage/2019-04-18/1206048077.PDF,2018,3562,2026-08-06
300119,深圳证券交易所,瑞普生物,9900013869,1207448810,2019年年度报告,瑞普生物,2020-04-01,https://static.cninfo.com.cn/finalpage/2020-04-02/1207448810.PDF,2019,4137,2026-08-06
300119,深圳证券交易所,瑞普生物,9900013869,1207448811,2019年年度报告摘要,瑞普生物,2020-04-01,https://static.cninfo.com.cn/finalpage/2020-04-02/1207448811.PDF,2019,406,2026-08-06
300119,深圳证券交易所,瑞普生物,9900013869,1209386222,2020年年度报告摘要,瑞普生物,2021-03-15,https://static.cninfo.com.cn/finalpage/2021-03-16/1209386222.PDF,2020,376,2026-08-06
300119,深圳证券交易所,瑞普生物,9900013869,1209386238,2020年年度报告（已取消）,瑞普生物,2021-03-15,https://static.cninfo.com.cn/finalpage/2021-03-16/1209386238.PDF,2020,4796,2026-08-06
300119,深圳证券交易所,瑞普生物,9900013869,1209950270,2020年年度报告（更新后）,瑞普生物,2021-05-10,https://static.cninfo.com.cn/finalpage/2021-05-10/1209950270.PDF,2020,4796,2026-08-06
300119,深圳证券交易所,瑞普生物,9900013869,1212686386,2021年年度报告摘要,瑞普生物,2022-03-25,https://static.cninfo.com.cn/finalpage/2022-03-26/1212686386.PDF,2021,235,2026-08-06
300119,深圳证券交易所,瑞普生物,9900013869,1212686388,2021年年度报告（已取消）,瑞普生物,2022-03-25,https://static.cninfo.com.cn/finalpage/2022-03-26/1212686388.PDF,2021,5360,2026-08-06
300119,深圳证券交易所,瑞普生物,9900013869,1212769537,2021年年度报告（更新后）,瑞普生物,2022-03-31,https://static.cninfo.com.cn/finalpage/2022-03-31/1212769537.PDF,2021,5406,2026-08-06
300119,深圳证券交易所,瑞普生物,9900013869,1216301902,2022年年度报告,瑞普生物,2023-03-31,https://static.cninfo.com.cn/finalpage/2023-04-01/1216301902.PDF,2022,5359,2026-08-06
300119,深圳证券交易所,瑞普生物,9900013869,1216301960,2022年年度报告摘要,瑞普生物,2023-03-31,https://static.cninfo.com.cn/finalpage/2023-04-01/1216301960.PDF,2022,519,2026-08-06
300119,深圳证券交易所,瑞普生物,9900013869,1219465969,2023年年度报告摘要,瑞普生物,2024-03-29,https://static.cninfo.com.cn/finalpage/2024-03-30/1219465969.PDF,2023,689,2026-08-06
300119,深圳证券交易所,瑞普生物,9900013869,1219465976,2023年年度报告,瑞普生物,2024-03-29,https://static.cninfo.com.cn/finalpage/2024-03-30/1219465976.PDF,2023,5859,2026-08-06
300138,深圳证券交易所,晨光生物,9900014768,63719130,2013年年度报告摘要,晨光生物,2014-03-24,https://static.cninfo.com.cn/finalpage/2014-03-25/63719130.PDF,2013,339,2026-08-06
300138,深圳证券交易所,晨光生物,9900014768,63719144,2013年年度报告,晨光生物,2014-03-24,https://static.cninfo.com.cn/finalpage/2014-03-25/63719144.PDF,2013,4329,2026-08-06
300138,深圳证券交易所,晨光生物,9900014768,1200730869,2014年年度报告摘要,晨光生物,2015-03-23,https://static.cninfo.com.cn/finalpage/2015-03-24/1200730869.PDF,2014,254,2026-08-06
300138,深圳证券交易所,晨光生物,9900014768,1200730875,2014年年度报告,晨光生物,2015-03-23,https://static.cninfo.com.cn/finalpage/2015-03-24/1200730875.PDF,2014,4331,2026-08-06
300138,深圳证券交易所,晨光生物,9900014768,1202089801,2015年年度报告摘要,晨光生物,2016-03-28,https://static.cninfo.com.cn/finalpage/2016-03-29/1202089801.PDF,2015,283,2026-08-06
300138,深圳证券交易所,晨光生物,9900014768,1202089823,2015年年度报告,晨光生物,2016-03-28,https://static.cninfo.com.cn/finalpage/2016-03-29/1202089823.PDF,2015,3971,2026-08-06
300138,深圳证券交易所,晨光生物,9900014768,1203315645,2016年年度报告摘要,晨光生物,2017-04-17,https://static.cninfo.com.cn/finalpage/2017-04-18/1203315645.PDF,2016,264,2026-08-06
300138,深圳证券交易所,晨光生物,9900014768,1203315648,2016年年度报告,晨光生物,2017-04-17,https://static.cninfo.com.cn/finalpage/2017-04-18/1203315648.PDF,2016,4473,2026-08-06
300138,深圳证券交易所,晨光生物,9900014768,1204520185,2017年年度报告摘要,晨光生物,2018-03-26,https://static.cninfo.com.cn/finalpage/2018-03-27/1204520185.PDF,2017,266,2026-08-06
300138,深圳证券交易所,晨光生物,9900014768,1204520187,2017年年度报告,晨光生物,2018-03-26,https://static.cninfo.com.cn/finalpage/2018-03-27/1204520187.PDF,2017,4624,2026-08-06
300138,深圳证券交易所,晨光生物,9900014768,1205937199,2018年年度报告摘要,晨光生物,2019-03-25,https://static.cninfo.com.cn/finalpage/2019-03-26/1205937199.PDF,2018,260,2026-08-06
300138,深圳证券交易所,晨光生物,9900014768,1205937202,2018年年度报告,晨光生物,2019-03-25,https://static.cninfo.com.cn/finalpage/2019-03-26/1205937202.PDF,2018,4984,2026-08-06
300138,深圳证券交易所,晨光生物,9900014768,1207540485,2019年年度报告摘要,晨光生物,2020-04-20,https://static.cninfo.com.cn/finalpage/2020-04-21/1207540485.PDF,2019,262,2026-08-06
300138,深圳证券交易所,晨光生物,9900014768,1207540487,2019年年度报告,晨光生物,2020-04-20,https://static.cninfo.com.cn/finalpage/2020-04-21/1207540487.PDF,2019,5688,2026-08-06
300138,深圳证券交易所,晨光生物,9900014768,1209427897,2020年年度报告摘要,晨光生物,2021-03-22,https://static.cninfo.com.cn/finalpage/2021-03-23/1209427897.PDF,2020,297,2026-08-06
300138,深圳证券交易所,晨光生物,9900014768,1209427901,2020年年度报告,晨光生物,2021-03-22,https://static.cninfo.com.cn/finalpage/2021-03-23/1209427901.PDF,2020,6259,2026-08-06
300138,深圳证券交易所,晨光生物,9900014768,1212708927,2021年年度报告,晨光生物,2022-03-28,https://static.cninfo.com.cn/finalpage/2022-03-29/1212708927.PDF,2021,6127,2026-08-06
300138,深圳证券交易所,晨光生物,9900014768,1212708928,2021年年度报告摘要,晨光生物,2022-03-28,https://static.cninfo.com.cn/finalpage/2022-03-29/1212708928.PDF,2021,306,2026-08-06
300138,深圳证券交易所,晨光生物,9900014768,1216236524,2022年年度报告,晨光生物,2023-03-27,https://static.cninfo.com.cn/finalpage/2023-03-28/1216236524.PDF,2022,5282,2026-08-06
300138,深圳证券交易所,晨光生物,9900014768,1216236541,2022年年度报告摘要,晨光生物,2023-03-27,https://static.cninfo.com.cn/finalpage/2023-03-28/1216236541.PDF,2022,432,2026-08-06
300138,深圳证券交易所,晨光生物,9900014768,1219651002,2023年年度报告,晨光生物,2024-04-17,https://static.cninfo.com.cn/finalpage/2024-04-18/1219651002.PDF,2023,5493,2026-08-06
300138,深圳证券交易所,晨光生物,9900014768,1219651009,2023年年度报告摘要,晨光生物,2024-04-17,https://static.cninfo.com.cn/finalpage/2024-04-18/1219651009.PDF,2023,410,2026-08-06
300143,深圳证券交易所,盈康生命,9900015468,63617234,2013年年度报告摘要,星河生物,2014-02-27,https://static.cninfo.com.cn/finalpage/2014-02-28/63617234.PDF,2013,238,2026-08-06
300143,深圳证券交易所,盈康生命,9900015468,63617237,2013年年度报告,星河生物,2014-02-27,https://static.cninfo.com.cn/finalpage/2014-02-28/63617237.PDF,2013,606,2026-08-06
300143,深圳证券交易所,盈康生命,9900015468,1200898447,2014年年度报告摘要,星河生物,2015-04-23,https://static.cninfo.com.cn/finalpage/2015-04-24/1200898447.PDF,2014,304,2026-08-06
300143,深圳证券交易所,盈康生命,9900015468,1200898448,2014年年度报告,星河生物,2015-04-23,https://static.cninfo.com.cn/finalpage/2015-04-24/1200898448.PDF,2014,2217,2026-08-06
300143,深圳证券交易所,盈康生命,9900015468,1202048391,2015年年度报告摘要,星河生物,2016-03-15,https://static.cninfo.com.cn/finalpage/2016-03-16/1202048391.PDF,2015,283,2026-08-06
300143,深圳证券交易所,盈康生命,9900015468,1202048392,2015年年度报告,星河生物,2016-03-15,https://static.cninfo.com.cn/finalpage/2016-03-16/1202048392.PDF,2015,2590,2026-08-06
300143,深圳证券交易所,盈康生命,9900015468,1203259228,2016年年度报告摘要,星河生物,2017-04-06,https://static.cninfo.com.cn/finalpage/2017-04-07/1203259228.PDF,2016,271,2026-08-06
300143,深圳证券交易所,盈康生命,9900015468,1203259229,2016年年度报告,星河生物,2017-04-06,https://static.cninfo.com.cn/finalpage/2017-04-07/1203259229.PDF,2016,2829,2026-08-06
300143,深圳证券交易所,盈康生命,9900015468,1204486882,2017年年度报告摘要,星普医科,2018-03-16,https://static.cninfo.com.cn/finalpage/2018-03-17/1204486882.PDF,2017,286,2026-08-06
300143,深圳证券交易所,盈康生命,9900015468,1204486883,2017年年度报告,星普医科,2018-03-16,https://static.cninfo.com.cn/finalpage/2018-03-17/1204486883.PDF,2017,2979,2026-08-06
300143,深圳证券交易所,盈康生命,9900015468,1206104515,2018年年度报告摘要,星普医科,2019-04-25,https://static.cninfo.com.cn/finalpage/2019-04-26/1206104515.PDF,2018,352,2026-08-06
300143,深圳证券交易所,盈康生命,9900015468,1206104516,2018年年度报告,星普医科,2019-04-25,https://static.cninfo.com.cn/finalpage/2019-04-26/1206104516.PDF,2018,2715,2026-08-06
300143,深圳证券交易所,盈康生命,9900015468,1207609159,2019年年度报告摘要,盈康生命,2020-04-24,https://static.cninfo.com.cn/finalpage/2020-04-25/1207609159.PDF,2019,378,2026-08-06
300143,深圳证券交易所,盈康生命,9900015468,1207609193,2019年年度报告,盈康生命,2020-04-24,https://static.cninfo.com.cn/finalpage/2020-04-25/1207609193.PDF,2019,3263,2026-08-06
300143,深圳证券交易所,盈康生命,9900015468,1209837032,2020年年度报告摘要,盈康生命,2021-04-27,https://static.cninfo.com.cn/finalpage/2021-04-28/1209837032.PDF,2020,489,2026-08-06
300143,深圳证券交易所,盈康生命,9900015468,1209837033,2020年年度报告（已取消）,盈康生命,2021-04-27,https://static.cninfo.com.cn/finalpage/2021-04-28/1209837033.PDF,2020,3474,2026-08-06
300143,深圳证券交易所,盈康生命,9900015468,1209849584,2020年年度报告（已取消）,盈康生命,2021-04-28,https://static.cninfo.com.cn/finalpage/2021-04-28/1209849584.PDF,2020,3476,2026-08-06
300143,深圳证券交易所,盈康生命,9900015468,1210071495,2020年年度报告（更新后）,盈康生命,2021-05-24,https://static.cninfo.com.cn/finalpage/2021-05-24/1210071495.PDF,2020,3474,2026-08-06
300143,深圳证券交易所,盈康生命,9900015468,1213206839,2021年年度报告摘要,盈康生命,2022-04-28,https://static.cninfo.com.cn/finalpage/2022-04-29/1213206839.PDF,2021,294,2026-08-06
300143,深圳证券交易所,盈康生命,9900015468,1213206841,2021年年度报告,盈康生命,2022-04-28,https://static.cninfo.com.cn/finalpage/2022-04-29/1213206841.PDF,2021,3969,2026-08-06
300143,深圳证券交易所,盈康生命,9900015468,1216258845,2022年年度报告,盈康生命,2023-03-29,https://static.cninfo.com.cn/finalpage/2023-03-30/1216258845.PDF,2022,5012,2026-08-06
300143,深圳证券交易所,盈康生命,9900015468,1216258860,2022年年度报告摘要,盈康生命,2023-03-29,https://static.cninfo.com.cn/finalpage/2023-03-30/1216258860.PDF,2022,585,2026-08-06
300143,深圳证券交易所,盈康生命,9900015468,1219689656,2023年年度报告摘要,盈康生命,2024-04-21,https://static.cninfo.com.cn/finalpage/2024-04-22/1219689656.PDF,2023,647,2026-08-06
300143,深圳证券交易所,盈康生命,9900015468,1219689668,2023年年度报告,盈康生命,2024-04-21,https://static.cninfo.com.cn/finalpage/2024-04-22/1219689668.PDF,2023,5643,2026-08-06
300158,深圳证券交易所,振东制药,9900015689,63751035,2013年年度报告摘要,振东制药,2014-03-28,https://static.cninfo.com.cn/finalpage/2014-03-29/63751035.PDF,2013,262,2026-08-06
300158,深圳证券交易所,振东制药,9900015689,63751051,2013年年度报告,振东制药,2014-03-28,https://static.cninfo.com.cn/finalpage/2014-03-29/63751051.PDF,2013,3029,2026-08-06
300158,深圳证券交易所,振东制药,9900015689,1200839916,2014年年度报告摘要,振东制药,2015-04-15,https://static.cninfo.com.cn/finalpage/2015-04-16/1200839916.PDF,2014,301,2026-08-06
300158,深圳证券交易所,振东制药,9900015689,1200839922,2014年年度报告,振东制药,2015-04-15,https://static.cninfo.com.cn/finalpage/2015-04-16/1200839922.PDF,2014,2887,2026-08-06
300158,深圳证券交易所,振东制药,9900015689,1202243013,2015年年度报告摘要,振东制药,2016-04-25,https://static.cninfo.com.cn/finalpage/2016-04-26/1202243013.PDF,2015,341,2026-08-06
300158,深圳证券交易所,振东制药,9900015689,1202243015,2015年年度报告,振东制药,2016-04-25,https://static.cninfo.com.cn/finalpage/2016-04-26/1202243015.PDF,2015,3253,2026-08-06
300158,深圳证券交易所,振东制药,9900015689,1203386319,2016年年度报告摘要,振东制药,2017-04-25,https://static.cninfo.com.cn/finalpage/2017-04-26/1203386319.PDF,2016,312,2026-08-06
300158,深圳证券交易所,振东制药,9900015689,1203386321,2016年年度报告,振东制药,2017-04-25,https://static.cninfo.com.cn/finalpage/2017-04-26/1203386321.PDF,2016,1176,2026-08-06
300158,深圳证券交易所,振东制药,9900015689,1204676972,2017年年度报告摘要,振东制药,2018-04-20,https://static.cninfo.com.cn/finalpage/2018-04-21/1204676972.PDF,2017,322,2026-08-06
300158,深圳证券交易所,振东制药,9900015689,1204676977,2017年年度报告（已取消）,振东制药,2018-04-20,https://static.cninfo.com.cn/finalpage/2018-04-21/1204676977.PDF,2017,1197,2026-08-06
300158,深圳证券交易所,振东制药,9900015689,1204888113,2017年年度报告（更新后）,振东制药,2018-05-02,https://static.cninfo.com.cn/finalpage/2018-05-02/1204888113.PDF,2017,3924,2026-08-06
300158,深圳证券交易所,振东制药,9900015689,1206089459,2018年年度报告,振东制药,2019-04-24,https://static.cninfo.com.cn/finalpage/2019-04-25/1206089459.PDF,2018,1431,2026-08-06
300158,深圳证券交易所,振东制药,9900015689,1206089462,2018年年度报告摘要,振东制药,2019-04-24,https://static.cninfo.com.cn/finalpage/2019-04-25/1206089462.PDF,2018,332,2026-08-06
300158,深圳证券交易所,振东制药,9900015689,1207585739,2019年年度报告摘要,振东制药,2020-04-23,https://static.cninfo.com.cn/finalpage/2020-04-24/1207585739.PDF,2019,357,2026-08-06
300158,深圳证券交易所,振东制药,9900015689,1207585742,2019年年度报告,振东制药,2020-04-23,https://static.cninfo.com.cn/finalpage/2020-04-24/1207585742.PDF,2019,1511,2026-08-06
300158,深圳证券交易所,振东制药,9900015689,1209794398,2020年年度报告摘要,振东制药,2021-04-23,https://static.cninfo.com.cn/finalpage/2021-04-24/1209794398.PDF,2020,399,2026-08-06
300158,深圳证券交易所,振东制药,9900015689,1209794402,2020年年度报告（已取消）,振东制药,2021-04-23,https://static.cninfo.com.cn/finalpage/2021-04-24/1209794402.PDF,2020,1764,2026-08-06
300158,深圳证券交易所,振东制药,9900015689,1210269050,2020年年度报告（更新后）,振东制药,2021-06-17,https://static.cninfo.com.cn/finalpage/2021-06-17/1210269050.PDF,2020,4832,2026-08-06
300158,深圳证券交易所,振东制药,9900015689,1212751644,2021年年度报告摘要,振东制药,2022-03-30,https://static.cninfo.com.cn/finalpage/2022-03-31/1212751644.PDF,2021,340,2026-08-06
300158,深圳证券交易所,振东制药,9900015689,1212751680,2021年年度报告,振东制药,2022-03-30,https://static.cninfo.com.cn/finalpage/2022-03-31/1212751680.PDF,2021,6482,2026-08-06
300158,深圳证券交易所,振东制药,9900015689,1216558739,2022年年度报告摘要,振东制药,2023-04-24,https://static.cninfo.com.cn/finalpage/2023-04-25/1216558739.PDF,2022,358,2026-08-06
300158,深圳证券交易所,振东制药,9900015689,1216558785,2022年年度报告,振东制药,2023-04-24,https://static.cninfo.com.cn/finalpage/2023-04-25/1216558785.PDF,2022,1971,2026-08-06
300158,深圳证券交易所,振东制药,9900015689,1219735888,2023年年度报告摘要,振东制药,2024-04-22,https://static.cninfo.com.cn/finalpage/2024-04-23/1219735888.PDF,2023,461,2026-08-06
300158,深圳证券交易所,振东制药,9900015689,1219735904,2023年年度报告,振东制药,2024-04-22,https://static.cninfo.com.cn/finalpage/2024-04-23/1219735904.PDF,2023,2194,2026-08-06
300189,深圳证券交易所,神农种业,9900017647,63918525,2013年年度报告摘要,神农大丰,2014-04-24,https://static.cninfo.com.cn/finalpage/2014-04-25/63918525.PDF,2013,324,2026-08-06
300189,深圳证券交易所,神农种业,9900017647,63918533,2013年年度报告,神农大丰,2014-04-24,https://static.cninfo.com.cn/finalpage/2014-04-25/63918533.PDF,2013,13537,2026-08-06
300189,深圳证券交易所,神农种业,9900017647,1200838749,2014年年度报告摘要,神农大丰,2015-04-15,https://static.cninfo.com.cn/finalpage/2015-04-16/1200838749.PDF,2014,295,2026-08-06
300189,深圳证券交易所,神农种业,9900017647,1200838755,2014年年度报告（已取消）,神农大丰,2015-04-15,https://static.cninfo.com.cn/finalpage/2015-04-16/1200838755.PDF,2014,12237,2026-08-06
300189,深圳证券交易所,神农种业,9900017647,1202244122,2015年年度报告摘要,神农基因,2016-04-25,https://static.cninfo.com.cn/finalpage/2016-04-26/1202244122.PDF,2015,287,2026-08-06
300189,深圳证券交易所,神农种业,9900017647,1202244127,2015年年度报告（已取消）,神农基因,2016-04-25,https://static.cninfo.com.cn/finalpage/2016-04-26/1202244127.PDF,2015,11225,2026-08-06
300189,深圳证券交易所,神农种业,9900017647,1203388339,2016年年度报告摘要,神农基因,2017-04-25,https://static.cninfo.com.cn/finalpage/2017-04-26/1203388339.PDF,2016,281,2026-08-06
300189,深圳证券交易所,神农种业,9900017647,1203388344,2016年年度报告（已取消）,神农基因,2017-04-25,https://static.cninfo.com.cn/finalpage/2017-04-26/1203388344.PDF,2016,10748,2026-08-06
300189,深圳证券交易所,神农种业,9900017647,1203895468,2016年年度报告（已取消）,神农基因,2017-08-29,https://static.cninfo.com.cn/finalpage/2017-08-30/1203895468.PDF,2016,4454,2026-08-06
300189,深圳证券交易所,神农种业,9900017647,1204704153,2017年年度报告摘要,神农基因,2018-04-23,https://static.cninfo.com.cn/finalpage/2018-04-24/1204704153.PDF,2017,239,2026-08-06
300189,深圳证券交易所,神农种业,9900017647,1204704174,2017年年度报告（已取消）,神农基因,2018-04-23,https://static.cninfo.com.cn/finalpage/2018-04-24/1204704174.PDF,2017,11408,2026-08-06
300189,深圳证券交易所,神农种业,9900017647,1206109222,2018年年度报告摘要,神农基因,2019-04-25,https://static.cninfo.com.cn/finalpage/2019-04-26/1206109222.PDF,2018,233,2026-08-06
300189,深圳证券交易所,神农种业,9900017647,1206109227,2018年年度报告（已取消）,神农基因,2019-04-25,https://static.cninfo.com.cn/finalpage/2019-04-26/1206109227.PDF,2018,4951,2026-08-06
300189,深圳证券交易所,神农种业,9900017647,1207233013,2017年年度报告（更新后）,神农科技,2020-01-07,https://static.cninfo.com.cn/finalpage/2020-01-07/1207233013.PDF,2017,3682,2026-08-06
300189,深圳证券交易所,神农种业,9900017647,1207233014,2016年年度报告（更新后）,神农科技,2020-01-07,https://static.cninfo.com.cn/finalpage/2020-01-07/1207233014.PDF,2016,3375,2026-08-06
300189,深圳证券交易所,神农种业,9900017647,1207233015,2018年年度报告（更新后）,神农科技,2020-01-07,https://static.cninfo.com.cn/finalpage/2020-01-07/1207233015.PDF,2018,3759,2026-08-06
300189,深圳证券交易所,神农种业,9900017647,1207233016,2015年年度报告（更新后）,神农科技,2020-01-07,https://static.cninfo.com.cn/finalpage/2020-01-07/1207233016.PDF,2015,3443,2026-08-06
300189,深圳证券交易所,神农种业,9900017647,1207233017,2014年年度报告（更新后）,神农科技,2020-01-07,https://static.cninfo.com.cn/finalpage/2020-01-07/1207233017.PDF,2014,3665,2026-08-06
300189,深圳证券交易所,神农种业,9900017647,1207643183,2019年年度报告摘要,神农科技,2020-04-27,https://static.cninfo.com.cn/finalpage/2020-04-28/1207643183.PDF,2019,290,2026-08-06
300189,深圳证券交易所,神农种业,9900017647,1207643206,2019年年度报告,神农科技,2020-04-27,https://static.cninfo.com.cn/finalpage/2020-04-28/1207643206.PDF,2019,5623,2026-08-06
300189,深圳证券交易所,神农种业,9900017647,1207862622,2019年年度报告（更新后）,神农科技,2020-05-26,https://static.cninfo.com.cn/finalpage/2020-05-26/1207862622.PDF,2019,5578,2026-08-06
300189,深圳证券交易所,神农种业,9900017647,1207862623,2019年年度报告摘要（更新后）,神农科技,2020-05-26,https://static.cninfo.com.cn/finalpage/2020-05-26/1207862623.PDF,2019,290,2026-08-06
300189,深圳证券交易所,神农种业,9900017647,1209836025,2020年年度报告摘要,神农科技,2021-04-27,https://static.cninfo.com.cn/finalpage/2021-04-28/1209836025.PDF,2020,496,2026-08-06
300189,深圳证券交易所,神农种业,9900017647,1209836036,2020年年度报告,神农科技,2021-04-27,https://static.cninfo.com.cn/finalpage/2021-04-28/1209836036.PDF,2020,4166,2026-08-06
300189,深圳证券交易所,神农种业,9900017647,1212855744,2021年年度报告摘要,神农科技,2022-04-08,https://static.cninfo.com.cn/finalpage/2022-04-09/1212855744.PDF,2021,315,2026-08-06
300189,深圳证券交易所,神农种业,9900017647,1212855747,2021年年度报告,神农科技,2022-04-08,https://static.cninfo.com.cn/finalpage/2022-04-09/1212855747.PDF,2021,3898,2026-08-06
300189,深圳证券交易所,神农种业,9900017647,1216582423,2022年年度报告摘要,神农科技,2023-04-25,https://static.cninfo.com.cn/finalpage/2023-04-26/1216582423.PDF,2022,405,2026-08-06
300189,深圳证券交易所,神农种业,9900017647,1216582462,2022年年度报告,神农科技,2023-04-25,https://static.cninfo.com.cn/finalpage/2023-04-26/1216582462.PDF,2022,3808,2026-08-06
300189,深圳证券交易所,神农种业,9900017647,1219833092,2023年年度报告,神农科技,2024-04-25,https://static.cninfo.com.cn/finalpage/2024-04-26/1219833092.PDF,2023,3963,2026-08-06
300189,深圳证券交易所,神农种业,9900017647,1219833099,2023年年度报告摘要,神农科技,2024-04-25,https://static.cninfo.com.cn/finalpage/2024-04-26/1219833099.PDF,2023,901,2026-08-06
300313,深圳证券交易所,天山生物,9900021985,63828466,2013年年度报告摘要,天山生物,2014-04-11,https://static.cninfo.com.cn/finalpage/2014-04-12/63828466.PDF,2013,357,2026-08-06
300313,深圳证券交易所,天山生物,9900021985,63828468,2013年年度报告,天山生物,2014-04-11,https://static.cninfo.com.cn/finalpage/2014-04-12/63828468.PDF,2013,2652,2026-08-06
300313,深圳证券交易所,天山生物,9900021985,1200755627,2014年年度报告摘要,天山生物,2015-03-27,https://static.cninfo.com.cn/finalpage/2015-03-28/1200755627.PDF,2014,350,2026-08-06
300313,深圳证券交易所,天山生物,9900021985,1200755628,2014年年度报告,天山生物,2015-03-27,https://static.cninfo.com.cn/finalpage/2015-03-28/1200755628.PDF,2014,2666,2026-08-06
300313,深圳证券交易所,天山生物,9900021985,1202205430,2015年年度报告摘要,天山生物,2016-04-19,https://static.cninfo.com.cn/finalpage/2016-04-20/1202205430.PDF,2015,256,2026-08-06
300313,深圳证券交易所,天山生物,9900021985,1202205446,2015年年度报告,天山生物,2016-04-19,https://static.cninfo.com.cn/finalpage/2016-04-20/1202205446.PDF,2015,3089,2026-08-06
300313,深圳证券交易所,天山生物,9900021985,1203226225,2016年年度报告摘要,天山生物,2017-03-29,https://static.cninfo.com.cn/finalpage/2017-03-30/1203226225.PDF,2016,295,2026-08-06
300313,深圳证券交易所,天山生物,9900021985,1203226226,2016年年度报告,天山生物,2017-03-29,https://static.cninfo.com.cn/finalpage/2017-03-30/1203226226.PDF,2016,3445,2026-08-06
300313,深圳证券交易所,天山生物,9900021985,1204470157,2017年年度报告摘要,天山生物,2018-03-12,https://static.cninfo.com.cn/finalpage/2018-03-13/1204470157.PDF,2017,418,2026-08-06
300313,深圳证券交易所,天山生物,9900021985,1204470167,2017年年度报告,天山生物,2018-03-12,https://static.cninfo.com.cn/finalpage/2018-03-13/1204470167.PDF,2017,3564,2026-08-06
300313,深圳证券交易所,天山生物,9900021985,1206109322,2018年年度报告摘要,天山生物,2019-04-25,https://static.cninfo.com.cn/finalpage/2019-04-26/1206109322.PDF,2018,287,2026-08-06
300313,深圳证券交易所,天山生物,9900021985,1206109323,2018年年度报告,天山生物,2019-04-25,https://static.cninfo.com.cn/finalpage/2019-04-26/1206109323.PDF,2018,3304,2026-08-06
300313,深圳证券交易所,天山生物,9900021985,1207686421,2019年年度报告摘要,天山生物,2020-04-29,https://static.cninfo.com.cn/finalpage/2020-04-30/1207686421.PDF,2019,282,2026-08-06
300313,深圳证券交易所,天山生物,9900021985,1207686451,2019年年度报告（已取消）,天山生物,2020-04-29,https://static.cninfo.com.cn/finalpage/2020-04-30/1207686451.PDF,2019,3779,2026-08-06
300313,深圳证券交易所,天山生物,9900021985,1207866388,2019年年度报告（更新后）,天山生物,2020-05-27,https://static.cninfo.com.cn/finalpage/2020-05-28/1207866388.PDF,2019,3784,2026-08-06
300313,深圳证券交易所,天山生物,9900021985,1209817649,2020年年度报告摘要,天山生物,2021-04-26,https://static.cninfo.com.cn/finalpage/2021-04-27/1209817649.PDF,2020,341,2026-08-06
300313,深圳证券交易所,天山生物,9900021985,1209817650,2020年年度报告,天山生物,2021-04-26,https://static.cninfo.com.cn/finalpage/2021-04-27/1209817650.PDF,2020,3533,2026-08-06
300313,深圳证券交易所,天山生物,9900021985,1213145440,2021年年度报告摘要,ST天山,2022-04-26,https://static.cninfo.com.cn/finalpage/2022-04-27/1213145440.PDF,2021,345,2026-08-06
300313,深圳证券交易所,天山生物,9900021985,1213145441,2021年年度报告,ST天山,2022-04-26,https://static.cninfo.com.cn/finalpage/2022-04-27/1213145441.PDF,2021,3690,2026-08-06
300313,深圳证券交易所,天山生物,9900021985,1216584314,2022年年度报告摘要,ST天山,2023-04-25,https://static.cninfo.com.cn/finalpage/2023-04-26/1216584314.PDF,2022,271,2026-08-06
300313,深圳证券交易所,天山生物,9900021985,1216584318,2022年年度报告,ST天山,2023-04-25,https://static.cninfo.com.cn/finalpage/2023-04-26/1216584318.PDF,2022,4285,2026-08-06
300313,深圳证券交易所,天山生物,9900021985,1219474286,2023年年度报告摘要,*ST天山,2024-03-29,https://static.cninfo.com.cn/finalpage/2024-03-30/1219474286.PDF,2023,410,2026-08-06
300313,深圳证券交易所,天山生物,9900021985,1219474293,2023年年度报告,*ST天山,2024-03-29,https://static.cninfo.com.cn/finalpage/2024-03-30/1219474293.PDF,2023,4350,2026-08-06
300498,深圳证券交易所,温氏股份,9900009247,1202185591,2015年年度报告,温氏股份,2016-04-17,https://static.cninfo.com.cn/finalpage/2016-04-18/1202185591.PDF,2015,4880,2026-08-06
300498,深圳证券交易所,温氏股份,9900009247,1202185614,2015年年度报告摘要,温氏股份,2016-04-17,https://static.cninfo.com.cn/finalpage/2016-04-18/1202185614.PDF,2015,527,2026-08-06
300498,深圳证券交易所,温氏股份,9900009247,1203258338,2016年年度报告摘要,温氏股份,2017-04-06,https://static.cninfo.com.cn/finalpage/2017-04-07/1203258338.PDF,2016,180,2026-08-06
300498,深圳证券交易所,温氏股份,9900009247,1203258370,2016年年度报告,温氏股份,2017-04-06,https://static.cninfo.com.cn/finalpage/2017-04-07/1203258370.PDF,2016,4872,2026-08-06
300498,深圳证券交易所,温氏股份,9900009247,1204596877,2017年年度报告摘要,温氏股份,2018-04-09,https://static.cninfo.com.cn/finalpage/2018-04-10/1204596877.PDF,2017,235,2026-08-06
300498,深圳证券交易所,温氏股份,9900009247,1204596930,2017年年度报告,温氏股份,2018-04-09,https://static.cninfo.com.cn/finalpage/2018-04-10/1204596930.PDF,2017,5024,2026-08-06
300498,深圳证券交易所,温氏股份,9900009247,1206003980,2018年年度报告,温氏股份,2019-04-09,https://static.cninfo.com.cn/finalpage/2019-04-10/1206003980.PDF,2018,1925,2026-08-06
300498,深圳证券交易所,温氏股份,9900009247,1206004001,2018年年度报告摘要,温氏股份,2019-04-09,https://static.cninfo.com.cn/finalpage/2019-04-10/1206004001.PDF,2018,252,2026-08-06
300498,深圳证券交易所,温氏股份,9900009247,1207587186,2019年年度报告摘要,温氏股份,2020-04-23,https://static.cninfo.com.cn/finalpage/2020-04-24/1207587186.PDF,2019,323,2026-08-06
300498,深圳证券交易所,温氏股份,9900009247,1207587189,2019年年度报告,温氏股份,2020-04-23,https://static.cninfo.com.cn/finalpage/2020-04-24/1207587189.PDF,2019,5954,2026-08-06
300498,深圳证券交易所,温氏股份,9900009247,1209759662,2020年年度报告摘要,温氏股份,2021-04-21,https://static.cninfo.com.cn/finalpage/2021-04-22/1209759662.PDF,2020,347,2026-08-06
300498,深圳证券交易所,温氏股份,9900009247,1209759675,2020年年度报告,温氏股份,2021-04-21,https://static.cninfo.com.cn/finalpage/2021-04-22/1209759675.PDF,2020,9905,2026-08-06
300498,深圳证券交易所,温氏股份,9900009247,1212943163,2021年年度报告摘要,温氏股份,2022-04-15,https://static.cninfo.com.cn/finalpage/2022-04-16/1212943163.PDF,2021,319,2026-08-06
300498,深圳证券交易所,温氏股份,9900009247,1212943189,2021年年度报告,温氏股份,2022-04-15,https://static.cninfo.com.cn/finalpage/2022-04-16/1212943189.PDF,2021,7911,2026-08-06
300498,深圳证券交易所,温氏股份,9900009247,1216584900,2022年年度报告,温氏股份,2023-04-25,https://static.cninfo.com.cn/finalpage/2023-04-26/1216584900.PDF,2022,8765,2026-08-06
300498,深圳证券交易所,温氏股份,9900009247,1216584908,2022年年度报告摘要,温氏股份,2023-04-25,https://static.cninfo.com.cn/finalpage/2023-04-26/1216584908.PDF,2022,461,2026-08-06
300498,深圳证券交易所,温氏股份,9900009247,1219866682,2023年年度报告摘要,温氏股份,2024-04-28,https://static.cninfo.com.cn/finalpage/2024-04-29/1219866682.PDF,2023,495,2026-08-06
300498,深圳证券交易所,温氏股份,9900009247,1219866693,2023年年度报告,温氏股份,2024-04-28,https://static.cninfo.com.cn/finalpage/2024-04-29/1219866693.PDF,2023,6673,2026-08-06
300511,深圳证券交易所,雪榕生物,9900024682,1203155451,2016年年度报告摘要,雪榕生物,2017-03-13,https://static.cninfo.com.cn/finalpage/2017-03-14/1203155451.PDF,2016,403,2026-08-06
300511,深圳证券交易所,雪榕生物,9900024682,1203155463,2016年年度报告,雪榕生物,2017-03-13,https://static.cninfo.com.cn/finalpage/2017-03-14/1203155463.PDF,2016,3115,2026-08-06
300511,深圳证券交易所,雪榕生物,9900024682,1204478340,2017年年度报告摘要,雪榕生物,2018-03-14,https://static.cninfo.com.cn/finalpage/2018-03-15/1204478340.PDF,2017,351,2026-08-06
300511,深圳证券交易所,雪榕生物,9900024682,1204478341,2017年年度报告（已取消）,雪榕生物,2018-03-14,https://static.cninfo.com.cn/finalpage/2018-03-15/1204478341.PDF,2017,3196,2026-08-06
300511,深圳证券交易所,雪榕生物,9900024682,1205028653,2017年年度报告（更新后）,雪榕生物,2018-06-01,https://static.cninfo.com.cn/finalpage/2018-06-01/1205028653.PDF,2017,3210,2026-08-06
300511,深圳证券交易所,雪榕生物,9900024682,1206093328,2018年年度报告摘要,雪榕生物,2019-04-24,https://static.cninfo.com.cn/finalpage/2019-04-25/1206093328.PDF,2018,309,2026-08-06
300511,深圳证券交易所,雪榕生物,9900024682,1206093329,2018年年度报告,雪榕生物,2019-04-24,https://static.cninfo.com.cn/finalpage/2019-04-25/1206093329.PDF,2018,3215,2026-08-06
300511,深圳证券交易所,雪榕生物,9900024682,1207608367,2019年年度报告摘要,雪榕生物,2020-04-24,https://static.cninfo.com.cn/finalpage/2020-04-25/1207608367.PDF,2019,370,2026-08-06
300511,深圳证券交易所,雪榕生物,9900024682,1207608368,2019年年度报告,雪榕生物,2020-04-24,https://static.cninfo.com.cn/finalpage/2020-04-25/1207608368.PDF,2019,3457,2026-08-06
300511,深圳证券交易所,雪榕生物,9900024682,1209669076,2020年年度报告摘要,雪榕生物,2021-04-09,https://static.cninfo.com.cn/finalpage/2021-04-10/1209669076.PDF,2020,586,2026-08-06
300511,深圳证券交易所,雪榕生物,9900024682,1209669078,2020年年度报告,雪榕生物,2021-04-09,https://static.cninfo.com.cn/finalpage/2021-04-10/1209669078.PDF,2020,4009,2026-08-06
300511,深圳证券交易所,雪榕生物,9900024682,1213146179,2021年年度报告摘要,雪榕生物,2022-04-26,https://static.cninfo.com.cn/finalpage/2022-04-27/1213146179.PDF,2021,683,2026-08-06
300511,深圳证券交易所,雪榕生物,9900024682,1213146181,2021年年度报告,雪榕生物,2022-04-26,https://static.cninfo.com.cn/finalpage/2022-04-27/1213146181.PDF,2021,4320,2026-08-06
300511,深圳证券交易所,雪榕生物,9900024682,1216588431,2022年年度报告,雪榕生物,2023-04-25,https://static.cninfo.com.cn/finalpage/2023-04-26/1216588431.PDF,2022,3629,2026-08-06
300511,深圳证券交易所,雪榕生物,9900024682,1216588448,2022年年度报告摘要,雪榕生物,2023-04-25,https://static.cninfo.com.cn/finalpage/2023-04-26/1216588448.PDF,2022,539,2026-08-06
300511,深圳证券交易所,雪榕生物,9900024682,1219839647,上海雪榕生物科技股份有限公司2021年年度报告摘要（更正后）,雪榕生物,2024-04-25,https://static.cninfo.com.cn/finalpage/2024-04-26/1219839647.PDF,2021,914,2026-08-06
300511,深圳证券交易所,雪榕生物,9900024682,1219839658,2023年年度报告摘要,雪榕生物,2024-04-25,https://static.cninfo.com.cn/finalpage/2024-04-26/1219839658.PDF,2023,424,2026-08-06
300511,深圳证券交易所,雪榕生物,9900024682,1219839662,2023年年度报告,雪榕生物,2024-04-25,https://static.cninfo.com.cn/finalpage/2024-04-26/1219839662.PDF,2023,3800,2026-08-06
300511,深圳证券交易所,雪榕生物,9900024682,1219839663,上海雪榕生物科技股份有限公司2020年年度报告（更正后）,雪榕生物,2024-04-25,https://static.cninfo.com.cn/finalpage/2024-04-26/1219839663.PDF,2020,6631,2026-08-06
300511,深圳证券交易所,雪榕生物,9900024682,1219839666,上海雪榕生物科技股份有限公司2020年年度报告摘要（更正后）,雪榕生物,2024-04-25,https://static.cninfo.com.cn/finalpage/2024-04-26/1219839666.PDF,2020,837,2026-08-06
300511,深圳证券交易所,雪榕生物,9900024682,1219839722,上海雪榕生物科技股份有限公司2021年年度报告（更正后）,雪榕生物,2024-04-25,https://static.cninfo.com.cn/finalpage/2024-04-26/1219839722.PDF,2021,6946,2026-08-06
300761,深圳证券交易所,立华股份,9900032565,1205999949,2018年年度报告,立华股份,2019-04-08,https://static.cninfo.com.cn/finalpage/2019-04-09/1205999949.PDF,2018,2812,2026-08-06
300761,深圳证券交易所,立华股份,9900032565,1205999964,2018年年度报告摘要,立华股份,2019-04-08,https://static.cninfo.com.cn/finalpage/2019-04-09/1205999964.PDF,2018,295,2026-08-06
300761,深圳证券交易所,立华股份,9900032565,1207587596,2019年年度报告（已取消）,立华股份,2020-04-23,https://static.cninfo.com.cn/finalpage/2020-04-24/1207587596.PDF,2019,7648,2026-08-06
300761,深圳证券交易所,立华股份,9900032565,1207587623,2019年年度报告摘要,立华股份,2020-04-23,https://static.cninfo.com.cn/finalpage/2020-04-24/1207587623.PDF,2019,670,2026-08-06
300761,深圳证券交易所,立华股份,9900032565,1209346959,2020年年度报告摘要,立华股份,2021-03-05,https://static.cninfo.com.cn/finalpage/2021-03-06/1209346959.PDF,2020,554,2026-08-06
300761,深圳证券交易所,立华股份,9900032565,1209346960,2020年年度报告,立华股份,2021-03-05,https://static.cninfo.com.cn/finalpage/2021-03-06/1209346960.PDF,2020,3745,2026-08-06
300761,深圳证券交易所,立华股份,9900032565,1209567348,2019年年度报告（更新后）,立华股份,2021-03-31,https://static.cninfo.com.cn/finalpage/2021-04-01/1209567348.PDF,2019,3797,2026-08-06
300761,深圳证券交易所,立华股份,9900032565,1213054809,2021年年度报告摘要,立华股份,2022-04-22,https://static.cninfo.com.cn/finalpage/2022-04-23/1213054809.PDF,2021,307,2026-08-06
300761,深圳证券交易所,立华股份,9900032565,1213055156,2021年年度报告,立华股份,2022-04-22,https://static.cninfo.com.cn/finalpage/2022-04-23/1213055156.PDF,2021,3749,2026-08-06
300761,深圳证券交易所,立华股份,9900032565,1216525276,2022年年度报告,立华股份,2023-04-21,https://static.cninfo.com.cn/finalpage/2023-04-22/1216525276.PDF,2022,3583,2026-08-06
300761,深圳证券交易所,立华股份,9900032565,1216525284,2022年年度报告摘要,立华股份,2023-04-21,https://static.cninfo.com.cn/finalpage/2023-04-22/1216525284.PDF,2022,402,2026-08-06
300761,深圳证券交易所,立华股份,9900032565,1219693240,2023年年度报告摘要,立华股份,2024-04-21,https://static.cninfo.com.cn/finalpage/2024-04-22/1219693240.PDF,2023,516,2026-08-06
300761,深圳证券交易所,立华股份,9900032565,1219693250,2023年年度报告,立华股份,2024-04-21,https://static.cninfo.com.cn/finalpage/2024-04-22/1219693250.PDF,2023,4441,2026-08-06
300783,深圳证券交易所,三只松鼠,9900035084,1207664758,2019年年度报告摘要,三只松鼠,2020-04-28,https://static.cninfo.com.cn/finalpage/2020-04-29/1207664758.PDF,2019,212,2026-08-06
300783,深圳证券交易所,三只松鼠,9900035084,1207664761,2019年年度报告,三只松鼠,2020-04-28,https://static.cninfo.com.cn/finalpage/2020-04-29/1207664761.PDF,2019,1864,2026-08-06
300783,深圳证券交易所,三只松鼠,9900035084,1209464626,2020年年度报告摘要,三只松鼠,2021-03-26,https://static.cninfo.com.cn/finalpage/2021-03-27/1209464626.PDF,2020,748,2026-08-06
300783,深圳证券交易所,三只松鼠,9900035084,1209464627,2020年年度报告,三只松鼠,2021-03-26,https://static.cninfo.com.cn/finalpage/2021-03-27/1209464627.PDF,2020,4246,2026-08-06
300783,深圳证券交易所,三只松鼠,9900035084,1213049248,2021年年度报告摘要,三只松鼠,2022-04-22,https://static.cninfo.com.cn/finalpage/2022-04-23/1213049248.PDF,2021,366,2026-08-06
300783,深圳证券交易所,三只松鼠,9900035084,1213049252,2021年年度报告,三只松鼠,2022-04-22,https://static.cninfo.com.cn/finalpage/2022-04-23/1213049252.PDF,2021,3804,2026-08-06
300783,深圳证券交易所,三只松鼠,9900035084,1216582864,2022年年度报告摘要,三只松鼠,2023-04-25,https://static.cninfo.com.cn/finalpage/2023-04-26/1216582864.PDF,2022,244,2026-08-06
300783,深圳证券交易所,三只松鼠,9900035084,1216582867,2022年年度报告,三只松鼠,2023-04-25,https://static.cninfo.com.cn/finalpage/2023-04-26/1216582867.PDF,2022,2871,2026-08-06
300783,深圳证券交易所,三只松鼠,9900035084,1219404481,2023年年度报告,三只松鼠,2024-03-25,https://static.cninfo.com.cn/finalpage/2024-03-26/1219404481.PDF,2023,2812,2026-08-06
300783,深圳证券交易所,三只松鼠,9900035084,1219404511,2023年年度报告摘要,三只松鼠,2024-03-25,https://static.cninfo.com.cn/finalpage/2024-03-26/1219404511.PDF,2023,260,2026-08-06
300871,深圳证券交易所,回盛生物,9900039738,1209464975,2020年年度报告摘要,回盛生物,2021-03-28,https://static.cninfo.com.cn/finalpage/2021-03-29/1209464975.PDF,2020,234,2026-08-06
300871,深圳证券交易所,回盛生物,9900039738,1209464990,2020年年度报告,回盛生物,2021-03-28,https://static.cninfo.com.cn/finalpage/2021-03-29/1209464990.PDF,2020,1388,2026-08-06
300871,深圳证券交易所,回盛生物,9900039738,1212540730,2021年年度报告摘要,回盛生物,2022-03-10,https://static.cninfo.com.cn/finalpage/2022-03-11/1212540730.PDF,2021,194,2026-08-06
300871,深圳证券交易所,回盛生物,9900039738,1212540738,2021年年度报告,回盛生物,2022-03-10,https://static.cninfo.com.cn/finalpage/2022-03-11/1212540738.PDF,2021,1505,2026-08-06
300871,深圳证券交易所,回盛生物,9900039738,1216615582,2022年年度报告摘要,回盛生物,2023-04-26,https://static.cninfo.com.cn/finalpage/2023-04-27/1216615582.PDF,2022,278,2026-08-06
300871,深圳证券交易所,回盛生物,9900039738,1216615628,2022年年度报告,回盛生物,2023-04-26,https://static.cninfo.com.cn/finalpage/2023-04-27/1216615628.PDF,2022,1452,2026-08-06
300871,深圳证券交易所,回盛生物,9900039738,1219796095,2023年年度报告摘要,回盛生物,2024-04-24,https://static.cninfo.com.cn/finalpage/2024-04-25/1219796095.PDF,2023,264,2026-08-06
300871,深圳证券交易所,回盛生物,9900039738,1219796102,2023年年度报告,回盛生物,2024-04-24,https://static.cninfo.com.cn/finalpage/2024-04-25/1219796102.PDF,2023,1424,2026-08-06
300898,深圳证券交易所,熊猫乳品,gfbj0832559,1209702339,2020年年度报告摘要,熊猫乳品,2021-04-15,https://static.cninfo.com.cn/finalpage/2021-04-16/1209702339.PDF,2020,306,2026-08-06
300898,深圳证券交易所,熊猫乳品,gfbj0832559,1209702341,2020年年度报告,熊猫乳品,2021-04-15,https://static.cninfo.com.cn/finalpage/2021-04-16/1209702341.PDF,2020,1104,2026-08-06
300898,深圳证券交易所,熊猫乳品,gfbj0832559,1212940603,2021年年度报告摘要,熊猫乳品,2022-04-17,https://static.cninfo.com.cn/finalpage/2022-04-18/1212940603.PDF,2021,277,2026-08-06
300898,深圳证券交易所,熊猫乳品,gfbj0832559,1212940608,2021年年度报告,熊猫乳品,2022-04-17,https://static.cninfo.com.cn/finalpage/2022-04-18/1212940608.PDF,2021,4579,2026-08-06
300898,深圳证券交易所,熊猫乳品,gfbj0832559,1216478038,2022年年度报告,熊猫乳品,2023-04-19,https://static.cninfo.com.cn/finalpage/2023-04-20/1216478038.PDF,2022,4323,2026-08-06
300898,深圳证券交易所,熊猫乳品,gfbj0832559,1216478049,2022年年度报告摘要,熊猫乳品,2023-04-19,https://static.cninfo.com.cn/finalpage/2023-04-20/1216478049.PDF,2022,469,2026-08-06
300898,深圳证券交易所,熊猫乳品,gfbj0832559,1219793922,2023年年度报告摘要,熊猫乳品,2024-04-24,https://static.cninfo.com.cn/finalpage/2024-04-25/1219793922.PDF,2023,475,2026-08-06
300898,深圳证券交易所,熊猫乳品,gfbj0832559,1219793925,2023年年度报告,熊猫乳品,2024-04-24,https://static.cninfo.com.cn/finalpage/2024-04-25/1219793925.PDF,2023,1298,2026-08-06
300908,深圳证券交易所,仲景食品,9900039763,1209641988,2020年年度报告摘要,仲景食品,2021-04-06,https://static.cninfo.com.cn/finalpage/2021-04-07/1209641988.PDF,2020,554,2026-08-06
300908,深圳证券交易所,仲景食品,9900039763,1209641989,2020年年度报告,仲景食品,2021-04-06,https://static.cninfo.com.cn/finalpage/2021-04-07/1209641989.PDF,2020,3458,2026-08-06
300908,深圳证券交易所,仲景食品,9900039763,1212883860,2021年年度报告摘要,仲景食品,2022-04-11,https://static.cninfo.com.cn/finalpage/2022-04-12/1212883860.PDF,2021,859,2026-08-06
300908,深圳证券交易所,仲景食品,9900039763,1212883861,2021年年度报告,仲景食品,2022-04-11,https://static.cninfo.com.cn/finalpage/2022-04-12/1212883861.PDF,2021,3625,2026-08-06
300908,深圳证券交易所,仲景食品,9900039763,1216357908,2022年年度报告,仲景食品,2023-04-07,https://static.cninfo.com.cn/finalpage/2023-04-08/1216357908.PDF,2022,3865,2026-08-06
300908,深圳证券交易所,仲景食品,9900039763,1216357919,2022年年度报告摘要,仲景食品,2023-04-07,https://static.cninfo.com.cn/finalpage/2023-04-08/1216357919.PDF,2022,985,2026-08-06
300908,深圳证券交易所,仲景食品,9900039763,1219535199,2023年年度报告,仲景食品,2024-04-08,https://static.cninfo.com.cn/finalpage/2024-04-09/1219535199.PDF,2023,4142,2026-08-06
300908,深圳证券交易所,仲景食品,9900039763,1219535236,2023年年度报告摘要,仲景食品,2024-04-08,https://static.cninfo.com.cn/finalpage/2024-04-09/1219535236.PDF,2023,1000,2026-08-06
300967,深圳证券交易所,晓鸣股份,gfbj0831243,1209853061,2020年年度报告摘要,晓鸣股份,2021-04-28,https://static.cninfo.com.cn/finalpage/2021-04-29/1209853061.PDF,2020,238,2026-08-06
300967,深圳证券交易所,晓鸣股份,gfbj0831243,1209853063,2020年年度报告,晓鸣股份,2021-04-28,https://static.cninfo.com.cn/finalpage/2021-04-29/1209853063.PDF,2020,2202,2026-08-06
300967,深圳证券交易所,晓鸣股份,gfbj0831243,1213144328,2021年年度报告摘要,晓鸣股份,2022-04-26,https://static.cninfo.com.cn/finalpage/2022-04-27/1213144328.PDF,2021,287,2026-08-06
300967,深圳证券交易所,晓鸣股份,gfbj0831243,1213144332,2021年年度报告,晓鸣股份,2022-04-26,https://static.cninfo.com.cn/finalpage/2022-04-27/1213144332.PDF,2021,4575,2026-08-06
300967,深圳证券交易所,晓鸣股份,gfbj0831243,1216579493,2022年年度报告,晓鸣股份,2023-04-25,https://static.cninfo.com.cn/finalpage/2023-04-26/1216579493.PDF,2022,1774,2026-08-06
300967,深圳证券交易所,晓鸣股份,gfbj0831243,1216579494,2022年年度报告摘要,晓鸣股份,2023-04-25,https://static.cninfo.com.cn/finalpage/2023-04-26/1216579494.PDF,2022,486,2026-08-06
300967,深圳证券交易所,晓鸣股份,gfbj0831243,1219670266,2023年年度报告摘要,晓鸣股份,2024-04-18,https://static.cninfo.com.cn/finalpage/2024-04-19/1219670266.PDF,2023,858,2026-08-06
300967,深圳证券交易所,晓鸣股份,gfbj0831243,1219670312,2023年年度报告,晓鸣股份,2024-04-18,https://static.cninfo.com.cn/finalpage/2024-04-19/1219670312.PDF,2023,1715,2026-08-06
300970,深圳证券交易所,华绿生物,gfbj0832838,1209837136,2020年年度报告摘要,华绿生物,2021-04-27,https://static.cninfo.com.cn/finalpage/2021-04-28/1209837136.PDF,2020,431,2026-08-06
300970,深圳证券交易所,华绿生物,gfbj0832838,1209837138,2020年年度报告,华绿生物,2021-04-27,https://static.cninfo.com.cn/finalpage/2021-04-28/1209837138.PDF,2020,1443,2026-08-06
300970,深圳证券交易所,华绿生物,gfbj0832838,1212857700,2021年年度报告摘要,华绿生物,2022-04-08,https://static.cninfo.com.cn/finalpage/2022-04-09/1212857700.PDF,2021,214,2026-08-06
300970,深圳证券交易所,华绿生物,gfbj0832838,1212857703,2021年年度报告,华绿生物,2022-04-08,https://static.cninfo.com.cn/finalpage/2022-04-09/1212857703.PDF,2021,1430,2026-08-06
300970,深圳证券交易所,华绿生物,gfbj0832838,1216524408,2022年年度报告,华绿生物,2023-04-23,https://static.cninfo.com.cn/finalpage/2023-04-24/1216524408.PDF,2022,1258,2026-08-06
300970,深圳证券交易所,华绿生物,gfbj0832838,1216524457,2022年年度报告摘要,华绿生物,2023-04-23,https://static.cninfo.com.cn/finalpage/2023-04-24/1216524457.PDF,2022,348,2026-08-06
300970,深圳证券交易所,华绿生物,gfbj0832838,1219744137,2023年年度报告摘要,华绿生物,2024-04-22,https://static.cninfo.com.cn/finalpage/2024-04-23/1219744137.PDF,2023,328,2026-08-06
300970,深圳证券交易所,华绿生物,gfbj0832838,1219744144,2023年年度报告,华绿生物,2024-04-22,https://static.cninfo.com.cn/finalpage/2024-04-23/1219744144.PDF,2023,1384,2026-08-06
300972,深圳证券交易所,万辰集团,gfbj0833260,1209856145,2020年年度报告摘要,万辰生物,2021-04-28,https://static.cninfo.com.cn/finalpage/2021-04-29/1209856145.PDF,2020,333,2026-08-06
300972,深圳证券交易所,万辰集团,gfbj0833260,1209856147,2020年年度报告,万辰生物,2021-04-28,https://static.cninfo.com.cn/finalpage/2021-04-29/1209856147.PDF,2020,2149,2026-08-06
300972,深圳证券交易所,万辰集团,gfbj0833260,1213107144,2021年年度报告摘要,万辰生物,2022-04-25,https://static.cninfo.com.cn/finalpage/2022-04-26/1213107144.PDF,2021,367,2026-08-06
300972,深圳证券交易所,万辰集团,gfbj0833260,1213107146,2021年年度报告,万辰生物,2022-04-25,https://static.cninfo.com.cn/finalpage/2022-04-26/1213107146.PDF,2021,2204,2026-08-06
300972,深圳证券交易所,万辰集团,gfbj0833260,1216458202,2022年年度报告摘要,万辰生物,2023-04-18,https://static.cninfo.com.cn/finalpage/2023-04-19/1216458202.PDF,2022,429,2026-08-06
300972,深圳证券交易所,万辰集团,gfbj0833260,1216458215,2022年年度报告,万辰生物,2023-04-18,https://static.cninfo.com.cn/finalpage/2023-04-19/1216458215.PDF,2022,1490,2026-08-06
300972,深圳证券交易所,万辰集团,gfbj0833260,1216799539,福建万辰生物科技股份有限公司2022年年度报告（更正后）,万辰生物,2023-05-11,https://static.cninfo.com.cn/finalpage/2023-05-11/1216799539.PDF,2022,1461,2026-08-06
300972,深圳证券交易所,万辰集团,gfbj0833260,1219746726,2023年年度报告摘要,万辰集团,2024-04-22,https://static.cninfo.com.cn/finalpage/2024-04-23/1219746726.PDF,2023,589,2026-08-06
300972,深圳证券交易所,万辰集团,gfbj0833260,1219746730,2023年年度报告,万辰集团,2024-04-22,https://static.cninfo.com.cn/finalpage/2024-04-23/1219746730.PDF,2023,2079,2026-08-06
300972,深圳证券交易所,万辰集团,gfbj0833260,1219764281,2023年年度报告(更正后),万辰集团,2024-04-23,https://static.cninfo.com.cn/finalpage/2024-04-23/1219764281.PDF,2023,2075,2026-08-06
301116,深圳证券交易所,益客食品,9900028946,1213166945,2021年年度报告摘要,益客食品,2022-04-27,https://static.cninfo.com.cn/finalpage/2022-04-28/1213166945.PDF,2021,217,2026-08-06
301116,深圳证券交易所,益客食品,9900028946,1213166980,2021年年度报告,益客食品,2022-04-27,https://static.cninfo.com.cn/finalpage/2022-04-28/1213166980.PDF,2021,4421,2026-08-06
301116,深圳证券交易所,益客食品,9900028946,1216495384,2022年年度报告,益客食品,2023-04-20,https://static.cninfo.com.cn/finalpage/2023-04-21/1216495384.PDF,2022,3434,2026-08-06
301116,深圳证券交易所,益客食品,9900028946,1216495390,2022年年度报告摘要,益客食品,2023-04-20,https://static.cninfo.com.cn/finalpage/2023-04-21/1216495390.PDF,2022,198,2026-08-06
301116,深圳证券交易所,益客食品,9900028946,1219826208,2023年年度报告,益客食品,2024-04-25,https://static.cninfo.com.cn/finalpage/2024-04-26/1219826208.PDF,2023,3410,2026-08-06
301116,深圳证券交易所,益客食品,9900028946,1219826218,2023年年度报告摘要,益客食品,2024-04-25,https://static.cninfo.com.cn/finalpage/2024-04-26/1219826218.PDF,2023,250,2026-08-06
301498,深圳证券交易所,乖宝宠物,9900046969,1219618020,2023年年度报告,乖宝宠物,2024-04-15,https://static.cninfo.com.cn/finalpage/2024-04-16/1219618020.PDF,2023,1553,2026-08-06
301498,深圳证券交易所,乖宝宠物,9900046969,1219618023,2023年年度报告摘要,乖宝宠物,2024-04-15,https://static.cninfo.com.cn/finalpage/2024-04-16/1219618023.PDF,2023,450,2026-08-06
600097,上海证券交易所,开创国际,gssh0600097,63949757,2013年年度报告摘要,开创国际,2014-04-29,https://static.cninfo.com.cn/finalpage/2014-04-30/63949757.PDF,2013,382,2026-08-06
600097,上海证券交易所,开创国际,gssh0600097,63949762,2013年年度报告,开创国际,2014-04-29,https://static.cninfo.com.cn/finalpage/2014-04-30/63949762.PDF,2013,2538,2026-08-06
600097,上海证券交易所,开创国际,gssh0600097,64122331,2013年年度报告(修订版),开创国际,2014-06-10,https://static.cninfo.com.cn/finalpage/2014-06-11/64122331.PDF,2013,2540,2026-08-06
600097,上海证券交易所,开创国际,gssh0600097,64122332,2013年年度报告摘要(修订版),开创国际,2014-06-10,https://static.cninfo.com.cn/finalpage/2014-06-11/64122332.PDF,2013,493,2026-08-06
600097,上海证券交易所,开创国际,gssh0600097,1200946627,2014年年度报告摘要,开创国际,2015-04-29,https://static.cninfo.com.cn/finalpage/2015-04-30/1200946627.PDF,2014,370,2026-08-06
600097,上海证券交易所,开创国际,gssh0600097,1200946634,2014年年度报告,开创国际,2015-04-29,https://static.cninfo.com.cn/finalpage/2015-04-30/1200946634.PDF,2014,1965,2026-08-06
600097,上海证券交易所,开创国际,gssh0600097,1202257344,2015年年度报告摘要,开创国际,2016-04-27,https://static.cninfo.com.cn/finalpage/2016-04-28/1202257344.PDF,2015,501,2026-08-06
600097,上海证券交易所,开创国际,gssh0600097,1202257366,2015年年度报告,开创国际,2016-04-27,https://static.cninfo.com.cn/finalpage/2016-04-28/1202257366.PDF,2015,2018,2026-08-06
600097,上海证券交易所,开创国际,gssh0600097,1203332135,2016年年度报告摘要,开创国际,2017-04-19,https://static.cninfo.com.cn/finalpage/2017-04-20/1203332135.PDF,2016,477,2026-08-06
600097,上海证券交易所,开创国际,gssh0600097,1203332148,2016年年度报告,开创国际,2017-04-19,https://static.cninfo.com.cn/finalpage/2017-04-20/1203332148.PDF,2016,2255,2026-08-06
600097,上海证券交易所,开创国际,gssh0600097,1204663829,2017年年度报告,开创国际,2018-04-19,https://static.cninfo.com.cn/finalpage/2018-04-20/1204663829.PDF,2017,2479,2026-08-06
600097,上海证券交易所,开创国际,gssh0600097,1204663834,2017年年度报告摘要,开创国际,2018-04-19,https://static.cninfo.com.cn/finalpage/2018-04-20/1204663834.PDF,2017,488,2026-08-06
600097,上海证券交易所,开创国际,gssh0600097,1206058152,2018年年度报告摘要,开创国际,2019-04-19,https://static.cninfo.com.cn/finalpage/2019-04-20/1206058152.PDF,2018,392,2026-08-06
600097,上海证券交易所,开创国际,gssh0600097,1206058162,2018年年度报告,开创国际,2019-04-19,https://static.cninfo.com.cn/finalpage/2019-04-20/1206058162.PDF,2018,2378,2026-08-06
600097,上海证券交易所,开创国际,gssh0600097,1207527827,2019年年度报告摘要,开创国际,2020-04-17,https://static.cninfo.com.cn/finalpage/2020-04-18/1207527827.PDF,2019,413,2026-08-06
600097,上海证券交易所,开创国际,gssh0600097,1207527836,2019年年度报告,开创国际,2020-04-17,https://static.cninfo.com.cn/finalpage/2020-04-18/1207527836.PDF,2019,2777,2026-08-06
600097,上海证券交易所,开创国际,gssh0600097,1209566273,开创国际2020年年度报告摘要,开创国际,2021-03-31,https://static.cninfo.com.cn/finalpage/2021-04-01/1209566273.PDF,2020,652,2026-08-06
600097,上海证券交易所,开创国际,gssh0600097,1209566274,开创国际2020年年度报告全文,开创国际,2021-03-31,https://static.cninfo.com.cn/finalpage/2021-04-01/1209566274.PDF,2020,3097,2026-08-06
600097,上海证券交易所,开创国际,gssh0600097,1212764253,开创国际2021年年度报告摘要,开创国际,2022-03-31,https://static.cninfo.com.cn/finalpage/2022-04-01/1212764253.PDF,2021,655,2026-08-06
600097,上海证券交易所,开创国际,gssh0600097,1212764262,开创国际2021年年度报告,开创国际,2022-03-31,https://static.cninfo.com.cn/finalpage/2022-04-01/1212764262.PDF,2021,3235,2026-08-06
600097,上海证券交易所,开创国际,gssh0600097,1216300731,开创国际2022年年度报告摘要,开创国际,2023-03-31,https://static.cninfo.com.cn/finalpage/2023-04-01/1216300731.PDF,2022,608,2026-08-06
600097,上海证券交易所,开创国际,gssh0600097,1216300738,开创国际2022年年度报告,开创国际,2023-03-31,https://static.cninfo.com.cn/finalpage/2023-04-01/1216300738.PDF,2022,3346,2026-08-06
600097,上海证券交易所,开创国际,gssh0600097,1219441413,开创国际2023年年度报告,开创国际,2024-03-28,https://static.cninfo.com.cn/finalpage/2024-03-29/1219441413.PDF,2023,3677,2026-08-06
600097,上海证券交易所,开创国际,gssh0600097,1219441434,开创国际2023年年度报告摘要,开创国际,2024-03-28,https://static.cninfo.com.cn/finalpage/2024-03-29/1219441434.PDF,2023,567,2026-08-06
600108,上海证券交易所,亚盛集团,gssh0600108,63914683,2013年年度报告摘要,亚盛集团,2014-04-24,https://static.cninfo.com.cn/finalpage/2014-04-25/63914683.PDF,2013,490,2026-08-06
600108,上海证券交易所,亚盛集团,gssh0600108,63914686,2013年年度报告,亚盛集团,2014-04-24,https://static.cninfo.com.cn/finalpage/2014-04-25/63914686.PDF,2013,2235,2026-08-06
600108,上海证券交易所,亚盛集团,gssh0600108,1200900632,2014年年度报告摘要,亚盛集团,2015-04-23,https://static.cninfo.com.cn/finalpage/2015-04-24/1200900632.PDF,2014,843,2026-08-06
600108,上海证券交易所,亚盛集团,gssh0600108,1200900635,2014年年度报告,亚盛集团,2015-04-23,https://static.cninfo.com.cn/finalpage/2015-04-24/1200900635.PDF,2014,2957,2026-08-06
600108,上海证券交易所,亚盛集团,gssh0600108,1202261759,2015年年度报告,亚盛集团,2016-04-27,https://static.cninfo.com.cn/finalpage/2016-04-28/1202261759.PDF,2015,3135,2026-08-06
600108,上海证券交易所,亚盛集团,gssh0600108,1202261773,2015年年度报告摘要,亚盛集团,2016-04-27,https://static.cninfo.com.cn/finalpage/2016-04-28/1202261773.PDF,2015,433,2026-08-06
600108,上海证券交易所,亚盛集团,gssh0600108,1203411242,2016年年度报告,亚盛集团,2017-04-27,https://static.cninfo.com.cn/finalpage/2017-04-28/1203411242.PDF,2016,2879,2026-08-06
600108,上海证券交易所,亚盛集团,gssh0600108,1203411252,2016年年度报告摘要,亚盛集团,2017-04-27,https://static.cninfo.com.cn/finalpage/2017-04-28/1203411252.PDF,2016,475,2026-08-06
600108,上海证券交易所,亚盛集团,gssh0600108,1204666987,2017年年度报告,亚盛集团,2018-04-19,https://static.cninfo.com.cn/finalpage/2018-04-20/1204666987.PDF,2017,2691,2026-08-06
600108,上海证券交易所,亚盛集团,gssh0600108,1204666988,2017年年度报告摘要,亚盛集团,2018-04-19,https://static.cninfo.com.cn/finalpage/2018-04-20/1204666988.PDF,2017,398,2026-08-06
600108,上海证券交易所,亚盛集团,gssh0600108,1206164522,2018年年度报告摘要,亚盛集团,2019-04-29,https://static.cninfo.com.cn/finalpage/2019-04-30/1206164522.PDF,2018,439,2026-08-06
600108,上海证券交易所,亚盛集团,gssh0600108,1206164538,2018年年度报告,亚盛集团,2019-04-29,https://static.cninfo.com.cn/finalpage/2019-04-30/1206164538.PDF,2018,2477,2026-08-06
600108,上海证券交易所,亚盛集团,gssh0600108,1207658069,2019年年度报告摘要,亚盛集团,2020-04-28,https://static.cninfo.com.cn/finalpage/2020-04-29/1207658069.PDF,2019,794,2026-08-06
600108,上海证券交易所,亚盛集团,gssh0600108,1207658070,2019年年度报告,亚盛集团,2020-04-28,https://static.cninfo.com.cn/finalpage/2020-04-29/1207658070.PDF,2019,2829,2026-08-06
600108,上海证券交易所,亚盛集团,gssh0600108,1207783877,2019年年度报告（修订版）,亚盛集团,2020-05-12,https://static.cninfo.com.cn/finalpage/2020-05-13/1207783877.PDF,2019,2366,2026-08-06
600108,上海证券交易所,亚盛集团,gssh0600108,1209833233,亚盛集团2020年年度报告摘要.doc,亚盛集团,2021-04-27,https://static.cninfo.com.cn/finalpage/2021-04-28/1209833233.PDF,2020,610,2026-08-06
600108,上海证券交易所,亚盛集团,gssh0600108,1209833234,亚盛集团2020年年度报告.docx,亚盛集团,2021-04-27,https://static.cninfo.com.cn/finalpage/2021-04-28/1209833234.PDF,2020,3264,2026-08-06
600108,上海证券交易所,亚盛集团,gssh0600108,1212981326,亚盛集团2021年年度报告摘要,亚盛集团,2022-04-19,https://static.cninfo.com.cn/finalpage/2022-04-20/1212981326.PDF,2021,599,2026-08-06
600108,上海证券交易所,亚盛集团,gssh0600108,1212981327,亚盛集团2021年年度报告,亚盛集团,2022-04-19,https://static.cninfo.com.cn/finalpage/2022-04-20/1212981327.PDF,2021,3566,2026-08-06
600108,上海证券交易所,亚盛集团,gssh0600108,1216584497,亚盛集团2022年年度报告摘要,亚盛集团,2023-04-25,https://static.cninfo.com.cn/finalpage/2023-04-26/1216584497.PDF,2022,603,2026-08-06
600108,上海证券交易所,亚盛集团,gssh0600108,1216584522,亚盛集团2022年年度报告,亚盛集团,2023-04-25,https://static.cninfo.com.cn/finalpage/2023-04-26/1216584522.PDF,2022,3508,2026-08-06
600108,上海证券交易所,亚盛集团,gssh0600108,1219788130,亚盛集团2023年年度报告,亚盛集团,2024-04-24,https://static.cninfo.com.cn/finalpage/2024-04-25/1219788130.PDF,2023,3628,2026-08-06
600108,上海证券交易所,亚盛集团,gssh0600108,1219788133,亚盛集团2023年年度报告摘要,亚盛集团,2024-04-24,https://static.cninfo.com.cn/finalpage/2024-04-25/1219788133.PDF,2023,683,2026-08-06
600127,上海证券交易所,金健米业,gssh0600127,63789929,2013年年度报告摘要,金健米业,2014-04-03,https://static.cninfo.com.cn/finalpage/2014-04-04/63789929.PDF,2013,530,2026-08-06
600127,上海证券交易所,金健米业,gssh0600127,63789930,2013年年度报告,金健米业,2014-04-03,https://static.cninfo.com.cn/finalpage/2014-04-04/63789930.PDF,2013,2005,2026-08-06
600127,上海证券交易所,金健米业,gssh0600127,1200806441,2014年年度报告摘要,金健米业,2015-04-09,https://static.cninfo.com.cn/finalpage/2015-04-10/1200806441.PDF,2014,680,2026-08-06
600127,上海证券交易所,金健米业,gssh0600127,1200806444,2014年年度报告,金健米业,2015-04-09,https://static.cninfo.com.cn/finalpage/2015-04-10/1200806444.PDF,2014,2500,2026-08-06
600127,上海证券交易所,金健米业,gssh0600127,1202188515,2015年年度报告,金健米业,2016-04-15,https://static.cninfo.com.cn/finalpage/2016-04-16/1202188515.PDF,2015,2527,2026-08-06
600127,上海证券交易所,金健米业,gssh0600127,1202188520,2015年年度报告摘要,金健米业,2016-04-15,https://static.cninfo.com.cn/finalpage/2016-04-16/1202188520.PDF,2015,355,2026-08-06
600127,上海证券交易所,金健米业,gssh0600127,1203196328,2016年年度报告摘要,金健米业,2017-03-24,https://static.cninfo.com.cn/finalpage/2017-03-25/1203196328.PDF,2016,265,2026-08-06
600127,上海证券交易所,金健米业,gssh0600127,1203196329,2016年年度报告,金健米业,2017-03-24,https://static.cninfo.com.cn/finalpage/2017-03-25/1203196329.PDF,2016,2297,2026-08-06
600127,上海证券交易所,金健米业,gssh0600127,1203359528,2016年年度报告(修订版),金健米业,2017-04-21,https://static.cninfo.com.cn/finalpage/2017-04-22/1203359528.PDF,2016,2324,2026-08-06
600127,上海证券交易所,金健米业,gssh0600127,1204622121,2017年年度报告摘要,金健米业,2018-04-12,https://static.cninfo.com.cn/finalpage/2018-04-13/1204622121.PDF,2017,429,2026-08-06
600127,上海证券交易所,金健米业,gssh0600127,1204622129,2017年年度报告,金健米业,2018-04-12,https://static.cninfo.com.cn/finalpage/2018-04-13/1204622129.PDF,2017,2685,2026-08-06
600127,上海证券交易所,金健米业,gssh0600127,1206014177,2018年年度报告,金健米业,2019-04-12,https://static.cninfo.com.cn/finalpage/2019-04-13/1206014177.PDF,2018,2722,2026-08-06
600127,上海证券交易所,金健米业,gssh0600127,1206014178,2018年年度报告摘要,金健米业,2019-04-12,https://static.cninfo.com.cn/finalpage/2019-04-13/1206014178.PDF,2018,391,2026-08-06
600127,上海证券交易所,金健米业,gssh0600127,1207451975,2019年年度报告,金健米业,2020-04-02,https://static.cninfo.com.cn/finalpage/2020-04-03/1207451975.PDF,2019,3081,2026-08-06
600127,上海证券交易所,金健米业,gssh0600127,1207451986,2019年年度报告摘要,金健米业,2020-04-02,https://static.cninfo.com.cn/finalpage/2020-04-03/1207451986.PDF,2019,520,2026-08-06
600127,上海证券交易所,金健米业,gssh0600127,1207783879,2019年年度报告（修订）,金健米业,2020-05-12,https://static.cninfo.com.cn/finalpage/2020-05-13/1207783879.PDF,2019,3088,2026-08-06
600127,上海证券交易所,金健米业,gssh0600127,1209625379,金健米业2020年年度报告摘要,金健米业,2021-04-01,https://static.cninfo.com.cn/finalpage/2021-04-02/1209625379.PDF,2020,710,2026-08-06
600127,上海证券交易所,金健米业,gssh0600127,1209625390,金健米业2020年年度报告全文,金健米业,2021-04-01,https://static.cninfo.com.cn/finalpage/2021-04-02/1209625390.PDF,2020,3786,2026-08-06
600127,上海证券交易所,金健米业,gssh0600127,1212748209,金健米业2021年年度报告摘要,金健米业,2022-03-30,https://static.cninfo.com.cn/finalpage/2022-03-31/1212748209.PDF,2021,869,2026-08-06
600127,上海证券交易所,金健米业,gssh0600127,1212748210,金健米业2021年年度报告全文,金健米业,2022-03-30,https://static.cninfo.com.cn/finalpage/2022-03-31/1212748210.PDF,2021,5438,2026-08-06
600127,上海证券交易所,金健米业,gssh0600127,1216277940,金健米业2022年年度报告摘要,金健米业,2023-03-30,https://static.cninfo.com.cn/finalpage/2023-03-31/1216277940.PDF,2022,936,2026-08-06
600127,上海证券交易所,金健米业,gssh0600127,1216277949,金健米业2022年年度报告全文,金健米业,2023-03-30,https://static.cninfo.com.cn/finalpage/2023-03-31/1216277949.PDF,2022,5541,2026-08-06
600127,上海证券交易所,金健米业,gssh0600127,1219466885,金健米业2023年年度报告摘要,金健米业,2024-03-29,https://static.cninfo.com.cn/finalpage/2024-03-30/1219466885.PDF,2023,924,2026-08-06
600127,上海证券交易所,金健米业,gssh0600127,1219466894,金健米业2023年年度报告,金健米业,2024-03-29,https://static.cninfo.com.cn/finalpage/2024-03-30/1219466894.PDF,2023,5721,2026-08-06
600129,上海证券交易所,太极集团,gssh0600129,63828545,2013年年度报告摘要,太极集团,2014-04-11,https://static.cninfo.com.cn/finalpage/2014-04-12/63828545.PDF,2013,321,2026-08-06
600129,上海证券交易所,太极集团,gssh0600129,63828546,2013年年度报告,太极集团,2014-04-11,https://static.cninfo.com.cn/finalpage/2014-04-12/63828546.PDF,2013,2628,2026-08-06
600129,上海证券交易所,太极集团,gssh0600129,1200724600,2014年年度报告摘要,太极集团,2015-03-20,https://static.cninfo.com.cn/finalpage/2015-03-21/1200724600.PDF,2014,412,2026-08-06
600129,上海证券交易所,太极集团,gssh0600129,1200724606,2014年年度报告,太极集团,2015-03-20,https://static.cninfo.com.cn/finalpage/2015-03-21/1200724606.PDF,2014,3145,2026-08-06
600129,上海证券交易所,太极集团,gssh0600129,1202188525,2015年年度报告,太极集团,2016-04-15,https://static.cninfo.com.cn/finalpage/2016-04-16/1202188525.PDF,2015,3367,2026-08-06
600129,上海证券交易所,太极集团,gssh0600129,1202188534,2015年年度报告摘要,太极集团,2016-04-15,https://static.cninfo.com.cn/finalpage/2016-04-16/1202188534.PDF,2015,336,2026-08-06
600129,上海证券交易所,太极集团,gssh0600129,1203428768,2016年年度报告摘要,太极集团,2017-04-28,https://static.cninfo.com.cn/finalpage/2017-04-29/1203428768.PDF,2016,413,2026-08-06
600129,上海证券交易所,太极集团,gssh0600129,1203428772,2016年年度报告,太极集团,2017-04-28,https://static.cninfo.com.cn/finalpage/2017-04-29/1203428772.PDF,2016,3476,2026-08-06
600129,上海证券交易所,太极集团,gssh0600129,1204681244,2017年年度报告,太极集团,2018-04-20,https://static.cninfo.com.cn/finalpage/2018-04-21/1204681244.PDF,2017,3650,2026-08-06
600129,上海证券交易所,太极集团,gssh0600129,1204681246,2017年年度报告摘要,太极集团,2018-04-20,https://static.cninfo.com.cn/finalpage/2018-04-21/1204681246.PDF,2017,466,2026-08-06
600129,上海证券交易所,太极集团,gssh0600129,1204974604,2017年年度报告（修订版）,太极集团,2018-05-18,https://static.cninfo.com.cn/finalpage/2018-05-19/1204974604.PDF,2017,3676,2026-08-06
600129,上海证券交易所,太极集团,gssh0600129,1206022791,2018年年度报告,太极集团,2019-04-15,https://static.cninfo.com.cn/finalpage/2019-04-16/1206022791.PDF,2018,4114,2026-08-06
600129,上海证券交易所,太极集团,gssh0600129,1206022792,2018年年度报告摘要,太极集团,2019-04-15,https://static.cninfo.com.cn/finalpage/2019-04-16/1206022792.PDF,2018,370,2026-08-06
600129,上海证券交易所,太极集团,gssh0600129,1207646538,2019年年度报告摘要,太极集团,2020-04-27,https://static.cninfo.com.cn/finalpage/2020-04-28/1207646538.PDF,2019,514,2026-08-06
600129,上海证券交易所,太极集团,gssh0600129,1207646549,2019年年度报告,太极集团,2020-04-27,https://static.cninfo.com.cn/finalpage/2020-04-28/1207646549.PDF,2019,4005,2026-08-06
600129,上海证券交易所,太极集团,gssh0600129,1209789479,太极集团2020年年度报告摘要,太极集团,2021-04-23,https://static.cninfo.com.cn/finalpage/2021-04-24/1209789479.PDF,2020,782,2026-08-06
600129,上海证券交易所,太极集团,gssh0600129,1209789490,太极集团2020年年度报告,太极集团,2021-04-23,https://static.cninfo.com.cn/finalpage/2021-04-24/1209789490.PDF,2020,4375,2026-08-06
600129,上海证券交易所,太极集团,gssh0600129,1212751153,太极集团2021年年度报告摘要,太极集团,2022-03-30,https://static.cninfo.com.cn/finalpage/2022-03-31/1212751153.PDF,2021,619,2026-08-06
600129,上海证券交易所,太极集团,gssh0600129,1212751154,太极集团2021年年度报告,太极集团,2022-03-30,https://static.cninfo.com.cn/finalpage/2022-03-31/1212751154.PDF,2021,4711,2026-08-06
600129,上海证券交易所,太极集团,gssh0600129,1216274899,太极集团2022年年度报告,太极集团,2023-03-30,https://static.cninfo.com.cn/finalpage/2023-03-31/1216274899.PDF,2022,4901,2026-08-06
600129,上海证券交易所,太极集团,gssh0600129,1216274928,太极集团2022年年度报告摘要,太极集团,2023-03-30,https://static.cninfo.com.cn/finalpage/2023-03-31/1216274928.PDF,2022,606,2026-08-06
600129,上海证券交易所,太极集团,gssh0600129,1219448646,太极集团2023年年度报告,太极集团,2024-03-28,https://static.cninfo.com.cn/finalpage/2024-03-29/1219448646.PDF,2023,4691,2026-08-06
600129,上海证券交易所,太极集团,gssh0600129,1219448663,太极集团2023年年度报告摘要,太极集团,2024-03-28,https://static.cninfo.com.cn/finalpage/2024-03-29/1219448663.PDF,2023,767,2026-08-06
600195,上海证券交易所,中牧股份,gssh0600195,63720033,2013年年度报告摘要,中牧股份,2014-03-24,https://static.cninfo.com.cn/finalpage/2014-03-25/63720033.PDF,2013,296,2026-08-06
600195,上海证券交易所,中牧股份,gssh0600195,63720041,2013年年度报告,中牧股份,2014-03-24,https://static.cninfo.com.cn/finalpage/2014-03-25/63720041.PDF,2013,2252,2026-08-06
600195,上海证券交易所,中牧股份,gssh0600195,1200732408,2014年年度报告摘要,中牧股份,2015-03-23,https://static.cninfo.com.cn/finalpage/2015-03-24/1200732408.PDF,2014,374,2026-08-06
600195,上海证券交易所,中牧股份,gssh0600195,1200732413,2014年年度报告,中牧股份,2015-03-23,https://static.cninfo.com.cn/finalpage/2015-03-24/1200732413.PDF,2014,2858,2026-08-06
600195,上海证券交易所,中牧股份,gssh0600195,1202090717,2015年年度报告摘要,中牧股份,2016-03-28,https://static.cninfo.com.cn/finalpage/2016-03-29/1202090717.PDF,2015,447,2026-08-06
600195,上海证券交易所,中牧股份,gssh0600195,1202090718,2015年年度报告,中牧股份,2016-03-28,https://static.cninfo.com.cn/finalpage/2016-03-29/1202090718.PDF,2015,2988,2026-08-06
600195,上海证券交易所,中牧股份,gssh0600195,1203276138,2016年年度报告摘要,中牧股份,2017-04-10,https://static.cninfo.com.cn/finalpage/2017-04-11/1203276138.PDF,2016,416,2026-08-06
600195,上海证券交易所,中牧股份,gssh0600195,1203276152,2016年年度报告,中牧股份,2017-04-10,https://static.cninfo.com.cn/finalpage/2017-04-11/1203276152.PDF,2016,2787,2026-08-06
600195,上海证券交易所,中牧股份,gssh0600195,1204667586,2017年年度报告,中牧股份,2018-04-19,https://static.cninfo.com.cn/finalpage/2018-04-20/1204667586.PDF,2017,2687,2026-08-06
600195,上海证券交易所,中牧股份,gssh0600195,1204667598,2017年年度报告摘要,中牧股份,2018-04-19,https://static.cninfo.com.cn/finalpage/2018-04-20/1204667598.PDF,2017,366,2026-08-06
600195,上海证券交易所,中牧股份,gssh0600195,1204975454,2017年年度报告（修订稿）,中牧股份,2018-05-20,https://static.cninfo.com.cn/finalpage/2018-05-21/1204975454.PDF,2017,2747,2026-08-06
600195,上海证券交易所,中牧股份,gssh0600195,1206160353,2018年年度报告摘要,中牧股份,2019-04-29,https://static.cninfo.com.cn/finalpage/2019-04-30/1206160353.PDF,2018,421,2026-08-06
600195,上海证券交易所,中牧股份,gssh0600195,1206160361,2018年年度报告,中牧股份,2019-04-29,https://static.cninfo.com.cn/finalpage/2019-04-30/1206160361.PDF,2018,2922,2026-08-06
600195,上海证券交易所,中牧股份,gssh0600195,1207542022,2019年年度报告摘要,中牧股份,2020-04-20,https://static.cninfo.com.cn/finalpage/2020-04-21/1207542022.PDF,2019,543,2026-08-06
600195,上海证券交易所,中牧股份,gssh0600195,1207542030,2019年年度报告,中牧股份,2020-04-20,https://static.cninfo.com.cn/finalpage/2020-04-21/1207542030.PDF,2019,3177,2026-08-06
600195,上海证券交易所,中牧股份,gssh0600195,1209489733,中牧实业股份有限公司2020年年度报告摘要,中牧股份,2021-03-30,https://static.cninfo.com.cn/finalpage/2021-03-31/1209489733.PDF,2020,795,2026-08-06
600195,上海证券交易所,中牧股份,gssh0600195,1209489735,中牧实业股份有限公司2020年年度报告全文,中牧股份,2021-03-30,https://static.cninfo.com.cn/finalpage/2021-03-31/1209489735.PDF,2020,3779,2026-08-06
600195,上海证券交易所,中牧股份,gssh0600195,1212920621,中牧实业股份有限公司2021年年度报告摘要,中牧股份,2022-04-14,https://static.cninfo.com.cn/finalpage/2022-04-15/1212920621.PDF,2021,793,2026-08-06
600195,上海证券交易所,中牧股份,gssh0600195,1212920624,中牧实业股份有限公司2021年年度报告全文,中牧股份,2022-04-14,https://static.cninfo.com.cn/finalpage/2022-04-15/1212920624.PDF,2021,3758,2026-08-06
600195,上海证券交易所,中牧股份,gssh0600195,1216516931,中牧实业股份有限公司2022年年度报告,中牧股份,2023-04-21,https://static.cninfo.com.cn/finalpage/2023-04-22/1216516931.PDF,2022,3648,2026-08-06
600195,上海证券交易所,中牧股份,gssh0600195,1216516940,中牧实业股份有限公司2022年年度报告摘要,中牧股份,2023-04-21,https://static.cninfo.com.cn/finalpage/2023-04-22/1216516940.PDF,2022,646,2026-08-06
600195,上海证券交易所,中牧股份,gssh0600195,1219551302,中牧实业股份有限公司2023年年度报告摘要,中牧股份,2024-04-09,https://static.cninfo.com.cn/finalpage/2024-04-10/1219551302.PDF,2023,622,2026-08-06
600195,上海证券交易所,中牧股份,gssh0600195,1219551316,中牧实业股份有限公司2023年年度报告,中牧股份,2024-04-09,https://static.cninfo.com.cn/finalpage/2024-04-10/1219551316.PDF,2023,3947,2026-08-06
600211,上海证券交易所,西藏药业,gssh0600211,63847184,2013年年度报告摘要,西藏药业,2014-04-15,https://static.cninfo.com.cn/finalpage/2014-04-16/63847184.PDF,2013,269,2026-08-06
600211,上海证券交易所,西藏药业,gssh0600211,63847193,2013年年度报告,西藏药业,2014-04-15,https://static.cninfo.com.cn/finalpage/2014-04-16/63847193.PDF,2013,1881,2026-08-06
600211,上海证券交易所,西藏药业,gssh0600211,1200741780,2014年年度报告摘要,西藏药业,2015-03-25,https://static.cninfo.com.cn/finalpage/2015-03-26/1200741780.PDF,2014,602,2026-08-06
600211,上海证券交易所,西藏药业,gssh0600211,1200741783,2014年年度报告,西藏药业,2015-03-25,https://static.cninfo.com.cn/finalpage/2015-03-26/1200741783.PDF,2014,3431,2026-08-06
600211,上海证券交易所,西藏药业,gssh0600211,1201133755,2014年年度报告摘要,西藏药业,2015-06-10,https://static.cninfo.com.cn/finalpage/2015-06-11/1201133755.PDF,2014,705,2026-08-06
600211,上海证券交易所,西藏药业,gssh0600211,1201133756,2014年年度报告(修订版),西藏药业,2015-06-10,https://static.cninfo.com.cn/finalpage/2015-06-11/1201133756.PDF,2014,3542,2026-08-06
600211,上海证券交易所,西藏药业,gssh0600211,1202058359,2015年年度报告,西藏药业,2016-03-18,https://static.cninfo.com.cn/finalpage/2016-03-19/1202058359.PDF,2015,2563,2026-08-06
600211,上海证券交易所,西藏药业,gssh0600211,1202058371,2015年年度报告摘要,西藏药业,2016-03-18,https://static.cninfo.com.cn/finalpage/2016-03-19/1202058371.PDF,2015,458,2026-08-06
600211,上海证券交易所,西藏药业,gssh0600211,1203184660,2016年年度报告摘要,西藏药业,2017-03-21,https://static.cninfo.com.cn/finalpage/2017-03-22/1203184660.PDF,2016,456,2026-08-06
600211,上海证券交易所,西藏药业,gssh0600211,1203184677,2016年年度报告,西藏药业,2017-03-21,https://static.cninfo.com.cn/finalpage/2017-03-22/1203184677.PDF,2016,2637,2026-08-06
600211,上海证券交易所,西藏药业,gssh0600211,1204479437,2017年年度报告,西藏药业,2018-03-15,https://static.cninfo.com.cn/finalpage/2018-03-16/1204479437.PDF,2017,2619,2026-08-06
600211,上海证券交易所,西藏药业,gssh0600211,1204479438,2017年年度报告摘要,西藏药业,2018-03-15,https://static.cninfo.com.cn/finalpage/2018-03-16/1204479438.PDF,2017,432,2026-08-06
600211,上海证券交易所,西藏药业,gssh0600211,1204942421,2017年年度报告（修订版）,西藏药业,2018-05-14,https://static.cninfo.com.cn/finalpage/2018-05-15/1204942421.PDF,2017,2620,2026-08-06
600211,上海证券交易所,西藏药业,gssh0600211,1205899929,2018年年度报告摘要,西藏药业,2019-03-14,https://static.cninfo.com.cn/finalpage/2019-03-15/1205899929.PDF,2018,420,2026-08-06
600211,上海证券交易所,西藏药业,gssh0600211,1205899941,2018年年度报告,西藏药业,2019-03-14,https://static.cninfo.com.cn/finalpage/2019-03-15/1205899941.PDF,2018,2433,2026-08-06
600211,上海证券交易所,西藏药业,gssh0600211,1207368821,2019年年度报告,西藏药业,2020-03-12,https://static.cninfo.com.cn/finalpage/2020-03-13/1207368821.PDF,2019,2893,2026-08-06
600211,上海证券交易所,西藏药业,gssh0600211,1207368832,2019年年度报告摘要,西藏药业,2020-03-12,https://static.cninfo.com.cn/finalpage/2020-03-13/1207368832.PDF,2019,514,2026-08-06
600211,上海证券交易所,西藏药业,gssh0600211,1209371492,西藏诺迪康药业股份有限公司2020年年度报告摘要,西藏药业,2021-03-11,https://static.cninfo.com.cn/finalpage/2021-03-12/1209371492.PDF,2020,705,2026-08-06
600211,上海证券交易所,西藏药业,gssh0600211,1209371503,西藏药业2020年年度报告全文,西藏药业,2021-03-11,https://static.cninfo.com.cn/finalpage/2021-03-12/1209371503.PDF,2020,4719,2026-08-06
600211,上海证券交易所,西藏药业,gssh0600211,1212547568,西藏诺迪康药业股份有限公司2021年年度报告摘要,西藏药业,2022-03-11,https://static.cninfo.com.cn/finalpage/2022-03-12/1212547568.PDF,2021,669,2026-08-06
600211,上海证券交易所,西藏药业,gssh0600211,1212547573,西藏诺迪康药业股份有限公司2021年年度报告全文,西藏药业,2022-03-11,https://static.cninfo.com.cn/finalpage/2022-03-12/1212547573.PDF,2021,3348,2026-08-06
600211,上海证券交易所,西藏药业,gssh0600211,1216093807,西藏药业2022年年度报告摘要,西藏药业,2023-03-10,https://static.cninfo.com.cn/finalpage/2023-03-11/1216093807.PDF,2022,686,2026-08-06
600211,上海证券交易所,西藏药业,gssh0600211,1216093815,西藏药业2022年年度报告全文,西藏药业,2023-03-10,https://static.cninfo.com.cn/finalpage/2023-03-11/1216093815.PDF,2022,3266,2026-08-06
600211,上海证券交易所,西藏药业,gssh0600211,1219409994,西藏药业2023年年度报告,西藏药业,2024-03-26,https://static.cninfo.com.cn/finalpage/2024-03-27/1219409994.PDF,2023,3651,2026-08-06
600211,上海证券交易所,西藏药业,gssh0600211,1219410020,西藏药业2023年年度报告摘要,西藏药业,2024-03-26,https://static.cninfo.com.cn/finalpage/2024-03-27/1219410020.PDF,2023,771,2026-08-06
600238,上海证券交易所,ST椰岛,gssh0600238,63678143,2013年年度报告摘要,海南椰岛,2014-03-14,https://static.cninfo.com.cn/finalpage/2014-03-15/63678143.PDF,2013,450,2026-08-06
600238,上海证券交易所,ST椰岛,gssh0600238,63678150,2013年年度报告,海南椰岛,2014-03-14,https://static.cninfo.com.cn/finalpage/2014-03-15/63678150.PDF,2013,2104,2026-08-06
600238,上海证券交易所,ST椰岛,gssh0600238,1200749208,2014年年度报告摘要,海南椰岛,2015-03-26,https://static.cninfo.com.cn/finalpage/2015-03-27/1200749208.PDF,2014,780,2026-08-06
600238,上海证券交易所,ST椰岛,gssh0600238,1200749211,2014年年度报告,海南椰岛,2015-03-26,https://static.cninfo.com.cn/finalpage/2015-03-27/1200749211.PDF,2014,2559,2026-08-06
600238,上海证券交易所,ST椰岛,gssh0600238,1202181451,2015年年度报告摘要,海南椰岛,2016-04-14,https://static.cninfo.com.cn/finalpage/2016-04-15/1202181451.PDF,2015,360,2026-08-06
600238,上海证券交易所,ST椰岛,gssh0600238,1202181459,2015年年度报告,海南椰岛,2016-04-14,https://static.cninfo.com.cn/finalpage/2016-04-15/1202181459.PDF,2015,2645,2026-08-06
600238,上海证券交易所,ST椰岛,gssh0600238,1203427220,2016年年度报告摘要,海南椰岛,2017-04-28,https://static.cninfo.com.cn/finalpage/2017-04-29/1203427220.PDF,2016,430,2026-08-06
600238,上海证券交易所,ST椰岛,gssh0600238,1203427221,2016年年度报告,海南椰岛,2017-04-28,https://static.cninfo.com.cn/finalpage/2017-04-29/1203427221.PDF,2016,2794,2026-08-06
600238,上海证券交易所,ST椰岛,gssh0600238,1204741323,2017年年度报告摘要,海南椰岛,2018-04-24,https://static.cninfo.com.cn/finalpage/2018-04-25/1204741323.PDF,2017,435,2026-08-06
600238,上海证券交易所,ST椰岛,gssh0600238,1204741329,2017年年度报告,海南椰岛,2018-04-24,https://static.cninfo.com.cn/finalpage/2018-04-25/1204741329.PDF,2017,2781,2026-08-06
600238,上海证券交易所,ST椰岛,gssh0600238,1204942856,2017年年度报告（更新后）,*ST椰岛,2018-05-14,https://static.cninfo.com.cn/finalpage/2018-05-15/1204942856.PDF,2017,2819,2026-08-06
600238,上海证券交易所,ST椰岛,gssh0600238,1204982017,2017年年度报告（更新后）,*ST椰岛,2018-05-22,https://static.cninfo.com.cn/finalpage/2018-05-23/1204982017.PDF,2017,2819,2026-08-06
600238,上海证券交易所,ST椰岛,gssh0600238,1206073941,2018年年度报告摘要,*ST椰岛,2019-04-22,https://static.cninfo.com.cn/finalpage/2019-04-23/1206073941.PDF,2018,424,2026-08-06
600238,上海证券交易所,ST椰岛,gssh0600238,1206073954,2018年年度报告,*ST椰岛,2019-04-22,https://static.cninfo.com.cn/finalpage/2019-04-23/1206073954.PDF,2018,3971,2026-08-06
600238,上海证券交易所,ST椰岛,gssh0600238,1207063775,2018年年度报告（更新后）,ST椰岛,2019-11-04,https://static.cninfo.com.cn/finalpage/2019-11-05/1207063775.PDF,2018,3145,2026-08-06
600238,上海证券交易所,ST椰岛,gssh0600238,1207635827,2019年年度报告摘要,ST椰岛,2020-04-27,https://static.cninfo.com.cn/finalpage/2020-04-28/1207635827.PDF,2019,561,2026-08-06
600238,上海证券交易所,ST椰岛,gssh0600238,1207635828,2019年年度报告,ST椰岛,2020-04-27,https://static.cninfo.com.cn/finalpage/2020-04-28/1207635828.PDF,2019,3324,2026-08-06
600238,上海证券交易所,ST椰岛,gssh0600238,1209438181,ST椰岛2020年年度报告摘要,ST椰岛,2021-03-23,https://static.cninfo.com.cn/finalpage/2021-03-24/1209438181.PDF,2020,666,2026-08-06
600238,上海证券交易所,ST椰岛,gssh0600238,1209438182,ST椰岛2020年年度报告,ST椰岛,2021-03-23,https://static.cninfo.com.cn/finalpage/2021-03-24/1209438182.PDF,2020,3724,2026-08-06
600238,上海证券交易所,ST椰岛,gssh0600238,1213104102,海南椰岛2021年年度报告摘要,海南椰岛,2022-04-25,https://static.cninfo.com.cn/finalpage/2022-04-26/1213104102.PDF,2021,657,2026-08-06
600238,上海证券交易所,ST椰岛,gssh0600238,1213104103,海南椰岛2021年年度报告,海南椰岛,2022-04-25,https://static.cninfo.com.cn/finalpage/2022-04-26/1213104103.PDF,2021,5274,2026-08-06
600238,上海证券交易所,ST椰岛,gssh0600238,1216685310,海南椰岛2022年度报告,海南椰岛,2023-04-28,https://static.cninfo.com.cn/finalpage/2023-04-29/1216685310.PDF,2022,3675,2026-08-06
600238,上海证券交易所,ST椰岛,gssh0600238,1216685312,海南椰岛2022年度报告摘要,海南椰岛,2023-04-28,https://static.cninfo.com.cn/finalpage/2023-04-29/1216685312.PDF,2022,817,2026-08-06
600238,上海证券交易所,ST椰岛,gssh0600238,1217430706,海南椰岛2022年度报告（修订版）,海南椰岛,2023-07-31,https://static.cninfo.com.cn/finalpage/2023-08-01/1217430706.PDF,2022,3677,2026-08-06
600238,上海证券交易所,ST椰岛,gssh0600238,1219875263,海南椰岛2023年年度报告,海南椰岛,2024-04-26,https://static.cninfo.com.cn/finalpage/2024-04-27/1219875263.PDF,2023,4022,2026-08-06
600238,上海证券交易所,ST椰岛,gssh0600238,1219875279,海南椰岛2023年年度报告摘要,海南椰岛,2024-04-26,https://static.cninfo.com.cn/finalpage/2024-04-27/1219875279.PDF,2023,602,2026-08-06
600251,上海证券交易所,冠农股份,gssh0600251,63820932,2013年年度报告摘要,冠农股份,2014-04-10,https://static.cninfo.com.cn/finalpage/2014-04-11/63820932.PDF,2013,1488,2026-08-06
600251,上海证券交易所,冠农股份,gssh0600251,63820933,2013年年度报告,冠农股份,2014-04-10,https://static.cninfo.com.cn/finalpage/2014-04-11/63820933.PDF,2013,2193,2026-08-06
600251,上海证券交易所,冠农股份,gssh0600251,1200806712,2014年年度报告摘要,冠农股份,2015-04-09,https://static.cninfo.com.cn/finalpage/2015-04-10/1200806712.PDF,2014,1004,2026-08-06
600251,上海证券交易所,冠农股份,gssh0600251,1200806718,2014年年度报告,冠农股份,2015-04-09,https://static.cninfo.com.cn/finalpage/2015-04-10/1200806718.PDF,2014,3437,2026-08-06
600251,上海证券交易所,冠农股份,gssh0600251,1202160861,2015年年度报告,冠农股份,2016-04-10,https://static.cninfo.com.cn/finalpage/2016-04-11/1202160861.PDF,2015,3400,2026-08-06
600251,上海证券交易所,冠农股份,gssh0600251,1202160862,2015年年度报告摘要,冠农股份,2016-04-10,https://static.cninfo.com.cn/finalpage/2016-04-11/1202160862.PDF,2015,624,2026-08-06
600251,上海证券交易所,冠农股份,gssh0600251,1203265964,2016年年度报告,冠农股份,2017-04-09,https://static.cninfo.com.cn/finalpage/2017-04-10/1203265964.PDF,2016,3347,2026-08-06
600251,上海证券交易所,冠农股份,gssh0600251,1203265965,2016年年度报告摘要,冠农股份,2017-04-09,https://static.cninfo.com.cn/finalpage/2017-04-10/1203265965.PDF,2016,512,2026-08-06
600251,上海证券交易所,冠农股份,gssh0600251,1203545429,2016年年度报告（修订版）,冠农股份,2017-05-19,https://static.cninfo.com.cn/finalpage/2017-05-20/1203545429.PDF,2016,3357,2026-08-06
600251,上海证券交易所,冠农股份,gssh0600251,1204533814,2017年年度报告,冠农股份,2018-03-28,https://static.cninfo.com.cn/finalpage/2018-03-29/1204533814.PDF,2017,3459,2026-08-06
600251,上海证券交易所,冠农股份,gssh0600251,1204533815,2017年年度报告摘要,冠农股份,2018-03-28,https://static.cninfo.com.cn/finalpage/2018-03-29/1204533815.PDF,2017,482,2026-08-06
600251,上海证券交易所,冠农股份,gssh0600251,1204804191,2017年年度报告（修订版）,冠农股份,2018-04-26,https://static.cninfo.com.cn/finalpage/2018-04-27/1204804191.PDF,2017,3484,2026-08-06
600251,上海证券交易所,冠农股份,gssh0600251,1205958587,2018年年度报告,冠农股份,2019-03-28,https://static.cninfo.com.cn/finalpage/2019-03-29/1205958587.PDF,2018,3607,2026-08-06
600251,上海证券交易所,冠农股份,gssh0600251,1205958588,2018年年度报告摘要,冠农股份,2019-03-28,https://static.cninfo.com.cn/finalpage/2019-03-29/1205958588.PDF,2018,499,2026-08-06
600251,上海证券交易所,冠农股份,gssh0600251,1207609653,2019年年度报告摘要,冠农股份,2020-04-24,https://static.cninfo.com.cn/finalpage/2020-04-25/1207609653.PDF,2019,747,2026-08-06
600251,上海证券交易所,冠农股份,gssh0600251,1207609654,2019年年度报告,冠农股份,2020-04-24,https://static.cninfo.com.cn/finalpage/2020-04-25/1207609654.PDF,2019,3792,2026-08-06
600251,上海证券交易所,冠农股份,gssh0600251,1209461961,新疆冠农果茸股份有限公司2020年年度报告摘要,冠农股份,2021-03-26,https://static.cninfo.com.cn/finalpage/2021-03-27/1209461961.PDF,2020,670,2026-08-06
600251,上海证券交易所,冠农股份,gssh0600251,1209461962,新疆冠农果茸股份有限公司2020年年度报告,冠农股份,2021-03-26,https://static.cninfo.com.cn/finalpage/2021-03-27/1209461962.PDF,2020,3704,2026-08-06
600251,上海证券交易所,冠农股份,gssh0600251,1212686902,新疆冠农果茸股份有限公司2021年度报告摘要,冠农股份,2022-03-25,https://static.cninfo.com.cn/finalpage/2022-03-26/1212686902.PDF,2021,834,2026-08-06
600251,上海证券交易所,冠农股份,gssh0600251,1212686903,新疆冠农果茸股份有限公司2021年年度报告,冠农股份,2022-03-25,https://static.cninfo.com.cn/finalpage/2022-03-26/1212686903.PDF,2021,4162,2026-08-06
600251,上海证券交易所,冠农股份,gssh0600251,1216498333,新疆冠农股份有限公司2021年年度报告（修订版）,冠农股份,2023-04-20,https://static.cninfo.com.cn/finalpage/2023-04-21/1216498333.PDF,2021,4137,2026-08-06
600251,上海证券交易所,冠农股份,gssh0600251,1216498337,新疆冠农股份有限公司2022年年度报告摘要,冠农股份,2023-04-20,https://static.cninfo.com.cn/finalpage/2023-04-21/1216498337.PDF,2022,832,2026-08-06
600251,上海证券交易所,冠农股份,gssh0600251,1216498346,新疆冠农股份有限公司2022年年度报告,冠农股份,2023-04-20,https://static.cninfo.com.cn/finalpage/2023-04-21/1216498346.PDF,2022,4209,2026-08-06
600251,上海证券交易所,冠农股份,gssh0600251,1219429420,新疆冠农股份有限公司2023年年度报告摘要,冠农股份,2024-03-27,https://static.cninfo.com.cn/finalpage/2024-03-28/1219429420.PDF,2023,813,2026-08-06
600251,上海证券交易所,冠农股份,gssh0600251,1219429441,新疆冠农股份有限公司2023年年度报告,冠农股份,2024-03-27,https://static.cninfo.com.cn/finalpage/2024-03-28/1219429441.PDF,2023,4131,2026-08-06
600257,上海证券交易所,大湖股份,gssh0600257,63929958,2013年年度报告摘要,大湖股份,2014-04-25,https://static.cninfo.com.cn/finalpage/2014-04-26/63929958.PDF,2013,320,2026-08-06
600257,上海证券交易所,大湖股份,gssh0600257,63929964,2013年年度报告,大湖股份,2014-04-25,https://static.cninfo.com.cn/finalpage/2014-04-26/63929964.PDF,2013,1764,2026-08-06
600257,上海证券交易所,大湖股份,gssh0600257,63941109,2013年年度报告(修订版),大湖股份,2014-04-28,https://static.cninfo.com.cn/finalpage/2014-04-29/63941109.PDF,2013,1764,2026-08-06
600257,上海证券交易所,大湖股份,gssh0600257,1200936241,2014年年度报告摘要,大湖股份,2015-04-28,https://static.cninfo.com.cn/finalpage/2015-04-29/1200936241.PDF,2014,691,2026-08-06
600257,上海证券交易所,大湖股份,gssh0600257,1200936245,2014年年度报告,大湖股份,2015-04-28,https://static.cninfo.com.cn/finalpage/2015-04-29/1200936245.PDF,2014,2303,2026-08-06
600257,上海证券交易所,大湖股份,gssh0600257,1202268444,2015年年度报告,大湖股份,2016-04-28,https://static.cninfo.com.cn/finalpage/2016-04-29/1202268444.PDF,2015,2412,2026-08-06
600257,上海证券交易所,大湖股份,gssh0600257,1202268459,2015年年度报告摘要,大湖股份,2016-04-28,https://static.cninfo.com.cn/finalpage/2016-04-29/1202268459.PDF,2015,640,2026-08-06
600257,上海证券交易所,大湖股份,gssh0600257,1203417557,2016年年度报告摘要,大湖股份,2017-04-27,https://static.cninfo.com.cn/finalpage/2017-04-28/1203417557.PDF,2016,379,2026-08-06
600257,上海证券交易所,大湖股份,gssh0600257,1203417570,2016年年度报告,大湖股份,2017-04-27,https://static.cninfo.com.cn/finalpage/2017-04-28/1203417570.PDF,2016,2629,2026-08-06
600257,上海证券交易所,大湖股份,gssh0600257,1204821691,2017年年度报告摘要,大湖股份,2018-04-27,https://static.cninfo.com.cn/finalpage/2018-04-28/1204821691.PDF,2017,396,2026-08-06
600257,上海证券交易所,大湖股份,gssh0600257,1204821710,2017年年度报告,大湖股份,2018-04-27,https://static.cninfo.com.cn/finalpage/2018-04-28/1204821710.PDF,2017,2559,2026-08-06
600257,上海证券交易所,大湖股份,gssh0600257,1205887868,2018年年度报告摘要,大湖股份,2019-03-08,https://static.cninfo.com.cn/finalpage/2019-03-09/1205887868.PDF,2018,388,2026-08-06
600257,上海证券交易所,大湖股份,gssh0600257,1205887876,2018年年度报告,大湖股份,2019-03-08,https://static.cninfo.com.cn/finalpage/2019-03-09/1205887876.PDF,2018,2787,2026-08-06
600257,上海证券交易所,大湖股份,gssh0600257,1206167084,2018年年度报告（修订稿）,大湖股份,2019-04-29,https://static.cninfo.com.cn/finalpage/2019-04-30/1206167084.PDF,2018,2731,2026-08-06
600257,上海证券交易所,大湖股份,gssh0600257,1207689492,2019年年度报告摘要,大湖股份,2020-04-29,https://static.cninfo.com.cn/finalpage/2020-04-30/1207689492.PDF,2019,483,2026-08-06
600257,上海证券交易所,大湖股份,gssh0600257,1207689493,2019年年度报告,大湖股份,2020-04-29,https://static.cninfo.com.cn/finalpage/2020-04-30/1207689493.PDF,2019,2885,2026-08-06
600257,上海证券交易所,大湖股份,gssh0600257,1207919493,2019年年度报告（修订版）,大湖股份,2020-06-11,https://static.cninfo.com.cn/finalpage/2020-06-12/1207919493.PDF,2019,2893,2026-08-06
600257,上海证券交易所,大湖股份,gssh0600257,1209873577,大湖水殖股份有限公司2020年年度报告摘要,大湖股份,2021-04-29,https://static.cninfo.com.cn/finalpage/2021-04-30/1209873577.PDF,2020,671,2026-08-06
600257,上海证券交易所,大湖股份,gssh0600257,1209873588,大湖水殖股份有限公司2020年年度报告,大湖股份,2021-04-29,https://static.cninfo.com.cn/finalpage/2021-04-30/1209873588.PDF,2020,3449,2026-08-06
600257,上海证券交易所,大湖股份,gssh0600257,1213268818,大湖水殖股份有限公司2021年年度报告摘要,大湖股份,2022-04-29,https://static.cninfo.com.cn/finalpage/2022-04-30/1213268818.PDF,2021,705,2026-08-06
600257,上海证券交易所,大湖股份,gssh0600257,1213268819,大湖水殖股份有限公司2021年年度报告,大湖股份,2022-04-29,https://static.cninfo.com.cn/finalpage/2022-04-30/1213268819.PDF,2021,4066,2026-08-06
600257,上海证券交易所,大湖股份,gssh0600257,1216594876,大湖水殖股份有限公司2022年年度报告,大湖股份,2023-04-25,https://static.cninfo.com.cn/finalpage/2023-04-26/1216594876.PDF,2022,3817,2026-08-06
600257,上海证券交易所,大湖股份,gssh0600257,1216594886,大湖水殖股份有限公司2022年年度报告摘要,大湖股份,2023-04-25,https://static.cninfo.com.cn/finalpage/2023-04-26/1216594886.PDF,2022,644,2026-08-06
600257,上海证券交易所,大湖股份,gssh0600257,1217360304,大湖水殖股份有限公司2021年年度报告（更正后）,大湖股份,2023-07-21,https://static.cninfo.com.cn/finalpage/2023-07-22/1217360304.PDF,2021,4070,2026-08-06
600257,上海证券交易所,大湖股份,gssh0600257,1217360305,大湖水殖股份有限公司2020年年度报告（更正后）,大湖股份,2023-07-21,https://static.cninfo.com.cn/finalpage/2023-07-22/1217360305.PDF,2020,3462,2026-08-06
600257,上海证券交易所,大湖股份,gssh0600257,1217360308,大湖水殖股份有限公司2022年年度报告（更正后）,大湖股份,2023-07-21,https://static.cninfo.com.cn/finalpage/2023-07-22/1217360308.PDF,2022,3818,2026-08-06
600257,上海证券交易所,大湖股份,gssh0600257,1219651824,大湖水殖股份有限公司2023年年度报告,大湖股份,2024-04-17,https://static.cninfo.com.cn/finalpage/2024-04-18/1219651824.PDF,2023,3970,2026-08-06
600257,上海证券交易所,大湖股份,gssh0600257,1219651829,大湖水殖股份有限公司2023年年度报告摘要,大湖股份,2024-04-17,https://static.cninfo.com.cn/finalpage/2024-04-18/1219651829.PDF,2023,726,2026-08-06
600265,上海证券交易所,*ST景谷,gssh0600265,63872928,2013年年度报告摘要,*ST景谷,2014-04-18,https://static.cninfo.com.cn/finalpage/2014-04-19/63872928.PDF,2013,449,2026-08-06
600265,上海证券交易所,*ST景谷,gssh0600265,63872933,2013年年度报告,*ST景谷,2014-04-18,https://static.cninfo.com.cn/finalpage/2014-04-19/63872933.PDF,2013,2551,2026-08-06
600265,上海证券交易所,*ST景谷,gssh0600265,1200906391,2014年年度报告摘要,ST景谷,2015-04-24,https://static.cninfo.com.cn/finalpage/2015-04-25/1200906391.PDF,2014,534,2026-08-06
600265,上海证券交易所,*ST景谷,gssh0600265,1200906399,2014年年度报告,ST景谷,2015-04-24,https://static.cninfo.com.cn/finalpage/2015-04-25/1200906399.PDF,2014,2378,2026-08-06
600265,上海证券交易所,*ST景谷,gssh0600265,1202269006,2015年年度报告,ST景谷,2016-04-28,https://static.cninfo.com.cn/finalpage/2016-04-29/1202269006.PDF,2015,2431,2026-08-06
600265,上海证券交易所,*ST景谷,gssh0600265,1202269012,2015年年度报告摘要,ST景谷,2016-04-28,https://static.cninfo.com.cn/finalpage/2016-04-29/1202269012.PDF,2015,397,2026-08-06
600265,上海证券交易所,*ST景谷,gssh0600265,1202282778,2015年年度报告摘要（修订版）,ST景谷,2016-04-29,https://static.cninfo.com.cn/finalpage/2016-04-30/1202282778.PDF,2015,450,2026-08-06
600265,上海证券交易所,*ST景谷,gssh0600265,1202282782,关于2015年年度报告摘要的更正公告,ST景谷,2016-04-29,https://static.cninfo.com.cn/finalpage/2016-04-30/1202282782.PDF,2015,276,2026-08-06
600265,上海证券交易所,*ST景谷,gssh0600265,1203051931,2016年年度报告摘要,*ST景谷,2017-01-24,https://static.cninfo.com.cn/finalpage/2017-01-25/1203051931.PDF,2016,442,2026-08-06
600265,上海证券交易所,*ST景谷,gssh0600265,1203051940,2016年年度报告,*ST景谷,2017-01-24,https://static.cninfo.com.cn/finalpage/2017-01-25/1203051940.PDF,2016,2444,2026-08-06
600265,上海证券交易所,*ST景谷,gssh0600265,1204513745,2017年年度报告摘要,ST景谷,2018-03-23,https://static.cninfo.com.cn/finalpage/2018-03-24/1204513745.PDF,2017,481,2026-08-06
600265,上海证券交易所,*ST景谷,gssh0600265,1204513763,2017年年度报告,ST景谷,2018-03-23,https://static.cninfo.com.cn/finalpage/2018-03-24/1204513763.PDF,2017,2376,2026-08-06
600265,上海证券交易所,*ST景谷,gssh0600265,1206167504,2018年年度报告摘要,ST景谷,2019-04-29,https://static.cninfo.com.cn/finalpage/2019-04-30/1206167504.PDF,2018,435,2026-08-06
600265,上海证券交易所,*ST景谷,gssh0600265,1206167518,2018年年度报告,ST景谷,2019-04-29,https://static.cninfo.com.cn/finalpage/2019-04-30/1206167518.PDF,2018,2436,2026-08-06
600265,上海证券交易所,*ST景谷,gssh0600265,1207582532,2019年年度报告摘要,ST景谷,2020-04-23,https://static.cninfo.com.cn/finalpage/2020-04-24/1207582532.PDF,2019,232,2026-08-06
600265,上海证券交易所,*ST景谷,gssh0600265,1207582543,2019年年度报告,ST景谷,2020-04-23,https://static.cninfo.com.cn/finalpage/2020-04-24/1207582543.PDF,2019,2851,2026-08-06
600265,上海证券交易所,*ST景谷,gssh0600265,1209857494,2020年年度报告_摘要,ST景谷,2021-04-28,https://static.cninfo.com.cn/finalpage/2021-04-29/1209857494.PDF,2020,640,2026-08-06
600265,上海证券交易所,*ST景谷,gssh0600265,1209857505,2020年年度报告,ST景谷,2021-04-28,https://static.cninfo.com.cn/finalpage/2021-04-29/1209857505.PDF,2020,3064,2026-08-06
600265,上海证券交易所,*ST景谷,gssh0600265,1213145142,2021年年度报告_摘要,*ST景谷,2022-04-26,https://static.cninfo.com.cn/finalpage/2022-04-27/1213145142.PDF,2021,739,2026-08-06
600265,上海证券交易所,*ST景谷,gssh0600265,1213145145,2021年年度报告,*ST景谷,2022-04-26,https://static.cninfo.com.cn/finalpage/2022-04-27/1213145145.PDF,2021,3366,2026-08-06
600265,上海证券交易所,*ST景谷,gssh0600265,1213158895,2021年年度报告,*ST景谷,2022-04-27,https://static.cninfo.com.cn/finalpage/2022-04-28/1213158895.PDF,2021,3367,2026-08-06
600265,上海证券交易所,*ST景谷,gssh0600265,1213158896,2021年年度报告_摘要,*ST景谷,2022-04-27,https://static.cninfo.com.cn/finalpage/2022-04-28/1213158896.PDF,2021,736,2026-08-06
600265,上海证券交易所,*ST景谷,gssh0600265,1216644551,2022年年度报告,ST景谷,2023-04-27,https://static.cninfo.com.cn/finalpage/2023-04-28/1216644551.PDF,2022,3468,2026-08-06
600265,上海证券交易所,*ST景谷,gssh0600265,1216644563,2022年年度报告_摘要,ST景谷,2023-04-27,https://static.cninfo.com.cn/finalpage/2023-04-28/1216644563.PDF,2022,784,2026-08-06
600265,上海证券交易所,*ST景谷,gssh0600265,1219773320,2023年年度报告_摘要,ST景谷,2024-04-23,https://static.cninfo.com.cn/finalpage/2024-04-24/1219773320.PDF,2023,881,2026-08-06
600265,上海证券交易所,*ST景谷,gssh0600265,1219773322,2023年年度报告,ST景谷,2024-04-23,https://static.cninfo.com.cn/finalpage/2024-04-24/1219773322.PDF,2023,4236,2026-08-06
600285,上海证券交易所,羚锐制药,gssh0600285,63950298,2013年年度报告摘要,羚锐制药,2014-04-29,https://static.cninfo.com.cn/finalpage/2014-04-30/63950298.PDF,2013,509,2026-08-06
600285,上海证券交易所,羚锐制药,gssh0600285,63950325,2013年年度报告,羚锐制药,2014-04-29,https://static.cninfo.com.cn/finalpage/2014-04-30/63950325.PDF,2013,4735,2026-08-06
600285,上海证券交易所,羚锐制药,gssh0600285,1200896948,2014年年度报告摘要,羚锐制药,2015-04-23,https://static.cninfo.com.cn/finalpage/2015-04-24/1200896948.PDF,2014,829,2026-08-06
600285,上海证券交易所,羚锐制药,gssh0600285,1200896951,2014年年度报告,羚锐制药,2015-04-23,https://static.cninfo.com.cn/finalpage/2015-04-24/1200896951.PDF,2014,2921,2026-08-06
600285,上海证券交易所,羚锐制药,gssh0600285,1202088239,2015年年度报告摘要,羚锐制药,2016-03-28,https://static.cninfo.com.cn/finalpage/2016-03-29/1202088239.PDF,2015,545,2026-08-06
600285,上海证券交易所,羚锐制药,gssh0600285,1202088241,2015年年度报告,羚锐制药,2016-03-28,https://static.cninfo.com.cn/finalpage/2016-03-29/1202088241.PDF,2015,2714,2026-08-06
600285,上海证券交易所,羚锐制药,gssh0600285,1202215419,2015年年度报告(修订版),羚锐制药,2016-04-21,https://static.cninfo.com.cn/finalpage/2016-04-22/1202215419.PDF,2015,2766,2026-08-06
600285,上海证券交易所,羚锐制药,gssh0600285,1203417132,2016年年度报告,羚锐制药,2017-04-27,https://static.cninfo.com.cn/finalpage/2017-04-28/1203417132.PDF,2016,3422,2026-08-06
600285,上海证券交易所,羚锐制药,gssh0600285,1203417133,2016年年度报告摘要,羚锐制药,2017-04-27,https://static.cninfo.com.cn/finalpage/2017-04-28/1203417133.PDF,2016,576,2026-08-06
600285,上海证券交易所,羚锐制药,gssh0600285,1204804178,2017年年度报告,羚锐制药,2018-04-26,https://static.cninfo.com.cn/finalpage/2018-04-27/1204804178.PDF,2017,3312,2026-08-06
600285,上海证券交易所,羚锐制药,gssh0600285,1204804179,2017年年度报告摘要,羚锐制药,2018-04-26,https://static.cninfo.com.cn/finalpage/2018-04-27/1204804179.PDF,2017,599,2026-08-06
600285,上海证券交易所,羚锐制药,gssh0600285,1206085862,2018年年度报告,羚锐制药,2019-04-24,https://static.cninfo.com.cn/finalpage/2019-04-25/1206085862.PDF,2018,3559,2026-08-06
600285,上海证券交易所,羚锐制药,gssh0600285,1206085873,2018年年度报告摘要,羚锐制药,2019-04-24,https://static.cninfo.com.cn/finalpage/2019-04-25/1206085873.PDF,2018,577,2026-08-06
600285,上海证券交易所,羚锐制药,gssh0600285,1207654490,2019年年度报告摘要,羚锐制药,2020-04-28,https://static.cninfo.com.cn/finalpage/2020-04-29/1207654490.PDF,2019,796,2026-08-06
600285,上海证券交易所,羚锐制药,gssh0600285,1207654491,2019年年度报告,羚锐制药,2020-04-28,https://static.cninfo.com.cn/finalpage/2020-04-29/1207654491.PDF,2019,3935,2026-08-06
600285,上海证券交易所,羚锐制药,gssh0600285,1209841454,羚锐制药2020年年度报告摘要,羚锐制药,2021-04-27,https://static.cninfo.com.cn/finalpage/2021-04-28/1209841454.PDF,2020,982,2026-08-06
600285,上海证券交易所,羚锐制药,gssh0600285,1209841465,羚锐制药2020年年度报告,羚锐制药,2021-04-27,https://static.cninfo.com.cn/finalpage/2021-04-28/1209841465.PDF,2020,5885,2026-08-06
600285,上海证券交易所,羚锐制药,gssh0600285,1213104120,羚锐制药2021年年度报告摘要,羚锐制药,2022-04-25,https://static.cninfo.com.cn/finalpage/2022-04-26/1213104120.PDF,2021,1092,2026-08-06
600285,上海证券交易所,羚锐制药,gssh0600285,1213104121,羚锐制药2021年年度报告,羚锐制药,2022-04-25,https://static.cninfo.com.cn/finalpage/2022-04-26/1213104121.PDF,2021,4437,2026-08-06
600285,上海证券交易所,羚锐制药,gssh0600285,1216584813,羚锐制药2022年年度报告,羚锐制药,2023-04-25,https://static.cninfo.com.cn/finalpage/2023-04-26/1216584813.PDF,2022,4094,2026-08-06
600285,上海证券交易所,羚锐制药,gssh0600285,1216584818,羚锐制药2022年年度报告摘要,羚锐制药,2023-04-25,https://static.cninfo.com.cn/finalpage/2023-04-26/1216584818.PDF,2022,915,2026-08-06
600285,上海证券交易所,羚锐制药,gssh0600285,1219832517,羚锐制药2023年年度报告摘要,羚锐制药,2024-04-25,https://static.cninfo.com.cn/finalpage/2024-04-26/1219832517.PDF,2023,614,2026-08-06
600285,上海证券交易所,羚锐制药,gssh0600285,1219832522,羚锐制药2023年年度报告,羚锐制药,2024-04-25,https://static.cninfo.com.cn/finalpage/2024-04-26/1219832522.PDF,2023,4243,2026-08-06
600295,上海证券交易所,鄂尔多斯,gssh0600295,63637726,2013年年度报告摘要,鄂尔多斯,2014-03-04,https://static.cninfo.com.cn/finalpage/2014-03-05/63637726.PDF,2013,436,2026-08-06
600295,上海证券交易所,鄂尔多斯,gssh0600295,63637732,2013年年度报告,鄂尔多斯,2014-03-04,https://static.cninfo.com.cn/finalpage/2014-03-05/63637732.PDF,2013,2616,2026-08-06
600295,上海证券交易所,鄂尔多斯,gssh0600295,1200779854,2014年年度报告摘要,鄂尔多斯,2015-04-01,https://static.cninfo.com.cn/finalpage/2015-04-02/1200779854.PDF,2014,749,2026-08-06
600295,上海证券交易所,鄂尔多斯,gssh0600295,1200779862,2014年年度报告,鄂尔多斯,2015-04-01,https://static.cninfo.com.cn/finalpage/2015-04-02/1200779862.PDF,2014,1287,2026-08-06
600295,上海证券交易所,鄂尔多斯,gssh0600295,1200788371,2014年年度报告(修订版),鄂尔多斯,2015-04-03,https://static.cninfo.com.cn/finalpage/2015-04-04/1200788371.PDF,2014,1287,2026-08-06
600295,上海证券交易所,鄂尔多斯,gssh0600295,1202268327,2015年年度报告摘要,鄂尔多斯,2016-04-28,https://static.cninfo.com.cn/finalpage/2016-04-29/1202268327.PDF,2015,415,2026-08-06
600295,上海证券交易所,鄂尔多斯,gssh0600295,1202268334,2015年年度报告,鄂尔多斯,2016-04-28,https://static.cninfo.com.cn/finalpage/2016-04-29/1202268334.PDF,2015,4069,2026-08-06
600295,上海证券交易所,鄂尔多斯,gssh0600295,1203429018,2016年年度报告,鄂尔多斯,2017-04-28,https://static.cninfo.com.cn/finalpage/2017-04-29/1203429018.PDF,2016,3998,2026-08-06
600295,上海证券交易所,鄂尔多斯,gssh0600295,1203429025,2016年年度报告摘要,鄂尔多斯,2017-04-28,https://static.cninfo.com.cn/finalpage/2017-04-29/1203429025.PDF,2016,533,2026-08-06
600295,上海证券交易所,鄂尔多斯,gssh0600295,1204808605,2017年年度报告,鄂尔多斯,2018-04-26,https://static.cninfo.com.cn/finalpage/2018-04-27/1204808605.PDF,2017,4536,2026-08-06
600295,上海证券交易所,鄂尔多斯,gssh0600295,1204808606,2017年年度报告摘要,鄂尔多斯,2018-04-26,https://static.cninfo.com.cn/finalpage/2018-04-27/1204808606.PDF,2017,953,2026-08-06
600295,上海证券交易所,鄂尔多斯,gssh0600295,1205947687,2018年年度报告,鄂尔多斯,2019-03-27,https://static.cninfo.com.cn/finalpage/2019-03-28/1205947687.PDF,2018,4687,2026-08-06
600295,上海证券交易所,鄂尔多斯,gssh0600295,1205947688,2018年年度报告摘要,鄂尔多斯,2019-03-27,https://static.cninfo.com.cn/finalpage/2019-03-28/1205947688.PDF,2018,555,2026-08-06
600295,上海证券交易所,鄂尔多斯,gssh0600295,1207500016,2019年年度报告,鄂尔多斯,2020-04-14,https://static.cninfo.com.cn/finalpage/2020-04-15/1207500016.PDF,2019,5711,2026-08-06
600295,上海证券交易所,鄂尔多斯,gssh0600295,1207500017,2019年年度报告摘要,鄂尔多斯,2020-04-14,https://static.cninfo.com.cn/finalpage/2020-04-15/1207500017.PDF,2019,1268,2026-08-06
600295,上海证券交易所,鄂尔多斯,gssh0600295,1209688851,内蒙古鄂尔多斯资源股份有限公司2020年年度报告摘要,鄂尔多斯,2021-04-14,https://static.cninfo.com.cn/finalpage/2021-04-15/1209688851.PDF,2020,1674,2026-08-06
600295,上海证券交易所,鄂尔多斯,gssh0600295,1209688853,600295_2020年_年度报告,鄂尔多斯,2021-04-14,https://static.cninfo.com.cn/finalpage/2021-04-15/1209688853.PDF,2020,5820,2026-08-06
600295,上海证券交易所,鄂尔多斯,gssh0600295,1212920690,内蒙古鄂尔多斯资源股份有限公司2021年年度报告摘要,鄂尔多斯,2022-04-14,https://static.cninfo.com.cn/finalpage/2022-04-15/1212920690.PDF,2021,2062,2026-08-06
600295,上海证券交易所,鄂尔多斯,gssh0600295,1212920691,内蒙古鄂尔多斯资源股份有限公司2021年年度报告,鄂尔多斯,2022-04-14,https://static.cninfo.com.cn/finalpage/2022-04-15/1212920691.PDF,2021,6346,2026-08-06
600295,上海证券交易所,鄂尔多斯,gssh0600295,1216414002,600295_鄂尔多斯_2022年_年度报告,鄂尔多斯,2023-04-14,https://static.cninfo.com.cn/finalpage/2023-04-15/1216414002.PDF,2022,5850,2026-08-06
600295,上海证券交易所,鄂尔多斯,gssh0600295,1216414020,内蒙古鄂尔多斯资源股份有限公司2022年年度报告摘要,鄂尔多斯,2023-04-14,https://static.cninfo.com.cn/finalpage/2023-04-15/1216414020.PDF,2022,2054,2026-08-06
600295,上海证券交易所,鄂尔多斯,gssh0600295,1219617757,内蒙古鄂尔多斯资源股份有限公司2023年年度报告,鄂尔多斯,2024-04-15,https://static.cninfo.com.cn/finalpage/2024-04-16/1219617757.PDF,2023,6707,2026-08-06
600295,上海证券交易所,鄂尔多斯,gssh0600295,1219617764,内蒙古鄂尔多斯资源股份有限公司2023年年度报告摘要,鄂尔多斯,2024-04-15,https://static.cninfo.com.cn/finalpage/2024-04-16/1219617764.PDF,2023,1932,2026-08-06
600300,上海证券交易所,维维股份,gssh0600300,63753842,2013年年度报告摘要,维维股份,2014-03-28,https://static.cninfo.com.cn/finalpage/2014-03-29/63753842.PDF,2013,457,2026-08-06
600300,上海证券交易所,维维股份,gssh0600300,63753860,2013年年度报告,维维股份,2014-03-28,https://static.cninfo.com.cn/finalpage/2014-03-29/63753860.PDF,2013,7726,2026-08-06
600300,上海证券交易所,维维股份,gssh0600300,1200722731,2014年年度报告摘要,维维股份,2015-03-20,https://static.cninfo.com.cn/finalpage/2015-03-21/1200722731.PDF,2014,859,2026-08-06
600300,上海证券交易所,维维股份,gssh0600300,1200722738,2014年年度报告,维维股份,2015-03-20,https://static.cninfo.com.cn/finalpage/2015-03-21/1200722738.PDF,2014,4274,2026-08-06
600300,上海证券交易所,维维股份,gssh0600300,1202115579,2015年年度报告摘要,维维股份,2016-03-30,https://static.cninfo.com.cn/finalpage/2016-03-31/1202115579.PDF,2015,601,2026-08-06
600300,上海证券交易所,维维股份,gssh0600300,1202115590,2015年年度报告,维维股份,2016-03-30,https://static.cninfo.com.cn/finalpage/2016-03-31/1202115590.PDF,2015,4316,2026-08-06
600300,上海证券交易所,维维股份,gssh0600300,1203183038,2016年年度报告,维维股份,2017-03-21,https://static.cninfo.com.cn/finalpage/2017-03-22/1203183038.PDF,2016,4120,2026-08-06
600300,上海证券交易所,维维股份,gssh0600300,1203183045,2016年年度报告摘要,维维股份,2017-03-21,https://static.cninfo.com.cn/finalpage/2017-03-22/1203183045.PDF,2016,679,2026-08-06
600300,上海证券交易所,维维股份,gssh0600300,1204556333,2017年年度报告摘要,维维股份,2018-03-30,https://static.cninfo.com.cn/finalpage/2018-03-31/1204556333.PDF,2017,662,2026-08-06
600300,上海证券交易所,维维股份,gssh0600300,1204556347,2017年年度报告,维维股份,2018-03-30,https://static.cninfo.com.cn/finalpage/2018-03-31/1204556347.PDF,2017,4351,2026-08-06
600300,上海证券交易所,维维股份,gssh0600300,1204888297,2017年年度报告（修订版）,维维股份,2018-05-02,https://static.cninfo.com.cn/finalpage/2018-05-03/1204888297.PDF,2017,4469,2026-08-06
600300,上海证券交易所,维维股份,gssh0600300,1206119565,2018年年度报告摘要,维维股份,2019-04-26,https://static.cninfo.com.cn/finalpage/2019-04-27/1206119565.PDF,2018,1196,2026-08-06
600300,上海证券交易所,维维股份,gssh0600300,1206119573,2018年年度报告,维维股份,2019-04-26,https://static.cninfo.com.cn/finalpage/2019-04-27/1206119573.PDF,2018,4544,2026-08-06
600300,上海证券交易所,维维股份,gssh0600300,1206355383,2018年年度报告摘要（修订版）,维维股份,2019-06-14,https://static.cninfo.com.cn/finalpage/2019-06-15/1206355383.PDF,2018,1776,2026-08-06
600300,上海证券交易所,维维股份,gssh0600300,1206355389,2018年年度报告（修订版）,维维股份,2019-06-14,https://static.cninfo.com.cn/finalpage/2019-06-15/1206355389.PDF,2018,5031,2026-08-06
600300,上海证券交易所,维维股份,gssh0600300,1207689656,2019年年度报告摘要,维维股份,2020-04-29,https://static.cninfo.com.cn/finalpage/2020-04-30/1207689656.PDF,2019,1214,2026-08-06
600300,上海证券交易所,维维股份,gssh0600300,1207689661,2019年年度报告,维维股份,2020-04-29,https://static.cninfo.com.cn/finalpage/2020-04-30/1207689661.PDF,2019,5259,2026-08-06
600300,上海证券交易所,维维股份,gssh0600300,1209797566,维维食品饮料股份有限公司2020年年度报告,维维股份,2021-04-23,https://static.cninfo.com.cn/finalpage/2021-04-24/1209797566.PDF,2020,669,2026-08-06
600300,上海证券交易所,维维股份,gssh0600300,1209797577,维维股份2020年年度报告,维维股份,2021-04-23,https://static.cninfo.com.cn/finalpage/2021-04-24/1209797577.PDF,2020,4259,2026-08-06
600300,上海证券交易所,维维股份,gssh0600300,1212511440,维维食品饮料股份有限公司2021年年度报告,ST维维,2022-03-04,https://static.cninfo.com.cn/finalpage/2022-03-05/1212511440.PDF,2021,650,2026-08-06
600300,上海证券交易所,维维股份,gssh0600300,1212511441,维维股份2021年年度报告,ST维维,2022-03-04,https://static.cninfo.com.cn/finalpage/2022-03-05/1212511441.PDF,2021,4188,2026-08-06
600300,上海证券交易所,维维股份,gssh0600300,1216221904,维维股份2022年年度报告,维维股份,2023-03-24,https://static.cninfo.com.cn/finalpage/2023-03-25/1216221904.PDF,2022,3987,2026-08-06
600300,上海证券交易所,维维股份,gssh0600300,1216221908,维维食品饮料股份有限公司2022年年度报告摘要,维维股份,2023-03-24,https://static.cninfo.com.cn/finalpage/2023-03-25/1216221908.PDF,2022,989,2026-08-06
600300,上海证券交易所,维维股份,gssh0600300,1219314436,维维食品饮料股份有限公司2023年年度报告摘要,维维股份,2024-03-15,https://static.cninfo.com.cn/finalpage/2024-03-16/1219314436.PDF,2023,1261,2026-08-06
600300,上海证券交易所,维维股份,gssh0600300,1219314438,维维股份2023年年度报告,维维股份,2024-03-15,https://static.cninfo.com.cn/finalpage/2024-03-16/1219314438.PDF,2023,4394,2026-08-06
600305,上海证券交易所,恒顺醋业,gssh0600305,63550421,2013年年度报告,恒顺醋业,2014-02-07,https://static.cninfo.com.cn/finalpage/2014-02-08/63550421.PDF,2013,1971,2026-08-06
600305,上海证券交易所,恒顺醋业,gssh0600305,63550422,2013年年度报告摘要,恒顺醋业,2014-02-07,https://static.cninfo.com.cn/finalpage/2014-02-08/63550422.PDF,2013,403,2026-08-06
600305,上海证券交易所,恒顺醋业,gssh0600305,1200874122,2014年年度报告摘要,恒顺醋业,2015-04-20,https://static.cninfo.com.cn/finalpage/2015-04-21/1200874122.PDF,2014,531,2026-08-06
600305,上海证券交易所,恒顺醋业,gssh0600305,1200874128,2014年年度报告,恒顺醋业,2015-04-20,https://static.cninfo.com.cn/finalpage/2015-04-21/1200874128.PDF,2014,2578,2026-08-06
600305,上海证券交易所,恒顺醋业,gssh0600305,1202195613,2015年年度报告摘要,恒顺醋业,2016-04-18,https://static.cninfo.com.cn/finalpage/2016-04-19/1202195613.PDF,2015,627,2026-08-06
600305,上海证券交易所,恒顺醋业,gssh0600305,1202195631,2015年年度报告,恒顺醋业,2016-04-18,https://static.cninfo.com.cn/finalpage/2016-04-19/1202195631.PDF,2015,2393,2026-08-06
600305,上海证券交易所,恒顺醋业,gssh0600305,1203312333,2016年年度报告摘要,恒顺醋业,2017-04-17,https://static.cninfo.com.cn/finalpage/2017-04-18/1203312333.PDF,2016,609,2026-08-06
600305,上海证券交易所,恒顺醋业,gssh0600305,1203312342,2016年年度报告,恒顺醋业,2017-04-17,https://static.cninfo.com.cn/finalpage/2017-04-18/1203312342.PDF,2016,2309,2026-08-06
600305,上海证券交易所,恒顺醋业,gssh0600305,1204639435,2017年年度报告摘要,恒顺醋业,2018-04-16,https://static.cninfo.com.cn/finalpage/2018-04-17/1204639435.PDF,2017,387,2026-08-06
600305,上海证券交易所,恒顺醋业,gssh0600305,1204639450,2017年年度报告,恒顺醋业,2018-04-16,https://static.cninfo.com.cn/finalpage/2018-04-17/1204639450.PDF,2017,2298,2026-08-06
600305,上海证券交易所,恒顺醋业,gssh0600305,1204887635,2017年年度报告（修订版）,恒顺醋业,2018-05-02,https://static.cninfo.com.cn/finalpage/2018-05-03/1204887635.PDF,2017,3238,2026-08-06
600305,上海证券交易所,恒顺醋业,gssh0600305,1206019022,2018年年度报告摘要,恒顺醋业,2019-04-15,https://static.cninfo.com.cn/finalpage/2019-04-16/1206019022.PDF,2018,431,2026-08-06
600305,上海证券交易所,恒顺醋业,gssh0600305,1206019033,2018年年度报告,恒顺醋业,2019-04-15,https://static.cninfo.com.cn/finalpage/2019-04-16/1206019033.PDF,2018,2618,2026-08-06
600305,上海证券交易所,恒顺醋业,gssh0600305,1207537586,2019年年度报告摘要,恒顺醋业,2020-04-20,https://static.cninfo.com.cn/finalpage/2020-04-21/1207537586.PDF,2019,510,2026-08-06
600305,上海证券交易所,恒顺醋业,gssh0600305,1207537597,2019年年度报告,恒顺醋业,2020-04-20,https://static.cninfo.com.cn/finalpage/2020-04-21/1207537597.PDF,2019,3081,2026-08-06
600305,上海证券交易所,恒顺醋业,gssh0600305,1209473078,江苏恒顺醋业股份有限公司2020年年度报告摘要,恒顺醋业,2021-03-29,https://static.cninfo.com.cn/finalpage/2021-03-30/1209473078.PDF,2020,715,2026-08-06
600305,上海证券交易所,恒顺醋业,gssh0600305,1209473089,江苏恒顺醋业股份有限公司2020年年度报告,恒顺醋业,2021-03-29,https://static.cninfo.com.cn/finalpage/2021-03-30/1209473089.PDF,2020,4536,2026-08-06
600305,上海证券交易所,恒顺醋业,gssh0600305,1213121115,江苏恒顺醋业股份有限公司2021年年度报告摘要,恒顺醋业,2022-04-25,https://static.cninfo.com.cn/finalpage/2022-04-26/1213121115.PDF,2021,668,2026-08-06
600305,上海证券交易所,恒顺醋业,gssh0600305,1213121119,江苏恒顺醋业股份有限公司2021年年度报告,恒顺醋业,2022-04-25,https://static.cninfo.com.cn/finalpage/2022-04-26/1213121119.PDF,2021,3526,2026-08-06
600305,上海证券交易所,恒顺醋业,gssh0600305,1215989970,江苏恒顺醋业股份有限公司2022年年度报告,恒顺醋业,2023-02-27,https://static.cninfo.com.cn/finalpage/2023-02-28/1215989970.PDF,2022,4730,2026-08-06
600305,上海证券交易所,恒顺醋业,gssh0600305,1215989972,江苏恒顺醋业股份有限公司2022年年度报告摘要,恒顺醋业,2023-02-27,https://static.cninfo.com.cn/finalpage/2023-02-28/1215989972.PDF,2022,684,2026-08-06
600305,上海证券交易所,恒顺醋业,gssh0600305,1219914901,江苏恒顺醋业股份有限公司2023年年度报告摘要,恒顺醋业,2024-04-29,https://static.cninfo.com.cn/finalpage/2024-04-30/1219914901.PDF,2023,626,2026-08-06
600305,上海证券交易所,恒顺醋业,gssh0600305,1219914923,江苏恒顺醋业股份有限公司2023年年度报告,恒顺醋业,2024-04-29,https://static.cninfo.com.cn/finalpage/2024-04-30/1219914923.PDF,2023,5051,2026-08-06
600313,上海证券交易所,农发种业,gssh0600313,63795410,2013年年度报告摘要,农发种业,2014-04-04,https://static.cninfo.com.cn/finalpage/2014-04-05/63795410.PDF,2013,352,2026-08-06
600313,上海证券交易所,农发种业,gssh0600313,63795411,2013年年度报告,农发种业,2014-04-04,https://static.cninfo.com.cn/finalpage/2014-04-05/63795411.PDF,2013,2250,2026-08-06
600313,上海证券交易所,农发种业,gssh0600313,1200826068,2014年年度报告摘要,农发种业,2015-04-13,https://static.cninfo.com.cn/finalpage/2015-04-14/1200826068.PDF,2014,574,2026-08-06
600313,上海证券交易所,农发种业,gssh0600313,1200826072,2014年年度报告,农发种业,2015-04-13,https://static.cninfo.com.cn/finalpage/2015-04-14/1200826072.PDF,2014,2809,2026-08-06
600313,上海证券交易所,农发种业,gssh0600313,1202260428,2015年年度报告摘要,农发种业,2016-04-27,https://static.cninfo.com.cn/finalpage/2016-04-28/1202260428.PDF,2015,374,2026-08-06
600313,上海证券交易所,农发种业,gssh0600313,1202260431,2015年年度报告,农发种业,2016-04-27,https://static.cninfo.com.cn/finalpage/2016-04-28/1202260431.PDF,2015,3022,2026-08-06
600313,上海证券交易所,农发种业,gssh0600313,1203417630,2016年年度报告,农发种业,2017-04-27,https://static.cninfo.com.cn/finalpage/2017-04-28/1203417630.PDF,2016,3288,2026-08-06
600313,上海证券交易所,农发种业,gssh0600313,1203417651,2016年年度报告摘要,农发种业,2017-04-27,https://static.cninfo.com.cn/finalpage/2017-04-28/1203417651.PDF,2016,268,2026-08-06
600313,上海证券交易所,农发种业,gssh0600313,1203470537,2016年年度报告,农发种业,2017-05-02,https://static.cninfo.com.cn/finalpage/2017-05-03/1203470537.PDF,2016,3288,2026-08-06
600313,上海证券交易所,农发种业,gssh0600313,1204805337,2017年年度报告,农发种业,2018-04-26,https://static.cninfo.com.cn/finalpage/2018-04-27/1204805337.PDF,2017,3161,2026-08-06
600313,上海证券交易所,农发种业,gssh0600313,1204805338,2017年年度报告摘要,农发种业,2018-04-26,https://static.cninfo.com.cn/finalpage/2018-04-27/1204805338.PDF,2017,310,2026-08-06
600313,上海证券交易所,农发种业,gssh0600313,1206097318,2018年年度报告,农发种业,2019-04-25,https://static.cninfo.com.cn/finalpage/2019-04-26/1206097318.PDF,2018,3414,2026-08-06
600313,上海证券交易所,农发种业,gssh0600313,1206097319,2018年年度报告摘要,农发种业,2019-04-25,https://static.cninfo.com.cn/finalpage/2019-04-26/1206097319.PDF,2018,480,2026-08-06
600313,上海证券交易所,农发种业,gssh0600313,1207389688,2019年年度报告,农发种业,2020-03-20,https://static.cninfo.com.cn/finalpage/2020-03-21/1207389688.PDF,2019,3634,2026-08-06
600313,上海证券交易所,农发种业,gssh0600313,1207389689,2019年年度报告摘要,农发种业,2020-03-20,https://static.cninfo.com.cn/finalpage/2020-03-21/1207389689.PDF,2019,511,2026-08-06
600313,上海证券交易所,农发种业,gssh0600313,1207667963,2019年年度报告（修订版）,农发种业,2020-04-28,https://static.cninfo.com.cn/finalpage/2020-04-29/1207667963.PDF,2019,3780,2026-08-06
600313,上海证券交易所,农发种业,gssh0600313,1209681002,中农发种业集团股份有限公司2020年年度报告摘要,农发种业,2021-04-13,https://static.cninfo.com.cn/finalpage/2021-04-14/1209681002.PDF,2020,477,2026-08-06
600313,上海证券交易所,农发种业,gssh0600313,1209681003,农发种业2020年年度报告全文,农发种业,2021-04-13,https://static.cninfo.com.cn/finalpage/2021-04-14/1209681003.PDF,2020,4465,2026-08-06
600313,上海证券交易所,农发种业,gssh0600313,1212742019,中农发种业集团股份有限公司2021年年度报告摘要,农发种业,2022-03-30,https://static.cninfo.com.cn/finalpage/2022-03-31/1212742019.PDF,2021,346,2026-08-06
600313,上海证券交易所,农发种业,gssh0600313,1212742020,中农发种业集团股份有限公司2021年年度报告,农发种业,2022-03-30,https://static.cninfo.com.cn/finalpage/2022-03-31/1212742020.PDF,2021,4547,2026-08-06
600313,上海证券交易所,农发种业,gssh0600313,1216180039,农发种业2022年年度报告,农发种业,2023-03-21,https://static.cninfo.com.cn/finalpage/2023-03-22/1216180039.PDF,2022,4371,2026-08-06
600313,上海证券交易所,农发种业,gssh0600313,1216180042,中农发种业集团股份有限公司2022年年度报告摘要,农发种业,2023-03-21,https://static.cninfo.com.cn/finalpage/2023-03-22/1216180042.PDF,2022,483,2026-08-06
600313,上海证券交易所,农发种业,gssh0600313,1219664113,中农发种业集团股份有限公司2023年年度报告,农发种业,2024-04-18,https://static.cninfo.com.cn/finalpage/2024-04-19/1219664113.PDF,2023,4204,2026-08-06
600313,上海证券交易所,农发种业,gssh0600313,1219664144,中农发种业集团股份有限公司2023年年度报告摘要,农发种业,2024-04-18,https://static.cninfo.com.cn/finalpage/2024-04-19/1219664144.PDF,2023,636,2026-08-06
600351,上海证券交易所,亚宝药业,gssh0600351,63914958,2013年年度报告摘要,亚宝药业,2014-04-24,https://static.cninfo.com.cn/finalpage/2014-04-25/63914958.PDF,2013,309,2026-08-06
600351,上海证券交易所,亚宝药业,gssh0600351,63914964,2013年年度报告,亚宝药业,2014-04-24,https://static.cninfo.com.cn/finalpage/2014-04-25/63914964.PDF,2013,2466,2026-08-06
600351,上海证券交易所,亚宝药业,gssh0600351,1200883912,2014年年度报告摘要,亚宝药业,2015-04-21,https://static.cninfo.com.cn/finalpage/2015-04-22/1200883912.PDF,2014,506,2026-08-06
600351,上海证券交易所,亚宝药业,gssh0600351,1200883917,2014年年度报告,亚宝药业,2015-04-21,https://static.cninfo.com.cn/finalpage/2015-04-22/1200883917.PDF,2014,3027,2026-08-06
600351,上海证券交易所,亚宝药业,gssh0600351,1202115679,2015年年度报告,亚宝药业,2016-03-30,https://static.cninfo.com.cn/finalpage/2016-03-31/1202115679.PDF,2015,3411,2026-08-06
600351,上海证券交易所,亚宝药业,gssh0600351,1202115691,2015年年度报告摘要,亚宝药业,2016-03-30,https://static.cninfo.com.cn/finalpage/2016-03-31/1202115691.PDF,2015,413,2026-08-06
600351,上海证券交易所,亚宝药业,gssh0600351,1203408428,2016年年度报告,亚宝药业,2017-04-26,https://static.cninfo.com.cn/finalpage/2017-04-27/1203408428.PDF,2016,3181,2026-08-06
600351,上海证券交易所,亚宝药业,gssh0600351,1203408443,2016年年度报告摘要,亚宝药业,2017-04-26,https://static.cninfo.com.cn/finalpage/2017-04-27/1203408443.PDF,2016,449,2026-08-06
600351,上海证券交易所,亚宝药业,gssh0600351,1204823128,2017年年度报告,亚宝药业,2018-04-27,https://static.cninfo.com.cn/finalpage/2018-04-28/1204823128.PDF,2017,3044,2026-08-06
600351,上海证券交易所,亚宝药业,gssh0600351,1204823624,2017年年度报告摘要,亚宝药业,2018-04-27,https://static.cninfo.com.cn/finalpage/2018-04-28/1204823624.PDF,2017,488,2026-08-06
600351,上海证券交易所,亚宝药业,gssh0600351,1205013792,2017年年度报告（修订版）,亚宝药业,2018-05-29,https://static.cninfo.com.cn/finalpage/2018-05-30/1205013792.PDF,2017,3118,2026-08-06
600351,上海证券交易所,亚宝药业,gssh0600351,1206077868,2018年年度报告摘要,亚宝药业,2019-04-23,https://static.cninfo.com.cn/finalpage/2019-04-24/1206077868.PDF,2018,418,2026-08-06
600351,上海证券交易所,亚宝药业,gssh0600351,1206077871,2018年年度报告,亚宝药业,2019-04-23,https://static.cninfo.com.cn/finalpage/2019-04-24/1206077871.PDF,2018,3171,2026-08-06
600351,上海证券交易所,亚宝药业,gssh0600351,1207605657,2019年年度报告摘要,亚宝药业,2020-04-24,https://static.cninfo.com.cn/finalpage/2020-04-25/1207605657.PDF,2019,547,2026-08-06
600351,上海证券交易所,亚宝药业,gssh0600351,1207605658,2019年年度报告,亚宝药业,2020-04-24,https://static.cninfo.com.cn/finalpage/2020-04-25/1207605658.PDF,2019,4023,2026-08-06
600351,上海证券交易所,亚宝药业,gssh0600351,1207932283,2019年年度报告（修正版）,亚宝药业,2020-06-16,https://static.cninfo.com.cn/finalpage/2020-06-17/1207932283.PDF,2019,4202,2026-08-06
600351,上海证券交易所,亚宝药业,gssh0600351,1209789525,亚宝药业集团股份有限公司2020年年度报告摘要,亚宝药业,2021-04-23,https://static.cninfo.com.cn/finalpage/2021-04-24/1209789525.PDF,2020,741,2026-08-06
600351,上海证券交易所,亚宝药业,gssh0600351,1209789526,亚宝药业集团股份有限公司2020年年度报告,亚宝药业,2021-04-23,https://static.cninfo.com.cn/finalpage/2021-04-24/1209789526.PDF,2020,4514,2026-08-06
600351,上海证券交易所,亚宝药业,gssh0600351,1213168003,亚宝药业集团股份有限公司2021年年度报告摘要,亚宝药业,2022-04-27,https://static.cninfo.com.cn/finalpage/2022-04-28/1213168003.PDF,2021,725,2026-08-06
600351,上海证券交易所,亚宝药业,gssh0600351,1213168004,亚宝药业集团股份有限公司2021年年度报告,亚宝药业,2022-04-27,https://static.cninfo.com.cn/finalpage/2022-04-28/1213168004.PDF,2021,4081,2026-08-06
600351,上海证券交易所,亚宝药业,gssh0600351,1213499497,亚宝药业集团股份有限公司2021年年度报告（修订版）,亚宝药业,2022-05-25,https://static.cninfo.com.cn/finalpage/2022-05-26/1213499497.PDF,2021,4084,2026-08-06
600351,上海证券交易所,亚宝药业,gssh0600351,1216585462,亚宝药业集团股份有限公司2022年年度报告摘要,亚宝药业,2023-04-25,https://static.cninfo.com.cn/finalpage/2023-04-26/1216585462.PDF,2022,726,2026-08-06
600351,上海证券交易所,亚宝药业,gssh0600351,1216585475,亚宝药业2022年年度报告,亚宝药业,2023-04-25,https://static.cninfo.com.cn/finalpage/2023-04-26/1216585475.PDF,2022,5437,2026-08-06
600351,上海证券交易所,亚宝药业,gssh0600351,1219832595,亚宝药业集团股份有限公司2023年年度报告,亚宝药业,2024-04-25,https://static.cninfo.com.cn/finalpage/2024-04-26/1219832595.PDF,2023,5786,2026-08-06
600351,上海证券交易所,亚宝药业,gssh0600351,1219832603,亚宝药业集团股份有限公司2023年年度报告摘要,亚宝药业,2024-04-25,https://static.cninfo.com.cn/finalpage/2024-04-26/1219832603.PDF,2023,756,2026-08-06
600354,上海证券交易所,敦煌种业,gssh0600354,63821337,2013年年度报告摘要,敦煌种业,2014-04-10,https://static.cninfo.com.cn/finalpage/2014-04-11/63821337.PDF,2013,509,2026-08-06
600354,上海证券交易所,敦煌种业,gssh0600354,63821344,2013年年度报告,敦煌种业,2014-04-10,https://static.cninfo.com.cn/finalpage/2014-04-11/63821344.PDF,2013,8144,2026-08-06
600354,上海证券交易所,敦煌种业,gssh0600354,1200720211,2014年年度报告摘要,敦煌种业,2015-03-19,https://static.cninfo.com.cn/finalpage/2015-03-20/1200720211.PDF,2014,637,2026-08-06
600354,上海证券交易所,敦煌种业,gssh0600354,1200720215,2014年年度报告,敦煌种业,2015-03-19,https://static.cninfo.com.cn/finalpage/2015-03-20/1200720215.PDF,2014,1714,2026-08-06
600354,上海证券交易所,敦煌种业,gssh0600354,1202181734,2015年年度报告摘要,敦煌种业,2016-04-14,https://static.cninfo.com.cn/finalpage/2016-04-15/1202181734.PDF,2015,369,2026-08-06
600354,上海证券交易所,敦煌种业,gssh0600354,1202181741,2015年年度报告,敦煌种业,2016-04-14,https://static.cninfo.com.cn/finalpage/2016-04-15/1202181741.PDF,2015,3008,2026-08-06
600354,上海证券交易所,敦煌种业,gssh0600354,1203417699,2016年年度报告摘要,敦煌种业,2017-04-27,https://static.cninfo.com.cn/finalpage/2017-04-28/1203417699.PDF,2016,345,2026-08-06
600354,上海证券交易所,敦煌种业,gssh0600354,1203417719,2016年年度报告,敦煌种业,2017-04-27,https://static.cninfo.com.cn/finalpage/2017-04-28/1203417719.PDF,2016,2778,2026-08-06
600354,上海证券交易所,敦煌种业,gssh0600354,1204807893,2017年年度报告摘要,敦煌种业,2018-04-26,https://static.cninfo.com.cn/finalpage/2018-04-27/1204807893.PDF,2017,452,2026-08-06
600354,上海证券交易所,敦煌种业,gssh0600354,1204808308,2017年年度报告,敦煌种业,2018-04-26,https://static.cninfo.com.cn/finalpage/2018-04-27/1204808308.PDF,2017,2990,2026-08-06
600354,上海证券交易所,敦煌种业,gssh0600354,1205968798,2018年年度报告摘要,敦煌种业,2019-03-29,https://static.cninfo.com.cn/finalpage/2019-03-30/1205968798.PDF,2018,438,2026-08-06
600354,上海证券交易所,敦煌种业,gssh0600354,1205968819,2018年年度报告,敦煌种业,2019-03-29,https://static.cninfo.com.cn/finalpage/2019-03-30/1205968819.PDF,2018,3166,2026-08-06
600354,上海证券交易所,敦煌种业,gssh0600354,1207387346,2019年年度报告,敦煌种业,2020-03-19,https://static.cninfo.com.cn/finalpage/2020-03-20/1207387346.PDF,2019,3371,2026-08-06
600354,上海证券交易所,敦煌种业,gssh0600354,1207387356,2019年年度报告摘要,敦煌种业,2020-03-19,https://static.cninfo.com.cn/finalpage/2020-03-20/1207387356.PDF,2019,433,2026-08-06
600354,上海证券交易所,敦煌种业,gssh0600354,1209857636,甘肃省敦煌种业集团股份有限公司2020年年度报告,*ST敦种,2021-04-28,https://static.cninfo.com.cn/finalpage/2021-04-29/1209857636.PDF,2020,610,2026-08-06
600354,上海证券交易所,敦煌种业,gssh0600354,1209857637,甘肃省敦煌种业集团股份有限公司2020年年度报告,*ST敦种,2021-04-28,https://static.cninfo.com.cn/finalpage/2021-04-29/1209857637.PDF,2020,3496,2026-08-06
600354,上海证券交易所,敦煌种业,gssh0600354,1212650557,甘肃省敦煌种业集团股份有限公司2021年年度报告摘要,敦煌种业,2022-03-23,https://static.cninfo.com.cn/finalpage/2022-03-24/1212650557.PDF,2021,574,2026-08-06
600354,上海证券交易所,敦煌种业,gssh0600354,1212650563,甘肃省敦煌种业集团股份有限公司2021年年度报告,敦煌种业,2022-03-23,https://static.cninfo.com.cn/finalpage/2022-03-24/1212650563.PDF,2021,3234,2026-08-06
600354,上海证券交易所,敦煌种业,gssh0600354,1213385071,甘肃省敦煌种业集团股份有限公司2021年年度报告（修订版）,敦煌种业,2022-05-17,https://static.cninfo.com.cn/finalpage/2022-05-18/1213385071.PDF,2021,3246,2026-08-06
600354,上海证券交易所,敦煌种业,gssh0600354,1216478318,甘肃省敦煌种业集团股份有限公司2022年年度报告,敦煌种业,2023-04-19,https://static.cninfo.com.cn/finalpage/2023-04-20/1216478318.PDF,2022,3342,2026-08-06
600354,上海证券交易所,敦煌种业,gssh0600354,1216478322,甘肃省敦煌种业集团股份有限公司2022年年度报告摘要,敦煌种业,2023-04-19,https://static.cninfo.com.cn/finalpage/2023-04-20/1216478322.PDF,2022,588,2026-08-06
600354,上海证券交易所,敦煌种业,gssh0600354,1219375765,甘肃省敦煌种业集团股份有限公司2023年年报,敦煌种业,2024-03-21,https://static.cninfo.com.cn/finalpage/2024-03-22/1219375765.PDF,2023,4700,2026-08-06
600354,上海证券交易所,敦煌种业,gssh0600354,1219375778,甘肃省敦煌种业集团股份有限公司2023年年度报告摘要,敦煌种业,2024-03-21,https://static.cninfo.com.cn/finalpage/2024-03-22/1219375778.PDF,2023,571,2026-08-06
600359,上海证券交易所,新农开发,gssh0600359,63688119,2013年年度报告摘要,新农开发,2014-03-17,https://static.cninfo.com.cn/finalpage/2014-03-18/63688119.PDF,2013,302,2026-08-06
600359,上海证券交易所,新农开发,gssh0600359,63688126,2013年年度报告,新农开发,2014-03-17,https://static.cninfo.com.cn/finalpage/2014-03-18/63688126.PDF,2013,5434,2026-08-06
600359,上海证券交易所,新农开发,gssh0600359,63693871,2013年年度报告(修订版),新农开发,2014-03-18,https://static.cninfo.com.cn/finalpage/2014-03-19/63693871.PDF,2013,5437,2026-08-06
600359,上海证券交易所,新农开发,gssh0600359,63693873,2013年年度报告摘要(修订版),新农开发,2014-03-18,https://static.cninfo.com.cn/finalpage/2014-03-19/63693873.PDF,2013,302,2026-08-06
600359,上海证券交易所,新农开发,gssh0600359,1200707503,2014年年度报告摘要,新农开发,2015-03-16,https://static.cninfo.com.cn/finalpage/2015-03-17/1200707503.PDF,2014,698,2026-08-06
600359,上海证券交易所,新农开发,gssh0600359,1200707509,2014年年度报告,新农开发,2015-03-16,https://static.cninfo.com.cn/finalpage/2015-03-17/1200707509.PDF,2014,2589,2026-08-06
600359,上海证券交易所,新农开发,gssh0600359,1201096260,2014年年度报告摘要(修订版),新农开发,2015-06-02,https://static.cninfo.com.cn/finalpage/2015-06-03/1201096260.PDF,2014,739,2026-08-06
600359,上海证券交易所,新农开发,gssh0600359,1201096261,2014年年度报告（修订版）,新农开发,2015-06-02,https://static.cninfo.com.cn/finalpage/2015-06-03/1201096261.PDF,2014,2636,2026-08-06
600359,上海证券交易所,新农开发,gssh0600359,1202266744,2015年年度报告,新农开发,2016-04-28,https://static.cninfo.com.cn/finalpage/2016-04-29/1202266744.PDF,2015,2449,2026-08-06
600359,上海证券交易所,新农开发,gssh0600359,1202266750,2015年年度报告摘要,新农开发,2016-04-28,https://static.cninfo.com.cn/finalpage/2016-04-29/1202266750.PDF,2015,414,2026-08-06
600359,上海证券交易所,新农开发,gssh0600359,1202353960,2015年年度报告(修订版),新农开发,2016-06-02,https://static.cninfo.com.cn/finalpage/2016-06-03/1202353960.PDF,2015,2454,2026-08-06
600359,上海证券交易所,新农开发,gssh0600359,1203408447,2016年年度报告,新农开发,2017-04-26,https://static.cninfo.com.cn/finalpage/2017-04-27/1203408447.PDF,2016,2552,2026-08-06
600359,上海证券交易所,新农开发,gssh0600359,1203408464,2016年年度报告摘要,新农开发,2017-04-26,https://static.cninfo.com.cn/finalpage/2017-04-27/1203408464.PDF,2016,409,2026-08-06
600359,上海证券交易所,新农开发,gssh0600359,1204639074,2017年年度报告摘要,新农开发,2018-04-16,https://static.cninfo.com.cn/finalpage/2018-04-17/1204639074.PDF,2017,414,2026-08-06
600359,上海证券交易所,新农开发,gssh0600359,1204639100,2017年年度报告,新农开发,2018-04-16,https://static.cninfo.com.cn/finalpage/2018-04-17/1204639100.PDF,2017,2603,2026-08-06
600359,上海证券交易所,新农开发,gssh0600359,1205947730,2018年年度报告,新农开发,2019-03-27,https://static.cninfo.com.cn/finalpage/2019-03-28/1205947730.PDF,2018,2778,2026-08-06
600359,上海证券交易所,新农开发,gssh0600359,1205947741,2018年年度报告摘要,新农开发,2019-03-27,https://static.cninfo.com.cn/finalpage/2019-03-28/1205947741.PDF,2018,415,2026-08-06
600359,上海证券交易所,新农开发,gssh0600359,1207689907,2019年年度报告,新农开发,2020-04-29,https://static.cninfo.com.cn/finalpage/2020-04-30/1207689907.PDF,2019,3017,2026-08-06
600359,上海证券交易所,新农开发,gssh0600359,1207689922,2019年年度报告摘要,新农开发,2020-04-29,https://static.cninfo.com.cn/finalpage/2020-04-30/1207689922.PDF,2019,485,2026-08-06
600359,上海证券交易所,新农开发,gssh0600359,1209669336,新疆塔里木农业综合开发股份有限公司2020年度报告摘要,新农开发,2021-04-09,https://static.cninfo.com.cn/finalpage/2021-04-10/1209669336.PDF,2020,634,2026-08-06
600359,上海证券交易所,新农开发,gssh0600359,1209669337,新疆塔里木农业综合开发股份有限公司2020年年度报告,新农开发,2021-04-09,https://static.cninfo.com.cn/finalpage/2021-04-10/1209669337.PDF,2020,4483,2026-08-06
600359,上海证券交易所,新农开发,gssh0600359,1210140908,新疆塔里木农业综合开发股份有限公司2020年度报告摘要（修正版）,新农开发,2021-06-01,https://static.cninfo.com.cn/finalpage/2021-06-02/1210140908.PDF,2020,631,2026-08-06
600359,上海证券交易所,新农开发,gssh0600359,1210140909,新疆塔里木农业综合开发股份有限公司2020年度报告全文（修正版）,新农开发,2021-06-01,https://static.cninfo.com.cn/finalpage/2021-06-02/1210140909.PDF,2020,4432,2026-08-06
600359,上海证券交易所,新农开发,gssh0600359,1213269165,新疆塔里木农业综合开发股份有限公司2021年年度报告,新农开发,2022-04-29,https://static.cninfo.com.cn/finalpage/2022-04-30/1213269165.PDF,2021,576,2026-08-06
600359,上海证券交易所,新农开发,gssh0600359,1213269166,新疆塔里木农业综合开发股份有限公司2021年年度报告,新农开发,2022-04-29,https://static.cninfo.com.cn/finalpage/2022-04-30/1213269166.PDF,2021,4591,2026-08-06
600359,上海证券交易所,新农开发,gssh0600359,1216278629,新疆塔里木农业综合开发股份有限公司2022年年度报告,新农开发,2023-03-30,https://static.cninfo.com.cn/finalpage/2023-03-31/1216278629.PDF,2022,3467,2026-08-06
600359,上海证券交易所,新农开发,gssh0600359,1216278636,新疆塔里木农业综合开发股份有限公司2022年年度报告,新农开发,2023-03-30,https://static.cninfo.com.cn/finalpage/2023-03-31/1216278636.PDF,2022,640,2026-08-06
600359,上海证券交易所,新农开发,gssh0600359,1219447482,新疆塔里木农业综合开发股份有限公司2023年度报告摘要,新农开发,2024-03-28,https://static.cninfo.com.cn/finalpage/2024-03-29/1219447482.PDF,2023,676,2026-08-06
600359,上海证券交易所,新农开发,gssh0600359,1219447486,新疆塔里木农业综合开发股份有限公司2023年度报告,新农开发,2024-03-28,https://static.cninfo.com.cn/finalpage/2024-03-29/1219447486.PDF,2023,4991,2026-08-06
600371,上海证券交易所,万向德农,gssh0600371,63901027,2013年年度报告摘要,万向德农,2014-04-23,https://static.cninfo.com.cn/finalpage/2014-04-24/63901027.PDF,2013,359,2026-08-06
600371,上海证券交易所,万向德农,gssh0600371,63901035,2013年年度报告,万向德农,2014-04-23,https://static.cninfo.com.cn/finalpage/2014-04-24/63901035.PDF,2013,1566,2026-08-06
600371,上海证券交易所,万向德农,gssh0600371,1200812445,2014年年度报告摘要,万向德农,2015-04-10,https://static.cninfo.com.cn/finalpage/2015-04-11/1200812445.PDF,2014,614,2026-08-06
600371,上海证券交易所,万向德农,gssh0600371,1200812452,2014年年度报告,万向德农,2015-04-10,https://static.cninfo.com.cn/finalpage/2015-04-11/1200812452.PDF,2014,2199,2026-08-06
600371,上海证券交易所,万向德农,gssh0600371,1202110507,2015年年度报告摘要,万向德农,2016-03-30,https://static.cninfo.com.cn/finalpage/2016-03-31/1202110507.PDF,2015,627,2026-08-06
600371,上海证券交易所,万向德农,gssh0600371,1202110510,2015年年度报告,万向德农,2016-03-30,https://static.cninfo.com.cn/finalpage/2016-03-31/1202110510.PDF,2015,2268,2026-08-06
600371,上海证券交易所,万向德农,gssh0600371,1203357025,2016年年度报告摘要,万向德农,2017-04-21,https://static.cninfo.com.cn/finalpage/2017-04-22/1203357025.PDF,2016,379,2026-08-06
600371,上海证券交易所,万向德农,gssh0600371,1203357046,2016年年度报告,万向德农,2017-04-21,https://static.cninfo.com.cn/finalpage/2017-04-22/1203357046.PDF,2016,2200,2026-08-06
600371,上海证券交易所,万向德农,gssh0600371,1203372878,2016年年度报告(修订版),万向德农,2017-04-24,https://static.cninfo.com.cn/finalpage/2017-04-25/1203372878.PDF,2016,2200,2026-08-06
600371,上海证券交易所,万向德农,gssh0600371,1204673546,2017年年度报告摘要,万向德农,2018-04-20,https://static.cninfo.com.cn/finalpage/2018-04-21/1204673546.PDF,2017,375,2026-08-06
600371,上海证券交易所,万向德农,gssh0600371,1204673558,2017年年度报告,万向德农,2018-04-20,https://static.cninfo.com.cn/finalpage/2018-04-21/1204673558.PDF,2017,2155,2026-08-06
600371,上海证券交易所,万向德农,gssh0600371,1206061849,2018年年度报告摘要,万向德农,2019-04-19,https://static.cninfo.com.cn/finalpage/2019-04-20/1206061849.PDF,2018,377,2026-08-06
600371,上海证券交易所,万向德农,gssh0600371,1206061860,2018年年度报告,万向德农,2019-04-19,https://static.cninfo.com.cn/finalpage/2019-04-20/1206061860.PDF,2018,2115,2026-08-06
600371,上海证券交易所,万向德农,gssh0600371,1207653975,2019年年度报告摘要,万向德农,2020-04-28,https://static.cninfo.com.cn/finalpage/2020-04-29/1207653975.PDF,2019,579,2026-08-06
600371,上海证券交易所,万向德农,gssh0600371,1207653987,2019年年度报告,万向德农,2020-04-28,https://static.cninfo.com.cn/finalpage/2020-04-29/1207653987.PDF,2019,2535,2026-08-06
600371,上海证券交易所,万向德农,gssh0600371,1209809731,万向德农股份有限公司2020年年度报告摘要,万向德农,2021-04-26,https://static.cninfo.com.cn/finalpage/2021-04-27/1209809731.PDF,2020,717,2026-08-06
600371,上海证券交易所,万向德农,gssh0600371,1209809737,万向德农股份有限公司2020年年度报告,万向德农,2021-04-26,https://static.cninfo.com.cn/finalpage/2021-04-27/1209809737.PDF,2020,2828,2026-08-06
600371,上海证券交易所,万向德农,gssh0600371,1212957176,万向德农股份有限公司2021年年度报告摘要,万向德农,2022-04-18,https://static.cninfo.com.cn/finalpage/2022-04-19/1212957176.PDF,2021,650,2026-08-06
600371,上海证券交易所,万向德农,gssh0600371,1212957177,万向德农股份有限公司2021年年度报告,万向德农,2022-04-18,https://static.cninfo.com.cn/finalpage/2022-04-19/1212957177.PDF,2021,2815,2026-08-06
600371,上海证券交易所,万向德农,gssh0600371,1216548776,万向德农股份有限公司2022年年度报告摘要,万向德农,2023-04-24,https://static.cninfo.com.cn/finalpage/2023-04-25/1216548776.PDF,2022,687,2026-08-06
600371,上海证券交易所,万向德农,gssh0600371,1216548779,万向德农股份有限公司2022年年度报告,万向德农,2023-04-24,https://static.cninfo.com.cn/finalpage/2023-04-25/1216548779.PDF,2022,2633,2026-08-06
600371,上海证券交易所,万向德农,gssh0600371,1219617363,万向德农股份有限公司2023年年度报告摘要,万向德农,2024-04-15,https://static.cninfo.com.cn/finalpage/2024-04-16/1219617363.PDF,2023,698,2026-08-06
600371,上海证券交易所,万向德农,gssh0600371,1219617366,万向德农股份有限公司2023年年度报告,万向德农,2024-04-15,https://static.cninfo.com.cn/finalpage/2024-04-16/1219617366.PDF,2023,2759,2026-08-06
600419,上海证券交易所,天润乳业,gssh0600419,63863361,2013年年度报告摘要,天润乳业,2014-04-17,https://static.cninfo.com.cn/finalpage/2014-04-18/63863361.PDF,2013,238,2026-08-06
600419,上海证券交易所,天润乳业,gssh0600419,63863365,2013年年度报告,天润乳业,2014-04-17,https://static.cninfo.com.cn/finalpage/2014-04-18/63863365.PDF,2013,1985,2026-08-06
600419,上海证券交易所,天润乳业,gssh0600419,1200719652,2014年年度报告摘要,天润乳业,2015-03-19,https://static.cninfo.com.cn/finalpage/2015-03-20/1200719652.PDF,2014,353,2026-08-06
600419,上海证券交易所,天润乳业,gssh0600419,1200719656,2014年年度报告,天润乳业,2015-03-19,https://static.cninfo.com.cn/finalpage/2015-03-20/1200719656.PDF,2014,3875,2026-08-06
600419,上海证券交易所,天润乳业,gssh0600419,1202090758,2015年年度报告,天润乳业,2016-03-28,https://static.cninfo.com.cn/finalpage/2016-03-29/1202090758.PDF,2015,3280,2026-08-06
600419,上海证券交易所,天润乳业,gssh0600419,1202090765,2015年年度报告摘要,天润乳业,2016-03-28,https://static.cninfo.com.cn/finalpage/2016-03-29/1202090765.PDF,2015,356,2026-08-06
600419,上海证券交易所,天润乳业,gssh0600419,1202353968,2015年年度报告(修订版),天润乳业,2016-06-02,https://static.cninfo.com.cn/finalpage/2016-06-03/1202353968.PDF,2015,3173,2026-08-06
600419,上海证券交易所,天润乳业,gssh0600419,1203226724,2016年年度报告,天润乳业,2017-03-29,https://static.cninfo.com.cn/finalpage/2017-03-30/1203226724.PDF,2016,2564,2026-08-06
600419,上海证券交易所,天润乳业,gssh0600419,1203226736,2016年年度报告摘要,天润乳业,2017-03-29,https://static.cninfo.com.cn/finalpage/2017-03-30/1203226736.PDF,2016,453,2026-08-06
600419,上海证券交易所,天润乳业,gssh0600419,1204520482,2017年年度报告摘要,天润乳业,2018-03-26,https://static.cninfo.com.cn/finalpage/2018-03-27/1204520482.PDF,2017,704,2026-08-06
600419,上海证券交易所,天润乳业,gssh0600419,1204520485,2017年年度报告,天润乳业,2018-03-26,https://static.cninfo.com.cn/finalpage/2018-03-27/1204520485.PDF,2017,2669,2026-08-06
600419,上海证券交易所,天润乳业,gssh0600419,1204928053,2017年年度报告（修订版）,天润乳业,2018-05-09,https://static.cninfo.com.cn/finalpage/2018-05-10/1204928053.PDF,2017,2681,2026-08-06
600419,上海证券交易所,天润乳业,gssh0600419,1205948111,2018年年度报告,天润乳业,2019-03-27,https://static.cninfo.com.cn/finalpage/2019-03-28/1205948111.PDF,2018,2736,2026-08-06
600419,上海证券交易所,天润乳业,gssh0600419,1205948112,2018年年度报告摘要,天润乳业,2019-03-27,https://static.cninfo.com.cn/finalpage/2019-03-28/1205948112.PDF,2018,536,2026-08-06
600419,上海证券交易所,天润乳业,gssh0600419,1207585004,2019年年度报告摘要,天润乳业,2020-04-23,https://static.cninfo.com.cn/finalpage/2020-04-24/1207585004.PDF,2019,757,2026-08-06
600419,上海证券交易所,天润乳业,gssh0600419,1207585015,2019年年度报告,天润乳业,2020-04-23,https://static.cninfo.com.cn/finalpage/2020-04-24/1207585015.PDF,2019,3206,2026-08-06
600419,上海证券交易所,天润乳业,gssh0600419,1209409598,新疆天润乳业股份有限公司2020年年度报告摘要,天润乳业,2021-03-18,https://static.cninfo.com.cn/finalpage/2021-03-19/1209409598.PDF,2020,882,2026-08-06
600419,上海证券交易所,天润乳业,gssh0600419,1209409609,新疆天润乳业股份有限公司2020年年度报告,天润乳业,2021-03-18,https://static.cninfo.com.cn/finalpage/2021-03-19/1209409609.PDF,2020,3597,2026-08-06
600419,上海证券交易所,天润乳业,gssh0600419,1213168162,新疆天润乳业股份有限公司2021年年度报告摘要.doc,天润乳业,2022-04-27,https://static.cninfo.com.cn/finalpage/2022-04-28/1213168162.PDF,2021,1030,2026-08-06
600419,上海证券交易所,天润乳业,gssh0600419,1213168197,新疆天润乳业股份有限公司2021年年度报告,天润乳业,2022-04-27,https://static.cninfo.com.cn/finalpage/2022-04-28/1213168197.PDF,2021,3737,2026-08-06
600419,上海证券交易所,天润乳业,gssh0600419,1216278739,新疆天润乳业股份有限公司2022年年度报告,天润乳业,2023-03-30,https://static.cninfo.com.cn/finalpage/2023-03-31/1216278739.PDF,2022,3634,2026-08-06
600419,上海证券交易所,天润乳业,gssh0600419,1216278745,新疆天润乳业股份有限公司2022年年度报告摘要,天润乳业,2023-03-30,https://static.cninfo.com.cn/finalpage/2023-03-31/1216278745.PDF,2022,967,2026-08-06
600419,上海证券交易所,天润乳业,gssh0600419,1219620741,新疆天润乳业股份有限公司2023年年度报告摘要,天润乳业,2024-04-15,https://static.cninfo.com.cn/finalpage/2024-04-16/1219620741.PDF,2023,989,2026-08-06
600419,上海证券交易所,天润乳业,gssh0600419,1219620744,新疆天润乳业股份有限公司2023年年度报告,天润乳业,2024-04-15,https://static.cninfo.com.cn/finalpage/2024-04-16/1219620744.PDF,2023,4011,2026-08-06
600429,上海证券交易所,三元股份,gssh0600429,63815346,2013年年度报告摘要,三元股份,2014-04-09,https://static.cninfo.com.cn/finalpage/2014-04-10/63815346.PDF,2013,438,2026-08-06
600429,上海证券交易所,三元股份,gssh0600429,63815348,2013年年度报告,三元股份,2014-04-09,https://static.cninfo.com.cn/finalpage/2014-04-10/63815348.PDF,2013,5940,2026-08-06
600429,上海证券交易所,三元股份,gssh0600429,1200935222,2014年年度报告摘要,三元股份,2015-04-28,https://static.cninfo.com.cn/finalpage/2015-04-29/1200935222.PDF,2014,819,2026-08-06
600429,上海证券交易所,三元股份,gssh0600429,1200935227,2014年年度报告,三元股份,2015-04-28,https://static.cninfo.com.cn/finalpage/2015-04-29/1200935227.PDF,2014,3012,2026-08-06
600429,上海证券交易所,三元股份,gssh0600429,1202248270,2015年年度报告,三元股份,2016-04-26,https://static.cninfo.com.cn/finalpage/2016-04-27/1202248270.PDF,2015,3135,2026-08-06
600429,上海证券交易所,三元股份,gssh0600429,1202248293,2015年年度报告摘要,三元股份,2016-04-26,https://static.cninfo.com.cn/finalpage/2016-04-27/1202248293.PDF,2015,367,2026-08-06
600429,上海证券交易所,三元股份,gssh0600429,1203417381,2016年年度报告摘要,三元股份,2017-04-27,https://static.cninfo.com.cn/finalpage/2017-04-28/1203417381.PDF,2016,361,2026-08-06
600429,上海证券交易所,三元股份,gssh0600429,1203417386,2016年年度报告,三元股份,2017-04-27,https://static.cninfo.com.cn/finalpage/2017-04-28/1203417386.PDF,2016,3274,2026-08-06
600429,上海证券交易所,三元股份,gssh0600429,1204823602,2017年年度报告摘要,三元股份,2018-04-27,https://static.cninfo.com.cn/finalpage/2018-04-28/1204823602.PDF,2017,368,2026-08-06
600429,上海证券交易所,三元股份,gssh0600429,1204823610,2017年年度报告,三元股份,2018-04-27,https://static.cninfo.com.cn/finalpage/2018-04-28/1204823610.PDF,2017,3140,2026-08-06
600429,上海证券交易所,三元股份,gssh0600429,1206087877,2018年年度报告摘要,三元股份,2019-04-24,https://static.cninfo.com.cn/finalpage/2019-04-25/1206087877.PDF,2018,417,2026-08-06
600429,上海证券交易所,三元股份,gssh0600429,1206087901,2018年年度报告,三元股份,2019-04-24,https://static.cninfo.com.cn/finalpage/2019-04-25/1206087901.PDF,2018,3396,2026-08-06
600429,上海证券交易所,三元股份,gssh0600429,1207611025,2019年年度报告摘要,三元股份,2020-04-24,https://static.cninfo.com.cn/finalpage/2020-04-25/1207611025.PDF,2019,761,2026-08-06
600429,上海证券交易所,三元股份,gssh0600429,1207611026,2019年年度报告,三元股份,2020-04-24,https://static.cninfo.com.cn/finalpage/2020-04-25/1207611026.PDF,2019,3994,2026-08-06
600429,上海证券交易所,三元股份,gssh0600429,1209791378,三元股份2020年年度报告摘要,三元股份,2021-04-23,https://static.cninfo.com.cn/finalpage/2021-04-24/1209791378.PDF,2020,764,2026-08-06
600429,上海证券交易所,三元股份,gssh0600429,1209791390,三元股份2020年年度报告,三元股份,2021-04-23,https://static.cninfo.com.cn/finalpage/2021-04-24/1209791390.PDF,2020,4295,2026-08-06
600429,上海证券交易所,三元股份,gssh0600429,1213029753,三元股份2021年年度报告摘要,三元股份,2022-04-21,https://static.cninfo.com.cn/finalpage/2022-04-22/1213029753.PDF,2021,632,2026-08-06
600429,上海证券交易所,三元股份,gssh0600429,1213029774,三元股份2021年年度报告,三元股份,2022-04-21,https://static.cninfo.com.cn/finalpage/2022-04-22/1213029774.PDF,2021,4681,2026-08-06
600429,上海证券交易所,三元股份,gssh0600429,1216625011,三元股份2022年年度报告摘要,三元股份,2023-04-26,https://static.cninfo.com.cn/finalpage/2023-04-27/1216625011.PDF,2022,722,2026-08-06
600429,上海证券交易所,三元股份,gssh0600429,1216625021,三元股份2022年年度报告,三元股份,2023-04-26,https://static.cninfo.com.cn/finalpage/2023-04-27/1216625021.PDF,2022,5338,2026-08-06
600429,上海证券交易所,三元股份,gssh0600429,1219705141,三元股份2023年年度报告,三元股份,2024-04-19,https://static.cninfo.com.cn/finalpage/2024-04-20/1219705141.PDF,2023,5130,2026-08-06
600429,上海证券交易所,三元股份,gssh0600429,1219705193,三元股份2023年年度报告摘要,三元股份,2024-04-19,https://static.cninfo.com.cn/finalpage/2024-04-20/1219705193.PDF,2023,743,2026-08-06
600438,上海证券交易所,通威股份,gssh0600438,63841108,2013年年度报告摘要,通威股份,2014-04-14,https://static.cninfo.com.cn/finalpage/2014-04-15/63841108.PDF,2013,388,2026-08-06
600438,上海证券交易所,通威股份,gssh0600438,63841122,2013年年度报告,通威股份,2014-04-14,https://static.cninfo.com.cn/finalpage/2014-04-15/63841122.PDF,2013,2645,2026-08-06
600438,上海证券交易所,通威股份,gssh0600438,1200766020,2014年年度报告摘要,通威股份,2015-03-30,https://static.cninfo.com.cn/finalpage/2015-03-31/1200766020.PDF,2014,632,2026-08-06
600438,上海证券交易所,通威股份,gssh0600438,1200766033,2014年年度报告,通威股份,2015-03-30,https://static.cninfo.com.cn/finalpage/2015-03-31/1200766033.PDF,2014,3746,2026-08-06
600438,上海证券交易所,通威股份,gssh0600438,1202162350,2015年年度报告摘要,通威股份,2016-04-11,https://static.cninfo.com.cn/finalpage/2016-04-12/1202162350.PDF,2015,443,2026-08-06
600438,上海证券交易所,通威股份,gssh0600438,1202162360,2015年年度报告,通威股份,2016-04-11,https://static.cninfo.com.cn/finalpage/2016-04-12/1202162360.PDF,2015,3123,2026-08-06
600438,上海证券交易所,通威股份,gssh0600438,1203299304,2016年年度报告摘要,通威股份,2017-04-14,https://static.cninfo.com.cn/finalpage/2017-04-15/1203299304.PDF,2016,724,2026-08-06
600438,上海证券交易所,通威股份,gssh0600438,1203299313,2016年年度报告,通威股份,2017-04-14,https://static.cninfo.com.cn/finalpage/2017-04-15/1203299313.PDF,2016,4290,2026-08-06
600438,上海证券交易所,通威股份,gssh0600438,1204547395,2017年年度报告,通威股份,2018-03-29,https://static.cninfo.com.cn/finalpage/2018-03-30/1204547395.PDF,2017,4321,2026-08-06
600438,上海证券交易所,通威股份,gssh0600438,1204547396,2017年年度报告摘要,通威股份,2018-03-29,https://static.cninfo.com.cn/finalpage/2018-03-30/1204547396.PDF,2017,733,2026-08-06
600438,上海证券交易所,通威股份,gssh0600438,1206047417,2018年年度报告,通威股份,2019-04-17,https://static.cninfo.com.cn/finalpage/2019-04-18/1206047417.PDF,2018,4227,2026-08-06
600438,上海证券交易所,通威股份,gssh0600438,1206047418,2018年年度报告摘要,通威股份,2019-04-17,https://static.cninfo.com.cn/finalpage/2019-04-18/1206047418.PDF,2018,669,2026-08-06
600438,上海证券交易所,通威股份,gssh0600438,1207542228,2019年年度报告摘要,通威股份,2020-04-20,https://static.cninfo.com.cn/finalpage/2020-04-21/1207542228.PDF,2019,772,2026-08-06
600438,上海证券交易所,通威股份,gssh0600438,1207542239,2019年年度报告,通威股份,2020-04-20,https://static.cninfo.com.cn/finalpage/2020-04-21/1207542239.PDF,2019,4329,2026-08-06
600438,上海证券交易所,通威股份,gssh0600438,1209677273,通威股份有限公司2020年年度报告摘要,通威股份,2021-04-12,https://static.cninfo.com.cn/finalpage/2021-04-13/1209677273.PDF,2020,976,2026-08-06
600438,上海证券交易所,通威股份,gssh0600438,1209677274,通威股份有限公司2020年年度报告,通威股份,2021-04-12,https://static.cninfo.com.cn/finalpage/2021-04-13/1209677274.PDF,2020,4985,2026-08-06
600438,上海证券交易所,通威股份,gssh0600438,1210353655,通威股份有限公司2020年年度报告（英文版）,通威股份,2021-06-28,https://static.cninfo.com.cn/finalpage/2021-06-29/1210353655.PDF,2020,4800,2026-08-06
600438,上海证券交易所,通威股份,gssh0600438,1213101597,通威股份有限公司2021年年度报告摘要,通威股份,2022-04-25,https://static.cninfo.com.cn/finalpage/2022-04-26/1213101597.PDF,2021,700,2026-08-06
600438,上海证券交易所,通威股份,gssh0600438,1213101598,通威股份有限公司2021年年度报告,通威股份,2022-04-25,https://static.cninfo.com.cn/finalpage/2022-04-26/1213101598.PDF,2021,5021,2026-08-06
600438,上海证券交易所,通威股份,gssh0600438,1213817200,通威股份有限公司2021年年度报告（英文版）,通威股份,2022-06-24,https://static.cninfo.com.cn/finalpage/2022-06-25/1213817200.PDF,2021,4576,2026-08-06
600438,上海证券交易所,通威股份,gssh0600438,1216551537,通威股份有限公司2022年年度报告,通威股份,2023-04-24,https://static.cninfo.com.cn/finalpage/2023-04-25/1216551537.PDF,2022,6715,2026-08-06
600438,上海证券交易所,通威股份,gssh0600438,1216551579,通威股份有限公司2022年年度报告摘要,通威股份,2023-04-24,https://static.cninfo.com.cn/finalpage/2023-04-25/1216551579.PDF,2022,715,2026-08-06
600438,上海证券交易所,通威股份,gssh0600438,1217136979,通威股份有限公司2022年年度报告（英文版）,通威股份,2023-06-26,https://static.cninfo.com.cn/finalpage/2023-06-27/1217136979.PDF,2022,6477,2026-08-06
600438,上海证券交易所,通威股份,gssh0600438,1219915174,通威股份有限公司2023年年度报告摘要,通威股份,2024-04-29,https://static.cninfo.com.cn/finalpage/2024-04-30/1219915174.PDF,2023,830,2026-08-06
600438,上海证券交易所,通威股份,gssh0600438,1219915221,通威股份有限公司2023年年度报告,通威股份,2024-04-29,https://static.cninfo.com.cn/finalpage/2024-04-30/1219915221.PDF,2023,7677,2026-08-06
600438,上海证券交易所,通威股份,gssh0600438,1220270438,通威股份有限公司2023年年度报告（英文版）,通威股份,2024-06-05,https://static.cninfo.com.cn/finalpage/2024-06-06/1220270438.PDF,2023,5725,2026-08-06
600467,上海证券交易所,好当家,gssh0600467,63893669,2013年年度报告,好当家,2014-04-22,https://static.cninfo.com.cn/finalpage/2014-04-23/63893669.PDF,2013,1969,2026-08-06
600467,上海证券交易所,好当家,gssh0600467,63893671,2013年年度报告摘要,好当家,2014-04-22,https://static.cninfo.com.cn/finalpage/2014-04-23/63893671.PDF,2013,297,2026-08-06
600467,上海证券交易所,好当家,gssh0600467,1200906317,2014年年度报告摘要,好当家,2015-04-24,https://static.cninfo.com.cn/finalpage/2015-04-25/1200906317.PDF,2014,608,2026-08-06
600467,上海证券交易所,好当家,gssh0600467,1200906321,2014年年度报告,好当家,2015-04-24,https://static.cninfo.com.cn/finalpage/2015-04-25/1200906321.PDF,2014,2439,2026-08-06
600467,上海证券交易所,好当家,gssh0600467,1202227970,2015年年度报告摘要,好当家,2016-04-22,https://static.cninfo.com.cn/finalpage/2016-04-23/1202227970.PDF,2015,440,2026-08-06
600467,上海证券交易所,好当家,gssh0600467,1202227974,2015年年度报告,好当家,2016-04-22,https://static.cninfo.com.cn/finalpage/2016-04-23/1202227974.PDF,2015,2386,2026-08-06
600467,上海证券交易所,好当家,gssh0600467,1203381710,2016年年度报告摘要,好当家,2017-04-25,https://static.cninfo.com.cn/finalpage/2017-04-26/1203381710.PDF,2016,377,2026-08-06
600467,上海证券交易所,好当家,gssh0600467,1203381727,2016年年度报告,好当家,2017-04-25,https://static.cninfo.com.cn/finalpage/2017-04-26/1203381727.PDF,2016,2347,2026-08-06
600467,上海证券交易所,好当家,gssh0600467,1203554147,2016年年度报告,好当家,2017-05-22,https://static.cninfo.com.cn/finalpage/2017-05-23/1203554147.PDF,2016,2444,2026-08-06
600467,上海证券交易所,好当家,gssh0600467,1204794153,2017年年度报告摘要,好当家,2018-04-25,https://static.cninfo.com.cn/finalpage/2018-04-26/1204794153.PDF,2017,338,2026-08-06
600467,上海证券交易所,好当家,gssh0600467,1204794161,2017年年度报告,好当家,2018-04-25,https://static.cninfo.com.cn/finalpage/2018-04-26/1204794161.PDF,2017,2886,2026-08-06
600467,上海证券交易所,好当家,gssh0600467,1204932439,2017年年度报告摘要（更新后）,好当家,2018-05-11,https://static.cninfo.com.cn/finalpage/2018-05-12/1204932439.PDF,2017,338,2026-08-06
600467,上海证券交易所,好当家,gssh0600467,1204932440,2017年年度报告（更新后）,好当家,2018-05-11,https://static.cninfo.com.cn/finalpage/2018-05-12/1204932440.PDF,2017,2572,2026-08-06
600467,上海证券交易所,好当家,gssh0600467,1206098857,2018年年度报告,好当家,2019-04-25,https://static.cninfo.com.cn/finalpage/2019-04-26/1206098857.PDF,2018,2820,2026-08-06
600467,上海证券交易所,好当家,gssh0600467,1206098864,2018年年度报告摘要,好当家,2019-04-25,https://static.cninfo.com.cn/finalpage/2019-04-26/1206098864.PDF,2018,371,2026-08-06
600467,上海证券交易所,好当家,gssh0600467,1207582575,2019年年度报告摘要,好当家,2020-04-23,https://static.cninfo.com.cn/finalpage/2020-04-24/1207582575.PDF,2019,455,2026-08-06
600467,上海证券交易所,好当家,gssh0600467,1207582581,2019年年度报告,好当家,2020-04-23,https://static.cninfo.com.cn/finalpage/2020-04-24/1207582581.PDF,2019,3248,2026-08-06
600467,上海证券交易所,好当家,gssh0600467,1207708445,2019年年度报告摘要（修订版）,好当家,2020-05-06,https://static.cninfo.com.cn/finalpage/2020-05-07/1207708445.PDF,2019,443,2026-08-06
600467,上海证券交易所,好当家,gssh0600467,1207708446,2019年年度报告（修订版）,好当家,2020-05-06,https://static.cninfo.com.cn/finalpage/2020-05-07/1207708446.PDF,2019,3248,2026-08-06
600467,上海证券交易所,好当家,gssh0600467,1209787351,好当家2020年年度报告,好当家,2021-04-23,https://static.cninfo.com.cn/finalpage/2021-04-24/1209787351.PDF,2020,694,2026-08-06
600467,上海证券交易所,好当家,gssh0600467,1209787362,好当家2020年年度报告,好当家,2021-04-23,https://static.cninfo.com.cn/finalpage/2021-04-24/1209787362.PDF,2020,3713,2026-08-06
600467,上海证券交易所,好当家,gssh0600467,1213099996,好当家2021年年度报告,好当家,2022-04-25,https://static.cninfo.com.cn/finalpage/2022-04-26/1213099996.PDF,2021,576,2026-08-06
600467,上海证券交易所,好当家,gssh0600467,1213099997,好当家2021年年度报告,好当家,2022-04-25,https://static.cninfo.com.cn/finalpage/2022-04-26/1213099997.PDF,2021,3571,2026-08-06
600467,上海证券交易所,好当家,gssh0600467,1216546671,好当家2022年年度报告,好当家,2023-04-24,https://static.cninfo.com.cn/finalpage/2023-04-25/1216546671.PDF,2022,600,2026-08-06
600467,上海证券交易所,好当家,gssh0600467,1216546679,好当家2022年年度报告,好当家,2023-04-24,https://static.cninfo.com.cn/finalpage/2023-04-25/1216546679.PDF,2022,3650,2026-08-06
600467,上海证券交易所,好当家,gssh0600467,1219786802,好当家2023年年度报告,好当家,2024-04-24,https://static.cninfo.com.cn/finalpage/2024-04-25/1219786802.PDF,2023,617,2026-08-06
600467,上海证券交易所,好当家,gssh0600467,1219786818,好当家2023年年度报告,好当家,2024-04-24,https://static.cninfo.com.cn/finalpage/2024-04-25/1219786818.PDF,2023,4054,2026-08-06
600479,上海证券交易所,千金药业,gssh0600479,63925162,2013年年度报告摘要,千金药业,2014-04-25,https://static.cninfo.com.cn/finalpage/2014-04-26/63925162.PDF,2013,459,2026-08-06
600479,上海证券交易所,千金药业,gssh0600479,63925163,2013年年度报告,千金药业,2014-04-25,https://static.cninfo.com.cn/finalpage/2014-04-26/63925163.PDF,2013,1911,2026-08-06
600479,上海证券交易所,千金药业,gssh0600479,1200931281,2014年年度报告摘要,千金药业,2015-04-28,https://static.cninfo.com.cn/finalpage/2015-04-29/1200931281.PDF,2014,715,2026-08-06
600479,上海证券交易所,千金药业,gssh0600479,1200931286,2014年年度报告,千金药业,2015-04-28,https://static.cninfo.com.cn/finalpage/2015-04-29/1200931286.PDF,2014,2409,2026-08-06
600479,上海证券交易所,千金药业,gssh0600479,1202178753,2015年年度报告摘要,千金药业,2016-04-14,https://static.cninfo.com.cn/finalpage/2016-04-15/1202178753.PDF,2015,573,2026-08-06
600479,上海证券交易所,千金药业,gssh0600479,1202178763,2015年年度报告,千金药业,2016-04-14,https://static.cninfo.com.cn/finalpage/2016-04-15/1202178763.PDF,2015,2692,2026-08-06
600479,上海证券交易所,千金药业,gssh0600479,1203110611,2016年年度报告摘要,千金药业,2017-02-27,https://static.cninfo.com.cn/finalpage/2017-02-28/1203110611.PDF,2016,541,2026-08-06
600479,上海证券交易所,千金药业,gssh0600479,1203110620,2016年年度报告,千金药业,2017-02-27,https://static.cninfo.com.cn/finalpage/2017-02-28/1203110620.PDF,2016,2931,2026-08-06
600479,上海证券交易所,千金药业,gssh0600479,1203360338,2016年年度报告摘要（修订稿）,千金药业,2017-04-21,https://static.cninfo.com.cn/finalpage/2017-04-22/1203360338.PDF,2016,561,2026-08-06
600479,上海证券交易所,千金药业,gssh0600479,1203360339,2016年年度报告（修订稿）,千金药业,2017-04-21,https://static.cninfo.com.cn/finalpage/2017-04-22/1203360339.PDF,2016,3012,2026-08-06
600479,上海证券交易所,千金药业,gssh0600479,1204615837,2017年年度报告摘要,千金药业,2018-04-11,https://static.cninfo.com.cn/finalpage/2018-04-12/1204615837.PDF,2017,444,2026-08-06
600479,上海证券交易所,千金药业,gssh0600479,1204615845,2017年年度报告,千金药业,2018-04-11,https://static.cninfo.com.cn/finalpage/2018-04-12/1204615845.PDF,2017,3055,2026-08-06
600479,上海证券交易所,千金药业,gssh0600479,1204929043,2017年年度报告（修订稿）,千金药业,2018-05-10,https://static.cninfo.com.cn/finalpage/2018-05-11/1204929043.PDF,2017,3067,2026-08-06
600479,上海证券交易所,千金药业,gssh0600479,1206009400,2018年年度报告摘要,千金药业,2019-04-11,https://static.cninfo.com.cn/finalpage/2019-04-12/1206009400.PDF,2018,414,2026-08-06
600479,上海证券交易所,千金药业,gssh0600479,1206009408,2018年年度报告,千金药业,2019-04-11,https://static.cninfo.com.cn/finalpage/2019-04-12/1206009408.PDF,2018,3061,2026-08-06
600479,上海证券交易所,千金药业,gssh0600479,1207473983,2019年年度报告,千金药业,2020-04-09,https://static.cninfo.com.cn/finalpage/2020-04-10/1207473983.PDF,2019,3601,2026-08-06
600479,上海证券交易所,千金药业,gssh0600479,1207473984,2019年年度报告摘要,千金药业,2020-04-09,https://static.cninfo.com.cn/finalpage/2020-04-10/1207473984.PDF,2019,477,2026-08-06
600479,上海证券交易所,千金药业,gssh0600479,1209688967,千金药业2020年年度报告摘要,千金药业,2021-04-14,https://static.cninfo.com.cn/finalpage/2021-04-15/1209688967.PDF,2020,633,2026-08-06
600479,上海证券交易所,千金药业,gssh0600479,1209688970,千金药业2020年年度报告全文,千金药业,2021-04-14,https://static.cninfo.com.cn/finalpage/2021-04-15/1209688970.PDF,2020,3936,2026-08-06
600479,上海证券交易所,千金药业,gssh0600479,1212921026,千金药业2021年年度报告摘要,千金药业,2022-04-14,https://static.cninfo.com.cn/finalpage/2022-04-15/1212921026.PDF,2021,610,2026-08-06
600479,上海证券交易所,千金药业,gssh0600479,1212921027,千金药业2021年年度报告全文,千金药业,2022-04-14,https://static.cninfo.com.cn/finalpage/2022-04-15/1212921027.PDF,2021,3763,2026-08-06
600479,上海证券交易所,千金药业,gssh0600479,1216390724,千金药业2022年年度报告全文,千金药业,2023-04-12,https://static.cninfo.com.cn/finalpage/2023-04-13/1216390724.PDF,2022,4406,2026-08-06
600479,上海证券交易所,千金药业,gssh0600479,1216390727,千金药业2022年年度报告摘要,千金药业,2023-04-12,https://static.cninfo.com.cn/finalpage/2023-04-13/1216390727.PDF,2022,650,2026-08-06
600479,上海证券交易所,千金药业,gssh0600479,1219580189,千金药业2023年年度报告摘要,千金药业,2024-04-11,https://static.cninfo.com.cn/finalpage/2024-04-12/1219580189.PDF,2023,646,2026-08-06
600479,上海证券交易所,千金药业,gssh0600479,1219580221,千金药业2023年年度报告,千金药业,2024-04-11,https://static.cninfo.com.cn/finalpage/2024-04-12/1219580221.PDF,2023,4118,2026-08-06
600506,上海证券交易所,统一股份,gssh0600506,63720144,2013年年度报告摘要,香梨股份,2014-03-24,https://static.cninfo.com.cn/finalpage/2014-03-25/63720144.PDF,2013,483,2026-08-06
600506,上海证券交易所,统一股份,gssh0600506,63720145,2013年年度报告,香梨股份,2014-03-24,https://static.cninfo.com.cn/finalpage/2014-03-25/63720145.PDF,2013,1869,2026-08-06
600506,上海证券交易所,统一股份,gssh0600506,1200898899,2014年年度报告摘要,香梨股份,2015-04-23,https://static.cninfo.com.cn/finalpage/2015-04-24/1200898899.PDF,2014,495,2026-08-06
600506,上海证券交易所,统一股份,gssh0600506,1200898900,2014年年度报告,香梨股份,2015-04-23,https://static.cninfo.com.cn/finalpage/2015-04-24/1200898900.PDF,2014,2110,2026-08-06
600506,上海证券交易所,统一股份,gssh0600506,1202039508,2015年年度报告,香梨股份,2016-03-11,https://static.cninfo.com.cn/finalpage/2016-03-12/1202039508.PDF,2015,2431,2026-08-06
600506,上海证券交易所,统一股份,gssh0600506,1202039509,2015年年度报告摘要,香梨股份,2016-03-11,https://static.cninfo.com.cn/finalpage/2016-03-12/1202039509.PDF,2015,673,2026-08-06
600506,上海证券交易所,统一股份,gssh0600506,1203149990,2016年年度报告摘要,香梨股份,2017-03-10,https://static.cninfo.com.cn/finalpage/2017-03-11/1203149990.PDF,2016,632,2026-08-06
600506,上海证券交易所,统一股份,gssh0600506,1203149994,2016年年度报告,香梨股份,2017-03-10,https://static.cninfo.com.cn/finalpage/2017-03-11/1203149994.PDF,2016,2504,2026-08-06
600506,上海证券交易所,统一股份,gssh0600506,1204600387,2017年年度报告,香梨股份,2018-04-10,https://static.cninfo.com.cn/finalpage/2018-04-11/1204600387.PDF,2017,1904,2026-08-06
600506,上海证券交易所,统一股份,gssh0600506,1204600388,2017年年度报告摘要,香梨股份,2018-04-10,https://static.cninfo.com.cn/finalpage/2018-04-11/1204600388.PDF,2017,429,2026-08-06
600506,上海证券交易所,统一股份,gssh0600506,1204926780,2016年年度报告（修订版）,香梨股份,2018-05-09,https://static.cninfo.com.cn/finalpage/2018-05-10/1204926780.PDF,2016,2459,2026-08-06
600506,上海证券交易所,统一股份,gssh0600506,1204926781,2015年年度报告（修订版）,香梨股份,2018-05-09,https://static.cninfo.com.cn/finalpage/2018-05-10/1204926781.PDF,2015,2369,2026-08-06
600506,上海证券交易所,统一股份,gssh0600506,1206058887,2018年年度报告摘要,香梨股份,2019-04-19,https://static.cninfo.com.cn/finalpage/2019-04-20/1206058887.PDF,2018,369,2026-08-06
600506,上海证券交易所,统一股份,gssh0600506,1206058895,2018年年度报告,香梨股份,2019-04-19,https://static.cninfo.com.cn/finalpage/2019-04-20/1206058895.PDF,2018,2911,2026-08-06
600506,上海证券交易所,统一股份,gssh0600506,1207523730,2019年年度报告摘要,香梨股份,2020-04-17,https://static.cninfo.com.cn/finalpage/2020-04-18/1207523730.PDF,2019,534,2026-08-06
600506,上海证券交易所,统一股份,gssh0600506,1207523733,2019年年度报告,香梨股份,2020-04-17,https://static.cninfo.com.cn/finalpage/2020-04-18/1207523733.PDF,2019,1906,2026-08-06
600506,上海证券交易所,统一股份,gssh0600506,1209808181,新疆库尔勒香梨股份有限公司2020年年度报告摘要,香梨股份,2021-04-26,https://static.cninfo.com.cn/finalpage/2021-04-27/1209808181.PDF,2020,608,2026-08-06
600506,上海证券交易所,统一股份,gssh0600506,1209808182,新疆库尔勒香梨股份有限公司2020年年度报告全文,香梨股份,2021-04-26,https://static.cninfo.com.cn/finalpage/2021-04-27/1209808182.PDF,2020,2276,2026-08-06
600506,上海证券交易所,统一股份,gssh0600506,1212984185,新疆库尔勒香梨股份有限公司2021年年度报告_摘要,*ST香梨,2022-04-19,https://static.cninfo.com.cn/finalpage/2022-04-20/1212984185.PDF,2021,631,2026-08-06
600506,上海证券交易所,统一股份,gssh0600506,1212984186,新疆库尔勒香梨股份有限公司2021年年度报告,*ST香梨,2022-04-19,https://static.cninfo.com.cn/finalpage/2022-04-20/1212984186.PDF,2021,4157,2026-08-06
600506,上海证券交易所,统一股份,gssh0600506,1216320799,统一低碳科技（新疆）股份有限公司2022年年度报告全文,统一股份,2023-04-03,https://static.cninfo.com.cn/finalpage/2023-04-04/1216320799.PDF,2022,4824,2026-08-06
600506,上海证券交易所,统一股份,gssh0600506,1216320800,统一低碳科技（新疆）股份有限公司2022年年度报告摘要,统一股份,2023-04-03,https://static.cninfo.com.cn/finalpage/2023-04-04/1216320800.PDF,2022,671,2026-08-06
600506,上海证券交易所,统一股份,gssh0600506,1219625879,统一低碳科技（新疆）股份有限公司2023年年度报告全文,统一股份,2024-04-15,https://static.cninfo.com.cn/finalpage/2024-04-16/1219625879.PDF,2023,5427,2026-08-06
600506,上海证券交易所,统一股份,gssh0600506,1219625916,统一低碳科技（新疆）股份有限公司2023年年度年度报告摘要,统一股份,2024-04-15,https://static.cninfo.com.cn/finalpage/2024-04-16/1219625916.PDF,,660,2026-08-06
600540,上海证券交易所,新赛股份,gssh0600540,63954634,2013年年度报告摘要,新赛股份,2014-04-29,https://static.cninfo.com.cn/finalpage/2014-04-30/63954634.PDF,2013,539,2026-08-06
600540,上海证券交易所,新赛股份,gssh0600540,63954642,2013年年度报告,新赛股份,2014-04-29,https://static.cninfo.com.cn/finalpage/2014-04-30/63954642.PDF,2013,2245,2026-08-06
600540,上海证券交易所,新赛股份,gssh0600540,1200848990,2014年年度报告摘要,新赛股份,2015-04-16,https://static.cninfo.com.cn/finalpage/2015-04-17/1200848990.PDF,2014,830,2026-08-06
600540,上海证券交易所,新赛股份,gssh0600540,1200848995,2014年年度报告,新赛股份,2015-04-16,https://static.cninfo.com.cn/finalpage/2015-04-17/1200848995.PDF,2014,3011,2026-08-06
600540,上海证券交易所,新赛股份,gssh0600540,1202266220,2015年年度报告,新赛股份,2016-04-28,https://static.cninfo.com.cn/finalpage/2016-04-29/1202266220.PDF,2015,2970,2026-08-06
600540,上海证券交易所,新赛股份,gssh0600540,1202266224,2015年年度报告摘要,新赛股份,2016-04-28,https://static.cninfo.com.cn/finalpage/2016-04-29/1202266224.PDF,2015,513,2026-08-06
600540,上海证券交易所,新赛股份,gssh0600540,1203419535,2016年年度报告,新赛股份,2017-04-27,https://static.cninfo.com.cn/finalpage/2017-04-28/1203419535.PDF,2016,2696,2026-08-06
600540,上海证券交易所,新赛股份,gssh0600540,1203419536,2016年年度报告摘要,新赛股份,2017-04-27,https://static.cninfo.com.cn/finalpage/2017-04-28/1203419536.PDF,2016,385,2026-08-06
600540,上海证券交易所,新赛股份,gssh0600540,1203589810,2016年年度报告（修订版）,*ST新赛,2017-06-05,https://static.cninfo.com.cn/finalpage/2017-06-06/1203589810.PDF,2016,2755,2026-08-06
600540,上海证券交易所,新赛股份,gssh0600540,1204525757,2017年年度报告,*ST新赛,2018-03-27,https://static.cninfo.com.cn/finalpage/2018-03-28/1204525757.PDF,2017,2922,2026-08-06
600540,上海证券交易所,新赛股份,gssh0600540,1204525758,2017年年度报告摘要,*ST新赛,2018-03-27,https://static.cninfo.com.cn/finalpage/2018-03-28/1204525758.PDF,2017,375,2026-08-06
600540,上海证券交易所,新赛股份,gssh0600540,1204910340,2017年年度报告（修订版）,新赛股份,2018-05-04,https://static.cninfo.com.cn/finalpage/2018-05-05/1204910340.PDF,2017,2928,2026-08-06
600540,上海证券交易所,新赛股份,gssh0600540,1205949304,2018年年度报告摘要,新赛股份,2019-03-27,https://static.cninfo.com.cn/finalpage/2019-03-28/1205949304.PDF,2018,486,2026-08-06
600540,上海证券交易所,新赛股份,gssh0600540,1205949320,2018年年度报告,新赛股份,2019-03-27,https://static.cninfo.com.cn/finalpage/2019-03-28/1205949320.PDF,2018,2991,2026-08-06
600540,上海证券交易所,新赛股份,gssh0600540,1207668098,2019年年度报告摘要,新赛股份,2020-04-28,https://static.cninfo.com.cn/finalpage/2020-04-29/1207668098.PDF,2019,581,2026-08-06
600540,上海证券交易所,新赛股份,gssh0600540,1207668099,2019年年度报告,新赛股份,2020-04-28,https://static.cninfo.com.cn/finalpage/2020-04-29/1207668099.PDF,2019,3329,2026-08-06
600540,上海证券交易所,新赛股份,gssh0600540,1209428401,新疆赛里木现代农业股份有限公司2020年年度报告摘要,新赛股份,2021-03-22,https://static.cninfo.com.cn/finalpage/2021-03-23/1209428401.PDF,2020,687,2026-08-06
600540,上海证券交易所,新赛股份,gssh0600540,1209428402,新疆赛里木现代农业股份有限公司2020年年度报告,新赛股份,2021-03-22,https://static.cninfo.com.cn/finalpage/2021-03-23/1209428402.PDF,2020,5753,2026-08-06
600540,上海证券交易所,新赛股份,gssh0600540,1213168825,新疆赛里木现代农业股份有限公司2021年年度报告摘要,新赛股份,2022-04-27,https://static.cninfo.com.cn/finalpage/2022-04-28/1213168825.PDF,2021,812,2026-08-06
600540,上海证券交易所,新赛股份,gssh0600540,1213168826,新疆赛里木现代农业股份有限公司2021年年度报告,新赛股份,2022-04-27,https://static.cninfo.com.cn/finalpage/2022-04-28/1213168826.PDF,2021,6563,2026-08-06
600540,上海证券交易所,新赛股份,gssh0600540,1216663351,新疆赛里木现代农业股份有限公司2022年年度报告摘要,新赛股份,2023-04-27,https://static.cninfo.com.cn/finalpage/2023-04-28/1216663351.PDF,2022,806,2026-08-06
600540,上海证券交易所,新赛股份,gssh0600540,1216663364,新疆赛里木现代农业股份有限公司2022年年度报告,新赛股份,2023-04-27,https://static.cninfo.com.cn/finalpage/2023-04-28/1216663364.PDF,2022,5097,2026-08-06
600540,上海证券交易所,新赛股份,gssh0600540,1219915469,新疆赛里木现代农业股份有限公司2023年年度报告,新赛股份,2024-04-29,https://static.cninfo.com.cn/finalpage/2024-04-30/1219915469.PDF,2023,7178,2026-08-06
600540,上海证券交易所,新赛股份,gssh0600540,1219915471,新疆赛里木现代农业股份有限公司2023年年度报告摘要,新赛股份,2024-04-29,https://static.cninfo.com.cn/finalpage/2024-04-30/1219915471.PDF,2023,933,2026-08-06
600543,上海证券交易所,*ST莫高,gssh0600543,63930820,2013年年度报告摘要,莫高股份,2014-04-25,https://static.cninfo.com.cn/finalpage/2014-04-26/63930820.PDF,2013,333,2026-08-06
600543,上海证券交易所,*ST莫高,gssh0600543,63930827,2013年年度报告,莫高股份,2014-04-25,https://static.cninfo.com.cn/finalpage/2014-04-26/63930827.PDF,2013,1663,2026-08-06
600543,上海证券交易所,*ST莫高,gssh0600543,1200911001,2014年年度报告摘要,莫高股份,2015-04-24,https://static.cninfo.com.cn/finalpage/2015-04-25/1200911001.PDF,2014,666,2026-08-06
600543,上海证券交易所,*ST莫高,gssh0600543,1200911002,2014年年度报告,莫高股份,2015-04-24,https://static.cninfo.com.cn/finalpage/2015-04-25/1200911002.PDF,2014,2306,2026-08-06
600543,上海证券交易所,*ST莫高,gssh0600543,1202229290,2015年年度报告摘要,莫高股份,2016-04-22,https://static.cninfo.com.cn/finalpage/2016-04-23/1202229290.PDF,2015,463,2026-08-06
600543,上海证券交易所,*ST莫高,gssh0600543,1202229310,2015年年度报告,莫高股份,2016-04-22,https://static.cninfo.com.cn/finalpage/2016-04-23/1202229310.PDF,2015,2358,2026-08-06
600543,上海证券交易所,*ST莫高,gssh0600543,1203423931,2016年年度报告摘要,莫高股份,2017-04-28,https://static.cninfo.com.cn/finalpage/2017-04-29/1203423931.PDF,2016,437,2026-08-06
600543,上海证券交易所,*ST莫高,gssh0600543,1203423932,2016年年度报告,莫高股份,2017-04-28,https://static.cninfo.com.cn/finalpage/2017-04-29/1203423932.PDF,2016,2415,2026-08-06
600543,上海证券交易所,*ST莫高,gssh0600543,1204821642,2017年年度报告摘要,莫高股份,2018-04-27,https://static.cninfo.com.cn/finalpage/2018-04-28/1204821642.PDF,2017,435,2026-08-06
600543,上海证券交易所,*ST莫高,gssh0600543,1204821645,2017年年度报告,莫高股份,2018-04-27,https://static.cninfo.com.cn/finalpage/2018-04-28/1204821645.PDF,2017,2440,2026-08-06
600543,上海证券交易所,*ST莫高,gssh0600543,1204952773,2017年年度报告（修订稿）,莫高股份,2018-05-17,https://static.cninfo.com.cn/finalpage/2018-05-18/1204952773.PDF,2017,2407,2026-08-06
600543,上海证券交易所,*ST莫高,gssh0600543,1204952774,2017年年度报告摘要（修订稿）,莫高股份,2018-05-17,https://static.cninfo.com.cn/finalpage/2018-05-18/1204952774.PDF,2017,436,2026-08-06
600543,上海证券交易所,*ST莫高,gssh0600543,1206121290,2018年年度报告摘要,莫高股份,2019-04-26,https://static.cninfo.com.cn/finalpage/2019-04-27/1206121290.PDF,2018,388,2026-08-06
600543,上海证券交易所,*ST莫高,gssh0600543,1206121314,2018年年度报告,莫高股份,2019-04-26,https://static.cninfo.com.cn/finalpage/2019-04-27/1206121314.PDF,2018,2414,2026-08-06
600543,上海证券交易所,*ST莫高,gssh0600543,1207606108,2019年年度报告摘要,莫高股份,2020-04-24,https://static.cninfo.com.cn/finalpage/2020-04-25/1207606108.PDF,2019,470,2026-08-06
600543,上海证券交易所,*ST莫高,gssh0600543,1207606121,2019年年度报告,莫高股份,2020-04-24,https://static.cninfo.com.cn/finalpage/2020-04-25/1207606121.PDF,2019,2850,2026-08-06
600543,上海证券交易所,*ST莫高,gssh0600543,1209841819,莫高股份2020年年度报告摘要,莫高股份,2021-04-27,https://static.cninfo.com.cn/finalpage/2021-04-28/1209841819.PDF,2020,597,2026-08-06
600543,上海证券交易所,*ST莫高,gssh0600543,1209841830,莫高股份2020年年度报告,莫高股份,2021-04-27,https://static.cninfo.com.cn/finalpage/2021-04-28/1209841830.PDF,2020,3053,2026-08-06
600543,上海证券交易所,*ST莫高,gssh0600543,1213175937,莫高股份2021年年度报告摘要,莫高股份,2022-04-27,https://static.cninfo.com.cn/finalpage/2022-04-28/1213175937.PDF,2021,564,2026-08-06
600543,上海证券交易所,*ST莫高,gssh0600543,1213175952,莫高股份2021年年度报告,莫高股份,2022-04-27,https://static.cninfo.com.cn/finalpage/2022-04-28/1213175952.PDF,2021,2978,2026-08-06
600543,上海证券交易所,*ST莫高,gssh0600543,1213688932,莫高股份2021年年度报告（更正版）,莫高股份,2022-06-13,https://static.cninfo.com.cn/finalpage/2022-06-14/1213688932.PDF,2021,2978,2026-08-06
600543,上海证券交易所,*ST莫高,gssh0600543,1216663493,莫高股份2022年年度报告摘要,莫高股份,2023-04-27,https://static.cninfo.com.cn/finalpage/2023-04-28/1216663493.PDF,2022,599,2026-08-06
600543,上海证券交易所,*ST莫高,gssh0600543,1216663495,莫高股份2022年年度报告,莫高股份,2023-04-27,https://static.cninfo.com.cn/finalpage/2023-04-28/1216663495.PDF,2022,3016,2026-08-06
600543,上海证券交易所,*ST莫高,gssh0600543,1219474391,莫高股份2023年年度报告,*ST莫高,2024-03-29,https://static.cninfo.com.cn/finalpage/2024-03-30/1219474391.PDF,2023,3623,2026-08-06
600543,上海证券交易所,*ST莫高,gssh0600543,1219474397,莫高股份2023年年度报告摘要,*ST莫高,2024-03-29,https://static.cninfo.com.cn/finalpage/2024-03-30/1219474397.PDF,2023,800,2026-08-06
600597,上海证券交易所,光明乳业,gssh0600597,63765664,2013年年度报告摘要,光明乳业,2014-03-31,https://static.cninfo.com.cn/finalpage/2014-04-01/63765664.PDF,2013,441,2026-08-06
600597,上海证券交易所,光明乳业,gssh0600597,63765694,2013年年度报告,光明乳业,2014-03-31,https://static.cninfo.com.cn/finalpage/2014-04-01/63765694.PDF,2013,3034,2026-08-06
600597,上海证券交易所,光明乳业,gssh0600597,1200756217,2014年年度报告摘要,光明乳业,2015-03-27,https://static.cninfo.com.cn/finalpage/2015-03-28/1200756217.PDF,2014,512,2026-08-06
600597,上海证券交易所,光明乳业,gssh0600597,1200756228,2014年年度报告,光明乳业,2015-03-27,https://static.cninfo.com.cn/finalpage/2015-03-28/1200756228.PDF,2014,2752,2026-08-06
600597,上海证券交易所,光明乳业,gssh0600597,1202197697,2015年年度报告,光明乳业,2016-04-18,https://static.cninfo.com.cn/finalpage/2016-04-19/1202197697.PDF,2015,2800,2026-08-06
600597,上海证券交易所,光明乳业,gssh0600597,1202197704,2015年年度报告摘要,光明乳业,2016-04-18,https://static.cninfo.com.cn/finalpage/2016-04-19/1202197704.PDF,2015,609,2026-08-06
600597,上海证券交易所,光明乳业,gssh0600597,1203212162,2016年年度报告,光明乳业,2017-03-27,https://static.cninfo.com.cn/finalpage/2017-03-28/1203212162.PDF,2016,2748,2026-08-06
600597,上海证券交易所,光明乳业,gssh0600597,1203212176,2016年年度报告摘要,光明乳业,2017-03-27,https://static.cninfo.com.cn/finalpage/2017-03-28/1203212176.PDF,2016,563,2026-08-06
600597,上海证券交易所,光明乳业,gssh0600597,1204518628,2017年年度报告,光明乳业,2018-03-26,https://static.cninfo.com.cn/finalpage/2018-03-27/1204518628.PDF,2017,2826,2026-08-06
600597,上海证券交易所,光明乳业,gssh0600597,1204518629,2017年年度报告摘要,光明乳业,2018-03-26,https://static.cninfo.com.cn/finalpage/2018-03-27/1204518629.PDF,2017,619,2026-08-06
600597,上海证券交易所,光明乳业,gssh0600597,1205938085,2018年年度报告,光明乳业,2019-03-25,https://static.cninfo.com.cn/finalpage/2019-03-26/1205938085.PDF,2018,3056,2026-08-06
600597,上海证券交易所,光明乳业,gssh0600597,1205938086,2018年年度报告摘要,光明乳业,2019-03-25,https://static.cninfo.com.cn/finalpage/2019-03-26/1205938086.PDF,2018,663,2026-08-06
600597,上海证券交易所,光明乳业,gssh0600597,1207542400,2019年年度报告摘要,光明乳业,2020-04-20,https://static.cninfo.com.cn/finalpage/2020-04-21/1207542400.PDF,2019,705,2026-08-06
600597,上海证券交易所,光明乳业,gssh0600597,1207542401,2019年年度报告,光明乳业,2020-04-20,https://static.cninfo.com.cn/finalpage/2020-04-21/1207542401.PDF,2019,3521,2026-08-06
600597,上海证券交易所,光明乳业,gssh0600597,1209473509,光明乳业股份有限公司2020年年度报告摘要,光明乳业,2021-03-29,https://static.cninfo.com.cn/finalpage/2021-03-30/1209473509.PDF,2020,1058,2026-08-06
600597,上海证券交易所,光明乳业,gssh0600597,1209473510,光明乳业股份有限公司2020年年度报告,光明乳业,2021-03-29,https://static.cninfo.com.cn/finalpage/2021-03-30/1209473510.PDF,2020,5872,2026-08-06
600597,上海证券交易所,光明乳业,gssh0600597,1212709643,光明乳业2021年年度报告摘要,光明乳业,2022-03-28,https://static.cninfo.com.cn/finalpage/2022-03-29/1212709643.PDF,2021,760,2026-08-06
600597,上海证券交易所,光明乳业,gssh0600597,1212709644,光明乳业2021年年度报告,光明乳业,2022-03-28,https://static.cninfo.com.cn/finalpage/2022-03-29/1212709644.PDF,2021,4641,2026-08-06
600597,上海证券交易所,光明乳业,gssh0600597,1216168109,光明乳业2022年年度报告摘要,光明乳业,2023-03-20,https://static.cninfo.com.cn/finalpage/2023-03-21/1216168109.PDF,2022,742,2026-08-06
600597,上海证券交易所,光明乳业,gssh0600597,1216168120,光明乳业2022年年度报告,光明乳业,2023-03-20,https://static.cninfo.com.cn/finalpage/2023-03-21/1216168120.PDF,2022,4255,2026-08-06
600597,上海证券交易所,光明乳业,gssh0600597,1219892948,光明乳业2023年年度报告,光明乳业,2024-04-28,https://static.cninfo.com.cn/finalpage/2024-04-29/1219892948.PDF,2023,4726,2026-08-06
600597,上海证券交易所,光明乳业,gssh0600597,1219892960,光明乳业2023年年度报告摘要,光明乳业,2024-04-28,https://static.cninfo.com.cn/finalpage/2024-04-29/1219892960.PDF,2023,771,2026-08-06
600598,上海证券交易所,北大荒,gssh0600598,63733614,2013年年度报告摘要,北大荒,2014-03-26,https://static.cninfo.com.cn/finalpage/2014-03-27/63733614.PDF,2013,479,2026-08-06
600598,上海证券交易所,北大荒,gssh0600598,63733625,2013年年度报告,北大荒,2014-03-26,https://static.cninfo.com.cn/finalpage/2014-03-27/63733625.PDF,2013,2432,2026-08-06
600598,上海证券交易所,北大荒,gssh0600598,1200763575,2014年年度报告摘要,*ST大荒,2015-03-30,https://static.cninfo.com.cn/finalpage/2015-03-31/1200763575.PDF,2014,759,2026-08-06
600598,上海证券交易所,北大荒,gssh0600598,1200763582,2014年年度报告,*ST大荒,2015-03-30,https://static.cninfo.com.cn/finalpage/2015-03-31/1200763582.PDF,2014,2663,2026-08-06
600598,上海证券交易所,北大荒,gssh0600598,1202064999,2015年年度报告,北大荒,2016-03-21,https://static.cninfo.com.cn/finalpage/2016-03-22/1202064999.PDF,2015,2446,2026-08-06
600598,上海证券交易所,北大荒,gssh0600598,1202065002,2015年年度报告摘要,北大荒,2016-03-21,https://static.cninfo.com.cn/finalpage/2016-03-22/1202065002.PDF,2015,658,2026-08-06
600598,上海证券交易所,北大荒,gssh0600598,1203209010,2016年年度报告,北大荒,2017-03-27,https://static.cninfo.com.cn/finalpage/2017-03-28/1203209010.PDF,2016,3358,2026-08-06
600598,上海证券交易所,北大荒,gssh0600598,1203209025,2016年年度报告摘要,北大荒,2017-03-27,https://static.cninfo.com.cn/finalpage/2017-03-28/1203209025.PDF,2016,400,2026-08-06
600598,上海证券交易所,北大荒,gssh0600598,1204575674,2017年年度报告,北大荒,2018-04-02,https://static.cninfo.com.cn/finalpage/2018-04-03/1204575674.PDF,2017,3532,2026-08-06
600598,上海证券交易所,北大荒,gssh0600598,1204575675,2017年年度报告摘要,北大荒,2018-04-02,https://static.cninfo.com.cn/finalpage/2018-04-03/1204575675.PDF,2017,408,2026-08-06
600598,上海证券交易所,北大荒,gssh0600598,1205991785,2018年年度报告摘要,北大荒,2019-04-03,https://static.cninfo.com.cn/finalpage/2019-04-04/1205991785.PDF,2018,394,2026-08-06
600598,上海证券交易所,北大荒,gssh0600598,1205991797,2018年年度报告,北大荒,2019-04-03,https://static.cninfo.com.cn/finalpage/2019-04-04/1205991797.PDF,2018,3804,2026-08-06
600598,上海证券交易所,北大荒,gssh0600598,1207423703,2019年年度报告摘要,北大荒,2020-03-29,https://static.cninfo.com.cn/finalpage/2020-03-30/1207423703.PDF,2019,762,2026-08-06
600598,上海证券交易所,北大荒,gssh0600598,1207423704,2019年年度报告,北大荒,2020-03-29,https://static.cninfo.com.cn/finalpage/2020-03-30/1207423704.PDF,2019,4137,2026-08-06
600598,上海证券交易所,北大荒,gssh0600598,1209473679,黑龙江北大荒农业股份有限公司2020年年度报告摘要,北大荒,2021-03-29,https://static.cninfo.com.cn/finalpage/2021-03-30/1209473679.PDF,2020,863,2026-08-06
600598,上海证券交易所,北大荒,gssh0600598,1209473690,黑龙江北大荒农业股份有限公司2020年年度报告,北大荒,2021-03-29,https://static.cninfo.com.cn/finalpage/2021-03-30/1209473690.PDF,2020,4325,2026-08-06
600598,上海证券交易所,北大荒,gssh0600598,1212721730,黑龙江北大荒农业股份有限公司2021年年度报告,北大荒,2022-03-29,https://static.cninfo.com.cn/finalpage/2022-03-30/1212721730.PDF,2021,4485,2026-08-06
600598,上海证券交易所,北大荒,gssh0600598,1212721741,黑龙江北大荒农业股份有限公司2021年年度报告摘要,北大荒,2022-03-29,https://static.cninfo.com.cn/finalpage/2022-03-30/1212721741.PDF,2021,778,2026-08-06
600598,上海证券交易所,北大荒,gssh0600598,1216260960,黑龙江北大荒农业股份有限公司2022年年度报告摘要,北大荒,2023-03-29,https://static.cninfo.com.cn/finalpage/2023-03-30/1216260960.PDF,2022,651,2026-08-06
600598,上海证券交易所,北大荒,gssh0600598,1216261373,黑龙江北大荒农业股份有限公司2022年年度报告,北大荒,2023-03-29,https://static.cninfo.com.cn/finalpage/2023-03-30/1216261373.PDF,2022,4367,2026-08-06
600598,上海证券交易所,北大荒,gssh0600598,1219444552,黑龙江北大荒农业股份有限公司2023年年度报告摘要,北大荒,2024-03-28,https://static.cninfo.com.cn/finalpage/2024-03-29/1219444552.PDF,2023,766,2026-08-06
600598,上海证券交易所,北大荒,gssh0600598,1219444566,黑龙江北大荒农业股份有限公司2023年年度报告,北大荒,2024-03-28,https://static.cninfo.com.cn/finalpage/2024-03-29/1219444566.PDF,2023,4996,2026-08-06
600737,上海证券交易所,中粮糖业,gssh0600737,63807456,2013年年度报告摘要,中粮屯河,2014-04-08,https://static.cninfo.com.cn/finalpage/2014-04-09/63807456.PDF,2013,600,2026-08-06
600737,上海证券交易所,中粮糖业,gssh0600737,63807465,2013年年度报告,中粮屯河,2014-04-08,https://static.cninfo.com.cn/finalpage/2014-04-09/63807465.PDF,2013,2866,2026-08-06
600737,上海证券交易所,中粮糖业,gssh0600737,1200874633,2014年年度报告摘要,中粮屯河,2015-04-20,https://static.cninfo.com.cn/finalpage/2015-04-21/1200874633.PDF,2014,870,2026-08-06
600737,上海证券交易所,中粮糖业,gssh0600737,1200874640,2014年年度报告,中粮屯河,2015-04-20,https://static.cninfo.com.cn/finalpage/2015-04-21/1200874640.PDF,2014,3197,2026-08-06
600737,上海证券交易所,中粮糖业,gssh0600737,1202163961,2015年年度报告摘要,中粮屯河,2016-04-11,https://static.cninfo.com.cn/finalpage/2016-04-12/1202163961.PDF,2015,414,2026-08-06
600737,上海证券交易所,中粮糖业,gssh0600737,1202163988,2015年年度报告,中粮屯河,2016-04-11,https://static.cninfo.com.cn/finalpage/2016-04-12/1202163988.PDF,2015,2821,2026-08-06
600737,上海证券交易所,中粮糖业,gssh0600737,1203314385,2016年年度报告摘要,中粮糖业,2017-04-17,https://static.cninfo.com.cn/finalpage/2017-04-18/1203314385.PDF,2016,397,2026-08-06
600737,上海证券交易所,中粮糖业,gssh0600737,1203314390,2016年年度报告,中粮糖业,2017-04-17,https://static.cninfo.com.cn/finalpage/2017-04-18/1203314390.PDF,2016,3052,2026-08-06
600737,上海证券交易所,中粮糖业,gssh0600737,1204645767,2017年年度报告摘要,中粮糖业,2018-04-17,https://static.cninfo.com.cn/finalpage/2018-04-18/1204645767.PDF,2017,485,2026-08-06
600737,上海证券交易所,中粮糖业,gssh0600737,1204645768,2017年年度报告,中粮糖业,2018-04-17,https://static.cninfo.com.cn/finalpage/2018-04-18/1204645768.PDF,2017,3200,2026-08-06
600737,上海证券交易所,中粮糖业,gssh0600737,1206018999,2018年年度报告摘要,中粮糖业,2019-04-15,https://static.cninfo.com.cn/finalpage/2019-04-16/1206018999.PDF,2018,400,2026-08-06
600737,上海证券交易所,中粮糖业,gssh0600737,1206019007,2018年年度报告,中粮糖业,2019-04-15,https://static.cninfo.com.cn/finalpage/2019-04-16/1206019007.PDF,2018,3508,2026-08-06
600737,上海证券交易所,中粮糖业,gssh0600737,1207648012,2019年年度报告摘要,中粮糖业,2020-04-27,https://static.cninfo.com.cn/finalpage/2020-04-28/1207648012.PDF,2019,448,2026-08-06
600737,上海证券交易所,中粮糖业,gssh0600737,1207648015,2019年年度报告,中粮糖业,2020-04-27,https://static.cninfo.com.cn/finalpage/2020-04-28/1207648015.PDF,2019,3630,2026-08-06
600737,上海证券交易所,中粮糖业,gssh0600737,1209727276,中粮糖业控股股份有限公司2020年年度报告摘要,中粮糖业,2021-04-19,https://static.cninfo.com.cn/finalpage/2021-04-20/1209727276.PDF,2020,709,2026-08-06
600737,上海证券交易所,中粮糖业,gssh0600737,1209727288,中粮糖业控股股份有限公司2020年年度报告,中粮糖业,2021-04-19,https://static.cninfo.com.cn/finalpage/2021-04-20/1209727288.PDF,2020,4588,2026-08-06
600737,上海证券交易所,中粮糖业,gssh0600737,1212960965,中粮糖业控股股份有限公司2021年年度报告摘要,中粮糖业,2022-04-18,https://static.cninfo.com.cn/finalpage/2022-04-19/1212960965.PDF,2021,870,2026-08-06
600737,上海证券交易所,中粮糖业,gssh0600737,1212960966,中粮糖业控股股份有限公司2021年年度报告,中粮糖业,2022-04-18,https://static.cninfo.com.cn/finalpage/2022-04-19/1212960966.PDF,2021,18514,2026-08-06
600737,上海证券交易所,中粮糖业,gssh0600737,1216526575,中粮糖业控股股份有限公司2022年年度报告摘要,中粮糖业,2023-04-21,https://static.cninfo.com.cn/finalpage/2023-04-22/1216526575.PDF,2022,792,2026-08-06
600737,上海证券交易所,中粮糖业,gssh0600737,1216526610,中粮糖业控股股份有限公司2022年年度报告,中粮糖业,2023-04-21,https://static.cninfo.com.cn/finalpage/2023-04-22/1216526610.PDF,2022,4426,2026-08-06
600737,上海证券交易所,中粮糖业,gssh0600737,1219840031,中粮糖业控股股份有限公司2023年年度报告,中粮糖业,2024-04-25,https://static.cninfo.com.cn/finalpage/2024-04-26/1219840031.PDF,2023,4382,2026-08-06
600737,上海证券交易所,中粮糖业,gssh0600737,1219840100,中粮糖业控股股份有限公司2023年年度报告摘要,中粮糖业,2024-04-25,https://static.cninfo.com.cn/finalpage/2024-04-26/1219840100.PDF,2023,752,2026-08-06
600873,上海证券交易所,梅花生物,gssh0600873,63651731,2013年年度报告摘要,梅花集团,2014-03-07,https://static.cninfo.com.cn/finalpage/2014-03-08/63651731.PDF,2013,286,2026-08-06
600873,上海证券交易所,梅花生物,gssh0600873,63651742,2013年年度报告,梅花集团,2014-03-07,https://static.cninfo.com.cn/finalpage/2014-03-08/63651742.PDF,2013,4769,2026-08-06
600873,上海证券交易所,梅花生物,gssh0600873,1200709943,2014年年度报告摘要,梅花生物,2015-03-17,https://static.cninfo.com.cn/finalpage/2015-03-18/1200709943.PDF,2014,490,2026-08-06
600873,上海证券交易所,梅花生物,gssh0600873,1200709950,2014年年度报告,梅花生物,2015-03-17,https://static.cninfo.com.cn/finalpage/2015-03-18/1200709950.PDF,2014,2828,2026-08-06
600873,上海证券交易所,梅花生物,gssh0600873,1202007477,2015年年度报告摘要,梅花生物,2016-02-29,https://static.cninfo.com.cn/finalpage/2016-03-01/1202007477.PDF,2015,487,2026-08-06
600873,上海证券交易所,梅花生物,gssh0600873,1202007489,2015年年度报告,梅花生物,2016-02-29,https://static.cninfo.com.cn/finalpage/2016-03-01/1202007489.PDF,2015,3190,2026-08-06
600873,上海证券交易所,梅花生物,gssh0600873,1203113408,2016年年度报告摘要,梅花生物,2017-02-27,https://static.cninfo.com.cn/finalpage/2017-02-28/1203113408.PDF,2016,582,2026-08-06
600873,上海证券交易所,梅花生物,gssh0600873,1203113421,2016年年度报告,梅花生物,2017-02-27,https://static.cninfo.com.cn/finalpage/2017-02-28/1203113421.PDF,2016,3504,2026-08-06
600873,上海证券交易所,梅花生物,gssh0600873,1204506176,2017年年度报告摘要,梅花生物,2018-03-22,https://static.cninfo.com.cn/finalpage/2018-03-23/1204506176.PDF,2017,472,2026-08-06
600873,上海证券交易所,梅花生物,gssh0600873,1204506179,2017年年度报告,梅花生物,2018-03-22,https://static.cninfo.com.cn/finalpage/2018-03-23/1204506179.PDF,2017,3602,2026-08-06
600873,上海证券交易所,梅花生物,gssh0600873,1205896825,2018年年度报告,梅花生物,2019-03-13,https://static.cninfo.com.cn/finalpage/2019-03-14/1205896825.PDF,2018,3871,2026-08-06
600873,上海证券交易所,梅花生物,gssh0600873,1205896834,2018年年度报告摘要,梅花生物,2019-03-13,https://static.cninfo.com.cn/finalpage/2019-03-14/1205896834.PDF,2018,478,2026-08-06
600873,上海证券交易所,梅花生物,gssh0600873,1206207404,2018年年度报告（修订）,梅花生物,2019-05-05,https://static.cninfo.com.cn/finalpage/2019-05-06/1206207404.PDF,2018,4758,2026-08-06
600873,上海证券交易所,梅花生物,gssh0600873,1207506352,2019年年度报告,梅花生物,2020-04-15,https://static.cninfo.com.cn/finalpage/2020-04-16/1207506352.PDF,2019,4414,2026-08-06
600873,上海证券交易所,梅花生物,gssh0600873,1207506353,2019年年度报告摘要,梅花生物,2020-04-15,https://static.cninfo.com.cn/finalpage/2020-04-16/1207506353.PDF,2019,617,2026-08-06
600873,上海证券交易所,梅花生物,gssh0600873,1209657458,梅花生物2020年年度报告摘要,梅花生物,2021-04-08,https://static.cninfo.com.cn/finalpage/2021-04-09/1209657458.PDF,2020,707,2026-08-06
600873,上海证券交易所,梅花生物,gssh0600873,1209657469,梅花生物2020年年度报告,梅花生物,2021-04-08,https://static.cninfo.com.cn/finalpage/2021-04-09/1209657469.PDF,2020,5355,2026-08-06
600873,上海证券交易所,梅花生物,gssh0600873,1212557813,梅花生物2021年年报摘要,梅花生物,2022-03-13,https://static.cninfo.com.cn/finalpage/2022-03-14/1212557813.PDF,2021,482,2026-08-06
600873,上海证券交易所,梅花生物,gssh0600873,1212557814,梅花生物2021年年度报告,梅花生物,2022-03-13,https://static.cninfo.com.cn/finalpage/2022-03-14/1212557814.PDF,2021,4318,2026-08-06
600873,上海证券交易所,梅花生物,gssh0600873,1216055011,梅花生物2022年年度报告摘要,梅花生物,2023-03-06,https://static.cninfo.com.cn/finalpage/2023-03-07/1216055011.PDF,2022,567,2026-08-06
600873,上海证券交易所,梅花生物,gssh0600873,1216055014,梅花生物2022年年度报告,梅花生物,2023-03-06,https://static.cninfo.com.cn/finalpage/2023-03-07/1216055014.PDF,2022,4198,2026-08-06
600873,上海证券交易所,梅花生物,gssh0600873,1219331286,梅花生物2023年年度报告摘要,梅花生物,2024-03-18,https://static.cninfo.com.cn/finalpage/2024-03-19/1219331286.PDF,2023,696,2026-08-06
600873,上海证券交易所,梅花生物,gssh0600873,1219331307,梅花生物2023年年度报告,梅花生物,2024-03-18,https://static.cninfo.com.cn/finalpage/2024-03-19/1219331307.PDF,2023,4690,2026-08-06
600873,上海证券交易所,梅花生物,gssh0600873,1219689082,梅花生物2023年年度报告（英文版）,梅花生物,2024-04-19,https://static.cninfo.com.cn/finalpage/2024-04-20/1219689082.PDF,2023,2294,2026-08-06
600882,上海证券交易所,妙可蓝多,gssh0600882,63936637,2013年年度报告摘要,华联矿业,2014-04-27,https://static.cninfo.com.cn/finalpage/2014-04-28/63936637.PDF,2013,317,2026-08-06
600882,上海证券交易所,妙可蓝多,gssh0600882,63936643,2013年年度报告,华联矿业,2014-04-27,https://static.cninfo.com.cn/finalpage/2014-04-28/63936643.PDF,2013,921,2026-08-06
600882,上海证券交易所,妙可蓝多,gssh0600882,1200828493,2014年年度报告摘要,华联矿业,2015-04-13,https://static.cninfo.com.cn/finalpage/2015-04-14/1200828493.PDF,2014,385,2026-08-06
600882,上海证券交易所,妙可蓝多,gssh0600882,1200828499,2014年年度报告,华联矿业,2015-04-13,https://static.cninfo.com.cn/finalpage/2015-04-14/1200828499.PDF,2014,2296,2026-08-06
600882,上海证券交易所,妙可蓝多,gssh0600882,1202246066,2015年年度报告摘要,华联矿业,2016-04-25,https://static.cninfo.com.cn/finalpage/2016-04-26/1202246066.PDF,2015,296,2026-08-06
600882,上海证券交易所,妙可蓝多,gssh0600882,1202246085,2015年年度报告,华联矿业,2016-04-25,https://static.cninfo.com.cn/finalpage/2016-04-26/1202246085.PDF,2015,2684,2026-08-06
600882,上海证券交易所,妙可蓝多,gssh0600882,1203168890,2016年年度报告摘要,广泽股份,2017-03-16,https://static.cninfo.com.cn/finalpage/2017-03-17/1203168890.PDF,2016,411,2026-08-06
600882,上海证券交易所,妙可蓝多,gssh0600882,1203168896,2016年年度报告,广泽股份,2017-03-16,https://static.cninfo.com.cn/finalpage/2017-03-17/1203168896.PDF,2016,2467,2026-08-06
600882,上海证券交易所,妙可蓝多,gssh0600882,1203520502,2016年年度报告,广泽股份,2017-05-15,https://static.cninfo.com.cn/finalpage/2017-05-16/1203520502.PDF,2016,2476,2026-08-06
600882,上海证券交易所,妙可蓝多,gssh0600882,1204237272,2016年年度报告（二次修订稿）,广泽股份,2017-12-18,https://static.cninfo.com.cn/finalpage/2017-12-19/1204237272.PDF,2016,2479,2026-08-06
600882,上海证券交易所,妙可蓝多,gssh0600882,1204668488,2017年年度报告,广泽股份,2018-04-19,https://static.cninfo.com.cn/finalpage/2018-04-20/1204668488.PDF,2017,2706,2026-08-06
600882,上海证券交易所,妙可蓝多,gssh0600882,1204668490,2017年年度报告摘要,广泽股份,2018-04-19,https://static.cninfo.com.cn/finalpage/2018-04-20/1204668490.PDF,2017,250,2026-08-06
600882,上海证券交易所,妙可蓝多,gssh0600882,1204973242,2017年年度报告（修订版）,广泽股份,2018-05-18,https://static.cninfo.com.cn/finalpage/2018-05-19/1204973242.PDF,2017,2881,2026-08-06
600882,上海证券交易所,妙可蓝多,gssh0600882,1206129072,2018年年度报告,妙可蓝多,2019-04-26,https://static.cninfo.com.cn/finalpage/2019-04-27/1206129072.PDF,2018,3143,2026-08-06
600882,上海证券交易所,妙可蓝多,gssh0600882,1206129073,2018年年度报告摘要,妙可蓝多,2019-04-26,https://static.cninfo.com.cn/finalpage/2019-04-27/1206129073.PDF,2018,391,2026-08-06
600882,上海证券交易所,妙可蓝多,gssh0600882,1207661081,2019年年度报告,妙可蓝多,2020-04-28,https://static.cninfo.com.cn/finalpage/2020-04-29/1207661081.PDF,2019,3626,2026-08-06
600882,上海证券交易所,妙可蓝多,gssh0600882,1207668602,2019年年度报告摘要,妙可蓝多,2020-04-28,https://static.cninfo.com.cn/finalpage/2020-04-29/1207668602.PDF,2019,525,2026-08-06
600882,上海证券交易所,妙可蓝多,gssh0600882,1209858461,2020年年度报告摘要,妙可蓝多,2021-04-28,https://static.cninfo.com.cn/finalpage/2021-04-29/1209858461.PDF,2020,1064,2026-08-06
600882,上海证券交易所,妙可蓝多,gssh0600882,1209858472,2020年年度报告,妙可蓝多,2021-04-28,https://static.cninfo.com.cn/finalpage/2021-04-29/1209858472.PDF,2020,4886,2026-08-06
600882,上海证券交易所,妙可蓝多,gssh0600882,1212670251,2021年年度报告摘要（中英文双语版）,妙可蓝多,2022-03-24,https://static.cninfo.com.cn/finalpage/2022-03-25/1212670251.PDF,2021,8809,2026-08-06
600882,上海证券交易所,妙可蓝多,gssh0600882,1212670264,2021年年度报告摘要,妙可蓝多,2022-03-24,https://static.cninfo.com.cn/finalpage/2022-03-25/1212670264.PDF,2021,1908,2026-08-06
600882,上海证券交易所,妙可蓝多,gssh0600882,1212670265,2021年年度报告,妙可蓝多,2022-03-24,https://static.cninfo.com.cn/finalpage/2022-03-25/1212670265.PDF,2021,5272,2026-08-06
600882,上海证券交易所,妙可蓝多,gssh0600882,1216190733,2022年年度报告摘要（中英文双语版）,妙可蓝多,2023-03-22,https://static.cninfo.com.cn/finalpage/2023-03-23/1216190733.PDF,2022,4032,2026-08-06
600882,上海证券交易所,妙可蓝多,gssh0600882,1216190739,2022年年度报告,妙可蓝多,2023-03-22,https://static.cninfo.com.cn/finalpage/2023-03-23/1216190739.PDF,2022,5331,2026-08-06
600882,上海证券交易所,妙可蓝多,gssh0600882,1216190756,2022年年度报告摘要,妙可蓝多,2023-03-22,https://static.cninfo.com.cn/finalpage/2023-03-23/1216190756.PDF,2022,2002,2026-08-06
600882,上海证券交易所,妙可蓝多,gssh0600882,1219403978,2023年年度报告摘要,妙可蓝多,2024-03-25,https://static.cninfo.com.cn/finalpage/2024-03-26/1219403978.PDF,2023,2120,2026-08-06
600882,上海证券交易所,妙可蓝多,gssh0600882,1219403983,2023年年度报告,妙可蓝多,2024-03-25,https://static.cninfo.com.cn/finalpage/2024-03-26/1219403983.PDF,2023,5437,2026-08-06
600882,上海证券交易所,妙可蓝多,gssh0600882,1219403984,2023年年度报告摘要（中英双语版）,妙可蓝多,2024-03-25,https://static.cninfo.com.cn/finalpage/2024-03-26/1219403984.PDF,2023,3047,2026-08-06
600887,上海证券交易所,伊利股份,gssh0600887,63954548,2013年年度报告摘要,伊利股份,2014-04-29,https://static.cninfo.com.cn/finalpage/2014-04-30/63954548.PDF,2013,518,2026-08-06
600887,上海证券交易所,伊利股份,gssh0600887,63954556,2013年年度报告,伊利股份,2014-04-29,https://static.cninfo.com.cn/finalpage/2014-04-30/63954556.PDF,2013,2445,2026-08-06
600887,上海证券交易所,伊利股份,gssh0600887,1200910549,2014年年度报告摘要,伊利股份,2015-04-24,https://static.cninfo.com.cn/finalpage/2015-04-25/1200910549.PDF,2014,754,2026-08-06
600887,上海证券交易所,伊利股份,gssh0600887,1200910558,2014年年度报告,伊利股份,2015-04-24,https://static.cninfo.com.cn/finalpage/2015-04-25/1200910558.PDF,2014,2792,2026-08-06
600887,上海证券交易所,伊利股份,gssh0600887,1202115372,2015年年度报告,伊利股份,2016-03-30,https://static.cninfo.com.cn/finalpage/2016-03-31/1202115372.PDF,2015,2569,2026-08-06
600887,上海证券交易所,伊利股份,gssh0600887,1202115597,2015年年度报告摘要,伊利股份,2016-03-30,https://static.cninfo.com.cn/finalpage/2016-03-31/1202115597.PDF,2015,535,2026-08-06
600887,上海证券交易所,伊利股份,gssh0600887,1203242634,2016年年度报告,伊利股份,2017-03-30,https://static.cninfo.com.cn/finalpage/2017-03-31/1203242634.PDF,2016,2927,2026-08-06
600887,上海证券交易所,伊利股份,gssh0600887,1203242647,2016年年度报告摘要,伊利股份,2017-03-30,https://static.cninfo.com.cn/finalpage/2017-03-31/1203242647.PDF,2016,513,2026-08-06
600887,上海证券交易所,伊利股份,gssh0600887,1204807797,2017年年度报告,伊利股份,2018-04-26,https://static.cninfo.com.cn/finalpage/2018-04-27/1204807797.PDF,2017,2885,2026-08-06
600887,上海证券交易所,伊利股份,gssh0600887,1204807798,2017年年度报告摘要,伊利股份,2018-04-26,https://static.cninfo.com.cn/finalpage/2018-04-27/1204807798.PDF,2017,567,2026-08-06
600887,上海证券交易所,伊利股份,gssh0600887,1205854988,2018年年度报告,伊利股份,2019-02-27,https://static.cninfo.com.cn/finalpage/2019-02-28/1205854988.PDF,2018,2919,2026-08-06
600887,上海证券交易所,伊利股份,gssh0600887,1205854989,2018年年度报告摘要,伊利股份,2019-02-27,https://static.cninfo.com.cn/finalpage/2019-02-28/1205854989.PDF,2018,321,2026-08-06
600887,上海证券交易所,伊利股份,gssh0600887,1207654881,2019年年度报告摘要,伊利股份,2020-04-28,https://static.cninfo.com.cn/finalpage/2020-04-29/1207654881.PDF,2019,251,2026-08-06
600887,上海证券交易所,伊利股份,gssh0600887,1207655446,2019年年度报告,伊利股份,2020-04-28,https://static.cninfo.com.cn/finalpage/2020-04-29/1207655446.PDF,2019,3795,2026-08-06
600887,上海证券交易所,伊利股份,gssh0600887,1209848483,内蒙古伊利实业集团股份有限公司2020年年度报告摘要,伊利股份,2021-04-28,https://static.cninfo.com.cn/finalpage/2021-04-29/1209848483.PDF,2020,493,2026-08-06
600887,上海证券交易所,伊利股份,gssh0600887,1209848484,内蒙古伊利实业集团股份有限公司2020年年度报告,伊利股份,2021-04-28,https://static.cninfo.com.cn/finalpage/2021-04-29/1209848484.PDF,2020,4428,2026-08-06
600887,上海证券交易所,伊利股份,gssh0600887,1213169490,内蒙古伊利实业集团股份有限公司2021年年度报告摘要,伊利股份,2022-04-27,https://static.cninfo.com.cn/finalpage/2022-04-28/1213169490.PDF,2021,541,2026-08-06
600887,上海证券交易所,伊利股份,gssh0600887,1213169501,内蒙古伊利实业集团股份有限公司2021年年度报告,伊利股份,2022-04-27,https://static.cninfo.com.cn/finalpage/2022-04-28/1213169501.PDF,2021,4509,2026-08-06
600887,上海证券交易所,伊利股份,gssh0600887,1216664083,内蒙古伊利实业集团股份有限公司2022年年度报告,伊利股份,2023-04-27,https://static.cninfo.com.cn/finalpage/2023-04-28/1216664083.PDF,2022,4410,2026-08-06
600887,上海证券交易所,伊利股份,gssh0600887,1216664091,内蒙古伊利实业集团股份有限公司2022年年度报告摘要,伊利股份,2023-04-27,https://static.cninfo.com.cn/finalpage/2023-04-28/1216664091.PDF,2022,690,2026-08-06
600887,上海证券交易所,伊利股份,gssh0600887,1219916433,内蒙古伊利实业集团股份有限公司2023年年度报告,伊利股份,2024-04-29,https://static.cninfo.com.cn/finalpage/2024-04-30/1219916433.PDF,2023,4619,2026-08-06
600887,上海证券交易所,伊利股份,gssh0600887,1219916440,内蒙古伊利实业集团股份有限公司2023年年度报告摘要,伊利股份,2024-04-29,https://static.cninfo.com.cn/finalpage/2024-04-30/1219916440.PDF,2023,667,2026-08-06
600962,上海证券交易所,国投中鲁,gssh0600962,63742196,2013年年度报告摘要,国投中鲁,2014-03-27,https://static.cninfo.com.cn/finalpage/2014-03-28/63742196.PDF,2013,322,2026-08-06
600962,上海证券交易所,国投中鲁,gssh0600962,63742204,2013年年度报告,国投中鲁,2014-03-27,https://static.cninfo.com.cn/finalpage/2014-03-28/63742204.PDF,2013,2128,2026-08-06
600962,上海证券交易所,国投中鲁,gssh0600962,1200924081,2014年年度报告摘要,国投中鲁,2015-04-27,https://static.cninfo.com.cn/finalpage/2015-04-28/1200924081.PDF,2014,297,2026-08-06
600962,上海证券交易所,国投中鲁,gssh0600962,1200924088,2014年年度报告,国投中鲁,2015-04-27,https://static.cninfo.com.cn/finalpage/2015-04-28/1200924088.PDF,2014,3031,2026-08-06
600962,上海证券交易所,国投中鲁,gssh0600962,1202094810,2015年年度报告,*ST中鲁,2016-03-28,https://static.cninfo.com.cn/finalpage/2016-03-29/1202094810.PDF,2015,2176,2026-08-06
600962,上海证券交易所,国投中鲁,gssh0600962,1202094813,2015年年度报告摘要,*ST中鲁,2016-03-28,https://static.cninfo.com.cn/finalpage/2016-03-29/1202094813.PDF,2015,350,2026-08-06
600962,上海证券交易所,国投中鲁,gssh0600962,1203290898,2016年年度报告摘要,国投中鲁,2017-04-12,https://static.cninfo.com.cn/finalpage/2017-04-13/1203290898.PDF,2016,393,2026-08-06
600962,上海证券交易所,国投中鲁,gssh0600962,1203290918,2016年年度报告,国投中鲁,2017-04-12,https://static.cninfo.com.cn/finalpage/2017-04-13/1203290918.PDF,2016,2205,2026-08-06
600962,上海证券交易所,国投中鲁,gssh0600962,1204534826,2017年年度报告摘要,国投中鲁,2018-03-28,https://static.cninfo.com.cn/finalpage/2018-03-29/1204534826.PDF,2017,347,2026-08-06
600962,上海证券交易所,国投中鲁,gssh0600962,1204534834,2017年年度报告,国投中鲁,2018-03-28,https://static.cninfo.com.cn/finalpage/2018-03-29/1204534834.PDF,2017,2418,2026-08-06
600962,上海证券交易所,国投中鲁,gssh0600962,1204981902,2017年年度报告（修订稿）,国投中鲁,2018-05-22,https://static.cninfo.com.cn/finalpage/2018-05-23/1204981902.PDF,2017,2484,2026-08-06
600962,上海证券交易所,国投中鲁,gssh0600962,1205968347,2018年年度报告摘要,国投中鲁,2019-03-29,https://static.cninfo.com.cn/finalpage/2019-03-30/1205968347.PDF,2018,397,2026-08-06
600962,上海证券交易所,国投中鲁,gssh0600962,1205968389,2018年年度报告,国投中鲁,2019-03-29,https://static.cninfo.com.cn/finalpage/2019-03-30/1205968389.PDF,2018,2664,2026-08-06
600962,上海证券交易所,国投中鲁,gssh0600962,1207440513,2019年年度报告,国投中鲁,2020-03-31,https://static.cninfo.com.cn/finalpage/2020-04-01/1207440513.PDF,2019,3340,2026-08-06
600962,上海证券交易所,国投中鲁,gssh0600962,1207440522,2019年年度报告摘要,国投中鲁,2020-03-31,https://static.cninfo.com.cn/finalpage/2020-04-01/1207440522.PDF,2019,549,2026-08-06
600962,上海证券交易所,国投中鲁,gssh0600962,1209567422,国投中鲁2020年年度报告摘要,国投中鲁,2021-03-31,https://static.cninfo.com.cn/finalpage/2021-04-01/1209567422.PDF,2020,673,2026-08-06
600962,上海证券交易所,国投中鲁,gssh0600962,1209567423,国投中鲁2020年年度报告,国投中鲁,2021-03-31,https://static.cninfo.com.cn/finalpage/2021-04-01/1209567423.PDF,2020,3541,2026-08-06
600962,上海证券交易所,国投中鲁,gssh0600962,1212741280,国投中鲁2021年年度报告摘要,国投中鲁,2022-03-30,https://static.cninfo.com.cn/finalpage/2022-03-31/1212741280.PDF,2021,589,2026-08-06
600962,上海证券交易所,国投中鲁,gssh0600962,1212741281,国投中鲁2021年年度报告,国投中鲁,2022-03-30,https://static.cninfo.com.cn/finalpage/2022-03-31/1212741281.PDF,2021,3616,2026-08-06
600962,上海证券交易所,国投中鲁,gssh0600962,1216282139,国投中鲁2022年年度报告摘要,国投中鲁,2023-03-30,https://static.cninfo.com.cn/finalpage/2023-03-31/1216282139.PDF,2022,650,2026-08-06
600962,上海证券交易所,国投中鲁,gssh0600962,1216282151,国投中鲁2022年年度报告,国投中鲁,2023-03-30,https://static.cninfo.com.cn/finalpage/2023-03-31/1216282151.PDF,2022,3513,2026-08-06
600962,上海证券交易所,国投中鲁,gssh0600962,1219469888,国投中鲁2023年年度报告摘要,国投中鲁,2024-03-29,https://static.cninfo.com.cn/finalpage/2024-03-30/1219469888.PDF,2023,590,2026-08-06
600962,上海证券交易所,国投中鲁,gssh0600962,1219469902,国投中鲁2023年年度报告,国投中鲁,2024-03-29,https://static.cninfo.com.cn/finalpage/2024-03-30/1219469902.PDF,2023,3710,2026-08-06
600965,上海证券交易所,*ST福成,gssh0600965,63827666,2013年年度报告摘要,福成五丰,2014-04-11,https://static.cninfo.com.cn/finalpage/2014-04-12/63827666.PDF,2013,483,2026-08-06
600965,上海证券交易所,*ST福成,gssh0600965,63827670,2013年年度报告,福成五丰,2014-04-11,https://static.cninfo.com.cn/finalpage/2014-04-12/63827670.PDF,2013,2019,2026-08-06
600965,上海证券交易所,*ST福成,gssh0600965,63860298,2013年年度报告摘要(修订版),福成五丰,2014-04-17,https://static.cninfo.com.cn/finalpage/2014-04-18/63860298.PDF,2013,483,2026-08-06
600965,上海证券交易所,*ST福成,gssh0600965,63860299,2013年年度报告(修订版),福成五丰,2014-04-17,https://static.cninfo.com.cn/finalpage/2014-04-18/63860299.PDF,2013,2018,2026-08-06
600965,上海证券交易所,*ST福成,gssh0600965,1200757006,2014年年度报告摘要,福成五丰,2015-03-27,https://static.cninfo.com.cn/finalpage/2015-03-28/1200757006.PDF,2014,685,2026-08-06
600965,上海证券交易所,*ST福成,gssh0600965,1200757012,2014年年度报告,福成五丰,2015-03-27,https://static.cninfo.com.cn/finalpage/2015-03-28/1200757012.PDF,2014,2452,2026-08-06
600965,上海证券交易所,*ST福成,gssh0600965,1202067536,2015年年度报告摘要,福成五丰,2016-03-22,https://static.cninfo.com.cn/finalpage/2016-03-23/1202067536.PDF,2015,483,2026-08-06
600965,上海证券交易所,*ST福成,gssh0600965,1202067555,2015年年度报告,福成五丰,2016-03-22,https://static.cninfo.com.cn/finalpage/2016-03-23/1202067555.PDF,2015,2647,2026-08-06
600965,上海证券交易所,*ST福成,gssh0600965,1203187945,2016年年度报告摘要,福成股份,2017-03-22,https://static.cninfo.com.cn/finalpage/2017-03-23/1203187945.PDF,2016,472,2026-08-06
600965,上海证券交易所,*ST福成,gssh0600965,1203187948,2016年年度报告,福成股份,2017-03-22,https://static.cninfo.com.cn/finalpage/2017-03-23/1203187948.PDF,2016,2666,2026-08-06
600965,上海证券交易所,*ST福成,gssh0600965,1204524279,2017年年度报告摘要,福成股份,2018-03-27,https://static.cninfo.com.cn/finalpage/2018-03-28/1204524279.PDF,2017,516,2026-08-06
600965,上海证券交易所,*ST福成,gssh0600965,1204524284,2017年年度报告,福成股份,2018-03-27,https://static.cninfo.com.cn/finalpage/2018-03-28/1204524284.PDF,2017,2790,2026-08-06
600965,上海证券交易所,*ST福成,gssh0600965,1205968318,2018年年度报告摘要,福成股份,2019-03-29,https://static.cninfo.com.cn/finalpage/2019-03-30/1205968318.PDF,2018,505,2026-08-06
600965,上海证券交易所,*ST福成,gssh0600965,1205968345,2018年年度报告,福成股份,2019-03-29,https://static.cninfo.com.cn/finalpage/2019-03-30/1205968345.PDF,2018,3243,2026-08-06
600965,上海证券交易所,*ST福成,gssh0600965,1207648287,2019年年度报告,福成股份,2020-04-27,https://static.cninfo.com.cn/finalpage/2020-04-28/1207648287.PDF,2019,3554,2026-08-06
600965,上海证券交易所,*ST福成,gssh0600965,1207648296,2019年年度报告摘要,福成股份,2020-04-27,https://static.cninfo.com.cn/finalpage/2020-04-28/1207648296.PDF,2019,644,2026-08-06
600965,上海证券交易所,*ST福成,gssh0600965,1209451983,福成股份：公司2020年年度报告摘要,福成股份,2021-03-25,https://static.cninfo.com.cn/finalpage/2021-03-26/1209451983.PDF,2020,745,2026-08-06
600965,上海证券交易所,*ST福成,gssh0600965,1209451994,福成股份：公司2020年年度报告,福成股份,2021-03-25,https://static.cninfo.com.cn/finalpage/2021-03-26/1209451994.PDF,2020,3575,2026-08-06
600965,上海证券交易所,*ST福成,gssh0600965,1213226888,福成股份：2021年年度报告摘要,福成股份,2022-04-28,https://static.cninfo.com.cn/finalpage/2022-04-29/1213226888.PDF,2021,772,2026-08-06
600965,上海证券交易所,*ST福成,gssh0600965,1213226889,福成股份：2021年年度报告,福成股份,2022-04-28,https://static.cninfo.com.cn/finalpage/2022-04-29/1213226889.PDF,2021,3557,2026-08-06
600965,上海证券交易所,*ST福成,gssh0600965,1213645925,福成股份：2021年年度报告(更正后）,福成股份,2022-06-08,https://static.cninfo.com.cn/finalpage/2022-06-09/1213645925.PDF,2021,3584,2026-08-06
600965,上海证券交易所,*ST福成,gssh0600965,1214578530,福成股份：关于更正《2021年年度报告》、《2022年第一季度报告》及《2022年半年度报告》的公告,福成股份,2022-09-09,https://static.cninfo.com.cn/finalpage/2022-09-10/1214578530.PDF,2021,1153,2026-08-06
600965,上海证券交易所,*ST福成,gssh0600965,1214578531,福成股份：2021年年度报告(更正后）,福成股份,2022-09-09,https://static.cninfo.com.cn/finalpage/2022-09-10/1214578531.PDF,2021,3647,2026-08-06
600965,上海证券交易所,*ST福成,gssh0600965,1216217881,福成股份：2022年年度报告,福成股份,2023-03-24,https://static.cninfo.com.cn/finalpage/2023-03-25/1216217881.PDF,2022,5148,2026-08-06
600965,上海证券交易所,*ST福成,gssh0600965,1216218079,福成股份：2022年年度报告摘要,福成股份,2023-03-24,https://static.cninfo.com.cn/finalpage/2023-03-25/1216218079.PDF,2022,796,2026-08-06
600965,上海证券交易所,*ST福成,gssh0600965,1217177539,福成股份：2022年年度报告（更正后）,福成股份,2023-06-30,https://static.cninfo.com.cn/finalpage/2023-07-01/1217177539.PDF,2022,5155,2026-08-06
600965,上海证券交易所,*ST福成,gssh0600965,1217177540,福成股份：关于更正《2022年年度报告》的公告,福成股份,2023-06-30,https://static.cninfo.com.cn/finalpage/2023-07-01/1217177540.PDF,2022,660,2026-08-06
600965,上海证券交易所,*ST福成,gssh0600965,1219877467,福成股份：2023年年度报告摘要,福成股份,2024-04-26,https://static.cninfo.com.cn/finalpage/2024-04-27/1219877467.PDF,2023,720,2026-08-06
600965,上海证券交易所,*ST福成,gssh0600965,1219877468,福成股份：2023年年度报告,福成股份,2024-04-26,https://static.cninfo.com.cn/finalpage/2024-04-27/1219877468.PDF,2023,5027,2026-08-06
600965,上海证券交易所,*ST福成,gssh0600965,1220391881,福成股份：关于更正《2023年年度报告》的公告,福成股份,2024-06-18,https://static.cninfo.com.cn/finalpage/2024-06-19/1220391881.PDF,2023,820,2026-08-06
600965,上海证券交易所,*ST福成,gssh0600965,1220391882,福成股份：2023年年度报告（ 更正后）,福成股份,2024-06-18,https://static.cninfo.com.cn/finalpage/2024-06-19/1220391882.PDF,2023,5029,2026-08-06
600975,上海证券交易所,新五丰,gssh0600975,63717875,2013年年度报告摘要,新五丰,2014-03-24,https://static.cninfo.com.cn/finalpage/2014-03-25/63717875.PDF,2013,428,2026-08-06
600975,上海证券交易所,新五丰,gssh0600975,63717879,2013年年度报告,新五丰,2014-03-24,https://static.cninfo.com.cn/finalpage/2014-03-25/63717879.PDF,2013,2611,2026-08-06
600975,上海证券交易所,新五丰,gssh0600975,1200948760,2014年年度报告摘要,新五丰,2015-04-29,https://static.cninfo.com.cn/finalpage/2015-04-30/1200948760.PDF,2014,726,2026-08-06
600975,上海证券交易所,新五丰,gssh0600975,1200948765,2014年年度报告,新五丰,2015-04-29,https://static.cninfo.com.cn/finalpage/2015-04-30/1200948765.PDF,2014,2478,2026-08-06
600975,上海证券交易所,新五丰,gssh0600975,1202229831,2015年年度报告摘要,新五丰,2016-04-22,https://static.cninfo.com.cn/finalpage/2016-04-23/1202229831.PDF,2015,375,2026-08-06
600975,上海证券交易所,新五丰,gssh0600975,1202229848,2015年年度报告,新五丰,2016-04-22,https://static.cninfo.com.cn/finalpage/2016-04-23/1202229848.PDF,2015,2382,2026-08-06
600975,上海证券交易所,新五丰,gssh0600975,1203416847,2016年年度报告摘要,新五丰,2017-04-27,https://static.cninfo.com.cn/finalpage/2017-04-28/1203416847.PDF,2016,339,2026-08-06
600975,上海证券交易所,新五丰,gssh0600975,1203416866,2016年年度报告,新五丰,2017-04-27,https://static.cninfo.com.cn/finalpage/2017-04-28/1203416866.PDF,2016,2679,2026-08-06
600975,上海证券交易所,新五丰,gssh0600975,1204510963,2017年年度报告,新五丰,2018-03-23,https://static.cninfo.com.cn/finalpage/2018-03-24/1204510963.PDF,2017,2786,2026-08-06
600975,上海证券交易所,新五丰,gssh0600975,1204510974,2017年年度报告摘要,新五丰,2018-03-23,https://static.cninfo.com.cn/finalpage/2018-03-24/1204510974.PDF,2017,387,2026-08-06
600975,上海证券交易所,新五丰,gssh0600975,1205937427,2018年年度报告,新五丰,2019-03-25,https://static.cninfo.com.cn/finalpage/2019-03-26/1205937427.PDF,2018,2864,2026-08-06
600975,上海证券交易所,新五丰,gssh0600975,1205937428,2018年年度报告摘要,新五丰,2019-03-25,https://static.cninfo.com.cn/finalpage/2019-03-26/1205937428.PDF,2018,453,2026-08-06
600975,上海证券交易所,新五丰,gssh0600975,1207491867,2019年年度报告,新五丰,2020-04-13,https://static.cninfo.com.cn/finalpage/2020-04-14/1207491867.PDF,2019,3692,2026-08-06
600975,上海证券交易所,新五丰,gssh0600975,1207491878,2019年年度报告摘要,新五丰,2020-04-13,https://static.cninfo.com.cn/finalpage/2020-04-14/1207491878.PDF,2019,523,2026-08-06
600975,上海证券交易所,新五丰,gssh0600975,1209385244,湖南新五丰股份有限公司2020年年度报告摘要,新五丰,2021-03-15,https://static.cninfo.com.cn/finalpage/2021-03-16/1209385244.PDF,2020,625,2026-08-06
600975,上海证券交易所,新五丰,gssh0600975,1209385266,湖南新五丰股份有限公司2020年年度报告,新五丰,2021-03-15,https://static.cninfo.com.cn/finalpage/2021-03-16/1209385266.PDF,2020,4377,2026-08-06
600975,上海证券交易所,新五丰,gssh0600975,1213176457,湖南新五丰股份有限公司2021年年度报告摘要,新五丰,2022-04-27,https://static.cninfo.com.cn/finalpage/2022-04-28/1213176457.PDF,2021,715,2026-08-06
600975,上海证券交易所,新五丰,gssh0600975,1213176458,湖南新五丰股份有限公司2021年年度报告,新五丰,2022-04-27,https://static.cninfo.com.cn/finalpage/2022-04-28/1213176458.PDF,2021,4161,2026-08-06
600975,上海证券交易所,新五丰,gssh0600975,1216564457,湖南新五丰股份有限公司2022年年报,新五丰,2023-04-24,https://static.cninfo.com.cn/finalpage/2023-04-25/1216564457.PDF,2022,5149,2026-08-06
600975,上海证券交易所,新五丰,gssh0600975,1216564468,湖南新五丰股份有限公司2022年年报,新五丰,2023-04-24,https://static.cninfo.com.cn/finalpage/2023-04-25/1216564468.PDF,2022,5220,2026-08-06
600975,上海证券交易所,新五丰,gssh0600975,1216564491,湖南新五丰股份有限公司2022年年报摘要,新五丰,2023-04-24,https://static.cninfo.com.cn/finalpage/2023-04-25/1216564491.PDF,2022,666,2026-08-06
600975,上海证券交易所,新五丰,gssh0600975,1219705303,湖南新五丰股份有限公司2023年年度报告,新五丰,2024-04-19,https://static.cninfo.com.cn/finalpage/2024-04-20/1219705303.PDF,2023,5425,2026-08-06
600975,上海证券交易所,新五丰,gssh0600975,1219705337,湖南新五丰股份有限公司2023年年度报告摘要,新五丰,2024-04-19,https://static.cninfo.com.cn/finalpage/2024-04-20/1219705337.PDF,2023,916,2026-08-06
601118,上海证券交易所,海南橡胶,9900005902,63863604,2013年年度报告摘要,海南橡胶,2014-04-17,https://static.cninfo.com.cn/finalpage/2014-04-18/63863604.PDF,2013,388,2026-08-06
601118,上海证券交易所,海南橡胶,9900005902,63863610,2013年年度报告,海南橡胶,2014-04-17,https://static.cninfo.com.cn/finalpage/2014-04-18/63863610.PDF,2013,2294,2026-08-06
601118,上海证券交易所,海南橡胶,9900005902,1200834390,2014年年度报告摘要,海南橡胶,2015-04-14,https://static.cninfo.com.cn/finalpage/2015-04-15/1200834390.PDF,2014,500,2026-08-06
601118,上海证券交易所,海南橡胶,9900005902,1200834425,2014年年度报告,海南橡胶,2015-04-14,https://static.cninfo.com.cn/finalpage/2015-04-15/1200834425.PDF,2014,3259,2026-08-06
601118,上海证券交易所,海南橡胶,9900005902,1202232002,2015年年度报告摘要,海南橡胶,2016-04-22,https://static.cninfo.com.cn/finalpage/2016-04-23/1202232002.PDF,2015,471,2026-08-06
601118,上海证券交易所,海南橡胶,9900005902,1202232032,2015年年度报告,海南橡胶,2016-04-22,https://static.cninfo.com.cn/finalpage/2016-04-23/1202232032.PDF,2015,2999,2026-08-06
601118,上海证券交易所,海南橡胶,9900005902,1203291103,2016年年度报告,海南橡胶,2017-04-12,https://static.cninfo.com.cn/finalpage/2017-04-13/1203291103.PDF,2016,2898,2026-08-06
601118,上海证券交易所,海南橡胶,9900005902,1203291116,2016年年度报告摘要,海南橡胶,2017-04-12,https://static.cninfo.com.cn/finalpage/2017-04-13/1203291116.PDF,2016,444,2026-08-06
601118,上海证券交易所,海南橡胶,9900005902,1204829724,2017年年度报告摘要,海南橡胶,2018-04-27,https://static.cninfo.com.cn/finalpage/2018-04-28/1204829724.PDF,2017,415,2026-08-06
601118,上海证券交易所,海南橡胶,9900005902,1204829729,2017年年度报告,海南橡胶,2018-04-27,https://static.cninfo.com.cn/finalpage/2018-04-28/1204829729.PDF,2017,2953,2026-08-06
601118,上海证券交易所,海南橡胶,9900005902,1206010964,2018年年度报告,海南橡胶,2019-04-11,https://static.cninfo.com.cn/finalpage/2019-04-12/1206010964.PDF,2018,3662,2026-08-06
601118,上海证券交易所,海南橡胶,9900005902,1206010965,2018年年度报告摘要,海南橡胶,2019-04-11,https://static.cninfo.com.cn/finalpage/2019-04-12/1206010965.PDF,2018,531,2026-08-06
601118,上海证券交易所,海南橡胶,9900005902,1207501327,2019年年度报告,海南橡胶,2020-04-14,https://static.cninfo.com.cn/finalpage/2020-04-15/1207501327.PDF,2019,4016,2026-08-06
601118,上海证券交易所,海南橡胶,9900005902,1207501329,2019年年度报告摘要,海南橡胶,2020-04-14,https://static.cninfo.com.cn/finalpage/2020-04-15/1207501329.PDF,2019,608,2026-08-06
601118,上海证券交易所,海南橡胶,9900005902,1207924163,2019年年度报告（修订稿）,海南橡胶,2020-06-12,https://static.cninfo.com.cn/finalpage/2020-06-13/1207924163.PDF,2019,4015,2026-08-06
601118,上海证券交易所,海南橡胶,9900005902,1209495832,海南橡胶2020年年度报告（摘要）,海南橡胶,2021-03-30,https://static.cninfo.com.cn/finalpage/2021-03-31/1209495832.PDF,2020,824,2026-08-06
601118,上海证券交易所,海南橡胶,9900005902,1209495833,海南橡胶2020年年度报告,海南橡胶,2021-03-30,https://static.cninfo.com.cn/finalpage/2021-03-31/1209495833.PDF,2020,6337,2026-08-06
601118,上海证券交易所,海南橡胶,9900005902,1209567915,海南橡胶2020年年度报告（修订稿）,海南橡胶,2021-03-31,https://static.cninfo.com.cn/finalpage/2021-04-01/1209567915.PDF,2020,6335,2026-08-06
601118,上海证券交易所,海南橡胶,9900005902,1209892254,海南橡胶2020年年度报告（摘要）（修订稿）,海南橡胶,2021-05-05,https://static.cninfo.com.cn/finalpage/2021-05-06/1209892254.PDF,2020,825,2026-08-06
601118,上海证券交易所,海南橡胶,9900005902,1209892255,海南橡胶2020年年度报告（第二次修订稿）,海南橡胶,2021-05-05,https://static.cninfo.com.cn/finalpage/2021-05-06/1209892255.PDF,2020,6268,2026-08-06
601118,上海证券交易所,海南橡胶,9900005902,1212869909,海南橡胶2021年年度报告摘要,海南橡胶,2022-04-10,https://static.cninfo.com.cn/finalpage/2022-04-11/1212869909.PDF,2021,732,2026-08-06
601118,上海证券交易所,海南橡胶,9900005902,1212869910,海南橡胶2021年年度报告,海南橡胶,2022-04-10,https://static.cninfo.com.cn/finalpage/2022-04-11/1212869910.PDF,2021,4486,2026-08-06
601118,上海证券交易所,海南橡胶,9900005902,1216664414,海南橡胶2022年年度报告摘要,海南橡胶,2023-04-27,https://static.cninfo.com.cn/finalpage/2023-04-28/1216664414.PDF,2022,798,2026-08-06
601118,上海证券交易所,海南橡胶,9900005902,1216664658,海南橡胶2022年年度报告,海南橡胶,2023-04-27,https://static.cninfo.com.cn/finalpage/2023-04-28/1216664658.PDF,2022,4529,2026-08-06
601118,上海证券交易所,海南橡胶,9900005902,1219927646,海南橡胶2021年年度报告（2024年4月修订版）,海南橡胶,2024-04-29,https://static.cninfo.com.cn/finalpage/2024-04-30/1219927646.PDF,2021,4643,2026-08-06
601118,上海证券交易所,海南橡胶,9900005902,1219927649,海南橡胶2020年年度报告（2024年4月修订版）,海南橡胶,2024-04-29,https://static.cninfo.com.cn/finalpage/2024-04-30/1219927649.PDF,2020,6469,2026-08-06
601118,上海证券交易所,海南橡胶,9900005902,1219927655,海南橡胶2022年年度报告（2024年4月修订版）,海南橡胶,2024-04-29,https://static.cninfo.com.cn/finalpage/2024-04-30/1219927655.PDF,2022,4699,2026-08-06
601118,上海证券交易所,海南橡胶,9900005902,1219927658,海南橡胶2018年年度报告（2024年4月修订版）,海南橡胶,2024-04-29,https://static.cninfo.com.cn/finalpage/2024-04-30/1219927658.PDF,2018,6211,2026-08-06
601118,上海证券交易所,海南橡胶,9900005902,1219927659,海南橡胶2019年年度报告（2024年4月修订版）,海南橡胶,2024-04-29,https://static.cninfo.com.cn/finalpage/2024-04-30/1219927659.PDF,2019,4726,2026-08-06
601118,上海证券交易所,海南橡胶,9900005902,1219927665,海南橡胶2023年年度报告,海南橡胶,2024-04-29,https://static.cninfo.com.cn/finalpage/2024-04-30/1219927665.PDF,2023,5077,2026-08-06
601118,上海证券交易所,海南橡胶,9900005902,1219927666,海南橡胶2023年年度报告摘要,海南橡胶,2024-04-29,https://static.cninfo.com.cn/finalpage/2024-04-30/1219927666.PDF,2023,883,2026-08-06
601118,上海证券交易所,海南橡胶,9900005902,1219927686,海南橡胶2017年年度报告（2024年4月修订版）,海南橡胶,2024-04-29,https://static.cninfo.com.cn/finalpage/2024-04-30/1219927686.PDF,2017,3697,2026-08-06
601933,上海证券交易所,永辉超市,9900016367,63616621,2013年年度报告,永辉超市,2014-02-27,https://static.cninfo.com.cn/finalpage/2014-02-28/63616621.PDF,2013,1145,2026-08-06
601933,上海证券交易所,永辉超市,9900016367,63616622,2013年年度报告摘要,永辉超市,2014-02-27,https://static.cninfo.com.cn/finalpage/2014-02-28/63616622.PDF,2013,235,2026-08-06
601933,上海证券交易所,永辉超市,9900016367,1200947955,2014年年度报告摘要,永辉超市,2015-04-29,https://static.cninfo.com.cn/finalpage/2015-04-30/1200947955.PDF,2014,364,2026-08-06
601933,上海证券交易所,永辉超市,9900016367,1200947960,2014年年度报告,永辉超市,2015-04-29,https://static.cninfo.com.cn/finalpage/2015-04-30/1200947960.PDF,2014,3677,2026-08-06
601933,上海证券交易所,永辉超市,9900016367,1202261851,2015年年度报告摘要,永辉超市,2016-04-27,https://static.cninfo.com.cn/finalpage/2016-04-28/1202261851.PDF,2015,296,2026-08-06
601933,上海证券交易所,永辉超市,9900016367,1202261876,2015年年度报告,永辉超市,2016-04-27,https://static.cninfo.com.cn/finalpage/2016-04-28/1202261876.PDF,2015,3081,2026-08-06
601933,上海证券交易所,永辉超市,9900016367,1203241599,2016年年度报告,永辉超市,2017-03-30,https://static.cninfo.com.cn/finalpage/2017-03-31/1203241599.PDF,2016,3272,2026-08-06
601933,上海证券交易所,永辉超市,9900016367,1203241612,2016年年度报告摘要,永辉超市,2017-03-30,https://static.cninfo.com.cn/finalpage/2017-03-31/1203241612.PDF,2016,355,2026-08-06
601933,上海证券交易所,永辉超市,9900016367,1204553341,2017年年度报告摘要,永辉超市,2018-03-30,https://static.cninfo.com.cn/finalpage/2018-03-31/1204553341.PDF,2017,352,2026-08-06
601933,上海证券交易所,永辉超市,9900016367,1204553514,2017年年度报告,永辉超市,2018-03-30,https://static.cninfo.com.cn/finalpage/2018-03-31/1204553514.PDF,2017,4673,2026-08-06
601933,上海证券交易所,永辉超市,9900016367,1206103290,2018年年度报告,永辉超市,2019-04-25,https://static.cninfo.com.cn/finalpage/2019-04-26/1206103290.PDF,2018,4548,2026-08-06
601933,上海证券交易所,永辉超市,9900016367,1206103291,2018年年度报告摘要,永辉超市,2019-04-25,https://static.cninfo.com.cn/finalpage/2019-04-26/1206103291.PDF,2018,332,2026-08-06
601933,上海证券交易所,永辉超市,9900016367,1207670552,2019年年度报告摘要,永辉超市,2020-04-28,https://static.cninfo.com.cn/finalpage/2020-04-29/1207670552.PDF,2019,410,2026-08-06
601933,上海证券交易所,永辉超市,9900016367,1207670553,2019年年度报告,永辉超市,2020-04-28,https://static.cninfo.com.cn/finalpage/2020-04-29/1207670553.PDF,2019,5576,2026-08-06
601933,上海证券交易所,永辉超市,9900016367,1209875986,永辉超市股份有限公司2020年年度报告,永辉超市,2021-04-29,https://static.cninfo.com.cn/finalpage/2021-04-30/1209875986.PDF,2020,5367,2026-08-06
601933,上海证券交易所,永辉超市,9900016367,1209876012,永辉超市股份有限公司2020年年度报告摘要,永辉超市,2021-04-29,https://static.cninfo.com.cn/finalpage/2021-04-30/1209876012.PDF,2020,633,2026-08-06
601933,上海证券交易所,永辉超市,9900016367,1213271075,永辉超市股份有限公司2021年年度报告摘要,永辉超市,2022-04-29,https://static.cninfo.com.cn/finalpage/2022-04-30/1213271075.PDF,2021,628,2026-08-06
601933,上海证券交易所,永辉超市,9900016367,1213271083,永辉超市股份有限公司2021年年度报告,永辉超市,2022-04-29,https://static.cninfo.com.cn/finalpage/2022-04-30/1213271083.PDF,2021,5311,2026-08-06
601933,上海证券交易所,永辉超市,9900016367,1216707507,永辉超市股份有限公司有限公司2022年年度报告摘要,永辉超市,2023-04-28,https://static.cninfo.com.cn/finalpage/2023-04-29/1216707507.PDF,2022,618,2026-08-06
601933,上海证券交易所,永辉超市,9900016367,1216707511,永辉超市股份有限公司有限公司2022年度报告,永辉超市,2023-04-28,https://static.cninfo.com.cn/finalpage/2023-04-29/1216707511.PDF,2022,5177,2026-08-06
601933,上海证券交易所,永辉超市,9900016367,1219878384,永辉超市股份有限公司2023年年度报告,永辉超市,2024-04-26,https://static.cninfo.com.cn/finalpage/2024-04-27/1219878384.PDF,2023,5597,2026-08-06
601933,上海证券交易所,永辉超市,9900016367,1219878396,永辉超市股份有限公司2023年年度报告摘要,永辉超市,2024-04-26,https://static.cninfo.com.cn/finalpage/2024-04-27/1219878396.PDF,2023,544,2026-08-06
601996,上海证券交易所,丰林集团,9900021478,63742460,2013年年度报告摘要,丰林集团,2014-03-27,https://static.cninfo.com.cn/finalpage/2014-03-28/63742460.PDF,2013,451,2026-08-06
601996,上海证券交易所,丰林集团,9900021478,63742470,2013年年度报告,丰林集团,2014-03-27,https://static.cninfo.com.cn/finalpage/2014-03-28/63742470.PDF,2013,2276,2026-08-06
601996,上海证券交易所,丰林集团,9900021478,1200756262,2014年年度报告摘要,丰林集团,2015-03-27,https://static.cninfo.com.cn/finalpage/2015-03-28/1200756262.PDF,2014,545,2026-08-06
601996,上海证券交易所,丰林集团,9900021478,1200756272,2014年年度报告,丰林集团,2015-03-27,https://static.cninfo.com.cn/finalpage/2015-03-28/1200756272.PDF,2014,2391,2026-08-06
601996,上海证券交易所,丰林集团,9900021478,1202101283,2015年年度报告摘要,丰林集团,2016-03-29,https://static.cninfo.com.cn/finalpage/2016-03-30/1202101283.PDF,2015,395,2026-08-06
601996,上海证券交易所,丰林集团,9900021478,1202101291,2015年年度报告,丰林集团,2016-03-29,https://static.cninfo.com.cn/finalpage/2016-03-30/1202101291.PDF,2015,3089,2026-08-06
601996,上海证券交易所,丰林集团,9900021478,1203241620,2016年年度报告摘要,丰林集团,2017-03-30,https://static.cninfo.com.cn/finalpage/2017-03-31/1203241620.PDF,2016,396,2026-08-06
601996,上海证券交易所,丰林集团,9900021478,1203241622,2016年年度报告,丰林集团,2017-03-30,https://static.cninfo.com.cn/finalpage/2017-03-31/1203241622.PDF,2016,2413,2026-08-06
601996,上海证券交易所,丰林集团,9900021478,1204486375,2017年年度报告摘要,丰林集团,2018-03-16,https://static.cninfo.com.cn/finalpage/2018-03-17/1204486375.PDF,2017,359,2026-08-06
601996,上海证券交易所,丰林集团,9900021478,1204486382,2017年年度报告,丰林集团,2018-03-16,https://static.cninfo.com.cn/finalpage/2018-03-17/1204486382.PDF,2017,2528,2026-08-06
601996,上海证券交易所,丰林集团,9900021478,1205967994,2018年年度报告摘要,丰林集团,2019-03-29,https://static.cninfo.com.cn/finalpage/2019-03-30/1205967994.PDF,2018,325,2026-08-06
601996,上海证券交易所,丰林集团,9900021478,1205968011,2018年年度报告,丰林集团,2019-03-29,https://static.cninfo.com.cn/finalpage/2019-03-30/1205968011.PDF,2018,2733,2026-08-06
601996,上海证券交易所,丰林集团,9900021478,1207473733,2019年年度报告,丰林集团,2020-04-09,https://static.cninfo.com.cn/finalpage/2020-04-10/1207473733.PDF,2019,3249,2026-08-06
601996,上海证券交易所,丰林集团,9900021478,1207473744,2019年年度报告摘要,丰林集团,2020-04-09,https://static.cninfo.com.cn/finalpage/2020-04-10/1207473744.PDF,2019,559,2026-08-06
601996,上海证券交易所,丰林集团,9900021478,1209496090,广西丰林木业集团股份有限公司2020年年度报告摘要,丰林集团,2021-03-30,https://static.cninfo.com.cn/finalpage/2021-03-31/1209496090.PDF,2020,474,2026-08-06
601996,上海证券交易所,丰林集团,9900021478,1209496091,广西丰林木业集团股份有限公司2020年年度报告全文,丰林集团,2021-03-30,https://static.cninfo.com.cn/finalpage/2021-03-31/1209496091.PDF,2020,3506,2026-08-06
601996,上海证券交易所,丰林集团,9900021478,1212727748,广西丰林木业集团股份有限公司2021年年度报告摘要,丰林集团,2022-03-29,https://static.cninfo.com.cn/finalpage/2022-03-30/1212727748.PDF,2021,760,2026-08-06
601996,上海证券交易所,丰林集团,9900021478,1212727759,广西丰林木业集团股份有限公司2021年年度报告,丰林集团,2022-03-29,https://static.cninfo.com.cn/finalpage/2022-03-30/1212727759.PDF,2021,3637,2026-08-06
601996,上海证券交易所,丰林集团,9900021478,1216027648,广西丰林木业集团股份有限公司2022年年度报告,丰林集团,2023-03-01,https://static.cninfo.com.cn/finalpage/2023-03-02/1216027648.PDF,2022,4806,2026-08-06
601996,上海证券交易所,丰林集团,9900021478,1216027706,广西丰林木业集团股份有限公司2022年年度报告摘要,丰林集团,2023-03-01,https://static.cninfo.com.cn/finalpage/2023-03-02/1216027706.PDF,2022,673,2026-08-06
601996,上海证券交易所,丰林集团,9900021478,1219410573,广西丰林木业集团股份有限公司2023年年度报告,丰林集团,2024-03-26,https://static.cninfo.com.cn/finalpage/2024-03-27/1219410573.PDF,2023,4119,2026-08-06
601996,上海证券交易所,丰林集团,9900021478,1219410578,广西丰林木业集团股份有限公司2023年年度报告摘要,丰林集团,2024-03-26,https://static.cninfo.com.cn/finalpage/2024-03-27/1219410578.PDF,2023,762,2026-08-06
603151,上海证券交易所,邦基科技,9900052705,1216269457,山东邦基科技股份有限公司2022年年度报告摘要,邦基科技,2023-03-30,https://static.cninfo.com.cn/finalpage/2023-03-31/1216269457.PDF,2022,600,2026-08-06
603151,上海证券交易所,邦基科技,9900052705,1216269478,山东邦基科技股份有限公司2022年年度报告,邦基科技,2023-03-30,https://static.cninfo.com.cn/finalpage/2023-03-31/1216269478.PDF,2022,3288,2026-08-06
603151,上海证券交易所,邦基科技,9900052705,1219879155,山东邦基科技股份有限公司2023年度报告摘要,邦基科技,2024-04-26,https://static.cninfo.com.cn/finalpage/2024-04-27/1219879155.PDF,2023,628,2026-08-06
603151,上海证券交易所,邦基科技,9900052705,1219879163,山东邦基科技股份有限公司2023年年度报告,邦基科技,2024-04-26,https://static.cninfo.com.cn/finalpage/2024-04-27/1219879163.PDF,2023,3666,2026-08-06
603156,上海证券交易所,养元饮品,9900023988,1204554569,2017年年度报告,养元饮品,2018-03-30,https://static.cninfo.com.cn/finalpage/2018-03-31/1204554569.PDF,2017,3154,2026-08-06
603156,上海证券交易所,养元饮品,9900023988,1204554570,2017年年度报告摘要,养元饮品,2018-03-30,https://static.cninfo.com.cn/finalpage/2018-03-31/1204554570.PDF,2017,599,2026-08-06
603156,上海证券交易所,养元饮品,9900023988,1204974472,2017年年度报告（修订版）,养元饮品,2018-05-18,https://static.cninfo.com.cn/finalpage/2018-05-19/1204974472.PDF,2017,1786,2026-08-06
603156,上海证券交易所,养元饮品,9900023988,1205935757,2018年年度报告,养元饮品,2019-03-25,https://static.cninfo.com.cn/finalpage/2019-03-26/1205935757.PDF,2018,2690,2026-08-06
603156,上海证券交易所,养元饮品,9900023988,1205935768,2018年年度报告摘要,养元饮品,2019-03-25,https://static.cninfo.com.cn/finalpage/2019-03-26/1205935768.PDF,2018,488,2026-08-06
603156,上海证券交易所,养元饮品,9900023988,1205999511,2018年年度报告（修订版）,养元饮品,2019-04-08,https://static.cninfo.com.cn/finalpage/2019-04-09/1205999511.PDF,2018,2696,2026-08-06
603156,上海证券交易所,养元饮品,9900023988,1205999514,2018年年度报告摘要（修订版）,养元饮品,2019-04-08,https://static.cninfo.com.cn/finalpage/2019-04-09/1205999514.PDF,2018,497,2026-08-06
603156,上海证券交易所,养元饮品,9900023988,1207528606,2019年年度报告摘要,养元饮品,2020-04-17,https://static.cninfo.com.cn/finalpage/2020-04-18/1207528606.PDF,2019,530,2026-08-06
603156,上海证券交易所,养元饮品,9900023988,1207528617,2019年年度报告,养元饮品,2020-04-17,https://static.cninfo.com.cn/finalpage/2020-04-18/1207528617.PDF,2019,3269,2026-08-06
603156,上海证券交易所,养元饮品,9900023988,1209800247,养元饮品2020年年度报告摘要,养元饮品,2021-04-25,https://static.cninfo.com.cn/finalpage/2021-04-26/1209800247.PDF,2020,702,2026-08-06
603156,上海证券交易所,养元饮品,9900023988,1209800248,养元饮品2020年年度报告,养元饮品,2021-04-25,https://static.cninfo.com.cn/finalpage/2021-04-26/1209800248.PDF,2020,3590,2026-08-06
603156,上海证券交易所,养元饮品,9900023988,1213053844,养元饮品2021年年度报告摘要,养元饮品,2022-04-22,https://static.cninfo.com.cn/finalpage/2022-04-23/1213053844.PDF,2021,683,2026-08-06
603156,上海证券交易所,养元饮品,9900023988,1213053845,养元饮品2021年年度报告,养元饮品,2022-04-22,https://static.cninfo.com.cn/finalpage/2022-04-23/1213053845.PDF,2021,4482,2026-08-06
603156,上海证券交易所,养元饮品,9900023988,1216524788,养元饮品2022年年度报告摘要,养元饮品,2023-04-21,https://static.cninfo.com.cn/finalpage/2023-04-22/1216524788.PDF,2022,746,2026-08-06
603156,上海证券交易所,养元饮品,9900023988,1216524807,养元饮品2022年年度报告,养元饮品,2023-04-21,https://static.cninfo.com.cn/finalpage/2023-04-22/1216524807.PDF,2022,3500,2026-08-06
603156,上海证券交易所,养元饮品,9900023988,1217107377,养元饮品2022年年度报告（修订版）,养元饮品,2023-06-20,https://static.cninfo.com.cn/finalpage/2023-06-21/1217107377.PDF,2022,3542,2026-08-06
603156,上海证券交易所,养元饮品,9900023988,1219766073,养元饮品2023年年度报告,养元饮品,2024-04-23,https://static.cninfo.com.cn/finalpage/2024-04-24/1219766073.PDF,2023,3677,2026-08-06
603156,上海证券交易所,养元饮品,9900023988,1219766091,养元饮品2023年年度报告摘要,养元饮品,2024-04-23,https://static.cninfo.com.cn/finalpage/2024-04-24/1219766091.PDF,2023,691,2026-08-06
603182,上海证券交易所,嘉华股份,gfbj0838891,1216437692,嘉华股份2022年年度报告摘要,嘉华股份,2023-04-17,https://static.cninfo.com.cn/finalpage/2023-04-18/1216437692.PDF,2022,658,2026-08-06
603182,上海证券交易所,嘉华股份,gfbj0838891,1216437714,嘉华股份2022年年度报告,嘉华股份,2023-04-17,https://static.cninfo.com.cn/finalpage/2023-04-18/1216437714.PDF,2022,3285,2026-08-06
603182,上海证券交易所,嘉华股份,gfbj0838891,1219624824,嘉华股份2023年年度报告摘要,嘉华股份,2024-04-15,https://static.cninfo.com.cn/finalpage/2024-04-16/1219624824.PDF,2023,650,2026-08-06
603182,上海证券交易所,嘉华股份,gfbj0838891,1219624836,嘉华股份2023年年度报告,嘉华股份,2024-04-15,https://static.cninfo.com.cn/finalpage/2024-04-16/1219624836.PDF,2023,4905,2026-08-06
603237,上海证券交易所,五芳斋,9900041915,1216694190,浙江五芳斋实业股份有限公司2022年年度报告摘要,五芳斋,2023-04-28,https://static.cninfo.com.cn/finalpage/2023-04-29/1216694190.PDF,2022,1026,2026-08-06
603237,上海证券交易所,五芳斋,9900041915,1216694236,浙江五芳斋实业股份有限公司2022年年度报告,五芳斋,2023-04-28,https://static.cninfo.com.cn/finalpage/2023-04-29/1216694236.PDF,2022,3979,2026-08-06
603237,上海证券交易所,五芳斋,9900041915,1219793360,浙江五芳斋实业股份有限公司2023年年度报告,五芳斋,2024-04-24,https://static.cninfo.com.cn/finalpage/2024-04-25/1219793360.PDF,2023,5872,2026-08-06
603237,上海证券交易所,五芳斋,9900041915,1219793362,浙江五芳斋实业股份有限公司2023年年度报告摘要,五芳斋,2024-04-24,https://static.cninfo.com.cn/finalpage/2024-04-25/1219793362.PDF,2023,1026,2026-08-06
603288,上海证券交易所,海天味业,9900023228,63720307,2013年年度报告摘要,海天味业,2014-03-24,https://static.cninfo.com.cn/finalpage/2014-03-25/63720307.PDF,2013,482,2026-08-06
603288,上海证券交易所,海天味业,9900023228,63720310,2013年年度报告,海天味业,2014-03-24,https://static.cninfo.com.cn/finalpage/2014-03-25/63720310.PDF,2013,2421,2026-08-06
603288,上海证券交易所,海天味业,9900023228,1200683959,2014年年度报告摘要,海天味业,2015-03-09,https://static.cninfo.com.cn/finalpage/2015-03-10/1200683959.PDF,2014,734,2026-08-06
603288,上海证券交易所,海天味业,9900023228,1200683965,2014年年度报告,海天味业,2015-03-09,https://static.cninfo.com.cn/finalpage/2015-03-10/1200683965.PDF,2014,2059,2026-08-06
603288,上海证券交易所,海天味业,9900023228,1202032539,2015年年度报告,海天味业,2016-03-09,https://static.cninfo.com.cn/finalpage/2016-03-10/1202032539.PDF,2015,2661,2026-08-06
603288,上海证券交易所,海天味业,9900023228,1202032540,2015年年度报告摘要,海天味业,2016-03-09,https://static.cninfo.com.cn/finalpage/2016-03-10/1202032540.PDF,2015,599,2026-08-06
603288,上海证券交易所,海天味业,9900023228,1203186513,2016年年度报告,海天味业,2017-03-22,https://static.cninfo.com.cn/finalpage/2017-03-23/1203186513.PDF,2016,5615,2026-08-06
603288,上海证券交易所,海天味业,9900023228,1203186525,2016年年度报告摘要,海天味业,2017-03-22,https://static.cninfo.com.cn/finalpage/2017-03-23/1203186525.PDF,2016,628,2026-08-06
603288,上海证券交易所,海天味业,9900023228,1204505944,2017年年度报告,海天味业,2018-03-22,https://static.cninfo.com.cn/finalpage/2018-03-23/1204505944.PDF,2017,2657,2026-08-06
603288,上海证券交易所,海天味业,9900023228,1204505945,2017年年度报告摘要,海天味业,2018-03-22,https://static.cninfo.com.cn/finalpage/2018-03-23/1204505945.PDF,2017,351,2026-08-06
603288,上海证券交易所,海天味业,9900023228,1204932081,2017年年度报告（修订版）,海天味业,2018-05-11,https://static.cninfo.com.cn/finalpage/2018-05-12/1204932081.PDF,2017,2673,2026-08-06
603288,上海证券交易所,海天味业,9900023228,1205936532,2018年年度报告摘要,海天味业,2019-03-25,https://static.cninfo.com.cn/finalpage/2019-03-26/1205936532.PDF,2018,417,2026-08-06
603288,上海证券交易所,海天味业,9900023228,1205936540,2018年年度报告,海天味业,2019-03-25,https://static.cninfo.com.cn/finalpage/2019-03-26/1205936540.PDF,2018,2759,2026-08-06
603288,上海证券交易所,海天味业,9900023228,1207405064,2019年年度报告,海天味业,2020-03-25,https://static.cninfo.com.cn/finalpage/2020-03-26/1207405064.PDF,2019,3113,2026-08-06
603288,上海证券交易所,海天味业,9900023228,1207405065,2019年年度报告摘要,海天味业,2020-03-25,https://static.cninfo.com.cn/finalpage/2020-03-26/1207405065.PDF,2019,532,2026-08-06
603288,上海证券交易所,海天味业,9900023228,1209486816,海天味业2020年年度报告,海天味业,2021-03-30,https://static.cninfo.com.cn/finalpage/2021-03-31/1209486816.PDF,2020,3394,2026-08-06
603288,上海证券交易所,海天味业,9900023228,1209486838,海天味业2020年年度报告摘要,海天味业,2021-03-30,https://static.cninfo.com.cn/finalpage/2021-03-31/1209486838.PDF,2020,700,2026-08-06
603288,上海证券交易所,海天味业,9900023228,1212671751,海天味业2021年年度报告摘要,海天味业,2022-03-24,https://static.cninfo.com.cn/finalpage/2022-03-25/1212671751.PDF,2021,686,2026-08-06
603288,上海证券交易所,海天味业,9900023228,1212671753,海天味业2021年年度报告,海天味业,2022-03-24,https://static.cninfo.com.cn/finalpage/2022-03-25/1212671753.PDF,2021,3510,2026-08-06
603288,上海证券交易所,海天味业,9900023228,1216595423,海天味业2022年年度报告,海天味业,2023-04-25,https://static.cninfo.com.cn/finalpage/2023-04-26/1216595423.PDF,2022,3964,2026-08-06
603288,上海证券交易所,海天味业,9900023228,1216595554,海天味业2022年年度报告摘要,海天味业,2023-04-25,https://static.cninfo.com.cn/finalpage/2023-04-26/1216595554.PDF,2022,1021,2026-08-06
603288,上海证券交易所,海天味业,9900023228,1219879610,海天味业2023年年度报告,海天味业,2024-04-26,https://static.cninfo.com.cn/finalpage/2024-04-27/1219879610.PDF,2023,4105,2026-08-06
603288,上海证券交易所,海天味业,9900023228,1219879611,海天味业2023年年度报告摘要,海天味业,2024-04-26,https://static.cninfo.com.cn/finalpage/2024-04-27/1219879611.PDF,2023,935,2026-08-06
603317,上海证券交易所,天味食品,9900023519,1207433014,2019年年度报告,天味食品,2020-03-30,https://static.cninfo.com.cn/finalpage/2020-03-31/1207433014.PDF,2019,3058,2026-08-06
603317,上海证券交易所,天味食品,9900023519,1207433015,2019年年度报告摘要,天味食品,2020-03-30,https://static.cninfo.com.cn/finalpage/2020-03-31/1207433015.PDF,2019,521,2026-08-06
603317,上海证券交易所,天味食品,9900023519,1209496233,2020年年度报告摘要,天味食品,2021-03-30,https://static.cninfo.com.cn/finalpage/2021-03-31/1209496233.PDF,2020,1181,2026-08-06
603317,上海证券交易所,天味食品,9900023519,1209496234,2020年年度报告,天味食品,2021-03-30,https://static.cninfo.com.cn/finalpage/2021-03-31/1209496234.PDF,2020,4498,2026-08-06
603317,上海证券交易所,天味食品,9900023519,1212743546,2021年年度报告摘要,天味食品,2022-03-30,https://static.cninfo.com.cn/finalpage/2022-03-31/1212743546.PDF,2021,1145,2026-08-06
603317,上海证券交易所,天味食品,9900023519,1212743548,2021年年度报告,天味食品,2022-03-30,https://static.cninfo.com.cn/finalpage/2022-03-31/1212743548.PDF,2021,3948,2026-08-06
603317,上海证券交易所,天味食品,9900023519,1216024559,2022年年度报告摘要,天味食品,2023-03-01,https://static.cninfo.com.cn/finalpage/2023-03-02/1216024559.PDF,2022,912,2026-08-06
603317,上海证券交易所,天味食品,9900023519,1216024577,2022年年度报告,天味食品,2023-03-01,https://static.cninfo.com.cn/finalpage/2023-03-02/1216024577.PDF,2022,4240,2026-08-06
603317,上海证券交易所,天味食品,9900023519,1219428418,2023年年度报告,天味食品,2024-03-27,https://static.cninfo.com.cn/finalpage/2024-03-28/1219428418.PDF,2023,4652,2026-08-06
603317,上海证券交易所,天味食品,9900023519,1219428425,2023年年度报告摘要,天味食品,2024-03-27,https://static.cninfo.com.cn/finalpage/2024-03-28/1219428425.PDF,2023,1254,2026-08-06
603336,上海证券交易所,宏辉果蔬,9900023771,1203332405,2016年年度报告摘要,宏辉果蔬,2017-04-19,https://static.cninfo.com.cn/finalpage/2017-04-20/1203332405.PDF,2016,783,2026-08-06
603336,上海证券交易所,宏辉果蔬,9900023771,1203332428,2016年年度报告,宏辉果蔬,2017-04-19,https://static.cninfo.com.cn/finalpage/2017-04-20/1203332428.PDF,2016,2733,2026-08-06
603336,上海证券交易所,宏辉果蔬,9900023771,1204542999,2017年年度报告摘要,宏辉果蔬,2018-03-29,https://static.cninfo.com.cn/finalpage/2018-03-30/1204542999.PDF,2017,858,2026-08-06
603336,上海证券交易所,宏辉果蔬,9900023771,1204543017,2017年年度报告,宏辉果蔬,2018-03-29,https://static.cninfo.com.cn/finalpage/2018-03-30/1204543017.PDF,2017,2707,2026-08-06
603336,上海证券交易所,宏辉果蔬,9900023771,1205953694,2018年年度报告,宏辉果蔬,2019-03-28,https://static.cninfo.com.cn/finalpage/2019-03-29/1205953694.PDF,2018,2683,2026-08-06
603336,上海证券交易所,宏辉果蔬,9900023771,1205953695,2018年年度报告摘要,宏辉果蔬,2019-03-28,https://static.cninfo.com.cn/finalpage/2019-03-29/1205953695.PDF,2018,590,2026-08-06
603336,上海证券交易所,宏辉果蔬,9900023771,1207368247,2019年年度报告,宏辉果蔬,2020-03-12,https://static.cninfo.com.cn/finalpage/2020-03-13/1207368247.PDF,2019,3347,2026-08-06
603336,上海证券交易所,宏辉果蔬,9900023771,1207368248,2019年年度报告摘要,宏辉果蔬,2020-03-12,https://static.cninfo.com.cn/finalpage/2020-03-13/1207368248.PDF,2019,946,2026-08-06
603336,上海证券交易所,宏辉果蔬,9900023771,1209463304,2020年年度报告摘要,宏辉果蔬,2021-03-26,https://static.cninfo.com.cn/finalpage/2021-03-27/1209463304.PDF,2020,925,2026-08-06
603336,上海证券交易所,宏辉果蔬,9900023771,1209463305,2020年年度报告,宏辉果蔬,2021-03-26,https://static.cninfo.com.cn/finalpage/2021-03-27/1209463305.PDF,2020,4953,2026-08-06
603336,上海证券交易所,宏辉果蔬,9900023771,1212940244,2021年年度报告摘要,宏辉果蔬,2022-04-15,https://static.cninfo.com.cn/finalpage/2022-04-16/1212940244.PDF,2021,1106,2026-08-06
603336,上海证券交易所,宏辉果蔬,9900023771,1212940255,2021年年度报告,宏辉果蔬,2022-04-15,https://static.cninfo.com.cn/finalpage/2022-04-16/1212940255.PDF,2021,3589,2026-08-06
603336,上海证券交易所,宏辉果蔬,9900023771,1216235580,2022年年度报告,宏辉果蔬,2023-03-27,https://static.cninfo.com.cn/finalpage/2023-03-28/1216235580.PDF,2022,5062,2026-08-06
603336,上海证券交易所,宏辉果蔬,9900023771,1216235605,2022年年度报告摘要,宏辉果蔬,2023-03-27,https://static.cninfo.com.cn/finalpage/2023-03-28/1216235605.PDF,2022,1183,2026-08-06
603336,上海证券交易所,宏辉果蔬,9900023771,1219581219,2023年年度报告,宏辉果蔬,2024-04-11,https://static.cninfo.com.cn/finalpage/2024-04-12/1219581219.PDF,2023,4118,2026-08-06
603336,上海证券交易所,宏辉果蔬,9900023771,1219581227,2023年年度报告摘要,宏辉果蔬,2024-04-11,https://static.cninfo.com.cn/finalpage/2024-04-12/1219581227.PDF,2023,1253,2026-08-06
603345,上海证券交易所,安井食品,9900028960,1203335530,2016年年度报告摘要,安井食品,2017-04-19,https://static.cninfo.com.cn/finalpage/2017-04-20/1203335530.PDF,2016,465,2026-08-06
603345,上海证券交易所,安井食品,9900028960,1203335543,2016年年度报告,安井食品,2017-04-19,https://static.cninfo.com.cn/finalpage/2017-04-20/1203335543.PDF,2016,2699,2026-08-06
603345,上海证券交易所,安井食品,9900028960,1204493317,2017年年度报告摘要,安井食品,2018-03-19,https://static.cninfo.com.cn/finalpage/2018-03-20/1204493317.PDF,2017,428,2026-08-06
603345,上海证券交易所,安井食品,9900028960,1204493331,2017年年度报告,安井食品,2018-03-19,https://static.cninfo.com.cn/finalpage/2018-03-20/1204493331.PDF,2017,3211,2026-08-06
603345,上海证券交易所,安井食品,9900028960,1204953333,2017年年度报告（修订版）,安井食品,2018-05-17,https://static.cninfo.com.cn/finalpage/2018-05-18/1204953333.PDF,2017,3245,2026-08-06
603345,上海证券交易所,安井食品,9900028960,1206064322,2018年年度报告摘要,安井食品,2019-04-21,https://static.cninfo.com.cn/finalpage/2019-04-22/1206064322.PDF,2018,461,2026-08-06
603345,上海证券交易所,安井食品,9900028960,1206064323,2018年年度报告,安井食品,2019-04-21,https://static.cninfo.com.cn/finalpage/2019-04-22/1206064323.PDF,2018,2863,2026-08-06
603345,上海证券交易所,安井食品,9900028960,1207491272,2019年年度报告,安井食品,2020-04-13,https://static.cninfo.com.cn/finalpage/2020-04-14/1207491272.PDF,2019,3458,2026-08-06
603345,上海证券交易所,安井食品,9900028960,1207491276,2019年年度报告摘要,安井食品,2020-04-13,https://static.cninfo.com.cn/finalpage/2020-04-14/1207491276.PDF,2019,750,2026-08-06
603345,上海证券交易所,安井食品,9900028960,1209678507,安井食品2020年年度报告摘要,安井食品,2021-04-12,https://static.cninfo.com.cn/finalpage/2021-04-13/1209678507.PDF,2020,651,2026-08-06
603345,上海证券交易所,安井食品,9900028960,1209678508,安井食品2020年年度报告,安井食品,2021-04-12,https://static.cninfo.com.cn/finalpage/2021-04-13/1209678508.PDF,2020,4042,2026-08-06
603345,上海证券交易所,安井食品,9900028960,1213109573,安井食品2021年年度报告摘要,安井食品,2022-04-25,https://static.cninfo.com.cn/finalpage/2022-04-26/1213109573.PDF,2021,657,2026-08-06
603345,上海证券交易所,安井食品,9900028960,1213109574,安井食品2021年年度报告,安井食品,2022-04-25,https://static.cninfo.com.cn/finalpage/2022-04-26/1213109574.PDF,2021,4273,2026-08-06
603345,上海证券交易所,安井食品,9900028960,1216556384,安井食品2022年年度报告,安井食品,2023-04-24,https://static.cninfo.com.cn/finalpage/2023-04-25/1216556384.PDF,2022,5015,2026-08-06
603345,上海证券交易所,安井食品,9900028960,1216556433,安井食品2022年年度报告摘要,安井食品,2023-04-24,https://static.cninfo.com.cn/finalpage/2023-04-25/1216556433.PDF,2022,1001,2026-08-06
603345,上海证券交易所,安井食品,9900028960,1219879952,安井食品2023年年度报告,安井食品,2024-04-26,https://static.cninfo.com.cn/finalpage/2024-04-27/1219879952.PDF,2023,4144,2026-08-06
603345,上海证券交易所,安井食品,9900028960,1219879977,安井食品2023年年度报告摘要,安井食品,2024-04-26,https://static.cninfo.com.cn/finalpage/2024-04-27/1219879977.PDF,2023,758,2026-08-06
603363,上海证券交易所,傲农生物,9900033003,1204558905,2017年年度报告,傲农生物,2018-03-30,https://static.cninfo.com.cn/finalpage/2018-03-31/1204558905.PDF,2017,3506,2026-08-06
603363,上海证券交易所,傲农生物,9900033003,1204558906,2017年年度报告摘要,傲农生物,2018-03-30,https://static.cninfo.com.cn/finalpage/2018-03-31/1204558906.PDF,2017,491,2026-08-06
603363,上海证券交易所,傲农生物,9900033003,1204666945,2017年年度报告,傲农生物,2018-04-19,https://static.cninfo.com.cn/finalpage/2018-04-20/1204666945.PDF,2017,3508,2026-08-06
603363,上海证券交易所,傲农生物,9900033003,1206169159,2018年年度报告,傲农生物,2019-04-29,https://static.cninfo.com.cn/finalpage/2019-04-30/1206169159.PDF,2018,4130,2026-08-06
603363,上海证券交易所,傲农生物,9900033003,1206169161,2018年年度报告摘要,傲农生物,2019-04-29,https://static.cninfo.com.cn/finalpage/2019-04-30/1206169161.PDF,2018,582,2026-08-06
603363,上海证券交易所,傲农生物,9900033003,1207473938,2019年年度报告,傲农生物,2020-04-09,https://static.cninfo.com.cn/finalpage/2020-04-10/1207473938.PDF,2019,4768,2026-08-06
603363,上海证券交易所,傲农生物,9900033003,1207473939,2019年年度报告摘要,傲农生物,2020-04-09,https://static.cninfo.com.cn/finalpage/2020-04-10/1207473939.PDF,2019,584,2026-08-06
603363,上海证券交易所,傲农生物,9900033003,1209444596,福建傲农生物科技集团股份有限公司2020年年度报告摘要,傲农生物,2021-03-24,https://static.cninfo.com.cn/finalpage/2021-03-25/1209444596.PDF,2020,754,2026-08-06
603363,上海证券交易所,傲农生物,9900033003,1209444597,福建傲农生物科技集团股份有限公司2020年年度报告,傲农生物,2021-03-24,https://static.cninfo.com.cn/finalpage/2021-03-25/1209444597.PDF,2020,5869,2026-08-06
603363,上海证券交易所,傲农生物,9900033003,1209463310,福建傲农生物科技集团股份有限公司2020年年度报告（更正版）,傲农生物,2021-03-26,https://static.cninfo.com.cn/finalpage/2021-03-27/1209463310.PDF,2020,5868,2026-08-06
603363,上海证券交易所,傲农生物,9900033003,1213271725,福建傲农生物科技集团股份有限公司2021年年度报告摘要,傲农生物,2022-04-29,https://static.cninfo.com.cn/finalpage/2022-04-30/1213271725.PDF,2021,833,2026-08-06
603363,上海证券交易所,傲农生物,9900033003,1213271726,福建傲农生物科技集团股份有限公司2021年年度报告,傲农生物,2022-04-29,https://static.cninfo.com.cn/finalpage/2022-04-30/1213271726.PDF,2021,6155,2026-08-06
603363,上海证券交易所,傲农生物,9900033003,1216708704,福建傲农生物科技集团股份有限公司2022年年度报告,傲农生物,2023-04-28,https://static.cninfo.com.cn/finalpage/2023-04-29/1216708704.PDF,2022,6294,2026-08-06
603363,上海证券交易所,傲农生物,9900033003,1216708777,福建傲农生物科技集团股份有限公司2022年年度报告摘要,傲农生物,2023-04-28,https://static.cninfo.com.cn/finalpage/2023-04-29/1216708777.PDF,2022,795,2026-08-06
603363,上海证券交易所,傲农生物,9900033003,1219925618,福建傲农生物科技集团股份有限公司2023年年度报告摘要,傲农生物,2024-04-29,https://static.cninfo.com.cn/finalpage/2024-04-30/1219925618.PDF,2023,1029,2026-08-06
603363,上海证券交易所,傲农生物,9900033003,1219925622,福建傲农生物科技集团股份有限公司2023年年度报告,傲农生物,2024-04-29,https://static.cninfo.com.cn/finalpage/2024-04-30/1219925622.PDF,2023,7667,2026-08-06
603477,上海证券交易所,巨星农牧,9900035087,1204668839,2017年年度报告摘要,振静股份,2018-04-19,https://static.cninfo.com.cn/finalpage/2018-04-20/1204668839.PDF,2017,390,2026-08-06
603477,上海证券交易所,巨星农牧,9900035087,1204668852,2017年年度报告,振静股份,2018-04-19,https://static.cninfo.com.cn/finalpage/2018-04-20/1204668852.PDF,2017,2451,2026-08-06
603477,上海证券交易所,巨星农牧,9900035087,1206111038,2018年年度报告摘要,振静股份,2019-04-25,https://static.cninfo.com.cn/finalpage/2019-04-26/1206111038.PDF,2018,664,2026-08-06
603477,上海证券交易所,巨星农牧,9900035087,1206111051,2018年年度报告,振静股份,2019-04-25,https://static.cninfo.com.cn/finalpage/2019-04-26/1206111051.PDF,2018,2619,2026-08-06
603477,上海证券交易所,巨星农牧,9900035087,1207329585,2019年年度报告,振静股份,2020-02-27,https://static.cninfo.com.cn/finalpage/2020-02-28/1207329585.PDF,2019,2894,2026-08-06
603477,上海证券交易所,巨星农牧,9900035087,1207329586,2019年年度报告摘要,振静股份,2020-02-27,https://static.cninfo.com.cn/finalpage/2020-02-28/1207329586.PDF,2019,575,2026-08-06
603477,上海证券交易所,巨星农牧,9900035087,1207728821,2019年年度报告（修订版）,振静股份,2020-05-10,https://static.cninfo.com.cn/finalpage/2020-05-11/1207728821.PDF,2019,2915,2026-08-06
603477,上海证券交易所,巨星农牧,9900035087,1209566973,巨星农牧2020年年度报告摘要,巨星农牧,2021-03-31,https://static.cninfo.com.cn/finalpage/2021-04-01/1209566973.PDF,2020,804,2026-08-06
603477,上海证券交易所,巨星农牧,9900035087,1209566974,巨星农牧2020年年度报告,巨星农牧,2021-03-31,https://static.cninfo.com.cn/finalpage/2021-04-01/1209566974.PDF,2020,3877,2026-08-06
603477,上海证券交易所,巨星农牧,9900035087,1212548980,巨星农牧2021年年度报告摘要,巨星农牧,2022-03-11,https://static.cninfo.com.cn/finalpage/2022-03-12/1212548980.PDF,2021,751,2026-08-06
603477,上海证券交易所,巨星农牧,9900035087,1212548991,巨星农牧2021年年度报告,巨星农牧,2022-03-11,https://static.cninfo.com.cn/finalpage/2022-03-12/1212548991.PDF,2021,5883,2026-08-06
603477,上海证券交易所,巨星农牧,9900035087,1216258748,巨星农牧2022年年度报告,巨星农牧,2023-03-29,https://static.cninfo.com.cn/finalpage/2023-03-30/1216258748.PDF,2022,4058,2026-08-06
603477,上海证券交易所,巨星农牧,9900035087,1216258753,巨星农牧2022年年度报告摘要,巨星农牧,2023-03-29,https://static.cninfo.com.cn/finalpage/2023-03-30/1216258753.PDF,2022,745,2026-08-06
603477,上海证券交易所,巨星农牧,9900035087,1219388567,乐山巨星农牧股份有限公司2023年年度报告摘要,巨星农牧,2024-03-22,https://static.cninfo.com.cn/finalpage/2024-03-23/1219388567.PDF,2023,754,2026-08-06
603477,上海证券交易所,巨星农牧,9900035087,1219388580,乐山巨星农牧股份有限公司2023年年度报告,巨星农牧,2024-03-22,https://static.cninfo.com.cn/finalpage/2024-03-23/1219388580.PDF,2023,4134,2026-08-06
603517,上海证券交易所,ST绝味,9900029519,1204628963,2017年年度报告,绝味食品,2018-04-15,https://static.cninfo.com.cn/finalpage/2018-04-16/1204628963.PDF,2017,2597,2026-08-06
603517,上海证券交易所,ST绝味,9900029519,1204628983,2017年年度报告摘要,绝味食品,2018-04-15,https://static.cninfo.com.cn/finalpage/2018-04-16/1204628983.PDF,2017,428,2026-08-06
603517,上海证券交易所,ST绝味,9900029519,1206020899,2018年年度报告,绝味食品,2019-04-15,https://static.cninfo.com.cn/finalpage/2019-04-16/1206020899.PDF,2018,2760,2026-08-06
603517,上海证券交易所,ST绝味,9900029519,1206020900,2018年年度报告摘要,绝味食品,2019-04-15,https://static.cninfo.com.cn/finalpage/2019-04-16/1206020900.PDF,2018,457,2026-08-06
603517,上海证券交易所,ST绝味,9900029519,1207551197,2019年度报告摘要,绝味食品,2020-04-21,https://static.cninfo.com.cn/finalpage/2020-04-22/1207551197.PDF,2019,684,2026-08-06
603517,上海证券交易所,ST绝味,9900029519,1207551198,2019年度报告,绝味食品,2020-04-21,https://static.cninfo.com.cn/finalpage/2020-04-22/1207551198.PDF,2019,3449,2026-08-06
603517,上海证券交易所,ST绝味,9900029519,1209700783,绝味食品2020年度报告摘要,绝味食品,2021-04-15,https://static.cninfo.com.cn/finalpage/2021-04-16/1209700783.PDF,2020,1038,2026-08-06
603517,上海证券交易所,ST绝味,9900029519,1209700784,绝味食品2020年度报告全文,绝味食品,2021-04-15,https://static.cninfo.com.cn/finalpage/2021-04-16/1209700784.PDF,2020,4078,2026-08-06
603517,上海证券交易所,ST绝味,9900029519,1213171218,绝味食品股份有限公司2021年度报告摘要,绝味食品,2022-04-27,https://static.cninfo.com.cn/finalpage/2022-04-28/1213171218.PDF,2021,694,2026-08-06
603517,上海证券交易所,ST绝味,9900029519,1213171221,绝味食品股份有限公司2021年度报告全文,绝味食品,2022-04-27,https://static.cninfo.com.cn/finalpage/2022-04-28/1213171221.PDF,2021,4088,2026-08-06
603517,上海证券交易所,ST绝味,9900029519,1213478485,绝味食品股份有限公司2021年年度报告全文（更正后）,绝味食品,2022-05-24,https://static.cninfo.com.cn/finalpage/2022-05-25/1213478485.PDF,2021,4088,2026-08-06
603517,上海证券交易所,ST绝味,9900029519,1216708948,绝味食品股份有限公司2022年度报告摘要,绝味食品,2023-04-28,https://static.cninfo.com.cn/finalpage/2023-04-29/1216708948.PDF,2022,991,2026-08-06
603517,上海证券交易所,ST绝味,9900029519,1216709701,绝味食品股份有限公司2022年度报告全文,绝味食品,2023-04-28,https://static.cninfo.com.cn/finalpage/2023-04-29/1216709701.PDF,2022,5168,2026-08-06
603517,上海证券交易所,ST绝味,9900029519,1219907586,绝味食品2023年度报告全文,绝味食品,2024-04-29,https://static.cninfo.com.cn/finalpage/2024-04-30/1219907586.PDF,2023,4629,2026-08-06
603517,上海证券交易所,ST绝味,9900029519,1219907596,绝味食品2023年度报告摘要,绝味食品,2024-04-29,https://static.cninfo.com.cn/finalpage/2024-04-30/1219907596.PDF,2023,1012,2026-08-06
603609,上海证券交易所,禾丰股份,9900022976,1200800087,2014年年度报告摘要,禾丰牧业,2015-04-08,https://static.cninfo.com.cn/finalpage/2015-04-09/1200800087.PDF,2014,693,2026-08-06
603609,上海证券交易所,禾丰股份,9900022976,1200800096,2014年年度报告,禾丰牧业,2015-04-08,https://static.cninfo.com.cn/finalpage/2015-04-09/1200800096.PDF,2014,2930,2026-08-06
603609,上海证券交易所,禾丰股份,9900022976,1202094325,2015年年度报告摘要,禾丰牧业,2016-03-28,https://static.cninfo.com.cn/finalpage/2016-03-29/1202094325.PDF,2015,478,2026-08-06
603609,上海证券交易所,禾丰股份,9900022976,1202094347,2015年年度报告,禾丰牧业,2016-03-28,https://static.cninfo.com.cn/finalpage/2016-03-29/1202094347.PDF,2015,2965,2026-08-06
603609,上海证券交易所,禾丰股份,9900022976,1203379449,2016年年度报告摘要,禾丰牧业,2017-04-24,https://static.cninfo.com.cn/finalpage/2017-04-25/1203379449.PDF,2016,435,2026-08-06
603609,上海证券交易所,禾丰股份,9900022976,1203379456,2016年年度报告,禾丰牧业,2017-04-24,https://static.cninfo.com.cn/finalpage/2017-04-25/1203379456.PDF,2016,2567,2026-08-06
603609,上海证券交易所,禾丰股份,9900022976,1204469325,2017年年度报告,禾丰牧业,2018-03-12,https://static.cninfo.com.cn/finalpage/2018-03-13/1204469325.PDF,2017,2825,2026-08-06
603609,上海证券交易所,禾丰股份,9900022976,1204469336,2017年年度报告摘要,禾丰牧业,2018-03-12,https://static.cninfo.com.cn/finalpage/2018-03-13/1204469336.PDF,2017,428,2026-08-06
603609,上海证券交易所,禾丰股份,9900022976,1206133815,2018年年度报告摘要,禾丰牧业,2019-04-28,https://static.cninfo.com.cn/finalpage/2019-04-29/1206133815.PDF,2018,634,2026-08-06
603609,上海证券交易所,禾丰股份,9900022976,1206133816,2018年年度报告,禾丰牧业,2019-04-28,https://static.cninfo.com.cn/finalpage/2019-04-29/1206133816.PDF,2018,3937,2026-08-06
603609,上海证券交易所,禾丰股份,9900022976,1206350380,2018年年度报告（英文版）,禾丰牧业,2019-06-12,https://static.cninfo.com.cn/finalpage/2019-06-13/1206350380.PDF,2018,3686,2026-08-06
603609,上海证券交易所,禾丰股份,9900022976,1207432933,2019年年度报告,禾丰牧业,2020-03-30,https://static.cninfo.com.cn/finalpage/2020-03-31/1207432933.PDF,2019,3727,2026-08-06
603609,上海证券交易所,禾丰股份,9900022976,1207432934,2019年年度报告摘要,禾丰牧业,2020-03-30,https://static.cninfo.com.cn/finalpage/2020-03-31/1207432934.PDF,2019,701,2026-08-06
603609,上海证券交易所,禾丰股份,9900022976,1208012445,2019年年度报告（英文版）,禾丰牧业,2020-07-07,https://static.cninfo.com.cn/finalpage/2020-07-08/1208012445.PDF,2019,6431,2026-08-06
603609,上海证券交易所,禾丰股份,9900022976,1209496297,禾丰股份2020年年度报告摘要,禾丰股份,2021-03-30,https://static.cninfo.com.cn/finalpage/2021-03-31/1209496297.PDF,2020,857,2026-08-06
603609,上海证券交易所,禾丰股份,9900022976,1209496298,禾丰股份2020年年度报告,禾丰股份,2021-03-30,https://static.cninfo.com.cn/finalpage/2021-03-31/1209496298.PDF,2020,5973,2026-08-06
603609,上海证券交易所,禾丰股份,9900022976,1210238119,禾丰股份2020年年度报告（英文版）,禾丰股份,2021-06-15,https://static.cninfo.com.cn/finalpage/2021-06-16/1210238119.PDF,2020,8548,2026-08-06
603609,上海证券交易所,禾丰股份,9900022976,1213219461,禾丰股份2021年年度报告摘要,禾丰股份,2022-04-28,https://static.cninfo.com.cn/finalpage/2022-04-29/1213219461.PDF,2021,686,2026-08-06
603609,上海证券交易所,禾丰股份,9900022976,1213219484,禾丰股份2021年年度报告,禾丰股份,2022-04-28,https://static.cninfo.com.cn/finalpage/2022-04-29/1213219484.PDF,2021,4363,2026-08-06
603609,上海证券交易所,禾丰股份,9900022976,1214586510,禾丰股份2021年年度报告（英文版）,禾丰股份,2022-09-13,https://static.cninfo.com.cn/finalpage/2022-09-14/1214586510.PDF,2021,8429,2026-08-06
603609,上海证券交易所,禾丰股份,9900022976,1216276322,禾丰股份2022年年度报告摘要,禾丰股份,2023-03-30,https://static.cninfo.com.cn/finalpage/2023-03-31/1216276322.PDF,2022,629,2026-08-06
603609,上海证券交易所,禾丰股份,9900022976,1216276336,禾丰股份2022年年度报告,禾丰股份,2023-03-30,https://static.cninfo.com.cn/finalpage/2023-03-31/1216276336.PDF,2022,4371,2026-08-06
603609,上海证券交易所,禾丰股份,9900022976,1217300931,禾丰股份2022年年度报告（英文版),禾丰股份,2023-07-14,https://static.cninfo.com.cn/finalpage/2023-07-15/1217300931.PDF,2022,6125,2026-08-06
603609,上海证券交易所,禾丰股份,9900022976,1219462040,禾丰股份2023年年度报告摘要,禾丰股份,2024-03-29,https://static.cninfo.com.cn/finalpage/2024-03-30/1219462040.PDF,2023,595,2026-08-06
603609,上海证券交易所,禾丰股份,9900022976,1219462055,禾丰股份2023年年度报告,禾丰股份,2024-03-29,https://static.cninfo.com.cn/finalpage/2024-03-30/1219462055.PDF,2023,4783,2026-08-06
603609,上海证券交易所,禾丰股份,9900022976,1220526219,禾丰股份2023年年度报告（英文版）,禾丰股份,2024-07-03,https://static.cninfo.com.cn/finalpage/2024-07-04/1220526219.PDF,2023,5211,2026-08-06
603668,上海证券交易所,天马科技,9900029592,1203248407,2016年年度报告,天马科技,2017-04-04,https://static.cninfo.com.cn/finalpage/2017-04-05/1203248407.PDF,2016,2474,2026-08-06
603668,上海证券交易所,天马科技,9900029592,1203248408,2016年年度报告摘要,天马科技,2017-04-04,https://static.cninfo.com.cn/finalpage/2017-04-05/1203248408.PDF,2016,365,2026-08-06
603668,上海证券交易所,天马科技,9900029592,1203473552,2016年年度报告（更正修订）,天马科技,2017-05-03,https://static.cninfo.com.cn/finalpage/2017-05-04/1203473552.PDF,2016,2474,2026-08-06
603668,上海证券交易所,天马科技,9900029592,1204807753,2017年年度报告,天马科技,2018-04-26,https://static.cninfo.com.cn/finalpage/2018-04-27/1204807753.PDF,2017,2691,2026-08-06
603668,上海证券交易所,天马科技,9900029592,1204807754,2017年年度报告摘要,天马科技,2018-04-26,https://static.cninfo.com.cn/finalpage/2018-04-27/1204807754.PDF,2017,457,2026-08-06
603668,上海证券交易所,天马科技,9900029592,1206168951,2018年年度报告,天马科技,2019-04-29,https://static.cninfo.com.cn/finalpage/2019-04-30/1206168951.PDF,2018,3056,2026-08-06
603668,上海证券交易所,天马科技,9900029592,1206168952,2018年年度报告摘要,天马科技,2019-04-29,https://static.cninfo.com.cn/finalpage/2019-04-30/1206168952.PDF,2018,505,2026-08-06
603668,上海证券交易所,天马科技,9900029592,1207329382,2019年年度报告,天马科技,2020-02-27,https://static.cninfo.com.cn/finalpage/2020-02-28/1207329382.PDF,2019,3795,2026-08-06
603668,上海证券交易所,天马科技,9900029592,1207329383,2019年年度报告摘要,天马科技,2020-02-27,https://static.cninfo.com.cn/finalpage/2020-02-28/1207329383.PDF,2019,542,2026-08-06
603668,上海证券交易所,天马科技,9900029592,1209876786,天马科技2020年年度报告摘要,天马科技,2021-04-29,https://static.cninfo.com.cn/finalpage/2021-04-30/1209876786.PDF,2020,907,2026-08-06
603668,上海证券交易所,天马科技,9900029592,1209876787,天马科技2020年年度报告全文,天马科技,2021-04-29,https://static.cninfo.com.cn/finalpage/2021-04-30/1209876787.PDF,2020,5770,2026-08-06
603668,上海证券交易所,天马科技,9900029592,1212826866,天马科技2021年年度报告摘要,天马科技,2022-04-06,https://static.cninfo.com.cn/finalpage/2022-04-07/1212826866.PDF,2021,1002,2026-08-06
603668,上海证券交易所,天马科技,9900029592,1212826867,天马科技2021年年度报告全文,天马科技,2022-04-06,https://static.cninfo.com.cn/finalpage/2022-04-07/1212826867.PDF,2021,5105,2026-08-06
603668,上海证券交易所,天马科技,9900029592,1216667409,天马科技2022年年度报告全文,天马科技,2023-04-27,https://static.cninfo.com.cn/finalpage/2023-04-28/1216667409.PDF,2022,5184,2026-08-06
603668,上海证券交易所,天马科技,9900029592,1216667415,天马科技2022年年度报告摘要,天马科技,2023-04-27,https://static.cninfo.com.cn/finalpage/2023-04-28/1216667415.PDF,2022,1261,2026-08-06
603668,上海证券交易所,天马科技,9900029592,1219880792,天马科技2023年年度报告,天马科技,2024-04-26,https://static.cninfo.com.cn/finalpage/2024-04-27/1219880792.PDF,2023,5480,2026-08-06
603668,上海证券交易所,天马科技,9900029592,1219880796,天马科技2023年年度报告摘要,天马科技,2024-04-26,https://static.cninfo.com.cn/finalpage/2024-04-27/1219880796.PDF,2023,1265,2026-08-06
603708,上海证券交易所,家家悦,9900029040,1203390359,2016年年度报告摘要,家家悦,2017-04-25,https://static.cninfo.com.cn/finalpage/2017-04-26/1203390359.PDF,2016,340,2026-08-06
603708,上海证券交易所,家家悦,9900029040,1203390361,2016年年度报告,家家悦,2017-04-25,https://static.cninfo.com.cn/finalpage/2017-04-26/1203390361.PDF,2016,2573,2026-08-06
603708,上海证券交易所,家家悦,9900029040,1204597676,2017年年度报告,家家悦,2018-04-09,https://static.cninfo.com.cn/finalpage/2018-04-10/1204597676.PDF,2017,2822,2026-08-06
603708,上海证券交易所,家家悦,9900029040,1204597677,2017年年度报告摘要,家家悦,2018-04-09,https://static.cninfo.com.cn/finalpage/2018-04-10/1204597677.PDF,2017,535,2026-08-06
603708,上海证券交易所,家家悦,9900029040,1206055176,2018年年度报告,家家悦,2019-04-18,https://static.cninfo.com.cn/finalpage/2019-04-19/1206055176.PDF,2018,2832,2026-08-06
603708,上海证券交易所,家家悦,9900029040,1206055177,2018年年度报告摘要,家家悦,2019-04-18,https://static.cninfo.com.cn/finalpage/2019-04-19/1206055177.PDF,2018,392,2026-08-06
603708,上海证券交易所,家家悦,9900029040,1207542874,2019年年度报告摘要,家家悦,2020-04-20,https://static.cninfo.com.cn/finalpage/2020-04-21/1207542874.PDF,2019,314,2026-08-06
603708,上海证券交易所,家家悦,9900029040,1207542875,2019年年度报告,家家悦,2020-04-20,https://static.cninfo.com.cn/finalpage/2020-04-21/1207542875.PDF,2019,3379,2026-08-06
603708,上海证券交易所,家家悦,9900029040,1209879935,家家悦集团股份有限公司2020年年度报告摘要,家家悦,2021-04-29,https://static.cninfo.com.cn/finalpage/2021-04-30/1209879935.PDF,2020,710,2026-08-06
603708,上海证券交易所,家家悦,9900029040,1209879936,家家悦集团股份有限公司2020年年度报告,家家悦,2021-04-29,https://static.cninfo.com.cn/finalpage/2021-04-30/1209879936.PDF,2020,3907,2026-08-06
603708,上海证券交易所,家家悦,9900029040,1213272240,家家悦集团股份有限公司2021年年度报告摘要,家家悦,2022-04-29,https://static.cninfo.com.cn/finalpage/2022-04-30/1213272240.PDF,2021,382,2026-08-06
603708,上海证券交易所,家家悦,9900029040,1213272241,家家悦集团股份有限公司2021年年度报告,家家悦,2022-04-29,https://static.cninfo.com.cn/finalpage/2022-04-30/1213272241.PDF,2021,4037,2026-08-06
603708,上海证券交易所,家家悦,9900029040,1216667550,家家悦集团股份有限公司2022年年度报告,家家悦,2023-04-27,https://static.cninfo.com.cn/finalpage/2023-04-28/1216667550.PDF,2022,3804,2026-08-06
603708,上海证券交易所,家家悦,9900029040,1216667559,家家悦集团股份有限公司2022年年度报告摘要,家家悦,2023-04-27,https://static.cninfo.com.cn/finalpage/2023-04-28/1216667559.PDF,2022,693,2026-08-06
603708,上海证券交易所,家家悦,9900029040,1217394123,家家悦集团股份有限公司2022年年度报告（更正版）,家家悦,2023-07-26,https://static.cninfo.com.cn/finalpage/2023-07-27/1217394123.PDF,2022,3750,2026-08-06
603708,上海证券交易所,家家悦,9900029040,1219703249,家家悦集团股份有限公司2023年年度报告摘要,家家悦,2024-04-19,https://static.cninfo.com.cn/finalpage/2024-04-20/1219703249.PDF,2023,685,2026-08-06
603708,上海证券交易所,家家悦,9900029040,1219703269,家家悦集团股份有限公司2023年年度报告,家家悦,2024-04-19,https://static.cninfo.com.cn/finalpage/2024-04-20/1219703269.PDF,2023,4146,2026-08-06
603896,上海证券交易所,寿仙谷,9900030535,1204788581,2017年年度报告摘要,寿仙谷,2018-04-25,https://static.cninfo.com.cn/finalpage/2018-04-26/1204788581.PDF,2017,1169,2026-08-06
603896,上海证券交易所,寿仙谷,9900030535,1204788726,2017年年度报告,寿仙谷,2018-04-25,https://static.cninfo.com.cn/finalpage/2018-04-26/1204788726.PDF,2017,3564,2026-08-06
603896,上海证券交易所,寿仙谷,9900030535,1205956981,2018年年度报告摘要,寿仙谷,2019-03-28,https://static.cninfo.com.cn/finalpage/2019-03-29/1205956981.PDF,2018,870,2026-08-06
603896,上海证券交易所,寿仙谷,9900030535,1205957010,2018年年度报告,寿仙谷,2019-03-28,https://static.cninfo.com.cn/finalpage/2019-03-29/1205957010.PDF,2018,3377,2026-08-06
603896,上海证券交易所,寿仙谷,9900030535,1207446308,2019年年度报告,寿仙谷,2020-04-01,https://static.cninfo.com.cn/finalpage/2020-04-02/1207446308.PDF,2019,3682,2026-08-06
603896,上海证券交易所,寿仙谷,9900030535,1207446319,2019年年度报告摘要,寿仙谷,2020-04-01,https://static.cninfo.com.cn/finalpage/2020-04-02/1207446319.PDF,2019,594,2026-08-06
603896,上海证券交易所,寿仙谷,9900030535,1209843976,寿仙谷2020年年度报告摘要,寿仙谷,2021-04-27,https://static.cninfo.com.cn/finalpage/2021-04-28/1209843976.PDF,2020,866,2026-08-06
603896,上海证券交易所,寿仙谷,9900030535,1209843977,寿仙谷2020年年度报告,寿仙谷,2021-04-27,https://static.cninfo.com.cn/finalpage/2021-04-28/1209843977.PDF,2020,5333,2026-08-06
603896,上海证券交易所,寿仙谷,9900030535,1212770101,寿仙谷2021年年度报告摘要,寿仙谷,2022-03-31,https://static.cninfo.com.cn/finalpage/2022-04-01/1212770101.PDF,2021,735,2026-08-06
603896,上海证券交易所,寿仙谷,9900030535,1212770112,寿仙谷2021年年度报告,寿仙谷,2022-03-31,https://static.cninfo.com.cn/finalpage/2022-04-01/1212770112.PDF,2021,4275,2026-08-06
603896,上海证券交易所,寿仙谷,9900030535,1216455144,寿仙谷2022年年度报告摘要,寿仙谷,2023-04-18,https://static.cninfo.com.cn/finalpage/2023-04-19/1216455144.PDF,2022,708,2026-08-06
603896,上海证券交易所,寿仙谷,9900030535,1216455168,寿仙谷2022年年度报告,寿仙谷,2023-04-18,https://static.cninfo.com.cn/finalpage/2023-04-19/1216455168.PDF,2022,5096,2026-08-06
603896,上海证券交易所,寿仙谷,9900030535,1219836768,寿仙谷2023年年度报告摘要,寿仙谷,2024-04-25,https://static.cninfo.com.cn/finalpage/2024-04-26/1219836768.PDF,2023,887,2026-08-06
603896,上海证券交易所,寿仙谷,9900030535,1219836795,寿仙谷2023年年度报告,寿仙谷,2024-04-25,https://static.cninfo.com.cn/finalpage/2024-04-26/1219836795.PDF,2023,5188,2026-08-06
605016,上海证券交易所,百龙创园,9900041707,1213220599,2021年年度报告摘要,百龙创园,2022-04-28,https://static.cninfo.com.cn/finalpage/2022-04-29/1213220599.PDF,2021,703,2026-08-06
605016,上海证券交易所,百龙创园,9900041707,1213220600,2021年年度报告,百龙创园,2022-04-28,https://static.cninfo.com.cn/finalpage/2022-04-29/1213220600.PDF,2021,3164,2026-08-06
605016,上海证券交易所,百龙创园,9900041707,1216668899,2022年年度报告,百龙创园,2023-04-27,https://static.cninfo.com.cn/finalpage/2023-04-28/1216668899.PDF,2022,3154,2026-08-06
605016,上海证券交易所,百龙创园,9900041707,1216668914,2022年年度报告摘要,百龙创园,2023-04-27,https://static.cninfo.com.cn/finalpage/2023-04-28/1216668914.PDF,2022,674,2026-08-06
605016,上海证券交易所,百龙创园,9900041707,1219881788,2023年年度报告摘要,百龙创园,2024-04-26,https://static.cninfo.com.cn/finalpage/2024-04-27/1219881788.PDF,2023,683,2026-08-06
605016,上海证券交易所,百龙创园,9900041707,1219881792,2023年年度报告,百龙创园,2024-04-26,https://static.cninfo.com.cn/finalpage/2024-04-27/1219881792.PDF,2023,4988,2026-08-06
605179,上海证券交易所,一鸣食品,9900039760,1209701699,2020年年度报告,一鸣食品,2021-04-15,https://static.cninfo.com.cn/finalpage/2021-04-16/1209701699.PDF,2020,3605,2026-08-06
605179,上海证券交易所,一鸣食品,9900039760,1209701723,2020年年度报告及其摘要,一鸣食品,2021-04-15,https://static.cninfo.com.cn/finalpage/2021-04-16/1209701723.PDF,2020,876,2026-08-06
605179,上海证券交易所,一鸣食品,9900039760,1209712701,2020年年度报告摘要（更正后）,一鸣食品,2021-04-16,https://static.cninfo.com.cn/finalpage/2021-04-17/1209712701.PDF,2020,876,2026-08-06
605179,上海证券交易所,一鸣食品,9900039760,1213056808,一鸣食品2021年年度报告及其摘要,一鸣食品,2022-04-22,https://static.cninfo.com.cn/finalpage/2022-04-23/1213056808.PDF,2021,677,2026-08-06
605179,上海证券交易所,一鸣食品,9900039760,1213056816,一鸣食品2021年年度报告,一鸣食品,2022-04-22,https://static.cninfo.com.cn/finalpage/2022-04-23/1213056816.PDF,2021,3998,2026-08-06
605179,上海证券交易所,一鸣食品,9900039760,1216710848,一鸣食品2022年年度报告及其摘要,一鸣食品,2023-04-28,https://static.cninfo.com.cn/finalpage/2023-04-29/1216710848.PDF,2022,773,2026-08-06
605179,上海证券交易所,一鸣食品,9900039760,1216710851,2022年年度报告,一鸣食品,2023-04-28,https://static.cninfo.com.cn/finalpage/2023-04-29/1216710851.PDF,2022,5073,2026-08-06
605179,上海证券交易所,一鸣食品,9900039760,1219742455,2023年度报告摘要,一鸣食品,2024-04-22,https://static.cninfo.com.cn/finalpage/2024-04-23/1219742455.PDF,2023,732,2026-08-06
605179,上海证券交易所,一鸣食品,9900039760,1219742469,2023年度报告,一鸣食品,2024-04-22,https://static.cninfo.com.cn/finalpage/2024-04-23/1219742469.PDF,2023,5248,2026-08-06
605198,上海证券交易所,安德利,gshk0008259,1209496519,德利股份：2020年年度报告摘要,德利股份,2021-03-30,https://static.cninfo.com.cn/finalpage/2021-03-31/1209496519.PDF,2020,756,2026-08-06
605198,上海证券交易所,安德利,gshk0008259,1209496520,德利股份：2020年年度报告,德利股份,2021-03-30,https://static.cninfo.com.cn/finalpage/2021-03-31/1209496520.PDF,2020,3791,2026-08-06
605198,上海证券交易所,安德利,gshk0008259,1212750560,德利股份：2021年年度报告摘要,德利股份,2022-03-30,https://static.cninfo.com.cn/finalpage/2022-03-31/1212750560.PDF,2021,661,2026-08-06
605198,上海证券交易所,安德利,gshk0008259,1212750571,德利股份：2021年年度报告,德利股份,2022-03-30,https://static.cninfo.com.cn/finalpage/2022-03-31/1212750571.PDF,2021,3839,2026-08-06
605198,上海证券交易所,安德利,gshk0008259,1216301572,安德利：2022年年度报告,安德利,2023-03-31,https://static.cninfo.com.cn/finalpage/2023-04-01/1216301572.PDF,2022,3260,2026-08-06
605198,上海证券交易所,安德利,gshk0008259,1216301578,安德利：2022年年度报告摘要,安德利,2023-03-31,https://static.cninfo.com.cn/finalpage/2023-04-01/1216301578.PDF,2022,666,2026-08-06
605198,上海证券交易所,安德利,gshk0008259,1216934323,安德利：2022年年度报告（修正版）,安德利,2023-05-29,https://static.cninfo.com.cn/finalpage/2023-05-30/1216934323.PDF,2022,3264,2026-08-06
605198,上海证券交易所,安德利,gshk0008259,1219251760,安德利：2023年年度报告,安德利,2024-03-06,https://static.cninfo.com.cn/finalpage/2024-03-07/1219251760.PDF,2023,3397,2026-08-06
605198,上海证券交易所,安德利,gshk0008259,1219251762,安德利：2023年年度报告摘要,安德利,2024-03-06,https://static.cninfo.com.cn/finalpage/2024-03-07/1219251762.PDF,2023,674,2026-08-06
605296,上海证券交易所,神农集团,9900033227,1213029460,云南神农农业产业集团股份有限公司2021年年度报告摘要,神农集团,2022-04-21,https://static.cninfo.com.cn/finalpage/2022-04-22/1213029460.PDF,2021,804,2026-08-06
605296,上海证券交易所,神农集团,9900033227,1213029462,云南神农农业产业集团股份有限公司2021年年度报告,神农集团,2022-04-21,https://static.cninfo.com.cn/finalpage/2022-04-22/1213029462.PDF,2021,4034,2026-08-06
605296,上海证券交易所,神农集团,9900033227,1216596313,云南神农农业产业集团股份有限公司2022年年度报告摘要,神农集团,2023-04-25,https://static.cninfo.com.cn/finalpage/2023-04-26/1216596313.PDF,2022,804,2026-08-06
605296,上海证券交易所,神农集团,9900033227,1216596325,云南神农农业产业集团股份有限公司2022年年度报告,神农集团,2023-04-25,https://static.cninfo.com.cn/finalpage/2023-04-26/1216596325.PDF,2022,4154,2026-08-06
605296,上海证券交易所,神农集团,9900033227,1217024014,云南神农农业产业集团股份有限公司2022年年度报告(修订版),神农集团,2023-06-08,https://static.cninfo.com.cn/finalpage/2023-06-09/1217024014.PDF,2022,4173,2026-08-06
605296,上海证券交易所,神农集团,9900033227,1219837411,云南神农农业产业集团股份有限公司2023年年度报告,神农集团,2024-04-25,https://static.cninfo.com.cn/finalpage/2024-04-26/1219837411.PDF,2023,4774,2026-08-06
605296,上海证券交易所,神农集团,9900033227,1219837420,云南神农农业产业集团股份有限公司2023年年度报告摘要,神农集团,2024-04-25,https://static.cninfo.com.cn/finalpage/2024-04-26/1219837420.PDF,2023,1151,2026-08-06
605337,上海证券交易所,李子园,9900039750,1209736660,浙江李子园食品股份有限公司2020年年度报告摘要,李子园,2021-04-20,https://static.cninfo.com.cn/finalpage/2021-04-21/1209736660.PDF,2020,677,2026-08-06
605337,上海证券交易所,李子园,9900039750,1209736661,浙江李子园食品股份有限公司2020年年度报告,李子园,2021-04-20,https://static.cninfo.com.cn/finalpage/2021-04-21/1209736661.PDF,2020,3941,2026-08-06
605337,上海证券交易所,李子园,9900039750,1212958602,浙江李子园食品股份有限公司2021年年度报告摘要,李子园,2022-04-18,https://static.cninfo.com.cn/finalpage/2022-04-19/1212958602.PDF,2021,639,2026-08-06
605337,上海证券交易所,李子园,9900039750,1212958613,浙江李子园食品股份有限公司2021年年度报告,李子园,2022-04-18,https://static.cninfo.com.cn/finalpage/2022-04-19/1212958613.PDF,2021,3860,2026-08-06
605337,上海证券交易所,李子园,9900039750,1216629941,浙江李子园食品股份有限公司2022年年度报告,李子园,2023-04-26,https://static.cninfo.com.cn/finalpage/2023-04-27/1216629941.PDF,2022,3871,2026-08-06
605337,上海证券交易所,李子园,9900039750,1216629955,浙江李子园食品股份有限公司2022年年度报告摘要,李子园,2023-04-26,https://static.cninfo.com.cn/finalpage/2023-04-27/1216629955.PDF,2022,725,2026-08-06
605337,上海证券交易所,李子园,9900039750,1219555196,浙江李子园食品股份有限公司2023年年度报告摘要,李子园,2024-04-09,https://static.cninfo.com.cn/finalpage/2024-04-10/1219555196.PDF,2023,1261,2026-08-06
605337,上海证券交易所,李子园,9900039750,1219555205,浙江李子园食品股份有限公司2023年年度报告,李子园,2024-04-09,https://static.cninfo.com.cn/finalpage/2024-04-10/1219555205.PDF,2023,4706,2026-08-06
605337,上海证券交易所,李子园,9900039750,1219817144,浙江李子园食品股份有限公司2023年年度报告（更正版）,李子园,2024-04-25,https://static.cninfo.com.cn/finalpage/2024-04-26/1219817144.PDF,2023,4683,2026-08-06
605338,上海证券交易所,巴比食品,9900039853,1209844745,2020年年度报告摘要,巴比食品,2021-04-27,https://static.cninfo.com.cn/finalpage/2021-04-28/1209844745.PDF,2020,1852,2026-08-06
605338,上海证券交易所,巴比食品,9900039853,1209844746,2020年年度报告,巴比食品,2021-04-27,https://static.cninfo.com.cn/finalpage/2021-04-28/1209844746.PDF,2020,4837,2026-08-06
605338,上海证券交易所,巴比食品,9900039853,1212858279,2021年年度报告摘要,巴比食品,2022-04-08,https://static.cninfo.com.cn/finalpage/2022-04-09/1212858279.PDF,2021,659,2026-08-06
605338,上海证券交易所,巴比食品,9900039853,1212858280,2021年年度报告,巴比食品,2022-04-08,https://static.cninfo.com.cn/finalpage/2022-04-09/1212858280.PDF,2021,3820,2026-08-06
605338,上海证券交易所,巴比食品,9900039853,1216345539,2022年年度报告,巴比食品,2023-04-06,https://static.cninfo.com.cn/finalpage/2023-04-07/1216345539.PDF,2022,3299,2026-08-06
605338,上海证券交易所,巴比食品,9900039853,1216345546,2022年年度报告摘要,巴比食品,2023-04-06,https://static.cninfo.com.cn/finalpage/2023-04-07/1216345546.PDF,2022,544,2026-08-06
605338,上海证券交易所,巴比食品,9900039853,1219445909,2023年年度报告,巴比食品,2024-03-28,https://static.cninfo.com.cn/finalpage/2024-03-29/1219445909.PDF,2023,5203,2026-08-06
605338,上海证券交易所,巴比食品,9900039853,1219445916,2023年年度报告摘要,巴比食品,2024-03-28,https://static.cninfo.com.cn/finalpage/2024-03-29/1219445916.PDF,2023,749,2026-08-06
605589,上海证券交易所,圣泉集团,9900028008,1212964099,圣泉集团2021年年度报告摘要,圣泉集团,2022-04-18,https://static.cninfo.com.cn/finalpage/2022-04-19/1212964099.PDF,2021,669,2026-08-06
605589,上海证券交易所,圣泉集团,9900028008,1212964100,圣泉集团2021年年度报告,圣泉集团,2022-04-18,https://static.cninfo.com.cn/finalpage/2022-04-19/1212964100.PDF,2021,4296,2026-08-06
605589,上海证券交易所,圣泉集团,9900028008,1216371243,圣泉集团2022年年度报告,圣泉集团,2023-04-10,https://static.cninfo.com.cn/finalpage/2023-04-11/1216371243.PDF,2022,4160,2026-08-06
605589,上海证券交易所,圣泉集团,9900028008,1216371921,圣泉集团2022年年度报告摘要,圣泉集团,2023-04-10,https://static.cninfo.com.cn/finalpage/2023-04-11/1216371921.PDF,2022,698,2026-08-06
605589,上海证券交易所,圣泉集团,9900028008,1219669134,圣泉集团2023年年度报告,圣泉集团,2024-04-18,https://static.cninfo.com.cn/finalpage/2024-04-19/1219669134.PDF,2023,4488,2026-08-06
605589,上海证券交易所,圣泉集团,9900028008,1219669139,圣泉集团2023年年度报告摘要,圣泉集团,2024-04-18,https://static.cninfo.com.cn/finalpage/2024-04-19/1219669139.PDF,2023,868,2026-08-06
