stock_code,year,listed_legal_full_name,exchange,short_name,list_date,official_name_evidence,evidence_event_year,evidence_event_type,moa_source_url,source_url,identity_source_url,identity_basis,listed_by_year_end,leading_firm_it_candidate,final_status
000423,2019,东阿阿胶股份有限公司,深圳证券交易所,东阿阿胶,1996-07-29,东阿阿胶股份有限公司,2019,recognition,https://www.moa.gov.cn/nybgb/2019/201912/202004/P020200410023357640054.pdf,https://www.szse.cn/api/report/index/companyGeneralization?secCode=000423,https://www.szse.cn/api/report/index/companyGeneralization?secCode=000423,当前交易所法人全称与官方名单标准化后完全一致,1,1,身份关系已核实候选；ST、退市时点及资格缺口仍待处理
000423,2020,东阿阿胶股份有限公司,深圳证券交易所,东阿阿胶,1996-07-29,东阿阿胶股份有限公司,2019,recognition,https://www.moa.gov.cn/nybgb/2019/201912/202004/P020200410023357640054.pdf,https://www.szse.cn/api/report/index/companyGeneralization?secCode=000423,https://www.szse.cn/api/report/index/companyGeneralization?secCode=000423,当前交易所法人全称与官方名单标准化后完全一致,1,1,身份关系已核实候选；ST、退市时点及资格缺口仍待处理
000423,2021,东阿阿胶股份有限公司,深圳证券交易所,东阿阿胶,1996-07-29,东阿阿胶股份有限公司,2019,recognition,https://www.moa.gov.cn/nybgb/2019/201912/202004/P020200410023357640054.pdf,https://www.szse.cn/api/report/index/companyGeneralization?secCode=000423,https://www.szse.cn/api/report/index/companyGeneralization?secCode=000423,当前交易所法人全称与官方名单标准化后完全一致,1,1,身份关系已核实候选；ST、退市时点及资格缺口仍待处理
000423,2022,东阿阿胶股份有限公司,深圳证券交易所,东阿阿胶,1996-07-29,东阿阿胶股份有限公司,2019,recognition,https://www.moa.gov.cn/nybgb/2019/201912/202004/P020200410023357640054.pdf,https://www.szse.cn/api/report/index/companyGeneralization?secCode=000423,https://www.szse.cn/api/report/index/companyGeneralization?secCode=000423,当前交易所法人全称与官方名单标准化后完全一致,1,1,身份关系已核实候选；ST、退市时点及资格缺口仍待处理
000423,2023,东阿阿胶股份有限公司,深圳证券交易所,东阿阿胶,1996-07-29,东阿阿胶股份有限公司,2023,monitor_pass,https://www.moa.gov.cn/nybgb/2023/202306/202307/P020230719348171286633.pdf,https://www.szse.cn/api/report/index/companyGeneralization?secCode=000423,https://www.szse.cn/api/report/index/companyGeneralization?secCode=000423,当前交易所法人全称与官方名单标准化后完全一致,1,1,身份关系已核实候选；ST、退市时点及资格缺口仍待处理
000538,2018,云南白药集团股份有限公司,深圳证券交易所,云南白药,1993-12-15,云南白药集团股份有限公司,2018,monitor_pass,https://xccys.moa.gov.cn/gzdt/201812/t20181205_6314544.htm,https://www.szse.cn/api/report/index/companyGeneralization?secCode=000538,https://www.szse.cn/api/report/index/companyGeneralization?secCode=000538,当前交易所法人全称与官方名单标准化后完全一致,1,1,身份关系已核实候选；ST、退市时点及资格缺口仍待处理
000538,2019,云南白药集团股份有限公司,深圳证券交易所,云南白药,1993-12-15,云南白药集团股份有限公司,2018,monitor_pass,https://xccys.moa.gov.cn/gzdt/201812/t20181205_6314544.htm,https://www.szse.cn/api/report/index/companyGeneralization?secCode=000538,https://www.szse.cn/api/report/index/companyGeneralization?secCode=000538,当前交易所法人全称与官方名单标准化后完全一致,1,1,身份关系已核实候选；ST、退市时点及资格缺口仍待处理
000538,2020,云南白药集团股份有限公司,深圳证券交易所,云南白药,1993-12-15,云南白药集团股份有限公司,2020,monitor_pass,https://www.moa.gov.cn/nybgb/2020/202012/202102/P020210201587636946140.pdf,https://www.szse.cn/api/report/index/companyGeneralization?secCode=000538,https://www.szse.cn/api/report/index/companyGeneralization?secCode=000538,当前交易所法人全称与官方名单标准化后完全一致,1,1,身份关系已核实候选；ST、退市时点及资格缺口仍待处理
000538,2021,云南白药集团股份有限公司,深圳证券交易所,云南白药,1993-12-15,云南白药集团股份有限公司,2020,monitor_pass,https://www.moa.gov.cn/nybgb/2020/202012/202102/P020210201587636946140.pdf,https://www.szse.cn/api/report/index/companyGeneralization?secCode=000538,https://www.szse.cn/api/report/index/companyGeneralization?secCode=000538,当前交易所法人全称与官方名单标准化后完全一致,1,1,身份关系已核实候选；ST、退市时点及资格缺口仍待处理
000538,2022,云南白药集团股份有限公司,深圳证券交易所,云南白药,1993-12-15,云南白药集团股份有限公司,2020,monitor_pass,https://www.moa.gov.cn/nybgb/2020/202012/202102/P020210201587636946140.pdf,https://www.szse.cn/api/report/index/companyGeneralization?secCode=000538,https://www.szse.cn/api/report/index/companyGeneralization?secCode=000538,当前交易所法人全称与官方名单标准化后完全一致,1,1,身份关系已核实候选；ST、退市时点及资格缺口仍待处理
000538,2023,云南白药集团股份有限公司,深圳证券交易所,云南白药,1993-12-15,云南白药集团股份有限公司,2023,monitor_pass,https://www.moa.gov.cn/nybgb/2023/202306/202307/P020230719348171286633.pdf,https://www.szse.cn/api/report/index/companyGeneralization?secCode=000538,https://www.szse.cn/api/report/index/companyGeneralization?secCode=000538,当前交易所法人全称与官方名单标准化后完全一致,1,1,身份关系已核实候选；ST、退市时点及资格缺口仍待处理
000568,2018,泸州老窖股份有限公司,深圳证券交易所,泸州老窖,1994-05-09,泸州老窖股份有限公司,2018,monitor_pass,https://xccys.moa.gov.cn/gzdt/201812/t20181205_6314544.htm,https://www.szse.cn/api/report/index/companyGeneralization?secCode=000568,https://www.szse.cn/api/report/index/companyGeneralization?secCode=000568,当前交易所法人全称与官方名单标准化后完全一致,1,1,身份关系已核实候选；ST、退市时点及资格缺口仍待处理
000568,2019,泸州老窖股份有限公司,深圳证券交易所,泸州老窖,1994-05-09,泸州老窖股份有限公司,2018,monitor_pass,https://xccys.moa.gov.cn/gzdt/201812/t20181205_6314544.htm,https://www.szse.cn/api/report/index/companyGeneralization?secCode=000568,https://www.szse.cn/api/report/index/companyGeneralization?secCode=000568,当前交易所法人全称与官方名单标准化后完全一致,1,1,身份关系已核实候选；ST、退市时点及资格缺口仍待处理
000568,2020,泸州老窖股份有限公司,深圳证券交易所,泸州老窖,1994-05-09,泸州老窖股份有限公司,2020,monitor_pass,https://www.moa.gov.cn/nybgb/2020/202012/202102/P020210201587636946140.pdf,https://www.szse.cn/api/report/index/companyGeneralization?secCode=000568,https://www.szse.cn/api/report/index/companyGeneralization?secCode=000568,当前交易所法人全称与官方名单标准化后完全一致,1,1,身份关系已核实候选；ST、退市时点及资格缺口仍待处理
000568,2021,泸州老窖股份有限公司,深圳证券交易所,泸州老窖,1994-05-09,泸州老窖股份有限公司,2020,monitor_pass,https://www.moa.gov.cn/nybgb/2020/202012/202102/P020210201587636946140.pdf,https://www.szse.cn/api/report/index/companyGeneralization?secCode=000568,https://www.szse.cn/api/report/index/companyGeneralization?secCode=000568,当前交易所法人全称与官方名单标准化后完全一致,1,1,身份关系已核实候选；ST、退市时点及资格缺口仍待处理
000568,2022,泸州老窖股份有限公司,深圳证券交易所,泸州老窖,1994-05-09,泸州老窖股份有限公司,2020,monitor_pass,https://www.moa.gov.cn/nybgb/2020/202012/202102/P020210201587636946140.pdf,https://www.szse.cn/api/report/index/companyGeneralization?secCode=000568,https://www.szse.cn/api/report/index/companyGeneralization?secCode=000568,当前交易所法人全称与官方名单标准化后完全一致,1,1,身份关系已核实候选；ST、退市时点及资格缺口仍待处理
000568,2023,泸州老窖股份有限公司,深圳证券交易所,泸州老窖,1994-05-09,泸州老窖股份有限公司,2023,monitor_pass,https://www.moa.gov.cn/nybgb/2023/202306/202307/P020230719348171286633.pdf,https://www.szse.cn/api/report/index/companyGeneralization?secCode=000568,https://www.szse.cn/api/report/index/companyGeneralization?secCode=000568,当前交易所法人全称与官方名单标准化后完全一致,1,1,身份关系已核实候选；ST、退市时点及资格缺口仍待处理
000623,2014,吉林敖东药业集团股份有限公司,深圳证券交易所,吉林敖东,1996-10-28,吉林敖东药业集团股份有限公司,2014,monitor_pass,https://www.moa.gov.cn/nybgb/2014/shi/201712/P020180104776701107212.pdf,https://www.szse.cn/api/report/index/companyGeneralization?secCode=000623,https://www.szse.cn/api/report/index/companyGeneralization?secCode=000623,当前交易所法人全称与官方名单标准化后完全一致,1,1,身份关系已核实候选；ST、退市时点及资格缺口仍待处理
000623,2015,吉林敖东药业集团股份有限公司,深圳证券交易所,吉林敖东,1996-10-28,吉林敖东药业集团股份有限公司,2014,monitor_pass,https://www.moa.gov.cn/nybgb/2014/shi/201712/P020180104776701107212.pdf,https://www.szse.cn/api/report/index/companyGeneralization?secCode=000623,https://www.szse.cn/api/report/index/companyGeneralization?secCode=000623,当前交易所法人全称与官方名单标准化后完全一致,1,1,身份关系已核实候选；ST、退市时点及资格缺口仍待处理
000623,2018,吉林敖东药业集团股份有限公司,深圳证券交易所,吉林敖东,1996-10-28,吉林敖东药业集团股份有限公司,2018,monitor_pass,https://xccys.moa.gov.cn/gzdt/201812/t20181205_6314544.htm,https://www.szse.cn/api/report/index/companyGeneralization?secCode=000623,https://www.szse.cn/api/report/index/companyGeneralization?secCode=000623,当前交易所法人全称与官方名单标准化后完全一致,1,1,身份关系已核实候选；ST、退市时点及资格缺口仍待处理
000623,2019,吉林敖东药业集团股份有限公司,深圳证券交易所,吉林敖东,1996-10-28,吉林敖东药业集团股份有限公司,2018,monitor_pass,https://xccys.moa.gov.cn/gzdt/201812/t20181205_6314544.htm,https://www.szse.cn/api/report/index/companyGeneralization?secCode=000623,https://www.szse.cn/api/report/index/companyGeneralization?secCode=000623,当前交易所法人全称与官方名单标准化后完全一致,1,1,身份关系已核实候选；ST、退市时点及资格缺口仍待处理
000623,2020,吉林敖东药业集团股份有限公司,深圳证券交易所,吉林敖东,1996-10-28,吉林敖东药业集团股份有限公司,2020,monitor_pass,https://www.moa.gov.cn/nybgb/2020/202012/202102/P020210201587636946140.pdf,https://www.szse.cn/api/report/index/companyGeneralization?secCode=000623,https://www.szse.cn/api/report/index/companyGeneralization?secCode=000623,当前交易所法人全称与官方名单标准化后完全一致,1,1,身份关系已核实候选；ST、退市时点及资格缺口仍待处理
000623,2021,吉林敖东药业集团股份有限公司,深圳证券交易所,吉林敖东,1996-10-28,吉林敖东药业集团股份有限公司,2020,monitor_pass,https://www.moa.gov.cn/nybgb/2020/202012/202102/P020210201587636946140.pdf,https://www.szse.cn/api/report/index/companyGeneralization?secCode=000623,https://www.szse.cn/api/report/index/companyGeneralization?secCode=000623,当前交易所法人全称与官方名单标准化后完全一致,1,1,身份关系已核实候选；ST、退市时点及资格缺口仍待处理
000623,2022,吉林敖东药业集团股份有限公司,深圳证券交易所,吉林敖东,1996-10-28,吉林敖东药业集团股份有限公司,2020,monitor_pass,https://www.moa.gov.cn/nybgb/2020/202012/202102/P020210201587636946140.pdf,https://www.szse.cn/api/report/index/companyGeneralization?secCode=000623,https://www.szse.cn/api/report/index/companyGeneralization?secCode=000623,当前交易所法人全称与官方名单标准化后完全一致,1,1,身份关系已核实候选；ST、退市时点及资格缺口仍待处理
000623,2023,吉林敖东药业集团股份有限公司,深圳证券交易所,吉林敖东,1996-10-28,吉林敖东药业集团股份有限公司,2023,monitor_pass,https://www.moa.gov.cn/nybgb/2023/202306/202307/P020230719348171286633.pdf,https://www.szse.cn/api/report/index/companyGeneralization?secCode=000623,https://www.szse.cn/api/report/index/companyGeneralization?secCode=000623,当前交易所法人全称与官方名单标准化后完全一致,1,1,身份关系已核实候选；ST、退市时点及资格缺口仍待处理
000663,2014,福建省永安林业(集团)股份有限公司,深圳证券交易所,永安林业,1996-12-06,福建省永安林业（集团）股份有限公司,2014,monitor_pass,https://www.moa.gov.cn/nybgb/2014/shi/201712/P020180104776701107212.pdf,https://www.szse.cn/api/report/index/companyGeneralization?secCode=000663,https://www.szse.cn/api/report/index/companyGeneralization?secCode=000663,当前交易所法人全称与官方名单标准化后完全一致,1,1,身份关系已核实候选；ST、退市时点及资格缺口仍待处理
000663,2015,福建省永安林业(集团)股份有限公司,深圳证券交易所,永安林业,1996-12-06,福建省永安林业（集团）股份有限公司,2014,monitor_pass,https://www.moa.gov.cn/nybgb/2014/shi/201712/P020180104776701107212.pdf,https://www.szse.cn/api/report/index/companyGeneralization?secCode=000663,https://www.szse.cn/api/report/index/companyGeneralization?secCode=000663,当前交易所法人全称与官方名单标准化后完全一致,1,1,身份关系已核实候选；ST、退市时点及资格缺口仍待处理
000663,2018,福建省永安林业(集团)股份有限公司,深圳证券交易所,永安林业,1996-12-06,福建省永安林业（集团）股份有限公司,2018,monitor_pass,https://xccys.moa.gov.cn/gzdt/201812/t20181205_6314544.htm,https://www.szse.cn/api/report/index/companyGeneralization?secCode=000663,https://www.szse.cn/api/report/index/companyGeneralization?secCode=000663,当前交易所法人全称与官方名单标准化后完全一致,1,1,身份关系已核实候选；ST、退市时点及资格缺口仍待处理
000663,2019,福建省永安林业(集团)股份有限公司,深圳证券交易所,永安林业,1996-12-06,福建省永安林业（集团）股份有限公司,2018,monitor_pass,https://xccys.moa.gov.cn/gzdt/201812/t20181205_6314544.htm,https://www.szse.cn/api/report/index/companyGeneralization?secCode=000663,https://www.szse.cn/api/report/index/companyGeneralization?secCode=000663,当前交易所法人全称与官方名单标准化后完全一致,1,1,身份关系已核实候选；ST、退市时点及资格缺口仍待处理
000713,2014,国投丰乐种业股份有限公司,深圳证券交易所,国投丰乐,1997-04-22,合肥丰乐种业股份有限公司,2014,monitor_pass,https://www.moa.gov.cn/nybgb/2014/shi/201712/P020180104776701107212.pdf,https://www.szse.cn/api/report/index/companyGeneralization?secCode=000713,https://static.cninfo.com.cn/finalpage/2025-08-30/1224620910.PDF,半年度报告明确当前公司曾用名单名称且证券代码保持000713,1,1,身份关系已核实候选；ST、退市时点及资格缺口仍待处理
000713,2015,国投丰乐种业股份有限公司,深圳证券交易所,国投丰乐,1997-04-22,合肥丰乐种业股份有限公司,2014,monitor_pass,https://www.moa.gov.cn/nybgb/2014/shi/201712/P020180104776701107212.pdf,https://www.szse.cn/api/report/index/companyGeneralization?secCode=000713,https://static.cninfo.com.cn/finalpage/2025-08-30/1224620910.PDF,半年度报告明确当前公司曾用名单名称且证券代码保持000713,1,1,身份关系已核实候选；ST、退市时点及资格缺口仍待处理
000713,2018,国投丰乐种业股份有限公司,深圳证券交易所,国投丰乐,1997-04-22,合肥丰乐种业股份有限公司,2018,monitor_pass,https://xccys.moa.gov.cn/gzdt/201812/t20181205_6314544.htm,https://www.szse.cn/api/report/index/companyGeneralization?secCode=000713,https://static.cninfo.com.cn/finalpage/2025-08-30/1224620910.PDF,半年度报告明确当前公司曾用名单名称且证券代码保持000713,1,1,身份关系已核实候选；ST、退市时点及资格缺口仍待处理
000713,2019,国投丰乐种业股份有限公司,深圳证券交易所,国投丰乐,1997-04-22,合肥丰乐种业股份有限公司,2018,monitor_pass,https://xccys.moa.gov.cn/gzdt/201812/t20181205_6314544.htm,https://www.szse.cn/api/report/index/companyGeneralization?secCode=000713,https://static.cninfo.com.cn/finalpage/2025-08-30/1224620910.PDF,半年度报告明确当前公司曾用名单名称且证券代码保持000713,1,1,身份关系已核实候选；ST、退市时点及资格缺口仍待处理
000713,2020,国投丰乐种业股份有限公司,深圳证券交易所,国投丰乐,1997-04-22,合肥丰乐种业股份有限公司,2020,monitor_pass,https://www.moa.gov.cn/nybgb/2020/202012/202102/P020210201587636946140.pdf,https://www.szse.cn/api/report/index/companyGeneralization?secCode=000713,https://static.cninfo.com.cn/finalpage/2025-08-30/1224620910.PDF,半年度报告明确当前公司曾用名单名称且证券代码保持000713,1,1,身份关系已核实候选；ST、退市时点及资格缺口仍待处理
000713,2021,国投丰乐种业股份有限公司,深圳证券交易所,国投丰乐,1997-04-22,合肥丰乐种业股份有限公司,2020,monitor_pass,https://www.moa.gov.cn/nybgb/2020/202012/202102/P020210201587636946140.pdf,https://www.szse.cn/api/report/index/companyGeneralization?secCode=000713,https://static.cninfo.com.cn/finalpage/2025-08-30/1224620910.PDF,半年度报告明确当前公司曾用名单名称且证券代码保持000713,1,1,身份关系已核实候选；ST、退市时点及资格缺口仍待处理
000713,2022,国投丰乐种业股份有限公司,深圳证券交易所,国投丰乐,1997-04-22,合肥丰乐种业股份有限公司,2020,monitor_pass,https://www.moa.gov.cn/nybgb/2020/202012/202102/P020210201587636946140.pdf,https://www.szse.cn/api/report/index/companyGeneralization?secCode=000713,https://static.cninfo.com.cn/finalpage/2025-08-30/1224620910.PDF,半年度报告明确当前公司曾用名单名称且证券代码保持000713,1,1,身份关系已核实候选；ST、退市时点及资格缺口仍待处理
000713,2023,国投丰乐种业股份有限公司,深圳证券交易所,国投丰乐,1997-04-22,合肥丰乐种业股份有限公司,2023,monitor_pass,https://www.moa.gov.cn/nybgb/2023/202306/202307/P020230719348171286633.pdf,https://www.szse.cn/api/report/index/companyGeneralization?secCode=000713,https://static.cninfo.com.cn/finalpage/2025-08-30/1224620910.PDF,半年度报告明确当前公司曾用名单名称且证券代码保持000713,1,1,身份关系已核实候选；ST、退市时点及资格缺口仍待处理
000735,2014,罗牛山股份有限公司,深圳证券交易所,罗 牛 山,1997-06-11,罗牛山股份有限公司,2014,monitor_pass,https://www.moa.gov.cn/nybgb/2014/shi/201712/P020180104776701107212.pdf,https://www.szse.cn/api/report/index/companyGeneralization?secCode=000735,https://www.szse.cn/api/report/index/companyGeneralization?secCode=000735,当前交易所法人全称与官方名单标准化后完全一致,1,1,身份关系已核实候选；ST、退市时点及资格缺口仍待处理
000735,2015,罗牛山股份有限公司,深圳证券交易所,罗 牛 山,1997-06-11,罗牛山股份有限公司,2014,monitor_pass,https://www.moa.gov.cn/nybgb/2014/shi/201712/P020180104776701107212.pdf,https://www.szse.cn/api/report/index/companyGeneralization?secCode=000735,https://www.szse.cn/api/report/index/companyGeneralization?secCode=000735,当前交易所法人全称与官方名单标准化后完全一致,1,1,身份关系已核实候选；ST、退市时点及资格缺口仍待处理
000735,2018,罗牛山股份有限公司,深圳证券交易所,罗 牛 山,1997-06-11,罗牛山股份有限公司,2018,monitor_pass,https://xccys.moa.gov.cn/gzdt/201812/t20181205_6314544.htm,https://www.szse.cn/api/report/index/companyGeneralization?secCode=000735,https://www.szse.cn/api/report/index/companyGeneralization?secCode=000735,当前交易所法人全称与官方名单标准化后完全一致,1,1,身份关系已核实候选；ST、退市时点及资格缺口仍待处理
000735,2019,罗牛山股份有限公司,深圳证券交易所,罗 牛 山,1997-06-11,罗牛山股份有限公司,2018,monitor_pass,https://xccys.moa.gov.cn/gzdt/201812/t20181205_6314544.htm,https://www.szse.cn/api/report/index/companyGeneralization?secCode=000735,https://www.szse.cn/api/report/index/companyGeneralization?secCode=000735,当前交易所法人全称与官方名单标准化后完全一致,1,1,身份关系已核实候选；ST、退市时点及资格缺口仍待处理
000735,2020,罗牛山股份有限公司,深圳证券交易所,罗 牛 山,1997-06-11,罗牛山股份有限公司,2020,monitor_pass,https://www.moa.gov.cn/nybgb/2020/202012/202102/P020210201587636946140.pdf,https://www.szse.cn/api/report/index/companyGeneralization?secCode=000735,https://www.szse.cn/api/report/index/companyGeneralization?secCode=000735,当前交易所法人全称与官方名单标准化后完全一致,1,1,身份关系已核实候选；ST、退市时点及资格缺口仍待处理
000735,2021,罗牛山股份有限公司,深圳证券交易所,罗 牛 山,1997-06-11,罗牛山股份有限公司,2020,monitor_pass,https://www.moa.gov.cn/nybgb/2020/202012/202102/P020210201587636946140.pdf,https://www.szse.cn/api/report/index/companyGeneralization?secCode=000735,https://www.szse.cn/api/report/index/companyGeneralization?secCode=000735,当前交易所法人全称与官方名单标准化后完全一致,1,1,身份关系已核实候选；ST、退市时点及资格缺口仍待处理
000735,2022,罗牛山股份有限公司,深圳证券交易所,罗 牛 山,1997-06-11,罗牛山股份有限公司,2020,monitor_pass,https://www.moa.gov.cn/nybgb/2020/202012/202102/P020210201587636946140.pdf,https://www.szse.cn/api/report/index/companyGeneralization?secCode=000735,https://www.szse.cn/api/report/index/companyGeneralization?secCode=000735,当前交易所法人全称与官方名单标准化后完全一致,1,1,身份关系已核实候选；ST、退市时点及资格缺口仍待处理
000735,2023,罗牛山股份有限公司,深圳证券交易所,罗 牛 山,1997-06-11,罗牛山股份有限公司,2023,monitor_pass,https://www.moa.gov.cn/nybgb/2023/202306/202307/P020230719348171286633.pdf,https://www.szse.cn/api/report/index/companyGeneralization?secCode=000735,https://www.szse.cn/api/report/index/companyGeneralization?secCode=000735,当前交易所法人全称与官方名单标准化后完全一致,1,1,身份关系已核实候选；ST、退市时点及资格缺口仍待处理
000848,2014,承德露露股份公司,深圳证券交易所,承德露露,1997-11-13,河北承德露露股份有限公司,2014,monitor_pass,https://www.moa.gov.cn/nybgb/2014/shi/201712/P020180104776701107212.pdf,https://www.szse.cn/api/report/index/companyGeneralization?secCode=000848,https://static.cninfo.com.cn/finalpage/2022-04-12/1212884374.PDF,上市公司公告列明由旧全称变更为当前全称；证券代码不变,1,1,身份关系已核实候选；ST、退市时点及资格缺口仍待处理
000848,2015,承德露露股份公司,深圳证券交易所,承德露露,1997-11-13,河北承德露露股份有限公司,2014,monitor_pass,https://www.moa.gov.cn/nybgb/2014/shi/201712/P020180104776701107212.pdf,https://www.szse.cn/api/report/index/companyGeneralization?secCode=000848,https://static.cninfo.com.cn/finalpage/2022-04-12/1212884374.PDF,上市公司公告列明由旧全称变更为当前全称；证券代码不变,1,1,身份关系已核实候选；ST、退市时点及资格缺口仍待处理
000848,2018,承德露露股份公司,深圳证券交易所,承德露露,1997-11-13,河北承德露露股份有限公司,2018,monitor_pass,https://xccys.moa.gov.cn/gzdt/201812/t20181205_6314544.htm,https://www.szse.cn/api/report/index/companyGeneralization?secCode=000848,https://static.cninfo.com.cn/finalpage/2022-04-12/1212884374.PDF,上市公司公告列明由旧全称变更为当前全称；证券代码不变,1,1,身份关系已核实候选；ST、退市时点及资格缺口仍待处理
000848,2019,承德露露股份公司,深圳证券交易所,承德露露,1997-11-13,河北承德露露股份有限公司,2018,monitor_pass,https://xccys.moa.gov.cn/gzdt/201812/t20181205_6314544.htm,https://www.szse.cn/api/report/index/companyGeneralization?secCode=000848,https://static.cninfo.com.cn/finalpage/2022-04-12/1212884374.PDF,上市公司公告列明由旧全称变更为当前全称；证券代码不变,1,1,身份关系已核实候选；ST、退市时点及资格缺口仍待处理
000848,2020,承德露露股份公司,深圳证券交易所,承德露露,1997-11-13,河北承德露露股份有限公司,2020,monitor_pass,https://www.moa.gov.cn/nybgb/2020/202012/202102/P020210201587636946140.pdf,https://www.szse.cn/api/report/index/companyGeneralization?secCode=000848,https://static.cninfo.com.cn/finalpage/2022-04-12/1212884374.PDF,上市公司公告列明由旧全称变更为当前全称；证券代码不变,1,1,身份关系已核实候选；ST、退市时点及资格缺口仍待处理
000848,2021,承德露露股份公司,深圳证券交易所,承德露露,1997-11-13,河北承德露露股份有限公司,2020,monitor_pass,https://www.moa.gov.cn/nybgb/2020/202012/202102/P020210201587636946140.pdf,https://www.szse.cn/api/report/index/companyGeneralization?secCode=000848,https://static.cninfo.com.cn/finalpage/2022-04-12/1212884374.PDF,上市公司公告列明由旧全称变更为当前全称；证券代码不变,1,1,身份关系已核实候选；ST、退市时点及资格缺口仍待处理
000848,2022,承德露露股份公司,深圳证券交易所,承德露露,1997-11-13,河北承德露露股份有限公司,2020,monitor_pass,https://www.moa.gov.cn/nybgb/2020/202012/202102/P020210201587636946140.pdf,https://www.szse.cn/api/report/index/companyGeneralization?secCode=000848,https://static.cninfo.com.cn/finalpage/2022-04-12/1212884374.PDF,上市公司公告列明由旧全称变更为当前全称；证券代码不变,1,1,身份关系已核实候选；ST、退市时点及资格缺口仍待处理
000848,2023,承德露露股份公司,深圳证券交易所,承德露露,1997-11-13,承德露露股份公司,2023,monitor_pass,https://www.moa.gov.cn/nybgb/2023/202306/202307/P020230719348171286633.pdf,https://www.szse.cn/api/report/index/companyGeneralization?secCode=000848,https://www.szse.cn/api/report/index/companyGeneralization?secCode=000848,当前交易所法人全称与官方名单标准化后完全一致,1,1,身份关系已核实候选；ST、退市时点及资格缺口仍待处理
000860,2014,北京顺鑫农业股份有限公司,深圳证券交易所,顺鑫农业,1998-11-04,北京顺鑫农业股份有限公司,2014,monitor_pass,https://www.moa.gov.cn/nybgb/2014/shi/201712/P020180104776701107212.pdf,https://www.szse.cn/api/report/index/companyGeneralization?secCode=000860,https://www.szse.cn/api/report/index/companyGeneralization?secCode=000860,当前交易所法人全称与官方名单标准化后完全一致,1,1,身份关系已核实候选；ST、退市时点及资格缺口仍待处理
000860,2015,北京顺鑫农业股份有限公司,深圳证券交易所,顺鑫农业,1998-11-04,北京顺鑫农业股份有限公司,2014,monitor_pass,https://www.moa.gov.cn/nybgb/2014/shi/201712/P020180104776701107212.pdf,https://www.szse.cn/api/report/index/companyGeneralization?secCode=000860,https://www.szse.cn/api/report/index/companyGeneralization?secCode=000860,当前交易所法人全称与官方名单标准化后完全一致,1,1,身份关系已核实候选；ST、退市时点及资格缺口仍待处理
000860,2018,北京顺鑫农业股份有限公司,深圳证券交易所,顺鑫农业,1998-11-04,北京顺鑫农业股份有限公司,2018,monitor_pass,https://xccys.moa.gov.cn/gzdt/201812/t20181205_6314544.htm,https://www.szse.cn/api/report/index/companyGeneralization?secCode=000860,https://www.szse.cn/api/report/index/companyGeneralization?secCode=000860,当前交易所法人全称与官方名单标准化后完全一致,1,1,身份关系已核实候选；ST、退市时点及资格缺口仍待处理
000860,2019,北京顺鑫农业股份有限公司,深圳证券交易所,顺鑫农业,1998-11-04,北京顺鑫农业股份有限公司,2018,monitor_pass,https://xccys.moa.gov.cn/gzdt/201812/t20181205_6314544.htm,https://www.szse.cn/api/report/index/companyGeneralization?secCode=000860,https://www.szse.cn/api/report/index/companyGeneralization?secCode=000860,当前交易所法人全称与官方名单标准化后完全一致,1,1,身份关系已核实候选；ST、退市时点及资格缺口仍待处理
000860,2020,北京顺鑫农业股份有限公司,深圳证券交易所,顺鑫农业,1998-11-04,北京顺鑫农业股份有限公司,2020,monitor_pass,https://www.moa.gov.cn/nybgb/2020/202012/202102/P020210201587636946140.pdf,https://www.szse.cn/api/report/index/companyGeneralization?secCode=000860,https://www.szse.cn/api/report/index/companyGeneralization?secCode=000860,当前交易所法人全称与官方名单标准化后完全一致,1,1,身份关系已核实候选；ST、退市时点及资格缺口仍待处理
000860,2021,北京顺鑫农业股份有限公司,深圳证券交易所,顺鑫农业,1998-11-04,北京顺鑫农业股份有限公司,2020,monitor_pass,https://www.moa.gov.cn/nybgb/2020/202012/202102/P020210201587636946140.pdf,https://www.szse.cn/api/report/index/companyGeneralization?secCode=000860,https://www.szse.cn/api/report/index/companyGeneralization?secCode=000860,当前交易所法人全称与官方名单标准化后完全一致,1,1,身份关系已核实候选；ST、退市时点及资格缺口仍待处理
000860,2022,北京顺鑫农业股份有限公司,深圳证券交易所,顺鑫农业,1998-11-04,北京顺鑫农业股份有限公司,2020,monitor_pass,https://www.moa.gov.cn/nybgb/2020/202012/202102/P020210201587636946140.pdf,https://www.szse.cn/api/report/index/companyGeneralization?secCode=000860,https://www.szse.cn/api/report/index/companyGeneralization?secCode=000860,当前交易所法人全称与官方名单标准化后完全一致,1,1,身份关系已核实候选；ST、退市时点及资格缺口仍待处理
000860,2023,北京顺鑫农业股份有限公司,深圳证券交易所,顺鑫农业,1998-11-04,北京顺鑫农业股份有限公司,2023,monitor_pass,https://www.moa.gov.cn/nybgb/2023/202306/202307/P020230719348171286633.pdf,https://www.szse.cn/api/report/index/companyGeneralization?secCode=000860,https://www.szse.cn/api/report/index/companyGeneralization?secCode=000860,当前交易所法人全称与官方名单标准化后完全一致,1,1,身份关系已核实候选；ST、退市时点及资格缺口仍待处理
000910,2018,大亚圣象家居股份有限公司,深圳证券交易所,大亚圣象,1999-06-30,大亚圣象家居股份有限公司,2018,monitor_pass,https://xccys.moa.gov.cn/gzdt/201812/t20181205_6314544.htm,https://www.szse.cn/api/report/index/companyGeneralization?secCode=000910,https://www.szse.cn/api/report/index/companyGeneralization?secCode=000910,当前交易所法人全称与官方名单标准化后完全一致,1,1,身份关系已核实候选；ST、退市时点及资格缺口仍待处理
000910,2019,大亚圣象家居股份有限公司,深圳证券交易所,大亚圣象,1999-06-30,大亚圣象家居股份有限公司,2018,monitor_pass,https://xccys.moa.gov.cn/gzdt/201812/t20181205_6314544.htm,https://www.szse.cn/api/report/index/companyGeneralization?secCode=000910,https://www.szse.cn/api/report/index/companyGeneralization?secCode=000910,当前交易所法人全称与官方名单标准化后完全一致,1,1,身份关系已核实候选；ST、退市时点及资格缺口仍待处理
000910,2020,大亚圣象家居股份有限公司,深圳证券交易所,大亚圣象,1999-06-30,大亚圣象家居股份有限公司,2020,monitor_pass,https://www.moa.gov.cn/nybgb/2020/202012/202102/P020210201587636946140.pdf,https://www.szse.cn/api/report/index/companyGeneralization?secCode=000910,https://www.szse.cn/api/report/index/companyGeneralization?secCode=000910,当前交易所法人全称与官方名单标准化后完全一致,1,1,身份关系已核实候选；ST、退市时点及资格缺口仍待处理
000910,2021,大亚圣象家居股份有限公司,深圳证券交易所,大亚圣象,1999-06-30,大亚圣象家居股份有限公司,2020,monitor_pass,https://www.moa.gov.cn/nybgb/2020/202012/202102/P020210201587636946140.pdf,https://www.szse.cn/api/report/index/companyGeneralization?secCode=000910,https://www.szse.cn/api/report/index/companyGeneralization?secCode=000910,当前交易所法人全称与官方名单标准化后完全一致,1,1,身份关系已核实候选；ST、退市时点及资格缺口仍待处理
000910,2022,大亚圣象家居股份有限公司,深圳证券交易所,大亚圣象,1999-06-30,大亚圣象家居股份有限公司,2020,monitor_pass,https://www.moa.gov.cn/nybgb/2020/202012/202102/P020210201587636946140.pdf,https://www.szse.cn/api/report/index/companyGeneralization?secCode=000910,https://www.szse.cn/api/report/index/companyGeneralization?secCode=000910,当前交易所法人全称与官方名单标准化后完全一致,1,1,身份关系已核实候选；ST、退市时点及资格缺口仍待处理
000910,2023,大亚圣象家居股份有限公司,深圳证券交易所,大亚圣象,1999-06-30,大亚圣象家居股份有限公司,2023,monitor_pass,https://www.moa.gov.cn/nybgb/2023/202306/202307/P020230719348171286633.pdf,https://www.szse.cn/api/report/index/companyGeneralization?secCode=000910,https://www.szse.cn/api/report/index/companyGeneralization?secCode=000910,当前交易所法人全称与官方名单标准化后完全一致,1,1,身份关系已核实候选；ST、退市时点及资格缺口仍待处理
000998,2014,袁隆平农业高科技股份有限公司,深圳证券交易所,隆平高科,2000-12-11,袁隆平农业高科技股份有限公司,2014,monitor_pass,https://www.moa.gov.cn/nybgb/2014/shi/201712/P020180104776701107212.pdf,https://www.szse.cn/api/report/index/companyGeneralization?secCode=000998,https://www.szse.cn/api/report/index/companyGeneralization?secCode=000998,当前交易所法人全称与官方名单标准化后完全一致,1,1,身份关系已核实候选；ST、退市时点及资格缺口仍待处理
000998,2015,袁隆平农业高科技股份有限公司,深圳证券交易所,隆平高科,2000-12-11,袁隆平农业高科技股份有限公司,2014,monitor_pass,https://www.moa.gov.cn/nybgb/2014/shi/201712/P020180104776701107212.pdf,https://www.szse.cn/api/report/index/companyGeneralization?secCode=000998,https://www.szse.cn/api/report/index/companyGeneralization?secCode=000998,当前交易所法人全称与官方名单标准化后完全一致,1,1,身份关系已核实候选；ST、退市时点及资格缺口仍待处理
000998,2018,袁隆平农业高科技股份有限公司,深圳证券交易所,隆平高科,2000-12-11,袁隆平农业高科技股份有限公司,2018,monitor_pass,https://xccys.moa.gov.cn/gzdt/201812/t20181205_6314544.htm,https://www.szse.cn/api/report/index/companyGeneralization?secCode=000998,https://www.szse.cn/api/report/index/companyGeneralization?secCode=000998,当前交易所法人全称与官方名单标准化后完全一致,1,1,身份关系已核实候选；ST、退市时点及资格缺口仍待处理
000998,2019,袁隆平农业高科技股份有限公司,深圳证券交易所,隆平高科,2000-12-11,袁隆平农业高科技股份有限公司,2018,monitor_pass,https://xccys.moa.gov.cn/gzdt/201812/t20181205_6314544.htm,https://www.szse.cn/api/report/index/companyGeneralization?secCode=000998,https://www.szse.cn/api/report/index/companyGeneralization?secCode=000998,当前交易所法人全称与官方名单标准化后完全一致,1,1,身份关系已核实候选；ST、退市时点及资格缺口仍待处理
000998,2020,袁隆平农业高科技股份有限公司,深圳证券交易所,隆平高科,2000-12-11,袁隆平农业高科技股份有限公司,2020,monitor_pass,https://www.moa.gov.cn/nybgb/2020/202012/202102/P020210201587636946140.pdf,https://www.szse.cn/api/report/index/companyGeneralization?secCode=000998,https://www.szse.cn/api/report/index/companyGeneralization?secCode=000998,当前交易所法人全称与官方名单标准化后完全一致,1,1,身份关系已核实候选；ST、退市时点及资格缺口仍待处理
000998,2021,袁隆平农业高科技股份有限公司,深圳证券交易所,隆平高科,2000-12-11,袁隆平农业高科技股份有限公司,2020,monitor_pass,https://www.moa.gov.cn/nybgb/2020/202012/202102/P020210201587636946140.pdf,https://www.szse.cn/api/report/index/companyGeneralization?secCode=000998,https://www.szse.cn/api/report/index/companyGeneralization?secCode=000998,当前交易所法人全称与官方名单标准化后完全一致,1,1,身份关系已核实候选；ST、退市时点及资格缺口仍待处理
000998,2022,袁隆平农业高科技股份有限公司,深圳证券交易所,隆平高科,2000-12-11,袁隆平农业高科技股份有限公司,2020,monitor_pass,https://www.moa.gov.cn/nybgb/2020/202012/202102/P020210201587636946140.pdf,https://www.szse.cn/api/report/index/companyGeneralization?secCode=000998,https://www.szse.cn/api/report/index/companyGeneralization?secCode=000998,当前交易所法人全称与官方名单标准化后完全一致,1,1,身份关系已核实候选；ST、退市时点及资格缺口仍待处理
000998,2023,袁隆平农业高科技股份有限公司,深圳证券交易所,隆平高科,2000-12-11,袁隆平农业高科技股份有限公司,2023,monitor_pass,https://www.moa.gov.cn/nybgb/2023/202306/202307/P020230719348171286633.pdf,https://www.szse.cn/api/report/index/companyGeneralization?secCode=000998,https://www.szse.cn/api/report/index/companyGeneralization?secCode=000998,当前交易所法人全称与官方名单标准化后完全一致,1,1,身份关系已核实候选；ST、退市时点及资格缺口仍待处理
001201,2021,东瑞食品集团股份有限公司,深圳证券交易所,东瑞股份,2021-04-28,东瑞食品集团股份有限公司,2020,monitor_pass,https://www.moa.gov.cn/nybgb/2020/202012/202102/P020210201587636946140.pdf,https://www.szse.cn/api/report/index/companyGeneralization?secCode=001201,https://www.szse.cn/api/report/index/companyGeneralization?secCode=001201,当前交易所法人全称与官方名单标准化后完全一致,1,1,身份关系已核实候选；ST、退市时点及资格缺口仍待处理
001201,2022,东瑞食品集团股份有限公司,深圳证券交易所,东瑞股份,2021-04-28,东瑞食品集团股份有限公司,2020,monitor_pass,https://www.moa.gov.cn/nybgb/2020/202012/202102/P020210201587636946140.pdf,https://www.szse.cn/api/report/index/companyGeneralization?secCode=001201,https://www.szse.cn/api/report/index/companyGeneralization?secCode=001201,当前交易所法人全称与官方名单标准化后完全一致,1,1,身份关系已核实候选；ST、退市时点及资格缺口仍待处理
001201,2023,东瑞食品集团股份有限公司,深圳证券交易所,东瑞股份,2021-04-28,东瑞食品集团股份有限公司,2023,monitor_pass,https://www.moa.gov.cn/nybgb/2023/202306/202307/P020230719348171286633.pdf,https://www.szse.cn/api/report/index/companyGeneralization?secCode=001201,https://www.szse.cn/api/report/index/companyGeneralization?secCode=001201,当前交易所法人全称与官方名单标准化后完全一致,1,1,身份关系已核实候选；ST、退市时点及资格缺口仍待处理
002041,2019,山东登海种业股份有限公司,深圳证券交易所,登海种业,2005-04-18,山东登海种业股份有限公司,2019,recognition,https://www.moa.gov.cn/nybgb/2019/201912/202004/P020200410023357640054.pdf,https://www.szse.cn/api/report/index/companyGeneralization?secCode=002041,https://www.szse.cn/api/report/index/companyGeneralization?secCode=002041,当前交易所法人全称与官方名单标准化后完全一致,1,1,身份关系已核实候选；ST、退市时点及资格缺口仍待处理
002041,2020,山东登海种业股份有限公司,深圳证券交易所,登海种业,2005-04-18,山东登海种业股份有限公司,2019,recognition,https://www.moa.gov.cn/nybgb/2019/201912/202004/P020200410023357640054.pdf,https://www.szse.cn/api/report/index/companyGeneralization?secCode=002041,https://www.szse.cn/api/report/index/companyGeneralization?secCode=002041,当前交易所法人全称与官方名单标准化后完全一致,1,1,身份关系已核实候选；ST、退市时点及资格缺口仍待处理
002041,2021,山东登海种业股份有限公司,深圳证券交易所,登海种业,2005-04-18,山东登海种业股份有限公司,2019,recognition,https://www.moa.gov.cn/nybgb/2019/201912/202004/P020200410023357640054.pdf,https://www.szse.cn/api/report/index/companyGeneralization?secCode=002041,https://www.szse.cn/api/report/index/companyGeneralization?secCode=002041,当前交易所法人全称与官方名单标准化后完全一致,1,1,身份关系已核实候选；ST、退市时点及资格缺口仍待处理
002041,2022,山东登海种业股份有限公司,深圳证券交易所,登海种业,2005-04-18,山东登海种业股份有限公司,2019,recognition,https://www.moa.gov.cn/nybgb/2019/201912/202004/P020200410023357640054.pdf,https://www.szse.cn/api/report/index/companyGeneralization?secCode=002041,https://www.szse.cn/api/report/index/companyGeneralization?secCode=002041,当前交易所法人全称与官方名单标准化后完全一致,1,1,身份关系已核实候选；ST、退市时点及资格缺口仍待处理
002041,2023,山东登海种业股份有限公司,深圳证券交易所,登海种业,2005-04-18,山东登海种业股份有限公司,2023,monitor_pass,https://www.moa.gov.cn/nybgb/2023/202306/202307/P020230719348171286633.pdf,https://www.szse.cn/api/report/index/companyGeneralization?secCode=002041,https://www.szse.cn/api/report/index/companyGeneralization?secCode=002041,当前交易所法人全称与官方名单标准化后完全一致,1,1,身份关系已核实候选；ST、退市时点及资格缺口仍待处理
002069,2014,獐子岛集团股份有限公司,深圳证券交易所,獐子岛,2006-09-28,獐子岛集团股份有限公司,2014,monitor_pass,https://www.moa.gov.cn/nybgb/2014/shi/201712/P020180104776701107212.pdf,https://www.szse.cn/api/report/index/companyGeneralization?secCode=002069,https://www.szse.cn/api/report/index/companyGeneralization?secCode=002069,当前交易所法人全称与官方名单标准化后完全一致,1,1,身份关系已核实候选；ST、退市时点及资格缺口仍待处理
002069,2015,獐子岛集团股份有限公司,深圳证券交易所,獐子岛,2006-09-28,獐子岛集团股份有限公司,2014,monitor_pass,https://www.moa.gov.cn/nybgb/2014/shi/201712/P020180104776701107212.pdf,https://www.szse.cn/api/report/index/companyGeneralization?secCode=002069,https://www.szse.cn/api/report/index/companyGeneralization?secCode=002069,当前交易所法人全称与官方名单标准化后完全一致,1,1,身份关系已核实候选；ST、退市时点及资格缺口仍待处理
002069,2018,獐子岛集团股份有限公司,深圳证券交易所,獐子岛,2006-09-28,獐子岛集团股份有限公司,2018,monitor_pass,https://xccys.moa.gov.cn/gzdt/201812/t20181205_6314544.htm,https://www.szse.cn/api/report/index/companyGeneralization?secCode=002069,https://www.szse.cn/api/report/index/companyGeneralization?secCode=002069,当前交易所法人全称与官方名单标准化后完全一致,1,1,身份关系已核实候选；ST、退市时点及资格缺口仍待处理
002069,2019,獐子岛集团股份有限公司,深圳证券交易所,獐子岛,2006-09-28,獐子岛集团股份有限公司,2018,monitor_pass,https://xccys.moa.gov.cn/gzdt/201812/t20181205_6314544.htm,https://www.szse.cn/api/report/index/companyGeneralization?secCode=002069,https://www.szse.cn/api/report/index/companyGeneralization?secCode=002069,当前交易所法人全称与官方名单标准化后完全一致,1,1,身份关系已核实候选；ST、退市时点及资格缺口仍待处理
002086,2014,山东东方海洋科技股份有限公司,深圳证券交易所,东方海洋,2006-11-28,山东东方海洋科技股份有限公司,2014,monitor_pass,https://www.moa.gov.cn/nybgb/2014/shi/201712/P020180104776701107212.pdf,https://www.szse.cn/api/report/index/companyGeneralization?secCode=002086,https://www.szse.cn/api/report/index/companyGeneralization?secCode=002086,当前交易所法人全称与官方名单标准化后完全一致,1,1,身份关系已核实候选；ST、退市时点及资格缺口仍待处理
002086,2015,山东东方海洋科技股份有限公司,深圳证券交易所,东方海洋,2006-11-28,山东东方海洋科技股份有限公司,2014,monitor_pass,https://www.moa.gov.cn/nybgb/2014/shi/201712/P020180104776701107212.pdf,https://www.szse.cn/api/report/index/companyGeneralization?secCode=002086,https://www.szse.cn/api/report/index/companyGeneralization?secCode=002086,当前交易所法人全称与官方名单标准化后完全一致,1,1,身份关系已核实候选；ST、退市时点及资格缺口仍待处理
002086,2018,山东东方海洋科技股份有限公司,深圳证券交易所,东方海洋,2006-11-28,山东东方海洋科技股份有限公司,2018,monitor_pass,https://xccys.moa.gov.cn/gzdt/201812/t20181205_6314544.htm,https://www.szse.cn/api/report/index/companyGeneralization?secCode=002086,https://www.szse.cn/api/report/index/companyGeneralization?secCode=002086,当前交易所法人全称与官方名单标准化后完全一致,1,1,身份关系已核实候选；ST、退市时点及资格缺口仍待处理
002086,2019,山东东方海洋科技股份有限公司,深圳证券交易所,东方海洋,2006-11-28,山东东方海洋科技股份有限公司,2018,monitor_pass,https://xccys.moa.gov.cn/gzdt/201812/t20181205_6314544.htm,https://www.szse.cn/api/report/index/companyGeneralization?secCode=002086,https://www.szse.cn/api/report/index/companyGeneralization?secCode=002086,当前交易所法人全称与官方名单标准化后完全一致,1,1,身份关系已核实候选；ST、退市时点及资格缺口仍待处理
002100,2018,天康生物股份有限公司,深圳证券交易所,天康生物,2006-12-26,天康生物股份有限公司,2018,monitor_pass,https://xccys.moa.gov.cn/gzdt/201812/t20181205_6314544.htm,https://www.szse.cn/api/report/index/companyGeneralization?secCode=002100,https://www.szse.cn/api/report/index/companyGeneralization?secCode=002100,当前交易所法人全称与官方名单标准化后完全一致,1,1,身份关系已核实候选；ST、退市时点及资格缺口仍待处理
002100,2019,天康生物股份有限公司,深圳证券交易所,天康生物,2006-12-26,天康生物股份有限公司,2018,monitor_pass,https://xccys.moa.gov.cn/gzdt/201812/t20181205_6314544.htm,https://www.szse.cn/api/report/index/companyGeneralization?secCode=002100,https://www.szse.cn/api/report/index/companyGeneralization?secCode=002100,当前交易所法人全称与官方名单标准化后完全一致,1,1,身份关系已核实候选；ST、退市时点及资格缺口仍待处理
002100,2020,天康生物股份有限公司,深圳证券交易所,天康生物,2006-12-26,天康生物股份有限公司,2020,monitor_pass,https://www.moa.gov.cn/nybgb/2020/202012/202102/P020210201587636946140.pdf,https://www.szse.cn/api/report/index/companyGeneralization?secCode=002100,https://www.szse.cn/api/report/index/companyGeneralization?secCode=002100,当前交易所法人全称与官方名单标准化后完全一致,1,1,身份关系已核实候选；ST、退市时点及资格缺口仍待处理
002100,2021,天康生物股份有限公司,深圳证券交易所,天康生物,2006-12-26,天康生物股份有限公司,2020,monitor_pass,https://www.moa.gov.cn/nybgb/2020/202012/202102/P020210201587636946140.pdf,https://www.szse.cn/api/report/index/companyGeneralization?secCode=002100,https://www.szse.cn/api/report/index/companyGeneralization?secCode=002100,当前交易所法人全称与官方名单标准化后完全一致,1,1,身份关系已核实候选；ST、退市时点及资格缺口仍待处理
002100,2022,天康生物股份有限公司,深圳证券交易所,天康生物,2006-12-26,天康生物股份有限公司,2020,monitor_pass,https://www.moa.gov.cn/nybgb/2020/202012/202102/P020210201587636946140.pdf,https://www.szse.cn/api/report/index/companyGeneralization?secCode=002100,https://www.szse.cn/api/report/index/companyGeneralization?secCode=002100,当前交易所法人全称与官方名单标准化后完全一致,1,1,身份关系已核实候选；ST、退市时点及资格缺口仍待处理
002100,2023,天康生物股份有限公司,深圳证券交易所,天康生物,2006-12-26,天康生物股份有限公司,2023,monitor_pass,https://www.moa.gov.cn/nybgb/2023/202306/202307/P020230719348171286633.pdf,https://www.szse.cn/api/report/index/companyGeneralization?secCode=002100,https://www.szse.cn/api/report/index/companyGeneralization?secCode=002100,当前交易所法人全称与官方名单标准化后完全一致,1,1,身份关系已核实候选；ST、退市时点及资格缺口仍待处理
002124,2018,天邦食品股份有限公司,深圳证券交易所,天邦食品,2007-04-03,天邦食品股份有限公司,2018,monitor_pass,https://xccys.moa.gov.cn/gzdt/201812/t20181205_6314544.htm,https://www.szse.cn/api/report/index/companyGeneralization?secCode=002124,https://www.szse.cn/api/report/index/companyGeneralization?secCode=002124,当前交易所法人全称与官方名单标准化后完全一致,1,1,身份关系已核实候选；ST、退市时点及资格缺口仍待处理
002124,2019,天邦食品股份有限公司,深圳证券交易所,天邦食品,2007-04-03,天邦食品股份有限公司,2018,monitor_pass,https://xccys.moa.gov.cn/gzdt/201812/t20181205_6314544.htm,https://www.szse.cn/api/report/index/companyGeneralization?secCode=002124,https://www.szse.cn/api/report/index/companyGeneralization?secCode=002124,当前交易所法人全称与官方名单标准化后完全一致,1,1,身份关系已核实候选；ST、退市时点及资格缺口仍待处理
002124,2020,天邦食品股份有限公司,深圳证券交易所,天邦食品,2007-04-03,天邦食品股份有限公司,2020,monitor_pass,https://www.moa.gov.cn/nybgb/2020/202012/202102/P020210201587636946140.pdf,https://www.szse.cn/api/report/index/companyGeneralization?secCode=002124,https://www.szse.cn/api/report/index/companyGeneralization?secCode=002124,当前交易所法人全称与官方名单标准化后完全一致,1,1,身份关系已核实候选；ST、退市时点及资格缺口仍待处理
002124,2021,天邦食品股份有限公司,深圳证券交易所,天邦食品,2007-04-03,天邦食品股份有限公司,2020,monitor_pass,https://www.moa.gov.cn/nybgb/2020/202012/202102/P020210201587636946140.pdf,https://www.szse.cn/api/report/index/companyGeneralization?secCode=002124,https://www.szse.cn/api/report/index/companyGeneralization?secCode=002124,当前交易所法人全称与官方名单标准化后完全一致,1,1,身份关系已核实候选；ST、退市时点及资格缺口仍待处理
002124,2022,天邦食品股份有限公司,深圳证券交易所,天邦食品,2007-04-03,天邦食品股份有限公司,2020,monitor_pass,https://www.moa.gov.cn/nybgb/2020/202012/202102/P020210201587636946140.pdf,https://www.szse.cn/api/report/index/companyGeneralization?secCode=002124,https://www.szse.cn/api/report/index/companyGeneralization?secCode=002124,当前交易所法人全称与官方名单标准化后完全一致,1,1,身份关系已核实候选；ST、退市时点及资格缺口仍待处理
002124,2023,天邦食品股份有限公司,深圳证券交易所,天邦食品,2007-04-03,天邦食品股份有限公司,2023,monitor_pass,https://www.moa.gov.cn/nybgb/2023/202306/202307/P020230719348171286633.pdf,https://www.szse.cn/api/report/index/companyGeneralization?secCode=002124,https://www.szse.cn/api/report/index/companyGeneralization?secCode=002124,当前交易所法人全称与官方名单标准化后完全一致,1,1,身份关系已核实候选；ST、退市时点及资格缺口仍待处理
002166,2014,桂林莱茵生物科技股份有限公司,深圳证券交易所,莱茵生物,2007-09-13,桂林莱茵生物科技股份有限公司,2014,monitor_pass,https://www.moa.gov.cn/nybgb/2014/shi/201712/P020180104776701107212.pdf,https://www.szse.cn/api/report/index/companyGeneralization?secCode=002166,https://www.szse.cn/api/report/index/companyGeneralization?secCode=002166,当前交易所法人全称与官方名单标准化后完全一致,1,1,身份关系已核实候选；ST、退市时点及资格缺口仍待处理
002166,2015,桂林莱茵生物科技股份有限公司,深圳证券交易所,莱茵生物,2007-09-13,桂林莱茵生物科技股份有限公司,2014,monitor_pass,https://www.moa.gov.cn/nybgb/2014/shi/201712/P020180104776701107212.pdf,https://www.szse.cn/api/report/index/companyGeneralization?secCode=002166,https://www.szse.cn/api/report/index/companyGeneralization?secCode=002166,当前交易所法人全称与官方名单标准化后完全一致,1,1,身份关系已核实候选；ST、退市时点及资格缺口仍待处理
002166,2018,桂林莱茵生物科技股份有限公司,深圳证券交易所,莱茵生物,2007-09-13,桂林莱茵生物科技股份有限公司,2018,monitor_pass,https://xccys.moa.gov.cn/gzdt/201812/t20181205_6314544.htm,https://www.szse.cn/api/report/index/companyGeneralization?secCode=002166,https://www.szse.cn/api/report/index/companyGeneralization?secCode=002166,当前交易所法人全称与官方名单标准化后完全一致,1,1,身份关系已核实候选；ST、退市时点及资格缺口仍待处理
002166,2019,桂林莱茵生物科技股份有限公司,深圳证券交易所,莱茵生物,2007-09-13,桂林莱茵生物科技股份有限公司,2018,monitor_pass,https://xccys.moa.gov.cn/gzdt/201812/t20181205_6314544.htm,https://www.szse.cn/api/report/index/companyGeneralization?secCode=002166,https://www.szse.cn/api/report/index/companyGeneralization?secCode=002166,当前交易所法人全称与官方名单标准化后完全一致,1,1,身份关系已核实候选；ST、退市时点及资格缺口仍待处理
002166,2020,桂林莱茵生物科技股份有限公司,深圳证券交易所,莱茵生物,2007-09-13,桂林莱茵生物科技股份有限公司,2020,monitor_pass,https://www.moa.gov.cn/nybgb/2020/202012/202102/P020210201587636946140.pdf,https://www.szse.cn/api/report/index/companyGeneralization?secCode=002166,https://www.szse.cn/api/report/index/companyGeneralization?secCode=002166,当前交易所法人全称与官方名单标准化后完全一致,1,1,身份关系已核实候选；ST、退市时点及资格缺口仍待处理
002166,2021,桂林莱茵生物科技股份有限公司,深圳证券交易所,莱茵生物,2007-09-13,桂林莱茵生物科技股份有限公司,2020,monitor_pass,https://www.moa.gov.cn/nybgb/2020/202012/202102/P020210201587636946140.pdf,https://www.szse.cn/api/report/index/companyGeneralization?secCode=002166,https://www.szse.cn/api/report/index/companyGeneralization?secCode=002166,当前交易所法人全称与官方名单标准化后完全一致,1,1,身份关系已核实候选；ST、退市时点及资格缺口仍待处理
002166,2022,桂林莱茵生物科技股份有限公司,深圳证券交易所,莱茵生物,2007-09-13,桂林莱茵生物科技股份有限公司,2020,monitor_pass,https://www.moa.gov.cn/nybgb/2020/202012/202102/P020210201587636946140.pdf,https://www.szse.cn/api/report/index/companyGeneralization?secCode=002166,https://www.szse.cn/api/report/index/companyGeneralization?secCode=002166,当前交易所法人全称与官方名单标准化后完全一致,1,1,身份关系已核实候选；ST、退市时点及资格缺口仍待处理
002166,2023,桂林莱茵生物科技股份有限公司,深圳证券交易所,莱茵生物,2007-09-13,桂林莱茵生物科技股份有限公司,2023,monitor_pass,https://www.moa.gov.cn/nybgb/2023/202306/202307/P020230719348171286633.pdf,https://www.szse.cn/api/report/index/companyGeneralization?secCode=002166,https://www.szse.cn/api/report/index/companyGeneralization?secCode=002166,当前交易所法人全称与官方名单标准化后完全一致,1,1,身份关系已核实候选；ST、退市时点及资格缺口仍待处理
002216,2014,三全食品股份有限公司,深圳证券交易所,三全食品,2008-02-20,三全食品股份有限公司,2014,monitor_pass,https://www.moa.gov.cn/nybgb/2014/shi/201712/P020180104776701107212.pdf,https://www.szse.cn/api/report/index/companyGeneralization?secCode=002216,https://www.szse.cn/api/report/index/companyGeneralization?secCode=002216,当前交易所法人全称与官方名单标准化后完全一致,1,1,身份关系已核实候选；ST、退市时点及资格缺口仍待处理
002216,2015,三全食品股份有限公司,深圳证券交易所,三全食品,2008-02-20,三全食品股份有限公司,2014,monitor_pass,https://www.moa.gov.cn/nybgb/2014/shi/201712/P020180104776701107212.pdf,https://www.szse.cn/api/report/index/companyGeneralization?secCode=002216,https://www.szse.cn/api/report/index/companyGeneralization?secCode=002216,当前交易所法人全称与官方名单标准化后完全一致,1,1,身份关系已核实候选；ST、退市时点及资格缺口仍待处理
002216,2018,三全食品股份有限公司,深圳证券交易所,三全食品,2008-02-20,三全食品股份有限公司,2018,monitor_pass,https://xccys.moa.gov.cn/gzdt/201812/t20181205_6314544.htm,https://www.szse.cn/api/report/index/companyGeneralization?secCode=002216,https://www.szse.cn/api/report/index/companyGeneralization?secCode=002216,当前交易所法人全称与官方名单标准化后完全一致,1,1,身份关系已核实候选；ST、退市时点及资格缺口仍待处理
002216,2019,三全食品股份有限公司,深圳证券交易所,三全食品,2008-02-20,三全食品股份有限公司,2018,monitor_pass,https://xccys.moa.gov.cn/gzdt/201812/t20181205_6314544.htm,https://www.szse.cn/api/report/index/companyGeneralization?secCode=002216,https://www.szse.cn/api/report/index/companyGeneralization?secCode=002216,当前交易所法人全称与官方名单标准化后完全一致,1,1,身份关系已核实候选；ST、退市时点及资格缺口仍待处理
002216,2020,三全食品股份有限公司,深圳证券交易所,三全食品,2008-02-20,三全食品股份有限公司,2020,monitor_pass,https://www.moa.gov.cn/nybgb/2020/202012/202102/P020210201587636946140.pdf,https://www.szse.cn/api/report/index/companyGeneralization?secCode=002216,https://www.szse.cn/api/report/index/companyGeneralization?secCode=002216,当前交易所法人全称与官方名单标准化后完全一致,1,1,身份关系已核实候选；ST、退市时点及资格缺口仍待处理
002216,2021,三全食品股份有限公司,深圳证券交易所,三全食品,2008-02-20,三全食品股份有限公司,2020,monitor_pass,https://www.moa.gov.cn/nybgb/2020/202012/202102/P020210201587636946140.pdf,https://www.szse.cn/api/report/index/companyGeneralization?secCode=002216,https://www.szse.cn/api/report/index/companyGeneralization?secCode=002216,当前交易所法人全称与官方名单标准化后完全一致,1,1,身份关系已核实候选；ST、退市时点及资格缺口仍待处理
002216,2022,三全食品股份有限公司,深圳证券交易所,三全食品,2008-02-20,三全食品股份有限公司,2020,monitor_pass,https://www.moa.gov.cn/nybgb/2020/202012/202102/P020210201587636946140.pdf,https://www.szse.cn/api/report/index/companyGeneralization?secCode=002216,https://www.szse.cn/api/report/index/companyGeneralization?secCode=002216,当前交易所法人全称与官方名单标准化后完全一致,1,1,身份关系已核实候选；ST、退市时点及资格缺口仍待处理
002216,2023,三全食品股份有限公司,深圳证券交易所,三全食品,2008-02-20,三全食品股份有限公司,2023,monitor_pass,https://www.moa.gov.cn/nybgb/2023/202306/202307/P020230719348171286633.pdf,https://www.szse.cn/api/report/index/companyGeneralization?secCode=002216,https://www.szse.cn/api/report/index/companyGeneralization?secCode=002216,当前交易所法人全称与官方名单标准化后完全一致,1,1,身份关系已核实候选；ST、退市时点及资格缺口仍待处理
002234,2014,山东民和牧业股份有限公司,深圳证券交易所,民和股份,2008-05-16,山东民和牧业股份有限公司,2014,monitor_pass,https://www.moa.gov.cn/nybgb/2014/shi/201712/P020180104776701107212.pdf,https://www.szse.cn/api/report/index/companyGeneralization?secCode=002234,https://www.szse.cn/api/report/index/companyGeneralization?secCode=002234,当前交易所法人全称与官方名单标准化后完全一致,1,1,身份关系已核实候选；ST、退市时点及资格缺口仍待处理
002234,2015,山东民和牧业股份有限公司,深圳证券交易所,民和股份,2008-05-16,山东民和牧业股份有限公司,2014,monitor_pass,https://www.moa.gov.cn/nybgb/2014/shi/201712/P020180104776701107212.pdf,https://www.szse.cn/api/report/index/companyGeneralization?secCode=002234,https://www.szse.cn/api/report/index/companyGeneralization?secCode=002234,当前交易所法人全称与官方名单标准化后完全一致,1,1,身份关系已核实候选；ST、退市时点及资格缺口仍待处理
002234,2018,山东民和牧业股份有限公司,深圳证券交易所,民和股份,2008-05-16,山东民和牧业股份有限公司,2018,monitor_pass,https://xccys.moa.gov.cn/gzdt/201812/t20181205_6314544.htm,https://www.szse.cn/api/report/index/companyGeneralization?secCode=002234,https://www.szse.cn/api/report/index/companyGeneralization?secCode=002234,当前交易所法人全称与官方名单标准化后完全一致,1,1,身份关系已核实候选；ST、退市时点及资格缺口仍待处理
002234,2019,山东民和牧业股份有限公司,深圳证券交易所,民和股份,2008-05-16,山东民和牧业股份有限公司,2018,monitor_pass,https://xccys.moa.gov.cn/gzdt/201812/t20181205_6314544.htm,https://www.szse.cn/api/report/index/companyGeneralization?secCode=002234,https://www.szse.cn/api/report/index/companyGeneralization?secCode=002234,当前交易所法人全称与官方名单标准化后完全一致,1,1,身份关系已核实候选；ST、退市时点及资格缺口仍待处理
002234,2020,山东民和牧业股份有限公司,深圳证券交易所,民和股份,2008-05-16,山东民和牧业股份有限公司,2020,monitor_pass,https://www.moa.gov.cn/nybgb/2020/202012/202102/P020210201587636946140.pdf,https://www.szse.cn/api/report/index/companyGeneralization?secCode=002234,https://www.szse.cn/api/report/index/companyGeneralization?secCode=002234,当前交易所法人全称与官方名单标准化后完全一致,1,1,身份关系已核实候选；ST、退市时点及资格缺口仍待处理
002234,2021,山东民和牧业股份有限公司,深圳证券交易所,民和股份,2008-05-16,山东民和牧业股份有限公司,2020,monitor_pass,https://www.moa.gov.cn/nybgb/2020/202012/202102/P020210201587636946140.pdf,https://www.szse.cn/api/report/index/companyGeneralization?secCode=002234,https://www.szse.cn/api/report/index/companyGeneralization?secCode=002234,当前交易所法人全称与官方名单标准化后完全一致,1,1,身份关系已核实候选；ST、退市时点及资格缺口仍待处理
002234,2022,山东民和牧业股份有限公司,深圳证券交易所,民和股份,2008-05-16,山东民和牧业股份有限公司,2020,monitor_pass,https://www.moa.gov.cn/nybgb/2020/202012/202102/P020210201587636946140.pdf,https://www.szse.cn/api/report/index/companyGeneralization?secCode=002234,https://www.szse.cn/api/report/index/companyGeneralization?secCode=002234,当前交易所法人全称与官方名单标准化后完全一致,1,1,身份关系已核实候选；ST、退市时点及资格缺口仍待处理
002234,2023,山东民和牧业股份有限公司,深圳证券交易所,民和股份,2008-05-16,山东民和牧业股份有限公司,2023,monitor_pass,https://www.moa.gov.cn/nybgb/2023/202306/202307/P020230719348171286633.pdf,https://www.szse.cn/api/report/index/companyGeneralization?secCode=002234,https://www.szse.cn/api/report/index/companyGeneralization?secCode=002234,当前交易所法人全称与官方名单标准化后完全一致,1,1,身份关系已核实候选；ST、退市时点及资格缺口仍待处理
002286,2018,保龄宝生物股份有限公司,深圳证券交易所,保龄宝,2009-08-28,保龄宝生物股份有限公司,2018,monitor_pass,https://xccys.moa.gov.cn/gzdt/201812/t20181205_6314544.htm,https://www.szse.cn/api/report/index/companyGeneralization?secCode=002286,https://www.szse.cn/api/report/index/companyGeneralization?secCode=002286,当前交易所法人全称与官方名单标准化后完全一致,1,1,身份关系已核实候选；ST、退市时点及资格缺口仍待处理
002286,2019,保龄宝生物股份有限公司,深圳证券交易所,保龄宝,2009-08-28,保龄宝生物股份有限公司,2018,monitor_pass,https://xccys.moa.gov.cn/gzdt/201812/t20181205_6314544.htm,https://www.szse.cn/api/report/index/companyGeneralization?secCode=002286,https://www.szse.cn/api/report/index/companyGeneralization?secCode=002286,当前交易所法人全称与官方名单标准化后完全一致,1,1,身份关系已核实候选；ST、退市时点及资格缺口仍待处理
002286,2020,保龄宝生物股份有限公司,深圳证券交易所,保龄宝,2009-08-28,保龄宝生物股份有限公司,2020,monitor_pass,https://www.moa.gov.cn/nybgb/2020/202012/202102/P020210201587636946140.pdf,https://www.szse.cn/api/report/index/companyGeneralization?secCode=002286,https://www.szse.cn/api/report/index/companyGeneralization?secCode=002286,当前交易所法人全称与官方名单标准化后完全一致,1,1,身份关系已核实候选；ST、退市时点及资格缺口仍待处理
002286,2021,保龄宝生物股份有限公司,深圳证券交易所,保龄宝,2009-08-28,保龄宝生物股份有限公司,2020,monitor_pass,https://www.moa.gov.cn/nybgb/2020/202012/202102/P020210201587636946140.pdf,https://www.szse.cn/api/report/index/companyGeneralization?secCode=002286,https://www.szse.cn/api/report/index/companyGeneralization?secCode=002286,当前交易所法人全称与官方名单标准化后完全一致,1,1,身份关系已核实候选；ST、退市时点及资格缺口仍待处理
002286,2022,保龄宝生物股份有限公司,深圳证券交易所,保龄宝,2009-08-28,保龄宝生物股份有限公司,2020,monitor_pass,https://www.moa.gov.cn/nybgb/2020/202012/202102/P020210201587636946140.pdf,https://www.szse.cn/api/report/index/companyGeneralization?secCode=002286,https://www.szse.cn/api/report/index/companyGeneralization?secCode=002286,当前交易所法人全称与官方名单标准化后完全一致,1,1,身份关系已核实候选；ST、退市时点及资格缺口仍待处理
002286,2023,保龄宝生物股份有限公司,深圳证券交易所,保龄宝,2009-08-28,保龄宝生物股份有限公司,2023,monitor_pass,https://www.moa.gov.cn/nybgb/2023/202306/202307/P020230719348171286633.pdf,https://www.szse.cn/api/report/index/companyGeneralization?secCode=002286,https://www.szse.cn/api/report/index/companyGeneralization?secCode=002286,当前交易所法人全称与官方名单标准化后完全一致,1,1,身份关系已核实候选；ST、退市时点及资格缺口仍待处理
002311,2014,广东海大集团股份有限公司,深圳证券交易所,海大集团,2009-11-27,广东海大集团股份有限公司,2014,monitor_pass,https://www.moa.gov.cn/nybgb/2014/shi/201712/P020180104776701107212.pdf,https://www.szse.cn/api/report/index/companyGeneralization?secCode=002311,https://www.szse.cn/api/report/index/companyGeneralization?secCode=002311,当前交易所法人全称与官方名单标准化后完全一致,1,1,身份关系已核实候选；ST、退市时点及资格缺口仍待处理
002311,2015,广东海大集团股份有限公司,深圳证券交易所,海大集团,2009-11-27,广东海大集团股份有限公司,2014,monitor_pass,https://www.moa.gov.cn/nybgb/2014/shi/201712/P020180104776701107212.pdf,https://www.szse.cn/api/report/index/companyGeneralization?secCode=002311,https://www.szse.cn/api/report/index/companyGeneralization?secCode=002311,当前交易所法人全称与官方名单标准化后完全一致,1,1,身份关系已核实候选；ST、退市时点及资格缺口仍待处理
002311,2018,广东海大集团股份有限公司,深圳证券交易所,海大集团,2009-11-27,广东海大集团股份有限公司,2018,monitor_pass,https://xccys.moa.gov.cn/gzdt/201812/t20181205_6314544.htm,https://www.szse.cn/api/report/index/companyGeneralization?secCode=002311,https://www.szse.cn/api/report/index/companyGeneralization?secCode=002311,当前交易所法人全称与官方名单标准化后完全一致,1,1,身份关系已核实候选；ST、退市时点及资格缺口仍待处理
002311,2019,广东海大集团股份有限公司,深圳证券交易所,海大集团,2009-11-27,广东海大集团股份有限公司,2018,monitor_pass,https://xccys.moa.gov.cn/gzdt/201812/t20181205_6314544.htm,https://www.szse.cn/api/report/index/companyGeneralization?secCode=002311,https://www.szse.cn/api/report/index/companyGeneralization?secCode=002311,当前交易所法人全称与官方名单标准化后完全一致,1,1,身份关系已核实候选；ST、退市时点及资格缺口仍待处理
002311,2020,广东海大集团股份有限公司,深圳证券交易所,海大集团,2009-11-27,广东海大集团股份有限公司,2020,monitor_pass,https://www.moa.gov.cn/nybgb/2020/202012/202102/P020210201587636946140.pdf,https://www.szse.cn/api/report/index/companyGeneralization?secCode=002311,https://www.szse.cn/api/report/index/companyGeneralization?secCode=002311,当前交易所法人全称与官方名单标准化后完全一致,1,1,身份关系已核实候选；ST、退市时点及资格缺口仍待处理
002311,2021,广东海大集团股份有限公司,深圳证券交易所,海大集团,2009-11-27,广东海大集团股份有限公司,2020,monitor_pass,https://www.moa.gov.cn/nybgb/2020/202012/202102/P020210201587636946140.pdf,https://www.szse.cn/api/report/index/companyGeneralization?secCode=002311,https://www.szse.cn/api/report/index/companyGeneralization?secCode=002311,当前交易所法人全称与官方名单标准化后完全一致,1,1,身份关系已核实候选；ST、退市时点及资格缺口仍待处理
002311,2022,广东海大集团股份有限公司,深圳证券交易所,海大集团,2009-11-27,广东海大集团股份有限公司,2020,monitor_pass,https://www.moa.gov.cn/nybgb/2020/202012/202102/P020210201587636946140.pdf,https://www.szse.cn/api/report/index/companyGeneralization?secCode=002311,https://www.szse.cn/api/report/index/companyGeneralization?secCode=002311,当前交易所法人全称与官方名单标准化后完全一致,1,1,身份关系已核实候选；ST、退市时点及资格缺口仍待处理
002311,2023,广东海大集团股份有限公司,深圳证券交易所,海大集团,2009-11-27,广东海大集团股份有限公司,2023,monitor_pass,https://www.moa.gov.cn/nybgb/2023/202306/202307/P020230719348171286633.pdf,https://www.szse.cn/api/report/index/companyGeneralization?secCode=002311,https://www.szse.cn/api/report/index/companyGeneralization?secCode=002311,当前交易所法人全称与官方名单标准化后完全一致,1,1,身份关系已核实候选；ST、退市时点及资格缺口仍待处理
002321,2014,河南华英农业发展股份有限公司,深圳证券交易所,华英农业,2009-12-16,河南华英农业发展股份有限公司,2014,monitor_pass,https://www.moa.gov.cn/nybgb/2014/shi/201712/P020180104776701107212.pdf,https://www.szse.cn/api/report/index/companyGeneralization?secCode=002321,https://www.szse.cn/api/report/index/companyGeneralization?secCode=002321,当前交易所法人全称与官方名单标准化后完全一致,1,1,身份关系已核实候选；ST、退市时点及资格缺口仍待处理
002321,2015,河南华英农业发展股份有限公司,深圳证券交易所,华英农业,2009-12-16,河南华英农业发展股份有限公司,2014,monitor_pass,https://www.moa.gov.cn/nybgb/2014/shi/201712/P020180104776701107212.pdf,https://www.szse.cn/api/report/index/companyGeneralization?secCode=002321,https://www.szse.cn/api/report/index/companyGeneralization?secCode=002321,当前交易所法人全称与官方名单标准化后完全一致,1,1,身份关系已核实候选；ST、退市时点及资格缺口仍待处理
002321,2018,河南华英农业发展股份有限公司,深圳证券交易所,华英农业,2009-12-16,河南华英农业发展股份有限公司,2018,monitor_pass,https://xccys.moa.gov.cn/gzdt/201812/t20181205_6314544.htm,https://www.szse.cn/api/report/index/companyGeneralization?secCode=002321,https://www.szse.cn/api/report/index/companyGeneralization?secCode=002321,当前交易所法人全称与官方名单标准化后完全一致,1,1,身份关系已核实候选；ST、退市时点及资格缺口仍待处理
002321,2019,河南华英农业发展股份有限公司,深圳证券交易所,华英农业,2009-12-16,河南华英农业发展股份有限公司,2018,monitor_pass,https://xccys.moa.gov.cn/gzdt/201812/t20181205_6314544.htm,https://www.szse.cn/api/report/index/companyGeneralization?secCode=002321,https://www.szse.cn/api/report/index/companyGeneralization?secCode=002321,当前交易所法人全称与官方名单标准化后完全一致,1,1,身份关系已核实候选；ST、退市时点及资格缺口仍待处理
002321,2020,河南华英农业发展股份有限公司,深圳证券交易所,华英农业,2009-12-16,河南华英农业发展股份有限公司,2020,monitor_pass,https://www.moa.gov.cn/nybgb/2020/202012/202102/P020210201587636946140.pdf,https://www.szse.cn/api/report/index/companyGeneralization?secCode=002321,https://www.szse.cn/api/report/index/companyGeneralization?secCode=002321,当前交易所法人全称与官方名单标准化后完全一致,1,1,身份关系已核实候选；ST、退市时点及资格缺口仍待处理
002321,2021,河南华英农业发展股份有限公司,深圳证券交易所,华英农业,2009-12-16,河南华英农业发展股份有限公司,2020,monitor_pass,https://www.moa.gov.cn/nybgb/2020/202012/202102/P020210201587636946140.pdf,https://www.szse.cn/api/report/index/companyGeneralization?secCode=002321,https://www.szse.cn/api/report/index/companyGeneralization?secCode=002321,当前交易所法人全称与官方名单标准化后完全一致,1,1,身份关系已核实候选；ST、退市时点及资格缺口仍待处理
002321,2022,河南华英农业发展股份有限公司,深圳证券交易所,华英农业,2009-12-16,河南华英农业发展股份有限公司,2020,monitor_pass,https://www.moa.gov.cn/nybgb/2020/202012/202102/P020210201587636946140.pdf,https://www.szse.cn/api/report/index/companyGeneralization?secCode=002321,https://www.szse.cn/api/report/index/companyGeneralization?secCode=002321,当前交易所法人全称与官方名单标准化后完全一致,1,1,身份关系已核实候选；ST、退市时点及资格缺口仍待处理
002321,2023,河南华英农业发展股份有限公司,深圳证券交易所,华英农业,2009-12-16,河南华英农业发展股份有限公司,2023,monitor_pass,https://www.moa.gov.cn/nybgb/2023/202306/202307/P020230719348171286633.pdf,https://www.szse.cn/api/report/index/companyGeneralization?secCode=002321,https://www.szse.cn/api/report/index/companyGeneralization?secCode=002321,当前交易所法人全称与官方名单标准化后完全一致,1,1,身份关系已核实候选；ST、退市时点及资格缺口仍待处理
002329,2018,皇氏集团股份有限公司,深圳证券交易所,皇氏集团,2010-01-06,皇氏集团股份有限公司,2018,monitor_pass,https://xccys.moa.gov.cn/gzdt/201812/t20181205_6314544.htm,https://www.szse.cn/api/report/index/companyGeneralization?secCode=002329,https://www.szse.cn/api/report/index/companyGeneralization?secCode=002329,当前交易所法人全称与官方名单标准化后完全一致,1,1,身份关系已核实候选；ST、退市时点及资格缺口仍待处理
002329,2019,皇氏集团股份有限公司,深圳证券交易所,皇氏集团,2010-01-06,皇氏集团股份有限公司,2018,monitor_pass,https://xccys.moa.gov.cn/gzdt/201812/t20181205_6314544.htm,https://www.szse.cn/api/report/index/companyGeneralization?secCode=002329,https://www.szse.cn/api/report/index/companyGeneralization?secCode=002329,当前交易所法人全称与官方名单标准化后完全一致,1,1,身份关系已核实候选；ST、退市时点及资格缺口仍待处理
002329,2020,皇氏集团股份有限公司,深圳证券交易所,皇氏集团,2010-01-06,皇氏集团股份有限公司,2020,monitor_pass,https://www.moa.gov.cn/nybgb/2020/202012/202102/P020210201587636946140.pdf,https://www.szse.cn/api/report/index/companyGeneralization?secCode=002329,https://www.szse.cn/api/report/index/companyGeneralization?secCode=002329,当前交易所法人全称与官方名单标准化后完全一致,1,1,身份关系已核实候选；ST、退市时点及资格缺口仍待处理
002329,2021,皇氏集团股份有限公司,深圳证券交易所,皇氏集团,2010-01-06,皇氏集团股份有限公司,2020,monitor_pass,https://www.moa.gov.cn/nybgb/2020/202012/202102/P020210201587636946140.pdf,https://www.szse.cn/api/report/index/companyGeneralization?secCode=002329,https://www.szse.cn/api/report/index/companyGeneralization?secCode=002329,当前交易所法人全称与官方名单标准化后完全一致,1,1,身份关系已核实候选；ST、退市时点及资格缺口仍待处理
002329,2022,皇氏集团股份有限公司,深圳证券交易所,皇氏集团,2010-01-06,皇氏集团股份有限公司,2020,monitor_pass,https://www.moa.gov.cn/nybgb/2020/202012/202102/P020210201587636946140.pdf,https://www.szse.cn/api/report/index/companyGeneralization?secCode=002329,https://www.szse.cn/api/report/index/companyGeneralization?secCode=002329,当前交易所法人全称与官方名单标准化后完全一致,1,1,身份关系已核实候选；ST、退市时点及资格缺口仍待处理
002329,2023,皇氏集团股份有限公司,深圳证券交易所,皇氏集团,2010-01-06,皇氏集团股份有限公司,2023,monitor_pass,https://www.moa.gov.cn/nybgb/2023/202306/202307/P020230719348171286633.pdf,https://www.szse.cn/api/report/index/companyGeneralization?secCode=002329,https://www.szse.cn/api/report/index/companyGeneralization?secCode=002329,当前交易所法人全称与官方名单标准化后完全一致,1,1,身份关系已核实候选；ST、退市时点及资格缺口仍待处理
002385,2014,北京大北农科技集团股份有限公司,深圳证券交易所,大北农,2010-04-09,北京大北农科技集团股份有限公司,2014,monitor_pass,https://www.moa.gov.cn/nybgb/2014/shi/201712/P020180104776701107212.pdf,https://www.szse.cn/api/report/index/companyGeneralization?secCode=002385,https://www.szse.cn/api/report/index/companyGeneralization?secCode=002385,当前交易所法人全称与官方名单标准化后完全一致,1,1,身份关系已核实候选；ST、退市时点及资格缺口仍待处理
002385,2015,北京大北农科技集团股份有限公司,深圳证券交易所,大北农,2010-04-09,北京大北农科技集团股份有限公司,2014,monitor_pass,https://www.moa.gov.cn/nybgb/2014/shi/201712/P020180104776701107212.pdf,https://www.szse.cn/api/report/index/companyGeneralization?secCode=002385,https://www.szse.cn/api/report/index/companyGeneralization?secCode=002385,当前交易所法人全称与官方名单标准化后完全一致,1,1,身份关系已核实候选；ST、退市时点及资格缺口仍待处理
002385,2018,北京大北农科技集团股份有限公司,深圳证券交易所,大北农,2010-04-09,北京大北农科技集团股份有限公司,2018,monitor_pass,https://xccys.moa.gov.cn/gzdt/201812/t20181205_6314544.htm,https://www.szse.cn/api/report/index/companyGeneralization?secCode=002385,https://www.szse.cn/api/report/index/companyGeneralization?secCode=002385,当前交易所法人全称与官方名单标准化后完全一致,1,1,身份关系已核实候选；ST、退市时点及资格缺口仍待处理
002385,2019,北京大北农科技集团股份有限公司,深圳证券交易所,大北农,2010-04-09,北京大北农科技集团股份有限公司,2018,monitor_pass,https://xccys.moa.gov.cn/gzdt/201812/t20181205_6314544.htm,https://www.szse.cn/api/report/index/companyGeneralization?secCode=002385,https://www.szse.cn/api/report/index/companyGeneralization?secCode=002385,当前交易所法人全称与官方名单标准化后完全一致,1,1,身份关系已核实候选；ST、退市时点及资格缺口仍待处理
002385,2020,北京大北农科技集团股份有限公司,深圳证券交易所,大北农,2010-04-09,北京大北农科技集团股份有限公司,2020,monitor_pass,https://www.moa.gov.cn/nybgb/2020/202012/202102/P020210201587636946140.pdf,https://www.szse.cn/api/report/index/companyGeneralization?secCode=002385,https://www.szse.cn/api/report/index/companyGeneralization?secCode=002385,当前交易所法人全称与官方名单标准化后完全一致,1,1,身份关系已核实候选；ST、退市时点及资格缺口仍待处理
002385,2021,北京大北农科技集团股份有限公司,深圳证券交易所,大北农,2010-04-09,北京大北农科技集团股份有限公司,2020,monitor_pass,https://www.moa.gov.cn/nybgb/2020/202012/202102/P020210201587636946140.pdf,https://www.szse.cn/api/report/index/companyGeneralization?secCode=002385,https://www.szse.cn/api/report/index/companyGeneralization?secCode=002385,当前交易所法人全称与官方名单标准化后完全一致,1,1,身份关系已核实候选；ST、退市时点及资格缺口仍待处理
002385,2022,北京大北农科技集团股份有限公司,深圳证券交易所,大北农,2010-04-09,北京大北农科技集团股份有限公司,2020,monitor_pass,https://www.moa.gov.cn/nybgb/2020/202012/202102/P020210201587636946140.pdf,https://www.szse.cn/api/report/index/companyGeneralization?secCode=002385,https://www.szse.cn/api/report/index/companyGeneralization?secCode=002385,当前交易所法人全称与官方名单标准化后完全一致,1,1,身份关系已核实候选；ST、退市时点及资格缺口仍待处理
002385,2023,北京大北农科技集团股份有限公司,深圳证券交易所,大北农,2010-04-09,北京大北农科技集团股份有限公司,2023,monitor_pass,https://www.moa.gov.cn/nybgb/2023/202306/202307/P020230719348171286633.pdf,https://www.szse.cn/api/report/index/companyGeneralization?secCode=002385,https://www.szse.cn/api/report/index/companyGeneralization?secCode=002385,当前交易所法人全称与官方名单标准化后完全一致,1,1,身份关系已核实候选；ST、退市时点及资格缺口仍待处理
002390,2014,贵州信邦制药股份有限公司,深圳证券交易所,信邦制药,2010-04-16,贵州信邦制药股份有限公司,2014,monitor_pass,https://www.moa.gov.cn/nybgb/2014/shi/201712/P020180104776701107212.pdf,https://www.szse.cn/api/report/index/companyGeneralization?secCode=002390,https://www.szse.cn/api/report/index/companyGeneralization?secCode=002390,当前交易所法人全称与官方名单标准化后完全一致,1,1,身份关系已核实候选；ST、退市时点及资格缺口仍待处理
002390,2015,贵州信邦制药股份有限公司,深圳证券交易所,信邦制药,2010-04-16,贵州信邦制药股份有限公司,2014,monitor_pass,https://www.moa.gov.cn/nybgb/2014/shi/201712/P020180104776701107212.pdf,https://www.szse.cn/api/report/index/companyGeneralization?secCode=002390,https://www.szse.cn/api/report/index/companyGeneralization?secCode=002390,当前交易所法人全称与官方名单标准化后完全一致,1,1,身份关系已核实候选；ST、退市时点及资格缺口仍待处理
002390,2018,贵州信邦制药股份有限公司,深圳证券交易所,信邦制药,2010-04-16,贵州信邦制药股份有限公司,2018,monitor_pass,https://xccys.moa.gov.cn/gzdt/201812/t20181205_6314544.htm,https://www.szse.cn/api/report/index/companyGeneralization?secCode=002390,https://www.szse.cn/api/report/index/companyGeneralization?secCode=002390,当前交易所法人全称与官方名单标准化后完全一致,1,1,身份关系已核实候选；ST、退市时点及资格缺口仍待处理
002390,2019,贵州信邦制药股份有限公司,深圳证券交易所,信邦制药,2010-04-16,贵州信邦制药股份有限公司,2018,monitor_pass,https://xccys.moa.gov.cn/gzdt/201812/t20181205_6314544.htm,https://www.szse.cn/api/report/index/companyGeneralization?secCode=002390,https://www.szse.cn/api/report/index/companyGeneralization?secCode=002390,当前交易所法人全称与官方名单标准化后完全一致,1,1,身份关系已核实候选；ST、退市时点及资格缺口仍待处理
002390,2020,贵州信邦制药股份有限公司,深圳证券交易所,信邦制药,2010-04-16,贵州信邦制药股份有限公司,2020,monitor_pass,https://www.moa.gov.cn/nybgb/2020/202012/202102/P020210201587636946140.pdf,https://www.szse.cn/api/report/index/companyGeneralization?secCode=002390,https://www.szse.cn/api/report/index/companyGeneralization?secCode=002390,当前交易所法人全称与官方名单标准化后完全一致,1,1,身份关系已核实候选；ST、退市时点及资格缺口仍待处理
002390,2021,贵州信邦制药股份有限公司,深圳证券交易所,信邦制药,2010-04-16,贵州信邦制药股份有限公司,2020,monitor_pass,https://www.moa.gov.cn/nybgb/2020/202012/202102/P020210201587636946140.pdf,https://www.szse.cn/api/report/index/companyGeneralization?secCode=002390,https://www.szse.cn/api/report/index/companyGeneralization?secCode=002390,当前交易所法人全称与官方名单标准化后完全一致,1,1,身份关系已核实候选；ST、退市时点及资格缺口仍待处理
002390,2022,贵州信邦制药股份有限公司,深圳证券交易所,信邦制药,2010-04-16,贵州信邦制药股份有限公司,2020,monitor_pass,https://www.moa.gov.cn/nybgb/2020/202012/202102/P020210201587636946140.pdf,https://www.szse.cn/api/report/index/companyGeneralization?secCode=002390,https://www.szse.cn/api/report/index/companyGeneralization?secCode=002390,当前交易所法人全称与官方名单标准化后完全一致,1,1,身份关系已核实候选；ST、退市时点及资格缺口仍待处理
002390,2023,贵州信邦制药股份有限公司,深圳证券交易所,信邦制药,2010-04-16,贵州信邦制药股份有限公司,2023,monitor_pass,https://www.moa.gov.cn/nybgb/2023/202306/202307/P020230719348171286633.pdf,https://www.szse.cn/api/report/index/companyGeneralization?secCode=002390,https://www.szse.cn/api/report/index/companyGeneralization?secCode=002390,当前交易所法人全称与官方名单标准化后完全一致,1,1,身份关系已核实候选；ST、退市时点及资格缺口仍待处理
002424,2014,贵州百灵企业集团制药股份有限公司,深圳证券交易所,ST百灵,2010-06-03,贵州百灵企业集团制药股份有限公司,2014,monitor_pass,https://www.moa.gov.cn/nybgb/2014/shi/201712/P020180104776701107212.pdf,https://www.szse.cn/api/report/index/companyGeneralization?secCode=002424,https://www.szse.cn/api/report/index/companyGeneralization?secCode=002424,当前交易所法人全称与官方名单标准化后完全一致,1,1,身份关系已核实候选；ST、退市时点及资格缺口仍待处理
002424,2015,贵州百灵企业集团制药股份有限公司,深圳证券交易所,ST百灵,2010-06-03,贵州百灵企业集团制药股份有限公司,2014,monitor_pass,https://www.moa.gov.cn/nybgb/2014/shi/201712/P020180104776701107212.pdf,https://www.szse.cn/api/report/index/companyGeneralization?secCode=002424,https://www.szse.cn/api/report/index/companyGeneralization?secCode=002424,当前交易所法人全称与官方名单标准化后完全一致,1,1,身份关系已核实候选；ST、退市时点及资格缺口仍待处理
002424,2018,贵州百灵企业集团制药股份有限公司,深圳证券交易所,ST百灵,2010-06-03,贵州百灵企业集团制药股份有限公司,2018,monitor_pass,https://xccys.moa.gov.cn/gzdt/201812/t20181205_6314544.htm,https://www.szse.cn/api/report/index/companyGeneralization?secCode=002424,https://www.szse.cn/api/report/index/companyGeneralization?secCode=002424,当前交易所法人全称与官方名单标准化后完全一致,1,1,身份关系已核实候选；ST、退市时点及资格缺口仍待处理
002424,2019,贵州百灵企业集团制药股份有限公司,深圳证券交易所,ST百灵,2010-06-03,贵州百灵企业集团制药股份有限公司,2018,monitor_pass,https://xccys.moa.gov.cn/gzdt/201812/t20181205_6314544.htm,https://www.szse.cn/api/report/index/companyGeneralization?secCode=002424,https://www.szse.cn/api/report/index/companyGeneralization?secCode=002424,当前交易所法人全称与官方名单标准化后完全一致,1,1,身份关系已核实候选；ST、退市时点及资格缺口仍待处理
002424,2020,贵州百灵企业集团制药股份有限公司,深圳证券交易所,ST百灵,2010-06-03,贵州百灵企业集团制药股份有限公司,2020,monitor_pass,https://www.moa.gov.cn/nybgb/2020/202012/202102/P020210201587636946140.pdf,https://www.szse.cn/api/report/index/companyGeneralization?secCode=002424,https://www.szse.cn/api/report/index/companyGeneralization?secCode=002424,当前交易所法人全称与官方名单标准化后完全一致,1,1,身份关系已核实候选；ST、退市时点及资格缺口仍待处理
002424,2021,贵州百灵企业集团制药股份有限公司,深圳证券交易所,ST百灵,2010-06-03,贵州百灵企业集团制药股份有限公司,2020,monitor_pass,https://www.moa.gov.cn/nybgb/2020/202012/202102/P020210201587636946140.pdf,https://www.szse.cn/api/report/index/companyGeneralization?secCode=002424,https://www.szse.cn/api/report/index/companyGeneralization?secCode=002424,当前交易所法人全称与官方名单标准化后完全一致,1,1,身份关系已核实候选；ST、退市时点及资格缺口仍待处理
002424,2022,贵州百灵企业集团制药股份有限公司,深圳证券交易所,ST百灵,2010-06-03,贵州百灵企业集团制药股份有限公司,2020,monitor_pass,https://www.moa.gov.cn/nybgb/2020/202012/202102/P020210201587636946140.pdf,https://www.szse.cn/api/report/index/companyGeneralization?secCode=002424,https://www.szse.cn/api/report/index/companyGeneralization?secCode=002424,当前交易所法人全称与官方名单标准化后完全一致,1,1,身份关系已核实候选；ST、退市时点及资格缺口仍待处理
002424,2023,贵州百灵企业集团制药股份有限公司,深圳证券交易所,ST百灵,2010-06-03,贵州百灵企业集团制药股份有限公司,2023,monitor_pass,https://www.moa.gov.cn/nybgb/2023/202306/202307/P020230719348171286633.pdf,https://www.szse.cn/api/report/index/companyGeneralization?secCode=002424,https://www.szse.cn/api/report/index/companyGeneralization?secCode=002424,当前交易所法人全称与官方名单标准化后完全一致,1,1,身份关系已核实候选；ST、退市时点及资格缺口仍待处理
002431,2014,棕榈生态城镇发展股份有限公司,深圳证券交易所,ST棕榈,2010-06-10,棕榈园林股份有限公司,2014,monitor_pass,https://www.moa.gov.cn/nybgb/2014/shi/201712/P020180104776701107212.pdf,https://www.szse.cn/api/report/index/companyGeneralization?secCode=002431,https://static.cninfo.com.cn/finalpage/2016-04-22/1202217348.PDF,更名公告明确名单名称变更为当前公司名称且证券代码保持002431,1,1,身份关系已核实候选；ST、退市时点及资格缺口仍待处理
002431,2015,棕榈生态城镇发展股份有限公司,深圳证券交易所,ST棕榈,2010-06-10,棕榈园林股份有限公司,2014,monitor_pass,https://www.moa.gov.cn/nybgb/2014/shi/201712/P020180104776701107212.pdf,https://www.szse.cn/api/report/index/companyGeneralization?secCode=002431,https://static.cninfo.com.cn/finalpage/2016-04-22/1202217348.PDF,更名公告明确名单名称变更为当前公司名称且证券代码保持002431,1,1,身份关系已核实候选；ST、退市时点及资格缺口仍待处理
002431,2018,棕榈生态城镇发展股份有限公司,深圳证券交易所,ST棕榈,2010-06-10,棕榈生态城镇发展股份有限公司,2018,monitor_pass,https://xccys.moa.gov.cn/gzdt/201812/t20181205_6314544.htm,https://www.szse.cn/api/report/index/companyGeneralization?secCode=002431,https://www.szse.cn/api/report/index/companyGeneralization?secCode=002431,当前交易所法人全称与官方名单标准化后完全一致,1,1,身份关系已核实候选；ST、退市时点及资格缺口仍待处理
002431,2019,棕榈生态城镇发展股份有限公司,深圳证券交易所,ST棕榈,2010-06-10,棕榈生态城镇发展股份有限公司,2018,monitor_pass,https://xccys.moa.gov.cn/gzdt/201812/t20181205_6314544.htm,https://www.szse.cn/api/report/index/companyGeneralization?secCode=002431,https://www.szse.cn/api/report/index/companyGeneralization?secCode=002431,当前交易所法人全称与官方名单标准化后完全一致,1,1,身份关系已核实候选；ST、退市时点及资格缺口仍待处理
002431,2020,棕榈生态城镇发展股份有限公司,深圳证券交易所,ST棕榈,2010-06-10,棕榈生态城镇发展股份有限公司,2020,monitor_pass,https://www.moa.gov.cn/nybgb/2020/202012/202102/P020210201587636946140.pdf,https://www.szse.cn/api/report/index/companyGeneralization?secCode=002431,https://www.szse.cn/api/report/index/companyGeneralization?secCode=002431,当前交易所法人全称与官方名单标准化后完全一致,1,1,身份关系已核实候选；ST、退市时点及资格缺口仍待处理
002431,2021,棕榈生态城镇发展股份有限公司,深圳证券交易所,ST棕榈,2010-06-10,棕榈生态城镇发展股份有限公司,2020,monitor_pass,https://www.moa.gov.cn/nybgb/2020/202012/202102/P020210201587636946140.pdf,https://www.szse.cn/api/report/index/companyGeneralization?secCode=002431,https://www.szse.cn/api/report/index/companyGeneralization?secCode=002431,当前交易所法人全称与官方名单标准化后完全一致,1,1,身份关系已核实候选；ST、退市时点及资格缺口仍待处理
002431,2022,棕榈生态城镇发展股份有限公司,深圳证券交易所,ST棕榈,2010-06-10,棕榈生态城镇发展股份有限公司,2020,monitor_pass,https://www.moa.gov.cn/nybgb/2020/202012/202102/P020210201587636946140.pdf,https://www.szse.cn/api/report/index/companyGeneralization?secCode=002431,https://www.szse.cn/api/report/index/companyGeneralization?secCode=002431,当前交易所法人全称与官方名单标准化后完全一致,1,1,身份关系已核实候选；ST、退市时点及资格缺口仍待处理
002431,2023,棕榈生态城镇发展股份有限公司,深圳证券交易所,ST棕榈,2010-06-10,棕榈生态城镇发展股份有限公司,2023,monitor_pass,https://www.moa.gov.cn/nybgb/2023/202306/202307/P020230719348171286633.pdf,https://www.szse.cn/api/report/index/companyGeneralization?secCode=002431,https://www.szse.cn/api/report/index/companyGeneralization?secCode=002431,当前交易所法人全称与官方名单标准化后完全一致,1,1,身份关系已核实候选；ST、退市时点及资格缺口仍待处理
002458,2014,山东益生种畜禽股份有限公司,深圳证券交易所,益生股份,2010-08-10,山东益生种畜禽股份有限公司,2014,monitor_pass,https://www.moa.gov.cn/nybgb/2014/shi/201712/P020180104776701107212.pdf,https://www.szse.cn/api/report/index/companyGeneralization?secCode=002458,https://www.szse.cn/api/report/index/companyGeneralization?secCode=002458,当前交易所法人全称与官方名单标准化后完全一致,1,1,身份关系已核实候选；ST、退市时点及资格缺口仍待处理
002458,2015,山东益生种畜禽股份有限公司,深圳证券交易所,益生股份,2010-08-10,山东益生种畜禽股份有限公司,2014,monitor_pass,https://www.moa.gov.cn/nybgb/2014/shi/201712/P020180104776701107212.pdf,https://www.szse.cn/api/report/index/companyGeneralization?secCode=002458,https://www.szse.cn/api/report/index/companyGeneralization?secCode=002458,当前交易所法人全称与官方名单标准化后完全一致,1,1,身份关系已核实候选；ST、退市时点及资格缺口仍待处理
002458,2018,山东益生种畜禽股份有限公司,深圳证券交易所,益生股份,2010-08-10,山东益生种畜禽股份有限公司,2018,monitor_pass,https://xccys.moa.gov.cn/gzdt/201812/t20181205_6314544.htm,https://www.szse.cn/api/report/index/companyGeneralization?secCode=002458,https://www.szse.cn/api/report/index/companyGeneralization?secCode=002458,当前交易所法人全称与官方名单标准化后完全一致,1,1,身份关系已核实候选；ST、退市时点及资格缺口仍待处理
002458,2019,山东益生种畜禽股份有限公司,深圳证券交易所,益生股份,2010-08-10,山东益生种畜禽股份有限公司,2018,monitor_pass,https://xccys.moa.gov.cn/gzdt/201812/t20181205_6314544.htm,https://www.szse.cn/api/report/index/companyGeneralization?secCode=002458,https://www.szse.cn/api/report/index/companyGeneralization?secCode=002458,当前交易所法人全称与官方名单标准化后完全一致,1,1,身份关系已核实候选；ST、退市时点及资格缺口仍待处理
002458,2020,山东益生种畜禽股份有限公司,深圳证券交易所,益生股份,2010-08-10,山东益生种畜禽股份有限公司,2020,monitor_pass,https://www.moa.gov.cn/nybgb/2020/202012/202102/P020210201587636946140.pdf,https://www.szse.cn/api/report/index/companyGeneralization?secCode=002458,https://www.szse.cn/api/report/index/companyGeneralization?secCode=002458,当前交易所法人全称与官方名单标准化后完全一致,1,1,身份关系已核实候选；ST、退市时点及资格缺口仍待处理
002458,2021,山东益生种畜禽股份有限公司,深圳证券交易所,益生股份,2010-08-10,山东益生种畜禽股份有限公司,2020,monitor_pass,https://www.moa.gov.cn/nybgb/2020/202012/202102/P020210201587636946140.pdf,https://www.szse.cn/api/report/index/companyGeneralization?secCode=002458,https://www.szse.cn/api/report/index/companyGeneralization?secCode=002458,当前交易所法人全称与官方名单标准化后完全一致,1,1,身份关系已核实候选；ST、退市时点及资格缺口仍待处理
002458,2022,山东益生种畜禽股份有限公司,深圳证券交易所,益生股份,2010-08-10,山东益生种畜禽股份有限公司,2020,monitor_pass,https://www.moa.gov.cn/nybgb/2020/202012/202102/P020210201587636946140.pdf,https://www.szse.cn/api/report/index/companyGeneralization?secCode=002458,https://www.szse.cn/api/report/index/companyGeneralization?secCode=002458,当前交易所法人全称与官方名单标准化后完全一致,1,1,身份关系已核实候选；ST、退市时点及资格缺口仍待处理
002458,2023,山东益生种畜禽股份有限公司,深圳证券交易所,益生股份,2010-08-10,山东益生种畜禽股份有限公司,2023,monitor_pass,https://www.moa.gov.cn/nybgb/2023/202306/202307/P020230719348171286633.pdf,https://www.szse.cn/api/report/index/companyGeneralization?secCode=002458,https://www.szse.cn/api/report/index/companyGeneralization?secCode=002458,当前交易所法人全称与官方名单标准化后完全一致,1,1,身份关系已核实候选；ST、退市时点及资格缺口仍待处理
002481,2023,烟台双塔食品股份有限公司,深圳证券交易所,双塔食品,2010-09-21,烟台双塔食品股份有限公司,2023,replacement,https://www.moa.gov.cn/nybgb/2023/202306/202307/P020230719348171286633.pdf,https://www.szse.cn/api/report/index/companyGeneralization?secCode=002481,https://www.szse.cn/api/report/index/companyGeneralization?secCode=002481,当前交易所法人全称与官方名单标准化后完全一致,1,1,身份关系已核实候选；ST、退市时点及资格缺口仍待处理
002507,2014,重庆市涪陵榨菜集团股份有限公司,深圳证券交易所,涪陵榨菜,2010-11-23,重庆市涪陵榨菜集团股份有限公司,2014,monitor_pass,https://www.moa.gov.cn/nybgb/2014/shi/201712/P020180104776701107212.pdf,https://www.szse.cn/api/report/index/companyGeneralization?secCode=002507,https://www.szse.cn/api/report/index/companyGeneralization?secCode=002507,当前交易所法人全称与官方名单标准化后完全一致,1,1,身份关系已核实候选；ST、退市时点及资格缺口仍待处理
002507,2015,重庆市涪陵榨菜集团股份有限公司,深圳证券交易所,涪陵榨菜,2010-11-23,重庆市涪陵榨菜集团股份有限公司,2014,monitor_pass,https://www.moa.gov.cn/nybgb/2014/shi/201712/P020180104776701107212.pdf,https://www.szse.cn/api/report/index/companyGeneralization?secCode=002507,https://www.szse.cn/api/report/index/companyGeneralization?secCode=002507,当前交易所法人全称与官方名单标准化后完全一致,1,1,身份关系已核实候选；ST、退市时点及资格缺口仍待处理
002507,2018,重庆市涪陵榨菜集团股份有限公司,深圳证券交易所,涪陵榨菜,2010-11-23,重庆市涪陵榨菜集团股份有限公司,2018,monitor_pass,https://xccys.moa.gov.cn/gzdt/201812/t20181205_6314544.htm,https://www.szse.cn/api/report/index/companyGeneralization?secCode=002507,https://www.szse.cn/api/report/index/companyGeneralization?secCode=002507,当前交易所法人全称与官方名单标准化后完全一致,1,1,身份关系已核实候选；ST、退市时点及资格缺口仍待处理
002507,2019,重庆市涪陵榨菜集团股份有限公司,深圳证券交易所,涪陵榨菜,2010-11-23,重庆市涪陵榨菜集团股份有限公司,2018,monitor_pass,https://xccys.moa.gov.cn/gzdt/201812/t20181205_6314544.htm,https://www.szse.cn/api/report/index/companyGeneralization?secCode=002507,https://www.szse.cn/api/report/index/companyGeneralization?secCode=002507,当前交易所法人全称与官方名单标准化后完全一致,1,1,身份关系已核实候选；ST、退市时点及资格缺口仍待处理
002507,2020,重庆市涪陵榨菜集团股份有限公司,深圳证券交易所,涪陵榨菜,2010-11-23,重庆市涪陵榨菜集团股份有限公司,2020,monitor_pass,https://www.moa.gov.cn/nybgb/2020/202012/202102/P020210201587636946140.pdf,https://www.szse.cn/api/report/index/companyGeneralization?secCode=002507,https://www.szse.cn/api/report/index/companyGeneralization?secCode=002507,当前交易所法人全称与官方名单标准化后完全一致,1,1,身份关系已核实候选；ST、退市时点及资格缺口仍待处理
002507,2021,重庆市涪陵榨菜集团股份有限公司,深圳证券交易所,涪陵榨菜,2010-11-23,重庆市涪陵榨菜集团股份有限公司,2020,monitor_pass,https://www.moa.gov.cn/nybgb/2020/202012/202102/P020210201587636946140.pdf,https://www.szse.cn/api/report/index/companyGeneralization?secCode=002507,https://www.szse.cn/api/report/index/companyGeneralization?secCode=002507,当前交易所法人全称与官方名单标准化后完全一致,1,1,身份关系已核实候选；ST、退市时点及资格缺口仍待处理
002507,2022,重庆市涪陵榨菜集团股份有限公司,深圳证券交易所,涪陵榨菜,2010-11-23,重庆市涪陵榨菜集团股份有限公司,2020,monitor_pass,https://www.moa.gov.cn/nybgb/2020/202012/202102/P020210201587636946140.pdf,https://www.szse.cn/api/report/index/companyGeneralization?secCode=002507,https://www.szse.cn/api/report/index/companyGeneralization?secCode=002507,当前交易所法人全称与官方名单标准化后完全一致,1,1,身份关系已核实候选；ST、退市时点及资格缺口仍待处理
002507,2023,重庆市涪陵榨菜集团股份有限公司,深圳证券交易所,涪陵榨菜,2010-11-23,重庆市涪陵榨菜集团股份有限公司,2023,monitor_pass,https://www.moa.gov.cn/nybgb/2023/202306/202307/P020230719348171286633.pdf,https://www.szse.cn/api/report/index/companyGeneralization?secCode=002507,https://www.szse.cn/api/report/index/companyGeneralization?secCode=002507,当前交易所法人全称与官方名单标准化后完全一致,1,1,身份关系已核实候选；ST、退市时点及资格缺口仍待处理
002548,2021,深圳市金新农科技股份有限公司,深圳证券交易所,金新农,2011-02-18,深圳市金新农科技股份有限公司,2021,recognition,https://xccys.moa.gov.cn/gzdt/202201/t20220113_6386872.htm,https://www.szse.cn/api/report/index/companyGeneralization?secCode=002548,https://www.szse.cn/api/report/index/companyGeneralization?secCode=002548,当前交易所法人全称与官方名单标准化后完全一致,1,1,身份关系已核实候选；ST、退市时点及资格缺口仍待处理
002548,2022,深圳市金新农科技股份有限公司,深圳证券交易所,金新农,2011-02-18,深圳市金新农科技股份有限公司,2021,recognition,https://xccys.moa.gov.cn/gzdt/202201/t20220113_6386872.htm,https://www.szse.cn/api/report/index/companyGeneralization?secCode=002548,https://www.szse.cn/api/report/index/companyGeneralization?secCode=002548,当前交易所法人全称与官方名单标准化后完全一致,1,1,身份关系已核实候选；ST、退市时点及资格缺口仍待处理
002548,2023,深圳市金新农科技股份有限公司,深圳证券交易所,金新农,2011-02-18,深圳市金新农科技股份有限公司,2021,recognition,https://xccys.moa.gov.cn/gzdt/202201/t20220113_6386872.htm,https://www.szse.cn/api/report/index/companyGeneralization?secCode=002548,https://www.szse.cn/api/report/index/companyGeneralization?secCode=002548,当前交易所法人全称与官方名单标准化后完全一致,1,1,身份关系已核实候选；ST、退市时点及资格缺口仍待处理
002557,2018,洽洽食品股份有限公司,深圳证券交易所,洽洽食品,2011-03-02,洽洽食品股份有限公司,2018,monitor_pass,https://xccys.moa.gov.cn/gzdt/201812/t20181205_6314544.htm,https://www.szse.cn/api/report/index/companyGeneralization?secCode=002557,https://www.szse.cn/api/report/index/companyGeneralization?secCode=002557,当前交易所法人全称与官方名单标准化后完全一致,1,1,身份关系已核实候选；ST、退市时点及资格缺口仍待处理
002557,2019,洽洽食品股份有限公司,深圳证券交易所,洽洽食品,2011-03-02,洽洽食品股份有限公司,2018,monitor_pass,https://xccys.moa.gov.cn/gzdt/201812/t20181205_6314544.htm,https://www.szse.cn/api/report/index/companyGeneralization?secCode=002557,https://www.szse.cn/api/report/index/companyGeneralization?secCode=002557,当前交易所法人全称与官方名单标准化后完全一致,1,1,身份关系已核实候选；ST、退市时点及资格缺口仍待处理
002557,2020,洽洽食品股份有限公司,深圳证券交易所,洽洽食品,2011-03-02,洽洽食品股份有限公司,2020,monitor_pass,https://www.moa.gov.cn/nybgb/2020/202012/202102/P020210201587636946140.pdf,https://www.szse.cn/api/report/index/companyGeneralization?secCode=002557,https://www.szse.cn/api/report/index/companyGeneralization?secCode=002557,当前交易所法人全称与官方名单标准化后完全一致,1,1,身份关系已核实候选；ST、退市时点及资格缺口仍待处理
002557,2021,洽洽食品股份有限公司,深圳证券交易所,洽洽食品,2011-03-02,洽洽食品股份有限公司,2020,monitor_pass,https://www.moa.gov.cn/nybgb/2020/202012/202102/P020210201587636946140.pdf,https://www.szse.cn/api/report/index/companyGeneralization?secCode=002557,https://www.szse.cn/api/report/index/companyGeneralization?secCode=002557,当前交易所法人全称与官方名单标准化后完全一致,1,1,身份关系已核实候选；ST、退市时点及资格缺口仍待处理
002557,2022,洽洽食品股份有限公司,深圳证券交易所,洽洽食品,2011-03-02,洽洽食品股份有限公司,2020,monitor_pass,https://www.moa.gov.cn/nybgb/2020/202012/202102/P020210201587636946140.pdf,https://www.szse.cn/api/report/index/companyGeneralization?secCode=002557,https://www.szse.cn/api/report/index/companyGeneralization?secCode=002557,当前交易所法人全称与官方名单标准化后完全一致,1,1,身份关系已核实候选；ST、退市时点及资格缺口仍待处理
002557,2023,洽洽食品股份有限公司,深圳证券交易所,洽洽食品,2011-03-02,洽洽食品股份有限公司,2023,monitor_pass,https://www.moa.gov.cn/nybgb/2023/202306/202307/P020230719348171286633.pdf,https://www.szse.cn/api/report/index/companyGeneralization?secCode=002557,https://www.szse.cn/api/report/index/companyGeneralization?secCode=002557,当前交易所法人全称与官方名单标准化后完全一致,1,1,身份关系已核实候选；ST、退市时点及资格缺口仍待处理
002566,2014,吉林省集安益盛药业股份有限公司,深圳证券交易所,益盛药业,2011-03-18,吉林省集安益盛药业股份有限公司,2014,monitor_pass,https://www.moa.gov.cn/nybgb/2014/shi/201712/P020180104776701107212.pdf,https://www.szse.cn/api/report/index/companyGeneralization?secCode=002566,https://www.szse.cn/api/report/index/companyGeneralization?secCode=002566,当前交易所法人全称与官方名单标准化后完全一致,1,1,身份关系已核实候选；ST、退市时点及资格缺口仍待处理
002566,2015,吉林省集安益盛药业股份有限公司,深圳证券交易所,益盛药业,2011-03-18,吉林省集安益盛药业股份有限公司,2014,monitor_pass,https://www.moa.gov.cn/nybgb/2014/shi/201712/P020180104776701107212.pdf,https://www.szse.cn/api/report/index/companyGeneralization?secCode=002566,https://www.szse.cn/api/report/index/companyGeneralization?secCode=002566,当前交易所法人全称与官方名单标准化后完全一致,1,1,身份关系已核实候选；ST、退市时点及资格缺口仍待处理
002566,2018,吉林省集安益盛药业股份有限公司,深圳证券交易所,益盛药业,2011-03-18,吉林省集安益盛药业股份有限公司,2018,monitor_pass,https://xccys.moa.gov.cn/gzdt/201812/t20181205_6314544.htm,https://www.szse.cn/api/report/index/companyGeneralization?secCode=002566,https://www.szse.cn/api/report/index/companyGeneralization?secCode=002566,当前交易所法人全称与官方名单标准化后完全一致,1,1,身份关系已核实候选；ST、退市时点及资格缺口仍待处理
002566,2019,吉林省集安益盛药业股份有限公司,深圳证券交易所,益盛药业,2011-03-18,吉林省集安益盛药业股份有限公司,2018,monitor_pass,https://xccys.moa.gov.cn/gzdt/201812/t20181205_6314544.htm,https://www.szse.cn/api/report/index/companyGeneralization?secCode=002566,https://www.szse.cn/api/report/index/companyGeneralization?secCode=002566,当前交易所法人全称与官方名单标准化后完全一致,1,1,身份关系已核实候选；ST、退市时点及资格缺口仍待处理
002566,2020,吉林省集安益盛药业股份有限公司,深圳证券交易所,益盛药业,2011-03-18,吉林省集安益盛药业股份有限公司,2020,monitor_pass,https://www.moa.gov.cn/nybgb/2020/202012/202102/P020210201587636946140.pdf,https://www.szse.cn/api/report/index/companyGeneralization?secCode=002566,https://www.szse.cn/api/report/index/companyGeneralization?secCode=002566,当前交易所法人全称与官方名单标准化后完全一致,1,1,身份关系已核实候选；ST、退市时点及资格缺口仍待处理
002566,2021,吉林省集安益盛药业股份有限公司,深圳证券交易所,益盛药业,2011-03-18,吉林省集安益盛药业股份有限公司,2020,monitor_pass,https://www.moa.gov.cn/nybgb/2020/202012/202102/P020210201587636946140.pdf,https://www.szse.cn/api/report/index/companyGeneralization?secCode=002566,https://www.szse.cn/api/report/index/companyGeneralization?secCode=002566,当前交易所法人全称与官方名单标准化后完全一致,1,1,身份关系已核实候选；ST、退市时点及资格缺口仍待处理
002566,2022,吉林省集安益盛药业股份有限公司,深圳证券交易所,益盛药业,2011-03-18,吉林省集安益盛药业股份有限公司,2020,monitor_pass,https://www.moa.gov.cn/nybgb/2020/202012/202102/P020210201587636946140.pdf,https://www.szse.cn/api/report/index/companyGeneralization?secCode=002566,https://www.szse.cn/api/report/index/companyGeneralization?secCode=002566,当前交易所法人全称与官方名单标准化后完全一致,1,1,身份关系已核实候选；ST、退市时点及资格缺口仍待处理
002566,2023,吉林省集安益盛药业股份有限公司,深圳证券交易所,益盛药业,2011-03-18,吉林省集安益盛药业股份有限公司,2023,monitor_pass,https://www.moa.gov.cn/nybgb/2023/202306/202307/P020230719348171286633.pdf,https://www.szse.cn/api/report/index/companyGeneralization?secCode=002566,https://www.szse.cn/api/report/index/companyGeneralization?secCode=002566,当前交易所法人全称与官方名单标准化后完全一致,1,1,身份关系已核实候选；ST、退市时点及资格缺口仍待处理
002567,2014,唐人神集团股份有限公司,深圳证券交易所,唐人神,2011-03-25,唐人神集团股份有限公司,2014,monitor_pass,https://www.moa.gov.cn/nybgb/2014/shi/201712/P020180104776701107212.pdf,https://www.szse.cn/api/report/index/companyGeneralization?secCode=002567,https://www.szse.cn/api/report/index/companyGeneralization?secCode=002567,当前交易所法人全称与官方名单标准化后完全一致,1,1,身份关系已核实候选；ST、退市时点及资格缺口仍待处理
002567,2015,唐人神集团股份有限公司,深圳证券交易所,唐人神,2011-03-25,唐人神集团股份有限公司,2014,monitor_pass,https://www.moa.gov.cn/nybgb/2014/shi/201712/P020180104776701107212.pdf,https://www.szse.cn/api/report/index/companyGeneralization?secCode=002567,https://www.szse.cn/api/report/index/companyGeneralization?secCode=002567,当前交易所法人全称与官方名单标准化后完全一致,1,1,身份关系已核实候选；ST、退市时点及资格缺口仍待处理
002567,2018,唐人神集团股份有限公司,深圳证券交易所,唐人神,2011-03-25,唐人神集团股份有限公司,2018,monitor_pass,https://xccys.moa.gov.cn/gzdt/201812/t20181205_6314544.htm,https://www.szse.cn/api/report/index/companyGeneralization?secCode=002567,https://www.szse.cn/api/report/index/companyGeneralization?secCode=002567,当前交易所法人全称与官方名单标准化后完全一致,1,1,身份关系已核实候选；ST、退市时点及资格缺口仍待处理
002567,2019,唐人神集团股份有限公司,深圳证券交易所,唐人神,2011-03-25,唐人神集团股份有限公司,2018,monitor_pass,https://xccys.moa.gov.cn/gzdt/201812/t20181205_6314544.htm,https://www.szse.cn/api/report/index/companyGeneralization?secCode=002567,https://www.szse.cn/api/report/index/companyGeneralization?secCode=002567,当前交易所法人全称与官方名单标准化后完全一致,1,1,身份关系已核实候选；ST、退市时点及资格缺口仍待处理
002567,2020,唐人神集团股份有限公司,深圳证券交易所,唐人神,2011-03-25,唐人神集团股份有限公司,2020,monitor_pass,https://www.moa.gov.cn/nybgb/2020/202012/202102/P020210201587636946140.pdf,https://www.szse.cn/api/report/index/companyGeneralization?secCode=002567,https://www.szse.cn/api/report/index/companyGeneralization?secCode=002567,当前交易所法人全称与官方名单标准化后完全一致,1,1,身份关系已核实候选；ST、退市时点及资格缺口仍待处理
002567,2021,唐人神集团股份有限公司,深圳证券交易所,唐人神,2011-03-25,唐人神集团股份有限公司,2020,monitor_pass,https://www.moa.gov.cn/nybgb/2020/202012/202102/P020210201587636946140.pdf,https://www.szse.cn/api/report/index/companyGeneralization?secCode=002567,https://www.szse.cn/api/report/index/companyGeneralization?secCode=002567,当前交易所法人全称与官方名单标准化后完全一致,1,1,身份关系已核实候选；ST、退市时点及资格缺口仍待处理
002567,2022,唐人神集团股份有限公司,深圳证券交易所,唐人神,2011-03-25,唐人神集团股份有限公司,2020,monitor_pass,https://www.moa.gov.cn/nybgb/2020/202012/202102/P020210201587636946140.pdf,https://www.szse.cn/api/report/index/companyGeneralization?secCode=002567,https://www.szse.cn/api/report/index/companyGeneralization?secCode=002567,当前交易所法人全称与官方名单标准化后完全一致,1,1,身份关系已核实候选；ST、退市时点及资格缺口仍待处理
002567,2023,唐人神集团股份有限公司,深圳证券交易所,唐人神,2011-03-25,唐人神集团股份有限公司,2023,monitor_pass,https://www.moa.gov.cn/nybgb/2023/202306/202307/P020230719348171286633.pdf,https://www.szse.cn/api/report/index/companyGeneralization?secCode=002567,https://www.szse.cn/api/report/index/companyGeneralization?secCode=002567,当前交易所法人全称与官方名单标准化后完全一致,1,1,身份关系已核实候选；ST、退市时点及资格缺口仍待处理
002582,2014,好想你健康食品股份有限公司,深圳证券交易所,好想你,2011-05-20,好想你枣业股份有限公司,2014,monitor_pass,https://www.moa.gov.cn/nybgb/2014/shi/201712/P020180104776701107212.pdf,https://www.szse.cn/api/report/index/companyGeneralization?secCode=002582,https://static.cninfo.com.cn/finalpage/2018-04-27/1204803986.PDF,年度报告明确公司在报告期内由名单名称变更为当前名称且证券代码为002582,1,1,身份关系已核实候选；ST、退市时点及资格缺口仍待处理
002582,2015,好想你健康食品股份有限公司,深圳证券交易所,好想你,2011-05-20,好想你枣业股份有限公司,2014,monitor_pass,https://www.moa.gov.cn/nybgb/2014/shi/201712/P020180104776701107212.pdf,https://www.szse.cn/api/report/index/companyGeneralization?secCode=002582,https://static.cninfo.com.cn/finalpage/2018-04-27/1204803986.PDF,年度报告明确公司在报告期内由名单名称变更为当前名称且证券代码为002582,1,1,身份关系已核实候选；ST、退市时点及资格缺口仍待处理
002582,2018,好想你健康食品股份有限公司,深圳证券交易所,好想你,2011-05-20,好想你健康食品股份有限公司,2018,monitor_pass,https://xccys.moa.gov.cn/gzdt/201812/t20181205_6314544.htm,https://www.szse.cn/api/report/index/companyGeneralization?secCode=002582,https://www.szse.cn/api/report/index/companyGeneralization?secCode=002582,当前交易所法人全称与官方名单标准化后完全一致,1,1,身份关系已核实候选；ST、退市时点及资格缺口仍待处理
002582,2019,好想你健康食品股份有限公司,深圳证券交易所,好想你,2011-05-20,好想你健康食品股份有限公司,2018,monitor_pass,https://xccys.moa.gov.cn/gzdt/201812/t20181205_6314544.htm,https://www.szse.cn/api/report/index/companyGeneralization?secCode=002582,https://www.szse.cn/api/report/index/companyGeneralization?secCode=002582,当前交易所法人全称与官方名单标准化后完全一致,1,1,身份关系已核实候选；ST、退市时点及资格缺口仍待处理
002582,2020,好想你健康食品股份有限公司,深圳证券交易所,好想你,2011-05-20,好想你健康食品股份有限公司,2020,monitor_pass,https://www.moa.gov.cn/nybgb/2020/202012/202102/P020210201587636946140.pdf,https://www.szse.cn/api/report/index/companyGeneralization?secCode=002582,https://www.szse.cn/api/report/index/companyGeneralization?secCode=002582,当前交易所法人全称与官方名单标准化后完全一致,1,1,身份关系已核实候选；ST、退市时点及资格缺口仍待处理
002582,2021,好想你健康食品股份有限公司,深圳证券交易所,好想你,2011-05-20,好想你健康食品股份有限公司,2020,monitor_pass,https://www.moa.gov.cn/nybgb/2020/202012/202102/P020210201587636946140.pdf,https://www.szse.cn/api/report/index/companyGeneralization?secCode=002582,https://www.szse.cn/api/report/index/companyGeneralization?secCode=002582,当前交易所法人全称与官方名单标准化后完全一致,1,1,身份关系已核实候选；ST、退市时点及资格缺口仍待处理
002582,2022,好想你健康食品股份有限公司,深圳证券交易所,好想你,2011-05-20,好想你健康食品股份有限公司,2020,monitor_pass,https://www.moa.gov.cn/nybgb/2020/202012/202102/P020210201587636946140.pdf,https://www.szse.cn/api/report/index/companyGeneralization?secCode=002582,https://www.szse.cn/api/report/index/companyGeneralization?secCode=002582,当前交易所法人全称与官方名单标准化后完全一致,1,1,身份关系已核实候选；ST、退市时点及资格缺口仍待处理
002582,2023,好想你健康食品股份有限公司,深圳证券交易所,好想你,2011-05-20,好想你健康食品股份有限公司,2023,monitor_pass,https://www.moa.gov.cn/nybgb/2023/202306/202307/P020230719348171286633.pdf,https://www.szse.cn/api/report/index/companyGeneralization?secCode=002582,https://www.szse.cn/api/report/index/companyGeneralization?secCode=002582,当前交易所法人全称与官方名单标准化后完全一致,1,1,身份关系已核实候选；ST、退市时点及资格缺口仍待处理
002650,2014,加加食品集团股份有限公司,深圳证券交易所,ST加加,2012-01-06,加加食品集团股份有限公司,2014,monitor_pass,https://www.moa.gov.cn/nybgb/2014/shi/201712/P020180104776701107212.pdf,https://www.szse.cn/api/report/index/companyGeneralization?secCode=002650,https://www.szse.cn/api/report/index/companyGeneralization?secCode=002650,当前交易所法人全称与官方名单标准化后完全一致,1,1,身份关系已核实候选；ST、退市时点及资格缺口仍待处理
002650,2015,加加食品集团股份有限公司,深圳证券交易所,ST加加,2012-01-06,加加食品集团股份有限公司,2014,monitor_pass,https://www.moa.gov.cn/nybgb/2014/shi/201712/P020180104776701107212.pdf,https://www.szse.cn/api/report/index/companyGeneralization?secCode=002650,https://www.szse.cn/api/report/index/companyGeneralization?secCode=002650,当前交易所法人全称与官方名单标准化后完全一致,1,1,身份关系已核实候选；ST、退市时点及资格缺口仍待处理
002650,2018,加加食品集团股份有限公司,深圳证券交易所,ST加加,2012-01-06,加加食品集团股份有限公司,2018,monitor_pass,https://xccys.moa.gov.cn/gzdt/201812/t20181205_6314544.htm,https://www.szse.cn/api/report/index/companyGeneralization?secCode=002650,https://www.szse.cn/api/report/index/companyGeneralization?secCode=002650,当前交易所法人全称与官方名单标准化后完全一致,1,1,身份关系已核实候选；ST、退市时点及资格缺口仍待处理
002650,2019,加加食品集团股份有限公司,深圳证券交易所,ST加加,2012-01-06,加加食品集团股份有限公司,2018,monitor_pass,https://xccys.moa.gov.cn/gzdt/201812/t20181205_6314544.htm,https://www.szse.cn/api/report/index/companyGeneralization?secCode=002650,https://www.szse.cn/api/report/index/companyGeneralization?secCode=002650,当前交易所法人全称与官方名单标准化后完全一致,1,1,身份关系已核实候选；ST、退市时点及资格缺口仍待处理
002650,2020,加加食品集团股份有限公司,深圳证券交易所,ST加加,2012-01-06,加加食品集团股份有限公司,2020,monitor_pass,https://www.moa.gov.cn/nybgb/2020/202012/202102/P020210201587636946140.pdf,https://www.szse.cn/api/report/index/companyGeneralization?secCode=002650,https://www.szse.cn/api/report/index/companyGeneralization?secCode=002650,当前交易所法人全称与官方名单标准化后完全一致,1,1,身份关系已核实候选；ST、退市时点及资格缺口仍待处理
002650,2021,加加食品集团股份有限公司,深圳证券交易所,ST加加,2012-01-06,加加食品集团股份有限公司,2020,monitor_pass,https://www.moa.gov.cn/nybgb/2020/202012/202102/P020210201587636946140.pdf,https://www.szse.cn/api/report/index/companyGeneralization?secCode=002650,https://www.szse.cn/api/report/index/companyGeneralization?secCode=002650,当前交易所法人全称与官方名单标准化后完全一致,1,1,身份关系已核实候选；ST、退市时点及资格缺口仍待处理
002650,2022,加加食品集团股份有限公司,深圳证券交易所,ST加加,2012-01-06,加加食品集团股份有限公司,2020,monitor_pass,https://www.moa.gov.cn/nybgb/2020/202012/202102/P020210201587636946140.pdf,https://www.szse.cn/api/report/index/companyGeneralization?secCode=002650,https://www.szse.cn/api/report/index/companyGeneralization?secCode=002650,当前交易所法人全称与官方名单标准化后完全一致,1,1,身份关系已核实候选；ST、退市时点及资格缺口仍待处理
002650,2023,加加食品集团股份有限公司,深圳证券交易所,ST加加,2012-01-06,加加食品集团股份有限公司,2023,monitor_pass,https://www.moa.gov.cn/nybgb/2023/202306/202307/P020230719348171286633.pdf,https://www.szse.cn/api/report/index/companyGeneralization?secCode=002650,https://www.szse.cn/api/report/index/companyGeneralization?secCode=002650,当前交易所法人全称与官方名单标准化后完全一致,1,1,身份关系已核实候选；ST、退市时点及资格缺口仍待处理
002661,2023,陈克明食品股份有限公司,深圳证券交易所,克明食品,2012-03-16,陈克明食品股份有限公司,2023,monitor_pass,https://www.moa.gov.cn/nybgb/2023/202306/202307/P020230719348171286633.pdf,https://www.szse.cn/api/report/index/companyGeneralization?secCode=002661,https://www.szse.cn/api/report/index/companyGeneralization?secCode=002661,当前交易所法人全称与官方名单标准化后完全一致,1,1,身份关系已核实候选；ST、退市时点及资格缺口仍待处理
002688,2014,金河生物科技股份有限公司,深圳证券交易所,金河生物,2012-07-13,金河生物科技股份有限公司,2014,monitor_pass,https://www.moa.gov.cn/nybgb/2014/shi/201712/P020180104776701107212.pdf,https://www.szse.cn/api/report/index/companyGeneralization?secCode=002688,https://www.szse.cn/api/report/index/companyGeneralization?secCode=002688,当前交易所法人全称与官方名单标准化后完全一致,1,1,身份关系已核实候选；ST、退市时点及资格缺口仍待处理
002688,2015,金河生物科技股份有限公司,深圳证券交易所,金河生物,2012-07-13,金河生物科技股份有限公司,2014,monitor_pass,https://www.moa.gov.cn/nybgb/2014/shi/201712/P020180104776701107212.pdf,https://www.szse.cn/api/report/index/companyGeneralization?secCode=002688,https://www.szse.cn/api/report/index/companyGeneralization?secCode=002688,当前交易所法人全称与官方名单标准化后完全一致,1,1,身份关系已核实候选；ST、退市时点及资格缺口仍待处理
002688,2018,金河生物科技股份有限公司,深圳证券交易所,金河生物,2012-07-13,金河生物科技股份有限公司,2018,monitor_pass,https://xccys.moa.gov.cn/gzdt/201812/t20181205_6314544.htm,https://www.szse.cn/api/report/index/companyGeneralization?secCode=002688,https://www.szse.cn/api/report/index/companyGeneralization?secCode=002688,当前交易所法人全称与官方名单标准化后完全一致,1,1,身份关系已核实候选；ST、退市时点及资格缺口仍待处理
002688,2019,金河生物科技股份有限公司,深圳证券交易所,金河生物,2012-07-13,金河生物科技股份有限公司,2018,monitor_pass,https://xccys.moa.gov.cn/gzdt/201812/t20181205_6314544.htm,https://www.szse.cn/api/report/index/companyGeneralization?secCode=002688,https://www.szse.cn/api/report/index/companyGeneralization?secCode=002688,当前交易所法人全称与官方名单标准化后完全一致,1,1,身份关系已核实候选；ST、退市时点及资格缺口仍待处理
002688,2020,金河生物科技股份有限公司,深圳证券交易所,金河生物,2012-07-13,金河生物科技股份有限公司,2020,monitor_pass,https://www.moa.gov.cn/nybgb/2020/202012/202102/P020210201587636946140.pdf,https://www.szse.cn/api/report/index/companyGeneralization?secCode=002688,https://www.szse.cn/api/report/index/companyGeneralization?secCode=002688,当前交易所法人全称与官方名单标准化后完全一致,1,1,身份关系已核实候选；ST、退市时点及资格缺口仍待处理
002688,2021,金河生物科技股份有限公司,深圳证券交易所,金河生物,2012-07-13,金河生物科技股份有限公司,2020,monitor_pass,https://www.moa.gov.cn/nybgb/2020/202012/202102/P020210201587636946140.pdf,https://www.szse.cn/api/report/index/companyGeneralization?secCode=002688,https://www.szse.cn/api/report/index/companyGeneralization?secCode=002688,当前交易所法人全称与官方名单标准化后完全一致,1,1,身份关系已核实候选；ST、退市时点及资格缺口仍待处理
002688,2022,金河生物科技股份有限公司,深圳证券交易所,金河生物,2012-07-13,金河生物科技股份有限公司,2020,monitor_pass,https://www.moa.gov.cn/nybgb/2020/202012/202102/P020210201587636946140.pdf,https://www.szse.cn/api/report/index/companyGeneralization?secCode=002688,https://www.szse.cn/api/report/index/companyGeneralization?secCode=002688,当前交易所法人全称与官方名单标准化后完全一致,1,1,身份关系已核实候选；ST、退市时点及资格缺口仍待处理
002688,2023,金河生物科技股份有限公司,深圳证券交易所,金河生物,2012-07-13,金河生物科技股份有限公司,2023,monitor_pass,https://www.moa.gov.cn/nybgb/2023/202306/202307/P020230719348171286633.pdf,https://www.szse.cn/api/report/index/companyGeneralization?secCode=002688,https://www.szse.cn/api/report/index/companyGeneralization?secCode=002688,当前交易所法人全称与官方名单标准化后完全一致,1,1,身份关系已核实候选；ST、退市时点及资格缺口仍待处理
002696,2018,百洋产业投资集团股份有限公司,深圳证券交易所,百洋股份,2012-09-05,百洋产业投资集团股份有限公司,2018,monitor_pass,https://xccys.moa.gov.cn/gzdt/201812/t20181205_6314544.htm,https://www.szse.cn/api/report/index/companyGeneralization?secCode=002696,https://www.szse.cn/api/report/index/companyGeneralization?secCode=002696,当前交易所法人全称与官方名单标准化后完全一致,1,1,身份关系已核实候选；ST、退市时点及资格缺口仍待处理
002696,2019,百洋产业投资集团股份有限公司,深圳证券交易所,百洋股份,2012-09-05,百洋产业投资集团股份有限公司,2018,monitor_pass,https://xccys.moa.gov.cn/gzdt/201812/t20181205_6314544.htm,https://www.szse.cn/api/report/index/companyGeneralization?secCode=002696,https://www.szse.cn/api/report/index/companyGeneralization?secCode=002696,当前交易所法人全称与官方名单标准化后完全一致,1,1,身份关系已核实候选；ST、退市时点及资格缺口仍待处理
002696,2020,百洋产业投资集团股份有限公司,深圳证券交易所,百洋股份,2012-09-05,百洋产业投资集团股份有限公司,2020,monitor_pass,https://www.moa.gov.cn/nybgb/2020/202012/202102/P020210201587636946140.pdf,https://www.szse.cn/api/report/index/companyGeneralization?secCode=002696,https://www.szse.cn/api/report/index/companyGeneralization?secCode=002696,当前交易所法人全称与官方名单标准化后完全一致,1,1,身份关系已核实候选；ST、退市时点及资格缺口仍待处理
002696,2021,百洋产业投资集团股份有限公司,深圳证券交易所,百洋股份,2012-09-05,百洋产业投资集团股份有限公司,2020,monitor_pass,https://www.moa.gov.cn/nybgb/2020/202012/202102/P020210201587636946140.pdf,https://www.szse.cn/api/report/index/companyGeneralization?secCode=002696,https://www.szse.cn/api/report/index/companyGeneralization?secCode=002696,当前交易所法人全称与官方名单标准化后完全一致,1,1,身份关系已核实候选；ST、退市时点及资格缺口仍待处理
002696,2022,百洋产业投资集团股份有限公司,深圳证券交易所,百洋股份,2012-09-05,百洋产业投资集团股份有限公司,2020,monitor_pass,https://www.moa.gov.cn/nybgb/2020/202012/202102/P020210201587636946140.pdf,https://www.szse.cn/api/report/index/companyGeneralization?secCode=002696,https://www.szse.cn/api/report/index/companyGeneralization?secCode=002696,当前交易所法人全称与官方名单标准化后完全一致,1,1,身份关系已核实候选；ST、退市时点及资格缺口仍待处理
002696,2023,百洋产业投资集团股份有限公司,深圳证券交易所,百洋股份,2012-09-05,百洋产业投资集团股份有限公司,2023,monitor_pass,https://www.moa.gov.cn/nybgb/2023/202306/202307/P020230719348171286633.pdf,https://www.szse.cn/api/report/index/companyGeneralization?secCode=002696,https://www.szse.cn/api/report/index/companyGeneralization?secCode=002696,当前交易所法人全称与官方名单标准化后完全一致,1,1,身份关系已核实候选；ST、退市时点及资格缺口仍待处理
002702,2014,海欣食品股份有限公司,深圳证券交易所,海欣食品,2012-10-11,海欣食品股份有限公司,2014,monitor_pass,https://www.moa.gov.cn/nybgb/2014/shi/201712/P020180104776701107212.pdf,https://www.szse.cn/api/report/index/companyGeneralization?secCode=002702,https://www.szse.cn/api/report/index/companyGeneralization?secCode=002702,当前交易所法人全称与官方名单标准化后完全一致,1,1,身份关系已核实候选；ST、退市时点及资格缺口仍待处理
002702,2015,海欣食品股份有限公司,深圳证券交易所,海欣食品,2012-10-11,海欣食品股份有限公司,2014,monitor_pass,https://www.moa.gov.cn/nybgb/2014/shi/201712/P020180104776701107212.pdf,https://www.szse.cn/api/report/index/companyGeneralization?secCode=002702,https://www.szse.cn/api/report/index/companyGeneralization?secCode=002702,当前交易所法人全称与官方名单标准化后完全一致,1,1,身份关系已核实候选；ST、退市时点及资格缺口仍待处理
002702,2018,海欣食品股份有限公司,深圳证券交易所,海欣食品,2012-10-11,海欣食品股份有限公司,2018,monitor_pass,https://xccys.moa.gov.cn/gzdt/201812/t20181205_6314544.htm,https://www.szse.cn/api/report/index/companyGeneralization?secCode=002702,https://www.szse.cn/api/report/index/companyGeneralization?secCode=002702,当前交易所法人全称与官方名单标准化后完全一致,1,1,身份关系已核实候选；ST、退市时点及资格缺口仍待处理
002702,2019,海欣食品股份有限公司,深圳证券交易所,海欣食品,2012-10-11,海欣食品股份有限公司,2018,monitor_pass,https://xccys.moa.gov.cn/gzdt/201812/t20181205_6314544.htm,https://www.szse.cn/api/report/index/companyGeneralization?secCode=002702,https://www.szse.cn/api/report/index/companyGeneralization?secCode=002702,当前交易所法人全称与官方名单标准化后完全一致,1,1,身份关系已核实候选；ST、退市时点及资格缺口仍待处理
002702,2020,海欣食品股份有限公司,深圳证券交易所,海欣食品,2012-10-11,海欣食品股份有限公司,2020,monitor_pass,https://www.moa.gov.cn/nybgb/2020/202012/202102/P020210201587636946140.pdf,https://www.szse.cn/api/report/index/companyGeneralization?secCode=002702,https://www.szse.cn/api/report/index/companyGeneralization?secCode=002702,当前交易所法人全称与官方名单标准化后完全一致,1,1,身份关系已核实候选；ST、退市时点及资格缺口仍待处理
002702,2021,海欣食品股份有限公司,深圳证券交易所,海欣食品,2012-10-11,海欣食品股份有限公司,2020,monitor_pass,https://www.moa.gov.cn/nybgb/2020/202012/202102/P020210201587636946140.pdf,https://www.szse.cn/api/report/index/companyGeneralization?secCode=002702,https://www.szse.cn/api/report/index/companyGeneralization?secCode=002702,当前交易所法人全称与官方名单标准化后完全一致,1,1,身份关系已核实候选；ST、退市时点及资格缺口仍待处理
002702,2022,海欣食品股份有限公司,深圳证券交易所,海欣食品,2012-10-11,海欣食品股份有限公司,2020,monitor_pass,https://www.moa.gov.cn/nybgb/2020/202012/202102/P020210201587636946140.pdf,https://www.szse.cn/api/report/index/companyGeneralization?secCode=002702,https://www.szse.cn/api/report/index/companyGeneralization?secCode=002702,当前交易所法人全称与官方名单标准化后完全一致,1,1,身份关系已核实候选；ST、退市时点及资格缺口仍待处理
002702,2023,海欣食品股份有限公司,深圳证券交易所,海欣食品,2012-10-11,海欣食品股份有限公司,2023,monitor_pass,https://www.moa.gov.cn/nybgb/2023/202306/202307/P020230719348171286633.pdf,https://www.szse.cn/api/report/index/companyGeneralization?secCode=002702,https://www.szse.cn/api/report/index/companyGeneralization?secCode=002702,当前交易所法人全称与官方名单标准化后完全一致,1,1,身份关系已核实候选；ST、退市时点及资格缺口仍待处理
002714,2014,牧原食品集团股份有限公司,深圳证券交易所,牧原股份,2014-01-28,牧原食品股份有限公司,2014,monitor_pass,https://www.moa.gov.cn/nybgb/2014/shi/201712/P020180104776701107212.pdf,https://www.szse.cn/api/report/index/companyGeneralization?secCode=002714,https://static.cninfo.com.cn/finalpage/2026-02-26/1224984472.PDF,上市公司更名公告明确法律主体不变；交易所当前全称已更新,1,1,身份关系已核实候选；ST、退市时点及资格缺口仍待处理
002714,2015,牧原食品集团股份有限公司,深圳证券交易所,牧原股份,2014-01-28,牧原食品股份有限公司,2014,monitor_pass,https://www.moa.gov.cn/nybgb/2014/shi/201712/P020180104776701107212.pdf,https://www.szse.cn/api/report/index/companyGeneralization?secCode=002714,https://static.cninfo.com.cn/finalpage/2026-02-26/1224984472.PDF,上市公司更名公告明确法律主体不变；交易所当前全称已更新,1,1,身份关系已核实候选；ST、退市时点及资格缺口仍待处理
002714,2018,牧原食品集团股份有限公司,深圳证券交易所,牧原股份,2014-01-28,牧原食品股份有限公司,2018,monitor_pass,https://xccys.moa.gov.cn/gzdt/201812/t20181205_6314544.htm,https://www.szse.cn/api/report/index/companyGeneralization?secCode=002714,https://static.cninfo.com.cn/finalpage/2026-02-26/1224984472.PDF,上市公司更名公告明确法律主体不变；交易所当前全称已更新,1,1,身份关系已核实候选；ST、退市时点及资格缺口仍待处理
002714,2019,牧原食品集团股份有限公司,深圳证券交易所,牧原股份,2014-01-28,牧原食品股份有限公司,2018,monitor_pass,https://xccys.moa.gov.cn/gzdt/201812/t20181205_6314544.htm,https://www.szse.cn/api/report/index/companyGeneralization?secCode=002714,https://static.cninfo.com.cn/finalpage/2026-02-26/1224984472.PDF,上市公司更名公告明确法律主体不变；交易所当前全称已更新,1,1,身份关系已核实候选；ST、退市时点及资格缺口仍待处理
002714,2020,牧原食品集团股份有限公司,深圳证券交易所,牧原股份,2014-01-28,牧原食品股份有限公司,2020,monitor_pass,https://www.moa.gov.cn/nybgb/2020/202012/202102/P020210201587636946140.pdf,https://www.szse.cn/api/report/index/companyGeneralization?secCode=002714,https://static.cninfo.com.cn/finalpage/2026-02-26/1224984472.PDF,上市公司更名公告明确法律主体不变；交易所当前全称已更新,1,1,身份关系已核实候选；ST、退市时点及资格缺口仍待处理
002714,2021,牧原食品集团股份有限公司,深圳证券交易所,牧原股份,2014-01-28,牧原食品股份有限公司,2020,monitor_pass,https://www.moa.gov.cn/nybgb/2020/202012/202102/P020210201587636946140.pdf,https://www.szse.cn/api/report/index/companyGeneralization?secCode=002714,https://static.cninfo.com.cn/finalpage/2026-02-26/1224984472.PDF,上市公司更名公告明确法律主体不变；交易所当前全称已更新,1,1,身份关系已核实候选；ST、退市时点及资格缺口仍待处理
002714,2022,牧原食品集团股份有限公司,深圳证券交易所,牧原股份,2014-01-28,牧原食品股份有限公司,2020,monitor_pass,https://www.moa.gov.cn/nybgb/2020/202012/202102/P020210201587636946140.pdf,https://www.szse.cn/api/report/index/companyGeneralization?secCode=002714,https://static.cninfo.com.cn/finalpage/2026-02-26/1224984472.PDF,上市公司更名公告明确法律主体不变；交易所当前全称已更新,1,1,身份关系已核实候选；ST、退市时点及资格缺口仍待处理
002714,2023,牧原食品集团股份有限公司,深圳证券交易所,牧原股份,2014-01-28,牧原食品股份有限公司,2023,monitor_pass,https://www.moa.gov.cn/nybgb/2023/202306/202307/P020230719348171286633.pdf,https://www.szse.cn/api/report/index/companyGeneralization?secCode=002714,https://static.cninfo.com.cn/finalpage/2026-02-26/1224984472.PDF,上市公司更名公告明确法律主体不变；交易所当前全称已更新,1,1,身份关系已核实候选；ST、退市时点及资格缺口仍待处理
002719,2018,麦趣尔集团股份有限公司,深圳证券交易所,ST麦趣,2014-01-28,麦趣尔集团股份有限公司,2018,monitor_pass,https://xccys.moa.gov.cn/gzdt/201812/t20181205_6314544.htm,https://www.szse.cn/api/report/index/companyGeneralization?secCode=002719,https://www.szse.cn/api/report/index/companyGeneralization?secCode=002719,当前交易所法人全称与官方名单标准化后完全一致,1,1,身份关系已核实候选；ST、退市时点及资格缺口仍待处理
002719,2019,麦趣尔集团股份有限公司,深圳证券交易所,ST麦趣,2014-01-28,麦趣尔集团股份有限公司,2018,monitor_pass,https://xccys.moa.gov.cn/gzdt/201812/t20181205_6314544.htm,https://www.szse.cn/api/report/index/companyGeneralization?secCode=002719,https://www.szse.cn/api/report/index/companyGeneralization?secCode=002719,当前交易所法人全称与官方名单标准化后完全一致,1,1,身份关系已核实候选；ST、退市时点及资格缺口仍待处理
002719,2020,麦趣尔集团股份有限公司,深圳证券交易所,ST麦趣,2014-01-28,麦趣尔集团股份有限公司,2020,monitor_pass,https://www.moa.gov.cn/nybgb/2020/202012/202102/P020210201587636946140.pdf,https://www.szse.cn/api/report/index/companyGeneralization?secCode=002719,https://www.szse.cn/api/report/index/companyGeneralization?secCode=002719,当前交易所法人全称与官方名单标准化后完全一致,1,1,身份关系已核实候选；ST、退市时点及资格缺口仍待处理
002719,2021,麦趣尔集团股份有限公司,深圳证券交易所,ST麦趣,2014-01-28,麦趣尔集团股份有限公司,2020,monitor_pass,https://www.moa.gov.cn/nybgb/2020/202012/202102/P020210201587636946140.pdf,https://www.szse.cn/api/report/index/companyGeneralization?secCode=002719,https://www.szse.cn/api/report/index/companyGeneralization?secCode=002719,当前交易所法人全称与官方名单标准化后完全一致,1,1,身份关系已核实候选；ST、退市时点及资格缺口仍待处理
002719,2022,麦趣尔集团股份有限公司,深圳证券交易所,ST麦趣,2014-01-28,麦趣尔集团股份有限公司,2020,monitor_pass,https://www.moa.gov.cn/nybgb/2020/202012/202102/P020210201587636946140.pdf,https://www.szse.cn/api/report/index/companyGeneralization?secCode=002719,https://www.szse.cn/api/report/index/companyGeneralization?secCode=002719,当前交易所法人全称与官方名单标准化后完全一致,1,1,身份关系已核实候选；ST、退市时点及资格缺口仍待处理
002719,2023,麦趣尔集团股份有限公司,深圳证券交易所,ST麦趣,2014-01-28,麦趣尔集团股份有限公司,2023,monitor_pass,https://www.moa.gov.cn/nybgb/2023/202306/202307/P020230719348171286633.pdf,https://www.szse.cn/api/report/index/companyGeneralization?secCode=002719,https://www.szse.cn/api/report/index/companyGeneralization?secCode=002719,当前交易所法人全称与官方名单标准化后完全一致,1,1,身份关系已核实候选；ST、退市时点及资格缺口仍待处理
002732,2014,广东燕塘乳业股份有限公司,深圳证券交易所,燕塘乳业,2014-12-05,广东燕塘乳业股份有限公司,2014,monitor_pass,https://www.moa.gov.cn/nybgb/2014/shi/201712/P020180104776701107212.pdf,https://www.szse.cn/api/report/index/companyGeneralization?secCode=002732,https://www.szse.cn/api/report/index/companyGeneralization?secCode=002732,当前交易所法人全称与官方名单标准化后完全一致,1,1,身份关系已核实候选；ST、退市时点及资格缺口仍待处理
002732,2015,广东燕塘乳业股份有限公司,深圳证券交易所,燕塘乳业,2014-12-05,广东燕塘乳业股份有限公司,2014,monitor_pass,https://www.moa.gov.cn/nybgb/2014/shi/201712/P020180104776701107212.pdf,https://www.szse.cn/api/report/index/companyGeneralization?secCode=002732,https://www.szse.cn/api/report/index/companyGeneralization?secCode=002732,当前交易所法人全称与官方名单标准化后完全一致,1,1,身份关系已核实候选；ST、退市时点及资格缺口仍待处理
002732,2018,广东燕塘乳业股份有限公司,深圳证券交易所,燕塘乳业,2014-12-05,广东燕塘乳业股份有限公司,2018,monitor_pass,https://xccys.moa.gov.cn/gzdt/201812/t20181205_6314544.htm,https://www.szse.cn/api/report/index/companyGeneralization?secCode=002732,https://www.szse.cn/api/report/index/companyGeneralization?secCode=002732,当前交易所法人全称与官方名单标准化后完全一致,1,1,身份关系已核实候选；ST、退市时点及资格缺口仍待处理
002732,2019,广东燕塘乳业股份有限公司,深圳证券交易所,燕塘乳业,2014-12-05,广东燕塘乳业股份有限公司,2018,monitor_pass,https://xccys.moa.gov.cn/gzdt/201812/t20181205_6314544.htm,https://www.szse.cn/api/report/index/companyGeneralization?secCode=002732,https://www.szse.cn/api/report/index/companyGeneralization?secCode=002732,当前交易所法人全称与官方名单标准化后完全一致,1,1,身份关系已核实候选；ST、退市时点及资格缺口仍待处理
002732,2020,广东燕塘乳业股份有限公司,深圳证券交易所,燕塘乳业,2014-12-05,广东燕塘乳业股份有限公司,2020,monitor_pass,https://www.moa.gov.cn/nybgb/2020/202012/202102/P020210201587636946140.pdf,https://www.szse.cn/api/report/index/companyGeneralization?secCode=002732,https://www.szse.cn/api/report/index/companyGeneralization?secCode=002732,当前交易所法人全称与官方名单标准化后完全一致,1,1,身份关系已核实候选；ST、退市时点及资格缺口仍待处理
002732,2021,广东燕塘乳业股份有限公司,深圳证券交易所,燕塘乳业,2014-12-05,广东燕塘乳业股份有限公司,2020,monitor_pass,https://www.moa.gov.cn/nybgb/2020/202012/202102/P020210201587636946140.pdf,https://www.szse.cn/api/report/index/companyGeneralization?secCode=002732,https://www.szse.cn/api/report/index/companyGeneralization?secCode=002732,当前交易所法人全称与官方名单标准化后完全一致,1,1,身份关系已核实候选；ST、退市时点及资格缺口仍待处理
002732,2022,广东燕塘乳业股份有限公司,深圳证券交易所,燕塘乳业,2014-12-05,广东燕塘乳业股份有限公司,2020,monitor_pass,https://www.moa.gov.cn/nybgb/2020/202012/202102/P020210201587636946140.pdf,https://www.szse.cn/api/report/index/companyGeneralization?secCode=002732,https://www.szse.cn/api/report/index/companyGeneralization?secCode=002732,当前交易所法人全称与官方名单标准化后完全一致,1,1,身份关系已核实候选；ST、退市时点及资格缺口仍待处理
002732,2023,广东燕塘乳业股份有限公司,深圳证券交易所,燕塘乳业,2014-12-05,广东燕塘乳业股份有限公司,2023,monitor_pass,https://www.moa.gov.cn/nybgb/2023/202306/202307/P020230719348171286633.pdf,https://www.szse.cn/api/report/index/companyGeneralization?secCode=002732,https://www.szse.cn/api/report/index/companyGeneralization?secCode=002732,当前交易所法人全称与官方名单标准化后完全一致,1,1,身份关系已核实候选；ST、退市时点及资格缺口仍待处理
002746,2015,山东仙坛集团股份有限公司,深圳证券交易所,仙坛股份,2015-02-16,山东仙坛股份有限公司,2014,monitor_pass,https://www.moa.gov.cn/nybgb/2014/shi/201712/P020180104776701107212.pdf,https://www.szse.cn/api/report/index/companyGeneralization?secCode=002746,https://static.cninfo.com.cn/finalpage/2025-11-18/1224808717.PDF,上市公司公告列明由旧全称变更为当前全称且证券代码保持不变,1,1,身份关系已核实候选；ST、退市时点及资格缺口仍待处理
002746,2018,山东仙坛集团股份有限公司,深圳证券交易所,仙坛股份,2015-02-16,山东仙坛股份有限公司,2018,monitor_pass,https://xccys.moa.gov.cn/gzdt/201812/t20181205_6314544.htm,https://www.szse.cn/api/report/index/companyGeneralization?secCode=002746,https://static.cninfo.com.cn/finalpage/2025-11-18/1224808717.PDF,上市公司公告列明由旧全称变更为当前全称且证券代码保持不变,1,1,身份关系已核实候选；ST、退市时点及资格缺口仍待处理
002746,2019,山东仙坛集团股份有限公司,深圳证券交易所,仙坛股份,2015-02-16,山东仙坛股份有限公司,2018,monitor_pass,https://xccys.moa.gov.cn/gzdt/201812/t20181205_6314544.htm,https://www.szse.cn/api/report/index/companyGeneralization?secCode=002746,https://static.cninfo.com.cn/finalpage/2025-11-18/1224808717.PDF,上市公司公告列明由旧全称变更为当前全称且证券代码保持不变,1,1,身份关系已核实候选；ST、退市时点及资格缺口仍待处理
002746,2020,山东仙坛集团股份有限公司,深圳证券交易所,仙坛股份,2015-02-16,山东仙坛股份有限公司,2020,monitor_pass,https://www.moa.gov.cn/nybgb/2020/202012/202102/P020210201587636946140.pdf,https://www.szse.cn/api/report/index/companyGeneralization?secCode=002746,https://static.cninfo.com.cn/finalpage/2025-11-18/1224808717.PDF,上市公司公告列明由旧全称变更为当前全称且证券代码保持不变,1,1,身份关系已核实候选；ST、退市时点及资格缺口仍待处理
002746,2021,山东仙坛集团股份有限公司,深圳证券交易所,仙坛股份,2015-02-16,山东仙坛股份有限公司,2020,monitor_pass,https://www.moa.gov.cn/nybgb/2020/202012/202102/P020210201587636946140.pdf,https://www.szse.cn/api/report/index/companyGeneralization?secCode=002746,https://static.cninfo.com.cn/finalpage/2025-11-18/1224808717.PDF,上市公司公告列明由旧全称变更为当前全称且证券代码保持不变,1,1,身份关系已核实候选；ST、退市时点及资格缺口仍待处理
002746,2022,山东仙坛集团股份有限公司,深圳证券交易所,仙坛股份,2015-02-16,山东仙坛股份有限公司,2020,monitor_pass,https://www.moa.gov.cn/nybgb/2020/202012/202102/P020210201587636946140.pdf,https://www.szse.cn/api/report/index/companyGeneralization?secCode=002746,https://static.cninfo.com.cn/finalpage/2025-11-18/1224808717.PDF,上市公司公告列明由旧全称变更为当前全称且证券代码保持不变,1,1,身份关系已核实候选；ST、退市时点及资格缺口仍待处理
002746,2023,山东仙坛集团股份有限公司,深圳证券交易所,仙坛股份,2015-02-16,山东仙坛股份有限公司,2023,monitor_pass,https://www.moa.gov.cn/nybgb/2023/202306/202307/P020230719348171286633.pdf,https://www.szse.cn/api/report/index/companyGeneralization?secCode=002746,https://static.cninfo.com.cn/finalpage/2025-11-18/1224808717.PDF,上市公司公告列明由旧全称变更为当前全称且证券代码保持不变,1,1,身份关系已核实候选；ST、退市时点及资格缺口仍待处理
002772,2015,天水众兴菌业科技股份有限公司,深圳证券交易所,众兴菌业,2015-06-26,天水众兴菌业科技股份有限公司,2014,monitor_pass,https://www.moa.gov.cn/nybgb/2014/shi/201712/P020180104776701107212.pdf,https://www.szse.cn/api/report/index/companyGeneralization?secCode=002772,https://www.szse.cn/api/report/index/companyGeneralization?secCode=002772,当前交易所法人全称与官方名单标准化后完全一致,1,1,身份关系已核实候选；ST、退市时点及资格缺口仍待处理
002772,2018,天水众兴菌业科技股份有限公司,深圳证券交易所,众兴菌业,2015-06-26,天水众兴菌业科技股份有限公司,2018,monitor_pass,https://xccys.moa.gov.cn/gzdt/201812/t20181205_6314544.htm,https://www.szse.cn/api/report/index/companyGeneralization?secCode=002772,https://www.szse.cn/api/report/index/companyGeneralization?secCode=002772,当前交易所法人全称与官方名单标准化后完全一致,1,1,身份关系已核实候选；ST、退市时点及资格缺口仍待处理
002772,2019,天水众兴菌业科技股份有限公司,深圳证券交易所,众兴菌业,2015-06-26,天水众兴菌业科技股份有限公司,2018,monitor_pass,https://xccys.moa.gov.cn/gzdt/201812/t20181205_6314544.htm,https://www.szse.cn/api/report/index/companyGeneralization?secCode=002772,https://www.szse.cn/api/report/index/companyGeneralization?secCode=002772,当前交易所法人全称与官方名单标准化后完全一致,1,1,身份关系已核实候选；ST、退市时点及资格缺口仍待处理
002772,2020,天水众兴菌业科技股份有限公司,深圳证券交易所,众兴菌业,2015-06-26,天水众兴菌业科技股份有限公司,2020,monitor_pass,https://www.moa.gov.cn/nybgb/2020/202012/202102/P020210201587636946140.pdf,https://www.szse.cn/api/report/index/companyGeneralization?secCode=002772,https://www.szse.cn/api/report/index/companyGeneralization?secCode=002772,当前交易所法人全称与官方名单标准化后完全一致,1,1,身份关系已核实候选；ST、退市时点及资格缺口仍待处理
002772,2021,天水众兴菌业科技股份有限公司,深圳证券交易所,众兴菌业,2015-06-26,天水众兴菌业科技股份有限公司,2020,monitor_pass,https://www.moa.gov.cn/nybgb/2020/202012/202102/P020210201587636946140.pdf,https://www.szse.cn/api/report/index/companyGeneralization?secCode=002772,https://www.szse.cn/api/report/index/companyGeneralization?secCode=002772,当前交易所法人全称与官方名单标准化后完全一致,1,1,身份关系已核实候选；ST、退市时点及资格缺口仍待处理
002772,2022,天水众兴菌业科技股份有限公司,深圳证券交易所,众兴菌业,2015-06-26,天水众兴菌业科技股份有限公司,2020,monitor_pass,https://www.moa.gov.cn/nybgb/2020/202012/202102/P020210201587636946140.pdf,https://www.szse.cn/api/report/index/companyGeneralization?secCode=002772,https://www.szse.cn/api/report/index/companyGeneralization?secCode=002772,当前交易所法人全称与官方名单标准化后完全一致,1,1,身份关系已核实候选；ST、退市时点及资格缺口仍待处理
002772,2023,天水众兴菌业科技股份有限公司,深圳证券交易所,众兴菌业,2015-06-26,天水众兴菌业科技股份有限公司,2023,monitor_pass,https://www.moa.gov.cn/nybgb/2023/202306/202307/P020230719348171286633.pdf,https://www.szse.cn/api/report/index/companyGeneralization?secCode=002772,https://www.szse.cn/api/report/index/companyGeneralization?secCode=002772,当前交易所法人全称与官方名单标准化后完全一致,1,1,身份关系已核实候选；ST、退市时点及资格缺口仍待处理
002847,2019,盐津铺子食品股份有限公司,深圳证券交易所,盐津铺子,2017-02-08,盐津铺子食品股份有限公司,2019,recognition,https://www.moa.gov.cn/nybgb/2019/201912/202004/P020200410023357640054.pdf,https://www.szse.cn/api/report/index/companyGeneralization?secCode=002847,https://www.szse.cn/api/report/index/companyGeneralization?secCode=002847,当前交易所法人全称与官方名单标准化后完全一致,1,1,身份关系已核实候选；ST、退市时点及资格缺口仍待处理
002847,2020,盐津铺子食品股份有限公司,深圳证券交易所,盐津铺子,2017-02-08,盐津铺子食品股份有限公司,2019,recognition,https://www.moa.gov.cn/nybgb/2019/201912/202004/P020200410023357640054.pdf,https://www.szse.cn/api/report/index/companyGeneralization?secCode=002847,https://www.szse.cn/api/report/index/companyGeneralization?secCode=002847,当前交易所法人全称与官方名单标准化后完全一致,1,1,身份关系已核实候选；ST、退市时点及资格缺口仍待处理
002847,2021,盐津铺子食品股份有限公司,深圳证券交易所,盐津铺子,2017-02-08,盐津铺子食品股份有限公司,2019,recognition,https://www.moa.gov.cn/nybgb/2019/201912/202004/P020200410023357640054.pdf,https://www.szse.cn/api/report/index/companyGeneralization?secCode=002847,https://www.szse.cn/api/report/index/companyGeneralization?secCode=002847,当前交易所法人全称与官方名单标准化后完全一致,1,1,身份关系已核实候选；ST、退市时点及资格缺口仍待处理
002847,2022,盐津铺子食品股份有限公司,深圳证券交易所,盐津铺子,2017-02-08,盐津铺子食品股份有限公司,2019,recognition,https://www.moa.gov.cn/nybgb/2019/201912/202004/P020200410023357640054.pdf,https://www.szse.cn/api/report/index/companyGeneralization?secCode=002847,https://www.szse.cn/api/report/index/companyGeneralization?secCode=002847,当前交易所法人全称与官方名单标准化后完全一致,1,1,身份关系已核实候选；ST、退市时点及资格缺口仍待处理
002847,2023,盐津铺子食品股份有限公司,深圳证券交易所,盐津铺子,2017-02-08,盐津铺子食品股份有限公司,2023,monitor_pass,https://www.moa.gov.cn/nybgb/2023/202306/202307/P020230719348171286633.pdf,https://www.szse.cn/api/report/index/companyGeneralization?secCode=002847,https://www.szse.cn/api/report/index/companyGeneralization?secCode=002847,当前交易所法人全称与官方名单标准化后完全一致,1,1,身份关系已核实候选；ST、退市时点及资格缺口仍待处理
002852,2018,道道全粮油股份有限公司,深圳证券交易所,道道全,2017-03-10,道道全粮油股份有限公司,2018,monitor_pass,https://xccys.moa.gov.cn/gzdt/201812/t20181205_6314544.htm,https://www.szse.cn/api/report/index/companyGeneralization?secCode=002852,https://www.szse.cn/api/report/index/companyGeneralization?secCode=002852,当前交易所法人全称与官方名单标准化后完全一致,1,1,身份关系已核实候选；ST、退市时点及资格缺口仍待处理
002852,2019,道道全粮油股份有限公司,深圳证券交易所,道道全,2017-03-10,道道全粮油股份有限公司,2018,monitor_pass,https://xccys.moa.gov.cn/gzdt/201812/t20181205_6314544.htm,https://www.szse.cn/api/report/index/companyGeneralization?secCode=002852,https://www.szse.cn/api/report/index/companyGeneralization?secCode=002852,当前交易所法人全称与官方名单标准化后完全一致,1,1,身份关系已核实候选；ST、退市时点及资格缺口仍待处理
002852,2020,道道全粮油股份有限公司,深圳证券交易所,道道全,2017-03-10,道道全粮油股份有限公司,2020,monitor_pass,https://www.moa.gov.cn/nybgb/2020/202012/202102/P020210201587636946140.pdf,https://www.szse.cn/api/report/index/companyGeneralization?secCode=002852,https://www.szse.cn/api/report/index/companyGeneralization?secCode=002852,当前交易所法人全称与官方名单标准化后完全一致,1,1,身份关系已核实候选；ST、退市时点及资格缺口仍待处理
002852,2021,道道全粮油股份有限公司,深圳证券交易所,道道全,2017-03-10,道道全粮油股份有限公司,2020,monitor_pass,https://www.moa.gov.cn/nybgb/2020/202012/202102/P020210201587636946140.pdf,https://www.szse.cn/api/report/index/companyGeneralization?secCode=002852,https://www.szse.cn/api/report/index/companyGeneralization?secCode=002852,当前交易所法人全称与官方名单标准化后完全一致,1,1,身份关系已核实候选；ST、退市时点及资格缺口仍待处理
002852,2022,道道全粮油股份有限公司,深圳证券交易所,道道全,2017-03-10,道道全粮油股份有限公司,2020,monitor_pass,https://www.moa.gov.cn/nybgb/2020/202012/202102/P020210201587636946140.pdf,https://www.szse.cn/api/report/index/companyGeneralization?secCode=002852,https://www.szse.cn/api/report/index/companyGeneralization?secCode=002852,当前交易所法人全称与官方名单标准化后完全一致,1,1,身份关系已核实候选；ST、退市时点及资格缺口仍待处理
002852,2023,道道全粮油股份有限公司,深圳证券交易所,道道全,2017-03-10,道道全粮油股份有限公司,2023,monitor_pass,https://www.moa.gov.cn/nybgb/2023/202306/202307/P020230719348171286633.pdf,https://www.szse.cn/api/report/index/companyGeneralization?secCode=002852,https://www.szse.cn/api/report/index/companyGeneralization?secCode=002852,当前交易所法人全称与官方名单标准化后完全一致,1,1,身份关系已核实候选；ST、退市时点及资格缺口仍待处理
002873,2018,贵阳新天药业股份有限公司,深圳证券交易所,新天药业,2017-05-19,贵阳新天药业股份有限公司,2018,monitor_pass,https://xccys.moa.gov.cn/gzdt/201812/t20181205_6314544.htm,https://www.szse.cn/api/report/index/companyGeneralization?secCode=002873,https://www.szse.cn/api/report/index/companyGeneralization?secCode=002873,当前交易所法人全称与官方名单标准化后完全一致,1,1,身份关系已核实候选；ST、退市时点及资格缺口仍待处理
002873,2019,贵阳新天药业股份有限公司,深圳证券交易所,新天药业,2017-05-19,贵阳新天药业股份有限公司,2018,monitor_pass,https://xccys.moa.gov.cn/gzdt/201812/t20181205_6314544.htm,https://www.szse.cn/api/report/index/companyGeneralization?secCode=002873,https://www.szse.cn/api/report/index/companyGeneralization?secCode=002873,当前交易所法人全称与官方名单标准化后完全一致,1,1,身份关系已核实候选；ST、退市时点及资格缺口仍待处理
002873,2020,贵阳新天药业股份有限公司,深圳证券交易所,新天药业,2017-05-19,贵阳新天药业股份有限公司,2020,monitor_pass,https://www.moa.gov.cn/nybgb/2020/202012/202102/P020210201587636946140.pdf,https://www.szse.cn/api/report/index/companyGeneralization?secCode=002873,https://www.szse.cn/api/report/index/companyGeneralization?secCode=002873,当前交易所法人全称与官方名单标准化后完全一致,1,1,身份关系已核实候选；ST、退市时点及资格缺口仍待处理
002873,2021,贵阳新天药业股份有限公司,深圳证券交易所,新天药业,2017-05-19,贵阳新天药业股份有限公司,2020,monitor_pass,https://www.moa.gov.cn/nybgb/2020/202012/202102/P020210201587636946140.pdf,https://www.szse.cn/api/report/index/companyGeneralization?secCode=002873,https://www.szse.cn/api/report/index/companyGeneralization?secCode=002873,当前交易所法人全称与官方名单标准化后完全一致,1,1,身份关系已核实候选；ST、退市时点及资格缺口仍待处理
002873,2022,贵阳新天药业股份有限公司,深圳证券交易所,新天药业,2017-05-19,贵阳新天药业股份有限公司,2020,monitor_pass,https://www.moa.gov.cn/nybgb/2020/202012/202102/P020210201587636946140.pdf,https://www.szse.cn/api/report/index/companyGeneralization?secCode=002873,https://www.szse.cn/api/report/index/companyGeneralization?secCode=002873,当前交易所法人全称与官方名单标准化后完全一致,1,1,身份关系已核实候选；ST、退市时点及资格缺口仍待处理
002873,2023,贵阳新天药业股份有限公司,深圳证券交易所,新天药业,2017-05-19,贵阳新天药业股份有限公司,2023,monitor_pass,https://www.moa.gov.cn/nybgb/2023/202306/202307/P020230719348171286633.pdf,https://www.szse.cn/api/report/index/companyGeneralization?secCode=002873,https://www.szse.cn/api/report/index/companyGeneralization?secCode=002873,当前交易所法人全称与官方名单标准化后完全一致,1,1,身份关系已核实候选；ST、退市时点及资格缺口仍待处理
002910,2018,兰州庄园牧场股份有限公司,深圳证券交易所,庄园牧场,2017-10-31,兰州庄园牧场股份有限公司,2018,monitor_pass,https://xccys.moa.gov.cn/gzdt/201812/t20181205_6314544.htm,https://www.szse.cn/api/report/index/companyGeneralization?secCode=002910,https://www.szse.cn/api/report/index/companyGeneralization?secCode=002910,当前交易所法人全称与官方名单标准化后完全一致,1,1,身份关系已核实候选；ST、退市时点及资格缺口仍待处理
002910,2019,兰州庄园牧场股份有限公司,深圳证券交易所,庄园牧场,2017-10-31,兰州庄园牧场股份有限公司,2018,monitor_pass,https://xccys.moa.gov.cn/gzdt/201812/t20181205_6314544.htm,https://www.szse.cn/api/report/index/companyGeneralization?secCode=002910,https://www.szse.cn/api/report/index/companyGeneralization?secCode=002910,当前交易所法人全称与官方名单标准化后完全一致,1,1,身份关系已核实候选；ST、退市时点及资格缺口仍待处理
002910,2020,兰州庄园牧场股份有限公司,深圳证券交易所,庄园牧场,2017-10-31,兰州庄园牧场股份有限公司,2020,monitor_pass,https://www.moa.gov.cn/nybgb/2020/202012/202102/P020210201587636946140.pdf,https://www.szse.cn/api/report/index/companyGeneralization?secCode=002910,https://www.szse.cn/api/report/index/companyGeneralization?secCode=002910,当前交易所法人全称与官方名单标准化后完全一致,1,1,身份关系已核实候选；ST、退市时点及资格缺口仍待处理
002910,2021,兰州庄园牧场股份有限公司,深圳证券交易所,庄园牧场,2017-10-31,兰州庄园牧场股份有限公司,2020,monitor_pass,https://www.moa.gov.cn/nybgb/2020/202012/202102/P020210201587636946140.pdf,https://www.szse.cn/api/report/index/companyGeneralization?secCode=002910,https://www.szse.cn/api/report/index/companyGeneralization?secCode=002910,当前交易所法人全称与官方名单标准化后完全一致,1,1,身份关系已核实候选；ST、退市时点及资格缺口仍待处理
002910,2022,兰州庄园牧场股份有限公司,深圳证券交易所,庄园牧场,2017-10-31,兰州庄园牧场股份有限公司,2020,monitor_pass,https://www.moa.gov.cn/nybgb/2020/202012/202102/P020210201587636946140.pdf,https://www.szse.cn/api/report/index/companyGeneralization?secCode=002910,https://www.szse.cn/api/report/index/companyGeneralization?secCode=002910,当前交易所法人全称与官方名单标准化后完全一致,1,1,身份关系已核实候选；ST、退市时点及资格缺口仍待处理
002910,2023,兰州庄园牧场股份有限公司,深圳证券交易所,庄园牧场,2017-10-31,兰州庄园牧场股份有限公司,2023,monitor_pass,https://www.moa.gov.cn/nybgb/2023/202306/202307/P020230719348171286633.pdf,https://www.szse.cn/api/report/index/companyGeneralization?secCode=002910,https://www.szse.cn/api/report/index/companyGeneralization?secCode=002910,当前交易所法人全称与官方名单标准化后完全一致,1,1,身份关系已核实候选；ST、退市时点及资格缺口仍待处理
002982,2020,湖南湘佳牧业股份有限公司,深圳证券交易所,湘佳股份,2020-04-24,湖南湘佳牧业股份有限公司,2020,monitor_pass,https://www.moa.gov.cn/nybgb/2020/202012/202102/P020210201587636946140.pdf,https://www.szse.cn/api/report/index/companyGeneralization?secCode=002982,https://www.szse.cn/api/report/index/companyGeneralization?secCode=002982,当前交易所法人全称与官方名单标准化后完全一致,1,1,身份关系已核实候选；ST、退市时点及资格缺口仍待处理
002982,2021,湖南湘佳牧业股份有限公司,深圳证券交易所,湘佳股份,2020-04-24,湖南湘佳牧业股份有限公司,2020,monitor_pass,https://www.moa.gov.cn/nybgb/2020/202012/202102/P020210201587636946140.pdf,https://www.szse.cn/api/report/index/companyGeneralization?secCode=002982,https://www.szse.cn/api/report/index/companyGeneralization?secCode=002982,当前交易所法人全称与官方名单标准化后完全一致,1,1,身份关系已核实候选；ST、退市时点及资格缺口仍待处理
002982,2022,湖南湘佳牧业股份有限公司,深圳证券交易所,湘佳股份,2020-04-24,湖南湘佳牧业股份有限公司,2020,monitor_pass,https://www.moa.gov.cn/nybgb/2020/202012/202102/P020210201587636946140.pdf,https://www.szse.cn/api/report/index/companyGeneralization?secCode=002982,https://www.szse.cn/api/report/index/companyGeneralization?secCode=002982,当前交易所法人全称与官方名单标准化后完全一致,1,1,身份关系已核实候选；ST、退市时点及资格缺口仍待处理
002982,2023,湖南湘佳牧业股份有限公司,深圳证券交易所,湘佳股份,2020-04-24,湖南湘佳牧业股份有限公司,2023,monitor_pass,https://www.moa.gov.cn/nybgb/2023/202306/202307/P020230719348171286633.pdf,https://www.szse.cn/api/report/index/companyGeneralization?secCode=002982,https://www.szse.cn/api/report/index/companyGeneralization?secCode=002982,当前交易所法人全称与官方名单标准化后完全一致,1,1,身份关系已核实候选；ST、退市时点及资格缺口仍待处理
002991,2021,甘源食品股份有限公司,深圳证券交易所,甘源食品,2020-07-31,甘源食品股份有限公司,2021,recognition,https://xccys.moa.gov.cn/gzdt/202201/t20220113_6386872.htm,https://www.szse.cn/api/report/index/companyGeneralization?secCode=002991,https://www.szse.cn/api/report/index/companyGeneralization?secCode=002991,当前交易所法人全称与官方名单标准化后完全一致,1,1,身份关系已核实候选；ST、退市时点及资格缺口仍待处理
002991,2022,甘源食品股份有限公司,深圳证券交易所,甘源食品,2020-07-31,甘源食品股份有限公司,2021,recognition,https://xccys.moa.gov.cn/gzdt/202201/t20220113_6386872.htm,https://www.szse.cn/api/report/index/companyGeneralization?secCode=002991,https://www.szse.cn/api/report/index/companyGeneralization?secCode=002991,当前交易所法人全称与官方名单标准化后完全一致,1,1,身份关系已核实候选；ST、退市时点及资格缺口仍待处理
002991,2023,甘源食品股份有限公司,深圳证券交易所,甘源食品,2020-07-31,甘源食品股份有限公司,2021,recognition,https://xccys.moa.gov.cn/gzdt/202201/t20220113_6386872.htm,https://www.szse.cn/api/report/index/companyGeneralization?secCode=002991,https://www.szse.cn/api/report/index/companyGeneralization?secCode=002991,当前交易所法人全称与官方名单标准化后完全一致,1,1,身份关系已核实候选；ST、退市时点及资格缺口仍待处理
003000,2021,劲仔食品集团股份有限公司,深圳证券交易所,劲仔食品,2020-09-14,劲仔食品集团股份有限公司,2021,recognition,https://xccys.moa.gov.cn/gzdt/202201/t20220113_6386872.htm,https://www.szse.cn/api/report/index/companyGeneralization?secCode=003000,https://www.szse.cn/api/report/index/companyGeneralization?secCode=003000,当前交易所法人全称与官方名单标准化后完全一致,1,1,身份关系已核实候选；ST、退市时点及资格缺口仍待处理
003000,2022,劲仔食品集团股份有限公司,深圳证券交易所,劲仔食品,2020-09-14,劲仔食品集团股份有限公司,2021,recognition,https://xccys.moa.gov.cn/gzdt/202201/t20220113_6386872.htm,https://www.szse.cn/api/report/index/companyGeneralization?secCode=003000,https://www.szse.cn/api/report/index/companyGeneralization?secCode=003000,当前交易所法人全称与官方名单标准化后完全一致,1,1,身份关系已核实候选；ST、退市时点及资格缺口仍待处理
003000,2023,劲仔食品集团股份有限公司,深圳证券交易所,劲仔食品,2020-09-14,劲仔食品集团股份有限公司,2021,recognition,https://xccys.moa.gov.cn/gzdt/202201/t20220113_6386872.htm,https://www.szse.cn/api/report/index/companyGeneralization?secCode=003000,https://www.szse.cn/api/report/index/companyGeneralization?secCode=003000,当前交易所法人全称与官方名单标准化后完全一致,1,1,身份关系已核实候选；ST、退市时点及资格缺口仍待处理
300087,2019,安徽荃银高科种业股份有限公司,深圳证券交易所,ST荃银,2010-05-26,安徽荃银高科种业股份有限公司,2019,recognition,https://www.moa.gov.cn/nybgb/2019/201912/202004/P020200410023357640054.pdf,https://www.szse.cn/api/report/index/companyGeneralization?secCode=300087,https://www.szse.cn/api/report/index/companyGeneralization?secCode=300087,当前交易所法人全称与官方名单标准化后完全一致,1,1,身份关系已核实候选；ST、退市时点及资格缺口仍待处理
300087,2020,安徽荃银高科种业股份有限公司,深圳证券交易所,ST荃银,2010-05-26,安徽荃银高科种业股份有限公司,2019,recognition,https://www.moa.gov.cn/nybgb/2019/201912/202004/P020200410023357640054.pdf,https://www.szse.cn/api/report/index/companyGeneralization?secCode=300087,https://www.szse.cn/api/report/index/companyGeneralization?secCode=300087,当前交易所法人全称与官方名单标准化后完全一致,1,1,身份关系已核实候选；ST、退市时点及资格缺口仍待处理
300087,2021,安徽荃银高科种业股份有限公司,深圳证券交易所,ST荃银,2010-05-26,安徽荃银高科种业股份有限公司,2019,recognition,https://www.moa.gov.cn/nybgb/2019/201912/202004/P020200410023357640054.pdf,https://www.szse.cn/api/report/index/companyGeneralization?secCode=300087,https://www.szse.cn/api/report/index/companyGeneralization?secCode=300087,当前交易所法人全称与官方名单标准化后完全一致,1,1,身份关系已核实候选；ST、退市时点及资格缺口仍待处理
300087,2022,安徽荃银高科种业股份有限公司,深圳证券交易所,ST荃银,2010-05-26,安徽荃银高科种业股份有限公司,2019,recognition,https://www.moa.gov.cn/nybgb/2019/201912/202004/P020200410023357640054.pdf,https://www.szse.cn/api/report/index/companyGeneralization?secCode=300087,https://www.szse.cn/api/report/index/companyGeneralization?secCode=300087,当前交易所法人全称与官方名单标准化后完全一致,1,1,身份关系已核实候选；ST、退市时点及资格缺口仍待处理
300087,2023,安徽荃银高科种业股份有限公司,深圳证券交易所,ST荃银,2010-05-26,安徽荃银高科种业股份有限公司,2023,monitor_pass,https://www.moa.gov.cn/nybgb/2023/202306/202307/P020230719348171286633.pdf,https://www.szse.cn/api/report/index/companyGeneralization?secCode=300087,https://www.szse.cn/api/report/index/companyGeneralization?secCode=300087,当前交易所法人全称与官方名单标准化后完全一致,1,1,身份关系已核实候选；ST、退市时点及资格缺口仍待处理
300094,2014,湛江国联水产开发股份有限公司,深圳证券交易所,国联水产,2010-07-08,湛江国联水产开发股份有限公司,2014,monitor_pass,https://www.moa.gov.cn/nybgb/2014/shi/201712/P020180104776701107212.pdf,https://www.szse.cn/api/report/index/companyGeneralization?secCode=300094,https://www.szse.cn/api/report/index/companyGeneralization?secCode=300094,当前交易所法人全称与官方名单标准化后完全一致,1,1,身份关系已核实候选；ST、退市时点及资格缺口仍待处理
300094,2015,湛江国联水产开发股份有限公司,深圳证券交易所,国联水产,2010-07-08,湛江国联水产开发股份有限公司,2014,monitor_pass,https://www.moa.gov.cn/nybgb/2014/shi/201712/P020180104776701107212.pdf,https://www.szse.cn/api/report/index/companyGeneralization?secCode=300094,https://www.szse.cn/api/report/index/companyGeneralization?secCode=300094,当前交易所法人全称与官方名单标准化后完全一致,1,1,身份关系已核实候选；ST、退市时点及资格缺口仍待处理
300094,2018,湛江国联水产开发股份有限公司,深圳证券交易所,国联水产,2010-07-08,湛江国联水产开发股份有限公司,2018,monitor_pass,https://xccys.moa.gov.cn/gzdt/201812/t20181205_6314544.htm,https://www.szse.cn/api/report/index/companyGeneralization?secCode=300094,https://www.szse.cn/api/report/index/companyGeneralization?secCode=300094,当前交易所法人全称与官方名单标准化后完全一致,1,1,身份关系已核实候选；ST、退市时点及资格缺口仍待处理
300094,2019,湛江国联水产开发股份有限公司,深圳证券交易所,国联水产,2010-07-08,湛江国联水产开发股份有限公司,2018,monitor_pass,https://xccys.moa.gov.cn/gzdt/201812/t20181205_6314544.htm,https://www.szse.cn/api/report/index/companyGeneralization?secCode=300094,https://www.szse.cn/api/report/index/companyGeneralization?secCode=300094,当前交易所法人全称与官方名单标准化后完全一致,1,1,身份关系已核实候选；ST、退市时点及资格缺口仍待处理
300094,2020,湛江国联水产开发股份有限公司,深圳证券交易所,国联水产,2010-07-08,湛江国联水产开发股份有限公司,2020,monitor_pass,https://www.moa.gov.cn/nybgb/2020/202012/202102/P020210201587636946140.pdf,https://www.szse.cn/api/report/index/companyGeneralization?secCode=300094,https://www.szse.cn/api/report/index/companyGeneralization?secCode=300094,当前交易所法人全称与官方名单标准化后完全一致,1,1,身份关系已核实候选；ST、退市时点及资格缺口仍待处理
300094,2021,湛江国联水产开发股份有限公司,深圳证券交易所,国联水产,2010-07-08,湛江国联水产开发股份有限公司,2020,monitor_pass,https://www.moa.gov.cn/nybgb/2020/202012/202102/P020210201587636946140.pdf,https://www.szse.cn/api/report/index/companyGeneralization?secCode=300094,https://www.szse.cn/api/report/index/companyGeneralization?secCode=300094,当前交易所法人全称与官方名单标准化后完全一致,1,1,身份关系已核实候选；ST、退市时点及资格缺口仍待处理
300094,2022,湛江国联水产开发股份有限公司,深圳证券交易所,国联水产,2010-07-08,湛江国联水产开发股份有限公司,2020,monitor_pass,https://www.moa.gov.cn/nybgb/2020/202012/202102/P020210201587636946140.pdf,https://www.szse.cn/api/report/index/companyGeneralization?secCode=300094,https://www.szse.cn/api/report/index/companyGeneralization?secCode=300094,当前交易所法人全称与官方名单标准化后完全一致,1,1,身份关系已核实候选；ST、退市时点及资格缺口仍待处理
300094,2023,湛江国联水产开发股份有限公司,深圳证券交易所,国联水产,2010-07-08,湛江国联水产开发股份有限公司,2023,monitor_pass,https://www.moa.gov.cn/nybgb/2023/202306/202307/P020230719348171286633.pdf,https://www.szse.cn/api/report/index/companyGeneralization?secCode=300094,https://www.szse.cn/api/report/index/companyGeneralization?secCode=300094,当前交易所法人全称与官方名单标准化后完全一致,1,1,身份关系已核实候选；ST、退市时点及资格缺口仍待处理
300106,2014,新疆西部牧业股份有限公司,深圳证券交易所,西部牧业,2010-08-20,新疆西部牧业股份有限公司,2014,monitor_pass,https://www.moa.gov.cn/nybgb/2014/shi/201712/P020180104776701107212.pdf,https://www.szse.cn/api/report/index/companyGeneralization?secCode=300106,https://www.szse.cn/api/report/index/companyGeneralization?secCode=300106,当前交易所法人全称与官方名单标准化后完全一致,1,1,身份关系已核实候选；ST、退市时点及资格缺口仍待处理
300106,2015,新疆西部牧业股份有限公司,深圳证券交易所,西部牧业,2010-08-20,新疆西部牧业股份有限公司,2014,monitor_pass,https://www.moa.gov.cn/nybgb/2014/shi/201712/P020180104776701107212.pdf,https://www.szse.cn/api/report/index/companyGeneralization?secCode=300106,https://www.szse.cn/api/report/index/companyGeneralization?secCode=300106,当前交易所法人全称与官方名单标准化后完全一致,1,1,身份关系已核实候选；ST、退市时点及资格缺口仍待处理
300119,2021,瑞普生物股份有限公司,深圳证券交易所,瑞普生物,2010-09-17,天津瑞普生物技术股份有限公司,2021,recognition,https://xccys.moa.gov.cn/gzdt/202201/t20220113_6386872.htm,https://www.szse.cn/api/report/index/companyGeneralization?secCode=300119,https://static.cninfo.com.cn/finalpage/2024-12-14/1222017500.PDF,上市公司更名公告明确法律主体不变且证券代码保持不变,1,1,身份关系已核实候选；ST、退市时点及资格缺口仍待处理
300119,2022,瑞普生物股份有限公司,深圳证券交易所,瑞普生物,2010-09-17,天津瑞普生物技术股份有限公司,2021,recognition,https://xccys.moa.gov.cn/gzdt/202201/t20220113_6386872.htm,https://www.szse.cn/api/report/index/companyGeneralization?secCode=300119,https://static.cninfo.com.cn/finalpage/2024-12-14/1222017500.PDF,上市公司更名公告明确法律主体不变且证券代码保持不变,1,1,身份关系已核实候选；ST、退市时点及资格缺口仍待处理
300119,2023,瑞普生物股份有限公司,深圳证券交易所,瑞普生物,2010-09-17,天津瑞普生物技术股份有限公司,2021,recognition,https://xccys.moa.gov.cn/gzdt/202201/t20220113_6386872.htm,https://www.szse.cn/api/report/index/companyGeneralization?secCode=300119,https://static.cninfo.com.cn/finalpage/2024-12-14/1222017500.PDF,上市公司更名公告明确法律主体不变且证券代码保持不变,1,1,身份关系已核实候选；ST、退市时点及资格缺口仍待处理
300138,2014,晨光生物科技集团股份有限公司,深圳证券交易所,晨光生物,2010-11-05,晨光生物科技集团股份有限公司,2014,monitor_pass,https://www.moa.gov.cn/nybgb/2014/shi/201712/P020180104776701107212.pdf,https://www.szse.cn/api/report/index/companyGeneralization?secCode=300138,https://www.szse.cn/api/report/index/companyGeneralization?secCode=300138,当前交易所法人全称与官方名单标准化后完全一致,1,1,身份关系已核实候选；ST、退市时点及资格缺口仍待处理
300138,2015,晨光生物科技集团股份有限公司,深圳证券交易所,晨光生物,2010-11-05,晨光生物科技集团股份有限公司,2014,monitor_pass,https://www.moa.gov.cn/nybgb/2014/shi/201712/P020180104776701107212.pdf,https://www.szse.cn/api/report/index/companyGeneralization?secCode=300138,https://www.szse.cn/api/report/index/companyGeneralization?secCode=300138,当前交易所法人全称与官方名单标准化后完全一致,1,1,身份关系已核实候选；ST、退市时点及资格缺口仍待处理
300138,2018,晨光生物科技集团股份有限公司,深圳证券交易所,晨光生物,2010-11-05,晨光生物科技集团股份有限公司,2018,monitor_pass,https://xccys.moa.gov.cn/gzdt/201812/t20181205_6314544.htm,https://www.szse.cn/api/report/index/companyGeneralization?secCode=300138,https://www.szse.cn/api/report/index/companyGeneralization?secCode=300138,当前交易所法人全称与官方名单标准化后完全一致,1,1,身份关系已核实候选；ST、退市时点及资格缺口仍待处理
300138,2019,晨光生物科技集团股份有限公司,深圳证券交易所,晨光生物,2010-11-05,晨光生物科技集团股份有限公司,2018,monitor_pass,https://xccys.moa.gov.cn/gzdt/201812/t20181205_6314544.htm,https://www.szse.cn/api/report/index/companyGeneralization?secCode=300138,https://www.szse.cn/api/report/index/companyGeneralization?secCode=300138,当前交易所法人全称与官方名单标准化后完全一致,1,1,身份关系已核实候选；ST、退市时点及资格缺口仍待处理
300138,2020,晨光生物科技集团股份有限公司,深圳证券交易所,晨光生物,2010-11-05,晨光生物科技集团股份有限公司,2020,monitor_pass,https://www.moa.gov.cn/nybgb/2020/202012/202102/P020210201587636946140.pdf,https://www.szse.cn/api/report/index/companyGeneralization?secCode=300138,https://www.szse.cn/api/report/index/companyGeneralization?secCode=300138,当前交易所法人全称与官方名单标准化后完全一致,1,1,身份关系已核实候选；ST、退市时点及资格缺口仍待处理
300138,2021,晨光生物科技集团股份有限公司,深圳证券交易所,晨光生物,2010-11-05,晨光生物科技集团股份有限公司,2020,monitor_pass,https://www.moa.gov.cn/nybgb/2020/202012/202102/P020210201587636946140.pdf,https://www.szse.cn/api/report/index/companyGeneralization?secCode=300138,https://www.szse.cn/api/report/index/companyGeneralization?secCode=300138,当前交易所法人全称与官方名单标准化后完全一致,1,1,身份关系已核实候选；ST、退市时点及资格缺口仍待处理
300138,2022,晨光生物科技集团股份有限公司,深圳证券交易所,晨光生物,2010-11-05,晨光生物科技集团股份有限公司,2020,monitor_pass,https://www.moa.gov.cn/nybgb/2020/202012/202102/P020210201587636946140.pdf,https://www.szse.cn/api/report/index/companyGeneralization?secCode=300138,https://www.szse.cn/api/report/index/companyGeneralization?secCode=300138,当前交易所法人全称与官方名单标准化后完全一致,1,1,身份关系已核实候选；ST、退市时点及资格缺口仍待处理
300138,2023,晨光生物科技集团股份有限公司,深圳证券交易所,晨光生物,2010-11-05,晨光生物科技集团股份有限公司,2023,monitor_pass,https://www.moa.gov.cn/nybgb/2023/202306/202307/P020230719348171286633.pdf,https://www.szse.cn/api/report/index/companyGeneralization?secCode=300138,https://www.szse.cn/api/report/index/companyGeneralization?secCode=300138,当前交易所法人全称与官方名单标准化后完全一致,1,1,身份关系已核实候选；ST、退市时点及资格缺口仍待处理
300158,2019,山西振东制药股份有限公司,深圳证券交易所,振东制药,2011-01-07,山西振东制药股份有限公司,2019,recognition,https://www.moa.gov.cn/nybgb/2019/201912/202004/P020200410023357640054.pdf,https://www.szse.cn/api/report/index/companyGeneralization?secCode=300158,https://www.szse.cn/api/report/index/companyGeneralization?secCode=300158,当前交易所法人全称与官方名单标准化后完全一致,1,1,身份关系已核实候选；ST、退市时点及资格缺口仍待处理
300158,2020,山西振东制药股份有限公司,深圳证券交易所,振东制药,2011-01-07,山西振东制药股份有限公司,2019,recognition,https://www.moa.gov.cn/nybgb/2019/201912/202004/P020200410023357640054.pdf,https://www.szse.cn/api/report/index/companyGeneralization?secCode=300158,https://www.szse.cn/api/report/index/companyGeneralization?secCode=300158,当前交易所法人全称与官方名单标准化后完全一致,1,1,身份关系已核实候选；ST、退市时点及资格缺口仍待处理
300158,2021,山西振东制药股份有限公司,深圳证券交易所,振东制药,2011-01-07,山西振东制药股份有限公司,2019,recognition,https://www.moa.gov.cn/nybgb/2019/201912/202004/P020200410023357640054.pdf,https://www.szse.cn/api/report/index/companyGeneralization?secCode=300158,https://www.szse.cn/api/report/index/companyGeneralization?secCode=300158,当前交易所法人全称与官方名单标准化后完全一致,1,1,身份关系已核实候选；ST、退市时点及资格缺口仍待处理
300158,2022,山西振东制药股份有限公司,深圳证券交易所,振东制药,2011-01-07,山西振东制药股份有限公司,2019,recognition,https://www.moa.gov.cn/nybgb/2019/201912/202004/P020200410023357640054.pdf,https://www.szse.cn/api/report/index/companyGeneralization?secCode=300158,https://www.szse.cn/api/report/index/companyGeneralization?secCode=300158,当前交易所法人全称与官方名单标准化后完全一致,1,1,身份关系已核实候选；ST、退市时点及资格缺口仍待处理
300158,2023,山西振东制药股份有限公司,深圳证券交易所,振东制药,2011-01-07,山西振东制药股份有限公司,2023,monitor_pass,https://www.moa.gov.cn/nybgb/2023/202306/202307/P020230719348171286633.pdf,https://www.szse.cn/api/report/index/companyGeneralization?secCode=300158,https://www.szse.cn/api/report/index/companyGeneralization?secCode=300158,当前交易所法人全称与官方名单标准化后完全一致,1,1,身份关系已核实候选；ST、退市时点及资格缺口仍待处理
300189,2014,海南神农种业科技股份有限公司,深圳证券交易所,神农种业,2011-03-16,海南神农大丰种业科技股份有限公司,2014,monitor_pass,https://www.moa.gov.cn/nybgb/2014/shi/201712/P020180104776701107212.pdf,https://www.szse.cn/api/report/index/companyGeneralization?secCode=300189,https://static.cninfo.com.cn/finalpage/2025-04-26/1223326682.PDF,2024年年度报告明确名单名称为当前上市公司的原名,1,1,身份关系已核实候选；ST、退市时点及资格缺口仍待处理
300189,2015,海南神农种业科技股份有限公司,深圳证券交易所,神农种业,2011-03-16,海南神农大丰种业科技股份有限公司,2014,monitor_pass,https://www.moa.gov.cn/nybgb/2014/shi/201712/P020180104776701107212.pdf,https://www.szse.cn/api/report/index/companyGeneralization?secCode=300189,https://static.cninfo.com.cn/finalpage/2025-04-26/1223326682.PDF,2024年年度报告明确名单名称为当前上市公司的原名,1,1,身份关系已核实候选；ST、退市时点及资格缺口仍待处理
300189,2018,海南神农种业科技股份有限公司,深圳证券交易所,神农种业,2011-03-16,海南神农基因科技股份有限公司,2018,monitor_pass,https://xccys.moa.gov.cn/gzdt/201812/t20181205_6314544.htm,https://www.szse.cn/api/report/index/companyGeneralization?secCode=300189,https://static.cninfo.com.cn/finalpage/2025-04-26/1223326682.PDF,2024年年度报告明确名单名称为当前上市公司的原名,1,1,身份关系已核实候选；ST、退市时点及资格缺口仍待处理
300189,2019,海南神农种业科技股份有限公司,深圳证券交易所,神农种业,2011-03-16,海南神农基因科技股份有限公司,2018,monitor_pass,https://xccys.moa.gov.cn/gzdt/201812/t20181205_6314544.htm,https://www.szse.cn/api/report/index/companyGeneralization?secCode=300189,https://static.cninfo.com.cn/finalpage/2025-04-26/1223326682.PDF,2024年年度报告明确名单名称为当前上市公司的原名,1,1,身份关系已核实候选；ST、退市时点及资格缺口仍待处理
300189,2020,海南神农种业科技股份有限公司,深圳证券交易所,神农种业,2011-03-16,海南神农科技股份有限公司,2020,monitor_pass,https://www.moa.gov.cn/nybgb/2020/202012/202102/P020210201587636946140.pdf,https://www.szse.cn/api/report/index/companyGeneralization?secCode=300189,https://static.cninfo.com.cn/finalpage/2025-04-26/1223326682.PDF,2024年年度报告明确名单名称为当前上市公司的原名,1,1,身份关系已核实候选；ST、退市时点及资格缺口仍待处理
300189,2021,海南神农种业科技股份有限公司,深圳证券交易所,神农种业,2011-03-16,海南神农科技股份有限公司,2020,monitor_pass,https://www.moa.gov.cn/nybgb/2020/202012/202102/P020210201587636946140.pdf,https://www.szse.cn/api/report/index/companyGeneralization?secCode=300189,https://static.cninfo.com.cn/finalpage/2025-04-26/1223326682.PDF,2024年年度报告明确名单名称为当前上市公司的原名,1,1,身份关系已核实候选；ST、退市时点及资格缺口仍待处理
300189,2022,海南神农种业科技股份有限公司,深圳证券交易所,神农种业,2011-03-16,海南神农科技股份有限公司,2020,monitor_pass,https://www.moa.gov.cn/nybgb/2020/202012/202102/P020210201587636946140.pdf,https://www.szse.cn/api/report/index/companyGeneralization?secCode=300189,https://static.cninfo.com.cn/finalpage/2025-04-26/1223326682.PDF,2024年年度报告明确名单名称为当前上市公司的原名,1,1,身份关系已核实候选；ST、退市时点及资格缺口仍待处理
300189,2023,海南神农种业科技股份有限公司,深圳证券交易所,神农种业,2011-03-16,海南神农科技股份有限公司,2023,monitor_pass,https://www.moa.gov.cn/nybgb/2023/202306/202307/P020230719348171286633.pdf,https://www.szse.cn/api/report/index/companyGeneralization?secCode=300189,https://static.cninfo.com.cn/finalpage/2025-04-26/1223326682.PDF,2024年年度报告明确名单名称为当前上市公司的原名,1,1,身份关系已核实候选；ST、退市时点及资格缺口仍待处理
300498,2015,温氏食品集团股份有限公司,深圳证券交易所,温氏股份,2015-11-02,广东温氏食品集团股份有限公司,2014,monitor_pass,https://www.moa.gov.cn/nybgb/2014/shi/201712/P020180104776701107212.pdf,https://www.szse.cn/api/report/index/companyGeneralization?secCode=300498,https://static.cninfo.com.cn/finalpage/2018-08-16/1205296769.PDF,上市公司完成公司名称工商登记变更公告,1,1,身份关系已核实候选；ST、退市时点及资格缺口仍待处理
300498,2018,温氏食品集团股份有限公司,深圳证券交易所,温氏股份,2015-11-02,广东温氏食品集团股份有限公司,2018,monitor_pass,https://xccys.moa.gov.cn/gzdt/201812/t20181205_6314544.htm,https://www.szse.cn/api/report/index/companyGeneralization?secCode=300498,https://static.cninfo.com.cn/finalpage/2018-08-16/1205296769.PDF,上市公司完成公司名称工商登记变更公告,1,1,身份关系已核实候选；ST、退市时点及资格缺口仍待处理
300498,2019,温氏食品集团股份有限公司,深圳证券交易所,温氏股份,2015-11-02,广东温氏食品集团股份有限公司,2018,monitor_pass,https://xccys.moa.gov.cn/gzdt/201812/t20181205_6314544.htm,https://www.szse.cn/api/report/index/companyGeneralization?secCode=300498,https://static.cninfo.com.cn/finalpage/2018-08-16/1205296769.PDF,上市公司完成公司名称工商登记变更公告,1,1,身份关系已核实候选；ST、退市时点及资格缺口仍待处理
300498,2020,温氏食品集团股份有限公司,深圳证券交易所,温氏股份,2015-11-02,温氏食品集团股份有限公司,2020,monitor_pass,https://www.moa.gov.cn/nybgb/2020/202012/202102/P020210201587636946140.pdf,https://www.szse.cn/api/report/index/companyGeneralization?secCode=300498,https://www.szse.cn/api/report/index/companyGeneralization?secCode=300498,当前交易所法人全称与官方名单标准化后完全一致,1,1,身份关系已核实候选；ST、退市时点及资格缺口仍待处理
300498,2021,温氏食品集团股份有限公司,深圳证券交易所,温氏股份,2015-11-02,温氏食品集团股份有限公司,2020,monitor_pass,https://www.moa.gov.cn/nybgb/2020/202012/202102/P020210201587636946140.pdf,https://www.szse.cn/api/report/index/companyGeneralization?secCode=300498,https://www.szse.cn/api/report/index/companyGeneralization?secCode=300498,当前交易所法人全称与官方名单标准化后完全一致,1,1,身份关系已核实候选；ST、退市时点及资格缺口仍待处理
300498,2022,温氏食品集团股份有限公司,深圳证券交易所,温氏股份,2015-11-02,温氏食品集团股份有限公司,2020,monitor_pass,https://www.moa.gov.cn/nybgb/2020/202012/202102/P020210201587636946140.pdf,https://www.szse.cn/api/report/index/companyGeneralization?secCode=300498,https://www.szse.cn/api/report/index/companyGeneralization?secCode=300498,当前交易所法人全称与官方名单标准化后完全一致,1,1,身份关系已核实候选；ST、退市时点及资格缺口仍待处理
300498,2023,温氏食品集团股份有限公司,深圳证券交易所,温氏股份,2015-11-02,温氏食品集团股份有限公司,2023,monitor_pass,https://www.moa.gov.cn/nybgb/2023/202306/202307/P020230719348171286633.pdf,https://www.szse.cn/api/report/index/companyGeneralization?secCode=300498,https://www.szse.cn/api/report/index/companyGeneralization?secCode=300498,当前交易所法人全称与官方名单标准化后完全一致,1,1,身份关系已核实候选；ST、退市时点及资格缺口仍待处理
300511,2018,上海雪榕生物科技股份有限公司,深圳证券交易所,雪榕生物,2016-05-04,上海雪榕生物科技股份有限公司,2018,monitor_pass,https://xccys.moa.gov.cn/gzdt/201812/t20181205_6314544.htm,https://www.szse.cn/api/report/index/companyGeneralization?secCode=300511,https://www.szse.cn/api/report/index/companyGeneralization?secCode=300511,当前交易所法人全称与官方名单标准化后完全一致,1,1,身份关系已核实候选；ST、退市时点及资格缺口仍待处理
300511,2019,上海雪榕生物科技股份有限公司,深圳证券交易所,雪榕生物,2016-05-04,上海雪榕生物科技股份有限公司,2018,monitor_pass,https://xccys.moa.gov.cn/gzdt/201812/t20181205_6314544.htm,https://www.szse.cn/api/report/index/companyGeneralization?secCode=300511,https://www.szse.cn/api/report/index/companyGeneralization?secCode=300511,当前交易所法人全称与官方名单标准化后完全一致,1,1,身份关系已核实候选；ST、退市时点及资格缺口仍待处理
300511,2020,上海雪榕生物科技股份有限公司,深圳证券交易所,雪榕生物,2016-05-04,上海雪榕生物科技股份有限公司,2020,monitor_pass,https://www.moa.gov.cn/nybgb/2020/202012/202102/P020210201587636946140.pdf,https://www.szse.cn/api/report/index/companyGeneralization?secCode=300511,https://www.szse.cn/api/report/index/companyGeneralization?secCode=300511,当前交易所法人全称与官方名单标准化后完全一致,1,1,身份关系已核实候选；ST、退市时点及资格缺口仍待处理
300511,2021,上海雪榕生物科技股份有限公司,深圳证券交易所,雪榕生物,2016-05-04,上海雪榕生物科技股份有限公司,2020,monitor_pass,https://www.moa.gov.cn/nybgb/2020/202012/202102/P020210201587636946140.pdf,https://www.szse.cn/api/report/index/companyGeneralization?secCode=300511,https://www.szse.cn/api/report/index/companyGeneralization?secCode=300511,当前交易所法人全称与官方名单标准化后完全一致,1,1,身份关系已核实候选；ST、退市时点及资格缺口仍待处理
300511,2022,上海雪榕生物科技股份有限公司,深圳证券交易所,雪榕生物,2016-05-04,上海雪榕生物科技股份有限公司,2020,monitor_pass,https://www.moa.gov.cn/nybgb/2020/202012/202102/P020210201587636946140.pdf,https://www.szse.cn/api/report/index/companyGeneralization?secCode=300511,https://www.szse.cn/api/report/index/companyGeneralization?secCode=300511,当前交易所法人全称与官方名单标准化后完全一致,1,1,身份关系已核实候选；ST、退市时点及资格缺口仍待处理
300511,2023,上海雪榕生物科技股份有限公司,深圳证券交易所,雪榕生物,2016-05-04,上海雪榕生物科技股份有限公司,2023,monitor_pass,https://www.moa.gov.cn/nybgb/2023/202306/202307/P020230719348171286633.pdf,https://www.szse.cn/api/report/index/companyGeneralization?secCode=300511,https://www.szse.cn/api/report/index/companyGeneralization?secCode=300511,当前交易所法人全称与官方名单标准化后完全一致,1,1,身份关系已核实候选；ST、退市时点及资格缺口仍待处理
300783,2020,三只松鼠股份有限公司,深圳证券交易所,三只松鼠,2019-07-12,三只松鼠股份有限公司,2020,monitor_pass,https://www.moa.gov.cn/nybgb/2020/202012/202102/P020210201587636946140.pdf,https://www.szse.cn/api/report/index/companyGeneralization?secCode=300783,https://www.szse.cn/api/report/index/companyGeneralization?secCode=300783,当前交易所法人全称与官方名单标准化后完全一致,1,1,身份关系已核实候选；ST、退市时点及资格缺口仍待处理
300783,2021,三只松鼠股份有限公司,深圳证券交易所,三只松鼠,2019-07-12,三只松鼠股份有限公司,2020,monitor_pass,https://www.moa.gov.cn/nybgb/2020/202012/202102/P020210201587636946140.pdf,https://www.szse.cn/api/report/index/companyGeneralization?secCode=300783,https://www.szse.cn/api/report/index/companyGeneralization?secCode=300783,当前交易所法人全称与官方名单标准化后完全一致,1,1,身份关系已核实候选；ST、退市时点及资格缺口仍待处理
300783,2022,三只松鼠股份有限公司,深圳证券交易所,三只松鼠,2019-07-12,三只松鼠股份有限公司,2020,monitor_pass,https://www.moa.gov.cn/nybgb/2020/202012/202102/P020210201587636946140.pdf,https://www.szse.cn/api/report/index/companyGeneralization?secCode=300783,https://www.szse.cn/api/report/index/companyGeneralization?secCode=300783,当前交易所法人全称与官方名单标准化后完全一致,1,1,身份关系已核实候选；ST、退市时点及资格缺口仍待处理
300783,2023,三只松鼠股份有限公司,深圳证券交易所,三只松鼠,2019-07-12,三只松鼠股份有限公司,2023,monitor_pass,https://www.moa.gov.cn/nybgb/2023/202306/202307/P020230719348171286633.pdf,https://www.szse.cn/api/report/index/companyGeneralization?secCode=300783,https://www.szse.cn/api/report/index/companyGeneralization?secCode=300783,当前交易所法人全称与官方名单标准化后完全一致,1,1,身份关系已核实候选；ST、退市时点及资格缺口仍待处理
300871,2021,武汉回盛生物科技股份有限公司,深圳证券交易所,回盛生物,2020-08-24,武汉回盛生物科技股份有限公司,2021,recognition,https://xccys.moa.gov.cn/gzdt/202201/t20220113_6386872.htm,https://www.szse.cn/api/report/index/companyGeneralization?secCode=300871,https://www.szse.cn/api/report/index/companyGeneralization?secCode=300871,当前交易所法人全称与官方名单标准化后完全一致,1,1,身份关系已核实候选；ST、退市时点及资格缺口仍待处理
300871,2022,武汉回盛生物科技股份有限公司,深圳证券交易所,回盛生物,2020-08-24,武汉回盛生物科技股份有限公司,2021,recognition,https://xccys.moa.gov.cn/gzdt/202201/t20220113_6386872.htm,https://www.szse.cn/api/report/index/companyGeneralization?secCode=300871,https://www.szse.cn/api/report/index/companyGeneralization?secCode=300871,当前交易所法人全称与官方名单标准化后完全一致,1,1,身份关系已核实候选；ST、退市时点及资格缺口仍待处理
300871,2023,武汉回盛生物科技股份有限公司,深圳证券交易所,回盛生物,2020-08-24,武汉回盛生物科技股份有限公司,2021,recognition,https://xccys.moa.gov.cn/gzdt/202201/t20220113_6386872.htm,https://www.szse.cn/api/report/index/companyGeneralization?secCode=300871,https://www.szse.cn/api/report/index/companyGeneralization?secCode=300871,当前交易所法人全称与官方名单标准化后完全一致,1,1,身份关系已核实候选；ST、退市时点及资格缺口仍待处理
300898,2023,熊猫乳品集团股份有限公司,深圳证券交易所,熊猫乳品,2020-10-16,熊猫乳品集团股份有限公司,2023,replacement,https://www.moa.gov.cn/nybgb/2023/202306/202307/P020230719348171286633.pdf,https://www.szse.cn/api/report/index/companyGeneralization?secCode=300898,https://www.szse.cn/api/report/index/companyGeneralization?secCode=300898,当前交易所法人全称与官方名单标准化后完全一致,1,1,身份关系已核实候选；ST、退市时点及资格缺口仍待处理
300908,2020,仲景食品股份有限公司,深圳证券交易所,仲景食品,2020-11-23,仲景食品股份有限公司,2019,recognition,https://www.moa.gov.cn/nybgb/2019/201912/202004/P020200410023357640054.pdf,https://www.szse.cn/api/report/index/companyGeneralization?secCode=300908,https://www.szse.cn/api/report/index/companyGeneralization?secCode=300908,当前交易所法人全称与官方名单标准化后完全一致,1,1,身份关系已核实候选；ST、退市时点及资格缺口仍待处理
300908,2021,仲景食品股份有限公司,深圳证券交易所,仲景食品,2020-11-23,仲景食品股份有限公司,2019,recognition,https://www.moa.gov.cn/nybgb/2019/201912/202004/P020200410023357640054.pdf,https://www.szse.cn/api/report/index/companyGeneralization?secCode=300908,https://www.szse.cn/api/report/index/companyGeneralization?secCode=300908,当前交易所法人全称与官方名单标准化后完全一致,1,1,身份关系已核实候选；ST、退市时点及资格缺口仍待处理
300908,2022,仲景食品股份有限公司,深圳证券交易所,仲景食品,2020-11-23,仲景食品股份有限公司,2019,recognition,https://www.moa.gov.cn/nybgb/2019/201912/202004/P020200410023357640054.pdf,https://www.szse.cn/api/report/index/companyGeneralization?secCode=300908,https://www.szse.cn/api/report/index/companyGeneralization?secCode=300908,当前交易所法人全称与官方名单标准化后完全一致,1,1,身份关系已核实候选；ST、退市时点及资格缺口仍待处理
300908,2023,仲景食品股份有限公司,深圳证券交易所,仲景食品,2020-11-23,仲景食品股份有限公司,2023,monitor_pass,https://www.moa.gov.cn/nybgb/2023/202306/202307/P020230719348171286633.pdf,https://www.szse.cn/api/report/index/companyGeneralization?secCode=300908,https://www.szse.cn/api/report/index/companyGeneralization?secCode=300908,当前交易所法人全称与官方名单标准化后完全一致,1,1,身份关系已核实候选；ST、退市时点及资格缺口仍待处理
300967,2021,宁夏晓鸣农牧股份有限公司,深圳证券交易所,晓鸣股份,2021-04-13,宁夏晓鸣农牧股份有限公司,2019,recognition,https://www.moa.gov.cn/nybgb/2019/201912/202004/P020200410023357640054.pdf,https://www.szse.cn/api/report/index/companyGeneralization?secCode=300967,https://www.szse.cn/api/report/index/companyGeneralization?secCode=300967,当前交易所法人全称与官方名单标准化后完全一致,1,1,身份关系已核实候选；ST、退市时点及资格缺口仍待处理
300967,2022,宁夏晓鸣农牧股份有限公司,深圳证券交易所,晓鸣股份,2021-04-13,宁夏晓鸣农牧股份有限公司,2019,recognition,https://www.moa.gov.cn/nybgb/2019/201912/202004/P020200410023357640054.pdf,https://www.szse.cn/api/report/index/companyGeneralization?secCode=300967,https://www.szse.cn/api/report/index/companyGeneralization?secCode=300967,当前交易所法人全称与官方名单标准化后完全一致,1,1,身份关系已核实候选；ST、退市时点及资格缺口仍待处理
300967,2023,宁夏晓鸣农牧股份有限公司,深圳证券交易所,晓鸣股份,2021-04-13,宁夏晓鸣农牧股份有限公司,2023,monitor_pass,https://www.moa.gov.cn/nybgb/2023/202306/202307/P020230719348171286633.pdf,https://www.szse.cn/api/report/index/companyGeneralization?secCode=300967,https://www.szse.cn/api/report/index/companyGeneralization?secCode=300967,当前交易所法人全称与官方名单标准化后完全一致,1,1,身份关系已核实候选；ST、退市时点及资格缺口仍待处理
300970,2021,江苏华绿生物科技集团股份有限公司,深圳证券交易所,华绿生物,2021-04-12,江苏华绿生物科技股份有限公司,2019,recognition,https://www.moa.gov.cn/nybgb/2019/201912/202004/P020200410023357640054.pdf,https://www.szse.cn/api/report/index/companyGeneralization?secCode=300970,https://static.cninfo.com.cn/finalpage/2026-02-11/1224977414.PDF,法律意见书以同一统一社会信用代码和证券代码连接当前名称与原上市名称,1,1,身份关系已核实候选；ST、退市时点及资格缺口仍待处理
300970,2022,江苏华绿生物科技集团股份有限公司,深圳证券交易所,华绿生物,2021-04-12,江苏华绿生物科技股份有限公司,2019,recognition,https://www.moa.gov.cn/nybgb/2019/201912/202004/P020200410023357640054.pdf,https://www.szse.cn/api/report/index/companyGeneralization?secCode=300970,https://static.cninfo.com.cn/finalpage/2026-02-11/1224977414.PDF,法律意见书以同一统一社会信用代码和证券代码连接当前名称与原上市名称,1,1,身份关系已核实候选；ST、退市时点及资格缺口仍待处理
300970,2023,江苏华绿生物科技集团股份有限公司,深圳证券交易所,华绿生物,2021-04-12,江苏华绿生物科技股份有限公司,2023,monitor_pass,https://www.moa.gov.cn/nybgb/2023/202306/202307/P020230719348171286633.pdf,https://www.szse.cn/api/report/index/companyGeneralization?secCode=300970,https://static.cninfo.com.cn/finalpage/2026-02-11/1224977414.PDF,法律意见书以同一统一社会信用代码和证券代码连接当前名称与原上市名称,1,1,身份关系已核实候选；ST、退市时点及资格缺口仍待处理
301116,2022,江苏益客食品集团股份有限公司,深圳证券交易所,益客食品,2022-01-18,江苏益客食品集团股份有限公司,2020,monitor_pass,https://www.moa.gov.cn/nybgb/2020/202012/202102/P020210201587636946140.pdf,https://www.szse.cn/api/report/index/companyGeneralization?secCode=301116,https://www.szse.cn/api/report/index/companyGeneralization?secCode=301116,当前交易所法人全称与官方名单标准化后完全一致,1,1,身份关系已核实候选；ST、退市时点及资格缺口仍待处理
301116,2023,江苏益客食品集团股份有限公司,深圳证券交易所,益客食品,2022-01-18,江苏益客食品集团股份有限公司,2023,monitor_pass,https://www.moa.gov.cn/nybgb/2023/202306/202307/P020230719348171286633.pdf,https://www.szse.cn/api/report/index/companyGeneralization?secCode=301116,https://www.szse.cn/api/report/index/companyGeneralization?secCode=301116,当前交易所法人全称与官方名单标准化后完全一致,1,1,身份关系已核实候选；ST、退市时点及资格缺口仍待处理
301498,2023,乖宝宠物食品集团股份有限公司,深圳证券交易所,乖宝宠物,2023-08-16,乖宝宠物食品集团股份有限公司,2023,replacement,https://www.moa.gov.cn/nybgb/2023/202306/202307/P020230719348171286633.pdf,https://www.szse.cn/api/report/index/companyGeneralization?secCode=301498,https://www.szse.cn/api/report/index/companyGeneralization?secCode=301498,当前交易所法人全称与官方名单标准化后完全一致,1,1,身份关系已核实候选；ST、退市时点及资格缺口仍待处理
600108,2014,甘肃亚盛实业(集团)股份有限公司,上海证券交易所,亚盛集团,19970818,甘肃亚盛实业（集团）股份有限公司,2014,monitor_pass,https://www.moa.gov.cn/nybgb/2014/shi/201712/P020180104776701107212.pdf,https://query.sse.com.cn/commonQuery.do?sqlId=COMMON_SSE_CP_GPJCTPZ_GPLB_GP_L,https://query.sse.com.cn/commonQuery.do?sqlId=COMMON_SSE_CP_GPJCTPZ_GPLB_GP_L,当前交易所法人全称与官方名单标准化后完全一致,1,1,身份关系已核实候选；ST、退市时点及资格缺口仍待处理
600108,2015,甘肃亚盛实业(集团)股份有限公司,上海证券交易所,亚盛集团,19970818,甘肃亚盛实业（集团）股份有限公司,2014,monitor_pass,https://www.moa.gov.cn/nybgb/2014/shi/201712/P020180104776701107212.pdf,https://query.sse.com.cn/commonQuery.do?sqlId=COMMON_SSE_CP_GPJCTPZ_GPLB_GP_L,https://query.sse.com.cn/commonQuery.do?sqlId=COMMON_SSE_CP_GPJCTPZ_GPLB_GP_L,当前交易所法人全称与官方名单标准化后完全一致,1,1,身份关系已核实候选；ST、退市时点及资格缺口仍待处理
600108,2018,甘肃亚盛实业(集团)股份有限公司,上海证券交易所,亚盛集团,19970818,甘肃亚盛实业（集团）股份有限公司,2018,monitor_pass,https://xccys.moa.gov.cn/gzdt/201812/t20181205_6314544.htm,https://query.sse.com.cn/commonQuery.do?sqlId=COMMON_SSE_CP_GPJCTPZ_GPLB_GP_L,https://query.sse.com.cn/commonQuery.do?sqlId=COMMON_SSE_CP_GPJCTPZ_GPLB_GP_L,当前交易所法人全称与官方名单标准化后完全一致,1,1,身份关系已核实候选；ST、退市时点及资格缺口仍待处理
600108,2019,甘肃亚盛实业(集团)股份有限公司,上海证券交易所,亚盛集团,19970818,甘肃亚盛实业（集团）股份有限公司,2018,monitor_pass,https://xccys.moa.gov.cn/gzdt/201812/t20181205_6314544.htm,https://query.sse.com.cn/commonQuery.do?sqlId=COMMON_SSE_CP_GPJCTPZ_GPLB_GP_L,https://query.sse.com.cn/commonQuery.do?sqlId=COMMON_SSE_CP_GPJCTPZ_GPLB_GP_L,当前交易所法人全称与官方名单标准化后完全一致,1,1,身份关系已核实候选；ST、退市时点及资格缺口仍待处理
600108,2020,甘肃亚盛实业(集团)股份有限公司,上海证券交易所,亚盛集团,19970818,甘肃亚盛实业（集团）股份有限公司,2020,monitor_pass,https://www.moa.gov.cn/nybgb/2020/202012/202102/P020210201587636946140.pdf,https://query.sse.com.cn/commonQuery.do?sqlId=COMMON_SSE_CP_GPJCTPZ_GPLB_GP_L,https://query.sse.com.cn/commonQuery.do?sqlId=COMMON_SSE_CP_GPJCTPZ_GPLB_GP_L,当前交易所法人全称与官方名单标准化后完全一致,1,1,身份关系已核实候选；ST、退市时点及资格缺口仍待处理
600108,2021,甘肃亚盛实业(集团)股份有限公司,上海证券交易所,亚盛集团,19970818,甘肃亚盛实业（集团）股份有限公司,2020,monitor_pass,https://www.moa.gov.cn/nybgb/2020/202012/202102/P020210201587636946140.pdf,https://query.sse.com.cn/commonQuery.do?sqlId=COMMON_SSE_CP_GPJCTPZ_GPLB_GP_L,https://query.sse.com.cn/commonQuery.do?sqlId=COMMON_SSE_CP_GPJCTPZ_GPLB_GP_L,当前交易所法人全称与官方名单标准化后完全一致,1,1,身份关系已核实候选；ST、退市时点及资格缺口仍待处理
600108,2022,甘肃亚盛实业(集团)股份有限公司,上海证券交易所,亚盛集团,19970818,甘肃亚盛实业（集团）股份有限公司,2020,monitor_pass,https://www.moa.gov.cn/nybgb/2020/202012/202102/P020210201587636946140.pdf,https://query.sse.com.cn/commonQuery.do?sqlId=COMMON_SSE_CP_GPJCTPZ_GPLB_GP_L,https://query.sse.com.cn/commonQuery.do?sqlId=COMMON_SSE_CP_GPJCTPZ_GPLB_GP_L,当前交易所法人全称与官方名单标准化后完全一致,1,1,身份关系已核实候选；ST、退市时点及资格缺口仍待处理
600108,2023,甘肃亚盛实业(集团)股份有限公司,上海证券交易所,亚盛集团,19970818,甘肃亚盛实业（集团）股份有限公司,2023,monitor_pass,https://www.moa.gov.cn/nybgb/2023/202306/202307/P020230719348171286633.pdf,https://query.sse.com.cn/commonQuery.do?sqlId=COMMON_SSE_CP_GPJCTPZ_GPLB_GP_L,https://query.sse.com.cn/commonQuery.do?sqlId=COMMON_SSE_CP_GPJCTPZ_GPLB_GP_L,当前交易所法人全称与官方名单标准化后完全一致,1,1,身份关系已核实候选；ST、退市时点及资格缺口仍待处理
600127,2014,金健米业股份有限公司,上海证券交易所,金健米业,19980506,金健米业股份有限公司,2014,monitor_pass,https://www.moa.gov.cn/nybgb/2014/shi/201712/P020180104776701107212.pdf,https://query.sse.com.cn/commonQuery.do?sqlId=COMMON_SSE_CP_GPJCTPZ_GPLB_GP_L,https://query.sse.com.cn/commonQuery.do?sqlId=COMMON_SSE_CP_GPJCTPZ_GPLB_GP_L,当前交易所法人全称与官方名单标准化后完全一致,1,1,身份关系已核实候选；ST、退市时点及资格缺口仍待处理
600127,2015,金健米业股份有限公司,上海证券交易所,金健米业,19980506,金健米业股份有限公司,2014,monitor_pass,https://www.moa.gov.cn/nybgb/2014/shi/201712/P020180104776701107212.pdf,https://query.sse.com.cn/commonQuery.do?sqlId=COMMON_SSE_CP_GPJCTPZ_GPLB_GP_L,https://query.sse.com.cn/commonQuery.do?sqlId=COMMON_SSE_CP_GPJCTPZ_GPLB_GP_L,当前交易所法人全称与官方名单标准化后完全一致,1,1,身份关系已核实候选；ST、退市时点及资格缺口仍待处理
600127,2018,金健米业股份有限公司,上海证券交易所,金健米业,19980506,金健米业股份有限公司,2018,monitor_pass,https://xccys.moa.gov.cn/gzdt/201812/t20181205_6314544.htm,https://query.sse.com.cn/commonQuery.do?sqlId=COMMON_SSE_CP_GPJCTPZ_GPLB_GP_L,https://query.sse.com.cn/commonQuery.do?sqlId=COMMON_SSE_CP_GPJCTPZ_GPLB_GP_L,当前交易所法人全称与官方名单标准化后完全一致,1,1,身份关系已核实候选；ST、退市时点及资格缺口仍待处理
600127,2019,金健米业股份有限公司,上海证券交易所,金健米业,19980506,金健米业股份有限公司,2018,monitor_pass,https://xccys.moa.gov.cn/gzdt/201812/t20181205_6314544.htm,https://query.sse.com.cn/commonQuery.do?sqlId=COMMON_SSE_CP_GPJCTPZ_GPLB_GP_L,https://query.sse.com.cn/commonQuery.do?sqlId=COMMON_SSE_CP_GPJCTPZ_GPLB_GP_L,当前交易所法人全称与官方名单标准化后完全一致,1,1,身份关系已核实候选；ST、退市时点及资格缺口仍待处理
600127,2020,金健米业股份有限公司,上海证券交易所,金健米业,19980506,金健米业股份有限公司,2020,monitor_pass,https://www.moa.gov.cn/nybgb/2020/202012/202102/P020210201587636946140.pdf,https://query.sse.com.cn/commonQuery.do?sqlId=COMMON_SSE_CP_GPJCTPZ_GPLB_GP_L,https://query.sse.com.cn/commonQuery.do?sqlId=COMMON_SSE_CP_GPJCTPZ_GPLB_GP_L,当前交易所法人全称与官方名单标准化后完全一致,1,1,身份关系已核实候选；ST、退市时点及资格缺口仍待处理
600127,2021,金健米业股份有限公司,上海证券交易所,金健米业,19980506,金健米业股份有限公司,2020,monitor_pass,https://www.moa.gov.cn/nybgb/2020/202012/202102/P020210201587636946140.pdf,https://query.sse.com.cn/commonQuery.do?sqlId=COMMON_SSE_CP_GPJCTPZ_GPLB_GP_L,https://query.sse.com.cn/commonQuery.do?sqlId=COMMON_SSE_CP_GPJCTPZ_GPLB_GP_L,当前交易所法人全称与官方名单标准化后完全一致,1,1,身份关系已核实候选；ST、退市时点及资格缺口仍待处理
600127,2022,金健米业股份有限公司,上海证券交易所,金健米业,19980506,金健米业股份有限公司,2020,monitor_pass,https://www.moa.gov.cn/nybgb/2020/202012/202102/P020210201587636946140.pdf,https://query.sse.com.cn/commonQuery.do?sqlId=COMMON_SSE_CP_GPJCTPZ_GPLB_GP_L,https://query.sse.com.cn/commonQuery.do?sqlId=COMMON_SSE_CP_GPJCTPZ_GPLB_GP_L,当前交易所法人全称与官方名单标准化后完全一致,1,1,身份关系已核实候选；ST、退市时点及资格缺口仍待处理
600127,2023,金健米业股份有限公司,上海证券交易所,金健米业,19980506,金健米业股份有限公司,2023,monitor_pass,https://www.moa.gov.cn/nybgb/2023/202306/202307/P020230719348171286633.pdf,https://query.sse.com.cn/commonQuery.do?sqlId=COMMON_SSE_CP_GPJCTPZ_GPLB_GP_L,https://query.sse.com.cn/commonQuery.do?sqlId=COMMON_SSE_CP_GPJCTPZ_GPLB_GP_L,当前交易所法人全称与官方名单标准化后完全一致,1,1,身份关系已核实候选；ST、退市时点及资格缺口仍待处理
600129,2018,重庆太极实业(集团)股份有限公司,上海证券交易所,太极集团,19971118,重庆太极实业（集团）股份有限公司,2018,monitor_pass,https://xccys.moa.gov.cn/gzdt/201812/t20181205_6314544.htm,https://query.sse.com.cn/commonQuery.do?sqlId=COMMON_SSE_CP_GPJCTPZ_GPLB_GP_L,https://query.sse.com.cn/commonQuery.do?sqlId=COMMON_SSE_CP_GPJCTPZ_GPLB_GP_L,当前交易所法人全称与官方名单标准化后完全一致,1,1,身份关系已核实候选；ST、退市时点及资格缺口仍待处理
600129,2019,重庆太极实业(集团)股份有限公司,上海证券交易所,太极集团,19971118,重庆太极实业（集团）股份有限公司,2018,monitor_pass,https://xccys.moa.gov.cn/gzdt/201812/t20181205_6314544.htm,https://query.sse.com.cn/commonQuery.do?sqlId=COMMON_SSE_CP_GPJCTPZ_GPLB_GP_L,https://query.sse.com.cn/commonQuery.do?sqlId=COMMON_SSE_CP_GPJCTPZ_GPLB_GP_L,当前交易所法人全称与官方名单标准化后完全一致,1,1,身份关系已核实候选；ST、退市时点及资格缺口仍待处理
600129,2020,重庆太极实业(集团)股份有限公司,上海证券交易所,太极集团,19971118,重庆太极实业（集团）股份有限公司,2020,monitor_pass,https://www.moa.gov.cn/nybgb/2020/202012/202102/P020210201587636946140.pdf,https://query.sse.com.cn/commonQuery.do?sqlId=COMMON_SSE_CP_GPJCTPZ_GPLB_GP_L,https://query.sse.com.cn/commonQuery.do?sqlId=COMMON_SSE_CP_GPJCTPZ_GPLB_GP_L,当前交易所法人全称与官方名单标准化后完全一致,1,1,身份关系已核实候选；ST、退市时点及资格缺口仍待处理
600129,2021,重庆太极实业(集团)股份有限公司,上海证券交易所,太极集团,19971118,重庆太极实业（集团）股份有限公司,2020,monitor_pass,https://www.moa.gov.cn/nybgb/2020/202012/202102/P020210201587636946140.pdf,https://query.sse.com.cn/commonQuery.do?sqlId=COMMON_SSE_CP_GPJCTPZ_GPLB_GP_L,https://query.sse.com.cn/commonQuery.do?sqlId=COMMON_SSE_CP_GPJCTPZ_GPLB_GP_L,当前交易所法人全称与官方名单标准化后完全一致,1,1,身份关系已核实候选；ST、退市时点及资格缺口仍待处理
600129,2022,重庆太极实业(集团)股份有限公司,上海证券交易所,太极集团,19971118,重庆太极实业（集团）股份有限公司,2020,monitor_pass,https://www.moa.gov.cn/nybgb/2020/202012/202102/P020210201587636946140.pdf,https://query.sse.com.cn/commonQuery.do?sqlId=COMMON_SSE_CP_GPJCTPZ_GPLB_GP_L,https://query.sse.com.cn/commonQuery.do?sqlId=COMMON_SSE_CP_GPJCTPZ_GPLB_GP_L,当前交易所法人全称与官方名单标准化后完全一致,1,1,身份关系已核实候选；ST、退市时点及资格缺口仍待处理
600129,2023,重庆太极实业(集团)股份有限公司,上海证券交易所,太极集团,19971118,重庆太极实业（集团）股份有限公司,2023,monitor_pass,https://www.moa.gov.cn/nybgb/2023/202306/202307/P020230719348171286633.pdf,https://query.sse.com.cn/commonQuery.do?sqlId=COMMON_SSE_CP_GPJCTPZ_GPLB_GP_L,https://query.sse.com.cn/commonQuery.do?sqlId=COMMON_SSE_CP_GPJCTPZ_GPLB_GP_L,当前交易所法人全称与官方名单标准化后完全一致,1,1,身份关系已核实候选；ST、退市时点及资格缺口仍待处理
600195,2014,中牧实业股份有限公司,上海证券交易所,中牧股份,19990107,中牧实业股份有限公司,2014,monitor_pass,https://www.moa.gov.cn/nybgb/2014/shi/201712/P020180104776701107212.pdf,https://query.sse.com.cn/commonQuery.do?sqlId=COMMON_SSE_CP_GPJCTPZ_GPLB_GP_L,https://query.sse.com.cn/commonQuery.do?sqlId=COMMON_SSE_CP_GPJCTPZ_GPLB_GP_L,当前交易所法人全称与官方名单标准化后完全一致,1,1,身份关系已核实候选；ST、退市时点及资格缺口仍待处理
600195,2015,中牧实业股份有限公司,上海证券交易所,中牧股份,19990107,中牧实业股份有限公司,2014,monitor_pass,https://www.moa.gov.cn/nybgb/2014/shi/201712/P020180104776701107212.pdf,https://query.sse.com.cn/commonQuery.do?sqlId=COMMON_SSE_CP_GPJCTPZ_GPLB_GP_L,https://query.sse.com.cn/commonQuery.do?sqlId=COMMON_SSE_CP_GPJCTPZ_GPLB_GP_L,当前交易所法人全称与官方名单标准化后完全一致,1,1,身份关系已核实候选；ST、退市时点及资格缺口仍待处理
600195,2018,中牧实业股份有限公司,上海证券交易所,中牧股份,19990107,中牧实业股份有限公司,2018,monitor_pass,https://xccys.moa.gov.cn/gzdt/201812/t20181205_6314544.htm,https://query.sse.com.cn/commonQuery.do?sqlId=COMMON_SSE_CP_GPJCTPZ_GPLB_GP_L,https://query.sse.com.cn/commonQuery.do?sqlId=COMMON_SSE_CP_GPJCTPZ_GPLB_GP_L,当前交易所法人全称与官方名单标准化后完全一致,1,1,身份关系已核实候选；ST、退市时点及资格缺口仍待处理
600195,2019,中牧实业股份有限公司,上海证券交易所,中牧股份,19990107,中牧实业股份有限公司,2018,monitor_pass,https://xccys.moa.gov.cn/gzdt/201812/t20181205_6314544.htm,https://query.sse.com.cn/commonQuery.do?sqlId=COMMON_SSE_CP_GPJCTPZ_GPLB_GP_L,https://query.sse.com.cn/commonQuery.do?sqlId=COMMON_SSE_CP_GPJCTPZ_GPLB_GP_L,当前交易所法人全称与官方名单标准化后完全一致,1,1,身份关系已核实候选；ST、退市时点及资格缺口仍待处理
600195,2020,中牧实业股份有限公司,上海证券交易所,中牧股份,19990107,中牧实业股份有限公司,2020,monitor_pass,https://www.moa.gov.cn/nybgb/2020/202012/202102/P020210201587636946140.pdf,https://query.sse.com.cn/commonQuery.do?sqlId=COMMON_SSE_CP_GPJCTPZ_GPLB_GP_L,https://query.sse.com.cn/commonQuery.do?sqlId=COMMON_SSE_CP_GPJCTPZ_GPLB_GP_L,当前交易所法人全称与官方名单标准化后完全一致,1,1,身份关系已核实候选；ST、退市时点及资格缺口仍待处理
600195,2021,中牧实业股份有限公司,上海证券交易所,中牧股份,19990107,中牧实业股份有限公司,2020,monitor_pass,https://www.moa.gov.cn/nybgb/2020/202012/202102/P020210201587636946140.pdf,https://query.sse.com.cn/commonQuery.do?sqlId=COMMON_SSE_CP_GPJCTPZ_GPLB_GP_L,https://query.sse.com.cn/commonQuery.do?sqlId=COMMON_SSE_CP_GPJCTPZ_GPLB_GP_L,当前交易所法人全称与官方名单标准化后完全一致,1,1,身份关系已核实候选；ST、退市时点及资格缺口仍待处理
600195,2022,中牧实业股份有限公司,上海证券交易所,中牧股份,19990107,中牧实业股份有限公司,2020,monitor_pass,https://www.moa.gov.cn/nybgb/2020/202012/202102/P020210201587636946140.pdf,https://query.sse.com.cn/commonQuery.do?sqlId=COMMON_SSE_CP_GPJCTPZ_GPLB_GP_L,https://query.sse.com.cn/commonQuery.do?sqlId=COMMON_SSE_CP_GPJCTPZ_GPLB_GP_L,当前交易所法人全称与官方名单标准化后完全一致,1,1,身份关系已核实候选；ST、退市时点及资格缺口仍待处理
600195,2023,中牧实业股份有限公司,上海证券交易所,中牧股份,19990107,中牧实业股份有限公司,2023,monitor_pass,https://www.moa.gov.cn/nybgb/2023/202306/202307/P020230719348171286633.pdf,https://query.sse.com.cn/commonQuery.do?sqlId=COMMON_SSE_CP_GPJCTPZ_GPLB_GP_L,https://query.sse.com.cn/commonQuery.do?sqlId=COMMON_SSE_CP_GPJCTPZ_GPLB_GP_L,当前交易所法人全称与官方名单标准化后完全一致,1,1,身份关系已核实候选；ST、退市时点及资格缺口仍待处理
600211,2014,西藏诺迪康药业股份有限公司,上海证券交易所,西藏药业,19990721,西藏诺迪康药业股份有限公司,2014,monitor_pass,https://www.moa.gov.cn/nybgb/2014/shi/201712/P020180104776701107212.pdf,https://query.sse.com.cn/commonQuery.do?sqlId=COMMON_SSE_CP_GPJCTPZ_GPLB_GP_L,https://query.sse.com.cn/commonQuery.do?sqlId=COMMON_SSE_CP_GPJCTPZ_GPLB_GP_L,当前交易所法人全称与官方名单标准化后完全一致,1,1,身份关系已核实候选；ST、退市时点及资格缺口仍待处理
600211,2015,西藏诺迪康药业股份有限公司,上海证券交易所,西藏药业,19990721,西藏诺迪康药业股份有限公司,2014,monitor_pass,https://www.moa.gov.cn/nybgb/2014/shi/201712/P020180104776701107212.pdf,https://query.sse.com.cn/commonQuery.do?sqlId=COMMON_SSE_CP_GPJCTPZ_GPLB_GP_L,https://query.sse.com.cn/commonQuery.do?sqlId=COMMON_SSE_CP_GPJCTPZ_GPLB_GP_L,当前交易所法人全称与官方名单标准化后完全一致,1,1,身份关系已核实候选；ST、退市时点及资格缺口仍待处理
600211,2018,西藏诺迪康药业股份有限公司,上海证券交易所,西藏药业,19990721,西藏诺迪康药业股份有限公司,2018,monitor_pass,https://xccys.moa.gov.cn/gzdt/201812/t20181205_6314544.htm,https://query.sse.com.cn/commonQuery.do?sqlId=COMMON_SSE_CP_GPJCTPZ_GPLB_GP_L,https://query.sse.com.cn/commonQuery.do?sqlId=COMMON_SSE_CP_GPJCTPZ_GPLB_GP_L,当前交易所法人全称与官方名单标准化后完全一致,1,1,身份关系已核实候选；ST、退市时点及资格缺口仍待处理
600211,2019,西藏诺迪康药业股份有限公司,上海证券交易所,西藏药业,19990721,西藏诺迪康药业股份有限公司,2018,monitor_pass,https://xccys.moa.gov.cn/gzdt/201812/t20181205_6314544.htm,https://query.sse.com.cn/commonQuery.do?sqlId=COMMON_SSE_CP_GPJCTPZ_GPLB_GP_L,https://query.sse.com.cn/commonQuery.do?sqlId=COMMON_SSE_CP_GPJCTPZ_GPLB_GP_L,当前交易所法人全称与官方名单标准化后完全一致,1,1,身份关系已核实候选；ST、退市时点及资格缺口仍待处理
600211,2020,西藏诺迪康药业股份有限公司,上海证券交易所,西藏药业,19990721,西藏诺迪康药业股份有限公司,2020,monitor_pass,https://www.moa.gov.cn/nybgb/2020/202012/202102/P020210201587636946140.pdf,https://query.sse.com.cn/commonQuery.do?sqlId=COMMON_SSE_CP_GPJCTPZ_GPLB_GP_L,https://query.sse.com.cn/commonQuery.do?sqlId=COMMON_SSE_CP_GPJCTPZ_GPLB_GP_L,当前交易所法人全称与官方名单标准化后完全一致,1,1,身份关系已核实候选；ST、退市时点及资格缺口仍待处理
600211,2021,西藏诺迪康药业股份有限公司,上海证券交易所,西藏药业,19990721,西藏诺迪康药业股份有限公司,2020,monitor_pass,https://www.moa.gov.cn/nybgb/2020/202012/202102/P020210201587636946140.pdf,https://query.sse.com.cn/commonQuery.do?sqlId=COMMON_SSE_CP_GPJCTPZ_GPLB_GP_L,https://query.sse.com.cn/commonQuery.do?sqlId=COMMON_SSE_CP_GPJCTPZ_GPLB_GP_L,当前交易所法人全称与官方名单标准化后完全一致,1,1,身份关系已核实候选；ST、退市时点及资格缺口仍待处理
600211,2022,西藏诺迪康药业股份有限公司,上海证券交易所,西藏药业,19990721,西藏诺迪康药业股份有限公司,2020,monitor_pass,https://www.moa.gov.cn/nybgb/2020/202012/202102/P020210201587636946140.pdf,https://query.sse.com.cn/commonQuery.do?sqlId=COMMON_SSE_CP_GPJCTPZ_GPLB_GP_L,https://query.sse.com.cn/commonQuery.do?sqlId=COMMON_SSE_CP_GPJCTPZ_GPLB_GP_L,当前交易所法人全称与官方名单标准化后完全一致,1,1,身份关系已核实候选；ST、退市时点及资格缺口仍待处理
600211,2023,西藏诺迪康药业股份有限公司,上海证券交易所,西藏药业,19990721,西藏诺迪康药业股份有限公司,2023,monitor_pass,https://www.moa.gov.cn/nybgb/2023/202306/202307/P020230719348171286633.pdf,https://query.sse.com.cn/commonQuery.do?sqlId=COMMON_SSE_CP_GPJCTPZ_GPLB_GP_L,https://query.sse.com.cn/commonQuery.do?sqlId=COMMON_SSE_CP_GPJCTPZ_GPLB_GP_L,当前交易所法人全称与官方名单标准化后完全一致,1,1,身份关系已核实候选；ST、退市时点及资格缺口仍待处理
600238,2023,海南椰岛(集团)股份有限公司,上海证券交易所,ST椰岛,20000120,海南椰岛（集团）股份有限公司,2023,replacement,https://www.moa.gov.cn/nybgb/2023/202306/202307/P020230719348171286633.pdf,https://query.sse.com.cn/commonQuery.do?sqlId=COMMON_SSE_CP_GPJCTPZ_GPLB_GP_L,https://query.sse.com.cn/commonQuery.do?sqlId=COMMON_SSE_CP_GPJCTPZ_GPLB_GP_L,当前交易所法人全称与官方名单标准化后完全一致,1,1,身份关系已核实候选；ST、退市时点及资格缺口仍待处理
600251,2014,新疆冠农股份有限公司,上海证券交易所,冠农股份,20030609,新疆冠农果茸集团股份有限公司,2014,monitor_pass,https://www.moa.gov.cn/nybgb/2014/shi/201712/P020180104776701107212.pdf,https://query.sse.com.cn/commonQuery.do?sqlId=COMMON_SSE_CP_GPJCTPZ_GPLB_GP_L,https://static.cninfo.com.cn/finalpage/2018-10-27/1205543355.PDF | https://static.cninfo.com.cn/finalpage/2023-02-10/1215815769.PDF,2018年股东大会资料明确集团名称变更为新疆冠农果茸股份有限公司并由2023年工商公告继续变更为当前名称,1,1,身份关系已核实候选；ST、退市时点及资格缺口仍待处理
600251,2015,新疆冠农股份有限公司,上海证券交易所,冠农股份,20030609,新疆冠农果茸集团股份有限公司,2014,monitor_pass,https://www.moa.gov.cn/nybgb/2014/shi/201712/P020180104776701107212.pdf,https://query.sse.com.cn/commonQuery.do?sqlId=COMMON_SSE_CP_GPJCTPZ_GPLB_GP_L,https://static.cninfo.com.cn/finalpage/2018-10-27/1205543355.PDF | https://static.cninfo.com.cn/finalpage/2023-02-10/1215815769.PDF,2018年股东大会资料明确集团名称变更为新疆冠农果茸股份有限公司并由2023年工商公告继续变更为当前名称,1,1,身份关系已核实候选；ST、退市时点及资格缺口仍待处理
600251,2018,新疆冠农股份有限公司,上海证券交易所,冠农股份,20030609,新疆冠农果茸集团股份有限公司,2018,monitor_pass,https://xccys.moa.gov.cn/gzdt/201812/t20181205_6314544.htm,https://query.sse.com.cn/commonQuery.do?sqlId=COMMON_SSE_CP_GPJCTPZ_GPLB_GP_L,https://static.cninfo.com.cn/finalpage/2018-10-27/1205543355.PDF | https://static.cninfo.com.cn/finalpage/2023-02-10/1215815769.PDF,2018年股东大会资料明确集团名称变更为新疆冠农果茸股份有限公司并由2023年工商公告继续变更为当前名称,1,1,身份关系已核实候选；ST、退市时点及资格缺口仍待处理
600251,2019,新疆冠农股份有限公司,上海证券交易所,冠农股份,20030609,新疆冠农果茸集团股份有限公司,2018,monitor_pass,https://xccys.moa.gov.cn/gzdt/201812/t20181205_6314544.htm,https://query.sse.com.cn/commonQuery.do?sqlId=COMMON_SSE_CP_GPJCTPZ_GPLB_GP_L,https://static.cninfo.com.cn/finalpage/2018-10-27/1205543355.PDF | https://static.cninfo.com.cn/finalpage/2023-02-10/1215815769.PDF,2018年股东大会资料明确集团名称变更为新疆冠农果茸股份有限公司并由2023年工商公告继续变更为当前名称,1,1,身份关系已核实候选；ST、退市时点及资格缺口仍待处理
600251,2020,新疆冠农股份有限公司,上海证券交易所,冠农股份,20030609,新疆冠农果茸股份有限公司,2020,monitor_pass,https://www.moa.gov.cn/nybgb/2020/202012/202102/P020210201587636946140.pdf,https://query.sse.com.cn/commonQuery.do?sqlId=COMMON_SSE_CP_GPJCTPZ_GPLB_GP_L,https://static.cninfo.com.cn/finalpage/2023-02-10/1215815769.PDF,工商变更公告明确公司由名单名称变更为当前名称且证券代码保持600251,1,1,身份关系已核实候选；ST、退市时点及资格缺口仍待处理
600251,2021,新疆冠农股份有限公司,上海证券交易所,冠农股份,20030609,新疆冠农果茸股份有限公司,2020,monitor_pass,https://www.moa.gov.cn/nybgb/2020/202012/202102/P020210201587636946140.pdf,https://query.sse.com.cn/commonQuery.do?sqlId=COMMON_SSE_CP_GPJCTPZ_GPLB_GP_L,https://static.cninfo.com.cn/finalpage/2023-02-10/1215815769.PDF,工商变更公告明确公司由名单名称变更为当前名称且证券代码保持600251,1,1,身份关系已核实候选；ST、退市时点及资格缺口仍待处理
600251,2022,新疆冠农股份有限公司,上海证券交易所,冠农股份,20030609,新疆冠农果茸股份有限公司,2020,monitor_pass,https://www.moa.gov.cn/nybgb/2020/202012/202102/P020210201587636946140.pdf,https://query.sse.com.cn/commonQuery.do?sqlId=COMMON_SSE_CP_GPJCTPZ_GPLB_GP_L,https://static.cninfo.com.cn/finalpage/2023-02-10/1215815769.PDF,工商变更公告明确公司由名单名称变更为当前名称且证券代码保持600251,1,1,身份关系已核实候选；ST、退市时点及资格缺口仍待处理
600251,2023,新疆冠农股份有限公司,上海证券交易所,冠农股份,20030609,新疆冠农果茸股份有限公司,2023,monitor_pass,https://www.moa.gov.cn/nybgb/2023/202306/202307/P020230719348171286633.pdf,https://query.sse.com.cn/commonQuery.do?sqlId=COMMON_SSE_CP_GPJCTPZ_GPLB_GP_L,https://static.cninfo.com.cn/finalpage/2023-02-10/1215815769.PDF,工商变更公告明确公司由名单名称变更为当前名称且证券代码保持600251,1,1,身份关系已核实候选；ST、退市时点及资格缺口仍待处理
600285,2020,河南羚锐制药股份有限公司,上海证券交易所,羚锐制药,20001018,河南羚锐制药股份有限公司,2020,monitor_pass,https://www.moa.gov.cn/nybgb/2020/202012/202102/P020210201587636946140.pdf,https://query.sse.com.cn/commonQuery.do?sqlId=COMMON_SSE_CP_GPJCTPZ_GPLB_GP_L,https://query.sse.com.cn/commonQuery.do?sqlId=COMMON_SSE_CP_GPJCTPZ_GPLB_GP_L,当前交易所法人全称与官方名单标准化后完全一致,1,1,身份关系已核实候选；ST、退市时点及资格缺口仍待处理
600285,2021,河南羚锐制药股份有限公司,上海证券交易所,羚锐制药,20001018,河南羚锐制药股份有限公司,2020,monitor_pass,https://www.moa.gov.cn/nybgb/2020/202012/202102/P020210201587636946140.pdf,https://query.sse.com.cn/commonQuery.do?sqlId=COMMON_SSE_CP_GPJCTPZ_GPLB_GP_L,https://query.sse.com.cn/commonQuery.do?sqlId=COMMON_SSE_CP_GPJCTPZ_GPLB_GP_L,当前交易所法人全称与官方名单标准化后完全一致,1,1,身份关系已核实候选；ST、退市时点及资格缺口仍待处理
600285,2022,河南羚锐制药股份有限公司,上海证券交易所,羚锐制药,20001018,河南羚锐制药股份有限公司,2020,monitor_pass,https://www.moa.gov.cn/nybgb/2020/202012/202102/P020210201587636946140.pdf,https://query.sse.com.cn/commonQuery.do?sqlId=COMMON_SSE_CP_GPJCTPZ_GPLB_GP_L,https://query.sse.com.cn/commonQuery.do?sqlId=COMMON_SSE_CP_GPJCTPZ_GPLB_GP_L,当前交易所法人全称与官方名单标准化后完全一致,1,1,身份关系已核实候选；ST、退市时点及资格缺口仍待处理
600285,2023,河南羚锐制药股份有限公司,上海证券交易所,羚锐制药,20001018,河南羚锐制药股份有限公司,2023,monitor_pass,https://www.moa.gov.cn/nybgb/2023/202306/202307/P020230719348171286633.pdf,https://query.sse.com.cn/commonQuery.do?sqlId=COMMON_SSE_CP_GPJCTPZ_GPLB_GP_L,https://query.sse.com.cn/commonQuery.do?sqlId=COMMON_SSE_CP_GPJCTPZ_GPLB_GP_L,当前交易所法人全称与官方名单标准化后完全一致,1,1,身份关系已核实候选；ST、退市时点及资格缺口仍待处理
600295,2014,内蒙古鄂尔多斯资源股份有限公司,上海证券交易所,鄂尔多斯,20010426,内蒙古鄂尔多斯资源股份有限公司,2014,monitor_pass,https://www.moa.gov.cn/nybgb/2014/shi/201712/P020180104776701107212.pdf,https://query.sse.com.cn/commonQuery.do?sqlId=COMMON_SSE_CP_GPJCTPZ_GPLB_GP_L,https://query.sse.com.cn/commonQuery.do?sqlId=COMMON_SSE_CP_GPJCTPZ_GPLB_GP_L,当前交易所法人全称与官方名单标准化后完全一致,1,1,身份关系已核实候选；ST、退市时点及资格缺口仍待处理
600295,2015,内蒙古鄂尔多斯资源股份有限公司,上海证券交易所,鄂尔多斯,20010426,内蒙古鄂尔多斯资源股份有限公司,2014,monitor_pass,https://www.moa.gov.cn/nybgb/2014/shi/201712/P020180104776701107212.pdf,https://query.sse.com.cn/commonQuery.do?sqlId=COMMON_SSE_CP_GPJCTPZ_GPLB_GP_L,https://query.sse.com.cn/commonQuery.do?sqlId=COMMON_SSE_CP_GPJCTPZ_GPLB_GP_L,当前交易所法人全称与官方名单标准化后完全一致,1,1,身份关系已核实候选；ST、退市时点及资格缺口仍待处理
600295,2018,内蒙古鄂尔多斯资源股份有限公司,上海证券交易所,鄂尔多斯,20010426,内蒙古鄂尔多斯资源股份有限公司,2018,monitor_pass,https://xccys.moa.gov.cn/gzdt/201812/t20181205_6314544.htm,https://query.sse.com.cn/commonQuery.do?sqlId=COMMON_SSE_CP_GPJCTPZ_GPLB_GP_L,https://query.sse.com.cn/commonQuery.do?sqlId=COMMON_SSE_CP_GPJCTPZ_GPLB_GP_L,当前交易所法人全称与官方名单标准化后完全一致,1,1,身份关系已核实候选；ST、退市时点及资格缺口仍待处理
600295,2019,内蒙古鄂尔多斯资源股份有限公司,上海证券交易所,鄂尔多斯,20010426,内蒙古鄂尔多斯资源股份有限公司,2018,monitor_pass,https://xccys.moa.gov.cn/gzdt/201812/t20181205_6314544.htm,https://query.sse.com.cn/commonQuery.do?sqlId=COMMON_SSE_CP_GPJCTPZ_GPLB_GP_L,https://query.sse.com.cn/commonQuery.do?sqlId=COMMON_SSE_CP_GPJCTPZ_GPLB_GP_L,当前交易所法人全称与官方名单标准化后完全一致,1,1,身份关系已核实候选；ST、退市时点及资格缺口仍待处理
600295,2020,内蒙古鄂尔多斯资源股份有限公司,上海证券交易所,鄂尔多斯,20010426,内蒙古鄂尔多斯资源股份有限公司,2020,monitor_pass,https://www.moa.gov.cn/nybgb/2020/202012/202102/P020210201587636946140.pdf,https://query.sse.com.cn/commonQuery.do?sqlId=COMMON_SSE_CP_GPJCTPZ_GPLB_GP_L,https://query.sse.com.cn/commonQuery.do?sqlId=COMMON_SSE_CP_GPJCTPZ_GPLB_GP_L,当前交易所法人全称与官方名单标准化后完全一致,1,1,身份关系已核实候选；ST、退市时点及资格缺口仍待处理
600295,2021,内蒙古鄂尔多斯资源股份有限公司,上海证券交易所,鄂尔多斯,20010426,内蒙古鄂尔多斯资源股份有限公司,2020,monitor_pass,https://www.moa.gov.cn/nybgb/2020/202012/202102/P020210201587636946140.pdf,https://query.sse.com.cn/commonQuery.do?sqlId=COMMON_SSE_CP_GPJCTPZ_GPLB_GP_L,https://query.sse.com.cn/commonQuery.do?sqlId=COMMON_SSE_CP_GPJCTPZ_GPLB_GP_L,当前交易所法人全称与官方名单标准化后完全一致,1,1,身份关系已核实候选；ST、退市时点及资格缺口仍待处理
600295,2022,内蒙古鄂尔多斯资源股份有限公司,上海证券交易所,鄂尔多斯,20010426,内蒙古鄂尔多斯资源股份有限公司,2020,monitor_pass,https://www.moa.gov.cn/nybgb/2020/202012/202102/P020210201587636946140.pdf,https://query.sse.com.cn/commonQuery.do?sqlId=COMMON_SSE_CP_GPJCTPZ_GPLB_GP_L,https://query.sse.com.cn/commonQuery.do?sqlId=COMMON_SSE_CP_GPJCTPZ_GPLB_GP_L,当前交易所法人全称与官方名单标准化后完全一致,1,1,身份关系已核实候选；ST、退市时点及资格缺口仍待处理
600295,2023,内蒙古鄂尔多斯资源股份有限公司,上海证券交易所,鄂尔多斯,20010426,内蒙古鄂尔多斯资源股份有限公司,2023,monitor_pass,https://www.moa.gov.cn/nybgb/2023/202306/202307/P020230719348171286633.pdf,https://query.sse.com.cn/commonQuery.do?sqlId=COMMON_SSE_CP_GPJCTPZ_GPLB_GP_L,https://query.sse.com.cn/commonQuery.do?sqlId=COMMON_SSE_CP_GPJCTPZ_GPLB_GP_L,当前交易所法人全称与官方名单标准化后完全一致,1,1,身份关系已核实候选；ST、退市时点及资格缺口仍待处理
600300,2014,维维食品饮料股份有限公司,上海证券交易所,维维股份,20000630,维维食品饮料股份有限公司,2014,monitor_pass,https://www.moa.gov.cn/nybgb/2014/shi/201712/P020180104776701107212.pdf,https://query.sse.com.cn/commonQuery.do?sqlId=COMMON_SSE_CP_GPJCTPZ_GPLB_GP_L,https://query.sse.com.cn/commonQuery.do?sqlId=COMMON_SSE_CP_GPJCTPZ_GPLB_GP_L,当前交易所法人全称与官方名单标准化后完全一致,1,1,身份关系已核实候选；ST、退市时点及资格缺口仍待处理
600300,2015,维维食品饮料股份有限公司,上海证券交易所,维维股份,20000630,维维食品饮料股份有限公司,2014,monitor_pass,https://www.moa.gov.cn/nybgb/2014/shi/201712/P020180104776701107212.pdf,https://query.sse.com.cn/commonQuery.do?sqlId=COMMON_SSE_CP_GPJCTPZ_GPLB_GP_L,https://query.sse.com.cn/commonQuery.do?sqlId=COMMON_SSE_CP_GPJCTPZ_GPLB_GP_L,当前交易所法人全称与官方名单标准化后完全一致,1,1,身份关系已核实候选；ST、退市时点及资格缺口仍待处理
600300,2018,维维食品饮料股份有限公司,上海证券交易所,维维股份,20000630,维维食品饮料股份有限公司,2018,monitor_pass,https://xccys.moa.gov.cn/gzdt/201812/t20181205_6314544.htm,https://query.sse.com.cn/commonQuery.do?sqlId=COMMON_SSE_CP_GPJCTPZ_GPLB_GP_L,https://query.sse.com.cn/commonQuery.do?sqlId=COMMON_SSE_CP_GPJCTPZ_GPLB_GP_L,当前交易所法人全称与官方名单标准化后完全一致,1,1,身份关系已核实候选；ST、退市时点及资格缺口仍待处理
600300,2019,维维食品饮料股份有限公司,上海证券交易所,维维股份,20000630,维维食品饮料股份有限公司,2018,monitor_pass,https://xccys.moa.gov.cn/gzdt/201812/t20181205_6314544.htm,https://query.sse.com.cn/commonQuery.do?sqlId=COMMON_SSE_CP_GPJCTPZ_GPLB_GP_L,https://query.sse.com.cn/commonQuery.do?sqlId=COMMON_SSE_CP_GPJCTPZ_GPLB_GP_L,当前交易所法人全称与官方名单标准化后完全一致,1,1,身份关系已核实候选；ST、退市时点及资格缺口仍待处理
600300,2020,维维食品饮料股份有限公司,上海证券交易所,维维股份,20000630,维维食品饮料股份有限公司,2020,monitor_pass,https://www.moa.gov.cn/nybgb/2020/202012/202102/P020210201587636946140.pdf,https://query.sse.com.cn/commonQuery.do?sqlId=COMMON_SSE_CP_GPJCTPZ_GPLB_GP_L,https://query.sse.com.cn/commonQuery.do?sqlId=COMMON_SSE_CP_GPJCTPZ_GPLB_GP_L,当前交易所法人全称与官方名单标准化后完全一致,1,1,身份关系已核实候选；ST、退市时点及资格缺口仍待处理
600300,2021,维维食品饮料股份有限公司,上海证券交易所,维维股份,20000630,维维食品饮料股份有限公司,2020,monitor_pass,https://www.moa.gov.cn/nybgb/2020/202012/202102/P020210201587636946140.pdf,https://query.sse.com.cn/commonQuery.do?sqlId=COMMON_SSE_CP_GPJCTPZ_GPLB_GP_L,https://query.sse.com.cn/commonQuery.do?sqlId=COMMON_SSE_CP_GPJCTPZ_GPLB_GP_L,当前交易所法人全称与官方名单标准化后完全一致,1,1,身份关系已核实候选；ST、退市时点及资格缺口仍待处理
600300,2022,维维食品饮料股份有限公司,上海证券交易所,维维股份,20000630,维维食品饮料股份有限公司,2020,monitor_pass,https://www.moa.gov.cn/nybgb/2020/202012/202102/P020210201587636946140.pdf,https://query.sse.com.cn/commonQuery.do?sqlId=COMMON_SSE_CP_GPJCTPZ_GPLB_GP_L,https://query.sse.com.cn/commonQuery.do?sqlId=COMMON_SSE_CP_GPJCTPZ_GPLB_GP_L,当前交易所法人全称与官方名单标准化后完全一致,1,1,身份关系已核实候选；ST、退市时点及资格缺口仍待处理
600300,2023,维维食品饮料股份有限公司,上海证券交易所,维维股份,20000630,维维食品饮料股份有限公司,2023,monitor_pass,https://www.moa.gov.cn/nybgb/2023/202306/202307/P020230719348171286633.pdf,https://query.sse.com.cn/commonQuery.do?sqlId=COMMON_SSE_CP_GPJCTPZ_GPLB_GP_L,https://query.sse.com.cn/commonQuery.do?sqlId=COMMON_SSE_CP_GPJCTPZ_GPLB_GP_L,当前交易所法人全称与官方名单标准化后完全一致,1,1,身份关系已核实候选；ST、退市时点及资格缺口仍待处理
600305,2014,江苏恒顺醋业股份有限公司,上海证券交易所,恒顺醋业,20010206,江苏恒顺醋业股份有限公司,2014,monitor_pass,https://www.moa.gov.cn/nybgb/2014/shi/201712/P020180104776701107212.pdf,https://query.sse.com.cn/commonQuery.do?sqlId=COMMON_SSE_CP_GPJCTPZ_GPLB_GP_L,https://query.sse.com.cn/commonQuery.do?sqlId=COMMON_SSE_CP_GPJCTPZ_GPLB_GP_L,当前交易所法人全称与官方名单标准化后完全一致,1,1,身份关系已核实候选；ST、退市时点及资格缺口仍待处理
600305,2015,江苏恒顺醋业股份有限公司,上海证券交易所,恒顺醋业,20010206,江苏恒顺醋业股份有限公司,2014,monitor_pass,https://www.moa.gov.cn/nybgb/2014/shi/201712/P020180104776701107212.pdf,https://query.sse.com.cn/commonQuery.do?sqlId=COMMON_SSE_CP_GPJCTPZ_GPLB_GP_L,https://query.sse.com.cn/commonQuery.do?sqlId=COMMON_SSE_CP_GPJCTPZ_GPLB_GP_L,当前交易所法人全称与官方名单标准化后完全一致,1,1,身份关系已核实候选；ST、退市时点及资格缺口仍待处理
600305,2018,江苏恒顺醋业股份有限公司,上海证券交易所,恒顺醋业,20010206,江苏恒顺醋业股份有限公司,2018,monitor_pass,https://xccys.moa.gov.cn/gzdt/201812/t20181205_6314544.htm,https://query.sse.com.cn/commonQuery.do?sqlId=COMMON_SSE_CP_GPJCTPZ_GPLB_GP_L,https://query.sse.com.cn/commonQuery.do?sqlId=COMMON_SSE_CP_GPJCTPZ_GPLB_GP_L,当前交易所法人全称与官方名单标准化后完全一致,1,1,身份关系已核实候选；ST、退市时点及资格缺口仍待处理
600305,2019,江苏恒顺醋业股份有限公司,上海证券交易所,恒顺醋业,20010206,江苏恒顺醋业股份有限公司,2018,monitor_pass,https://xccys.moa.gov.cn/gzdt/201812/t20181205_6314544.htm,https://query.sse.com.cn/commonQuery.do?sqlId=COMMON_SSE_CP_GPJCTPZ_GPLB_GP_L,https://query.sse.com.cn/commonQuery.do?sqlId=COMMON_SSE_CP_GPJCTPZ_GPLB_GP_L,当前交易所法人全称与官方名单标准化后完全一致,1,1,身份关系已核实候选；ST、退市时点及资格缺口仍待处理
600305,2020,江苏恒顺醋业股份有限公司,上海证券交易所,恒顺醋业,20010206,江苏恒顺醋业股份有限公司,2020,monitor_pass,https://www.moa.gov.cn/nybgb/2020/202012/202102/P020210201587636946140.pdf,https://query.sse.com.cn/commonQuery.do?sqlId=COMMON_SSE_CP_GPJCTPZ_GPLB_GP_L,https://query.sse.com.cn/commonQuery.do?sqlId=COMMON_SSE_CP_GPJCTPZ_GPLB_GP_L,当前交易所法人全称与官方名单标准化后完全一致,1,1,身份关系已核实候选；ST、退市时点及资格缺口仍待处理
600305,2021,江苏恒顺醋业股份有限公司,上海证券交易所,恒顺醋业,20010206,江苏恒顺醋业股份有限公司,2020,monitor_pass,https://www.moa.gov.cn/nybgb/2020/202012/202102/P020210201587636946140.pdf,https://query.sse.com.cn/commonQuery.do?sqlId=COMMON_SSE_CP_GPJCTPZ_GPLB_GP_L,https://query.sse.com.cn/commonQuery.do?sqlId=COMMON_SSE_CP_GPJCTPZ_GPLB_GP_L,当前交易所法人全称与官方名单标准化后完全一致,1,1,身份关系已核实候选；ST、退市时点及资格缺口仍待处理
600305,2022,江苏恒顺醋业股份有限公司,上海证券交易所,恒顺醋业,20010206,江苏恒顺醋业股份有限公司,2020,monitor_pass,https://www.moa.gov.cn/nybgb/2020/202012/202102/P020210201587636946140.pdf,https://query.sse.com.cn/commonQuery.do?sqlId=COMMON_SSE_CP_GPJCTPZ_GPLB_GP_L,https://query.sse.com.cn/commonQuery.do?sqlId=COMMON_SSE_CP_GPJCTPZ_GPLB_GP_L,当前交易所法人全称与官方名单标准化后完全一致,1,1,身份关系已核实候选；ST、退市时点及资格缺口仍待处理
600305,2023,江苏恒顺醋业股份有限公司,上海证券交易所,恒顺醋业,20010206,江苏恒顺醋业股份有限公司,2023,monitor_pass,https://www.moa.gov.cn/nybgb/2023/202306/202307/P020230719348171286633.pdf,https://query.sse.com.cn/commonQuery.do?sqlId=COMMON_SSE_CP_GPJCTPZ_GPLB_GP_L,https://query.sse.com.cn/commonQuery.do?sqlId=COMMON_SSE_CP_GPJCTPZ_GPLB_GP_L,当前交易所法人全称与官方名单标准化后完全一致,1,1,身份关系已核实候选；ST、退市时点及资格缺口仍待处理
600351,2019,亚宝药业集团股份有限公司,上海证券交易所,亚宝药业,20020926,亚宝药业集团股份有限公司,2019,recognition,https://www.moa.gov.cn/nybgb/2019/201912/202004/P020200410023357640054.pdf,https://query.sse.com.cn/commonQuery.do?sqlId=COMMON_SSE_CP_GPJCTPZ_GPLB_GP_L,https://query.sse.com.cn/commonQuery.do?sqlId=COMMON_SSE_CP_GPJCTPZ_GPLB_GP_L,当前交易所法人全称与官方名单标准化后完全一致,1,1,身份关系已核实候选；ST、退市时点及资格缺口仍待处理
600351,2020,亚宝药业集团股份有限公司,上海证券交易所,亚宝药业,20020926,亚宝药业集团股份有限公司,2019,recognition,https://www.moa.gov.cn/nybgb/2019/201912/202004/P020200410023357640054.pdf,https://query.sse.com.cn/commonQuery.do?sqlId=COMMON_SSE_CP_GPJCTPZ_GPLB_GP_L,https://query.sse.com.cn/commonQuery.do?sqlId=COMMON_SSE_CP_GPJCTPZ_GPLB_GP_L,当前交易所法人全称与官方名单标准化后完全一致,1,1,身份关系已核实候选；ST、退市时点及资格缺口仍待处理
600351,2021,亚宝药业集团股份有限公司,上海证券交易所,亚宝药业,20020926,亚宝药业集团股份有限公司,2019,recognition,https://www.moa.gov.cn/nybgb/2019/201912/202004/P020200410023357640054.pdf,https://query.sse.com.cn/commonQuery.do?sqlId=COMMON_SSE_CP_GPJCTPZ_GPLB_GP_L,https://query.sse.com.cn/commonQuery.do?sqlId=COMMON_SSE_CP_GPJCTPZ_GPLB_GP_L,当前交易所法人全称与官方名单标准化后完全一致,1,1,身份关系已核实候选；ST、退市时点及资格缺口仍待处理
600351,2022,亚宝药业集团股份有限公司,上海证券交易所,亚宝药业,20020926,亚宝药业集团股份有限公司,2019,recognition,https://www.moa.gov.cn/nybgb/2019/201912/202004/P020200410023357640054.pdf,https://query.sse.com.cn/commonQuery.do?sqlId=COMMON_SSE_CP_GPJCTPZ_GPLB_GP_L,https://query.sse.com.cn/commonQuery.do?sqlId=COMMON_SSE_CP_GPJCTPZ_GPLB_GP_L,当前交易所法人全称与官方名单标准化后完全一致,1,1,身份关系已核实候选；ST、退市时点及资格缺口仍待处理
600351,2023,亚宝药业集团股份有限公司,上海证券交易所,亚宝药业,20020926,亚宝药业集团股份有限公司,2023,monitor_pass,https://www.moa.gov.cn/nybgb/2023/202306/202307/P020230719348171286633.pdf,https://query.sse.com.cn/commonQuery.do?sqlId=COMMON_SSE_CP_GPJCTPZ_GPLB_GP_L,https://query.sse.com.cn/commonQuery.do?sqlId=COMMON_SSE_CP_GPJCTPZ_GPLB_GP_L,当前交易所法人全称与官方名单标准化后完全一致,1,1,身份关系已核实候选；ST、退市时点及资格缺口仍待处理
600354,2014,甘肃省敦煌种业集团股份有限公司,上海证券交易所,敦煌种业,20040115,甘肃省敦煌种业股份有限公司,2014,monitor_pass,https://www.moa.gov.cn/nybgb/2014/shi/201712/P020180104776701107212.pdf,https://query.sse.com.cn/commonQuery.do?sqlId=COMMON_SSE_CP_GPJCTPZ_GPLB_GP_L,https://static.cninfo.com.cn/finalpage/2025-03-22/1222871589.PDF,年度报告说明当前公司由旧全称获批设立并持续使用同一统一社会信用代码,1,1,身份关系已核实候选；ST、退市时点及资格缺口仍待处理
600354,2015,甘肃省敦煌种业集团股份有限公司,上海证券交易所,敦煌种业,20040115,甘肃省敦煌种业股份有限公司,2014,monitor_pass,https://www.moa.gov.cn/nybgb/2014/shi/201712/P020180104776701107212.pdf,https://query.sse.com.cn/commonQuery.do?sqlId=COMMON_SSE_CP_GPJCTPZ_GPLB_GP_L,https://static.cninfo.com.cn/finalpage/2025-03-22/1222871589.PDF,年度报告说明当前公司由旧全称获批设立并持续使用同一统一社会信用代码,1,1,身份关系已核实候选；ST、退市时点及资格缺口仍待处理
600354,2018,甘肃省敦煌种业集团股份有限公司,上海证券交易所,敦煌种业,20040115,甘肃省敦煌种业集团股份有限公司,2018,monitor_pass,https://xccys.moa.gov.cn/gzdt/201812/t20181205_6314544.htm,https://query.sse.com.cn/commonQuery.do?sqlId=COMMON_SSE_CP_GPJCTPZ_GPLB_GP_L,https://query.sse.com.cn/commonQuery.do?sqlId=COMMON_SSE_CP_GPJCTPZ_GPLB_GP_L,当前交易所法人全称与官方名单标准化后完全一致,1,1,身份关系已核实候选；ST、退市时点及资格缺口仍待处理
600354,2019,甘肃省敦煌种业集团股份有限公司,上海证券交易所,敦煌种业,20040115,甘肃省敦煌种业集团股份有限公司,2018,monitor_pass,https://xccys.moa.gov.cn/gzdt/201812/t20181205_6314544.htm,https://query.sse.com.cn/commonQuery.do?sqlId=COMMON_SSE_CP_GPJCTPZ_GPLB_GP_L,https://query.sse.com.cn/commonQuery.do?sqlId=COMMON_SSE_CP_GPJCTPZ_GPLB_GP_L,当前交易所法人全称与官方名单标准化后完全一致,1,1,身份关系已核实候选；ST、退市时点及资格缺口仍待处理
600354,2020,甘肃省敦煌种业集团股份有限公司,上海证券交易所,敦煌种业,20040115,甘肃省敦煌种业集团股份有限公司,2020,monitor_pass,https://www.moa.gov.cn/nybgb/2020/202012/202102/P020210201587636946140.pdf,https://query.sse.com.cn/commonQuery.do?sqlId=COMMON_SSE_CP_GPJCTPZ_GPLB_GP_L,https://query.sse.com.cn/commonQuery.do?sqlId=COMMON_SSE_CP_GPJCTPZ_GPLB_GP_L,当前交易所法人全称与官方名单标准化后完全一致,1,1,身份关系已核实候选；ST、退市时点及资格缺口仍待处理
600354,2021,甘肃省敦煌种业集团股份有限公司,上海证券交易所,敦煌种业,20040115,甘肃省敦煌种业集团股份有限公司,2020,monitor_pass,https://www.moa.gov.cn/nybgb/2020/202012/202102/P020210201587636946140.pdf,https://query.sse.com.cn/commonQuery.do?sqlId=COMMON_SSE_CP_GPJCTPZ_GPLB_GP_L,https://query.sse.com.cn/commonQuery.do?sqlId=COMMON_SSE_CP_GPJCTPZ_GPLB_GP_L,当前交易所法人全称与官方名单标准化后完全一致,1,1,身份关系已核实候选；ST、退市时点及资格缺口仍待处理
600354,2022,甘肃省敦煌种业集团股份有限公司,上海证券交易所,敦煌种业,20040115,甘肃省敦煌种业集团股份有限公司,2020,monitor_pass,https://www.moa.gov.cn/nybgb/2020/202012/202102/P020210201587636946140.pdf,https://query.sse.com.cn/commonQuery.do?sqlId=COMMON_SSE_CP_GPJCTPZ_GPLB_GP_L,https://query.sse.com.cn/commonQuery.do?sqlId=COMMON_SSE_CP_GPJCTPZ_GPLB_GP_L,当前交易所法人全称与官方名单标准化后完全一致,1,1,身份关系已核实候选；ST、退市时点及资格缺口仍待处理
600354,2023,甘肃省敦煌种业集团股份有限公司,上海证券交易所,敦煌种业,20040115,甘肃省敦煌种业集团股份有限公司,2023,monitor_pass,https://www.moa.gov.cn/nybgb/2023/202306/202307/P020230719348171286633.pdf,https://query.sse.com.cn/commonQuery.do?sqlId=COMMON_SSE_CP_GPJCTPZ_GPLB_GP_L,https://query.sse.com.cn/commonQuery.do?sqlId=COMMON_SSE_CP_GPJCTPZ_GPLB_GP_L,当前交易所法人全称与官方名单标准化后完全一致,1,1,身份关系已核实候选；ST、退市时点及资格缺口仍待处理
600419,2018,新疆天润乳业股份有限公司,上海证券交易所,天润乳业,20010628,新疆天润乳业股份有限公司,2018,monitor_pass,https://xccys.moa.gov.cn/gzdt/201812/t20181205_6314544.htm,https://query.sse.com.cn/commonQuery.do?sqlId=COMMON_SSE_CP_GPJCTPZ_GPLB_GP_L,https://query.sse.com.cn/commonQuery.do?sqlId=COMMON_SSE_CP_GPJCTPZ_GPLB_GP_L,当前交易所法人全称与官方名单标准化后完全一致,1,1,身份关系已核实候选；ST、退市时点及资格缺口仍待处理
600419,2019,新疆天润乳业股份有限公司,上海证券交易所,天润乳业,20010628,新疆天润乳业股份有限公司,2018,monitor_pass,https://xccys.moa.gov.cn/gzdt/201812/t20181205_6314544.htm,https://query.sse.com.cn/commonQuery.do?sqlId=COMMON_SSE_CP_GPJCTPZ_GPLB_GP_L,https://query.sse.com.cn/commonQuery.do?sqlId=COMMON_SSE_CP_GPJCTPZ_GPLB_GP_L,当前交易所法人全称与官方名单标准化后完全一致,1,1,身份关系已核实候选；ST、退市时点及资格缺口仍待处理
600419,2020,新疆天润乳业股份有限公司,上海证券交易所,天润乳业,20010628,新疆天润乳业股份有限公司,2020,monitor_pass,https://www.moa.gov.cn/nybgb/2020/202012/202102/P020210201587636946140.pdf,https://query.sse.com.cn/commonQuery.do?sqlId=COMMON_SSE_CP_GPJCTPZ_GPLB_GP_L,https://query.sse.com.cn/commonQuery.do?sqlId=COMMON_SSE_CP_GPJCTPZ_GPLB_GP_L,当前交易所法人全称与官方名单标准化后完全一致,1,1,身份关系已核实候选；ST、退市时点及资格缺口仍待处理
600419,2021,新疆天润乳业股份有限公司,上海证券交易所,天润乳业,20010628,新疆天润乳业股份有限公司,2020,monitor_pass,https://www.moa.gov.cn/nybgb/2020/202012/202102/P020210201587636946140.pdf,https://query.sse.com.cn/commonQuery.do?sqlId=COMMON_SSE_CP_GPJCTPZ_GPLB_GP_L,https://query.sse.com.cn/commonQuery.do?sqlId=COMMON_SSE_CP_GPJCTPZ_GPLB_GP_L,当前交易所法人全称与官方名单标准化后完全一致,1,1,身份关系已核实候选；ST、退市时点及资格缺口仍待处理
600419,2022,新疆天润乳业股份有限公司,上海证券交易所,天润乳业,20010628,新疆天润乳业股份有限公司,2020,monitor_pass,https://www.moa.gov.cn/nybgb/2020/202012/202102/P020210201587636946140.pdf,https://query.sse.com.cn/commonQuery.do?sqlId=COMMON_SSE_CP_GPJCTPZ_GPLB_GP_L,https://query.sse.com.cn/commonQuery.do?sqlId=COMMON_SSE_CP_GPJCTPZ_GPLB_GP_L,当前交易所法人全称与官方名单标准化后完全一致,1,1,身份关系已核实候选；ST、退市时点及资格缺口仍待处理
600419,2023,新疆天润乳业股份有限公司,上海证券交易所,天润乳业,20010628,新疆天润乳业股份有限公司,2023,monitor_pass,https://www.moa.gov.cn/nybgb/2023/202306/202307/P020230719348171286633.pdf,https://query.sse.com.cn/commonQuery.do?sqlId=COMMON_SSE_CP_GPJCTPZ_GPLB_GP_L,https://query.sse.com.cn/commonQuery.do?sqlId=COMMON_SSE_CP_GPJCTPZ_GPLB_GP_L,当前交易所法人全称与官方名单标准化后完全一致,1,1,身份关系已核实候选；ST、退市时点及资格缺口仍待处理
600429,2014,北京三元食品股份有限公司,上海证券交易所,三元股份,20030915,北京三元食品股份有限公司,2014,monitor_pass,https://www.moa.gov.cn/nybgb/2014/shi/201712/P020180104776701107212.pdf,https://query.sse.com.cn/commonQuery.do?sqlId=COMMON_SSE_CP_GPJCTPZ_GPLB_GP_L,https://query.sse.com.cn/commonQuery.do?sqlId=COMMON_SSE_CP_GPJCTPZ_GPLB_GP_L,当前交易所法人全称与官方名单标准化后完全一致,1,1,身份关系已核实候选；ST、退市时点及资格缺口仍待处理
600429,2015,北京三元食品股份有限公司,上海证券交易所,三元股份,20030915,北京三元食品股份有限公司,2014,monitor_pass,https://www.moa.gov.cn/nybgb/2014/shi/201712/P020180104776701107212.pdf,https://query.sse.com.cn/commonQuery.do?sqlId=COMMON_SSE_CP_GPJCTPZ_GPLB_GP_L,https://query.sse.com.cn/commonQuery.do?sqlId=COMMON_SSE_CP_GPJCTPZ_GPLB_GP_L,当前交易所法人全称与官方名单标准化后完全一致,1,1,身份关系已核实候选；ST、退市时点及资格缺口仍待处理
600429,2018,北京三元食品股份有限公司,上海证券交易所,三元股份,20030915,北京三元食品股份有限公司,2018,monitor_pass,https://xccys.moa.gov.cn/gzdt/201812/t20181205_6314544.htm,https://query.sse.com.cn/commonQuery.do?sqlId=COMMON_SSE_CP_GPJCTPZ_GPLB_GP_L,https://query.sse.com.cn/commonQuery.do?sqlId=COMMON_SSE_CP_GPJCTPZ_GPLB_GP_L,当前交易所法人全称与官方名单标准化后完全一致,1,1,身份关系已核实候选；ST、退市时点及资格缺口仍待处理
600429,2019,北京三元食品股份有限公司,上海证券交易所,三元股份,20030915,北京三元食品股份有限公司,2018,monitor_pass,https://xccys.moa.gov.cn/gzdt/201812/t20181205_6314544.htm,https://query.sse.com.cn/commonQuery.do?sqlId=COMMON_SSE_CP_GPJCTPZ_GPLB_GP_L,https://query.sse.com.cn/commonQuery.do?sqlId=COMMON_SSE_CP_GPJCTPZ_GPLB_GP_L,当前交易所法人全称与官方名单标准化后完全一致,1,1,身份关系已核实候选；ST、退市时点及资格缺口仍待处理
600429,2020,北京三元食品股份有限公司,上海证券交易所,三元股份,20030915,北京三元食品股份有限公司,2020,monitor_pass,https://www.moa.gov.cn/nybgb/2020/202012/202102/P020210201587636946140.pdf,https://query.sse.com.cn/commonQuery.do?sqlId=COMMON_SSE_CP_GPJCTPZ_GPLB_GP_L,https://query.sse.com.cn/commonQuery.do?sqlId=COMMON_SSE_CP_GPJCTPZ_GPLB_GP_L,当前交易所法人全称与官方名单标准化后完全一致,1,1,身份关系已核实候选；ST、退市时点及资格缺口仍待处理
600429,2021,北京三元食品股份有限公司,上海证券交易所,三元股份,20030915,北京三元食品股份有限公司,2020,monitor_pass,https://www.moa.gov.cn/nybgb/2020/202012/202102/P020210201587636946140.pdf,https://query.sse.com.cn/commonQuery.do?sqlId=COMMON_SSE_CP_GPJCTPZ_GPLB_GP_L,https://query.sse.com.cn/commonQuery.do?sqlId=COMMON_SSE_CP_GPJCTPZ_GPLB_GP_L,当前交易所法人全称与官方名单标准化后完全一致,1,1,身份关系已核实候选；ST、退市时点及资格缺口仍待处理
600429,2022,北京三元食品股份有限公司,上海证券交易所,三元股份,20030915,北京三元食品股份有限公司,2020,monitor_pass,https://www.moa.gov.cn/nybgb/2020/202012/202102/P020210201587636946140.pdf,https://query.sse.com.cn/commonQuery.do?sqlId=COMMON_SSE_CP_GPJCTPZ_GPLB_GP_L,https://query.sse.com.cn/commonQuery.do?sqlId=COMMON_SSE_CP_GPJCTPZ_GPLB_GP_L,当前交易所法人全称与官方名单标准化后完全一致,1,1,身份关系已核实候选；ST、退市时点及资格缺口仍待处理
600429,2023,北京三元食品股份有限公司,上海证券交易所,三元股份,20030915,北京三元食品股份有限公司,2023,monitor_pass,https://www.moa.gov.cn/nybgb/2023/202306/202307/P020230719348171286633.pdf,https://query.sse.com.cn/commonQuery.do?sqlId=COMMON_SSE_CP_GPJCTPZ_GPLB_GP_L,https://query.sse.com.cn/commonQuery.do?sqlId=COMMON_SSE_CP_GPJCTPZ_GPLB_GP_L,当前交易所法人全称与官方名单标准化后完全一致,1,1,身份关系已核实候选；ST、退市时点及资格缺口仍待处理
600438,2014,通威股份有限公司,上海证券交易所,通威股份,20040302,通威股份有限公司,2014,monitor_pass,https://www.moa.gov.cn/nybgb/2014/shi/201712/P020180104776701107212.pdf,https://query.sse.com.cn/commonQuery.do?sqlId=COMMON_SSE_CP_GPJCTPZ_GPLB_GP_L,https://query.sse.com.cn/commonQuery.do?sqlId=COMMON_SSE_CP_GPJCTPZ_GPLB_GP_L,当前交易所法人全称与官方名单标准化后完全一致,1,1,身份关系已核实候选；ST、退市时点及资格缺口仍待处理
600438,2015,通威股份有限公司,上海证券交易所,通威股份,20040302,通威股份有限公司,2014,monitor_pass,https://www.moa.gov.cn/nybgb/2014/shi/201712/P020180104776701107212.pdf,https://query.sse.com.cn/commonQuery.do?sqlId=COMMON_SSE_CP_GPJCTPZ_GPLB_GP_L,https://query.sse.com.cn/commonQuery.do?sqlId=COMMON_SSE_CP_GPJCTPZ_GPLB_GP_L,当前交易所法人全称与官方名单标准化后完全一致,1,1,身份关系已核实候选；ST、退市时点及资格缺口仍待处理
600438,2018,通威股份有限公司,上海证券交易所,通威股份,20040302,通威股份有限公司,2018,monitor_pass,https://xccys.moa.gov.cn/gzdt/201812/t20181205_6314544.htm,https://query.sse.com.cn/commonQuery.do?sqlId=COMMON_SSE_CP_GPJCTPZ_GPLB_GP_L,https://query.sse.com.cn/commonQuery.do?sqlId=COMMON_SSE_CP_GPJCTPZ_GPLB_GP_L,当前交易所法人全称与官方名单标准化后完全一致,1,1,身份关系已核实候选；ST、退市时点及资格缺口仍待处理
600438,2019,通威股份有限公司,上海证券交易所,通威股份,20040302,通威股份有限公司,2018,monitor_pass,https://xccys.moa.gov.cn/gzdt/201812/t20181205_6314544.htm,https://query.sse.com.cn/commonQuery.do?sqlId=COMMON_SSE_CP_GPJCTPZ_GPLB_GP_L,https://query.sse.com.cn/commonQuery.do?sqlId=COMMON_SSE_CP_GPJCTPZ_GPLB_GP_L,当前交易所法人全称与官方名单标准化后完全一致,1,1,身份关系已核实候选；ST、退市时点及资格缺口仍待处理
600438,2020,通威股份有限公司,上海证券交易所,通威股份,20040302,通威股份有限公司,2020,monitor_pass,https://www.moa.gov.cn/nybgb/2020/202012/202102/P020210201587636946140.pdf,https://query.sse.com.cn/commonQuery.do?sqlId=COMMON_SSE_CP_GPJCTPZ_GPLB_GP_L,https://query.sse.com.cn/commonQuery.do?sqlId=COMMON_SSE_CP_GPJCTPZ_GPLB_GP_L,当前交易所法人全称与官方名单标准化后完全一致,1,1,身份关系已核实候选；ST、退市时点及资格缺口仍待处理
600438,2021,通威股份有限公司,上海证券交易所,通威股份,20040302,通威股份有限公司,2020,monitor_pass,https://www.moa.gov.cn/nybgb/2020/202012/202102/P020210201587636946140.pdf,https://query.sse.com.cn/commonQuery.do?sqlId=COMMON_SSE_CP_GPJCTPZ_GPLB_GP_L,https://query.sse.com.cn/commonQuery.do?sqlId=COMMON_SSE_CP_GPJCTPZ_GPLB_GP_L,当前交易所法人全称与官方名单标准化后完全一致,1,1,身份关系已核实候选；ST、退市时点及资格缺口仍待处理
600438,2022,通威股份有限公司,上海证券交易所,通威股份,20040302,通威股份有限公司,2020,monitor_pass,https://www.moa.gov.cn/nybgb/2020/202012/202102/P020210201587636946140.pdf,https://query.sse.com.cn/commonQuery.do?sqlId=COMMON_SSE_CP_GPJCTPZ_GPLB_GP_L,https://query.sse.com.cn/commonQuery.do?sqlId=COMMON_SSE_CP_GPJCTPZ_GPLB_GP_L,当前交易所法人全称与官方名单标准化后完全一致,1,1,身份关系已核实候选；ST、退市时点及资格缺口仍待处理
600438,2023,通威股份有限公司,上海证券交易所,通威股份,20040302,通威股份有限公司,2023,monitor_pass,https://www.moa.gov.cn/nybgb/2023/202306/202307/P020230719348171286633.pdf,https://query.sse.com.cn/commonQuery.do?sqlId=COMMON_SSE_CP_GPJCTPZ_GPLB_GP_L,https://query.sse.com.cn/commonQuery.do?sqlId=COMMON_SSE_CP_GPJCTPZ_GPLB_GP_L,当前交易所法人全称与官方名单标准化后完全一致,1,1,身份关系已核实候选；ST、退市时点及资格缺口仍待处理
600467,2014,山东好当家海洋发展股份有限公司,上海证券交易所,好当家,20040405,山东好当家海洋发展股份有限公司,2014,monitor_pass,https://www.moa.gov.cn/nybgb/2014/shi/201712/P020180104776701107212.pdf,https://query.sse.com.cn/commonQuery.do?sqlId=COMMON_SSE_CP_GPJCTPZ_GPLB_GP_L,https://query.sse.com.cn/commonQuery.do?sqlId=COMMON_SSE_CP_GPJCTPZ_GPLB_GP_L,当前交易所法人全称与官方名单标准化后完全一致,1,1,身份关系已核实候选；ST、退市时点及资格缺口仍待处理
600467,2015,山东好当家海洋发展股份有限公司,上海证券交易所,好当家,20040405,山东好当家海洋发展股份有限公司,2014,monitor_pass,https://www.moa.gov.cn/nybgb/2014/shi/201712/P020180104776701107212.pdf,https://query.sse.com.cn/commonQuery.do?sqlId=COMMON_SSE_CP_GPJCTPZ_GPLB_GP_L,https://query.sse.com.cn/commonQuery.do?sqlId=COMMON_SSE_CP_GPJCTPZ_GPLB_GP_L,当前交易所法人全称与官方名单标准化后完全一致,1,1,身份关系已核实候选；ST、退市时点及资格缺口仍待处理
600467,2018,山东好当家海洋发展股份有限公司,上海证券交易所,好当家,20040405,山东好当家海洋发展股份有限公司,2018,monitor_pass,https://xccys.moa.gov.cn/gzdt/201812/t20181205_6314544.htm,https://query.sse.com.cn/commonQuery.do?sqlId=COMMON_SSE_CP_GPJCTPZ_GPLB_GP_L,https://query.sse.com.cn/commonQuery.do?sqlId=COMMON_SSE_CP_GPJCTPZ_GPLB_GP_L,当前交易所法人全称与官方名单标准化后完全一致,1,1,身份关系已核实候选；ST、退市时点及资格缺口仍待处理
600467,2019,山东好当家海洋发展股份有限公司,上海证券交易所,好当家,20040405,山东好当家海洋发展股份有限公司,2018,monitor_pass,https://xccys.moa.gov.cn/gzdt/201812/t20181205_6314544.htm,https://query.sse.com.cn/commonQuery.do?sqlId=COMMON_SSE_CP_GPJCTPZ_GPLB_GP_L,https://query.sse.com.cn/commonQuery.do?sqlId=COMMON_SSE_CP_GPJCTPZ_GPLB_GP_L,当前交易所法人全称与官方名单标准化后完全一致,1,1,身份关系已核实候选；ST、退市时点及资格缺口仍待处理
600467,2020,山东好当家海洋发展股份有限公司,上海证券交易所,好当家,20040405,山东好当家海洋发展股份有限公司,2020,monitor_pass,https://www.moa.gov.cn/nybgb/2020/202012/202102/P020210201587636946140.pdf,https://query.sse.com.cn/commonQuery.do?sqlId=COMMON_SSE_CP_GPJCTPZ_GPLB_GP_L,https://query.sse.com.cn/commonQuery.do?sqlId=COMMON_SSE_CP_GPJCTPZ_GPLB_GP_L,当前交易所法人全称与官方名单标准化后完全一致,1,1,身份关系已核实候选；ST、退市时点及资格缺口仍待处理
600467,2021,山东好当家海洋发展股份有限公司,上海证券交易所,好当家,20040405,山东好当家海洋发展股份有限公司,2020,monitor_pass,https://www.moa.gov.cn/nybgb/2020/202012/202102/P020210201587636946140.pdf,https://query.sse.com.cn/commonQuery.do?sqlId=COMMON_SSE_CP_GPJCTPZ_GPLB_GP_L,https://query.sse.com.cn/commonQuery.do?sqlId=COMMON_SSE_CP_GPJCTPZ_GPLB_GP_L,当前交易所法人全称与官方名单标准化后完全一致,1,1,身份关系已核实候选；ST、退市时点及资格缺口仍待处理
600467,2022,山东好当家海洋发展股份有限公司,上海证券交易所,好当家,20040405,山东好当家海洋发展股份有限公司,2020,monitor_pass,https://www.moa.gov.cn/nybgb/2020/202012/202102/P020210201587636946140.pdf,https://query.sse.com.cn/commonQuery.do?sqlId=COMMON_SSE_CP_GPJCTPZ_GPLB_GP_L,https://query.sse.com.cn/commonQuery.do?sqlId=COMMON_SSE_CP_GPJCTPZ_GPLB_GP_L,当前交易所法人全称与官方名单标准化后完全一致,1,1,身份关系已核实候选；ST、退市时点及资格缺口仍待处理
600467,2023,山东好当家海洋发展股份有限公司,上海证券交易所,好当家,20040405,山东好当家海洋发展股份有限公司,2023,monitor_pass,https://www.moa.gov.cn/nybgb/2023/202306/202307/P020230719348171286633.pdf,https://query.sse.com.cn/commonQuery.do?sqlId=COMMON_SSE_CP_GPJCTPZ_GPLB_GP_L,https://query.sse.com.cn/commonQuery.do?sqlId=COMMON_SSE_CP_GPJCTPZ_GPLB_GP_L,当前交易所法人全称与官方名单标准化后完全一致,1,1,身份关系已核实候选；ST、退市时点及资格缺口仍待处理
600479,2018,株洲千金药业股份有限公司,上海证券交易所,千金药业,20040312,株洲千金药业股份有限公司,2018,monitor_pass,https://xccys.moa.gov.cn/gzdt/201812/t20181205_6314544.htm,https://query.sse.com.cn/commonQuery.do?sqlId=COMMON_SSE_CP_GPJCTPZ_GPLB_GP_L,https://query.sse.com.cn/commonQuery.do?sqlId=COMMON_SSE_CP_GPJCTPZ_GPLB_GP_L,当前交易所法人全称与官方名单标准化后完全一致,1,1,身份关系已核实候选；ST、退市时点及资格缺口仍待处理
600479,2019,株洲千金药业股份有限公司,上海证券交易所,千金药业,20040312,株洲千金药业股份有限公司,2018,monitor_pass,https://xccys.moa.gov.cn/gzdt/201812/t20181205_6314544.htm,https://query.sse.com.cn/commonQuery.do?sqlId=COMMON_SSE_CP_GPJCTPZ_GPLB_GP_L,https://query.sse.com.cn/commonQuery.do?sqlId=COMMON_SSE_CP_GPJCTPZ_GPLB_GP_L,当前交易所法人全称与官方名单标准化后完全一致,1,1,身份关系已核实候选；ST、退市时点及资格缺口仍待处理
600479,2020,株洲千金药业股份有限公司,上海证券交易所,千金药业,20040312,株洲千金药业股份有限公司,2020,monitor_pass,https://www.moa.gov.cn/nybgb/2020/202012/202102/P020210201587636946140.pdf,https://query.sse.com.cn/commonQuery.do?sqlId=COMMON_SSE_CP_GPJCTPZ_GPLB_GP_L,https://query.sse.com.cn/commonQuery.do?sqlId=COMMON_SSE_CP_GPJCTPZ_GPLB_GP_L,当前交易所法人全称与官方名单标准化后完全一致,1,1,身份关系已核实候选；ST、退市时点及资格缺口仍待处理
600479,2021,株洲千金药业股份有限公司,上海证券交易所,千金药业,20040312,株洲千金药业股份有限公司,2020,monitor_pass,https://www.moa.gov.cn/nybgb/2020/202012/202102/P020210201587636946140.pdf,https://query.sse.com.cn/commonQuery.do?sqlId=COMMON_SSE_CP_GPJCTPZ_GPLB_GP_L,https://query.sse.com.cn/commonQuery.do?sqlId=COMMON_SSE_CP_GPJCTPZ_GPLB_GP_L,当前交易所法人全称与官方名单标准化后完全一致,1,1,身份关系已核实候选；ST、退市时点及资格缺口仍待处理
600479,2022,株洲千金药业股份有限公司,上海证券交易所,千金药业,20040312,株洲千金药业股份有限公司,2020,monitor_pass,https://www.moa.gov.cn/nybgb/2020/202012/202102/P020210201587636946140.pdf,https://query.sse.com.cn/commonQuery.do?sqlId=COMMON_SSE_CP_GPJCTPZ_GPLB_GP_L,https://query.sse.com.cn/commonQuery.do?sqlId=COMMON_SSE_CP_GPJCTPZ_GPLB_GP_L,当前交易所法人全称与官方名单标准化后完全一致,1,1,身份关系已核实候选；ST、退市时点及资格缺口仍待处理
600479,2023,株洲千金药业股份有限公司,上海证券交易所,千金药业,20040312,株洲千金药业股份有限公司,2023,monitor_pass,https://www.moa.gov.cn/nybgb/2023/202306/202307/P020230719348171286633.pdf,https://query.sse.com.cn/commonQuery.do?sqlId=COMMON_SSE_CP_GPJCTPZ_GPLB_GP_L,https://query.sse.com.cn/commonQuery.do?sqlId=COMMON_SSE_CP_GPJCTPZ_GPLB_GP_L,当前交易所法人全称与官方名单标准化后完全一致,1,1,身份关系已核实候选；ST、退市时点及资格缺口仍待处理
600543,2014,甘肃莫高实业发展股份有限公司,上海证券交易所,*ST莫高,20040324,甘肃莫高实业发展股份有限公司,2014,monitor_pass,https://www.moa.gov.cn/nybgb/2014/shi/201712/P020180104776701107212.pdf,https://query.sse.com.cn/commonQuery.do?sqlId=COMMON_SSE_CP_GPJCTPZ_GPLB_GP_L,https://query.sse.com.cn/commonQuery.do?sqlId=COMMON_SSE_CP_GPJCTPZ_GPLB_GP_L,当前交易所法人全称与官方名单标准化后完全一致,1,1,身份关系已核实候选；ST、退市时点及资格缺口仍待处理
600543,2015,甘肃莫高实业发展股份有限公司,上海证券交易所,*ST莫高,20040324,甘肃莫高实业发展股份有限公司,2014,monitor_pass,https://www.moa.gov.cn/nybgb/2014/shi/201712/P020180104776701107212.pdf,https://query.sse.com.cn/commonQuery.do?sqlId=COMMON_SSE_CP_GPJCTPZ_GPLB_GP_L,https://query.sse.com.cn/commonQuery.do?sqlId=COMMON_SSE_CP_GPJCTPZ_GPLB_GP_L,当前交易所法人全称与官方名单标准化后完全一致,1,1,身份关系已核实候选；ST、退市时点及资格缺口仍待处理
600543,2018,甘肃莫高实业发展股份有限公司,上海证券交易所,*ST莫高,20040324,甘肃莫高实业发展股份有限公司,2018,monitor_pass,https://xccys.moa.gov.cn/gzdt/201812/t20181205_6314544.htm,https://query.sse.com.cn/commonQuery.do?sqlId=COMMON_SSE_CP_GPJCTPZ_GPLB_GP_L,https://query.sse.com.cn/commonQuery.do?sqlId=COMMON_SSE_CP_GPJCTPZ_GPLB_GP_L,当前交易所法人全称与官方名单标准化后完全一致,1,1,身份关系已核实候选；ST、退市时点及资格缺口仍待处理
600543,2019,甘肃莫高实业发展股份有限公司,上海证券交易所,*ST莫高,20040324,甘肃莫高实业发展股份有限公司,2018,monitor_pass,https://xccys.moa.gov.cn/gzdt/201812/t20181205_6314544.htm,https://query.sse.com.cn/commonQuery.do?sqlId=COMMON_SSE_CP_GPJCTPZ_GPLB_GP_L,https://query.sse.com.cn/commonQuery.do?sqlId=COMMON_SSE_CP_GPJCTPZ_GPLB_GP_L,当前交易所法人全称与官方名单标准化后完全一致,1,1,身份关系已核实候选；ST、退市时点及资格缺口仍待处理
600543,2020,甘肃莫高实业发展股份有限公司,上海证券交易所,*ST莫高,20040324,甘肃莫高实业发展股份有限公司,2020,monitor_pass,https://www.moa.gov.cn/nybgb/2020/202012/202102/P020210201587636946140.pdf,https://query.sse.com.cn/commonQuery.do?sqlId=COMMON_SSE_CP_GPJCTPZ_GPLB_GP_L,https://query.sse.com.cn/commonQuery.do?sqlId=COMMON_SSE_CP_GPJCTPZ_GPLB_GP_L,当前交易所法人全称与官方名单标准化后完全一致,1,1,身份关系已核实候选；ST、退市时点及资格缺口仍待处理
600543,2021,甘肃莫高实业发展股份有限公司,上海证券交易所,*ST莫高,20040324,甘肃莫高实业发展股份有限公司,2020,monitor_pass,https://www.moa.gov.cn/nybgb/2020/202012/202102/P020210201587636946140.pdf,https://query.sse.com.cn/commonQuery.do?sqlId=COMMON_SSE_CP_GPJCTPZ_GPLB_GP_L,https://query.sse.com.cn/commonQuery.do?sqlId=COMMON_SSE_CP_GPJCTPZ_GPLB_GP_L,当前交易所法人全称与官方名单标准化后完全一致,1,1,身份关系已核实候选；ST、退市时点及资格缺口仍待处理
600543,2022,甘肃莫高实业发展股份有限公司,上海证券交易所,*ST莫高,20040324,甘肃莫高实业发展股份有限公司,2020,monitor_pass,https://www.moa.gov.cn/nybgb/2020/202012/202102/P020210201587636946140.pdf,https://query.sse.com.cn/commonQuery.do?sqlId=COMMON_SSE_CP_GPJCTPZ_GPLB_GP_L,https://query.sse.com.cn/commonQuery.do?sqlId=COMMON_SSE_CP_GPJCTPZ_GPLB_GP_L,当前交易所法人全称与官方名单标准化后完全一致,1,1,身份关系已核实候选；ST、退市时点及资格缺口仍待处理
600543,2023,甘肃莫高实业发展股份有限公司,上海证券交易所,*ST莫高,20040324,甘肃莫高实业发展股份有限公司,2023,monitor_pass,https://www.moa.gov.cn/nybgb/2023/202306/202307/P020230719348171286633.pdf,https://query.sse.com.cn/commonQuery.do?sqlId=COMMON_SSE_CP_GPJCTPZ_GPLB_GP_L,https://query.sse.com.cn/commonQuery.do?sqlId=COMMON_SSE_CP_GPJCTPZ_GPLB_GP_L,当前交易所法人全称与官方名单标准化后完全一致,1,1,身份关系已核实候选；ST、退市时点及资格缺口仍待处理
600597,2014,光明乳业股份有限公司,上海证券交易所,光明乳业,20020828,光明乳业股份有限公司,2014,monitor_pass,https://www.moa.gov.cn/nybgb/2014/shi/201712/P020180104776701107212.pdf,https://query.sse.com.cn/commonQuery.do?sqlId=COMMON_SSE_CP_GPJCTPZ_GPLB_GP_L,https://query.sse.com.cn/commonQuery.do?sqlId=COMMON_SSE_CP_GPJCTPZ_GPLB_GP_L,当前交易所法人全称与官方名单标准化后完全一致,1,1,身份关系已核实候选；ST、退市时点及资格缺口仍待处理
600597,2015,光明乳业股份有限公司,上海证券交易所,光明乳业,20020828,光明乳业股份有限公司,2014,monitor_pass,https://www.moa.gov.cn/nybgb/2014/shi/201712/P020180104776701107212.pdf,https://query.sse.com.cn/commonQuery.do?sqlId=COMMON_SSE_CP_GPJCTPZ_GPLB_GP_L,https://query.sse.com.cn/commonQuery.do?sqlId=COMMON_SSE_CP_GPJCTPZ_GPLB_GP_L,当前交易所法人全称与官方名单标准化后完全一致,1,1,身份关系已核实候选；ST、退市时点及资格缺口仍待处理
600597,2018,光明乳业股份有限公司,上海证券交易所,光明乳业,20020828,光明乳业股份有限公司,2018,monitor_pass,https://xccys.moa.gov.cn/gzdt/201812/t20181205_6314544.htm,https://query.sse.com.cn/commonQuery.do?sqlId=COMMON_SSE_CP_GPJCTPZ_GPLB_GP_L,https://query.sse.com.cn/commonQuery.do?sqlId=COMMON_SSE_CP_GPJCTPZ_GPLB_GP_L,当前交易所法人全称与官方名单标准化后完全一致,1,1,身份关系已核实候选；ST、退市时点及资格缺口仍待处理
600597,2019,光明乳业股份有限公司,上海证券交易所,光明乳业,20020828,光明乳业股份有限公司,2018,monitor_pass,https://xccys.moa.gov.cn/gzdt/201812/t20181205_6314544.htm,https://query.sse.com.cn/commonQuery.do?sqlId=COMMON_SSE_CP_GPJCTPZ_GPLB_GP_L,https://query.sse.com.cn/commonQuery.do?sqlId=COMMON_SSE_CP_GPJCTPZ_GPLB_GP_L,当前交易所法人全称与官方名单标准化后完全一致,1,1,身份关系已核实候选；ST、退市时点及资格缺口仍待处理
600597,2020,光明乳业股份有限公司,上海证券交易所,光明乳业,20020828,光明乳业股份有限公司,2020,monitor_pass,https://www.moa.gov.cn/nybgb/2020/202012/202102/P020210201587636946140.pdf,https://query.sse.com.cn/commonQuery.do?sqlId=COMMON_SSE_CP_GPJCTPZ_GPLB_GP_L,https://query.sse.com.cn/commonQuery.do?sqlId=COMMON_SSE_CP_GPJCTPZ_GPLB_GP_L,当前交易所法人全称与官方名单标准化后完全一致,1,1,身份关系已核实候选；ST、退市时点及资格缺口仍待处理
600597,2021,光明乳业股份有限公司,上海证券交易所,光明乳业,20020828,光明乳业股份有限公司,2020,monitor_pass,https://www.moa.gov.cn/nybgb/2020/202012/202102/P020210201587636946140.pdf,https://query.sse.com.cn/commonQuery.do?sqlId=COMMON_SSE_CP_GPJCTPZ_GPLB_GP_L,https://query.sse.com.cn/commonQuery.do?sqlId=COMMON_SSE_CP_GPJCTPZ_GPLB_GP_L,当前交易所法人全称与官方名单标准化后完全一致,1,1,身份关系已核实候选；ST、退市时点及资格缺口仍待处理
600597,2022,光明乳业股份有限公司,上海证券交易所,光明乳业,20020828,光明乳业股份有限公司,2020,monitor_pass,https://www.moa.gov.cn/nybgb/2020/202012/202102/P020210201587636946140.pdf,https://query.sse.com.cn/commonQuery.do?sqlId=COMMON_SSE_CP_GPJCTPZ_GPLB_GP_L,https://query.sse.com.cn/commonQuery.do?sqlId=COMMON_SSE_CP_GPJCTPZ_GPLB_GP_L,当前交易所法人全称与官方名单标准化后完全一致,1,1,身份关系已核实候选；ST、退市时点及资格缺口仍待处理
600597,2023,光明乳业股份有限公司,上海证券交易所,光明乳业,20020828,光明乳业股份有限公司,2023,monitor_pass,https://www.moa.gov.cn/nybgb/2023/202306/202307/P020230719348171286633.pdf,https://query.sse.com.cn/commonQuery.do?sqlId=COMMON_SSE_CP_GPJCTPZ_GPLB_GP_L,https://query.sse.com.cn/commonQuery.do?sqlId=COMMON_SSE_CP_GPJCTPZ_GPLB_GP_L,当前交易所法人全称与官方名单标准化后完全一致,1,1,身份关系已核实候选；ST、退市时点及资格缺口仍待处理
600737,2023,中粮糖业控股股份有限公司,上海证券交易所,中粮糖业,19960731,中粮糖业控股股份有限公司,2023,monitor_pass,https://www.moa.gov.cn/nybgb/2023/202306/202307/P020230719348171286633.pdf,https://query.sse.com.cn/commonQuery.do?sqlId=COMMON_SSE_CP_GPJCTPZ_GPLB_GP_L,https://query.sse.com.cn/commonQuery.do?sqlId=COMMON_SSE_CP_GPJCTPZ_GPLB_GP_L,当前交易所法人全称与官方名单标准化后完全一致,1,1,身份关系已核实候选；ST、退市时点及资格缺口仍待处理
600873,2014,梅花生物科技集团股份有限公司,上海证券交易所,梅花生物,19950217,梅花生物科技集团股份有限公司,2014,monitor_pass,https://www.moa.gov.cn/nybgb/2014/shi/201712/P020180104776701107212.pdf,https://query.sse.com.cn/commonQuery.do?sqlId=COMMON_SSE_CP_GPJCTPZ_GPLB_GP_L,https://query.sse.com.cn/commonQuery.do?sqlId=COMMON_SSE_CP_GPJCTPZ_GPLB_GP_L,当前交易所法人全称与官方名单标准化后完全一致,1,1,身份关系已核实候选；ST、退市时点及资格缺口仍待处理
600873,2015,梅花生物科技集团股份有限公司,上海证券交易所,梅花生物,19950217,梅花生物科技集团股份有限公司,2014,monitor_pass,https://www.moa.gov.cn/nybgb/2014/shi/201712/P020180104776701107212.pdf,https://query.sse.com.cn/commonQuery.do?sqlId=COMMON_SSE_CP_GPJCTPZ_GPLB_GP_L,https://query.sse.com.cn/commonQuery.do?sqlId=COMMON_SSE_CP_GPJCTPZ_GPLB_GP_L,当前交易所法人全称与官方名单标准化后完全一致,1,1,身份关系已核实候选；ST、退市时点及资格缺口仍待处理
600873,2018,梅花生物科技集团股份有限公司,上海证券交易所,梅花生物,19950217,梅花生物科技集团股份有限公司,2018,monitor_pass,https://xccys.moa.gov.cn/gzdt/201812/t20181205_6314544.htm,https://query.sse.com.cn/commonQuery.do?sqlId=COMMON_SSE_CP_GPJCTPZ_GPLB_GP_L,https://query.sse.com.cn/commonQuery.do?sqlId=COMMON_SSE_CP_GPJCTPZ_GPLB_GP_L,当前交易所法人全称与官方名单标准化后完全一致,1,1,身份关系已核实候选；ST、退市时点及资格缺口仍待处理
600873,2019,梅花生物科技集团股份有限公司,上海证券交易所,梅花生物,19950217,梅花生物科技集团股份有限公司,2018,monitor_pass,https://xccys.moa.gov.cn/gzdt/201812/t20181205_6314544.htm,https://query.sse.com.cn/commonQuery.do?sqlId=COMMON_SSE_CP_GPJCTPZ_GPLB_GP_L,https://query.sse.com.cn/commonQuery.do?sqlId=COMMON_SSE_CP_GPJCTPZ_GPLB_GP_L,当前交易所法人全称与官方名单标准化后完全一致,1,1,身份关系已核实候选；ST、退市时点及资格缺口仍待处理
600873,2020,梅花生物科技集团股份有限公司,上海证券交易所,梅花生物,19950217,梅花生物科技集团股份有限公司,2020,monitor_pass,https://www.moa.gov.cn/nybgb/2020/202012/202102/P020210201587636946140.pdf,https://query.sse.com.cn/commonQuery.do?sqlId=COMMON_SSE_CP_GPJCTPZ_GPLB_GP_L,https://query.sse.com.cn/commonQuery.do?sqlId=COMMON_SSE_CP_GPJCTPZ_GPLB_GP_L,当前交易所法人全称与官方名单标准化后完全一致,1,1,身份关系已核实候选；ST、退市时点及资格缺口仍待处理
600873,2021,梅花生物科技集团股份有限公司,上海证券交易所,梅花生物,19950217,梅花生物科技集团股份有限公司,2020,monitor_pass,https://www.moa.gov.cn/nybgb/2020/202012/202102/P020210201587636946140.pdf,https://query.sse.com.cn/commonQuery.do?sqlId=COMMON_SSE_CP_GPJCTPZ_GPLB_GP_L,https://query.sse.com.cn/commonQuery.do?sqlId=COMMON_SSE_CP_GPJCTPZ_GPLB_GP_L,当前交易所法人全称与官方名单标准化后完全一致,1,1,身份关系已核实候选；ST、退市时点及资格缺口仍待处理
600873,2022,梅花生物科技集团股份有限公司,上海证券交易所,梅花生物,19950217,梅花生物科技集团股份有限公司,2020,monitor_pass,https://www.moa.gov.cn/nybgb/2020/202012/202102/P020210201587636946140.pdf,https://query.sse.com.cn/commonQuery.do?sqlId=COMMON_SSE_CP_GPJCTPZ_GPLB_GP_L,https://query.sse.com.cn/commonQuery.do?sqlId=COMMON_SSE_CP_GPJCTPZ_GPLB_GP_L,当前交易所法人全称与官方名单标准化后完全一致,1,1,身份关系已核实候选；ST、退市时点及资格缺口仍待处理
600873,2023,梅花生物科技集团股份有限公司,上海证券交易所,梅花生物,19950217,梅花生物科技集团股份有限公司,2023,monitor_pass,https://www.moa.gov.cn/nybgb/2023/202306/202307/P020230719348171286633.pdf,https://query.sse.com.cn/commonQuery.do?sqlId=COMMON_SSE_CP_GPJCTPZ_GPLB_GP_L,https://query.sse.com.cn/commonQuery.do?sqlId=COMMON_SSE_CP_GPJCTPZ_GPLB_GP_L,当前交易所法人全称与官方名单标准化后完全一致,1,1,身份关系已核实候选；ST、退市时点及资格缺口仍待处理
600882,2020,上海妙可蓝多食品科技股份有限公司,上海证券交易所,妙可蓝多,19951206,上海妙可蓝多食品科技股份有限公司,2020,replacement,https://www.moa.gov.cn/nybgb/2020/202012/202102/P020210201587636946140.pdf,https://query.sse.com.cn/commonQuery.do?sqlId=COMMON_SSE_CP_GPJCTPZ_GPLB_GP_L,https://query.sse.com.cn/commonQuery.do?sqlId=COMMON_SSE_CP_GPJCTPZ_GPLB_GP_L,当前交易所法人全称与官方名单标准化后完全一致,1,1,身份关系已核实候选；ST、退市时点及资格缺口仍待处理
600882,2021,上海妙可蓝多食品科技股份有限公司,上海证券交易所,妙可蓝多,19951206,上海妙可蓝多食品科技股份有限公司,2020,replacement,https://www.moa.gov.cn/nybgb/2020/202012/202102/P020210201587636946140.pdf,https://query.sse.com.cn/commonQuery.do?sqlId=COMMON_SSE_CP_GPJCTPZ_GPLB_GP_L,https://query.sse.com.cn/commonQuery.do?sqlId=COMMON_SSE_CP_GPJCTPZ_GPLB_GP_L,当前交易所法人全称与官方名单标准化后完全一致,1,1,身份关系已核实候选；ST、退市时点及资格缺口仍待处理
600882,2022,上海妙可蓝多食品科技股份有限公司,上海证券交易所,妙可蓝多,19951206,上海妙可蓝多食品科技股份有限公司,2020,replacement,https://www.moa.gov.cn/nybgb/2020/202012/202102/P020210201587636946140.pdf,https://query.sse.com.cn/commonQuery.do?sqlId=COMMON_SSE_CP_GPJCTPZ_GPLB_GP_L,https://query.sse.com.cn/commonQuery.do?sqlId=COMMON_SSE_CP_GPJCTPZ_GPLB_GP_L,当前交易所法人全称与官方名单标准化后完全一致,1,1,身份关系已核实候选；ST、退市时点及资格缺口仍待处理
600882,2023,上海妙可蓝多食品科技股份有限公司,上海证券交易所,妙可蓝多,19951206,上海妙可蓝多食品科技股份有限公司,2023,monitor_pass,https://www.moa.gov.cn/nybgb/2023/202306/202307/P020230719348171286633.pdf,https://query.sse.com.cn/commonQuery.do?sqlId=COMMON_SSE_CP_GPJCTPZ_GPLB_GP_L,https://query.sse.com.cn/commonQuery.do?sqlId=COMMON_SSE_CP_GPJCTPZ_GPLB_GP_L,当前交易所法人全称与官方名单标准化后完全一致,1,1,身份关系已核实候选；ST、退市时点及资格缺口仍待处理
600887,2014,内蒙古伊利实业集团股份有限公司,上海证券交易所,伊利股份,19960312,内蒙古伊利实业集团股份有限公司,2014,monitor_pass,https://www.moa.gov.cn/nybgb/2014/shi/201712/P020180104776701107212.pdf,https://query.sse.com.cn/commonQuery.do?sqlId=COMMON_SSE_CP_GPJCTPZ_GPLB_GP_L,https://query.sse.com.cn/commonQuery.do?sqlId=COMMON_SSE_CP_GPJCTPZ_GPLB_GP_L,当前交易所法人全称与官方名单标准化后完全一致,1,1,身份关系已核实候选；ST、退市时点及资格缺口仍待处理
600887,2015,内蒙古伊利实业集团股份有限公司,上海证券交易所,伊利股份,19960312,内蒙古伊利实业集团股份有限公司,2014,monitor_pass,https://www.moa.gov.cn/nybgb/2014/shi/201712/P020180104776701107212.pdf,https://query.sse.com.cn/commonQuery.do?sqlId=COMMON_SSE_CP_GPJCTPZ_GPLB_GP_L,https://query.sse.com.cn/commonQuery.do?sqlId=COMMON_SSE_CP_GPJCTPZ_GPLB_GP_L,当前交易所法人全称与官方名单标准化后完全一致,1,1,身份关系已核实候选；ST、退市时点及资格缺口仍待处理
600887,2018,内蒙古伊利实业集团股份有限公司,上海证券交易所,伊利股份,19960312,内蒙古伊利实业集团股份有限公司,2018,monitor_pass,https://xccys.moa.gov.cn/gzdt/201812/t20181205_6314544.htm,https://query.sse.com.cn/commonQuery.do?sqlId=COMMON_SSE_CP_GPJCTPZ_GPLB_GP_L,https://query.sse.com.cn/commonQuery.do?sqlId=COMMON_SSE_CP_GPJCTPZ_GPLB_GP_L,当前交易所法人全称与官方名单标准化后完全一致,1,1,身份关系已核实候选；ST、退市时点及资格缺口仍待处理
600887,2019,内蒙古伊利实业集团股份有限公司,上海证券交易所,伊利股份,19960312,内蒙古伊利实业集团股份有限公司,2018,monitor_pass,https://xccys.moa.gov.cn/gzdt/201812/t20181205_6314544.htm,https://query.sse.com.cn/commonQuery.do?sqlId=COMMON_SSE_CP_GPJCTPZ_GPLB_GP_L,https://query.sse.com.cn/commonQuery.do?sqlId=COMMON_SSE_CP_GPJCTPZ_GPLB_GP_L,当前交易所法人全称与官方名单标准化后完全一致,1,1,身份关系已核实候选；ST、退市时点及资格缺口仍待处理
600887,2020,内蒙古伊利实业集团股份有限公司,上海证券交易所,伊利股份,19960312,内蒙古伊利实业集团股份有限公司,2020,monitor_pass,https://www.moa.gov.cn/nybgb/2020/202012/202102/P020210201587636946140.pdf,https://query.sse.com.cn/commonQuery.do?sqlId=COMMON_SSE_CP_GPJCTPZ_GPLB_GP_L,https://query.sse.com.cn/commonQuery.do?sqlId=COMMON_SSE_CP_GPJCTPZ_GPLB_GP_L,当前交易所法人全称与官方名单标准化后完全一致,1,1,身份关系已核实候选；ST、退市时点及资格缺口仍待处理
600887,2021,内蒙古伊利实业集团股份有限公司,上海证券交易所,伊利股份,19960312,内蒙古伊利实业集团股份有限公司,2020,monitor_pass,https://www.moa.gov.cn/nybgb/2020/202012/202102/P020210201587636946140.pdf,https://query.sse.com.cn/commonQuery.do?sqlId=COMMON_SSE_CP_GPJCTPZ_GPLB_GP_L,https://query.sse.com.cn/commonQuery.do?sqlId=COMMON_SSE_CP_GPJCTPZ_GPLB_GP_L,当前交易所法人全称与官方名单标准化后完全一致,1,1,身份关系已核实候选；ST、退市时点及资格缺口仍待处理
600887,2022,内蒙古伊利实业集团股份有限公司,上海证券交易所,伊利股份,19960312,内蒙古伊利实业集团股份有限公司,2020,monitor_pass,https://www.moa.gov.cn/nybgb/2020/202012/202102/P020210201587636946140.pdf,https://query.sse.com.cn/commonQuery.do?sqlId=COMMON_SSE_CP_GPJCTPZ_GPLB_GP_L,https://query.sse.com.cn/commonQuery.do?sqlId=COMMON_SSE_CP_GPJCTPZ_GPLB_GP_L,当前交易所法人全称与官方名单标准化后完全一致,1,1,身份关系已核实候选；ST、退市时点及资格缺口仍待处理
600887,2023,内蒙古伊利实业集团股份有限公司,上海证券交易所,伊利股份,19960312,内蒙古伊利实业集团股份有限公司,2023,monitor_pass,https://www.moa.gov.cn/nybgb/2023/202306/202307/P020230719348171286633.pdf,https://query.sse.com.cn/commonQuery.do?sqlId=COMMON_SSE_CP_GPJCTPZ_GPLB_GP_L,https://query.sse.com.cn/commonQuery.do?sqlId=COMMON_SSE_CP_GPJCTPZ_GPLB_GP_L,当前交易所法人全称与官方名单标准化后完全一致,1,1,身份关系已核实候选；ST、退市时点及资格缺口仍待处理
600962,2014,国投中鲁果汁股份有限公司,上海证券交易所,国投中鲁,20040622,国投中鲁果汁股份有限公司,2014,monitor_pass,https://www.moa.gov.cn/nybgb/2014/shi/201712/P020180104776701107212.pdf,https://query.sse.com.cn/commonQuery.do?sqlId=COMMON_SSE_CP_GPJCTPZ_GPLB_GP_L,https://query.sse.com.cn/commonQuery.do?sqlId=COMMON_SSE_CP_GPJCTPZ_GPLB_GP_L,当前交易所法人全称与官方名单标准化后完全一致,1,1,身份关系已核实候选；ST、退市时点及资格缺口仍待处理
600962,2015,国投中鲁果汁股份有限公司,上海证券交易所,国投中鲁,20040622,国投中鲁果汁股份有限公司,2014,monitor_pass,https://www.moa.gov.cn/nybgb/2014/shi/201712/P020180104776701107212.pdf,https://query.sse.com.cn/commonQuery.do?sqlId=COMMON_SSE_CP_GPJCTPZ_GPLB_GP_L,https://query.sse.com.cn/commonQuery.do?sqlId=COMMON_SSE_CP_GPJCTPZ_GPLB_GP_L,当前交易所法人全称与官方名单标准化后完全一致,1,1,身份关系已核实候选；ST、退市时点及资格缺口仍待处理
600962,2018,国投中鲁果汁股份有限公司,上海证券交易所,国投中鲁,20040622,国投中鲁果汁股份有限公司,2018,monitor_pass,https://xccys.moa.gov.cn/gzdt/201812/t20181205_6314544.htm,https://query.sse.com.cn/commonQuery.do?sqlId=COMMON_SSE_CP_GPJCTPZ_GPLB_GP_L,https://query.sse.com.cn/commonQuery.do?sqlId=COMMON_SSE_CP_GPJCTPZ_GPLB_GP_L,当前交易所法人全称与官方名单标准化后完全一致,1,1,身份关系已核实候选；ST、退市时点及资格缺口仍待处理
600962,2019,国投中鲁果汁股份有限公司,上海证券交易所,国投中鲁,20040622,国投中鲁果汁股份有限公司,2018,monitor_pass,https://xccys.moa.gov.cn/gzdt/201812/t20181205_6314544.htm,https://query.sse.com.cn/commonQuery.do?sqlId=COMMON_SSE_CP_GPJCTPZ_GPLB_GP_L,https://query.sse.com.cn/commonQuery.do?sqlId=COMMON_SSE_CP_GPJCTPZ_GPLB_GP_L,当前交易所法人全称与官方名单标准化后完全一致,1,1,身份关系已核实候选；ST、退市时点及资格缺口仍待处理
600962,2020,国投中鲁果汁股份有限公司,上海证券交易所,国投中鲁,20040622,国投中鲁果汁股份有限公司,2020,monitor_pass,https://www.moa.gov.cn/nybgb/2020/202012/202102/P020210201587636946140.pdf,https://query.sse.com.cn/commonQuery.do?sqlId=COMMON_SSE_CP_GPJCTPZ_GPLB_GP_L,https://query.sse.com.cn/commonQuery.do?sqlId=COMMON_SSE_CP_GPJCTPZ_GPLB_GP_L,当前交易所法人全称与官方名单标准化后完全一致,1,1,身份关系已核实候选；ST、退市时点及资格缺口仍待处理
600962,2021,国投中鲁果汁股份有限公司,上海证券交易所,国投中鲁,20040622,国投中鲁果汁股份有限公司,2020,monitor_pass,https://www.moa.gov.cn/nybgb/2020/202012/202102/P020210201587636946140.pdf,https://query.sse.com.cn/commonQuery.do?sqlId=COMMON_SSE_CP_GPJCTPZ_GPLB_GP_L,https://query.sse.com.cn/commonQuery.do?sqlId=COMMON_SSE_CP_GPJCTPZ_GPLB_GP_L,当前交易所法人全称与官方名单标准化后完全一致,1,1,身份关系已核实候选；ST、退市时点及资格缺口仍待处理
600962,2022,国投中鲁果汁股份有限公司,上海证券交易所,国投中鲁,20040622,国投中鲁果汁股份有限公司,2020,monitor_pass,https://www.moa.gov.cn/nybgb/2020/202012/202102/P020210201587636946140.pdf,https://query.sse.com.cn/commonQuery.do?sqlId=COMMON_SSE_CP_GPJCTPZ_GPLB_GP_L,https://query.sse.com.cn/commonQuery.do?sqlId=COMMON_SSE_CP_GPJCTPZ_GPLB_GP_L,当前交易所法人全称与官方名单标准化后完全一致,1,1,身份关系已核实候选；ST、退市时点及资格缺口仍待处理
600962,2023,国投中鲁果汁股份有限公司,上海证券交易所,国投中鲁,20040622,国投中鲁果汁股份有限公司,2023,monitor_pass,https://www.moa.gov.cn/nybgb/2023/202306/202307/P020230719348171286633.pdf,https://query.sse.com.cn/commonQuery.do?sqlId=COMMON_SSE_CP_GPJCTPZ_GPLB_GP_L,https://query.sse.com.cn/commonQuery.do?sqlId=COMMON_SSE_CP_GPJCTPZ_GPLB_GP_L,当前交易所法人全称与官方名单标准化后完全一致,1,1,身份关系已核实候选；ST、退市时点及资格缺口仍待处理
600965,2014,河北福成五丰食品股份有限公司,上海证券交易所,*ST福成,20040713,河北福成五丰食品股份有限公司,2014,monitor_pass,https://www.moa.gov.cn/nybgb/2014/shi/201712/P020180104776701107212.pdf,https://query.sse.com.cn/commonQuery.do?sqlId=COMMON_SSE_CP_GPJCTPZ_GPLB_GP_L,https://query.sse.com.cn/commonQuery.do?sqlId=COMMON_SSE_CP_GPJCTPZ_GPLB_GP_L,当前交易所法人全称与官方名单标准化后完全一致,1,1,身份关系已核实候选；ST、退市时点及资格缺口仍待处理
600965,2015,河北福成五丰食品股份有限公司,上海证券交易所,*ST福成,20040713,河北福成五丰食品股份有限公司,2014,monitor_pass,https://www.moa.gov.cn/nybgb/2014/shi/201712/P020180104776701107212.pdf,https://query.sse.com.cn/commonQuery.do?sqlId=COMMON_SSE_CP_GPJCTPZ_GPLB_GP_L,https://query.sse.com.cn/commonQuery.do?sqlId=COMMON_SSE_CP_GPJCTPZ_GPLB_GP_L,当前交易所法人全称与官方名单标准化后完全一致,1,1,身份关系已核实候选；ST、退市时点及资格缺口仍待处理
600965,2018,河北福成五丰食品股份有限公司,上海证券交易所,*ST福成,20040713,河北福成五丰食品股份有限公司,2018,monitor_pass,https://xccys.moa.gov.cn/gzdt/201812/t20181205_6314544.htm,https://query.sse.com.cn/commonQuery.do?sqlId=COMMON_SSE_CP_GPJCTPZ_GPLB_GP_L,https://query.sse.com.cn/commonQuery.do?sqlId=COMMON_SSE_CP_GPJCTPZ_GPLB_GP_L,当前交易所法人全称与官方名单标准化后完全一致,1,1,身份关系已核实候选；ST、退市时点及资格缺口仍待处理
600965,2019,河北福成五丰食品股份有限公司,上海证券交易所,*ST福成,20040713,河北福成五丰食品股份有限公司,2018,monitor_pass,https://xccys.moa.gov.cn/gzdt/201812/t20181205_6314544.htm,https://query.sse.com.cn/commonQuery.do?sqlId=COMMON_SSE_CP_GPJCTPZ_GPLB_GP_L,https://query.sse.com.cn/commonQuery.do?sqlId=COMMON_SSE_CP_GPJCTPZ_GPLB_GP_L,当前交易所法人全称与官方名单标准化后完全一致,1,1,身份关系已核实候选；ST、退市时点及资格缺口仍待处理
600965,2020,河北福成五丰食品股份有限公司,上海证券交易所,*ST福成,20040713,河北福成五丰食品股份有限公司,2020,monitor_pass,https://www.moa.gov.cn/nybgb/2020/202012/202102/P020210201587636946140.pdf,https://query.sse.com.cn/commonQuery.do?sqlId=COMMON_SSE_CP_GPJCTPZ_GPLB_GP_L,https://query.sse.com.cn/commonQuery.do?sqlId=COMMON_SSE_CP_GPJCTPZ_GPLB_GP_L,当前交易所法人全称与官方名单标准化后完全一致,1,1,身份关系已核实候选；ST、退市时点及资格缺口仍待处理
600965,2021,河北福成五丰食品股份有限公司,上海证券交易所,*ST福成,20040713,河北福成五丰食品股份有限公司,2020,monitor_pass,https://www.moa.gov.cn/nybgb/2020/202012/202102/P020210201587636946140.pdf,https://query.sse.com.cn/commonQuery.do?sqlId=COMMON_SSE_CP_GPJCTPZ_GPLB_GP_L,https://query.sse.com.cn/commonQuery.do?sqlId=COMMON_SSE_CP_GPJCTPZ_GPLB_GP_L,当前交易所法人全称与官方名单标准化后完全一致,1,1,身份关系已核实候选；ST、退市时点及资格缺口仍待处理
600965,2022,河北福成五丰食品股份有限公司,上海证券交易所,*ST福成,20040713,河北福成五丰食品股份有限公司,2020,monitor_pass,https://www.moa.gov.cn/nybgb/2020/202012/202102/P020210201587636946140.pdf,https://query.sse.com.cn/commonQuery.do?sqlId=COMMON_SSE_CP_GPJCTPZ_GPLB_GP_L,https://query.sse.com.cn/commonQuery.do?sqlId=COMMON_SSE_CP_GPJCTPZ_GPLB_GP_L,当前交易所法人全称与官方名单标准化后完全一致,1,1,身份关系已核实候选；ST、退市时点及资格缺口仍待处理
600965,2023,河北福成五丰食品股份有限公司,上海证券交易所,*ST福成,20040713,河北福成五丰食品股份有限公司,2023,monitor_pass,https://www.moa.gov.cn/nybgb/2023/202306/202307/P020230719348171286633.pdf,https://query.sse.com.cn/commonQuery.do?sqlId=COMMON_SSE_CP_GPJCTPZ_GPLB_GP_L,https://query.sse.com.cn/commonQuery.do?sqlId=COMMON_SSE_CP_GPJCTPZ_GPLB_GP_L,当前交易所法人全称与官方名单标准化后完全一致,1,1,身份关系已核实候选；ST、退市时点及资格缺口仍待处理
600975,2014,湖南新五丰股份有限公司,上海证券交易所,新五丰,20040609,湖南新五丰股份有限公司,2014,monitor_pass,https://www.moa.gov.cn/nybgb/2014/shi/201712/P020180104776701107212.pdf,https://query.sse.com.cn/commonQuery.do?sqlId=COMMON_SSE_CP_GPJCTPZ_GPLB_GP_L,https://query.sse.com.cn/commonQuery.do?sqlId=COMMON_SSE_CP_GPJCTPZ_GPLB_GP_L,当前交易所法人全称与官方名单标准化后完全一致,1,1,身份关系已核实候选；ST、退市时点及资格缺口仍待处理
600975,2015,湖南新五丰股份有限公司,上海证券交易所,新五丰,20040609,湖南新五丰股份有限公司,2014,monitor_pass,https://www.moa.gov.cn/nybgb/2014/shi/201712/P020180104776701107212.pdf,https://query.sse.com.cn/commonQuery.do?sqlId=COMMON_SSE_CP_GPJCTPZ_GPLB_GP_L,https://query.sse.com.cn/commonQuery.do?sqlId=COMMON_SSE_CP_GPJCTPZ_GPLB_GP_L,当前交易所法人全称与官方名单标准化后完全一致,1,1,身份关系已核实候选；ST、退市时点及资格缺口仍待处理
600975,2018,湖南新五丰股份有限公司,上海证券交易所,新五丰,20040609,湖南新五丰股份有限公司,2018,monitor_pass,https://xccys.moa.gov.cn/gzdt/201812/t20181205_6314544.htm,https://query.sse.com.cn/commonQuery.do?sqlId=COMMON_SSE_CP_GPJCTPZ_GPLB_GP_L,https://query.sse.com.cn/commonQuery.do?sqlId=COMMON_SSE_CP_GPJCTPZ_GPLB_GP_L,当前交易所法人全称与官方名单标准化后完全一致,1,1,身份关系已核实候选；ST、退市时点及资格缺口仍待处理
600975,2019,湖南新五丰股份有限公司,上海证券交易所,新五丰,20040609,湖南新五丰股份有限公司,2018,monitor_pass,https://xccys.moa.gov.cn/gzdt/201812/t20181205_6314544.htm,https://query.sse.com.cn/commonQuery.do?sqlId=COMMON_SSE_CP_GPJCTPZ_GPLB_GP_L,https://query.sse.com.cn/commonQuery.do?sqlId=COMMON_SSE_CP_GPJCTPZ_GPLB_GP_L,当前交易所法人全称与官方名单标准化后完全一致,1,1,身份关系已核实候选；ST、退市时点及资格缺口仍待处理
600975,2020,湖南新五丰股份有限公司,上海证券交易所,新五丰,20040609,湖南新五丰股份有限公司,2020,monitor_pass,https://www.moa.gov.cn/nybgb/2020/202012/202102/P020210201587636946140.pdf,https://query.sse.com.cn/commonQuery.do?sqlId=COMMON_SSE_CP_GPJCTPZ_GPLB_GP_L,https://query.sse.com.cn/commonQuery.do?sqlId=COMMON_SSE_CP_GPJCTPZ_GPLB_GP_L,当前交易所法人全称与官方名单标准化后完全一致,1,1,身份关系已核实候选；ST、退市时点及资格缺口仍待处理
600975,2021,湖南新五丰股份有限公司,上海证券交易所,新五丰,20040609,湖南新五丰股份有限公司,2020,monitor_pass,https://www.moa.gov.cn/nybgb/2020/202012/202102/P020210201587636946140.pdf,https://query.sse.com.cn/commonQuery.do?sqlId=COMMON_SSE_CP_GPJCTPZ_GPLB_GP_L,https://query.sse.com.cn/commonQuery.do?sqlId=COMMON_SSE_CP_GPJCTPZ_GPLB_GP_L,当前交易所法人全称与官方名单标准化后完全一致,1,1,身份关系已核实候选；ST、退市时点及资格缺口仍待处理
600975,2022,湖南新五丰股份有限公司,上海证券交易所,新五丰,20040609,湖南新五丰股份有限公司,2020,monitor_pass,https://www.moa.gov.cn/nybgb/2020/202012/202102/P020210201587636946140.pdf,https://query.sse.com.cn/commonQuery.do?sqlId=COMMON_SSE_CP_GPJCTPZ_GPLB_GP_L,https://query.sse.com.cn/commonQuery.do?sqlId=COMMON_SSE_CP_GPJCTPZ_GPLB_GP_L,当前交易所法人全称与官方名单标准化后完全一致,1,1,身份关系已核实候选；ST、退市时点及资格缺口仍待处理
600975,2023,湖南新五丰股份有限公司,上海证券交易所,新五丰,20040609,湖南新五丰股份有限公司,2023,monitor_pass,https://www.moa.gov.cn/nybgb/2023/202306/202307/P020230719348171286633.pdf,https://query.sse.com.cn/commonQuery.do?sqlId=COMMON_SSE_CP_GPJCTPZ_GPLB_GP_L,https://query.sse.com.cn/commonQuery.do?sqlId=COMMON_SSE_CP_GPJCTPZ_GPLB_GP_L,当前交易所法人全称与官方名单标准化后完全一致,1,1,身份关系已核实候选；ST、退市时点及资格缺口仍待处理
601118,2014,海南天然橡胶产业集团股份有限公司,上海证券交易所,海南橡胶,20110107,海南天然橡胶产业集团股份有限公司,2014,monitor_pass,https://www.moa.gov.cn/nybgb/2014/shi/201712/P020180104776701107212.pdf,https://query.sse.com.cn/commonQuery.do?sqlId=COMMON_SSE_CP_GPJCTPZ_GPLB_GP_L,https://query.sse.com.cn/commonQuery.do?sqlId=COMMON_SSE_CP_GPJCTPZ_GPLB_GP_L,当前交易所法人全称与官方名单标准化后完全一致,1,1,身份关系已核实候选；ST、退市时点及资格缺口仍待处理
601118,2015,海南天然橡胶产业集团股份有限公司,上海证券交易所,海南橡胶,20110107,海南天然橡胶产业集团股份有限公司,2014,monitor_pass,https://www.moa.gov.cn/nybgb/2014/shi/201712/P020180104776701107212.pdf,https://query.sse.com.cn/commonQuery.do?sqlId=COMMON_SSE_CP_GPJCTPZ_GPLB_GP_L,https://query.sse.com.cn/commonQuery.do?sqlId=COMMON_SSE_CP_GPJCTPZ_GPLB_GP_L,当前交易所法人全称与官方名单标准化后完全一致,1,1,身份关系已核实候选；ST、退市时点及资格缺口仍待处理
601118,2018,海南天然橡胶产业集团股份有限公司,上海证券交易所,海南橡胶,20110107,海南天然橡胶产业集团股份有限公司,2018,monitor_pass,https://xccys.moa.gov.cn/gzdt/201812/t20181205_6314544.htm,https://query.sse.com.cn/commonQuery.do?sqlId=COMMON_SSE_CP_GPJCTPZ_GPLB_GP_L,https://query.sse.com.cn/commonQuery.do?sqlId=COMMON_SSE_CP_GPJCTPZ_GPLB_GP_L,当前交易所法人全称与官方名单标准化后完全一致,1,1,身份关系已核实候选；ST、退市时点及资格缺口仍待处理
601118,2019,海南天然橡胶产业集团股份有限公司,上海证券交易所,海南橡胶,20110107,海南天然橡胶产业集团股份有限公司,2018,monitor_pass,https://xccys.moa.gov.cn/gzdt/201812/t20181205_6314544.htm,https://query.sse.com.cn/commonQuery.do?sqlId=COMMON_SSE_CP_GPJCTPZ_GPLB_GP_L,https://query.sse.com.cn/commonQuery.do?sqlId=COMMON_SSE_CP_GPJCTPZ_GPLB_GP_L,当前交易所法人全称与官方名单标准化后完全一致,1,1,身份关系已核实候选；ST、退市时点及资格缺口仍待处理
601118,2020,海南天然橡胶产业集团股份有限公司,上海证券交易所,海南橡胶,20110107,海南天然橡胶产业集团股份有限公司,2020,monitor_pass,https://www.moa.gov.cn/nybgb/2020/202012/202102/P020210201587636946140.pdf,https://query.sse.com.cn/commonQuery.do?sqlId=COMMON_SSE_CP_GPJCTPZ_GPLB_GP_L,https://query.sse.com.cn/commonQuery.do?sqlId=COMMON_SSE_CP_GPJCTPZ_GPLB_GP_L,当前交易所法人全称与官方名单标准化后完全一致,1,1,身份关系已核实候选；ST、退市时点及资格缺口仍待处理
601118,2021,海南天然橡胶产业集团股份有限公司,上海证券交易所,海南橡胶,20110107,海南天然橡胶产业集团股份有限公司,2020,monitor_pass,https://www.moa.gov.cn/nybgb/2020/202012/202102/P020210201587636946140.pdf,https://query.sse.com.cn/commonQuery.do?sqlId=COMMON_SSE_CP_GPJCTPZ_GPLB_GP_L,https://query.sse.com.cn/commonQuery.do?sqlId=COMMON_SSE_CP_GPJCTPZ_GPLB_GP_L,当前交易所法人全称与官方名单标准化后完全一致,1,1,身份关系已核实候选；ST、退市时点及资格缺口仍待处理
601118,2022,海南天然橡胶产业集团股份有限公司,上海证券交易所,海南橡胶,20110107,海南天然橡胶产业集团股份有限公司,2020,monitor_pass,https://www.moa.gov.cn/nybgb/2020/202012/202102/P020210201587636946140.pdf,https://query.sse.com.cn/commonQuery.do?sqlId=COMMON_SSE_CP_GPJCTPZ_GPLB_GP_L,https://query.sse.com.cn/commonQuery.do?sqlId=COMMON_SSE_CP_GPJCTPZ_GPLB_GP_L,当前交易所法人全称与官方名单标准化后完全一致,1,1,身份关系已核实候选；ST、退市时点及资格缺口仍待处理
601118,2023,海南天然橡胶产业集团股份有限公司,上海证券交易所,海南橡胶,20110107,海南天然橡胶产业集团股份有限公司,2023,monitor_pass,https://www.moa.gov.cn/nybgb/2023/202306/202307/P020230719348171286633.pdf,https://query.sse.com.cn/commonQuery.do?sqlId=COMMON_SSE_CP_GPJCTPZ_GPLB_GP_L,https://query.sse.com.cn/commonQuery.do?sqlId=COMMON_SSE_CP_GPJCTPZ_GPLB_GP_L,当前交易所法人全称与官方名单标准化后完全一致,1,1,身份关系已核实候选；ST、退市时点及资格缺口仍待处理
601933,2014,永辉超市股份有限公司,上海证券交易所,永辉超市,20101215,永辉超市股份有限公司,2014,monitor_pass,https://www.moa.gov.cn/nybgb/2014/shi/201712/P020180104776701107212.pdf,https://query.sse.com.cn/commonQuery.do?sqlId=COMMON_SSE_CP_GPJCTPZ_GPLB_GP_L,https://query.sse.com.cn/commonQuery.do?sqlId=COMMON_SSE_CP_GPJCTPZ_GPLB_GP_L,当前交易所法人全称与官方名单标准化后完全一致,1,1,身份关系已核实候选；ST、退市时点及资格缺口仍待处理
601933,2015,永辉超市股份有限公司,上海证券交易所,永辉超市,20101215,永辉超市股份有限公司,2014,monitor_pass,https://www.moa.gov.cn/nybgb/2014/shi/201712/P020180104776701107212.pdf,https://query.sse.com.cn/commonQuery.do?sqlId=COMMON_SSE_CP_GPJCTPZ_GPLB_GP_L,https://query.sse.com.cn/commonQuery.do?sqlId=COMMON_SSE_CP_GPJCTPZ_GPLB_GP_L,当前交易所法人全称与官方名单标准化后完全一致,1,1,身份关系已核实候选；ST、退市时点及资格缺口仍待处理
601933,2018,永辉超市股份有限公司,上海证券交易所,永辉超市,20101215,永辉超市股份有限公司,2018,monitor_pass,https://xccys.moa.gov.cn/gzdt/201812/t20181205_6314544.htm,https://query.sse.com.cn/commonQuery.do?sqlId=COMMON_SSE_CP_GPJCTPZ_GPLB_GP_L,https://query.sse.com.cn/commonQuery.do?sqlId=COMMON_SSE_CP_GPJCTPZ_GPLB_GP_L,当前交易所法人全称与官方名单标准化后完全一致,1,1,身份关系已核实候选；ST、退市时点及资格缺口仍待处理
601933,2019,永辉超市股份有限公司,上海证券交易所,永辉超市,20101215,永辉超市股份有限公司,2018,monitor_pass,https://xccys.moa.gov.cn/gzdt/201812/t20181205_6314544.htm,https://query.sse.com.cn/commonQuery.do?sqlId=COMMON_SSE_CP_GPJCTPZ_GPLB_GP_L,https://query.sse.com.cn/commonQuery.do?sqlId=COMMON_SSE_CP_GPJCTPZ_GPLB_GP_L,当前交易所法人全称与官方名单标准化后完全一致,1,1,身份关系已核实候选；ST、退市时点及资格缺口仍待处理
601933,2020,永辉超市股份有限公司,上海证券交易所,永辉超市,20101215,永辉超市股份有限公司,2020,monitor_pass,https://www.moa.gov.cn/nybgb/2020/202012/202102/P020210201587636946140.pdf,https://query.sse.com.cn/commonQuery.do?sqlId=COMMON_SSE_CP_GPJCTPZ_GPLB_GP_L,https://query.sse.com.cn/commonQuery.do?sqlId=COMMON_SSE_CP_GPJCTPZ_GPLB_GP_L,当前交易所法人全称与官方名单标准化后完全一致,1,1,身份关系已核实候选；ST、退市时点及资格缺口仍待处理
601933,2021,永辉超市股份有限公司,上海证券交易所,永辉超市,20101215,永辉超市股份有限公司,2020,monitor_pass,https://www.moa.gov.cn/nybgb/2020/202012/202102/P020210201587636946140.pdf,https://query.sse.com.cn/commonQuery.do?sqlId=COMMON_SSE_CP_GPJCTPZ_GPLB_GP_L,https://query.sse.com.cn/commonQuery.do?sqlId=COMMON_SSE_CP_GPJCTPZ_GPLB_GP_L,当前交易所法人全称与官方名单标准化后完全一致,1,1,身份关系已核实候选；ST、退市时点及资格缺口仍待处理
601933,2022,永辉超市股份有限公司,上海证券交易所,永辉超市,20101215,永辉超市股份有限公司,2020,monitor_pass,https://www.moa.gov.cn/nybgb/2020/202012/202102/P020210201587636946140.pdf,https://query.sse.com.cn/commonQuery.do?sqlId=COMMON_SSE_CP_GPJCTPZ_GPLB_GP_L,https://query.sse.com.cn/commonQuery.do?sqlId=COMMON_SSE_CP_GPJCTPZ_GPLB_GP_L,当前交易所法人全称与官方名单标准化后完全一致,1,1,身份关系已核实候选；ST、退市时点及资格缺口仍待处理
601933,2023,永辉超市股份有限公司,上海证券交易所,永辉超市,20101215,永辉超市股份有限公司,2023,monitor_pass,https://www.moa.gov.cn/nybgb/2023/202306/202307/P020230719348171286633.pdf,https://query.sse.com.cn/commonQuery.do?sqlId=COMMON_SSE_CP_GPJCTPZ_GPLB_GP_L,https://query.sse.com.cn/commonQuery.do?sqlId=COMMON_SSE_CP_GPJCTPZ_GPLB_GP_L,当前交易所法人全称与官方名单标准化后完全一致,1,1,身份关系已核实候选；ST、退市时点及资格缺口仍待处理
601996,2014,广西丰林木业集团股份有限公司,上海证券交易所,丰林集团,20110929,广西丰林木业集团股份有限公司,2014,monitor_pass,https://www.moa.gov.cn/nybgb/2014/shi/201712/P020180104776701107212.pdf,https://query.sse.com.cn/commonQuery.do?sqlId=COMMON_SSE_CP_GPJCTPZ_GPLB_GP_L,https://query.sse.com.cn/commonQuery.do?sqlId=COMMON_SSE_CP_GPJCTPZ_GPLB_GP_L,当前交易所法人全称与官方名单标准化后完全一致,1,1,身份关系已核实候选；ST、退市时点及资格缺口仍待处理
601996,2015,广西丰林木业集团股份有限公司,上海证券交易所,丰林集团,20110929,广西丰林木业集团股份有限公司,2014,monitor_pass,https://www.moa.gov.cn/nybgb/2014/shi/201712/P020180104776701107212.pdf,https://query.sse.com.cn/commonQuery.do?sqlId=COMMON_SSE_CP_GPJCTPZ_GPLB_GP_L,https://query.sse.com.cn/commonQuery.do?sqlId=COMMON_SSE_CP_GPJCTPZ_GPLB_GP_L,当前交易所法人全称与官方名单标准化后完全一致,1,1,身份关系已核实候选；ST、退市时点及资格缺口仍待处理
601996,2018,广西丰林木业集团股份有限公司,上海证券交易所,丰林集团,20110929,广西丰林木业集团股份有限公司,2018,monitor_pass,https://xccys.moa.gov.cn/gzdt/201812/t20181205_6314544.htm,https://query.sse.com.cn/commonQuery.do?sqlId=COMMON_SSE_CP_GPJCTPZ_GPLB_GP_L,https://query.sse.com.cn/commonQuery.do?sqlId=COMMON_SSE_CP_GPJCTPZ_GPLB_GP_L,当前交易所法人全称与官方名单标准化后完全一致,1,1,身份关系已核实候选；ST、退市时点及资格缺口仍待处理
601996,2019,广西丰林木业集团股份有限公司,上海证券交易所,丰林集团,20110929,广西丰林木业集团股份有限公司,2018,monitor_pass,https://xccys.moa.gov.cn/gzdt/201812/t20181205_6314544.htm,https://query.sse.com.cn/commonQuery.do?sqlId=COMMON_SSE_CP_GPJCTPZ_GPLB_GP_L,https://query.sse.com.cn/commonQuery.do?sqlId=COMMON_SSE_CP_GPJCTPZ_GPLB_GP_L,当前交易所法人全称与官方名单标准化后完全一致,1,1,身份关系已核实候选；ST、退市时点及资格缺口仍待处理
601996,2020,广西丰林木业集团股份有限公司,上海证券交易所,丰林集团,20110929,广西丰林木业集团股份有限公司,2020,monitor_pass,https://www.moa.gov.cn/nybgb/2020/202012/202102/P020210201587636946140.pdf,https://query.sse.com.cn/commonQuery.do?sqlId=COMMON_SSE_CP_GPJCTPZ_GPLB_GP_L,https://query.sse.com.cn/commonQuery.do?sqlId=COMMON_SSE_CP_GPJCTPZ_GPLB_GP_L,当前交易所法人全称与官方名单标准化后完全一致,1,1,身份关系已核实候选；ST、退市时点及资格缺口仍待处理
601996,2021,广西丰林木业集团股份有限公司,上海证券交易所,丰林集团,20110929,广西丰林木业集团股份有限公司,2020,monitor_pass,https://www.moa.gov.cn/nybgb/2020/202012/202102/P020210201587636946140.pdf,https://query.sse.com.cn/commonQuery.do?sqlId=COMMON_SSE_CP_GPJCTPZ_GPLB_GP_L,https://query.sse.com.cn/commonQuery.do?sqlId=COMMON_SSE_CP_GPJCTPZ_GPLB_GP_L,当前交易所法人全称与官方名单标准化后完全一致,1,1,身份关系已核实候选；ST、退市时点及资格缺口仍待处理
601996,2022,广西丰林木业集团股份有限公司,上海证券交易所,丰林集团,20110929,广西丰林木业集团股份有限公司,2020,monitor_pass,https://www.moa.gov.cn/nybgb/2020/202012/202102/P020210201587636946140.pdf,https://query.sse.com.cn/commonQuery.do?sqlId=COMMON_SSE_CP_GPJCTPZ_GPLB_GP_L,https://query.sse.com.cn/commonQuery.do?sqlId=COMMON_SSE_CP_GPJCTPZ_GPLB_GP_L,当前交易所法人全称与官方名单标准化后完全一致,1,1,身份关系已核实候选；ST、退市时点及资格缺口仍待处理
601996,2023,广西丰林木业集团股份有限公司,上海证券交易所,丰林集团,20110929,广西丰林木业集团股份有限公司,2023,monitor_pass,https://www.moa.gov.cn/nybgb/2023/202306/202307/P020230719348171286633.pdf,https://query.sse.com.cn/commonQuery.do?sqlId=COMMON_SSE_CP_GPJCTPZ_GPLB_GP_L,https://query.sse.com.cn/commonQuery.do?sqlId=COMMON_SSE_CP_GPJCTPZ_GPLB_GP_L,当前交易所法人全称与官方名单标准化后完全一致,1,1,身份关系已核实候选；ST、退市时点及资格缺口仍待处理
603151,2022,山东邦基科技股份有限公司,上海证券交易所,邦基科技,20221019,山东邦基科技股份有限公司,2021,recognition,https://xccys.moa.gov.cn/gzdt/202201/t20220113_6386872.htm,https://query.sse.com.cn/commonQuery.do?sqlId=COMMON_SSE_CP_GPJCTPZ_GPLB_GP_L,https://query.sse.com.cn/commonQuery.do?sqlId=COMMON_SSE_CP_GPJCTPZ_GPLB_GP_L,当前交易所法人全称与官方名单标准化后完全一致,1,1,身份关系已核实候选；ST、退市时点及资格缺口仍待处理
603151,2023,山东邦基科技股份有限公司,上海证券交易所,邦基科技,20221019,山东邦基科技股份有限公司,2021,recognition,https://xccys.moa.gov.cn/gzdt/202201/t20220113_6386872.htm,https://query.sse.com.cn/commonQuery.do?sqlId=COMMON_SSE_CP_GPJCTPZ_GPLB_GP_L,https://query.sse.com.cn/commonQuery.do?sqlId=COMMON_SSE_CP_GPJCTPZ_GPLB_GP_L,当前交易所法人全称与官方名单标准化后完全一致,1,1,身份关系已核实候选；ST、退市时点及资格缺口仍待处理
603156,2018,河北养元智汇饮品股份有限公司,上海证券交易所,养元饮品,20180212,河北养元智汇饮品股份有限公司,2018,monitor_pass,https://xccys.moa.gov.cn/gzdt/201812/t20181205_6314544.htm,https://query.sse.com.cn/commonQuery.do?sqlId=COMMON_SSE_CP_GPJCTPZ_GPLB_GP_L,https://query.sse.com.cn/commonQuery.do?sqlId=COMMON_SSE_CP_GPJCTPZ_GPLB_GP_L,当前交易所法人全称与官方名单标准化后完全一致,1,1,身份关系已核实候选；ST、退市时点及资格缺口仍待处理
603156,2019,河北养元智汇饮品股份有限公司,上海证券交易所,养元饮品,20180212,河北养元智汇饮品股份有限公司,2018,monitor_pass,https://xccys.moa.gov.cn/gzdt/201812/t20181205_6314544.htm,https://query.sse.com.cn/commonQuery.do?sqlId=COMMON_SSE_CP_GPJCTPZ_GPLB_GP_L,https://query.sse.com.cn/commonQuery.do?sqlId=COMMON_SSE_CP_GPJCTPZ_GPLB_GP_L,当前交易所法人全称与官方名单标准化后完全一致,1,1,身份关系已核实候选；ST、退市时点及资格缺口仍待处理
603156,2020,河北养元智汇饮品股份有限公司,上海证券交易所,养元饮品,20180212,河北养元智汇饮品股份有限公司,2020,monitor_pass,https://www.moa.gov.cn/nybgb/2020/202012/202102/P020210201587636946140.pdf,https://query.sse.com.cn/commonQuery.do?sqlId=COMMON_SSE_CP_GPJCTPZ_GPLB_GP_L,https://query.sse.com.cn/commonQuery.do?sqlId=COMMON_SSE_CP_GPJCTPZ_GPLB_GP_L,当前交易所法人全称与官方名单标准化后完全一致,1,1,身份关系已核实候选；ST、退市时点及资格缺口仍待处理
603156,2021,河北养元智汇饮品股份有限公司,上海证券交易所,养元饮品,20180212,河北养元智汇饮品股份有限公司,2020,monitor_pass,https://www.moa.gov.cn/nybgb/2020/202012/202102/P020210201587636946140.pdf,https://query.sse.com.cn/commonQuery.do?sqlId=COMMON_SSE_CP_GPJCTPZ_GPLB_GP_L,https://query.sse.com.cn/commonQuery.do?sqlId=COMMON_SSE_CP_GPJCTPZ_GPLB_GP_L,当前交易所法人全称与官方名单标准化后完全一致,1,1,身份关系已核实候选；ST、退市时点及资格缺口仍待处理
603156,2022,河北养元智汇饮品股份有限公司,上海证券交易所,养元饮品,20180212,河北养元智汇饮品股份有限公司,2020,monitor_pass,https://www.moa.gov.cn/nybgb/2020/202012/202102/P020210201587636946140.pdf,https://query.sse.com.cn/commonQuery.do?sqlId=COMMON_SSE_CP_GPJCTPZ_GPLB_GP_L,https://query.sse.com.cn/commonQuery.do?sqlId=COMMON_SSE_CP_GPJCTPZ_GPLB_GP_L,当前交易所法人全称与官方名单标准化后完全一致,1,1,身份关系已核实候选；ST、退市时点及资格缺口仍待处理
603156,2023,河北养元智汇饮品股份有限公司,上海证券交易所,养元饮品,20180212,河北养元智汇饮品股份有限公司,2023,monitor_pass,https://www.moa.gov.cn/nybgb/2023/202306/202307/P020230719348171286633.pdf,https://query.sse.com.cn/commonQuery.do?sqlId=COMMON_SSE_CP_GPJCTPZ_GPLB_GP_L,https://query.sse.com.cn/commonQuery.do?sqlId=COMMON_SSE_CP_GPJCTPZ_GPLB_GP_L,当前交易所法人全称与官方名单标准化后完全一致,1,1,身份关系已核实候选；ST、退市时点及资格缺口仍待处理
603182,2023,山东嘉华生物科技股份有限公司,上海证券交易所,嘉华股份,20220909,山东嘉华生物科技股份有限公司,2023,monitor_pass,https://www.moa.gov.cn/nybgb/2023/202306/202307/P020230719348171286633.pdf,https://query.sse.com.cn/commonQuery.do?sqlId=COMMON_SSE_CP_GPJCTPZ_GPLB_GP_L,https://query.sse.com.cn/commonQuery.do?sqlId=COMMON_SSE_CP_GPJCTPZ_GPLB_GP_L,当前交易所法人全称与官方名单标准化后完全一致,1,1,身份关系已核实候选；ST、退市时点及资格缺口仍待处理
603237,2022,浙江五芳斋实业股份有限公司,上海证券交易所,五芳斋,20220831,浙江五芳斋实业股份有限公司,2020,monitor_pass,https://www.moa.gov.cn/nybgb/2020/202012/202102/P020210201587636946140.pdf,https://query.sse.com.cn/commonQuery.do?sqlId=COMMON_SSE_CP_GPJCTPZ_GPLB_GP_L,https://query.sse.com.cn/commonQuery.do?sqlId=COMMON_SSE_CP_GPJCTPZ_GPLB_GP_L,当前交易所法人全称与官方名单标准化后完全一致,1,1,身份关系已核实候选；ST、退市时点及资格缺口仍待处理
603237,2023,浙江五芳斋实业股份有限公司,上海证券交易所,五芳斋,20220831,浙江五芳斋实业股份有限公司,2023,monitor_pass,https://www.moa.gov.cn/nybgb/2023/202306/202307/P020230719348171286633.pdf,https://query.sse.com.cn/commonQuery.do?sqlId=COMMON_SSE_CP_GPJCTPZ_GPLB_GP_L,https://query.sse.com.cn/commonQuery.do?sqlId=COMMON_SSE_CP_GPJCTPZ_GPLB_GP_L,当前交易所法人全称与官方名单标准化后完全一致,1,1,身份关系已核实候选；ST、退市时点及资格缺口仍待处理
603288,2021,佛山市海天调味食品股份有限公司,上海证券交易所,海天味业,20140211,佛山市海天调味食品股份有限公司,2021,recognition,https://xccys.moa.gov.cn/gzdt/202201/t20220113_6386872.htm,https://query.sse.com.cn/commonQuery.do?sqlId=COMMON_SSE_CP_GPJCTPZ_GPLB_GP_L,https://query.sse.com.cn/commonQuery.do?sqlId=COMMON_SSE_CP_GPJCTPZ_GPLB_GP_L,当前交易所法人全称与官方名单标准化后完全一致,1,1,身份关系已核实候选；ST、退市时点及资格缺口仍待处理
603288,2022,佛山市海天调味食品股份有限公司,上海证券交易所,海天味业,20140211,佛山市海天调味食品股份有限公司,2021,recognition,https://xccys.moa.gov.cn/gzdt/202201/t20220113_6386872.htm,https://query.sse.com.cn/commonQuery.do?sqlId=COMMON_SSE_CP_GPJCTPZ_GPLB_GP_L,https://query.sse.com.cn/commonQuery.do?sqlId=COMMON_SSE_CP_GPJCTPZ_GPLB_GP_L,当前交易所法人全称与官方名单标准化后完全一致,1,1,身份关系已核实候选；ST、退市时点及资格缺口仍待处理
603288,2023,佛山市海天调味食品股份有限公司,上海证券交易所,海天味业,20140211,佛山市海天调味食品股份有限公司,2021,recognition,https://xccys.moa.gov.cn/gzdt/202201/t20220113_6386872.htm,https://query.sse.com.cn/commonQuery.do?sqlId=COMMON_SSE_CP_GPJCTPZ_GPLB_GP_L,https://query.sse.com.cn/commonQuery.do?sqlId=COMMON_SSE_CP_GPJCTPZ_GPLB_GP_L,当前交易所法人全称与官方名单标准化后完全一致,1,1,身份关系已核实候选；ST、退市时点及资格缺口仍待处理
603317,2019,四川天味食品集团股份有限公司,上海证券交易所,天味食品,20190416,四川天味食品集团股份有限公司,2018,monitor_pass,https://xccys.moa.gov.cn/gzdt/201812/t20181205_6314544.htm,https://query.sse.com.cn/commonQuery.do?sqlId=COMMON_SSE_CP_GPJCTPZ_GPLB_GP_L,https://query.sse.com.cn/commonQuery.do?sqlId=COMMON_SSE_CP_GPJCTPZ_GPLB_GP_L,当前交易所法人全称与官方名单标准化后完全一致,1,1,身份关系已核实候选；ST、退市时点及资格缺口仍待处理
603317,2020,四川天味食品集团股份有限公司,上海证券交易所,天味食品,20190416,四川天味食品集团股份有限公司,2020,monitor_pass,https://www.moa.gov.cn/nybgb/2020/202012/202102/P020210201587636946140.pdf,https://query.sse.com.cn/commonQuery.do?sqlId=COMMON_SSE_CP_GPJCTPZ_GPLB_GP_L,https://query.sse.com.cn/commonQuery.do?sqlId=COMMON_SSE_CP_GPJCTPZ_GPLB_GP_L,当前交易所法人全称与官方名单标准化后完全一致,1,1,身份关系已核实候选；ST、退市时点及资格缺口仍待处理
603317,2021,四川天味食品集团股份有限公司,上海证券交易所,天味食品,20190416,四川天味食品集团股份有限公司,2020,monitor_pass,https://www.moa.gov.cn/nybgb/2020/202012/202102/P020210201587636946140.pdf,https://query.sse.com.cn/commonQuery.do?sqlId=COMMON_SSE_CP_GPJCTPZ_GPLB_GP_L,https://query.sse.com.cn/commonQuery.do?sqlId=COMMON_SSE_CP_GPJCTPZ_GPLB_GP_L,当前交易所法人全称与官方名单标准化后完全一致,1,1,身份关系已核实候选；ST、退市时点及资格缺口仍待处理
603317,2022,四川天味食品集团股份有限公司,上海证券交易所,天味食品,20190416,四川天味食品集团股份有限公司,2020,monitor_pass,https://www.moa.gov.cn/nybgb/2020/202012/202102/P020210201587636946140.pdf,https://query.sse.com.cn/commonQuery.do?sqlId=COMMON_SSE_CP_GPJCTPZ_GPLB_GP_L,https://query.sse.com.cn/commonQuery.do?sqlId=COMMON_SSE_CP_GPJCTPZ_GPLB_GP_L,当前交易所法人全称与官方名单标准化后完全一致,1,1,身份关系已核实候选；ST、退市时点及资格缺口仍待处理
603317,2023,四川天味食品集团股份有限公司,上海证券交易所,天味食品,20190416,四川天味食品集团股份有限公司,2023,monitor_pass,https://www.moa.gov.cn/nybgb/2023/202306/202307/P020230719348171286633.pdf,https://query.sse.com.cn/commonQuery.do?sqlId=COMMON_SSE_CP_GPJCTPZ_GPLB_GP_L,https://query.sse.com.cn/commonQuery.do?sqlId=COMMON_SSE_CP_GPJCTPZ_GPLB_GP_L,当前交易所法人全称与官方名单标准化后完全一致,1,1,身份关系已核实候选；ST、退市时点及资格缺口仍待处理
603336,2020,宏辉果蔬股份有限公司,上海证券交易所,宏辉果蔬,20161124,宏辉果蔬股份有限公司,2020,replacement,https://www.moa.gov.cn/nybgb/2020/202012/202102/P020210201587636946140.pdf,https://query.sse.com.cn/commonQuery.do?sqlId=COMMON_SSE_CP_GPJCTPZ_GPLB_GP_L,https://query.sse.com.cn/commonQuery.do?sqlId=COMMON_SSE_CP_GPJCTPZ_GPLB_GP_L,当前交易所法人全称与官方名单标准化后完全一致,1,1,身份关系已核实候选；ST、退市时点及资格缺口仍待处理
603336,2021,宏辉果蔬股份有限公司,上海证券交易所,宏辉果蔬,20161124,宏辉果蔬股份有限公司,2020,replacement,https://www.moa.gov.cn/nybgb/2020/202012/202102/P020210201587636946140.pdf,https://query.sse.com.cn/commonQuery.do?sqlId=COMMON_SSE_CP_GPJCTPZ_GPLB_GP_L,https://query.sse.com.cn/commonQuery.do?sqlId=COMMON_SSE_CP_GPJCTPZ_GPLB_GP_L,当前交易所法人全称与官方名单标准化后完全一致,1,1,身份关系已核实候选；ST、退市时点及资格缺口仍待处理
603336,2022,宏辉果蔬股份有限公司,上海证券交易所,宏辉果蔬,20161124,宏辉果蔬股份有限公司,2020,replacement,https://www.moa.gov.cn/nybgb/2020/202012/202102/P020210201587636946140.pdf,https://query.sse.com.cn/commonQuery.do?sqlId=COMMON_SSE_CP_GPJCTPZ_GPLB_GP_L,https://query.sse.com.cn/commonQuery.do?sqlId=COMMON_SSE_CP_GPJCTPZ_GPLB_GP_L,当前交易所法人全称与官方名单标准化后完全一致,1,1,身份关系已核实候选；ST、退市时点及资格缺口仍待处理
603336,2023,宏辉果蔬股份有限公司,上海证券交易所,宏辉果蔬,20161124,宏辉果蔬股份有限公司,2023,monitor_pass,https://www.moa.gov.cn/nybgb/2023/202306/202307/P020230719348171286633.pdf,https://query.sse.com.cn/commonQuery.do?sqlId=COMMON_SSE_CP_GPJCTPZ_GPLB_GP_L,https://query.sse.com.cn/commonQuery.do?sqlId=COMMON_SSE_CP_GPJCTPZ_GPLB_GP_L,当前交易所法人全称与官方名单标准化后完全一致,1,1,身份关系已核实候选；ST、退市时点及资格缺口仍待处理
603345,2018,安井食品集团股份有限公司,上海证券交易所,安井食品,20170222,福建安井食品股份有限公司,2018,monitor_pass,https://xccys.moa.gov.cn/gzdt/201812/t20181205_6314544.htm,https://query.sse.com.cn/commonQuery.do?sqlId=COMMON_SSE_CP_GPJCTPZ_GPLB_GP_L,https://static.cninfo.com.cn/finalpage/2022-03-09/1212526427.PDF,发行情况报告将当前公司明确释义为曾用旧全称的同一发行人,1,1,身份关系已核实候选；ST、退市时点及资格缺口仍待处理
603345,2019,安井食品集团股份有限公司,上海证券交易所,安井食品,20170222,福建安井食品股份有限公司,2018,monitor_pass,https://xccys.moa.gov.cn/gzdt/201812/t20181205_6314544.htm,https://query.sse.com.cn/commonQuery.do?sqlId=COMMON_SSE_CP_GPJCTPZ_GPLB_GP_L,https://static.cninfo.com.cn/finalpage/2022-03-09/1212526427.PDF,发行情况报告将当前公司明确释义为曾用旧全称的同一发行人,1,1,身份关系已核实候选；ST、退市时点及资格缺口仍待处理
603345,2020,安井食品集团股份有限公司,上海证券交易所,安井食品,20170222,福建安井食品股份有限公司,2020,monitor_pass,https://www.moa.gov.cn/nybgb/2020/202012/202102/P020210201587636946140.pdf,https://query.sse.com.cn/commonQuery.do?sqlId=COMMON_SSE_CP_GPJCTPZ_GPLB_GP_L,https://static.cninfo.com.cn/finalpage/2022-03-09/1212526427.PDF,发行情况报告将当前公司明确释义为曾用旧全称的同一发行人,1,1,身份关系已核实候选；ST、退市时点及资格缺口仍待处理
603345,2021,安井食品集团股份有限公司,上海证券交易所,安井食品,20170222,福建安井食品股份有限公司,2020,monitor_pass,https://www.moa.gov.cn/nybgb/2020/202012/202102/P020210201587636946140.pdf,https://query.sse.com.cn/commonQuery.do?sqlId=COMMON_SSE_CP_GPJCTPZ_GPLB_GP_L,https://static.cninfo.com.cn/finalpage/2022-03-09/1212526427.PDF,发行情况报告将当前公司明确释义为曾用旧全称的同一发行人,1,1,身份关系已核实候选；ST、退市时点及资格缺口仍待处理
603345,2022,安井食品集团股份有限公司,上海证券交易所,安井食品,20170222,福建安井食品股份有限公司,2020,monitor_pass,https://www.moa.gov.cn/nybgb/2020/202012/202102/P020210201587636946140.pdf,https://query.sse.com.cn/commonQuery.do?sqlId=COMMON_SSE_CP_GPJCTPZ_GPLB_GP_L,https://static.cninfo.com.cn/finalpage/2022-03-09/1212526427.PDF,发行情况报告将当前公司明确释义为曾用旧全称的同一发行人,1,1,身份关系已核实候选；ST、退市时点及资格缺口仍待处理
603345,2023,安井食品集团股份有限公司,上海证券交易所,安井食品,20170222,安井食品集团股份有限公司,2023,monitor_pass,https://www.moa.gov.cn/nybgb/2023/202306/202307/P020230719348171286633.pdf,https://query.sse.com.cn/commonQuery.do?sqlId=COMMON_SSE_CP_GPJCTPZ_GPLB_GP_L,https://query.sse.com.cn/commonQuery.do?sqlId=COMMON_SSE_CP_GPJCTPZ_GPLB_GP_L,当前交易所法人全称与官方名单标准化后完全一致,1,1,身份关系已核实候选；ST、退市时点及资格缺口仍待处理
603363,2021,福建傲农生物科技集团股份有限公司,上海证券交易所,傲农生物,20170926,福建傲农生物科技集团股份有限公司,2021,recognition,https://xccys.moa.gov.cn/gzdt/202201/t20220113_6386872.htm,https://query.sse.com.cn/commonQuery.do?sqlId=COMMON_SSE_CP_GPJCTPZ_GPLB_GP_L,https://query.sse.com.cn/commonQuery.do?sqlId=COMMON_SSE_CP_GPJCTPZ_GPLB_GP_L,当前交易所法人全称与官方名单标准化后完全一致,1,1,身份关系已核实候选；ST、退市时点及资格缺口仍待处理
603363,2022,福建傲农生物科技集团股份有限公司,上海证券交易所,傲农生物,20170926,福建傲农生物科技集团股份有限公司,2021,recognition,https://xccys.moa.gov.cn/gzdt/202201/t20220113_6386872.htm,https://query.sse.com.cn/commonQuery.do?sqlId=COMMON_SSE_CP_GPJCTPZ_GPLB_GP_L,https://query.sse.com.cn/commonQuery.do?sqlId=COMMON_SSE_CP_GPJCTPZ_GPLB_GP_L,当前交易所法人全称与官方名单标准化后完全一致,1,1,身份关系已核实候选；ST、退市时点及资格缺口仍待处理
603363,2023,福建傲农生物科技集团股份有限公司,上海证券交易所,傲农生物,20170926,福建傲农生物科技集团股份有限公司,2021,recognition,https://xccys.moa.gov.cn/gzdt/202201/t20220113_6386872.htm,https://query.sse.com.cn/commonQuery.do?sqlId=COMMON_SSE_CP_GPJCTPZ_GPLB_GP_L,https://query.sse.com.cn/commonQuery.do?sqlId=COMMON_SSE_CP_GPJCTPZ_GPLB_GP_L,当前交易所法人全称与官方名单标准化后完全一致,1,1,身份关系已核实候选；ST、退市时点及资格缺口仍待处理
603517,2020,绝味食品股份有限公司,上海证券交易所,ST绝味,20170317,绝味食品股份有限公司,2020,monitor_pass,https://www.moa.gov.cn/nybgb/2020/202012/202102/P020210201587636946140.pdf,https://query.sse.com.cn/commonQuery.do?sqlId=COMMON_SSE_CP_GPJCTPZ_GPLB_GP_L,https://query.sse.com.cn/commonQuery.do?sqlId=COMMON_SSE_CP_GPJCTPZ_GPLB_GP_L,当前交易所法人全称与官方名单标准化后完全一致,1,1,身份关系已核实候选；ST、退市时点及资格缺口仍待处理
603517,2021,绝味食品股份有限公司,上海证券交易所,ST绝味,20170317,绝味食品股份有限公司,2020,monitor_pass,https://www.moa.gov.cn/nybgb/2020/202012/202102/P020210201587636946140.pdf,https://query.sse.com.cn/commonQuery.do?sqlId=COMMON_SSE_CP_GPJCTPZ_GPLB_GP_L,https://query.sse.com.cn/commonQuery.do?sqlId=COMMON_SSE_CP_GPJCTPZ_GPLB_GP_L,当前交易所法人全称与官方名单标准化后完全一致,1,1,身份关系已核实候选；ST、退市时点及资格缺口仍待处理
603517,2022,绝味食品股份有限公司,上海证券交易所,ST绝味,20170317,绝味食品股份有限公司,2020,monitor_pass,https://www.moa.gov.cn/nybgb/2020/202012/202102/P020210201587636946140.pdf,https://query.sse.com.cn/commonQuery.do?sqlId=COMMON_SSE_CP_GPJCTPZ_GPLB_GP_L,https://query.sse.com.cn/commonQuery.do?sqlId=COMMON_SSE_CP_GPJCTPZ_GPLB_GP_L,当前交易所法人全称与官方名单标准化后完全一致,1,1,身份关系已核实候选；ST、退市时点及资格缺口仍待处理
603517,2023,绝味食品股份有限公司,上海证券交易所,ST绝味,20170317,绝味食品股份有限公司,2023,monitor_pass,https://www.moa.gov.cn/nybgb/2023/202306/202307/P020230719348171286633.pdf,https://query.sse.com.cn/commonQuery.do?sqlId=COMMON_SSE_CP_GPJCTPZ_GPLB_GP_L,https://query.sse.com.cn/commonQuery.do?sqlId=COMMON_SSE_CP_GPJCTPZ_GPLB_GP_L,当前交易所法人全称与官方名单标准化后完全一致,1,1,身份关系已核实候选；ST、退市时点及资格缺口仍待处理
603609,2023,禾丰食品股份有限公司,上海证券交易所,禾丰股份,20140808,禾丰食品股份有限公司,2023,monitor_pass,https://www.moa.gov.cn/nybgb/2023/202306/202307/P020230719348171286633.pdf,https://query.sse.com.cn/commonQuery.do?sqlId=COMMON_SSE_CP_GPJCTPZ_GPLB_GP_L,https://query.sse.com.cn/commonQuery.do?sqlId=COMMON_SSE_CP_GPJCTPZ_GPLB_GP_L,当前交易所法人全称与官方名单标准化后完全一致,1,1,身份关系已核实候选；ST、退市时点及资格缺口仍待处理
603668,2018,福建天马科技集团股份有限公司,上海证券交易所,天马科技,20170117,福建天马科技集团股份有限公司,2018,monitor_pass,https://xccys.moa.gov.cn/gzdt/201812/t20181205_6314544.htm,https://query.sse.com.cn/commonQuery.do?sqlId=COMMON_SSE_CP_GPJCTPZ_GPLB_GP_L,https://query.sse.com.cn/commonQuery.do?sqlId=COMMON_SSE_CP_GPJCTPZ_GPLB_GP_L,当前交易所法人全称与官方名单标准化后完全一致,1,1,身份关系已核实候选；ST、退市时点及资格缺口仍待处理
603668,2019,福建天马科技集团股份有限公司,上海证券交易所,天马科技,20170117,福建天马科技集团股份有限公司,2018,monitor_pass,https://xccys.moa.gov.cn/gzdt/201812/t20181205_6314544.htm,https://query.sse.com.cn/commonQuery.do?sqlId=COMMON_SSE_CP_GPJCTPZ_GPLB_GP_L,https://query.sse.com.cn/commonQuery.do?sqlId=COMMON_SSE_CP_GPJCTPZ_GPLB_GP_L,当前交易所法人全称与官方名单标准化后完全一致,1,1,身份关系已核实候选；ST、退市时点及资格缺口仍待处理
603668,2020,福建天马科技集团股份有限公司,上海证券交易所,天马科技,20170117,福建天马科技集团股份有限公司,2020,monitor_pass,https://www.moa.gov.cn/nybgb/2020/202012/202102/P020210201587636946140.pdf,https://query.sse.com.cn/commonQuery.do?sqlId=COMMON_SSE_CP_GPJCTPZ_GPLB_GP_L,https://query.sse.com.cn/commonQuery.do?sqlId=COMMON_SSE_CP_GPJCTPZ_GPLB_GP_L,当前交易所法人全称与官方名单标准化后完全一致,1,1,身份关系已核实候选；ST、退市时点及资格缺口仍待处理
603668,2021,福建天马科技集团股份有限公司,上海证券交易所,天马科技,20170117,福建天马科技集团股份有限公司,2020,monitor_pass,https://www.moa.gov.cn/nybgb/2020/202012/202102/P020210201587636946140.pdf,https://query.sse.com.cn/commonQuery.do?sqlId=COMMON_SSE_CP_GPJCTPZ_GPLB_GP_L,https://query.sse.com.cn/commonQuery.do?sqlId=COMMON_SSE_CP_GPJCTPZ_GPLB_GP_L,当前交易所法人全称与官方名单标准化后完全一致,1,1,身份关系已核实候选；ST、退市时点及资格缺口仍待处理
603668,2022,福建天马科技集团股份有限公司,上海证券交易所,天马科技,20170117,福建天马科技集团股份有限公司,2020,monitor_pass,https://www.moa.gov.cn/nybgb/2020/202012/202102/P020210201587636946140.pdf,https://query.sse.com.cn/commonQuery.do?sqlId=COMMON_SSE_CP_GPJCTPZ_GPLB_GP_L,https://query.sse.com.cn/commonQuery.do?sqlId=COMMON_SSE_CP_GPJCTPZ_GPLB_GP_L,当前交易所法人全称与官方名单标准化后完全一致,1,1,身份关系已核实候选；ST、退市时点及资格缺口仍待处理
603668,2023,福建天马科技集团股份有限公司,上海证券交易所,天马科技,20170117,福建天马科技集团股份有限公司,2023,monitor_pass,https://www.moa.gov.cn/nybgb/2023/202306/202307/P020230719348171286633.pdf,https://query.sse.com.cn/commonQuery.do?sqlId=COMMON_SSE_CP_GPJCTPZ_GPLB_GP_L,https://query.sse.com.cn/commonQuery.do?sqlId=COMMON_SSE_CP_GPJCTPZ_GPLB_GP_L,当前交易所法人全称与官方名单标准化后完全一致,1,1,身份关系已核实候选；ST、退市时点及资格缺口仍待处理
603708,2018,家家悦集团股份有限公司,上海证券交易所,家家悦,20161213,家家悦集团股份有限公司,2018,monitor_pass,https://xccys.moa.gov.cn/gzdt/201812/t20181205_6314544.htm,https://query.sse.com.cn/commonQuery.do?sqlId=COMMON_SSE_CP_GPJCTPZ_GPLB_GP_L,https://query.sse.com.cn/commonQuery.do?sqlId=COMMON_SSE_CP_GPJCTPZ_GPLB_GP_L,当前交易所法人全称与官方名单标准化后完全一致,1,1,身份关系已核实候选；ST、退市时点及资格缺口仍待处理
603708,2019,家家悦集团股份有限公司,上海证券交易所,家家悦,20161213,家家悦集团股份有限公司,2018,monitor_pass,https://xccys.moa.gov.cn/gzdt/201812/t20181205_6314544.htm,https://query.sse.com.cn/commonQuery.do?sqlId=COMMON_SSE_CP_GPJCTPZ_GPLB_GP_L,https://query.sse.com.cn/commonQuery.do?sqlId=COMMON_SSE_CP_GPJCTPZ_GPLB_GP_L,当前交易所法人全称与官方名单标准化后完全一致,1,1,身份关系已核实候选；ST、退市时点及资格缺口仍待处理
603708,2020,家家悦集团股份有限公司,上海证券交易所,家家悦,20161213,家家悦集团股份有限公司,2020,monitor_pass,https://www.moa.gov.cn/nybgb/2020/202012/202102/P020210201587636946140.pdf,https://query.sse.com.cn/commonQuery.do?sqlId=COMMON_SSE_CP_GPJCTPZ_GPLB_GP_L,https://query.sse.com.cn/commonQuery.do?sqlId=COMMON_SSE_CP_GPJCTPZ_GPLB_GP_L,当前交易所法人全称与官方名单标准化后完全一致,1,1,身份关系已核实候选；ST、退市时点及资格缺口仍待处理
603708,2021,家家悦集团股份有限公司,上海证券交易所,家家悦,20161213,家家悦集团股份有限公司,2020,monitor_pass,https://www.moa.gov.cn/nybgb/2020/202012/202102/P020210201587636946140.pdf,https://query.sse.com.cn/commonQuery.do?sqlId=COMMON_SSE_CP_GPJCTPZ_GPLB_GP_L,https://query.sse.com.cn/commonQuery.do?sqlId=COMMON_SSE_CP_GPJCTPZ_GPLB_GP_L,当前交易所法人全称与官方名单标准化后完全一致,1,1,身份关系已核实候选；ST、退市时点及资格缺口仍待处理
603708,2022,家家悦集团股份有限公司,上海证券交易所,家家悦,20161213,家家悦集团股份有限公司,2020,monitor_pass,https://www.moa.gov.cn/nybgb/2020/202012/202102/P020210201587636946140.pdf,https://query.sse.com.cn/commonQuery.do?sqlId=COMMON_SSE_CP_GPJCTPZ_GPLB_GP_L,https://query.sse.com.cn/commonQuery.do?sqlId=COMMON_SSE_CP_GPJCTPZ_GPLB_GP_L,当前交易所法人全称与官方名单标准化后完全一致,1,1,身份关系已核实候选；ST、退市时点及资格缺口仍待处理
603708,2023,家家悦集团股份有限公司,上海证券交易所,家家悦,20161213,家家悦集团股份有限公司,2023,monitor_pass,https://www.moa.gov.cn/nybgb/2023/202306/202307/P020230719348171286633.pdf,https://query.sse.com.cn/commonQuery.do?sqlId=COMMON_SSE_CP_GPJCTPZ_GPLB_GP_L,https://query.sse.com.cn/commonQuery.do?sqlId=COMMON_SSE_CP_GPJCTPZ_GPLB_GP_L,当前交易所法人全称与官方名单标准化后完全一致,1,1,身份关系已核实候选；ST、退市时点及资格缺口仍待处理
603896,2021,浙江寿仙谷医药股份有限公司,上海证券交易所,寿仙谷,20170510,浙江寿仙谷医药股份有限公司,2021,recognition,https://xccys.moa.gov.cn/gzdt/202201/t20220113_6386872.htm,https://query.sse.com.cn/commonQuery.do?sqlId=COMMON_SSE_CP_GPJCTPZ_GPLB_GP_L,https://query.sse.com.cn/commonQuery.do?sqlId=COMMON_SSE_CP_GPJCTPZ_GPLB_GP_L,当前交易所法人全称与官方名单标准化后完全一致,1,1,身份关系已核实候选；ST、退市时点及资格缺口仍待处理
603896,2022,浙江寿仙谷医药股份有限公司,上海证券交易所,寿仙谷,20170510,浙江寿仙谷医药股份有限公司,2021,recognition,https://xccys.moa.gov.cn/gzdt/202201/t20220113_6386872.htm,https://query.sse.com.cn/commonQuery.do?sqlId=COMMON_SSE_CP_GPJCTPZ_GPLB_GP_L,https://query.sse.com.cn/commonQuery.do?sqlId=COMMON_SSE_CP_GPJCTPZ_GPLB_GP_L,当前交易所法人全称与官方名单标准化后完全一致,1,1,身份关系已核实候选；ST、退市时点及资格缺口仍待处理
603896,2023,浙江寿仙谷医药股份有限公司,上海证券交易所,寿仙谷,20170510,浙江寿仙谷医药股份有限公司,2021,recognition,https://xccys.moa.gov.cn/gzdt/202201/t20220113_6386872.htm,https://query.sse.com.cn/commonQuery.do?sqlId=COMMON_SSE_CP_GPJCTPZ_GPLB_GP_L,https://query.sse.com.cn/commonQuery.do?sqlId=COMMON_SSE_CP_GPJCTPZ_GPLB_GP_L,当前交易所法人全称与官方名单标准化后完全一致,1,1,身份关系已核实候选；ST、退市时点及资格缺口仍待处理
605016,2021,山东百龙创园生物科技股份有限公司,上海证券交易所,百龙创园,20210421,山东百龙创园生物科技股份有限公司,2021,recognition,https://xccys.moa.gov.cn/gzdt/202201/t20220113_6386872.htm,https://query.sse.com.cn/commonQuery.do?sqlId=COMMON_SSE_CP_GPJCTPZ_GPLB_GP_L,https://query.sse.com.cn/commonQuery.do?sqlId=COMMON_SSE_CP_GPJCTPZ_GPLB_GP_L,当前交易所法人全称与官方名单标准化后完全一致,1,1,身份关系已核实候选；ST、退市时点及资格缺口仍待处理
605016,2022,山东百龙创园生物科技股份有限公司,上海证券交易所,百龙创园,20210421,山东百龙创园生物科技股份有限公司,2021,recognition,https://xccys.moa.gov.cn/gzdt/202201/t20220113_6386872.htm,https://query.sse.com.cn/commonQuery.do?sqlId=COMMON_SSE_CP_GPJCTPZ_GPLB_GP_L,https://query.sse.com.cn/commonQuery.do?sqlId=COMMON_SSE_CP_GPJCTPZ_GPLB_GP_L,当前交易所法人全称与官方名单标准化后完全一致,1,1,身份关系已核实候选；ST、退市时点及资格缺口仍待处理
605016,2023,山东百龙创园生物科技股份有限公司,上海证券交易所,百龙创园,20210421,山东百龙创园生物科技股份有限公司,2021,recognition,https://xccys.moa.gov.cn/gzdt/202201/t20220113_6386872.htm,https://query.sse.com.cn/commonQuery.do?sqlId=COMMON_SSE_CP_GPJCTPZ_GPLB_GP_L,https://query.sse.com.cn/commonQuery.do?sqlId=COMMON_SSE_CP_GPJCTPZ_GPLB_GP_L,当前交易所法人全称与官方名单标准化后完全一致,1,1,身份关系已核实候选；ST、退市时点及资格缺口仍待处理
605179,2020,浙江一鸣食品股份有限公司,上海证券交易所,一鸣食品,20201228,浙江一鸣食品股份有限公司,2020,monitor_pass,https://www.moa.gov.cn/nybgb/2020/202012/202102/P020210201587636946140.pdf,https://query.sse.com.cn/commonQuery.do?sqlId=COMMON_SSE_CP_GPJCTPZ_GPLB_GP_L,https://query.sse.com.cn/commonQuery.do?sqlId=COMMON_SSE_CP_GPJCTPZ_GPLB_GP_L,当前交易所法人全称与官方名单标准化后完全一致,1,1,身份关系已核实候选；ST、退市时点及资格缺口仍待处理
605179,2021,浙江一鸣食品股份有限公司,上海证券交易所,一鸣食品,20201228,浙江一鸣食品股份有限公司,2020,monitor_pass,https://www.moa.gov.cn/nybgb/2020/202012/202102/P020210201587636946140.pdf,https://query.sse.com.cn/commonQuery.do?sqlId=COMMON_SSE_CP_GPJCTPZ_GPLB_GP_L,https://query.sse.com.cn/commonQuery.do?sqlId=COMMON_SSE_CP_GPJCTPZ_GPLB_GP_L,当前交易所法人全称与官方名单标准化后完全一致,1,1,身份关系已核实候选；ST、退市时点及资格缺口仍待处理
605179,2022,浙江一鸣食品股份有限公司,上海证券交易所,一鸣食品,20201228,浙江一鸣食品股份有限公司,2020,monitor_pass,https://www.moa.gov.cn/nybgb/2020/202012/202102/P020210201587636946140.pdf,https://query.sse.com.cn/commonQuery.do?sqlId=COMMON_SSE_CP_GPJCTPZ_GPLB_GP_L,https://query.sse.com.cn/commonQuery.do?sqlId=COMMON_SSE_CP_GPJCTPZ_GPLB_GP_L,当前交易所法人全称与官方名单标准化后完全一致,1,1,身份关系已核实候选；ST、退市时点及资格缺口仍待处理
605179,2023,浙江一鸣食品股份有限公司,上海证券交易所,一鸣食品,20201228,浙江一鸣食品股份有限公司,2023,monitor_pass,https://www.moa.gov.cn/nybgb/2023/202306/202307/P020230719348171286633.pdf,https://query.sse.com.cn/commonQuery.do?sqlId=COMMON_SSE_CP_GPJCTPZ_GPLB_GP_L,https://query.sse.com.cn/commonQuery.do?sqlId=COMMON_SSE_CP_GPJCTPZ_GPLB_GP_L,当前交易所法人全称与官方名单标准化后完全一致,1,1,身份关系已核实候选；ST、退市时点及资格缺口仍待处理
605198,2020,烟台北方安德利果汁股份有限公司,上海证券交易所,安德利,20200918,烟台北方安德利果汁股份有限公司,2020,monitor_pass,https://www.moa.gov.cn/nybgb/2020/202012/202102/P020210201587636946140.pdf,https://query.sse.com.cn/commonQuery.do?sqlId=COMMON_SSE_CP_GPJCTPZ_GPLB_GP_L,https://query.sse.com.cn/commonQuery.do?sqlId=COMMON_SSE_CP_GPJCTPZ_GPLB_GP_L,当前交易所法人全称与官方名单标准化后完全一致,1,1,身份关系已核实候选；ST、退市时点及资格缺口仍待处理
605198,2021,烟台北方安德利果汁股份有限公司,上海证券交易所,安德利,20200918,烟台北方安德利果汁股份有限公司,2020,monitor_pass,https://www.moa.gov.cn/nybgb/2020/202012/202102/P020210201587636946140.pdf,https://query.sse.com.cn/commonQuery.do?sqlId=COMMON_SSE_CP_GPJCTPZ_GPLB_GP_L,https://query.sse.com.cn/commonQuery.do?sqlId=COMMON_SSE_CP_GPJCTPZ_GPLB_GP_L,当前交易所法人全称与官方名单标准化后完全一致,1,1,身份关系已核实候选；ST、退市时点及资格缺口仍待处理
605198,2022,烟台北方安德利果汁股份有限公司,上海证券交易所,安德利,20200918,烟台北方安德利果汁股份有限公司,2020,monitor_pass,https://www.moa.gov.cn/nybgb/2020/202012/202102/P020210201587636946140.pdf,https://query.sse.com.cn/commonQuery.do?sqlId=COMMON_SSE_CP_GPJCTPZ_GPLB_GP_L,https://query.sse.com.cn/commonQuery.do?sqlId=COMMON_SSE_CP_GPJCTPZ_GPLB_GP_L,当前交易所法人全称与官方名单标准化后完全一致,1,1,身份关系已核实候选；ST、退市时点及资格缺口仍待处理
605198,2023,烟台北方安德利果汁股份有限公司,上海证券交易所,安德利,20200918,烟台北方安德利果汁股份有限公司,2023,monitor_pass,https://www.moa.gov.cn/nybgb/2023/202306/202307/P020230719348171286633.pdf,https://query.sse.com.cn/commonQuery.do?sqlId=COMMON_SSE_CP_GPJCTPZ_GPLB_GP_L,https://query.sse.com.cn/commonQuery.do?sqlId=COMMON_SSE_CP_GPJCTPZ_GPLB_GP_L,当前交易所法人全称与官方名单标准化后完全一致,1,1,身份关系已核实候选；ST、退市时点及资格缺口仍待处理
605296,2021,云南神农农业产业集团股份有限公司,上海证券交易所,神农集团,20210528,云南神农农业产业集团股份有限公司,2020,monitor_pass,https://www.moa.gov.cn/nybgb/2020/202012/202102/P020210201587636946140.pdf,https://query.sse.com.cn/commonQuery.do?sqlId=COMMON_SSE_CP_GPJCTPZ_GPLB_GP_L,https://query.sse.com.cn/commonQuery.do?sqlId=COMMON_SSE_CP_GPJCTPZ_GPLB_GP_L,当前交易所法人全称与官方名单标准化后完全一致,1,1,身份关系已核实候选；ST、退市时点及资格缺口仍待处理
605296,2022,云南神农农业产业集团股份有限公司,上海证券交易所,神农集团,20210528,云南神农农业产业集团股份有限公司,2020,monitor_pass,https://www.moa.gov.cn/nybgb/2020/202012/202102/P020210201587636946140.pdf,https://query.sse.com.cn/commonQuery.do?sqlId=COMMON_SSE_CP_GPJCTPZ_GPLB_GP_L,https://query.sse.com.cn/commonQuery.do?sqlId=COMMON_SSE_CP_GPJCTPZ_GPLB_GP_L,当前交易所法人全称与官方名单标准化后完全一致,1,1,身份关系已核实候选；ST、退市时点及资格缺口仍待处理
605296,2023,云南神农农业产业集团股份有限公司,上海证券交易所,神农集团,20210528,云南神农农业产业集团股份有限公司,2023,monitor_pass,https://www.moa.gov.cn/nybgb/2023/202306/202307/P020230719348171286633.pdf,https://query.sse.com.cn/commonQuery.do?sqlId=COMMON_SSE_CP_GPJCTPZ_GPLB_GP_L,https://query.sse.com.cn/commonQuery.do?sqlId=COMMON_SSE_CP_GPJCTPZ_GPLB_GP_L,当前交易所法人全称与官方名单标准化后完全一致,1,1,身份关系已核实候选；ST、退市时点及资格缺口仍待处理
605337,2021,浙江李子园食品股份有限公司,上海证券交易所,李子园,20210208,浙江李子园食品股份有限公司,2020,monitor_pass,https://www.moa.gov.cn/nybgb/2020/202012/202102/P020210201587636946140.pdf,https://query.sse.com.cn/commonQuery.do?sqlId=COMMON_SSE_CP_GPJCTPZ_GPLB_GP_L,https://query.sse.com.cn/commonQuery.do?sqlId=COMMON_SSE_CP_GPJCTPZ_GPLB_GP_L,当前交易所法人全称与官方名单标准化后完全一致,1,1,身份关系已核实候选；ST、退市时点及资格缺口仍待处理
605337,2022,浙江李子园食品股份有限公司,上海证券交易所,李子园,20210208,浙江李子园食品股份有限公司,2020,monitor_pass,https://www.moa.gov.cn/nybgb/2020/202012/202102/P020210201587636946140.pdf,https://query.sse.com.cn/commonQuery.do?sqlId=COMMON_SSE_CP_GPJCTPZ_GPLB_GP_L,https://query.sse.com.cn/commonQuery.do?sqlId=COMMON_SSE_CP_GPJCTPZ_GPLB_GP_L,当前交易所法人全称与官方名单标准化后完全一致,1,1,身份关系已核实候选；ST、退市时点及资格缺口仍待处理
605337,2023,浙江李子园食品股份有限公司,上海证券交易所,李子园,20210208,浙江李子园食品股份有限公司,2023,monitor_pass,https://www.moa.gov.cn/nybgb/2023/202306/202307/P020230719348171286633.pdf,https://query.sse.com.cn/commonQuery.do?sqlId=COMMON_SSE_CP_GPJCTPZ_GPLB_GP_L,https://query.sse.com.cn/commonQuery.do?sqlId=COMMON_SSE_CP_GPJCTPZ_GPLB_GP_L,当前交易所法人全称与官方名单标准化后完全一致,1,1,身份关系已核实候选；ST、退市时点及资格缺口仍待处理
605338,2020,中饮巴比食品股份有限公司,上海证券交易所,巴比食品,20201012,中饮巴比食品股份有限公司,2020,monitor_pass,https://www.moa.gov.cn/nybgb/2020/202012/202102/P020210201587636946140.pdf,https://query.sse.com.cn/commonQuery.do?sqlId=COMMON_SSE_CP_GPJCTPZ_GPLB_GP_L,https://query.sse.com.cn/commonQuery.do?sqlId=COMMON_SSE_CP_GPJCTPZ_GPLB_GP_L,当前交易所法人全称与官方名单标准化后完全一致,1,1,身份关系已核实候选；ST、退市时点及资格缺口仍待处理
605338,2021,中饮巴比食品股份有限公司,上海证券交易所,巴比食品,20201012,中饮巴比食品股份有限公司,2020,monitor_pass,https://www.moa.gov.cn/nybgb/2020/202012/202102/P020210201587636946140.pdf,https://query.sse.com.cn/commonQuery.do?sqlId=COMMON_SSE_CP_GPJCTPZ_GPLB_GP_L,https://query.sse.com.cn/commonQuery.do?sqlId=COMMON_SSE_CP_GPJCTPZ_GPLB_GP_L,当前交易所法人全称与官方名单标准化后完全一致,1,1,身份关系已核实候选；ST、退市时点及资格缺口仍待处理
605338,2022,中饮巴比食品股份有限公司,上海证券交易所,巴比食品,20201012,中饮巴比食品股份有限公司,2020,monitor_pass,https://www.moa.gov.cn/nybgb/2020/202012/202102/P020210201587636946140.pdf,https://query.sse.com.cn/commonQuery.do?sqlId=COMMON_SSE_CP_GPJCTPZ_GPLB_GP_L,https://query.sse.com.cn/commonQuery.do?sqlId=COMMON_SSE_CP_GPJCTPZ_GPLB_GP_L,当前交易所法人全称与官方名单标准化后完全一致,1,1,身份关系已核实候选；ST、退市时点及资格缺口仍待处理
605338,2023,中饮巴比食品股份有限公司,上海证券交易所,巴比食品,20201012,中饮巴比食品股份有限公司,2023,monitor_pass,https://www.moa.gov.cn/nybgb/2023/202306/202307/P020230719348171286633.pdf,https://query.sse.com.cn/commonQuery.do?sqlId=COMMON_SSE_CP_GPJCTPZ_GPLB_GP_L,https://query.sse.com.cn/commonQuery.do?sqlId=COMMON_SSE_CP_GPJCTPZ_GPLB_GP_L,当前交易所法人全称与官方名单标准化后完全一致,1,1,身份关系已核实候选；ST、退市时点及资格缺口仍待处理
605589,2021,济南圣泉集团股份有限公司,上海证券交易所,圣泉集团,20210810,济南圣泉集团股份有限公司,2020,monitor_pass,https://www.moa.gov.cn/nybgb/2020/202012/202102/P020210201587636946140.pdf,https://query.sse.com.cn/commonQuery.do?sqlId=COMMON_SSE_CP_GPJCTPZ_GPLB_GP_L,https://query.sse.com.cn/commonQuery.do?sqlId=COMMON_SSE_CP_GPJCTPZ_GPLB_GP_L,当前交易所法人全称与官方名单标准化后完全一致,1,1,身份关系已核实候选；ST、退市时点及资格缺口仍待处理
605589,2022,济南圣泉集团股份有限公司,上海证券交易所,圣泉集团,20210810,济南圣泉集团股份有限公司,2020,monitor_pass,https://www.moa.gov.cn/nybgb/2020/202012/202102/P020210201587636946140.pdf,https://query.sse.com.cn/commonQuery.do?sqlId=COMMON_SSE_CP_GPJCTPZ_GPLB_GP_L,https://query.sse.com.cn/commonQuery.do?sqlId=COMMON_SSE_CP_GPJCTPZ_GPLB_GP_L,当前交易所法人全称与官方名单标准化后完全一致,1,1,身份关系已核实候选；ST、退市时点及资格缺口仍待处理
605589,2023,济南圣泉集团股份有限公司,上海证券交易所,圣泉集团,20210810,济南圣泉集团股份有限公司,2023,monitor_pass,https://www.moa.gov.cn/nybgb/2023/202306/202307/P020230719348171286633.pdf,https://query.sse.com.cn/commonQuery.do?sqlId=COMMON_SSE_CP_GPJCTPZ_GPLB_GP_L,https://query.sse.com.cn/commonQuery.do?sqlId=COMMON_SSE_CP_GPJCTPZ_GPLB_GP_L,当前交易所法人全称与官方名单标准化后完全一致,1,1,身份关系已核实候选；ST、退市时点及资格缺口仍待处理
