stock_code,exchange,short_name,legal_full_name,year,official_name_normalized,listed_by_year_end,leading_firm_it_candidate,final_variable_status,evidence_event_year,evidence_event_type,evidence_list_type,evidence_document_number,evidence_document_date,evidence_source_url,annual_timing_rule,coverage_status,list_date,source_url,retrieved_date
000423,深圳证券交易所,东阿阿胶,东阿阿胶股份有限公司,2019,东阿阿胶股份有限公司,1,1,候选；须核对该年度法人名称、退市时点及主体关系,2019,recognition,第六批新认定名单,农产发〔2019〕3号,2019-11-26,https://www.moa.gov.cn/nybgb/2019/201912/202004/P020200410023357640054.pdf,基准按年末已生效的正式文件；年末新认定另做下一完整年度起算稳健性,官方事件集合可构建；尚未完成上市法人历史名称映射,1996-07-29,https://www.szse.cn/api/report/index/companyGeneralization?secCode=000423,2026-08-06
000423,深圳证券交易所,东阿阿胶,东阿阿胶股份有限公司,2020,东阿阿胶股份有限公司,1,1,候选；须核对该年度法人名称、退市时点及主体关系,2019,recognition,第六批新认定名单,农产发〔2019〕3号,2019-11-26,https://www.moa.gov.cn/nybgb/2019/201912/202004/P020200410023357640054.pdf,基准按年末已生效的正式文件；年末新认定另做下一完整年度起算稳健性,官方事件集合可构建；尚未完成上市法人历史名称映射,1996-07-29,https://www.szse.cn/api/report/index/companyGeneralization?secCode=000423,2026-08-06
000423,深圳证券交易所,东阿阿胶,东阿阿胶股份有限公司,2021,东阿阿胶股份有限公司,1,1,候选；须核对该年度法人名称、退市时点及主体关系,2019,recognition,第六批新认定名单,农产发〔2019〕3号,2019-11-26,https://www.moa.gov.cn/nybgb/2019/201912/202004/P020200410023357640054.pdf,基准按年末已生效的正式文件；年末新认定另做下一完整年度起算稳健性,官方事件集合可构建；尚未完成上市法人历史名称映射,1996-07-29,https://www.szse.cn/api/report/index/companyGeneralization?secCode=000423,2026-08-06
000423,深圳证券交易所,东阿阿胶,东阿阿胶股份有限公司,2022,东阿阿胶股份有限公司,1,1,候选；须核对该年度法人名称、退市时点及主体关系,2019,recognition,第六批新认定名单,农产发〔2019〕3号,2019-11-26,https://www.moa.gov.cn/nybgb/2019/201912/202004/P020200410023357640054.pdf,基准按年末已生效的正式文件；年末新认定另做下一完整年度起算稳健性,官方事件集合可构建；尚未完成上市法人历史名称映射,1996-07-29,https://www.szse.cn/api/report/index/companyGeneralization?secCode=000423,2026-08-06
000423,深圳证券交易所,东阿阿胶,东阿阿胶股份有限公司,2023,东阿阿胶股份有限公司,1,1,候选；须核对该年度法人名称、退市时点及主体关系,2023,monitor_pass,第十次监测合格名单,农产发〔2023〕3号,2023-05-12,https://www.moa.gov.cn/nybgb/2023/202306/202307/P020230719348171286633.pdf,基准按年末已生效的正式文件；年末新认定另做下一完整年度起算稳健性,官方事件集合可构建；尚未完成上市法人历史名称映射,1996-07-29,https://www.szse.cn/api/report/index/companyGeneralization?secCode=000423,2026-08-06
000538,深圳证券交易所,云南白药,云南白药集团股份有限公司,2018,云南白药集团股份有限公司,1,1,候选；须核对该年度法人名称、退市时点及主体关系,2018,monitor_pass,第八次监测合格名单,农产发〔2018〕1号,2018-11-29,https://xccys.moa.gov.cn/gzdt/201812/t20181205_6314544.htm,基准按年末已生效的正式文件；年末新认定另做下一完整年度起算稳健性,官方事件集合可构建；尚未完成上市法人历史名称映射,1993-12-15,https://www.szse.cn/api/report/index/companyGeneralization?secCode=000538,2026-08-06
000538,深圳证券交易所,云南白药,云南白药集团股份有限公司,2019,云南白药集团股份有限公司,1,1,候选；须核对该年度法人名称、退市时点及主体关系,2018,monitor_pass,第八次监测合格名单,农产发〔2018〕1号,2018-11-29,https://xccys.moa.gov.cn/gzdt/201812/t20181205_6314544.htm,基准按年末已生效的正式文件；年末新认定另做下一完整年度起算稳健性,官方事件集合可构建；尚未完成上市法人历史名称映射,1993-12-15,https://www.szse.cn/api/report/index/companyGeneralization?secCode=000538,2026-08-06
000538,深圳证券交易所,云南白药,云南白药集团股份有限公司,2020,云南白药集团股份有限公司,1,1,候选；须核对该年度法人名称、退市时点及主体关系,2020,monitor_pass,第九次监测合格名单,农产发〔2020〕6号,2020-11-20,https://www.moa.gov.cn/nybgb/2020/202012/202102/P020210201587636946140.pdf,基准按年末已生效的正式文件；年末新认定另做下一完整年度起算稳健性,官方事件集合可构建；尚未完成上市法人历史名称映射,1993-12-15,https://www.szse.cn/api/report/index/companyGeneralization?secCode=000538,2026-08-06
000538,深圳证券交易所,云南白药,云南白药集团股份有限公司,2021,云南白药集团股份有限公司,1,1,候选；须核对该年度法人名称、退市时点及主体关系,2020,monitor_pass,第九次监测合格名单,农产发〔2020〕6号,2020-11-20,https://www.moa.gov.cn/nybgb/2020/202012/202102/P020210201587636946140.pdf,基准按年末已生效的正式文件；年末新认定另做下一完整年度起算稳健性,官方事件集合可构建；尚未完成上市法人历史名称映射,1993-12-15,https://www.szse.cn/api/report/index/companyGeneralization?secCode=000538,2026-08-06
000538,深圳证券交易所,云南白药,云南白药集团股份有限公司,2022,云南白药集团股份有限公司,1,1,候选；须核对该年度法人名称、退市时点及主体关系,2020,monitor_pass,第九次监测合格名单,农产发〔2020〕6号,2020-11-20,https://www.moa.gov.cn/nybgb/2020/202012/202102/P020210201587636946140.pdf,基准按年末已生效的正式文件；年末新认定另做下一完整年度起算稳健性,官方事件集合可构建；尚未完成上市法人历史名称映射,1993-12-15,https://www.szse.cn/api/report/index/companyGeneralization?secCode=000538,2026-08-06
000538,深圳证券交易所,云南白药,云南白药集团股份有限公司,2023,云南白药集团股份有限公司,1,1,候选；须核对该年度法人名称、退市时点及主体关系,2023,monitor_pass,第十次监测合格名单,农产发〔2023〕3号,2023-05-12,https://www.moa.gov.cn/nybgb/2023/202306/202307/P020230719348171286633.pdf,基准按年末已生效的正式文件；年末新认定另做下一完整年度起算稳健性,官方事件集合可构建；尚未完成上市法人历史名称映射,1993-12-15,https://www.szse.cn/api/report/index/companyGeneralization?secCode=000538,2026-08-06
000568,深圳证券交易所,泸州老窖,泸州老窖股份有限公司,2018,泸州老窖股份有限公司,1,1,候选；须核对该年度法人名称、退市时点及主体关系,2018,monitor_pass,第八次监测合格名单,农产发〔2018〕1号,2018-11-29,https://xccys.moa.gov.cn/gzdt/201812/t20181205_6314544.htm,基准按年末已生效的正式文件；年末新认定另做下一完整年度起算稳健性,官方事件集合可构建；尚未完成上市法人历史名称映射,1994-05-09,https://www.szse.cn/api/report/index/companyGeneralization?secCode=000568,2026-08-06
000568,深圳证券交易所,泸州老窖,泸州老窖股份有限公司,2019,泸州老窖股份有限公司,1,1,候选；须核对该年度法人名称、退市时点及主体关系,2018,monitor_pass,第八次监测合格名单,农产发〔2018〕1号,2018-11-29,https://xccys.moa.gov.cn/gzdt/201812/t20181205_6314544.htm,基准按年末已生效的正式文件；年末新认定另做下一完整年度起算稳健性,官方事件集合可构建；尚未完成上市法人历史名称映射,1994-05-09,https://www.szse.cn/api/report/index/companyGeneralization?secCode=000568,2026-08-06
000568,深圳证券交易所,泸州老窖,泸州老窖股份有限公司,2020,泸州老窖股份有限公司,1,1,候选；须核对该年度法人名称、退市时点及主体关系,2020,monitor_pass,第九次监测合格名单,农产发〔2020〕6号,2020-11-20,https://www.moa.gov.cn/nybgb/2020/202012/202102/P020210201587636946140.pdf,基准按年末已生效的正式文件；年末新认定另做下一完整年度起算稳健性,官方事件集合可构建；尚未完成上市法人历史名称映射,1994-05-09,https://www.szse.cn/api/report/index/companyGeneralization?secCode=000568,2026-08-06
000568,深圳证券交易所,泸州老窖,泸州老窖股份有限公司,2021,泸州老窖股份有限公司,1,1,候选；须核对该年度法人名称、退市时点及主体关系,2020,monitor_pass,第九次监测合格名单,农产发〔2020〕6号,2020-11-20,https://www.moa.gov.cn/nybgb/2020/202012/202102/P020210201587636946140.pdf,基准按年末已生效的正式文件；年末新认定另做下一完整年度起算稳健性,官方事件集合可构建；尚未完成上市法人历史名称映射,1994-05-09,https://www.szse.cn/api/report/index/companyGeneralization?secCode=000568,2026-08-06
000568,深圳证券交易所,泸州老窖,泸州老窖股份有限公司,2022,泸州老窖股份有限公司,1,1,候选；须核对该年度法人名称、退市时点及主体关系,2020,monitor_pass,第九次监测合格名单,农产发〔2020〕6号,2020-11-20,https://www.moa.gov.cn/nybgb/2020/202012/202102/P020210201587636946140.pdf,基准按年末已生效的正式文件；年末新认定另做下一完整年度起算稳健性,官方事件集合可构建；尚未完成上市法人历史名称映射,1994-05-09,https://www.szse.cn/api/report/index/companyGeneralization?secCode=000568,2026-08-06
000568,深圳证券交易所,泸州老窖,泸州老窖股份有限公司,2023,泸州老窖股份有限公司,1,1,候选；须核对该年度法人名称、退市时点及主体关系,2023,monitor_pass,第十次监测合格名单,农产发〔2023〕3号,2023-05-12,https://www.moa.gov.cn/nybgb/2023/202306/202307/P020230719348171286633.pdf,基准按年末已生效的正式文件；年末新认定另做下一完整年度起算稳健性,官方事件集合可构建；尚未完成上市法人历史名称映射,1994-05-09,https://www.szse.cn/api/report/index/companyGeneralization?secCode=000568,2026-08-06
000623,深圳证券交易所,吉林敖东,吉林敖东药业集团股份有限公司,2014,吉林敖东药业集团股份有限公司,1,1,候选；须核对该年度法人名称、退市时点及主体关系,2014,monitor_pass,第六次监测合格名单,农经发〔2014〕9号,2014-09-01,https://www.moa.gov.cn/nybgb/2014/shi/201712/P020180104776701107212.pdf,基准按年末已生效的正式文件；年末新认定另做下一完整年度起算稳健性,官方事件集合可构建；尚未完成上市法人历史名称映射,1996-10-28,https://www.szse.cn/api/report/index/companyGeneralization?secCode=000623,2026-08-06
000623,深圳证券交易所,吉林敖东,吉林敖东药业集团股份有限公司,2015,吉林敖东药业集团股份有限公司,1,1,候选；须核对该年度法人名称、退市时点及主体关系,2014,monitor_pass,第六次监测合格名单,农经发〔2014〕9号,2014-09-01,https://www.moa.gov.cn/nybgb/2014/shi/201712/P020180104776701107212.pdf,基准按年末已生效的正式文件；年末新认定另做下一完整年度起算稳健性,官方事件集合可构建；尚未完成上市法人历史名称映射,1996-10-28,https://www.szse.cn/api/report/index/companyGeneralization?secCode=000623,2026-08-06
000623,深圳证券交易所,吉林敖东,吉林敖东药业集团股份有限公司,2018,吉林敖东药业集团股份有限公司,1,1,候选；须核对该年度法人名称、退市时点及主体关系,2018,monitor_pass,第八次监测合格名单,农产发〔2018〕1号,2018-11-29,https://xccys.moa.gov.cn/gzdt/201812/t20181205_6314544.htm,基准按年末已生效的正式文件；年末新认定另做下一完整年度起算稳健性,官方事件集合可构建；尚未完成上市法人历史名称映射,1996-10-28,https://www.szse.cn/api/report/index/companyGeneralization?secCode=000623,2026-08-06
000623,深圳证券交易所,吉林敖东,吉林敖东药业集团股份有限公司,2019,吉林敖东药业集团股份有限公司,1,1,候选；须核对该年度法人名称、退市时点及主体关系,2018,monitor_pass,第八次监测合格名单,农产发〔2018〕1号,2018-11-29,https://xccys.moa.gov.cn/gzdt/201812/t20181205_6314544.htm,基准按年末已生效的正式文件；年末新认定另做下一完整年度起算稳健性,官方事件集合可构建；尚未完成上市法人历史名称映射,1996-10-28,https://www.szse.cn/api/report/index/companyGeneralization?secCode=000623,2026-08-06
000623,深圳证券交易所,吉林敖东,吉林敖东药业集团股份有限公司,2020,吉林敖东药业集团股份有限公司,1,1,候选；须核对该年度法人名称、退市时点及主体关系,2020,monitor_pass,第九次监测合格名单,农产发〔2020〕6号,2020-11-20,https://www.moa.gov.cn/nybgb/2020/202012/202102/P020210201587636946140.pdf,基准按年末已生效的正式文件；年末新认定另做下一完整年度起算稳健性,官方事件集合可构建；尚未完成上市法人历史名称映射,1996-10-28,https://www.szse.cn/api/report/index/companyGeneralization?secCode=000623,2026-08-06
000623,深圳证券交易所,吉林敖东,吉林敖东药业集团股份有限公司,2021,吉林敖东药业集团股份有限公司,1,1,候选；须核对该年度法人名称、退市时点及主体关系,2020,monitor_pass,第九次监测合格名单,农产发〔2020〕6号,2020-11-20,https://www.moa.gov.cn/nybgb/2020/202012/202102/P020210201587636946140.pdf,基准按年末已生效的正式文件；年末新认定另做下一完整年度起算稳健性,官方事件集合可构建；尚未完成上市法人历史名称映射,1996-10-28,https://www.szse.cn/api/report/index/companyGeneralization?secCode=000623,2026-08-06
000623,深圳证券交易所,吉林敖东,吉林敖东药业集团股份有限公司,2022,吉林敖东药业集团股份有限公司,1,1,候选；须核对该年度法人名称、退市时点及主体关系,2020,monitor_pass,第九次监测合格名单,农产发〔2020〕6号,2020-11-20,https://www.moa.gov.cn/nybgb/2020/202012/202102/P020210201587636946140.pdf,基准按年末已生效的正式文件；年末新认定另做下一完整年度起算稳健性,官方事件集合可构建；尚未完成上市法人历史名称映射,1996-10-28,https://www.szse.cn/api/report/index/companyGeneralization?secCode=000623,2026-08-06
000623,深圳证券交易所,吉林敖东,吉林敖东药业集团股份有限公司,2023,吉林敖东药业集团股份有限公司,1,1,候选；须核对该年度法人名称、退市时点及主体关系,2023,monitor_pass,第十次监测合格名单,农产发〔2023〕3号,2023-05-12,https://www.moa.gov.cn/nybgb/2023/202306/202307/P020230719348171286633.pdf,基准按年末已生效的正式文件；年末新认定另做下一完整年度起算稳健性,官方事件集合可构建；尚未完成上市法人历史名称映射,1996-10-28,https://www.szse.cn/api/report/index/companyGeneralization?secCode=000623,2026-08-06
000663,深圳证券交易所,永安林业,福建省永安林业(集团)股份有限公司,2014,福建省永安林业（集团）股份有限公司,1,1,候选；须核对该年度法人名称、退市时点及主体关系,2014,monitor_pass,第六次监测合格名单,农经发〔2014〕9号,2014-09-01,https://www.moa.gov.cn/nybgb/2014/shi/201712/P020180104776701107212.pdf,基准按年末已生效的正式文件；年末新认定另做下一完整年度起算稳健性,官方事件集合可构建；尚未完成上市法人历史名称映射,1996-12-06,https://www.szse.cn/api/report/index/companyGeneralization?secCode=000663,2026-08-06
000663,深圳证券交易所,永安林业,福建省永安林业(集团)股份有限公司,2015,福建省永安林业（集团）股份有限公司,1,1,候选；须核对该年度法人名称、退市时点及主体关系,2014,monitor_pass,第六次监测合格名单,农经发〔2014〕9号,2014-09-01,https://www.moa.gov.cn/nybgb/2014/shi/201712/P020180104776701107212.pdf,基准按年末已生效的正式文件；年末新认定另做下一完整年度起算稳健性,官方事件集合可构建；尚未完成上市法人历史名称映射,1996-12-06,https://www.szse.cn/api/report/index/companyGeneralization?secCode=000663,2026-08-06
000663,深圳证券交易所,永安林业,福建省永安林业(集团)股份有限公司,2018,福建省永安林业（集团）股份有限公司,1,1,候选；须核对该年度法人名称、退市时点及主体关系,2018,monitor_pass,第八次监测合格名单,农产发〔2018〕1号,2018-11-29,https://xccys.moa.gov.cn/gzdt/201812/t20181205_6314544.htm,基准按年末已生效的正式文件；年末新认定另做下一完整年度起算稳健性,官方事件集合可构建；尚未完成上市法人历史名称映射,1996-12-06,https://www.szse.cn/api/report/index/companyGeneralization?secCode=000663,2026-08-06
000663,深圳证券交易所,永安林业,福建省永安林业(集团)股份有限公司,2019,福建省永安林业（集团）股份有限公司,1,1,候选；须核对该年度法人名称、退市时点及主体关系,2018,monitor_pass,第八次监测合格名单,农产发〔2018〕1号,2018-11-29,https://xccys.moa.gov.cn/gzdt/201812/t20181205_6314544.htm,基准按年末已生效的正式文件；年末新认定另做下一完整年度起算稳健性,官方事件集合可构建；尚未完成上市法人历史名称映射,1996-12-06,https://www.szse.cn/api/report/index/companyGeneralization?secCode=000663,2026-08-06
000735,深圳证券交易所,罗 牛 山,罗牛山股份有限公司,2014,罗牛山股份有限公司,1,1,候选；须核对该年度法人名称、退市时点及主体关系,2014,monitor_pass,第六次监测合格名单,农经发〔2014〕9号,2014-09-01,https://www.moa.gov.cn/nybgb/2014/shi/201712/P020180104776701107212.pdf,基准按年末已生效的正式文件；年末新认定另做下一完整年度起算稳健性,官方事件集合可构建；尚未完成上市法人历史名称映射,1997-06-11,https://www.szse.cn/api/report/index/companyGeneralization?secCode=000735,2026-08-06
000735,深圳证券交易所,罗 牛 山,罗牛山股份有限公司,2015,罗牛山股份有限公司,1,1,候选；须核对该年度法人名称、退市时点及主体关系,2014,monitor_pass,第六次监测合格名单,农经发〔2014〕9号,2014-09-01,https://www.moa.gov.cn/nybgb/2014/shi/201712/P020180104776701107212.pdf,基准按年末已生效的正式文件；年末新认定另做下一完整年度起算稳健性,官方事件集合可构建；尚未完成上市法人历史名称映射,1997-06-11,https://www.szse.cn/api/report/index/companyGeneralization?secCode=000735,2026-08-06
000735,深圳证券交易所,罗 牛 山,罗牛山股份有限公司,2018,罗牛山股份有限公司,1,1,候选；须核对该年度法人名称、退市时点及主体关系,2018,monitor_pass,第八次监测合格名单,农产发〔2018〕1号,2018-11-29,https://xccys.moa.gov.cn/gzdt/201812/t20181205_6314544.htm,基准按年末已生效的正式文件；年末新认定另做下一完整年度起算稳健性,官方事件集合可构建；尚未完成上市法人历史名称映射,1997-06-11,https://www.szse.cn/api/report/index/companyGeneralization?secCode=000735,2026-08-06
000735,深圳证券交易所,罗 牛 山,罗牛山股份有限公司,2019,罗牛山股份有限公司,1,1,候选；须核对该年度法人名称、退市时点及主体关系,2018,monitor_pass,第八次监测合格名单,农产发〔2018〕1号,2018-11-29,https://xccys.moa.gov.cn/gzdt/201812/t20181205_6314544.htm,基准按年末已生效的正式文件；年末新认定另做下一完整年度起算稳健性,官方事件集合可构建；尚未完成上市法人历史名称映射,1997-06-11,https://www.szse.cn/api/report/index/companyGeneralization?secCode=000735,2026-08-06
000735,深圳证券交易所,罗 牛 山,罗牛山股份有限公司,2020,罗牛山股份有限公司,1,1,候选；须核对该年度法人名称、退市时点及主体关系,2020,monitor_pass,第九次监测合格名单,农产发〔2020〕6号,2020-11-20,https://www.moa.gov.cn/nybgb/2020/202012/202102/P020210201587636946140.pdf,基准按年末已生效的正式文件；年末新认定另做下一完整年度起算稳健性,官方事件集合可构建；尚未完成上市法人历史名称映射,1997-06-11,https://www.szse.cn/api/report/index/companyGeneralization?secCode=000735,2026-08-06
000735,深圳证券交易所,罗 牛 山,罗牛山股份有限公司,2021,罗牛山股份有限公司,1,1,候选；须核对该年度法人名称、退市时点及主体关系,2020,monitor_pass,第九次监测合格名单,农产发〔2020〕6号,2020-11-20,https://www.moa.gov.cn/nybgb/2020/202012/202102/P020210201587636946140.pdf,基准按年末已生效的正式文件；年末新认定另做下一完整年度起算稳健性,官方事件集合可构建；尚未完成上市法人历史名称映射,1997-06-11,https://www.szse.cn/api/report/index/companyGeneralization?secCode=000735,2026-08-06
000735,深圳证券交易所,罗 牛 山,罗牛山股份有限公司,2022,罗牛山股份有限公司,1,1,候选；须核对该年度法人名称、退市时点及主体关系,2020,monitor_pass,第九次监测合格名单,农产发〔2020〕6号,2020-11-20,https://www.moa.gov.cn/nybgb/2020/202012/202102/P020210201587636946140.pdf,基准按年末已生效的正式文件；年末新认定另做下一完整年度起算稳健性,官方事件集合可构建；尚未完成上市法人历史名称映射,1997-06-11,https://www.szse.cn/api/report/index/companyGeneralization?secCode=000735,2026-08-06
000735,深圳证券交易所,罗 牛 山,罗牛山股份有限公司,2023,罗牛山股份有限公司,1,1,候选；须核对该年度法人名称、退市时点及主体关系,2023,monitor_pass,第十次监测合格名单,农产发〔2023〕3号,2023-05-12,https://www.moa.gov.cn/nybgb/2023/202306/202307/P020230719348171286633.pdf,基准按年末已生效的正式文件；年末新认定另做下一完整年度起算稳健性,官方事件集合可构建；尚未完成上市法人历史名称映射,1997-06-11,https://www.szse.cn/api/report/index/companyGeneralization?secCode=000735,2026-08-06
000848,深圳证券交易所,承德露露,承德露露股份公司,2023,承德露露股份公司,1,1,候选；须核对该年度法人名称、退市时点及主体关系,2023,monitor_pass,第十次监测合格名单,农产发〔2023〕3号,2023-05-12,https://www.moa.gov.cn/nybgb/2023/202306/202307/P020230719348171286633.pdf,基准按年末已生效的正式文件；年末新认定另做下一完整年度起算稳健性,官方事件集合可构建；尚未完成上市法人历史名称映射,1997-11-13,https://www.szse.cn/api/report/index/companyGeneralization?secCode=000848,2026-08-06
000860,深圳证券交易所,顺鑫农业,北京顺鑫农业股份有限公司,2014,北京顺鑫农业股份有限公司,1,1,候选；须核对该年度法人名称、退市时点及主体关系,2014,monitor_pass,第六次监测合格名单,农经发〔2014〕9号,2014-09-01,https://www.moa.gov.cn/nybgb/2014/shi/201712/P020180104776701107212.pdf,基准按年末已生效的正式文件；年末新认定另做下一完整年度起算稳健性,官方事件集合可构建；尚未完成上市法人历史名称映射,1998-11-04,https://www.szse.cn/api/report/index/companyGeneralization?secCode=000860,2026-08-06
000860,深圳证券交易所,顺鑫农业,北京顺鑫农业股份有限公司,2015,北京顺鑫农业股份有限公司,1,1,候选；须核对该年度法人名称、退市时点及主体关系,2014,monitor_pass,第六次监测合格名单,农经发〔2014〕9号,2014-09-01,https://www.moa.gov.cn/nybgb/2014/shi/201712/P020180104776701107212.pdf,基准按年末已生效的正式文件；年末新认定另做下一完整年度起算稳健性,官方事件集合可构建；尚未完成上市法人历史名称映射,1998-11-04,https://www.szse.cn/api/report/index/companyGeneralization?secCode=000860,2026-08-06
000860,深圳证券交易所,顺鑫农业,北京顺鑫农业股份有限公司,2018,北京顺鑫农业股份有限公司,1,1,候选；须核对该年度法人名称、退市时点及主体关系,2018,monitor_pass,第八次监测合格名单,农产发〔2018〕1号,2018-11-29,https://xccys.moa.gov.cn/gzdt/201812/t20181205_6314544.htm,基准按年末已生效的正式文件；年末新认定另做下一完整年度起算稳健性,官方事件集合可构建；尚未完成上市法人历史名称映射,1998-11-04,https://www.szse.cn/api/report/index/companyGeneralization?secCode=000860,2026-08-06
000860,深圳证券交易所,顺鑫农业,北京顺鑫农业股份有限公司,2019,北京顺鑫农业股份有限公司,1,1,候选；须核对该年度法人名称、退市时点及主体关系,2018,monitor_pass,第八次监测合格名单,农产发〔2018〕1号,2018-11-29,https://xccys.moa.gov.cn/gzdt/201812/t20181205_6314544.htm,基准按年末已生效的正式文件；年末新认定另做下一完整年度起算稳健性,官方事件集合可构建；尚未完成上市法人历史名称映射,1998-11-04,https://www.szse.cn/api/report/index/companyGeneralization?secCode=000860,2026-08-06
000860,深圳证券交易所,顺鑫农业,北京顺鑫农业股份有限公司,2020,北京顺鑫农业股份有限公司,1,1,候选；须核对该年度法人名称、退市时点及主体关系,2020,monitor_pass,第九次监测合格名单,农产发〔2020〕6号,2020-11-20,https://www.moa.gov.cn/nybgb/2020/202012/202102/P020210201587636946140.pdf,基准按年末已生效的正式文件；年末新认定另做下一完整年度起算稳健性,官方事件集合可构建；尚未完成上市法人历史名称映射,1998-11-04,https://www.szse.cn/api/report/index/companyGeneralization?secCode=000860,2026-08-06
000860,深圳证券交易所,顺鑫农业,北京顺鑫农业股份有限公司,2021,北京顺鑫农业股份有限公司,1,1,候选；须核对该年度法人名称、退市时点及主体关系,2020,monitor_pass,第九次监测合格名单,农产发〔2020〕6号,2020-11-20,https://www.moa.gov.cn/nybgb/2020/202012/202102/P020210201587636946140.pdf,基准按年末已生效的正式文件；年末新认定另做下一完整年度起算稳健性,官方事件集合可构建；尚未完成上市法人历史名称映射,1998-11-04,https://www.szse.cn/api/report/index/companyGeneralization?secCode=000860,2026-08-06
000860,深圳证券交易所,顺鑫农业,北京顺鑫农业股份有限公司,2022,北京顺鑫农业股份有限公司,1,1,候选；须核对该年度法人名称、退市时点及主体关系,2020,monitor_pass,第九次监测合格名单,农产发〔2020〕6号,2020-11-20,https://www.moa.gov.cn/nybgb/2020/202012/202102/P020210201587636946140.pdf,基准按年末已生效的正式文件；年末新认定另做下一完整年度起算稳健性,官方事件集合可构建；尚未完成上市法人历史名称映射,1998-11-04,https://www.szse.cn/api/report/index/companyGeneralization?secCode=000860,2026-08-06
000860,深圳证券交易所,顺鑫农业,北京顺鑫农业股份有限公司,2023,北京顺鑫农业股份有限公司,1,1,候选；须核对该年度法人名称、退市时点及主体关系,2023,monitor_pass,第十次监测合格名单,农产发〔2023〕3号,2023-05-12,https://www.moa.gov.cn/nybgb/2023/202306/202307/P020230719348171286633.pdf,基准按年末已生效的正式文件；年末新认定另做下一完整年度起算稳健性,官方事件集合可构建；尚未完成上市法人历史名称映射,1998-11-04,https://www.szse.cn/api/report/index/companyGeneralization?secCode=000860,2026-08-06
000910,深圳证券交易所,大亚圣象,大亚圣象家居股份有限公司,2018,大亚圣象家居股份有限公司,1,1,候选；须核对该年度法人名称、退市时点及主体关系,2018,monitor_pass,第八次监测合格名单,农产发〔2018〕1号,2018-11-29,https://xccys.moa.gov.cn/gzdt/201812/t20181205_6314544.htm,基准按年末已生效的正式文件；年末新认定另做下一完整年度起算稳健性,官方事件集合可构建；尚未完成上市法人历史名称映射,1999-06-30,https://www.szse.cn/api/report/index/companyGeneralization?secCode=000910,2026-08-06
000910,深圳证券交易所,大亚圣象,大亚圣象家居股份有限公司,2019,大亚圣象家居股份有限公司,1,1,候选；须核对该年度法人名称、退市时点及主体关系,2018,monitor_pass,第八次监测合格名单,农产发〔2018〕1号,2018-11-29,https://xccys.moa.gov.cn/gzdt/201812/t20181205_6314544.htm,基准按年末已生效的正式文件；年末新认定另做下一完整年度起算稳健性,官方事件集合可构建；尚未完成上市法人历史名称映射,1999-06-30,https://www.szse.cn/api/report/index/companyGeneralization?secCode=000910,2026-08-06
000910,深圳证券交易所,大亚圣象,大亚圣象家居股份有限公司,2020,大亚圣象家居股份有限公司,1,1,候选；须核对该年度法人名称、退市时点及主体关系,2020,monitor_pass,第九次监测合格名单,农产发〔2020〕6号,2020-11-20,https://www.moa.gov.cn/nybgb/2020/202012/202102/P020210201587636946140.pdf,基准按年末已生效的正式文件；年末新认定另做下一完整年度起算稳健性,官方事件集合可构建；尚未完成上市法人历史名称映射,1999-06-30,https://www.szse.cn/api/report/index/companyGeneralization?secCode=000910,2026-08-06
000910,深圳证券交易所,大亚圣象,大亚圣象家居股份有限公司,2021,大亚圣象家居股份有限公司,1,1,候选；须核对该年度法人名称、退市时点及主体关系,2020,monitor_pass,第九次监测合格名单,农产发〔2020〕6号,2020-11-20,https://www.moa.gov.cn/nybgb/2020/202012/202102/P020210201587636946140.pdf,基准按年末已生效的正式文件；年末新认定另做下一完整年度起算稳健性,官方事件集合可构建；尚未完成上市法人历史名称映射,1999-06-30,https://www.szse.cn/api/report/index/companyGeneralization?secCode=000910,2026-08-06
000910,深圳证券交易所,大亚圣象,大亚圣象家居股份有限公司,2022,大亚圣象家居股份有限公司,1,1,候选；须核对该年度法人名称、退市时点及主体关系,2020,monitor_pass,第九次监测合格名单,农产发〔2020〕6号,2020-11-20,https://www.moa.gov.cn/nybgb/2020/202012/202102/P020210201587636946140.pdf,基准按年末已生效的正式文件；年末新认定另做下一完整年度起算稳健性,官方事件集合可构建；尚未完成上市法人历史名称映射,1999-06-30,https://www.szse.cn/api/report/index/companyGeneralization?secCode=000910,2026-08-06
000910,深圳证券交易所,大亚圣象,大亚圣象家居股份有限公司,2023,大亚圣象家居股份有限公司,1,1,候选；须核对该年度法人名称、退市时点及主体关系,2023,monitor_pass,第十次监测合格名单,农产发〔2023〕3号,2023-05-12,https://www.moa.gov.cn/nybgb/2023/202306/202307/P020230719348171286633.pdf,基准按年末已生效的正式文件；年末新认定另做下一完整年度起算稳健性,官方事件集合可构建；尚未完成上市法人历史名称映射,1999-06-30,https://www.szse.cn/api/report/index/companyGeneralization?secCode=000910,2026-08-06
000998,深圳证券交易所,隆平高科,袁隆平农业高科技股份有限公司,2014,袁隆平农业高科技股份有限公司,1,1,候选；须核对该年度法人名称、退市时点及主体关系,2014,monitor_pass,第六次监测合格名单,农经发〔2014〕9号,2014-09-01,https://www.moa.gov.cn/nybgb/2014/shi/201712/P020180104776701107212.pdf,基准按年末已生效的正式文件；年末新认定另做下一完整年度起算稳健性,官方事件集合可构建；尚未完成上市法人历史名称映射,2000-12-11,https://www.szse.cn/api/report/index/companyGeneralization?secCode=000998,2026-08-06
000998,深圳证券交易所,隆平高科,袁隆平农业高科技股份有限公司,2015,袁隆平农业高科技股份有限公司,1,1,候选；须核对该年度法人名称、退市时点及主体关系,2014,monitor_pass,第六次监测合格名单,农经发〔2014〕9号,2014-09-01,https://www.moa.gov.cn/nybgb/2014/shi/201712/P020180104776701107212.pdf,基准按年末已生效的正式文件；年末新认定另做下一完整年度起算稳健性,官方事件集合可构建；尚未完成上市法人历史名称映射,2000-12-11,https://www.szse.cn/api/report/index/companyGeneralization?secCode=000998,2026-08-06
000998,深圳证券交易所,隆平高科,袁隆平农业高科技股份有限公司,2018,袁隆平农业高科技股份有限公司,1,1,候选；须核对该年度法人名称、退市时点及主体关系,2018,monitor_pass,第八次监测合格名单,农产发〔2018〕1号,2018-11-29,https://xccys.moa.gov.cn/gzdt/201812/t20181205_6314544.htm,基准按年末已生效的正式文件；年末新认定另做下一完整年度起算稳健性,官方事件集合可构建；尚未完成上市法人历史名称映射,2000-12-11,https://www.szse.cn/api/report/index/companyGeneralization?secCode=000998,2026-08-06
000998,深圳证券交易所,隆平高科,袁隆平农业高科技股份有限公司,2019,袁隆平农业高科技股份有限公司,1,1,候选；须核对该年度法人名称、退市时点及主体关系,2018,monitor_pass,第八次监测合格名单,农产发〔2018〕1号,2018-11-29,https://xccys.moa.gov.cn/gzdt/201812/t20181205_6314544.htm,基准按年末已生效的正式文件；年末新认定另做下一完整年度起算稳健性,官方事件集合可构建；尚未完成上市法人历史名称映射,2000-12-11,https://www.szse.cn/api/report/index/companyGeneralization?secCode=000998,2026-08-06
000998,深圳证券交易所,隆平高科,袁隆平农业高科技股份有限公司,2020,袁隆平农业高科技股份有限公司,1,1,候选；须核对该年度法人名称、退市时点及主体关系,2020,monitor_pass,第九次监测合格名单,农产发〔2020〕6号,2020-11-20,https://www.moa.gov.cn/nybgb/2020/202012/202102/P020210201587636946140.pdf,基准按年末已生效的正式文件；年末新认定另做下一完整年度起算稳健性,官方事件集合可构建；尚未完成上市法人历史名称映射,2000-12-11,https://www.szse.cn/api/report/index/companyGeneralization?secCode=000998,2026-08-06
000998,深圳证券交易所,隆平高科,袁隆平农业高科技股份有限公司,2021,袁隆平农业高科技股份有限公司,1,1,候选；须核对该年度法人名称、退市时点及主体关系,2020,monitor_pass,第九次监测合格名单,农产发〔2020〕6号,2020-11-20,https://www.moa.gov.cn/nybgb/2020/202012/202102/P020210201587636946140.pdf,基准按年末已生效的正式文件；年末新认定另做下一完整年度起算稳健性,官方事件集合可构建；尚未完成上市法人历史名称映射,2000-12-11,https://www.szse.cn/api/report/index/companyGeneralization?secCode=000998,2026-08-06
000998,深圳证券交易所,隆平高科,袁隆平农业高科技股份有限公司,2022,袁隆平农业高科技股份有限公司,1,1,候选；须核对该年度法人名称、退市时点及主体关系,2020,monitor_pass,第九次监测合格名单,农产发〔2020〕6号,2020-11-20,https://www.moa.gov.cn/nybgb/2020/202012/202102/P020210201587636946140.pdf,基准按年末已生效的正式文件；年末新认定另做下一完整年度起算稳健性,官方事件集合可构建；尚未完成上市法人历史名称映射,2000-12-11,https://www.szse.cn/api/report/index/companyGeneralization?secCode=000998,2026-08-06
000998,深圳证券交易所,隆平高科,袁隆平农业高科技股份有限公司,2023,袁隆平农业高科技股份有限公司,1,1,候选；须核对该年度法人名称、退市时点及主体关系,2023,monitor_pass,第十次监测合格名单,农产发〔2023〕3号,2023-05-12,https://www.moa.gov.cn/nybgb/2023/202306/202307/P020230719348171286633.pdf,基准按年末已生效的正式文件；年末新认定另做下一完整年度起算稳健性,官方事件集合可构建；尚未完成上市法人历史名称映射,2000-12-11,https://www.szse.cn/api/report/index/companyGeneralization?secCode=000998,2026-08-06
001201,深圳证券交易所,东瑞股份,东瑞食品集团股份有限公司,2021,东瑞食品集团股份有限公司,1,1,候选；须核对该年度法人名称、退市时点及主体关系,2020,monitor_pass,第九次监测合格名单,农产发〔2020〕6号,2020-11-20,https://www.moa.gov.cn/nybgb/2020/202012/202102/P020210201587636946140.pdf,基准按年末已生效的正式文件；年末新认定另做下一完整年度起算稳健性,官方事件集合可构建；尚未完成上市法人历史名称映射,2021-04-28,https://www.szse.cn/api/report/index/companyGeneralization?secCode=001201,2026-08-06
001201,深圳证券交易所,东瑞股份,东瑞食品集团股份有限公司,2022,东瑞食品集团股份有限公司,1,1,候选；须核对该年度法人名称、退市时点及主体关系,2020,monitor_pass,第九次监测合格名单,农产发〔2020〕6号,2020-11-20,https://www.moa.gov.cn/nybgb/2020/202012/202102/P020210201587636946140.pdf,基准按年末已生效的正式文件；年末新认定另做下一完整年度起算稳健性,官方事件集合可构建；尚未完成上市法人历史名称映射,2021-04-28,https://www.szse.cn/api/report/index/companyGeneralization?secCode=001201,2026-08-06
001201,深圳证券交易所,东瑞股份,东瑞食品集团股份有限公司,2023,东瑞食品集团股份有限公司,1,1,候选；须核对该年度法人名称、退市时点及主体关系,2023,monitor_pass,第十次监测合格名单,农产发〔2023〕3号,2023-05-12,https://www.moa.gov.cn/nybgb/2023/202306/202307/P020230719348171286633.pdf,基准按年末已生效的正式文件；年末新认定另做下一完整年度起算稳健性,官方事件集合可构建；尚未完成上市法人历史名称映射,2021-04-28,https://www.szse.cn/api/report/index/companyGeneralization?secCode=001201,2026-08-06
002041,深圳证券交易所,登海种业,山东登海种业股份有限公司,2019,山东登海种业股份有限公司,1,1,候选；须核对该年度法人名称、退市时点及主体关系,2019,recognition,第六批新认定名单,农产发〔2019〕3号,2019-11-26,https://www.moa.gov.cn/nybgb/2019/201912/202004/P020200410023357640054.pdf,基准按年末已生效的正式文件；年末新认定另做下一完整年度起算稳健性,官方事件集合可构建；尚未完成上市法人历史名称映射,2005-04-18,https://www.szse.cn/api/report/index/companyGeneralization?secCode=002041,2026-08-06
002041,深圳证券交易所,登海种业,山东登海种业股份有限公司,2020,山东登海种业股份有限公司,1,1,候选；须核对该年度法人名称、退市时点及主体关系,2019,recognition,第六批新认定名单,农产发〔2019〕3号,2019-11-26,https://www.moa.gov.cn/nybgb/2019/201912/202004/P020200410023357640054.pdf,基准按年末已生效的正式文件；年末新认定另做下一完整年度起算稳健性,官方事件集合可构建；尚未完成上市法人历史名称映射,2005-04-18,https://www.szse.cn/api/report/index/companyGeneralization?secCode=002041,2026-08-06
002041,深圳证券交易所,登海种业,山东登海种业股份有限公司,2021,山东登海种业股份有限公司,1,1,候选；须核对该年度法人名称、退市时点及主体关系,2019,recognition,第六批新认定名单,农产发〔2019〕3号,2019-11-26,https://www.moa.gov.cn/nybgb/2019/201912/202004/P020200410023357640054.pdf,基准按年末已生效的正式文件；年末新认定另做下一完整年度起算稳健性,官方事件集合可构建；尚未完成上市法人历史名称映射,2005-04-18,https://www.szse.cn/api/report/index/companyGeneralization?secCode=002041,2026-08-06
002041,深圳证券交易所,登海种业,山东登海种业股份有限公司,2022,山东登海种业股份有限公司,1,1,候选；须核对该年度法人名称、退市时点及主体关系,2019,recognition,第六批新认定名单,农产发〔2019〕3号,2019-11-26,https://www.moa.gov.cn/nybgb/2019/201912/202004/P020200410023357640054.pdf,基准按年末已生效的正式文件；年末新认定另做下一完整年度起算稳健性,官方事件集合可构建；尚未完成上市法人历史名称映射,2005-04-18,https://www.szse.cn/api/report/index/companyGeneralization?secCode=002041,2026-08-06
002041,深圳证券交易所,登海种业,山东登海种业股份有限公司,2023,山东登海种业股份有限公司,1,1,候选；须核对该年度法人名称、退市时点及主体关系,2023,monitor_pass,第十次监测合格名单,农产发〔2023〕3号,2023-05-12,https://www.moa.gov.cn/nybgb/2023/202306/202307/P020230719348171286633.pdf,基准按年末已生效的正式文件；年末新认定另做下一完整年度起算稳健性,官方事件集合可构建；尚未完成上市法人历史名称映射,2005-04-18,https://www.szse.cn/api/report/index/companyGeneralization?secCode=002041,2026-08-06
002069,深圳证券交易所,獐子岛,獐子岛集团股份有限公司,2014,獐子岛集团股份有限公司,1,1,候选；须核对该年度法人名称、退市时点及主体关系,2014,monitor_pass,第六次监测合格名单,农经发〔2014〕9号,2014-09-01,https://www.moa.gov.cn/nybgb/2014/shi/201712/P020180104776701107212.pdf,基准按年末已生效的正式文件；年末新认定另做下一完整年度起算稳健性,官方事件集合可构建；尚未完成上市法人历史名称映射,2006-09-28,https://www.szse.cn/api/report/index/companyGeneralization?secCode=002069,2026-08-06
002069,深圳证券交易所,獐子岛,獐子岛集团股份有限公司,2015,獐子岛集团股份有限公司,1,1,候选；须核对该年度法人名称、退市时点及主体关系,2014,monitor_pass,第六次监测合格名单,农经发〔2014〕9号,2014-09-01,https://www.moa.gov.cn/nybgb/2014/shi/201712/P020180104776701107212.pdf,基准按年末已生效的正式文件；年末新认定另做下一完整年度起算稳健性,官方事件集合可构建；尚未完成上市法人历史名称映射,2006-09-28,https://www.szse.cn/api/report/index/companyGeneralization?secCode=002069,2026-08-06
002069,深圳证券交易所,獐子岛,獐子岛集团股份有限公司,2018,獐子岛集团股份有限公司,1,1,候选；须核对该年度法人名称、退市时点及主体关系,2018,monitor_pass,第八次监测合格名单,农产发〔2018〕1号,2018-11-29,https://xccys.moa.gov.cn/gzdt/201812/t20181205_6314544.htm,基准按年末已生效的正式文件；年末新认定另做下一完整年度起算稳健性,官方事件集合可构建；尚未完成上市法人历史名称映射,2006-09-28,https://www.szse.cn/api/report/index/companyGeneralization?secCode=002069,2026-08-06
002069,深圳证券交易所,獐子岛,獐子岛集团股份有限公司,2019,獐子岛集团股份有限公司,1,1,候选；须核对该年度法人名称、退市时点及主体关系,2018,monitor_pass,第八次监测合格名单,农产发〔2018〕1号,2018-11-29,https://xccys.moa.gov.cn/gzdt/201812/t20181205_6314544.htm,基准按年末已生效的正式文件；年末新认定另做下一完整年度起算稳健性,官方事件集合可构建；尚未完成上市法人历史名称映射,2006-09-28,https://www.szse.cn/api/report/index/companyGeneralization?secCode=002069,2026-08-06
002086,深圳证券交易所,东方海洋,山东东方海洋科技股份有限公司,2014,山东东方海洋科技股份有限公司,1,1,候选；须核对该年度法人名称、退市时点及主体关系,2014,monitor_pass,第六次监测合格名单,农经发〔2014〕9号,2014-09-01,https://www.moa.gov.cn/nybgb/2014/shi/201712/P020180104776701107212.pdf,基准按年末已生效的正式文件；年末新认定另做下一完整年度起算稳健性,官方事件集合可构建；尚未完成上市法人历史名称映射,2006-11-28,https://www.szse.cn/api/report/index/companyGeneralization?secCode=002086,2026-08-06
002086,深圳证券交易所,东方海洋,山东东方海洋科技股份有限公司,2015,山东东方海洋科技股份有限公司,1,1,候选；须核对该年度法人名称、退市时点及主体关系,2014,monitor_pass,第六次监测合格名单,农经发〔2014〕9号,2014-09-01,https://www.moa.gov.cn/nybgb/2014/shi/201712/P020180104776701107212.pdf,基准按年末已生效的正式文件；年末新认定另做下一完整年度起算稳健性,官方事件集合可构建；尚未完成上市法人历史名称映射,2006-11-28,https://www.szse.cn/api/report/index/companyGeneralization?secCode=002086,2026-08-06
002086,深圳证券交易所,东方海洋,山东东方海洋科技股份有限公司,2018,山东东方海洋科技股份有限公司,1,1,候选；须核对该年度法人名称、退市时点及主体关系,2018,monitor_pass,第八次监测合格名单,农产发〔2018〕1号,2018-11-29,https://xccys.moa.gov.cn/gzdt/201812/t20181205_6314544.htm,基准按年末已生效的正式文件；年末新认定另做下一完整年度起算稳健性,官方事件集合可构建；尚未完成上市法人历史名称映射,2006-11-28,https://www.szse.cn/api/report/index/companyGeneralization?secCode=002086,2026-08-06
002086,深圳证券交易所,东方海洋,山东东方海洋科技股份有限公司,2019,山东东方海洋科技股份有限公司,1,1,候选；须核对该年度法人名称、退市时点及主体关系,2018,monitor_pass,第八次监测合格名单,农产发〔2018〕1号,2018-11-29,https://xccys.moa.gov.cn/gzdt/201812/t20181205_6314544.htm,基准按年末已生效的正式文件；年末新认定另做下一完整年度起算稳健性,官方事件集合可构建；尚未完成上市法人历史名称映射,2006-11-28,https://www.szse.cn/api/report/index/companyGeneralization?secCode=002086,2026-08-06
002100,深圳证券交易所,天康生物,天康生物股份有限公司,2018,天康生物股份有限公司,1,1,候选；须核对该年度法人名称、退市时点及主体关系,2018,monitor_pass,第八次监测合格名单,农产发〔2018〕1号,2018-11-29,https://xccys.moa.gov.cn/gzdt/201812/t20181205_6314544.htm,基准按年末已生效的正式文件；年末新认定另做下一完整年度起算稳健性,官方事件集合可构建；尚未完成上市法人历史名称映射,2006-12-26,https://www.szse.cn/api/report/index/companyGeneralization?secCode=002100,2026-08-06
002100,深圳证券交易所,天康生物,天康生物股份有限公司,2019,天康生物股份有限公司,1,1,候选；须核对该年度法人名称、退市时点及主体关系,2018,monitor_pass,第八次监测合格名单,农产发〔2018〕1号,2018-11-29,https://xccys.moa.gov.cn/gzdt/201812/t20181205_6314544.htm,基准按年末已生效的正式文件；年末新认定另做下一完整年度起算稳健性,官方事件集合可构建；尚未完成上市法人历史名称映射,2006-12-26,https://www.szse.cn/api/report/index/companyGeneralization?secCode=002100,2026-08-06
002100,深圳证券交易所,天康生物,天康生物股份有限公司,2020,天康生物股份有限公司,1,1,候选；须核对该年度法人名称、退市时点及主体关系,2020,monitor_pass,第九次监测合格名单,农产发〔2020〕6号,2020-11-20,https://www.moa.gov.cn/nybgb/2020/202012/202102/P020210201587636946140.pdf,基准按年末已生效的正式文件；年末新认定另做下一完整年度起算稳健性,官方事件集合可构建；尚未完成上市法人历史名称映射,2006-12-26,https://www.szse.cn/api/report/index/companyGeneralization?secCode=002100,2026-08-06
002100,深圳证券交易所,天康生物,天康生物股份有限公司,2021,天康生物股份有限公司,1,1,候选；须核对该年度法人名称、退市时点及主体关系,2020,monitor_pass,第九次监测合格名单,农产发〔2020〕6号,2020-11-20,https://www.moa.gov.cn/nybgb/2020/202012/202102/P020210201587636946140.pdf,基准按年末已生效的正式文件；年末新认定另做下一完整年度起算稳健性,官方事件集合可构建；尚未完成上市法人历史名称映射,2006-12-26,https://www.szse.cn/api/report/index/companyGeneralization?secCode=002100,2026-08-06
002100,深圳证券交易所,天康生物,天康生物股份有限公司,2022,天康生物股份有限公司,1,1,候选；须核对该年度法人名称、退市时点及主体关系,2020,monitor_pass,第九次监测合格名单,农产发〔2020〕6号,2020-11-20,https://www.moa.gov.cn/nybgb/2020/202012/202102/P020210201587636946140.pdf,基准按年末已生效的正式文件；年末新认定另做下一完整年度起算稳健性,官方事件集合可构建；尚未完成上市法人历史名称映射,2006-12-26,https://www.szse.cn/api/report/index/companyGeneralization?secCode=002100,2026-08-06
002100,深圳证券交易所,天康生物,天康生物股份有限公司,2023,天康生物股份有限公司,1,1,候选；须核对该年度法人名称、退市时点及主体关系,2023,monitor_pass,第十次监测合格名单,农产发〔2023〕3号,2023-05-12,https://www.moa.gov.cn/nybgb/2023/202306/202307/P020230719348171286633.pdf,基准按年末已生效的正式文件；年末新认定另做下一完整年度起算稳健性,官方事件集合可构建；尚未完成上市法人历史名称映射,2006-12-26,https://www.szse.cn/api/report/index/companyGeneralization?secCode=002100,2026-08-06
002124,深圳证券交易所,天邦食品,天邦食品股份有限公司,2018,天邦食品股份有限公司,1,1,候选；须核对该年度法人名称、退市时点及主体关系,2018,monitor_pass,第八次监测合格名单,农产发〔2018〕1号,2018-11-29,https://xccys.moa.gov.cn/gzdt/201812/t20181205_6314544.htm,基准按年末已生效的正式文件；年末新认定另做下一完整年度起算稳健性,官方事件集合可构建；尚未完成上市法人历史名称映射,2007-04-03,https://www.szse.cn/api/report/index/companyGeneralization?secCode=002124,2026-08-06
002124,深圳证券交易所,天邦食品,天邦食品股份有限公司,2019,天邦食品股份有限公司,1,1,候选；须核对该年度法人名称、退市时点及主体关系,2018,monitor_pass,第八次监测合格名单,农产发〔2018〕1号,2018-11-29,https://xccys.moa.gov.cn/gzdt/201812/t20181205_6314544.htm,基准按年末已生效的正式文件；年末新认定另做下一完整年度起算稳健性,官方事件集合可构建；尚未完成上市法人历史名称映射,2007-04-03,https://www.szse.cn/api/report/index/companyGeneralization?secCode=002124,2026-08-06
002124,深圳证券交易所,天邦食品,天邦食品股份有限公司,2020,天邦食品股份有限公司,1,1,候选；须核对该年度法人名称、退市时点及主体关系,2020,monitor_pass,第九次监测合格名单,农产发〔2020〕6号,2020-11-20,https://www.moa.gov.cn/nybgb/2020/202012/202102/P020210201587636946140.pdf,基准按年末已生效的正式文件；年末新认定另做下一完整年度起算稳健性,官方事件集合可构建；尚未完成上市法人历史名称映射,2007-04-03,https://www.szse.cn/api/report/index/companyGeneralization?secCode=002124,2026-08-06
002124,深圳证券交易所,天邦食品,天邦食品股份有限公司,2021,天邦食品股份有限公司,1,1,候选；须核对该年度法人名称、退市时点及主体关系,2020,monitor_pass,第九次监测合格名单,农产发〔2020〕6号,2020-11-20,https://www.moa.gov.cn/nybgb/2020/202012/202102/P020210201587636946140.pdf,基准按年末已生效的正式文件；年末新认定另做下一完整年度起算稳健性,官方事件集合可构建；尚未完成上市法人历史名称映射,2007-04-03,https://www.szse.cn/api/report/index/companyGeneralization?secCode=002124,2026-08-06
002124,深圳证券交易所,天邦食品,天邦食品股份有限公司,2022,天邦食品股份有限公司,1,1,候选；须核对该年度法人名称、退市时点及主体关系,2020,monitor_pass,第九次监测合格名单,农产发〔2020〕6号,2020-11-20,https://www.moa.gov.cn/nybgb/2020/202012/202102/P020210201587636946140.pdf,基准按年末已生效的正式文件；年末新认定另做下一完整年度起算稳健性,官方事件集合可构建；尚未完成上市法人历史名称映射,2007-04-03,https://www.szse.cn/api/report/index/companyGeneralization?secCode=002124,2026-08-06
002124,深圳证券交易所,天邦食品,天邦食品股份有限公司,2023,天邦食品股份有限公司,1,1,候选；须核对该年度法人名称、退市时点及主体关系,2023,monitor_pass,第十次监测合格名单,农产发〔2023〕3号,2023-05-12,https://www.moa.gov.cn/nybgb/2023/202306/202307/P020230719348171286633.pdf,基准按年末已生效的正式文件；年末新认定另做下一完整年度起算稳健性,官方事件集合可构建；尚未完成上市法人历史名称映射,2007-04-03,https://www.szse.cn/api/report/index/companyGeneralization?secCode=002124,2026-08-06
002166,深圳证券交易所,莱茵生物,桂林莱茵生物科技股份有限公司,2014,桂林莱茵生物科技股份有限公司,1,1,候选；须核对该年度法人名称、退市时点及主体关系,2014,monitor_pass,第六次监测合格名单,农经发〔2014〕9号,2014-09-01,https://www.moa.gov.cn/nybgb/2014/shi/201712/P020180104776701107212.pdf,基准按年末已生效的正式文件；年末新认定另做下一完整年度起算稳健性,官方事件集合可构建；尚未完成上市法人历史名称映射,2007-09-13,https://www.szse.cn/api/report/index/companyGeneralization?secCode=002166,2026-08-06
002166,深圳证券交易所,莱茵生物,桂林莱茵生物科技股份有限公司,2015,桂林莱茵生物科技股份有限公司,1,1,候选；须核对该年度法人名称、退市时点及主体关系,2014,monitor_pass,第六次监测合格名单,农经发〔2014〕9号,2014-09-01,https://www.moa.gov.cn/nybgb/2014/shi/201712/P020180104776701107212.pdf,基准按年末已生效的正式文件；年末新认定另做下一完整年度起算稳健性,官方事件集合可构建；尚未完成上市法人历史名称映射,2007-09-13,https://www.szse.cn/api/report/index/companyGeneralization?secCode=002166,2026-08-06
002166,深圳证券交易所,莱茵生物,桂林莱茵生物科技股份有限公司,2018,桂林莱茵生物科技股份有限公司,1,1,候选；须核对该年度法人名称、退市时点及主体关系,2018,monitor_pass,第八次监测合格名单,农产发〔2018〕1号,2018-11-29,https://xccys.moa.gov.cn/gzdt/201812/t20181205_6314544.htm,基准按年末已生效的正式文件；年末新认定另做下一完整年度起算稳健性,官方事件集合可构建；尚未完成上市法人历史名称映射,2007-09-13,https://www.szse.cn/api/report/index/companyGeneralization?secCode=002166,2026-08-06
002166,深圳证券交易所,莱茵生物,桂林莱茵生物科技股份有限公司,2019,桂林莱茵生物科技股份有限公司,1,1,候选；须核对该年度法人名称、退市时点及主体关系,2018,monitor_pass,第八次监测合格名单,农产发〔2018〕1号,2018-11-29,https://xccys.moa.gov.cn/gzdt/201812/t20181205_6314544.htm,基准按年末已生效的正式文件；年末新认定另做下一完整年度起算稳健性,官方事件集合可构建；尚未完成上市法人历史名称映射,2007-09-13,https://www.szse.cn/api/report/index/companyGeneralization?secCode=002166,2026-08-06
002166,深圳证券交易所,莱茵生物,桂林莱茵生物科技股份有限公司,2020,桂林莱茵生物科技股份有限公司,1,1,候选；须核对该年度法人名称、退市时点及主体关系,2020,monitor_pass,第九次监测合格名单,农产发〔2020〕6号,2020-11-20,https://www.moa.gov.cn/nybgb/2020/202012/202102/P020210201587636946140.pdf,基准按年末已生效的正式文件；年末新认定另做下一完整年度起算稳健性,官方事件集合可构建；尚未完成上市法人历史名称映射,2007-09-13,https://www.szse.cn/api/report/index/companyGeneralization?secCode=002166,2026-08-06
002166,深圳证券交易所,莱茵生物,桂林莱茵生物科技股份有限公司,2021,桂林莱茵生物科技股份有限公司,1,1,候选；须核对该年度法人名称、退市时点及主体关系,2020,monitor_pass,第九次监测合格名单,农产发〔2020〕6号,2020-11-20,https://www.moa.gov.cn/nybgb/2020/202012/202102/P020210201587636946140.pdf,基准按年末已生效的正式文件；年末新认定另做下一完整年度起算稳健性,官方事件集合可构建；尚未完成上市法人历史名称映射,2007-09-13,https://www.szse.cn/api/report/index/companyGeneralization?secCode=002166,2026-08-06
002166,深圳证券交易所,莱茵生物,桂林莱茵生物科技股份有限公司,2022,桂林莱茵生物科技股份有限公司,1,1,候选；须核对该年度法人名称、退市时点及主体关系,2020,monitor_pass,第九次监测合格名单,农产发〔2020〕6号,2020-11-20,https://www.moa.gov.cn/nybgb/2020/202012/202102/P020210201587636946140.pdf,基准按年末已生效的正式文件；年末新认定另做下一完整年度起算稳健性,官方事件集合可构建；尚未完成上市法人历史名称映射,2007-09-13,https://www.szse.cn/api/report/index/companyGeneralization?secCode=002166,2026-08-06
002166,深圳证券交易所,莱茵生物,桂林莱茵生物科技股份有限公司,2023,桂林莱茵生物科技股份有限公司,1,1,候选；须核对该年度法人名称、退市时点及主体关系,2023,monitor_pass,第十次监测合格名单,农产发〔2023〕3号,2023-05-12,https://www.moa.gov.cn/nybgb/2023/202306/202307/P020230719348171286633.pdf,基准按年末已生效的正式文件；年末新认定另做下一完整年度起算稳健性,官方事件集合可构建；尚未完成上市法人历史名称映射,2007-09-13,https://www.szse.cn/api/report/index/companyGeneralization?secCode=002166,2026-08-06
002216,深圳证券交易所,三全食品,三全食品股份有限公司,2014,三全食品股份有限公司,1,1,候选；须核对该年度法人名称、退市时点及主体关系,2014,monitor_pass,第六次监测合格名单,农经发〔2014〕9号,2014-09-01,https://www.moa.gov.cn/nybgb/2014/shi/201712/P020180104776701107212.pdf,基准按年末已生效的正式文件；年末新认定另做下一完整年度起算稳健性,官方事件集合可构建；尚未完成上市法人历史名称映射,2008-02-20,https://www.szse.cn/api/report/index/companyGeneralization?secCode=002216,2026-08-06
002216,深圳证券交易所,三全食品,三全食品股份有限公司,2015,三全食品股份有限公司,1,1,候选；须核对该年度法人名称、退市时点及主体关系,2014,monitor_pass,第六次监测合格名单,农经发〔2014〕9号,2014-09-01,https://www.moa.gov.cn/nybgb/2014/shi/201712/P020180104776701107212.pdf,基准按年末已生效的正式文件；年末新认定另做下一完整年度起算稳健性,官方事件集合可构建；尚未完成上市法人历史名称映射,2008-02-20,https://www.szse.cn/api/report/index/companyGeneralization?secCode=002216,2026-08-06
002216,深圳证券交易所,三全食品,三全食品股份有限公司,2018,三全食品股份有限公司,1,1,候选；须核对该年度法人名称、退市时点及主体关系,2018,monitor_pass,第八次监测合格名单,农产发〔2018〕1号,2018-11-29,https://xccys.moa.gov.cn/gzdt/201812/t20181205_6314544.htm,基准按年末已生效的正式文件；年末新认定另做下一完整年度起算稳健性,官方事件集合可构建；尚未完成上市法人历史名称映射,2008-02-20,https://www.szse.cn/api/report/index/companyGeneralization?secCode=002216,2026-08-06
002216,深圳证券交易所,三全食品,三全食品股份有限公司,2019,三全食品股份有限公司,1,1,候选；须核对该年度法人名称、退市时点及主体关系,2018,monitor_pass,第八次监测合格名单,农产发〔2018〕1号,2018-11-29,https://xccys.moa.gov.cn/gzdt/201812/t20181205_6314544.htm,基准按年末已生效的正式文件；年末新认定另做下一完整年度起算稳健性,官方事件集合可构建；尚未完成上市法人历史名称映射,2008-02-20,https://www.szse.cn/api/report/index/companyGeneralization?secCode=002216,2026-08-06
002216,深圳证券交易所,三全食品,三全食品股份有限公司,2020,三全食品股份有限公司,1,1,候选；须核对该年度法人名称、退市时点及主体关系,2020,monitor_pass,第九次监测合格名单,农产发〔2020〕6号,2020-11-20,https://www.moa.gov.cn/nybgb/2020/202012/202102/P020210201587636946140.pdf,基准按年末已生效的正式文件；年末新认定另做下一完整年度起算稳健性,官方事件集合可构建；尚未完成上市法人历史名称映射,2008-02-20,https://www.szse.cn/api/report/index/companyGeneralization?secCode=002216,2026-08-06
002216,深圳证券交易所,三全食品,三全食品股份有限公司,2021,三全食品股份有限公司,1,1,候选；须核对该年度法人名称、退市时点及主体关系,2020,monitor_pass,第九次监测合格名单,农产发〔2020〕6号,2020-11-20,https://www.moa.gov.cn/nybgb/2020/202012/202102/P020210201587636946140.pdf,基准按年末已生效的正式文件；年末新认定另做下一完整年度起算稳健性,官方事件集合可构建；尚未完成上市法人历史名称映射,2008-02-20,https://www.szse.cn/api/report/index/companyGeneralization?secCode=002216,2026-08-06
002216,深圳证券交易所,三全食品,三全食品股份有限公司,2022,三全食品股份有限公司,1,1,候选；须核对该年度法人名称、退市时点及主体关系,2020,monitor_pass,第九次监测合格名单,农产发〔2020〕6号,2020-11-20,https://www.moa.gov.cn/nybgb/2020/202012/202102/P020210201587636946140.pdf,基准按年末已生效的正式文件；年末新认定另做下一完整年度起算稳健性,官方事件集合可构建；尚未完成上市法人历史名称映射,2008-02-20,https://www.szse.cn/api/report/index/companyGeneralization?secCode=002216,2026-08-06
002216,深圳证券交易所,三全食品,三全食品股份有限公司,2023,三全食品股份有限公司,1,1,候选；须核对该年度法人名称、退市时点及主体关系,2023,monitor_pass,第十次监测合格名单,农产发〔2023〕3号,2023-05-12,https://www.moa.gov.cn/nybgb/2023/202306/202307/P020230719348171286633.pdf,基准按年末已生效的正式文件；年末新认定另做下一完整年度起算稳健性,官方事件集合可构建；尚未完成上市法人历史名称映射,2008-02-20,https://www.szse.cn/api/report/index/companyGeneralization?secCode=002216,2026-08-06
002234,深圳证券交易所,民和股份,山东民和牧业股份有限公司,2014,山东民和牧业股份有限公司,1,1,候选；须核对该年度法人名称、退市时点及主体关系,2014,monitor_pass,第六次监测合格名单,农经发〔2014〕9号,2014-09-01,https://www.moa.gov.cn/nybgb/2014/shi/201712/P020180104776701107212.pdf,基准按年末已生效的正式文件；年末新认定另做下一完整年度起算稳健性,官方事件集合可构建；尚未完成上市法人历史名称映射,2008-05-16,https://www.szse.cn/api/report/index/companyGeneralization?secCode=002234,2026-08-06
002234,深圳证券交易所,民和股份,山东民和牧业股份有限公司,2015,山东民和牧业股份有限公司,1,1,候选；须核对该年度法人名称、退市时点及主体关系,2014,monitor_pass,第六次监测合格名单,农经发〔2014〕9号,2014-09-01,https://www.moa.gov.cn/nybgb/2014/shi/201712/P020180104776701107212.pdf,基准按年末已生效的正式文件；年末新认定另做下一完整年度起算稳健性,官方事件集合可构建；尚未完成上市法人历史名称映射,2008-05-16,https://www.szse.cn/api/report/index/companyGeneralization?secCode=002234,2026-08-06
002234,深圳证券交易所,民和股份,山东民和牧业股份有限公司,2018,山东民和牧业股份有限公司,1,1,候选；须核对该年度法人名称、退市时点及主体关系,2018,monitor_pass,第八次监测合格名单,农产发〔2018〕1号,2018-11-29,https://xccys.moa.gov.cn/gzdt/201812/t20181205_6314544.htm,基准按年末已生效的正式文件；年末新认定另做下一完整年度起算稳健性,官方事件集合可构建；尚未完成上市法人历史名称映射,2008-05-16,https://www.szse.cn/api/report/index/companyGeneralization?secCode=002234,2026-08-06
002234,深圳证券交易所,民和股份,山东民和牧业股份有限公司,2019,山东民和牧业股份有限公司,1,1,候选；须核对该年度法人名称、退市时点及主体关系,2018,monitor_pass,第八次监测合格名单,农产发〔2018〕1号,2018-11-29,https://xccys.moa.gov.cn/gzdt/201812/t20181205_6314544.htm,基准按年末已生效的正式文件；年末新认定另做下一完整年度起算稳健性,官方事件集合可构建；尚未完成上市法人历史名称映射,2008-05-16,https://www.szse.cn/api/report/index/companyGeneralization?secCode=002234,2026-08-06
002234,深圳证券交易所,民和股份,山东民和牧业股份有限公司,2020,山东民和牧业股份有限公司,1,1,候选；须核对该年度法人名称、退市时点及主体关系,2020,monitor_pass,第九次监测合格名单,农产发〔2020〕6号,2020-11-20,https://www.moa.gov.cn/nybgb/2020/202012/202102/P020210201587636946140.pdf,基准按年末已生效的正式文件；年末新认定另做下一完整年度起算稳健性,官方事件集合可构建；尚未完成上市法人历史名称映射,2008-05-16,https://www.szse.cn/api/report/index/companyGeneralization?secCode=002234,2026-08-06
002234,深圳证券交易所,民和股份,山东民和牧业股份有限公司,2021,山东民和牧业股份有限公司,1,1,候选；须核对该年度法人名称、退市时点及主体关系,2020,monitor_pass,第九次监测合格名单,农产发〔2020〕6号,2020-11-20,https://www.moa.gov.cn/nybgb/2020/202012/202102/P020210201587636946140.pdf,基准按年末已生效的正式文件；年末新认定另做下一完整年度起算稳健性,官方事件集合可构建；尚未完成上市法人历史名称映射,2008-05-16,https://www.szse.cn/api/report/index/companyGeneralization?secCode=002234,2026-08-06
002234,深圳证券交易所,民和股份,山东民和牧业股份有限公司,2022,山东民和牧业股份有限公司,1,1,候选；须核对该年度法人名称、退市时点及主体关系,2020,monitor_pass,第九次监测合格名单,农产发〔2020〕6号,2020-11-20,https://www.moa.gov.cn/nybgb/2020/202012/202102/P020210201587636946140.pdf,基准按年末已生效的正式文件；年末新认定另做下一完整年度起算稳健性,官方事件集合可构建；尚未完成上市法人历史名称映射,2008-05-16,https://www.szse.cn/api/report/index/companyGeneralization?secCode=002234,2026-08-06
002234,深圳证券交易所,民和股份,山东民和牧业股份有限公司,2023,山东民和牧业股份有限公司,1,1,候选；须核对该年度法人名称、退市时点及主体关系,2023,monitor_pass,第十次监测合格名单,农产发〔2023〕3号,2023-05-12,https://www.moa.gov.cn/nybgb/2023/202306/202307/P020230719348171286633.pdf,基准按年末已生效的正式文件；年末新认定另做下一完整年度起算稳健性,官方事件集合可构建；尚未完成上市法人历史名称映射,2008-05-16,https://www.szse.cn/api/report/index/companyGeneralization?secCode=002234,2026-08-06
002286,深圳证券交易所,保龄宝,保龄宝生物股份有限公司,2018,保龄宝生物股份有限公司,1,1,候选；须核对该年度法人名称、退市时点及主体关系,2018,monitor_pass,第八次监测合格名单,农产发〔2018〕1号,2018-11-29,https://xccys.moa.gov.cn/gzdt/201812/t20181205_6314544.htm,基准按年末已生效的正式文件；年末新认定另做下一完整年度起算稳健性,官方事件集合可构建；尚未完成上市法人历史名称映射,2009-08-28,https://www.szse.cn/api/report/index/companyGeneralization?secCode=002286,2026-08-06
002286,深圳证券交易所,保龄宝,保龄宝生物股份有限公司,2019,保龄宝生物股份有限公司,1,1,候选；须核对该年度法人名称、退市时点及主体关系,2018,monitor_pass,第八次监测合格名单,农产发〔2018〕1号,2018-11-29,https://xccys.moa.gov.cn/gzdt/201812/t20181205_6314544.htm,基准按年末已生效的正式文件；年末新认定另做下一完整年度起算稳健性,官方事件集合可构建；尚未完成上市法人历史名称映射,2009-08-28,https://www.szse.cn/api/report/index/companyGeneralization?secCode=002286,2026-08-06
002286,深圳证券交易所,保龄宝,保龄宝生物股份有限公司,2020,保龄宝生物股份有限公司,1,1,候选；须核对该年度法人名称、退市时点及主体关系,2020,monitor_pass,第九次监测合格名单,农产发〔2020〕6号,2020-11-20,https://www.moa.gov.cn/nybgb/2020/202012/202102/P020210201587636946140.pdf,基准按年末已生效的正式文件；年末新认定另做下一完整年度起算稳健性,官方事件集合可构建；尚未完成上市法人历史名称映射,2009-08-28,https://www.szse.cn/api/report/index/companyGeneralization?secCode=002286,2026-08-06
002286,深圳证券交易所,保龄宝,保龄宝生物股份有限公司,2021,保龄宝生物股份有限公司,1,1,候选；须核对该年度法人名称、退市时点及主体关系,2020,monitor_pass,第九次监测合格名单,农产发〔2020〕6号,2020-11-20,https://www.moa.gov.cn/nybgb/2020/202012/202102/P020210201587636946140.pdf,基准按年末已生效的正式文件；年末新认定另做下一完整年度起算稳健性,官方事件集合可构建；尚未完成上市法人历史名称映射,2009-08-28,https://www.szse.cn/api/report/index/companyGeneralization?secCode=002286,2026-08-06
002286,深圳证券交易所,保龄宝,保龄宝生物股份有限公司,2022,保龄宝生物股份有限公司,1,1,候选；须核对该年度法人名称、退市时点及主体关系,2020,monitor_pass,第九次监测合格名单,农产发〔2020〕6号,2020-11-20,https://www.moa.gov.cn/nybgb/2020/202012/202102/P020210201587636946140.pdf,基准按年末已生效的正式文件；年末新认定另做下一完整年度起算稳健性,官方事件集合可构建；尚未完成上市法人历史名称映射,2009-08-28,https://www.szse.cn/api/report/index/companyGeneralization?secCode=002286,2026-08-06
002286,深圳证券交易所,保龄宝,保龄宝生物股份有限公司,2023,保龄宝生物股份有限公司,1,1,候选；须核对该年度法人名称、退市时点及主体关系,2023,monitor_pass,第十次监测合格名单,农产发〔2023〕3号,2023-05-12,https://www.moa.gov.cn/nybgb/2023/202306/202307/P020230719348171286633.pdf,基准按年末已生效的正式文件；年末新认定另做下一完整年度起算稳健性,官方事件集合可构建；尚未完成上市法人历史名称映射,2009-08-28,https://www.szse.cn/api/report/index/companyGeneralization?secCode=002286,2026-08-06
002311,深圳证券交易所,海大集团,广东海大集团股份有限公司,2014,广东海大集团股份有限公司,1,1,候选；须核对该年度法人名称、退市时点及主体关系,2014,monitor_pass,第六次监测合格名单,农经发〔2014〕9号,2014-09-01,https://www.moa.gov.cn/nybgb/2014/shi/201712/P020180104776701107212.pdf,基准按年末已生效的正式文件；年末新认定另做下一完整年度起算稳健性,官方事件集合可构建；尚未完成上市法人历史名称映射,2009-11-27,https://www.szse.cn/api/report/index/companyGeneralization?secCode=002311,2026-08-06
002311,深圳证券交易所,海大集团,广东海大集团股份有限公司,2015,广东海大集团股份有限公司,1,1,候选；须核对该年度法人名称、退市时点及主体关系,2014,monitor_pass,第六次监测合格名单,农经发〔2014〕9号,2014-09-01,https://www.moa.gov.cn/nybgb/2014/shi/201712/P020180104776701107212.pdf,基准按年末已生效的正式文件；年末新认定另做下一完整年度起算稳健性,官方事件集合可构建；尚未完成上市法人历史名称映射,2009-11-27,https://www.szse.cn/api/report/index/companyGeneralization?secCode=002311,2026-08-06
002311,深圳证券交易所,海大集团,广东海大集团股份有限公司,2018,广东海大集团股份有限公司,1,1,候选；须核对该年度法人名称、退市时点及主体关系,2018,monitor_pass,第八次监测合格名单,农产发〔2018〕1号,2018-11-29,https://xccys.moa.gov.cn/gzdt/201812/t20181205_6314544.htm,基准按年末已生效的正式文件；年末新认定另做下一完整年度起算稳健性,官方事件集合可构建；尚未完成上市法人历史名称映射,2009-11-27,https://www.szse.cn/api/report/index/companyGeneralization?secCode=002311,2026-08-06
002311,深圳证券交易所,海大集团,广东海大集团股份有限公司,2019,广东海大集团股份有限公司,1,1,候选；须核对该年度法人名称、退市时点及主体关系,2018,monitor_pass,第八次监测合格名单,农产发〔2018〕1号,2018-11-29,https://xccys.moa.gov.cn/gzdt/201812/t20181205_6314544.htm,基准按年末已生效的正式文件；年末新认定另做下一完整年度起算稳健性,官方事件集合可构建；尚未完成上市法人历史名称映射,2009-11-27,https://www.szse.cn/api/report/index/companyGeneralization?secCode=002311,2026-08-06
002311,深圳证券交易所,海大集团,广东海大集团股份有限公司,2020,广东海大集团股份有限公司,1,1,候选；须核对该年度法人名称、退市时点及主体关系,2020,monitor_pass,第九次监测合格名单,农产发〔2020〕6号,2020-11-20,https://www.moa.gov.cn/nybgb/2020/202012/202102/P020210201587636946140.pdf,基准按年末已生效的正式文件；年末新认定另做下一完整年度起算稳健性,官方事件集合可构建；尚未完成上市法人历史名称映射,2009-11-27,https://www.szse.cn/api/report/index/companyGeneralization?secCode=002311,2026-08-06
002311,深圳证券交易所,海大集团,广东海大集团股份有限公司,2021,广东海大集团股份有限公司,1,1,候选；须核对该年度法人名称、退市时点及主体关系,2020,monitor_pass,第九次监测合格名单,农产发〔2020〕6号,2020-11-20,https://www.moa.gov.cn/nybgb/2020/202012/202102/P020210201587636946140.pdf,基准按年末已生效的正式文件；年末新认定另做下一完整年度起算稳健性,官方事件集合可构建；尚未完成上市法人历史名称映射,2009-11-27,https://www.szse.cn/api/report/index/companyGeneralization?secCode=002311,2026-08-06
002311,深圳证券交易所,海大集团,广东海大集团股份有限公司,2022,广东海大集团股份有限公司,1,1,候选；须核对该年度法人名称、退市时点及主体关系,2020,monitor_pass,第九次监测合格名单,农产发〔2020〕6号,2020-11-20,https://www.moa.gov.cn/nybgb/2020/202012/202102/P020210201587636946140.pdf,基准按年末已生效的正式文件；年末新认定另做下一完整年度起算稳健性,官方事件集合可构建；尚未完成上市法人历史名称映射,2009-11-27,https://www.szse.cn/api/report/index/companyGeneralization?secCode=002311,2026-08-06
002311,深圳证券交易所,海大集团,广东海大集团股份有限公司,2023,广东海大集团股份有限公司,1,1,候选；须核对该年度法人名称、退市时点及主体关系,2023,monitor_pass,第十次监测合格名单,农产发〔2023〕3号,2023-05-12,https://www.moa.gov.cn/nybgb/2023/202306/202307/P020230719348171286633.pdf,基准按年末已生效的正式文件；年末新认定另做下一完整年度起算稳健性,官方事件集合可构建；尚未完成上市法人历史名称映射,2009-11-27,https://www.szse.cn/api/report/index/companyGeneralization?secCode=002311,2026-08-06
002321,深圳证券交易所,华英农业,河南华英农业发展股份有限公司,2014,河南华英农业发展股份有限公司,1,1,候选；须核对该年度法人名称、退市时点及主体关系,2014,monitor_pass,第六次监测合格名单,农经发〔2014〕9号,2014-09-01,https://www.moa.gov.cn/nybgb/2014/shi/201712/P020180104776701107212.pdf,基准按年末已生效的正式文件；年末新认定另做下一完整年度起算稳健性,官方事件集合可构建；尚未完成上市法人历史名称映射,2009-12-16,https://www.szse.cn/api/report/index/companyGeneralization?secCode=002321,2026-08-06
002321,深圳证券交易所,华英农业,河南华英农业发展股份有限公司,2015,河南华英农业发展股份有限公司,1,1,候选；须核对该年度法人名称、退市时点及主体关系,2014,monitor_pass,第六次监测合格名单,农经发〔2014〕9号,2014-09-01,https://www.moa.gov.cn/nybgb/2014/shi/201712/P020180104776701107212.pdf,基准按年末已生效的正式文件；年末新认定另做下一完整年度起算稳健性,官方事件集合可构建；尚未完成上市法人历史名称映射,2009-12-16,https://www.szse.cn/api/report/index/companyGeneralization?secCode=002321,2026-08-06
002321,深圳证券交易所,华英农业,河南华英农业发展股份有限公司,2018,河南华英农业发展股份有限公司,1,1,候选；须核对该年度法人名称、退市时点及主体关系,2018,monitor_pass,第八次监测合格名单,农产发〔2018〕1号,2018-11-29,https://xccys.moa.gov.cn/gzdt/201812/t20181205_6314544.htm,基准按年末已生效的正式文件；年末新认定另做下一完整年度起算稳健性,官方事件集合可构建；尚未完成上市法人历史名称映射,2009-12-16,https://www.szse.cn/api/report/index/companyGeneralization?secCode=002321,2026-08-06
002321,深圳证券交易所,华英农业,河南华英农业发展股份有限公司,2019,河南华英农业发展股份有限公司,1,1,候选；须核对该年度法人名称、退市时点及主体关系,2018,monitor_pass,第八次监测合格名单,农产发〔2018〕1号,2018-11-29,https://xccys.moa.gov.cn/gzdt/201812/t20181205_6314544.htm,基准按年末已生效的正式文件；年末新认定另做下一完整年度起算稳健性,官方事件集合可构建；尚未完成上市法人历史名称映射,2009-12-16,https://www.szse.cn/api/report/index/companyGeneralization?secCode=002321,2026-08-06
002321,深圳证券交易所,华英农业,河南华英农业发展股份有限公司,2020,河南华英农业发展股份有限公司,1,1,候选；须核对该年度法人名称、退市时点及主体关系,2020,monitor_pass,第九次监测合格名单,农产发〔2020〕6号,2020-11-20,https://www.moa.gov.cn/nybgb/2020/202012/202102/P020210201587636946140.pdf,基准按年末已生效的正式文件；年末新认定另做下一完整年度起算稳健性,官方事件集合可构建；尚未完成上市法人历史名称映射,2009-12-16,https://www.szse.cn/api/report/index/companyGeneralization?secCode=002321,2026-08-06
002321,深圳证券交易所,华英农业,河南华英农业发展股份有限公司,2021,河南华英农业发展股份有限公司,1,1,候选；须核对该年度法人名称、退市时点及主体关系,2020,monitor_pass,第九次监测合格名单,农产发〔2020〕6号,2020-11-20,https://www.moa.gov.cn/nybgb/2020/202012/202102/P020210201587636946140.pdf,基准按年末已生效的正式文件；年末新认定另做下一完整年度起算稳健性,官方事件集合可构建；尚未完成上市法人历史名称映射,2009-12-16,https://www.szse.cn/api/report/index/companyGeneralization?secCode=002321,2026-08-06
002321,深圳证券交易所,华英农业,河南华英农业发展股份有限公司,2022,河南华英农业发展股份有限公司,1,1,候选；须核对该年度法人名称、退市时点及主体关系,2020,monitor_pass,第九次监测合格名单,农产发〔2020〕6号,2020-11-20,https://www.moa.gov.cn/nybgb/2020/202012/202102/P020210201587636946140.pdf,基准按年末已生效的正式文件；年末新认定另做下一完整年度起算稳健性,官方事件集合可构建；尚未完成上市法人历史名称映射,2009-12-16,https://www.szse.cn/api/report/index/companyGeneralization?secCode=002321,2026-08-06
002321,深圳证券交易所,华英农业,河南华英农业发展股份有限公司,2023,河南华英农业发展股份有限公司,1,1,候选；须核对该年度法人名称、退市时点及主体关系,2023,monitor_pass,第十次监测合格名单,农产发〔2023〕3号,2023-05-12,https://www.moa.gov.cn/nybgb/2023/202306/202307/P020230719348171286633.pdf,基准按年末已生效的正式文件；年末新认定另做下一完整年度起算稳健性,官方事件集合可构建；尚未完成上市法人历史名称映射,2009-12-16,https://www.szse.cn/api/report/index/companyGeneralization?secCode=002321,2026-08-06
002329,深圳证券交易所,皇氏集团,皇氏集团股份有限公司,2018,皇氏集团股份有限公司,1,1,候选；须核对该年度法人名称、退市时点及主体关系,2018,monitor_pass,第八次监测合格名单,农产发〔2018〕1号,2018-11-29,https://xccys.moa.gov.cn/gzdt/201812/t20181205_6314544.htm,基准按年末已生效的正式文件；年末新认定另做下一完整年度起算稳健性,官方事件集合可构建；尚未完成上市法人历史名称映射,2010-01-06,https://www.szse.cn/api/report/index/companyGeneralization?secCode=002329,2026-08-06
002329,深圳证券交易所,皇氏集团,皇氏集团股份有限公司,2019,皇氏集团股份有限公司,1,1,候选；须核对该年度法人名称、退市时点及主体关系,2018,monitor_pass,第八次监测合格名单,农产发〔2018〕1号,2018-11-29,https://xccys.moa.gov.cn/gzdt/201812/t20181205_6314544.htm,基准按年末已生效的正式文件；年末新认定另做下一完整年度起算稳健性,官方事件集合可构建；尚未完成上市法人历史名称映射,2010-01-06,https://www.szse.cn/api/report/index/companyGeneralization?secCode=002329,2026-08-06
002329,深圳证券交易所,皇氏集团,皇氏集团股份有限公司,2020,皇氏集团股份有限公司,1,1,候选；须核对该年度法人名称、退市时点及主体关系,2020,monitor_pass,第九次监测合格名单,农产发〔2020〕6号,2020-11-20,https://www.moa.gov.cn/nybgb/2020/202012/202102/P020210201587636946140.pdf,基准按年末已生效的正式文件；年末新认定另做下一完整年度起算稳健性,官方事件集合可构建；尚未完成上市法人历史名称映射,2010-01-06,https://www.szse.cn/api/report/index/companyGeneralization?secCode=002329,2026-08-06
002329,深圳证券交易所,皇氏集团,皇氏集团股份有限公司,2021,皇氏集团股份有限公司,1,1,候选；须核对该年度法人名称、退市时点及主体关系,2020,monitor_pass,第九次监测合格名单,农产发〔2020〕6号,2020-11-20,https://www.moa.gov.cn/nybgb/2020/202012/202102/P020210201587636946140.pdf,基准按年末已生效的正式文件；年末新认定另做下一完整年度起算稳健性,官方事件集合可构建；尚未完成上市法人历史名称映射,2010-01-06,https://www.szse.cn/api/report/index/companyGeneralization?secCode=002329,2026-08-06
002329,深圳证券交易所,皇氏集团,皇氏集团股份有限公司,2022,皇氏集团股份有限公司,1,1,候选；须核对该年度法人名称、退市时点及主体关系,2020,monitor_pass,第九次监测合格名单,农产发〔2020〕6号,2020-11-20,https://www.moa.gov.cn/nybgb/2020/202012/202102/P020210201587636946140.pdf,基准按年末已生效的正式文件；年末新认定另做下一完整年度起算稳健性,官方事件集合可构建；尚未完成上市法人历史名称映射,2010-01-06,https://www.szse.cn/api/report/index/companyGeneralization?secCode=002329,2026-08-06
002329,深圳证券交易所,皇氏集团,皇氏集团股份有限公司,2023,皇氏集团股份有限公司,1,1,候选；须核对该年度法人名称、退市时点及主体关系,2023,monitor_pass,第十次监测合格名单,农产发〔2023〕3号,2023-05-12,https://www.moa.gov.cn/nybgb/2023/202306/202307/P020230719348171286633.pdf,基准按年末已生效的正式文件；年末新认定另做下一完整年度起算稳健性,官方事件集合可构建；尚未完成上市法人历史名称映射,2010-01-06,https://www.szse.cn/api/report/index/companyGeneralization?secCode=002329,2026-08-06
002385,深圳证券交易所,大北农,北京大北农科技集团股份有限公司,2014,北京大北农科技集团股份有限公司,1,1,候选；须核对该年度法人名称、退市时点及主体关系,2014,monitor_pass,第六次监测合格名单,农经发〔2014〕9号,2014-09-01,https://www.moa.gov.cn/nybgb/2014/shi/201712/P020180104776701107212.pdf,基准按年末已生效的正式文件；年末新认定另做下一完整年度起算稳健性,官方事件集合可构建；尚未完成上市法人历史名称映射,2010-04-09,https://www.szse.cn/api/report/index/companyGeneralization?secCode=002385,2026-08-06
002385,深圳证券交易所,大北农,北京大北农科技集团股份有限公司,2015,北京大北农科技集团股份有限公司,1,1,候选；须核对该年度法人名称、退市时点及主体关系,2014,monitor_pass,第六次监测合格名单,农经发〔2014〕9号,2014-09-01,https://www.moa.gov.cn/nybgb/2014/shi/201712/P020180104776701107212.pdf,基准按年末已生效的正式文件；年末新认定另做下一完整年度起算稳健性,官方事件集合可构建；尚未完成上市法人历史名称映射,2010-04-09,https://www.szse.cn/api/report/index/companyGeneralization?secCode=002385,2026-08-06
002385,深圳证券交易所,大北农,北京大北农科技集团股份有限公司,2018,北京大北农科技集团股份有限公司,1,1,候选；须核对该年度法人名称、退市时点及主体关系,2018,monitor_pass,第八次监测合格名单,农产发〔2018〕1号,2018-11-29,https://xccys.moa.gov.cn/gzdt/201812/t20181205_6314544.htm,基准按年末已生效的正式文件；年末新认定另做下一完整年度起算稳健性,官方事件集合可构建；尚未完成上市法人历史名称映射,2010-04-09,https://www.szse.cn/api/report/index/companyGeneralization?secCode=002385,2026-08-06
002385,深圳证券交易所,大北农,北京大北农科技集团股份有限公司,2019,北京大北农科技集团股份有限公司,1,1,候选；须核对该年度法人名称、退市时点及主体关系,2018,monitor_pass,第八次监测合格名单,农产发〔2018〕1号,2018-11-29,https://xccys.moa.gov.cn/gzdt/201812/t20181205_6314544.htm,基准按年末已生效的正式文件；年末新认定另做下一完整年度起算稳健性,官方事件集合可构建；尚未完成上市法人历史名称映射,2010-04-09,https://www.szse.cn/api/report/index/companyGeneralization?secCode=002385,2026-08-06
002385,深圳证券交易所,大北农,北京大北农科技集团股份有限公司,2020,北京大北农科技集团股份有限公司,1,1,候选；须核对该年度法人名称、退市时点及主体关系,2020,monitor_pass,第九次监测合格名单,农产发〔2020〕6号,2020-11-20,https://www.moa.gov.cn/nybgb/2020/202012/202102/P020210201587636946140.pdf,基准按年末已生效的正式文件；年末新认定另做下一完整年度起算稳健性,官方事件集合可构建；尚未完成上市法人历史名称映射,2010-04-09,https://www.szse.cn/api/report/index/companyGeneralization?secCode=002385,2026-08-06
002385,深圳证券交易所,大北农,北京大北农科技集团股份有限公司,2021,北京大北农科技集团股份有限公司,1,1,候选；须核对该年度法人名称、退市时点及主体关系,2020,monitor_pass,第九次监测合格名单,农产发〔2020〕6号,2020-11-20,https://www.moa.gov.cn/nybgb/2020/202012/202102/P020210201587636946140.pdf,基准按年末已生效的正式文件；年末新认定另做下一完整年度起算稳健性,官方事件集合可构建；尚未完成上市法人历史名称映射,2010-04-09,https://www.szse.cn/api/report/index/companyGeneralization?secCode=002385,2026-08-06
002385,深圳证券交易所,大北农,北京大北农科技集团股份有限公司,2022,北京大北农科技集团股份有限公司,1,1,候选；须核对该年度法人名称、退市时点及主体关系,2020,monitor_pass,第九次监测合格名单,农产发〔2020〕6号,2020-11-20,https://www.moa.gov.cn/nybgb/2020/202012/202102/P020210201587636946140.pdf,基准按年末已生效的正式文件；年末新认定另做下一完整年度起算稳健性,官方事件集合可构建；尚未完成上市法人历史名称映射,2010-04-09,https://www.szse.cn/api/report/index/companyGeneralization?secCode=002385,2026-08-06
002385,深圳证券交易所,大北农,北京大北农科技集团股份有限公司,2023,北京大北农科技集团股份有限公司,1,1,候选；须核对该年度法人名称、退市时点及主体关系,2023,monitor_pass,第十次监测合格名单,农产发〔2023〕3号,2023-05-12,https://www.moa.gov.cn/nybgb/2023/202306/202307/P020230719348171286633.pdf,基准按年末已生效的正式文件；年末新认定另做下一完整年度起算稳健性,官方事件集合可构建；尚未完成上市法人历史名称映射,2010-04-09,https://www.szse.cn/api/report/index/companyGeneralization?secCode=002385,2026-08-06
002390,深圳证券交易所,信邦制药,贵州信邦制药股份有限公司,2014,贵州信邦制药股份有限公司,1,1,候选；须核对该年度法人名称、退市时点及主体关系,2014,monitor_pass,第六次监测合格名单,农经发〔2014〕9号,2014-09-01,https://www.moa.gov.cn/nybgb/2014/shi/201712/P020180104776701107212.pdf,基准按年末已生效的正式文件；年末新认定另做下一完整年度起算稳健性,官方事件集合可构建；尚未完成上市法人历史名称映射,2010-04-16,https://www.szse.cn/api/report/index/companyGeneralization?secCode=002390,2026-08-06
002390,深圳证券交易所,信邦制药,贵州信邦制药股份有限公司,2015,贵州信邦制药股份有限公司,1,1,候选；须核对该年度法人名称、退市时点及主体关系,2014,monitor_pass,第六次监测合格名单,农经发〔2014〕9号,2014-09-01,https://www.moa.gov.cn/nybgb/2014/shi/201712/P020180104776701107212.pdf,基准按年末已生效的正式文件；年末新认定另做下一完整年度起算稳健性,官方事件集合可构建；尚未完成上市法人历史名称映射,2010-04-16,https://www.szse.cn/api/report/index/companyGeneralization?secCode=002390,2026-08-06
002390,深圳证券交易所,信邦制药,贵州信邦制药股份有限公司,2018,贵州信邦制药股份有限公司,1,1,候选；须核对该年度法人名称、退市时点及主体关系,2018,monitor_pass,第八次监测合格名单,农产发〔2018〕1号,2018-11-29,https://xccys.moa.gov.cn/gzdt/201812/t20181205_6314544.htm,基准按年末已生效的正式文件；年末新认定另做下一完整年度起算稳健性,官方事件集合可构建；尚未完成上市法人历史名称映射,2010-04-16,https://www.szse.cn/api/report/index/companyGeneralization?secCode=002390,2026-08-06
002390,深圳证券交易所,信邦制药,贵州信邦制药股份有限公司,2019,贵州信邦制药股份有限公司,1,1,候选；须核对该年度法人名称、退市时点及主体关系,2018,monitor_pass,第八次监测合格名单,农产发〔2018〕1号,2018-11-29,https://xccys.moa.gov.cn/gzdt/201812/t20181205_6314544.htm,基准按年末已生效的正式文件；年末新认定另做下一完整年度起算稳健性,官方事件集合可构建；尚未完成上市法人历史名称映射,2010-04-16,https://www.szse.cn/api/report/index/companyGeneralization?secCode=002390,2026-08-06
002390,深圳证券交易所,信邦制药,贵州信邦制药股份有限公司,2020,贵州信邦制药股份有限公司,1,1,候选；须核对该年度法人名称、退市时点及主体关系,2020,monitor_pass,第九次监测合格名单,农产发〔2020〕6号,2020-11-20,https://www.moa.gov.cn/nybgb/2020/202012/202102/P020210201587636946140.pdf,基准按年末已生效的正式文件；年末新认定另做下一完整年度起算稳健性,官方事件集合可构建；尚未完成上市法人历史名称映射,2010-04-16,https://www.szse.cn/api/report/index/companyGeneralization?secCode=002390,2026-08-06
002390,深圳证券交易所,信邦制药,贵州信邦制药股份有限公司,2021,贵州信邦制药股份有限公司,1,1,候选；须核对该年度法人名称、退市时点及主体关系,2020,monitor_pass,第九次监测合格名单,农产发〔2020〕6号,2020-11-20,https://www.moa.gov.cn/nybgb/2020/202012/202102/P020210201587636946140.pdf,基准按年末已生效的正式文件；年末新认定另做下一完整年度起算稳健性,官方事件集合可构建；尚未完成上市法人历史名称映射,2010-04-16,https://www.szse.cn/api/report/index/companyGeneralization?secCode=002390,2026-08-06
002390,深圳证券交易所,信邦制药,贵州信邦制药股份有限公司,2022,贵州信邦制药股份有限公司,1,1,候选；须核对该年度法人名称、退市时点及主体关系,2020,monitor_pass,第九次监测合格名单,农产发〔2020〕6号,2020-11-20,https://www.moa.gov.cn/nybgb/2020/202012/202102/P020210201587636946140.pdf,基准按年末已生效的正式文件；年末新认定另做下一完整年度起算稳健性,官方事件集合可构建；尚未完成上市法人历史名称映射,2010-04-16,https://www.szse.cn/api/report/index/companyGeneralization?secCode=002390,2026-08-06
002390,深圳证券交易所,信邦制药,贵州信邦制药股份有限公司,2023,贵州信邦制药股份有限公司,1,1,候选；须核对该年度法人名称、退市时点及主体关系,2023,monitor_pass,第十次监测合格名单,农产发〔2023〕3号,2023-05-12,https://www.moa.gov.cn/nybgb/2023/202306/202307/P020230719348171286633.pdf,基准按年末已生效的正式文件；年末新认定另做下一完整年度起算稳健性,官方事件集合可构建；尚未完成上市法人历史名称映射,2010-04-16,https://www.szse.cn/api/report/index/companyGeneralization?secCode=002390,2026-08-06
002424,深圳证券交易所,ST百灵,贵州百灵企业集团制药股份有限公司,2014,贵州百灵企业集团制药股份有限公司,1,1,候选；须核对该年度法人名称、退市时点及主体关系,2014,monitor_pass,第六次监测合格名单,农经发〔2014〕9号,2014-09-01,https://www.moa.gov.cn/nybgb/2014/shi/201712/P020180104776701107212.pdf,基准按年末已生效的正式文件；年末新认定另做下一完整年度起算稳健性,官方事件集合可构建；尚未完成上市法人历史名称映射,2010-06-03,https://www.szse.cn/api/report/index/companyGeneralization?secCode=002424,2026-08-06
002424,深圳证券交易所,ST百灵,贵州百灵企业集团制药股份有限公司,2015,贵州百灵企业集团制药股份有限公司,1,1,候选；须核对该年度法人名称、退市时点及主体关系,2014,monitor_pass,第六次监测合格名单,农经发〔2014〕9号,2014-09-01,https://www.moa.gov.cn/nybgb/2014/shi/201712/P020180104776701107212.pdf,基准按年末已生效的正式文件；年末新认定另做下一完整年度起算稳健性,官方事件集合可构建；尚未完成上市法人历史名称映射,2010-06-03,https://www.szse.cn/api/report/index/companyGeneralization?secCode=002424,2026-08-06
002424,深圳证券交易所,ST百灵,贵州百灵企业集团制药股份有限公司,2018,贵州百灵企业集团制药股份有限公司,1,1,候选；须核对该年度法人名称、退市时点及主体关系,2018,monitor_pass,第八次监测合格名单,农产发〔2018〕1号,2018-11-29,https://xccys.moa.gov.cn/gzdt/201812/t20181205_6314544.htm,基准按年末已生效的正式文件；年末新认定另做下一完整年度起算稳健性,官方事件集合可构建；尚未完成上市法人历史名称映射,2010-06-03,https://www.szse.cn/api/report/index/companyGeneralization?secCode=002424,2026-08-06
002424,深圳证券交易所,ST百灵,贵州百灵企业集团制药股份有限公司,2019,贵州百灵企业集团制药股份有限公司,1,1,候选；须核对该年度法人名称、退市时点及主体关系,2018,monitor_pass,第八次监测合格名单,农产发〔2018〕1号,2018-11-29,https://xccys.moa.gov.cn/gzdt/201812/t20181205_6314544.htm,基准按年末已生效的正式文件；年末新认定另做下一完整年度起算稳健性,官方事件集合可构建；尚未完成上市法人历史名称映射,2010-06-03,https://www.szse.cn/api/report/index/companyGeneralization?secCode=002424,2026-08-06
002424,深圳证券交易所,ST百灵,贵州百灵企业集团制药股份有限公司,2020,贵州百灵企业集团制药股份有限公司,1,1,候选；须核对该年度法人名称、退市时点及主体关系,2020,monitor_pass,第九次监测合格名单,农产发〔2020〕6号,2020-11-20,https://www.moa.gov.cn/nybgb/2020/202012/202102/P020210201587636946140.pdf,基准按年末已生效的正式文件；年末新认定另做下一完整年度起算稳健性,官方事件集合可构建；尚未完成上市法人历史名称映射,2010-06-03,https://www.szse.cn/api/report/index/companyGeneralization?secCode=002424,2026-08-06
002424,深圳证券交易所,ST百灵,贵州百灵企业集团制药股份有限公司,2021,贵州百灵企业集团制药股份有限公司,1,1,候选；须核对该年度法人名称、退市时点及主体关系,2020,monitor_pass,第九次监测合格名单,农产发〔2020〕6号,2020-11-20,https://www.moa.gov.cn/nybgb/2020/202012/202102/P020210201587636946140.pdf,基准按年末已生效的正式文件；年末新认定另做下一完整年度起算稳健性,官方事件集合可构建；尚未完成上市法人历史名称映射,2010-06-03,https://www.szse.cn/api/report/index/companyGeneralization?secCode=002424,2026-08-06
002424,深圳证券交易所,ST百灵,贵州百灵企业集团制药股份有限公司,2022,贵州百灵企业集团制药股份有限公司,1,1,候选；须核对该年度法人名称、退市时点及主体关系,2020,monitor_pass,第九次监测合格名单,农产发〔2020〕6号,2020-11-20,https://www.moa.gov.cn/nybgb/2020/202012/202102/P020210201587636946140.pdf,基准按年末已生效的正式文件；年末新认定另做下一完整年度起算稳健性,官方事件集合可构建；尚未完成上市法人历史名称映射,2010-06-03,https://www.szse.cn/api/report/index/companyGeneralization?secCode=002424,2026-08-06
002424,深圳证券交易所,ST百灵,贵州百灵企业集团制药股份有限公司,2023,贵州百灵企业集团制药股份有限公司,1,1,候选；须核对该年度法人名称、退市时点及主体关系,2023,monitor_pass,第十次监测合格名单,农产发〔2023〕3号,2023-05-12,https://www.moa.gov.cn/nybgb/2023/202306/202307/P020230719348171286633.pdf,基准按年末已生效的正式文件；年末新认定另做下一完整年度起算稳健性,官方事件集合可构建；尚未完成上市法人历史名称映射,2010-06-03,https://www.szse.cn/api/report/index/companyGeneralization?secCode=002424,2026-08-06
002431,深圳证券交易所,ST棕榈,棕榈生态城镇发展股份有限公司,2018,棕榈生态城镇发展股份有限公司,1,1,候选；须核对该年度法人名称、退市时点及主体关系,2018,monitor_pass,第八次监测合格名单,农产发〔2018〕1号,2018-11-29,https://xccys.moa.gov.cn/gzdt/201812/t20181205_6314544.htm,基准按年末已生效的正式文件；年末新认定另做下一完整年度起算稳健性,官方事件集合可构建；尚未完成上市法人历史名称映射,2010-06-10,https://www.szse.cn/api/report/index/companyGeneralization?secCode=002431,2026-08-06
002431,深圳证券交易所,ST棕榈,棕榈生态城镇发展股份有限公司,2019,棕榈生态城镇发展股份有限公司,1,1,候选；须核对该年度法人名称、退市时点及主体关系,2018,monitor_pass,第八次监测合格名单,农产发〔2018〕1号,2018-11-29,https://xccys.moa.gov.cn/gzdt/201812/t20181205_6314544.htm,基准按年末已生效的正式文件；年末新认定另做下一完整年度起算稳健性,官方事件集合可构建；尚未完成上市法人历史名称映射,2010-06-10,https://www.szse.cn/api/report/index/companyGeneralization?secCode=002431,2026-08-06
002431,深圳证券交易所,ST棕榈,棕榈生态城镇发展股份有限公司,2020,棕榈生态城镇发展股份有限公司,1,1,候选；须核对该年度法人名称、退市时点及主体关系,2020,monitor_pass,第九次监测合格名单,农产发〔2020〕6号,2020-11-20,https://www.moa.gov.cn/nybgb/2020/202012/202102/P020210201587636946140.pdf,基准按年末已生效的正式文件；年末新认定另做下一完整年度起算稳健性,官方事件集合可构建；尚未完成上市法人历史名称映射,2010-06-10,https://www.szse.cn/api/report/index/companyGeneralization?secCode=002431,2026-08-06
002431,深圳证券交易所,ST棕榈,棕榈生态城镇发展股份有限公司,2021,棕榈生态城镇发展股份有限公司,1,1,候选；须核对该年度法人名称、退市时点及主体关系,2020,monitor_pass,第九次监测合格名单,农产发〔2020〕6号,2020-11-20,https://www.moa.gov.cn/nybgb/2020/202012/202102/P020210201587636946140.pdf,基准按年末已生效的正式文件；年末新认定另做下一完整年度起算稳健性,官方事件集合可构建；尚未完成上市法人历史名称映射,2010-06-10,https://www.szse.cn/api/report/index/companyGeneralization?secCode=002431,2026-08-06
002431,深圳证券交易所,ST棕榈,棕榈生态城镇发展股份有限公司,2022,棕榈生态城镇发展股份有限公司,1,1,候选；须核对该年度法人名称、退市时点及主体关系,2020,monitor_pass,第九次监测合格名单,农产发〔2020〕6号,2020-11-20,https://www.moa.gov.cn/nybgb/2020/202012/202102/P020210201587636946140.pdf,基准按年末已生效的正式文件；年末新认定另做下一完整年度起算稳健性,官方事件集合可构建；尚未完成上市法人历史名称映射,2010-06-10,https://www.szse.cn/api/report/index/companyGeneralization?secCode=002431,2026-08-06
002431,深圳证券交易所,ST棕榈,棕榈生态城镇发展股份有限公司,2023,棕榈生态城镇发展股份有限公司,1,1,候选；须核对该年度法人名称、退市时点及主体关系,2023,monitor_pass,第十次监测合格名单,农产发〔2023〕3号,2023-05-12,https://www.moa.gov.cn/nybgb/2023/202306/202307/P020230719348171286633.pdf,基准按年末已生效的正式文件；年末新认定另做下一完整年度起算稳健性,官方事件集合可构建；尚未完成上市法人历史名称映射,2010-06-10,https://www.szse.cn/api/report/index/companyGeneralization?secCode=002431,2026-08-06
002458,深圳证券交易所,益生股份,山东益生种畜禽股份有限公司,2014,山东益生种畜禽股份有限公司,1,1,候选；须核对该年度法人名称、退市时点及主体关系,2014,monitor_pass,第六次监测合格名单,农经发〔2014〕9号,2014-09-01,https://www.moa.gov.cn/nybgb/2014/shi/201712/P020180104776701107212.pdf,基准按年末已生效的正式文件；年末新认定另做下一完整年度起算稳健性,官方事件集合可构建；尚未完成上市法人历史名称映射,2010-08-10,https://www.szse.cn/api/report/index/companyGeneralization?secCode=002458,2026-08-06
002458,深圳证券交易所,益生股份,山东益生种畜禽股份有限公司,2015,山东益生种畜禽股份有限公司,1,1,候选；须核对该年度法人名称、退市时点及主体关系,2014,monitor_pass,第六次监测合格名单,农经发〔2014〕9号,2014-09-01,https://www.moa.gov.cn/nybgb/2014/shi/201712/P020180104776701107212.pdf,基准按年末已生效的正式文件；年末新认定另做下一完整年度起算稳健性,官方事件集合可构建；尚未完成上市法人历史名称映射,2010-08-10,https://www.szse.cn/api/report/index/companyGeneralization?secCode=002458,2026-08-06
002458,深圳证券交易所,益生股份,山东益生种畜禽股份有限公司,2018,山东益生种畜禽股份有限公司,1,1,候选；须核对该年度法人名称、退市时点及主体关系,2018,monitor_pass,第八次监测合格名单,农产发〔2018〕1号,2018-11-29,https://xccys.moa.gov.cn/gzdt/201812/t20181205_6314544.htm,基准按年末已生效的正式文件；年末新认定另做下一完整年度起算稳健性,官方事件集合可构建；尚未完成上市法人历史名称映射,2010-08-10,https://www.szse.cn/api/report/index/companyGeneralization?secCode=002458,2026-08-06
002458,深圳证券交易所,益生股份,山东益生种畜禽股份有限公司,2019,山东益生种畜禽股份有限公司,1,1,候选；须核对该年度法人名称、退市时点及主体关系,2018,monitor_pass,第八次监测合格名单,农产发〔2018〕1号,2018-11-29,https://xccys.moa.gov.cn/gzdt/201812/t20181205_6314544.htm,基准按年末已生效的正式文件；年末新认定另做下一完整年度起算稳健性,官方事件集合可构建；尚未完成上市法人历史名称映射,2010-08-10,https://www.szse.cn/api/report/index/companyGeneralization?secCode=002458,2026-08-06
002458,深圳证券交易所,益生股份,山东益生种畜禽股份有限公司,2020,山东益生种畜禽股份有限公司,1,1,候选；须核对该年度法人名称、退市时点及主体关系,2020,monitor_pass,第九次监测合格名单,农产发〔2020〕6号,2020-11-20,https://www.moa.gov.cn/nybgb/2020/202012/202102/P020210201587636946140.pdf,基准按年末已生效的正式文件；年末新认定另做下一完整年度起算稳健性,官方事件集合可构建；尚未完成上市法人历史名称映射,2010-08-10,https://www.szse.cn/api/report/index/companyGeneralization?secCode=002458,2026-08-06
002458,深圳证券交易所,益生股份,山东益生种畜禽股份有限公司,2021,山东益生种畜禽股份有限公司,1,1,候选；须核对该年度法人名称、退市时点及主体关系,2020,monitor_pass,第九次监测合格名单,农产发〔2020〕6号,2020-11-20,https://www.moa.gov.cn/nybgb/2020/202012/202102/P020210201587636946140.pdf,基准按年末已生效的正式文件；年末新认定另做下一完整年度起算稳健性,官方事件集合可构建；尚未完成上市法人历史名称映射,2010-08-10,https://www.szse.cn/api/report/index/companyGeneralization?secCode=002458,2026-08-06
002458,深圳证券交易所,益生股份,山东益生种畜禽股份有限公司,2022,山东益生种畜禽股份有限公司,1,1,候选；须核对该年度法人名称、退市时点及主体关系,2020,monitor_pass,第九次监测合格名单,农产发〔2020〕6号,2020-11-20,https://www.moa.gov.cn/nybgb/2020/202012/202102/P020210201587636946140.pdf,基准按年末已生效的正式文件；年末新认定另做下一完整年度起算稳健性,官方事件集合可构建；尚未完成上市法人历史名称映射,2010-08-10,https://www.szse.cn/api/report/index/companyGeneralization?secCode=002458,2026-08-06
002458,深圳证券交易所,益生股份,山东益生种畜禽股份有限公司,2023,山东益生种畜禽股份有限公司,1,1,候选；须核对该年度法人名称、退市时点及主体关系,2023,monitor_pass,第十次监测合格名单,农产发〔2023〕3号,2023-05-12,https://www.moa.gov.cn/nybgb/2023/202306/202307/P020230719348171286633.pdf,基准按年末已生效的正式文件；年末新认定另做下一完整年度起算稳健性,官方事件集合可构建；尚未完成上市法人历史名称映射,2010-08-10,https://www.szse.cn/api/report/index/companyGeneralization?secCode=002458,2026-08-06
002481,深圳证券交易所,双塔食品,烟台双塔食品股份有限公司,2023,烟台双塔食品股份有限公司,1,1,候选；须核对该年度法人名称、退市时点及主体关系,2023,replacement,第十次监测递补名单,农产发〔2023〕3号,2023-05-12,https://www.moa.gov.cn/nybgb/2023/202306/202307/P020230719348171286633.pdf,基准按年末已生效的正式文件；年末新认定另做下一完整年度起算稳健性,官方事件集合可构建；尚未完成上市法人历史名称映射,2010-09-21,https://www.szse.cn/api/report/index/companyGeneralization?secCode=002481,2026-08-06
002507,深圳证券交易所,涪陵榨菜,重庆市涪陵榨菜集团股份有限公司,2014,重庆市涪陵榨菜集团股份有限公司,1,1,候选；须核对该年度法人名称、退市时点及主体关系,2014,monitor_pass,第六次监测合格名单,农经发〔2014〕9号,2014-09-01,https://www.moa.gov.cn/nybgb/2014/shi/201712/P020180104776701107212.pdf,基准按年末已生效的正式文件；年末新认定另做下一完整年度起算稳健性,官方事件集合可构建；尚未完成上市法人历史名称映射,2010-11-23,https://www.szse.cn/api/report/index/companyGeneralization?secCode=002507,2026-08-06
002507,深圳证券交易所,涪陵榨菜,重庆市涪陵榨菜集团股份有限公司,2015,重庆市涪陵榨菜集团股份有限公司,1,1,候选；须核对该年度法人名称、退市时点及主体关系,2014,monitor_pass,第六次监测合格名单,农经发〔2014〕9号,2014-09-01,https://www.moa.gov.cn/nybgb/2014/shi/201712/P020180104776701107212.pdf,基准按年末已生效的正式文件；年末新认定另做下一完整年度起算稳健性,官方事件集合可构建；尚未完成上市法人历史名称映射,2010-11-23,https://www.szse.cn/api/report/index/companyGeneralization?secCode=002507,2026-08-06
002507,深圳证券交易所,涪陵榨菜,重庆市涪陵榨菜集团股份有限公司,2018,重庆市涪陵榨菜集团股份有限公司,1,1,候选；须核对该年度法人名称、退市时点及主体关系,2018,monitor_pass,第八次监测合格名单,农产发〔2018〕1号,2018-11-29,https://xccys.moa.gov.cn/gzdt/201812/t20181205_6314544.htm,基准按年末已生效的正式文件；年末新认定另做下一完整年度起算稳健性,官方事件集合可构建；尚未完成上市法人历史名称映射,2010-11-23,https://www.szse.cn/api/report/index/companyGeneralization?secCode=002507,2026-08-06
002507,深圳证券交易所,涪陵榨菜,重庆市涪陵榨菜集团股份有限公司,2019,重庆市涪陵榨菜集团股份有限公司,1,1,候选；须核对该年度法人名称、退市时点及主体关系,2018,monitor_pass,第八次监测合格名单,农产发〔2018〕1号,2018-11-29,https://xccys.moa.gov.cn/gzdt/201812/t20181205_6314544.htm,基准按年末已生效的正式文件；年末新认定另做下一完整年度起算稳健性,官方事件集合可构建；尚未完成上市法人历史名称映射,2010-11-23,https://www.szse.cn/api/report/index/companyGeneralization?secCode=002507,2026-08-06
002507,深圳证券交易所,涪陵榨菜,重庆市涪陵榨菜集团股份有限公司,2020,重庆市涪陵榨菜集团股份有限公司,1,1,候选；须核对该年度法人名称、退市时点及主体关系,2020,monitor_pass,第九次监测合格名单,农产发〔2020〕6号,2020-11-20,https://www.moa.gov.cn/nybgb/2020/202012/202102/P020210201587636946140.pdf,基准按年末已生效的正式文件；年末新认定另做下一完整年度起算稳健性,官方事件集合可构建；尚未完成上市法人历史名称映射,2010-11-23,https://www.szse.cn/api/report/index/companyGeneralization?secCode=002507,2026-08-06
002507,深圳证券交易所,涪陵榨菜,重庆市涪陵榨菜集团股份有限公司,2021,重庆市涪陵榨菜集团股份有限公司,1,1,候选；须核对该年度法人名称、退市时点及主体关系,2020,monitor_pass,第九次监测合格名单,农产发〔2020〕6号,2020-11-20,https://www.moa.gov.cn/nybgb/2020/202012/202102/P020210201587636946140.pdf,基准按年末已生效的正式文件；年末新认定另做下一完整年度起算稳健性,官方事件集合可构建；尚未完成上市法人历史名称映射,2010-11-23,https://www.szse.cn/api/report/index/companyGeneralization?secCode=002507,2026-08-06
002507,深圳证券交易所,涪陵榨菜,重庆市涪陵榨菜集团股份有限公司,2022,重庆市涪陵榨菜集团股份有限公司,1,1,候选；须核对该年度法人名称、退市时点及主体关系,2020,monitor_pass,第九次监测合格名单,农产发〔2020〕6号,2020-11-20,https://www.moa.gov.cn/nybgb/2020/202012/202102/P020210201587636946140.pdf,基准按年末已生效的正式文件；年末新认定另做下一完整年度起算稳健性,官方事件集合可构建；尚未完成上市法人历史名称映射,2010-11-23,https://www.szse.cn/api/report/index/companyGeneralization?secCode=002507,2026-08-06
002507,深圳证券交易所,涪陵榨菜,重庆市涪陵榨菜集团股份有限公司,2023,重庆市涪陵榨菜集团股份有限公司,1,1,候选；须核对该年度法人名称、退市时点及主体关系,2023,monitor_pass,第十次监测合格名单,农产发〔2023〕3号,2023-05-12,https://www.moa.gov.cn/nybgb/2023/202306/202307/P020230719348171286633.pdf,基准按年末已生效的正式文件；年末新认定另做下一完整年度起算稳健性,官方事件集合可构建；尚未完成上市法人历史名称映射,2010-11-23,https://www.szse.cn/api/report/index/companyGeneralization?secCode=002507,2026-08-06
002548,深圳证券交易所,金新农,深圳市金新农科技股份有限公司,2021,深圳市金新农科技股份有限公司,1,1,候选；须核对该年度法人名称、退市时点及主体关系,2021,recognition,第七批新认定名单,农产发〔2021〕4号,2021-12-22,https://xccys.moa.gov.cn/gzdt/202201/t20220113_6386872.htm,基准按年末已生效的正式文件；年末新认定另做下一完整年度起算稳健性,官方事件集合可构建；尚未完成上市法人历史名称映射,2011-02-18,https://www.szse.cn/api/report/index/companyGeneralization?secCode=002548,2026-08-06
002548,深圳证券交易所,金新农,深圳市金新农科技股份有限公司,2022,深圳市金新农科技股份有限公司,1,1,候选；须核对该年度法人名称、退市时点及主体关系,2021,recognition,第七批新认定名单,农产发〔2021〕4号,2021-12-22,https://xccys.moa.gov.cn/gzdt/202201/t20220113_6386872.htm,基准按年末已生效的正式文件；年末新认定另做下一完整年度起算稳健性,官方事件集合可构建；尚未完成上市法人历史名称映射,2011-02-18,https://www.szse.cn/api/report/index/companyGeneralization?secCode=002548,2026-08-06
002548,深圳证券交易所,金新农,深圳市金新农科技股份有限公司,2023,深圳市金新农科技股份有限公司,1,1,候选；须核对该年度法人名称、退市时点及主体关系,2021,recognition,第七批新认定名单,农产发〔2021〕4号,2021-12-22,https://xccys.moa.gov.cn/gzdt/202201/t20220113_6386872.htm,基准按年末已生效的正式文件；年末新认定另做下一完整年度起算稳健性,官方事件集合可构建；尚未完成上市法人历史名称映射,2011-02-18,https://www.szse.cn/api/report/index/companyGeneralization?secCode=002548,2026-08-06
002557,深圳证券交易所,洽洽食品,洽洽食品股份有限公司,2018,洽洽食品股份有限公司,1,1,候选；须核对该年度法人名称、退市时点及主体关系,2018,monitor_pass,第八次监测合格名单,农产发〔2018〕1号,2018-11-29,https://xccys.moa.gov.cn/gzdt/201812/t20181205_6314544.htm,基准按年末已生效的正式文件；年末新认定另做下一完整年度起算稳健性,官方事件集合可构建；尚未完成上市法人历史名称映射,2011-03-02,https://www.szse.cn/api/report/index/companyGeneralization?secCode=002557,2026-08-06
002557,深圳证券交易所,洽洽食品,洽洽食品股份有限公司,2019,洽洽食品股份有限公司,1,1,候选；须核对该年度法人名称、退市时点及主体关系,2018,monitor_pass,第八次监测合格名单,农产发〔2018〕1号,2018-11-29,https://xccys.moa.gov.cn/gzdt/201812/t20181205_6314544.htm,基准按年末已生效的正式文件；年末新认定另做下一完整年度起算稳健性,官方事件集合可构建；尚未完成上市法人历史名称映射,2011-03-02,https://www.szse.cn/api/report/index/companyGeneralization?secCode=002557,2026-08-06
002557,深圳证券交易所,洽洽食品,洽洽食品股份有限公司,2020,洽洽食品股份有限公司,1,1,候选；须核对该年度法人名称、退市时点及主体关系,2020,monitor_pass,第九次监测合格名单,农产发〔2020〕6号,2020-11-20,https://www.moa.gov.cn/nybgb/2020/202012/202102/P020210201587636946140.pdf,基准按年末已生效的正式文件；年末新认定另做下一完整年度起算稳健性,官方事件集合可构建；尚未完成上市法人历史名称映射,2011-03-02,https://www.szse.cn/api/report/index/companyGeneralization?secCode=002557,2026-08-06
002557,深圳证券交易所,洽洽食品,洽洽食品股份有限公司,2021,洽洽食品股份有限公司,1,1,候选；须核对该年度法人名称、退市时点及主体关系,2020,monitor_pass,第九次监测合格名单,农产发〔2020〕6号,2020-11-20,https://www.moa.gov.cn/nybgb/2020/202012/202102/P020210201587636946140.pdf,基准按年末已生效的正式文件；年末新认定另做下一完整年度起算稳健性,官方事件集合可构建；尚未完成上市法人历史名称映射,2011-03-02,https://www.szse.cn/api/report/index/companyGeneralization?secCode=002557,2026-08-06
002557,深圳证券交易所,洽洽食品,洽洽食品股份有限公司,2022,洽洽食品股份有限公司,1,1,候选；须核对该年度法人名称、退市时点及主体关系,2020,monitor_pass,第九次监测合格名单,农产发〔2020〕6号,2020-11-20,https://www.moa.gov.cn/nybgb/2020/202012/202102/P020210201587636946140.pdf,基准按年末已生效的正式文件；年末新认定另做下一完整年度起算稳健性,官方事件集合可构建；尚未完成上市法人历史名称映射,2011-03-02,https://www.szse.cn/api/report/index/companyGeneralization?secCode=002557,2026-08-06
002557,深圳证券交易所,洽洽食品,洽洽食品股份有限公司,2023,洽洽食品股份有限公司,1,1,候选；须核对该年度法人名称、退市时点及主体关系,2023,monitor_pass,第十次监测合格名单,农产发〔2023〕3号,2023-05-12,https://www.moa.gov.cn/nybgb/2023/202306/202307/P020230719348171286633.pdf,基准按年末已生效的正式文件；年末新认定另做下一完整年度起算稳健性,官方事件集合可构建；尚未完成上市法人历史名称映射,2011-03-02,https://www.szse.cn/api/report/index/companyGeneralization?secCode=002557,2026-08-06
002566,深圳证券交易所,益盛药业,吉林省集安益盛药业股份有限公司,2014,吉林省集安益盛药业股份有限公司,1,1,候选；须核对该年度法人名称、退市时点及主体关系,2014,monitor_pass,第六次监测合格名单,农经发〔2014〕9号,2014-09-01,https://www.moa.gov.cn/nybgb/2014/shi/201712/P020180104776701107212.pdf,基准按年末已生效的正式文件；年末新认定另做下一完整年度起算稳健性,官方事件集合可构建；尚未完成上市法人历史名称映射,2011-03-18,https://www.szse.cn/api/report/index/companyGeneralization?secCode=002566,2026-08-06
002566,深圳证券交易所,益盛药业,吉林省集安益盛药业股份有限公司,2015,吉林省集安益盛药业股份有限公司,1,1,候选；须核对该年度法人名称、退市时点及主体关系,2014,monitor_pass,第六次监测合格名单,农经发〔2014〕9号,2014-09-01,https://www.moa.gov.cn/nybgb/2014/shi/201712/P020180104776701107212.pdf,基准按年末已生效的正式文件；年末新认定另做下一完整年度起算稳健性,官方事件集合可构建；尚未完成上市法人历史名称映射,2011-03-18,https://www.szse.cn/api/report/index/companyGeneralization?secCode=002566,2026-08-06
002566,深圳证券交易所,益盛药业,吉林省集安益盛药业股份有限公司,2018,吉林省集安益盛药业股份有限公司,1,1,候选；须核对该年度法人名称、退市时点及主体关系,2018,monitor_pass,第八次监测合格名单,农产发〔2018〕1号,2018-11-29,https://xccys.moa.gov.cn/gzdt/201812/t20181205_6314544.htm,基准按年末已生效的正式文件；年末新认定另做下一完整年度起算稳健性,官方事件集合可构建；尚未完成上市法人历史名称映射,2011-03-18,https://www.szse.cn/api/report/index/companyGeneralization?secCode=002566,2026-08-06
002566,深圳证券交易所,益盛药业,吉林省集安益盛药业股份有限公司,2019,吉林省集安益盛药业股份有限公司,1,1,候选；须核对该年度法人名称、退市时点及主体关系,2018,monitor_pass,第八次监测合格名单,农产发〔2018〕1号,2018-11-29,https://xccys.moa.gov.cn/gzdt/201812/t20181205_6314544.htm,基准按年末已生效的正式文件；年末新认定另做下一完整年度起算稳健性,官方事件集合可构建；尚未完成上市法人历史名称映射,2011-03-18,https://www.szse.cn/api/report/index/companyGeneralization?secCode=002566,2026-08-06
002566,深圳证券交易所,益盛药业,吉林省集安益盛药业股份有限公司,2020,吉林省集安益盛药业股份有限公司,1,1,候选；须核对该年度法人名称、退市时点及主体关系,2020,monitor_pass,第九次监测合格名单,农产发〔2020〕6号,2020-11-20,https://www.moa.gov.cn/nybgb/2020/202012/202102/P020210201587636946140.pdf,基准按年末已生效的正式文件；年末新认定另做下一完整年度起算稳健性,官方事件集合可构建；尚未完成上市法人历史名称映射,2011-03-18,https://www.szse.cn/api/report/index/companyGeneralization?secCode=002566,2026-08-06
002566,深圳证券交易所,益盛药业,吉林省集安益盛药业股份有限公司,2021,吉林省集安益盛药业股份有限公司,1,1,候选；须核对该年度法人名称、退市时点及主体关系,2020,monitor_pass,第九次监测合格名单,农产发〔2020〕6号,2020-11-20,https://www.moa.gov.cn/nybgb/2020/202012/202102/P020210201587636946140.pdf,基准按年末已生效的正式文件；年末新认定另做下一完整年度起算稳健性,官方事件集合可构建；尚未完成上市法人历史名称映射,2011-03-18,https://www.szse.cn/api/report/index/companyGeneralization?secCode=002566,2026-08-06
002566,深圳证券交易所,益盛药业,吉林省集安益盛药业股份有限公司,2022,吉林省集安益盛药业股份有限公司,1,1,候选；须核对该年度法人名称、退市时点及主体关系,2020,monitor_pass,第九次监测合格名单,农产发〔2020〕6号,2020-11-20,https://www.moa.gov.cn/nybgb/2020/202012/202102/P020210201587636946140.pdf,基准按年末已生效的正式文件；年末新认定另做下一完整年度起算稳健性,官方事件集合可构建；尚未完成上市法人历史名称映射,2011-03-18,https://www.szse.cn/api/report/index/companyGeneralization?secCode=002566,2026-08-06
002566,深圳证券交易所,益盛药业,吉林省集安益盛药业股份有限公司,2023,吉林省集安益盛药业股份有限公司,1,1,候选；须核对该年度法人名称、退市时点及主体关系,2023,monitor_pass,第十次监测合格名单,农产发〔2023〕3号,2023-05-12,https://www.moa.gov.cn/nybgb/2023/202306/202307/P020230719348171286633.pdf,基准按年末已生效的正式文件；年末新认定另做下一完整年度起算稳健性,官方事件集合可构建；尚未完成上市法人历史名称映射,2011-03-18,https://www.szse.cn/api/report/index/companyGeneralization?secCode=002566,2026-08-06
002567,深圳证券交易所,唐人神,唐人神集团股份有限公司,2014,唐人神集团股份有限公司,1,1,候选；须核对该年度法人名称、退市时点及主体关系,2014,monitor_pass,第六次监测合格名单,农经发〔2014〕9号,2014-09-01,https://www.moa.gov.cn/nybgb/2014/shi/201712/P020180104776701107212.pdf,基准按年末已生效的正式文件；年末新认定另做下一完整年度起算稳健性,官方事件集合可构建；尚未完成上市法人历史名称映射,2011-03-25,https://www.szse.cn/api/report/index/companyGeneralization?secCode=002567,2026-08-06
002567,深圳证券交易所,唐人神,唐人神集团股份有限公司,2015,唐人神集团股份有限公司,1,1,候选；须核对该年度法人名称、退市时点及主体关系,2014,monitor_pass,第六次监测合格名单,农经发〔2014〕9号,2014-09-01,https://www.moa.gov.cn/nybgb/2014/shi/201712/P020180104776701107212.pdf,基准按年末已生效的正式文件；年末新认定另做下一完整年度起算稳健性,官方事件集合可构建；尚未完成上市法人历史名称映射,2011-03-25,https://www.szse.cn/api/report/index/companyGeneralization?secCode=002567,2026-08-06
002567,深圳证券交易所,唐人神,唐人神集团股份有限公司,2018,唐人神集团股份有限公司,1,1,候选；须核对该年度法人名称、退市时点及主体关系,2018,monitor_pass,第八次监测合格名单,农产发〔2018〕1号,2018-11-29,https://xccys.moa.gov.cn/gzdt/201812/t20181205_6314544.htm,基准按年末已生效的正式文件；年末新认定另做下一完整年度起算稳健性,官方事件集合可构建；尚未完成上市法人历史名称映射,2011-03-25,https://www.szse.cn/api/report/index/companyGeneralization?secCode=002567,2026-08-06
002567,深圳证券交易所,唐人神,唐人神集团股份有限公司,2019,唐人神集团股份有限公司,1,1,候选；须核对该年度法人名称、退市时点及主体关系,2018,monitor_pass,第八次监测合格名单,农产发〔2018〕1号,2018-11-29,https://xccys.moa.gov.cn/gzdt/201812/t20181205_6314544.htm,基准按年末已生效的正式文件；年末新认定另做下一完整年度起算稳健性,官方事件集合可构建；尚未完成上市法人历史名称映射,2011-03-25,https://www.szse.cn/api/report/index/companyGeneralization?secCode=002567,2026-08-06
002567,深圳证券交易所,唐人神,唐人神集团股份有限公司,2020,唐人神集团股份有限公司,1,1,候选；须核对该年度法人名称、退市时点及主体关系,2020,monitor_pass,第九次监测合格名单,农产发〔2020〕6号,2020-11-20,https://www.moa.gov.cn/nybgb/2020/202012/202102/P020210201587636946140.pdf,基准按年末已生效的正式文件；年末新认定另做下一完整年度起算稳健性,官方事件集合可构建；尚未完成上市法人历史名称映射,2011-03-25,https://www.szse.cn/api/report/index/companyGeneralization?secCode=002567,2026-08-06
002567,深圳证券交易所,唐人神,唐人神集团股份有限公司,2021,唐人神集团股份有限公司,1,1,候选；须核对该年度法人名称、退市时点及主体关系,2020,monitor_pass,第九次监测合格名单,农产发〔2020〕6号,2020-11-20,https://www.moa.gov.cn/nybgb/2020/202012/202102/P020210201587636946140.pdf,基准按年末已生效的正式文件；年末新认定另做下一完整年度起算稳健性,官方事件集合可构建；尚未完成上市法人历史名称映射,2011-03-25,https://www.szse.cn/api/report/index/companyGeneralization?secCode=002567,2026-08-06
002567,深圳证券交易所,唐人神,唐人神集团股份有限公司,2022,唐人神集团股份有限公司,1,1,候选；须核对该年度法人名称、退市时点及主体关系,2020,monitor_pass,第九次监测合格名单,农产发〔2020〕6号,2020-11-20,https://www.moa.gov.cn/nybgb/2020/202012/202102/P020210201587636946140.pdf,基准按年末已生效的正式文件；年末新认定另做下一完整年度起算稳健性,官方事件集合可构建；尚未完成上市法人历史名称映射,2011-03-25,https://www.szse.cn/api/report/index/companyGeneralization?secCode=002567,2026-08-06
002567,深圳证券交易所,唐人神,唐人神集团股份有限公司,2023,唐人神集团股份有限公司,1,1,候选；须核对该年度法人名称、退市时点及主体关系,2023,monitor_pass,第十次监测合格名单,农产发〔2023〕3号,2023-05-12,https://www.moa.gov.cn/nybgb/2023/202306/202307/P020230719348171286633.pdf,基准按年末已生效的正式文件；年末新认定另做下一完整年度起算稳健性,官方事件集合可构建；尚未完成上市法人历史名称映射,2011-03-25,https://www.szse.cn/api/report/index/companyGeneralization?secCode=002567,2026-08-06
002582,深圳证券交易所,好想你,好想你健康食品股份有限公司,2018,好想你健康食品股份有限公司,1,1,候选；须核对该年度法人名称、退市时点及主体关系,2018,monitor_pass,第八次监测合格名单,农产发〔2018〕1号,2018-11-29,https://xccys.moa.gov.cn/gzdt/201812/t20181205_6314544.htm,基准按年末已生效的正式文件；年末新认定另做下一完整年度起算稳健性,官方事件集合可构建；尚未完成上市法人历史名称映射,2011-05-20,https://www.szse.cn/api/report/index/companyGeneralization?secCode=002582,2026-08-06
002582,深圳证券交易所,好想你,好想你健康食品股份有限公司,2019,好想你健康食品股份有限公司,1,1,候选；须核对该年度法人名称、退市时点及主体关系,2018,monitor_pass,第八次监测合格名单,农产发〔2018〕1号,2018-11-29,https://xccys.moa.gov.cn/gzdt/201812/t20181205_6314544.htm,基准按年末已生效的正式文件；年末新认定另做下一完整年度起算稳健性,官方事件集合可构建；尚未完成上市法人历史名称映射,2011-05-20,https://www.szse.cn/api/report/index/companyGeneralization?secCode=002582,2026-08-06
002582,深圳证券交易所,好想你,好想你健康食品股份有限公司,2020,好想你健康食品股份有限公司,1,1,候选；须核对该年度法人名称、退市时点及主体关系,2020,monitor_pass,第九次监测合格名单,农产发〔2020〕6号,2020-11-20,https://www.moa.gov.cn/nybgb/2020/202012/202102/P020210201587636946140.pdf,基准按年末已生效的正式文件；年末新认定另做下一完整年度起算稳健性,官方事件集合可构建；尚未完成上市法人历史名称映射,2011-05-20,https://www.szse.cn/api/report/index/companyGeneralization?secCode=002582,2026-08-06
002582,深圳证券交易所,好想你,好想你健康食品股份有限公司,2021,好想你健康食品股份有限公司,1,1,候选；须核对该年度法人名称、退市时点及主体关系,2020,monitor_pass,第九次监测合格名单,农产发〔2020〕6号,2020-11-20,https://www.moa.gov.cn/nybgb/2020/202012/202102/P020210201587636946140.pdf,基准按年末已生效的正式文件；年末新认定另做下一完整年度起算稳健性,官方事件集合可构建；尚未完成上市法人历史名称映射,2011-05-20,https://www.szse.cn/api/report/index/companyGeneralization?secCode=002582,2026-08-06
002582,深圳证券交易所,好想你,好想你健康食品股份有限公司,2022,好想你健康食品股份有限公司,1,1,候选；须核对该年度法人名称、退市时点及主体关系,2020,monitor_pass,第九次监测合格名单,农产发〔2020〕6号,2020-11-20,https://www.moa.gov.cn/nybgb/2020/202012/202102/P020210201587636946140.pdf,基准按年末已生效的正式文件；年末新认定另做下一完整年度起算稳健性,官方事件集合可构建；尚未完成上市法人历史名称映射,2011-05-20,https://www.szse.cn/api/report/index/companyGeneralization?secCode=002582,2026-08-06
002582,深圳证券交易所,好想你,好想你健康食品股份有限公司,2023,好想你健康食品股份有限公司,1,1,候选；须核对该年度法人名称、退市时点及主体关系,2023,monitor_pass,第十次监测合格名单,农产发〔2023〕3号,2023-05-12,https://www.moa.gov.cn/nybgb/2023/202306/202307/P020230719348171286633.pdf,基准按年末已生效的正式文件；年末新认定另做下一完整年度起算稳健性,官方事件集合可构建；尚未完成上市法人历史名称映射,2011-05-20,https://www.szse.cn/api/report/index/companyGeneralization?secCode=002582,2026-08-06
002650,深圳证券交易所,ST加加,加加食品集团股份有限公司,2014,加加食品集团股份有限公司,1,1,候选；须核对该年度法人名称、退市时点及主体关系,2014,monitor_pass,第六次监测合格名单,农经发〔2014〕9号,2014-09-01,https://www.moa.gov.cn/nybgb/2014/shi/201712/P020180104776701107212.pdf,基准按年末已生效的正式文件；年末新认定另做下一完整年度起算稳健性,官方事件集合可构建；尚未完成上市法人历史名称映射,2012-01-06,https://www.szse.cn/api/report/index/companyGeneralization?secCode=002650,2026-08-06
002650,深圳证券交易所,ST加加,加加食品集团股份有限公司,2015,加加食品集团股份有限公司,1,1,候选；须核对该年度法人名称、退市时点及主体关系,2014,monitor_pass,第六次监测合格名单,农经发〔2014〕9号,2014-09-01,https://www.moa.gov.cn/nybgb/2014/shi/201712/P020180104776701107212.pdf,基准按年末已生效的正式文件；年末新认定另做下一完整年度起算稳健性,官方事件集合可构建；尚未完成上市法人历史名称映射,2012-01-06,https://www.szse.cn/api/report/index/companyGeneralization?secCode=002650,2026-08-06
002650,深圳证券交易所,ST加加,加加食品集团股份有限公司,2018,加加食品集团股份有限公司,1,1,候选；须核对该年度法人名称、退市时点及主体关系,2018,monitor_pass,第八次监测合格名单,农产发〔2018〕1号,2018-11-29,https://xccys.moa.gov.cn/gzdt/201812/t20181205_6314544.htm,基准按年末已生效的正式文件；年末新认定另做下一完整年度起算稳健性,官方事件集合可构建；尚未完成上市法人历史名称映射,2012-01-06,https://www.szse.cn/api/report/index/companyGeneralization?secCode=002650,2026-08-06
002650,深圳证券交易所,ST加加,加加食品集团股份有限公司,2019,加加食品集团股份有限公司,1,1,候选；须核对该年度法人名称、退市时点及主体关系,2018,monitor_pass,第八次监测合格名单,农产发〔2018〕1号,2018-11-29,https://xccys.moa.gov.cn/gzdt/201812/t20181205_6314544.htm,基准按年末已生效的正式文件；年末新认定另做下一完整年度起算稳健性,官方事件集合可构建；尚未完成上市法人历史名称映射,2012-01-06,https://www.szse.cn/api/report/index/companyGeneralization?secCode=002650,2026-08-06
002650,深圳证券交易所,ST加加,加加食品集团股份有限公司,2020,加加食品集团股份有限公司,1,1,候选；须核对该年度法人名称、退市时点及主体关系,2020,monitor_pass,第九次监测合格名单,农产发〔2020〕6号,2020-11-20,https://www.moa.gov.cn/nybgb/2020/202012/202102/P020210201587636946140.pdf,基准按年末已生效的正式文件；年末新认定另做下一完整年度起算稳健性,官方事件集合可构建；尚未完成上市法人历史名称映射,2012-01-06,https://www.szse.cn/api/report/index/companyGeneralization?secCode=002650,2026-08-06
002650,深圳证券交易所,ST加加,加加食品集团股份有限公司,2021,加加食品集团股份有限公司,1,1,候选；须核对该年度法人名称、退市时点及主体关系,2020,monitor_pass,第九次监测合格名单,农产发〔2020〕6号,2020-11-20,https://www.moa.gov.cn/nybgb/2020/202012/202102/P020210201587636946140.pdf,基准按年末已生效的正式文件；年末新认定另做下一完整年度起算稳健性,官方事件集合可构建；尚未完成上市法人历史名称映射,2012-01-06,https://www.szse.cn/api/report/index/companyGeneralization?secCode=002650,2026-08-06
002650,深圳证券交易所,ST加加,加加食品集团股份有限公司,2022,加加食品集团股份有限公司,1,1,候选；须核对该年度法人名称、退市时点及主体关系,2020,monitor_pass,第九次监测合格名单,农产发〔2020〕6号,2020-11-20,https://www.moa.gov.cn/nybgb/2020/202012/202102/P020210201587636946140.pdf,基准按年末已生效的正式文件；年末新认定另做下一完整年度起算稳健性,官方事件集合可构建；尚未完成上市法人历史名称映射,2012-01-06,https://www.szse.cn/api/report/index/companyGeneralization?secCode=002650,2026-08-06
002650,深圳证券交易所,ST加加,加加食品集团股份有限公司,2023,加加食品集团股份有限公司,1,1,候选；须核对该年度法人名称、退市时点及主体关系,2023,monitor_pass,第十次监测合格名单,农产发〔2023〕3号,2023-05-12,https://www.moa.gov.cn/nybgb/2023/202306/202307/P020230719348171286633.pdf,基准按年末已生效的正式文件；年末新认定另做下一完整年度起算稳健性,官方事件集合可构建；尚未完成上市法人历史名称映射,2012-01-06,https://www.szse.cn/api/report/index/companyGeneralization?secCode=002650,2026-08-06
002661,深圳证券交易所,克明食品,陈克明食品股份有限公司,2023,陈克明食品股份有限公司,1,1,候选；须核对该年度法人名称、退市时点及主体关系,2023,monitor_pass,第十次监测合格名单,农产发〔2023〕3号,2023-05-12,https://www.moa.gov.cn/nybgb/2023/202306/202307/P020230719348171286633.pdf,基准按年末已生效的正式文件；年末新认定另做下一完整年度起算稳健性,官方事件集合可构建；尚未完成上市法人历史名称映射,2012-03-16,https://www.szse.cn/api/report/index/companyGeneralization?secCode=002661,2026-08-06
002688,深圳证券交易所,金河生物,金河生物科技股份有限公司,2014,金河生物科技股份有限公司,1,1,候选；须核对该年度法人名称、退市时点及主体关系,2014,monitor_pass,第六次监测合格名单,农经发〔2014〕9号,2014-09-01,https://www.moa.gov.cn/nybgb/2014/shi/201712/P020180104776701107212.pdf,基准按年末已生效的正式文件；年末新认定另做下一完整年度起算稳健性,官方事件集合可构建；尚未完成上市法人历史名称映射,2012-07-13,https://www.szse.cn/api/report/index/companyGeneralization?secCode=002688,2026-08-06
002688,深圳证券交易所,金河生物,金河生物科技股份有限公司,2015,金河生物科技股份有限公司,1,1,候选；须核对该年度法人名称、退市时点及主体关系,2014,monitor_pass,第六次监测合格名单,农经发〔2014〕9号,2014-09-01,https://www.moa.gov.cn/nybgb/2014/shi/201712/P020180104776701107212.pdf,基准按年末已生效的正式文件；年末新认定另做下一完整年度起算稳健性,官方事件集合可构建；尚未完成上市法人历史名称映射,2012-07-13,https://www.szse.cn/api/report/index/companyGeneralization?secCode=002688,2026-08-06
002688,深圳证券交易所,金河生物,金河生物科技股份有限公司,2018,金河生物科技股份有限公司,1,1,候选；须核对该年度法人名称、退市时点及主体关系,2018,monitor_pass,第八次监测合格名单,农产发〔2018〕1号,2018-11-29,https://xccys.moa.gov.cn/gzdt/201812/t20181205_6314544.htm,基准按年末已生效的正式文件；年末新认定另做下一完整年度起算稳健性,官方事件集合可构建；尚未完成上市法人历史名称映射,2012-07-13,https://www.szse.cn/api/report/index/companyGeneralization?secCode=002688,2026-08-06
002688,深圳证券交易所,金河生物,金河生物科技股份有限公司,2019,金河生物科技股份有限公司,1,1,候选；须核对该年度法人名称、退市时点及主体关系,2018,monitor_pass,第八次监测合格名单,农产发〔2018〕1号,2018-11-29,https://xccys.moa.gov.cn/gzdt/201812/t20181205_6314544.htm,基准按年末已生效的正式文件；年末新认定另做下一完整年度起算稳健性,官方事件集合可构建；尚未完成上市法人历史名称映射,2012-07-13,https://www.szse.cn/api/report/index/companyGeneralization?secCode=002688,2026-08-06
002688,深圳证券交易所,金河生物,金河生物科技股份有限公司,2020,金河生物科技股份有限公司,1,1,候选；须核对该年度法人名称、退市时点及主体关系,2020,monitor_pass,第九次监测合格名单,农产发〔2020〕6号,2020-11-20,https://www.moa.gov.cn/nybgb/2020/202012/202102/P020210201587636946140.pdf,基准按年末已生效的正式文件；年末新认定另做下一完整年度起算稳健性,官方事件集合可构建；尚未完成上市法人历史名称映射,2012-07-13,https://www.szse.cn/api/report/index/companyGeneralization?secCode=002688,2026-08-06
002688,深圳证券交易所,金河生物,金河生物科技股份有限公司,2021,金河生物科技股份有限公司,1,1,候选；须核对该年度法人名称、退市时点及主体关系,2020,monitor_pass,第九次监测合格名单,农产发〔2020〕6号,2020-11-20,https://www.moa.gov.cn/nybgb/2020/202012/202102/P020210201587636946140.pdf,基准按年末已生效的正式文件；年末新认定另做下一完整年度起算稳健性,官方事件集合可构建；尚未完成上市法人历史名称映射,2012-07-13,https://www.szse.cn/api/report/index/companyGeneralization?secCode=002688,2026-08-06
002688,深圳证券交易所,金河生物,金河生物科技股份有限公司,2022,金河生物科技股份有限公司,1,1,候选；须核对该年度法人名称、退市时点及主体关系,2020,monitor_pass,第九次监测合格名单,农产发〔2020〕6号,2020-11-20,https://www.moa.gov.cn/nybgb/2020/202012/202102/P020210201587636946140.pdf,基准按年末已生效的正式文件；年末新认定另做下一完整年度起算稳健性,官方事件集合可构建；尚未完成上市法人历史名称映射,2012-07-13,https://www.szse.cn/api/report/index/companyGeneralization?secCode=002688,2026-08-06
002688,深圳证券交易所,金河生物,金河生物科技股份有限公司,2023,金河生物科技股份有限公司,1,1,候选；须核对该年度法人名称、退市时点及主体关系,2023,monitor_pass,第十次监测合格名单,农产发〔2023〕3号,2023-05-12,https://www.moa.gov.cn/nybgb/2023/202306/202307/P020230719348171286633.pdf,基准按年末已生效的正式文件；年末新认定另做下一完整年度起算稳健性,官方事件集合可构建；尚未完成上市法人历史名称映射,2012-07-13,https://www.szse.cn/api/report/index/companyGeneralization?secCode=002688,2026-08-06
002696,深圳证券交易所,百洋股份,百洋产业投资集团股份有限公司,2018,百洋产业投资集团股份有限公司,1,1,候选；须核对该年度法人名称、退市时点及主体关系,2018,monitor_pass,第八次监测合格名单,农产发〔2018〕1号,2018-11-29,https://xccys.moa.gov.cn/gzdt/201812/t20181205_6314544.htm,基准按年末已生效的正式文件；年末新认定另做下一完整年度起算稳健性,官方事件集合可构建；尚未完成上市法人历史名称映射,2012-09-05,https://www.szse.cn/api/report/index/companyGeneralization?secCode=002696,2026-08-06
002696,深圳证券交易所,百洋股份,百洋产业投资集团股份有限公司,2019,百洋产业投资集团股份有限公司,1,1,候选；须核对该年度法人名称、退市时点及主体关系,2018,monitor_pass,第八次监测合格名单,农产发〔2018〕1号,2018-11-29,https://xccys.moa.gov.cn/gzdt/201812/t20181205_6314544.htm,基准按年末已生效的正式文件；年末新认定另做下一完整年度起算稳健性,官方事件集合可构建；尚未完成上市法人历史名称映射,2012-09-05,https://www.szse.cn/api/report/index/companyGeneralization?secCode=002696,2026-08-06
002696,深圳证券交易所,百洋股份,百洋产业投资集团股份有限公司,2020,百洋产业投资集团股份有限公司,1,1,候选；须核对该年度法人名称、退市时点及主体关系,2020,monitor_pass,第九次监测合格名单,农产发〔2020〕6号,2020-11-20,https://www.moa.gov.cn/nybgb/2020/202012/202102/P020210201587636946140.pdf,基准按年末已生效的正式文件；年末新认定另做下一完整年度起算稳健性,官方事件集合可构建；尚未完成上市法人历史名称映射,2012-09-05,https://www.szse.cn/api/report/index/companyGeneralization?secCode=002696,2026-08-06
002696,深圳证券交易所,百洋股份,百洋产业投资集团股份有限公司,2021,百洋产业投资集团股份有限公司,1,1,候选；须核对该年度法人名称、退市时点及主体关系,2020,monitor_pass,第九次监测合格名单,农产发〔2020〕6号,2020-11-20,https://www.moa.gov.cn/nybgb/2020/202012/202102/P020210201587636946140.pdf,基准按年末已生效的正式文件；年末新认定另做下一完整年度起算稳健性,官方事件集合可构建；尚未完成上市法人历史名称映射,2012-09-05,https://www.szse.cn/api/report/index/companyGeneralization?secCode=002696,2026-08-06
002696,深圳证券交易所,百洋股份,百洋产业投资集团股份有限公司,2022,百洋产业投资集团股份有限公司,1,1,候选；须核对该年度法人名称、退市时点及主体关系,2020,monitor_pass,第九次监测合格名单,农产发〔2020〕6号,2020-11-20,https://www.moa.gov.cn/nybgb/2020/202012/202102/P020210201587636946140.pdf,基准按年末已生效的正式文件；年末新认定另做下一完整年度起算稳健性,官方事件集合可构建；尚未完成上市法人历史名称映射,2012-09-05,https://www.szse.cn/api/report/index/companyGeneralization?secCode=002696,2026-08-06
002696,深圳证券交易所,百洋股份,百洋产业投资集团股份有限公司,2023,百洋产业投资集团股份有限公司,1,1,候选；须核对该年度法人名称、退市时点及主体关系,2023,monitor_pass,第十次监测合格名单,农产发〔2023〕3号,2023-05-12,https://www.moa.gov.cn/nybgb/2023/202306/202307/P020230719348171286633.pdf,基准按年末已生效的正式文件；年末新认定另做下一完整年度起算稳健性,官方事件集合可构建；尚未完成上市法人历史名称映射,2012-09-05,https://www.szse.cn/api/report/index/companyGeneralization?secCode=002696,2026-08-06
002702,深圳证券交易所,海欣食品,海欣食品股份有限公司,2014,海欣食品股份有限公司,1,1,候选；须核对该年度法人名称、退市时点及主体关系,2014,monitor_pass,第六次监测合格名单,农经发〔2014〕9号,2014-09-01,https://www.moa.gov.cn/nybgb/2014/shi/201712/P020180104776701107212.pdf,基准按年末已生效的正式文件；年末新认定另做下一完整年度起算稳健性,官方事件集合可构建；尚未完成上市法人历史名称映射,2012-10-11,https://www.szse.cn/api/report/index/companyGeneralization?secCode=002702,2026-08-06
002702,深圳证券交易所,海欣食品,海欣食品股份有限公司,2015,海欣食品股份有限公司,1,1,候选；须核对该年度法人名称、退市时点及主体关系,2014,monitor_pass,第六次监测合格名单,农经发〔2014〕9号,2014-09-01,https://www.moa.gov.cn/nybgb/2014/shi/201712/P020180104776701107212.pdf,基准按年末已生效的正式文件；年末新认定另做下一完整年度起算稳健性,官方事件集合可构建；尚未完成上市法人历史名称映射,2012-10-11,https://www.szse.cn/api/report/index/companyGeneralization?secCode=002702,2026-08-06
002702,深圳证券交易所,海欣食品,海欣食品股份有限公司,2018,海欣食品股份有限公司,1,1,候选；须核对该年度法人名称、退市时点及主体关系,2018,monitor_pass,第八次监测合格名单,农产发〔2018〕1号,2018-11-29,https://xccys.moa.gov.cn/gzdt/201812/t20181205_6314544.htm,基准按年末已生效的正式文件；年末新认定另做下一完整年度起算稳健性,官方事件集合可构建；尚未完成上市法人历史名称映射,2012-10-11,https://www.szse.cn/api/report/index/companyGeneralization?secCode=002702,2026-08-06
002702,深圳证券交易所,海欣食品,海欣食品股份有限公司,2019,海欣食品股份有限公司,1,1,候选；须核对该年度法人名称、退市时点及主体关系,2018,monitor_pass,第八次监测合格名单,农产发〔2018〕1号,2018-11-29,https://xccys.moa.gov.cn/gzdt/201812/t20181205_6314544.htm,基准按年末已生效的正式文件；年末新认定另做下一完整年度起算稳健性,官方事件集合可构建；尚未完成上市法人历史名称映射,2012-10-11,https://www.szse.cn/api/report/index/companyGeneralization?secCode=002702,2026-08-06
002702,深圳证券交易所,海欣食品,海欣食品股份有限公司,2020,海欣食品股份有限公司,1,1,候选；须核对该年度法人名称、退市时点及主体关系,2020,monitor_pass,第九次监测合格名单,农产发〔2020〕6号,2020-11-20,https://www.moa.gov.cn/nybgb/2020/202012/202102/P020210201587636946140.pdf,基准按年末已生效的正式文件；年末新认定另做下一完整年度起算稳健性,官方事件集合可构建；尚未完成上市法人历史名称映射,2012-10-11,https://www.szse.cn/api/report/index/companyGeneralization?secCode=002702,2026-08-06
002702,深圳证券交易所,海欣食品,海欣食品股份有限公司,2021,海欣食品股份有限公司,1,1,候选；须核对该年度法人名称、退市时点及主体关系,2020,monitor_pass,第九次监测合格名单,农产发〔2020〕6号,2020-11-20,https://www.moa.gov.cn/nybgb/2020/202012/202102/P020210201587636946140.pdf,基准按年末已生效的正式文件；年末新认定另做下一完整年度起算稳健性,官方事件集合可构建；尚未完成上市法人历史名称映射,2012-10-11,https://www.szse.cn/api/report/index/companyGeneralization?secCode=002702,2026-08-06
002702,深圳证券交易所,海欣食品,海欣食品股份有限公司,2022,海欣食品股份有限公司,1,1,候选；须核对该年度法人名称、退市时点及主体关系,2020,monitor_pass,第九次监测合格名单,农产发〔2020〕6号,2020-11-20,https://www.moa.gov.cn/nybgb/2020/202012/202102/P020210201587636946140.pdf,基准按年末已生效的正式文件；年末新认定另做下一完整年度起算稳健性,官方事件集合可构建；尚未完成上市法人历史名称映射,2012-10-11,https://www.szse.cn/api/report/index/companyGeneralization?secCode=002702,2026-08-06
002702,深圳证券交易所,海欣食品,海欣食品股份有限公司,2023,海欣食品股份有限公司,1,1,候选；须核对该年度法人名称、退市时点及主体关系,2023,monitor_pass,第十次监测合格名单,农产发〔2023〕3号,2023-05-12,https://www.moa.gov.cn/nybgb/2023/202306/202307/P020230719348171286633.pdf,基准按年末已生效的正式文件；年末新认定另做下一完整年度起算稳健性,官方事件集合可构建；尚未完成上市法人历史名称映射,2012-10-11,https://www.szse.cn/api/report/index/companyGeneralization?secCode=002702,2026-08-06
002719,深圳证券交易所,ST麦趣,麦趣尔集团股份有限公司,2018,麦趣尔集团股份有限公司,1,1,候选；须核对该年度法人名称、退市时点及主体关系,2018,monitor_pass,第八次监测合格名单,农产发〔2018〕1号,2018-11-29,https://xccys.moa.gov.cn/gzdt/201812/t20181205_6314544.htm,基准按年末已生效的正式文件；年末新认定另做下一完整年度起算稳健性,官方事件集合可构建；尚未完成上市法人历史名称映射,2014-01-28,https://www.szse.cn/api/report/index/companyGeneralization?secCode=002719,2026-08-06
002719,深圳证券交易所,ST麦趣,麦趣尔集团股份有限公司,2019,麦趣尔集团股份有限公司,1,1,候选；须核对该年度法人名称、退市时点及主体关系,2018,monitor_pass,第八次监测合格名单,农产发〔2018〕1号,2018-11-29,https://xccys.moa.gov.cn/gzdt/201812/t20181205_6314544.htm,基准按年末已生效的正式文件；年末新认定另做下一完整年度起算稳健性,官方事件集合可构建；尚未完成上市法人历史名称映射,2014-01-28,https://www.szse.cn/api/report/index/companyGeneralization?secCode=002719,2026-08-06
002719,深圳证券交易所,ST麦趣,麦趣尔集团股份有限公司,2020,麦趣尔集团股份有限公司,1,1,候选；须核对该年度法人名称、退市时点及主体关系,2020,monitor_pass,第九次监测合格名单,农产发〔2020〕6号,2020-11-20,https://www.moa.gov.cn/nybgb/2020/202012/202102/P020210201587636946140.pdf,基准按年末已生效的正式文件；年末新认定另做下一完整年度起算稳健性,官方事件集合可构建；尚未完成上市法人历史名称映射,2014-01-28,https://www.szse.cn/api/report/index/companyGeneralization?secCode=002719,2026-08-06
002719,深圳证券交易所,ST麦趣,麦趣尔集团股份有限公司,2021,麦趣尔集团股份有限公司,1,1,候选；须核对该年度法人名称、退市时点及主体关系,2020,monitor_pass,第九次监测合格名单,农产发〔2020〕6号,2020-11-20,https://www.moa.gov.cn/nybgb/2020/202012/202102/P020210201587636946140.pdf,基准按年末已生效的正式文件；年末新认定另做下一完整年度起算稳健性,官方事件集合可构建；尚未完成上市法人历史名称映射,2014-01-28,https://www.szse.cn/api/report/index/companyGeneralization?secCode=002719,2026-08-06
002719,深圳证券交易所,ST麦趣,麦趣尔集团股份有限公司,2022,麦趣尔集团股份有限公司,1,1,候选；须核对该年度法人名称、退市时点及主体关系,2020,monitor_pass,第九次监测合格名单,农产发〔2020〕6号,2020-11-20,https://www.moa.gov.cn/nybgb/2020/202012/202102/P020210201587636946140.pdf,基准按年末已生效的正式文件；年末新认定另做下一完整年度起算稳健性,官方事件集合可构建；尚未完成上市法人历史名称映射,2014-01-28,https://www.szse.cn/api/report/index/companyGeneralization?secCode=002719,2026-08-06
002719,深圳证券交易所,ST麦趣,麦趣尔集团股份有限公司,2023,麦趣尔集团股份有限公司,1,1,候选；须核对该年度法人名称、退市时点及主体关系,2023,monitor_pass,第十次监测合格名单,农产发〔2023〕3号,2023-05-12,https://www.moa.gov.cn/nybgb/2023/202306/202307/P020230719348171286633.pdf,基准按年末已生效的正式文件；年末新认定另做下一完整年度起算稳健性,官方事件集合可构建；尚未完成上市法人历史名称映射,2014-01-28,https://www.szse.cn/api/report/index/companyGeneralization?secCode=002719,2026-08-06
002732,深圳证券交易所,燕塘乳业,广东燕塘乳业股份有限公司,2014,广东燕塘乳业股份有限公司,1,1,候选；须核对该年度法人名称、退市时点及主体关系,2014,monitor_pass,第六次监测合格名单,农经发〔2014〕9号,2014-09-01,https://www.moa.gov.cn/nybgb/2014/shi/201712/P020180104776701107212.pdf,基准按年末已生效的正式文件；年末新认定另做下一完整年度起算稳健性,官方事件集合可构建；尚未完成上市法人历史名称映射,2014-12-05,https://www.szse.cn/api/report/index/companyGeneralization?secCode=002732,2026-08-06
002732,深圳证券交易所,燕塘乳业,广东燕塘乳业股份有限公司,2015,广东燕塘乳业股份有限公司,1,1,候选；须核对该年度法人名称、退市时点及主体关系,2014,monitor_pass,第六次监测合格名单,农经发〔2014〕9号,2014-09-01,https://www.moa.gov.cn/nybgb/2014/shi/201712/P020180104776701107212.pdf,基准按年末已生效的正式文件；年末新认定另做下一完整年度起算稳健性,官方事件集合可构建；尚未完成上市法人历史名称映射,2014-12-05,https://www.szse.cn/api/report/index/companyGeneralization?secCode=002732,2026-08-06
002732,深圳证券交易所,燕塘乳业,广东燕塘乳业股份有限公司,2018,广东燕塘乳业股份有限公司,1,1,候选；须核对该年度法人名称、退市时点及主体关系,2018,monitor_pass,第八次监测合格名单,农产发〔2018〕1号,2018-11-29,https://xccys.moa.gov.cn/gzdt/201812/t20181205_6314544.htm,基准按年末已生效的正式文件；年末新认定另做下一完整年度起算稳健性,官方事件集合可构建；尚未完成上市法人历史名称映射,2014-12-05,https://www.szse.cn/api/report/index/companyGeneralization?secCode=002732,2026-08-06
002732,深圳证券交易所,燕塘乳业,广东燕塘乳业股份有限公司,2019,广东燕塘乳业股份有限公司,1,1,候选；须核对该年度法人名称、退市时点及主体关系,2018,monitor_pass,第八次监测合格名单,农产发〔2018〕1号,2018-11-29,https://xccys.moa.gov.cn/gzdt/201812/t20181205_6314544.htm,基准按年末已生效的正式文件；年末新认定另做下一完整年度起算稳健性,官方事件集合可构建；尚未完成上市法人历史名称映射,2014-12-05,https://www.szse.cn/api/report/index/companyGeneralization?secCode=002732,2026-08-06
002732,深圳证券交易所,燕塘乳业,广东燕塘乳业股份有限公司,2020,广东燕塘乳业股份有限公司,1,1,候选；须核对该年度法人名称、退市时点及主体关系,2020,monitor_pass,第九次监测合格名单,农产发〔2020〕6号,2020-11-20,https://www.moa.gov.cn/nybgb/2020/202012/202102/P020210201587636946140.pdf,基准按年末已生效的正式文件；年末新认定另做下一完整年度起算稳健性,官方事件集合可构建；尚未完成上市法人历史名称映射,2014-12-05,https://www.szse.cn/api/report/index/companyGeneralization?secCode=002732,2026-08-06
002732,深圳证券交易所,燕塘乳业,广东燕塘乳业股份有限公司,2021,广东燕塘乳业股份有限公司,1,1,候选；须核对该年度法人名称、退市时点及主体关系,2020,monitor_pass,第九次监测合格名单,农产发〔2020〕6号,2020-11-20,https://www.moa.gov.cn/nybgb/2020/202012/202102/P020210201587636946140.pdf,基准按年末已生效的正式文件；年末新认定另做下一完整年度起算稳健性,官方事件集合可构建；尚未完成上市法人历史名称映射,2014-12-05,https://www.szse.cn/api/report/index/companyGeneralization?secCode=002732,2026-08-06
002732,深圳证券交易所,燕塘乳业,广东燕塘乳业股份有限公司,2022,广东燕塘乳业股份有限公司,1,1,候选；须核对该年度法人名称、退市时点及主体关系,2020,monitor_pass,第九次监测合格名单,农产发〔2020〕6号,2020-11-20,https://www.moa.gov.cn/nybgb/2020/202012/202102/P020210201587636946140.pdf,基准按年末已生效的正式文件；年末新认定另做下一完整年度起算稳健性,官方事件集合可构建；尚未完成上市法人历史名称映射,2014-12-05,https://www.szse.cn/api/report/index/companyGeneralization?secCode=002732,2026-08-06
002732,深圳证券交易所,燕塘乳业,广东燕塘乳业股份有限公司,2023,广东燕塘乳业股份有限公司,1,1,候选；须核对该年度法人名称、退市时点及主体关系,2023,monitor_pass,第十次监测合格名单,农产发〔2023〕3号,2023-05-12,https://www.moa.gov.cn/nybgb/2023/202306/202307/P020230719348171286633.pdf,基准按年末已生效的正式文件；年末新认定另做下一完整年度起算稳健性,官方事件集合可构建；尚未完成上市法人历史名称映射,2014-12-05,https://www.szse.cn/api/report/index/companyGeneralization?secCode=002732,2026-08-06
002772,深圳证券交易所,众兴菌业,天水众兴菌业科技股份有限公司,2015,天水众兴菌业科技股份有限公司,1,1,候选；须核对该年度法人名称、退市时点及主体关系,2014,monitor_pass,第六次监测合格名单,农经发〔2014〕9号,2014-09-01,https://www.moa.gov.cn/nybgb/2014/shi/201712/P020180104776701107212.pdf,基准按年末已生效的正式文件；年末新认定另做下一完整年度起算稳健性,官方事件集合可构建；尚未完成上市法人历史名称映射,2015-06-26,https://www.szse.cn/api/report/index/companyGeneralization?secCode=002772,2026-08-06
002772,深圳证券交易所,众兴菌业,天水众兴菌业科技股份有限公司,2018,天水众兴菌业科技股份有限公司,1,1,候选；须核对该年度法人名称、退市时点及主体关系,2018,monitor_pass,第八次监测合格名单,农产发〔2018〕1号,2018-11-29,https://xccys.moa.gov.cn/gzdt/201812/t20181205_6314544.htm,基准按年末已生效的正式文件；年末新认定另做下一完整年度起算稳健性,官方事件集合可构建；尚未完成上市法人历史名称映射,2015-06-26,https://www.szse.cn/api/report/index/companyGeneralization?secCode=002772,2026-08-06
002772,深圳证券交易所,众兴菌业,天水众兴菌业科技股份有限公司,2019,天水众兴菌业科技股份有限公司,1,1,候选；须核对该年度法人名称、退市时点及主体关系,2018,monitor_pass,第八次监测合格名单,农产发〔2018〕1号,2018-11-29,https://xccys.moa.gov.cn/gzdt/201812/t20181205_6314544.htm,基准按年末已生效的正式文件；年末新认定另做下一完整年度起算稳健性,官方事件集合可构建；尚未完成上市法人历史名称映射,2015-06-26,https://www.szse.cn/api/report/index/companyGeneralization?secCode=002772,2026-08-06
002772,深圳证券交易所,众兴菌业,天水众兴菌业科技股份有限公司,2020,天水众兴菌业科技股份有限公司,1,1,候选；须核对该年度法人名称、退市时点及主体关系,2020,monitor_pass,第九次监测合格名单,农产发〔2020〕6号,2020-11-20,https://www.moa.gov.cn/nybgb/2020/202012/202102/P020210201587636946140.pdf,基准按年末已生效的正式文件；年末新认定另做下一完整年度起算稳健性,官方事件集合可构建；尚未完成上市法人历史名称映射,2015-06-26,https://www.szse.cn/api/report/index/companyGeneralization?secCode=002772,2026-08-06
002772,深圳证券交易所,众兴菌业,天水众兴菌业科技股份有限公司,2021,天水众兴菌业科技股份有限公司,1,1,候选；须核对该年度法人名称、退市时点及主体关系,2020,monitor_pass,第九次监测合格名单,农产发〔2020〕6号,2020-11-20,https://www.moa.gov.cn/nybgb/2020/202012/202102/P020210201587636946140.pdf,基准按年末已生效的正式文件；年末新认定另做下一完整年度起算稳健性,官方事件集合可构建；尚未完成上市法人历史名称映射,2015-06-26,https://www.szse.cn/api/report/index/companyGeneralization?secCode=002772,2026-08-06
002772,深圳证券交易所,众兴菌业,天水众兴菌业科技股份有限公司,2022,天水众兴菌业科技股份有限公司,1,1,候选；须核对该年度法人名称、退市时点及主体关系,2020,monitor_pass,第九次监测合格名单,农产发〔2020〕6号,2020-11-20,https://www.moa.gov.cn/nybgb/2020/202012/202102/P020210201587636946140.pdf,基准按年末已生效的正式文件；年末新认定另做下一完整年度起算稳健性,官方事件集合可构建；尚未完成上市法人历史名称映射,2015-06-26,https://www.szse.cn/api/report/index/companyGeneralization?secCode=002772,2026-08-06
002772,深圳证券交易所,众兴菌业,天水众兴菌业科技股份有限公司,2023,天水众兴菌业科技股份有限公司,1,1,候选；须核对该年度法人名称、退市时点及主体关系,2023,monitor_pass,第十次监测合格名单,农产发〔2023〕3号,2023-05-12,https://www.moa.gov.cn/nybgb/2023/202306/202307/P020230719348171286633.pdf,基准按年末已生效的正式文件；年末新认定另做下一完整年度起算稳健性,官方事件集合可构建；尚未完成上市法人历史名称映射,2015-06-26,https://www.szse.cn/api/report/index/companyGeneralization?secCode=002772,2026-08-06
002847,深圳证券交易所,盐津铺子,盐津铺子食品股份有限公司,2019,盐津铺子食品股份有限公司,1,1,候选；须核对该年度法人名称、退市时点及主体关系,2019,recognition,第六批新认定名单,农产发〔2019〕3号,2019-11-26,https://www.moa.gov.cn/nybgb/2019/201912/202004/P020200410023357640054.pdf,基准按年末已生效的正式文件；年末新认定另做下一完整年度起算稳健性,官方事件集合可构建；尚未完成上市法人历史名称映射,2017-02-08,https://www.szse.cn/api/report/index/companyGeneralization?secCode=002847,2026-08-06
002847,深圳证券交易所,盐津铺子,盐津铺子食品股份有限公司,2020,盐津铺子食品股份有限公司,1,1,候选；须核对该年度法人名称、退市时点及主体关系,2019,recognition,第六批新认定名单,农产发〔2019〕3号,2019-11-26,https://www.moa.gov.cn/nybgb/2019/201912/202004/P020200410023357640054.pdf,基准按年末已生效的正式文件；年末新认定另做下一完整年度起算稳健性,官方事件集合可构建；尚未完成上市法人历史名称映射,2017-02-08,https://www.szse.cn/api/report/index/companyGeneralization?secCode=002847,2026-08-06
002847,深圳证券交易所,盐津铺子,盐津铺子食品股份有限公司,2021,盐津铺子食品股份有限公司,1,1,候选；须核对该年度法人名称、退市时点及主体关系,2019,recognition,第六批新认定名单,农产发〔2019〕3号,2019-11-26,https://www.moa.gov.cn/nybgb/2019/201912/202004/P020200410023357640054.pdf,基准按年末已生效的正式文件；年末新认定另做下一完整年度起算稳健性,官方事件集合可构建；尚未完成上市法人历史名称映射,2017-02-08,https://www.szse.cn/api/report/index/companyGeneralization?secCode=002847,2026-08-06
002847,深圳证券交易所,盐津铺子,盐津铺子食品股份有限公司,2022,盐津铺子食品股份有限公司,1,1,候选；须核对该年度法人名称、退市时点及主体关系,2019,recognition,第六批新认定名单,农产发〔2019〕3号,2019-11-26,https://www.moa.gov.cn/nybgb/2019/201912/202004/P020200410023357640054.pdf,基准按年末已生效的正式文件；年末新认定另做下一完整年度起算稳健性,官方事件集合可构建；尚未完成上市法人历史名称映射,2017-02-08,https://www.szse.cn/api/report/index/companyGeneralization?secCode=002847,2026-08-06
002847,深圳证券交易所,盐津铺子,盐津铺子食品股份有限公司,2023,盐津铺子食品股份有限公司,1,1,候选；须核对该年度法人名称、退市时点及主体关系,2023,monitor_pass,第十次监测合格名单,农产发〔2023〕3号,2023-05-12,https://www.moa.gov.cn/nybgb/2023/202306/202307/P020230719348171286633.pdf,基准按年末已生效的正式文件；年末新认定另做下一完整年度起算稳健性,官方事件集合可构建；尚未完成上市法人历史名称映射,2017-02-08,https://www.szse.cn/api/report/index/companyGeneralization?secCode=002847,2026-08-06
002852,深圳证券交易所,道道全,道道全粮油股份有限公司,2018,道道全粮油股份有限公司,1,1,候选；须核对该年度法人名称、退市时点及主体关系,2018,monitor_pass,第八次监测合格名单,农产发〔2018〕1号,2018-11-29,https://xccys.moa.gov.cn/gzdt/201812/t20181205_6314544.htm,基准按年末已生效的正式文件；年末新认定另做下一完整年度起算稳健性,官方事件集合可构建；尚未完成上市法人历史名称映射,2017-03-10,https://www.szse.cn/api/report/index/companyGeneralization?secCode=002852,2026-08-06
002852,深圳证券交易所,道道全,道道全粮油股份有限公司,2019,道道全粮油股份有限公司,1,1,候选；须核对该年度法人名称、退市时点及主体关系,2018,monitor_pass,第八次监测合格名单,农产发〔2018〕1号,2018-11-29,https://xccys.moa.gov.cn/gzdt/201812/t20181205_6314544.htm,基准按年末已生效的正式文件；年末新认定另做下一完整年度起算稳健性,官方事件集合可构建；尚未完成上市法人历史名称映射,2017-03-10,https://www.szse.cn/api/report/index/companyGeneralization?secCode=002852,2026-08-06
002852,深圳证券交易所,道道全,道道全粮油股份有限公司,2020,道道全粮油股份有限公司,1,1,候选；须核对该年度法人名称、退市时点及主体关系,2020,monitor_pass,第九次监测合格名单,农产发〔2020〕6号,2020-11-20,https://www.moa.gov.cn/nybgb/2020/202012/202102/P020210201587636946140.pdf,基准按年末已生效的正式文件；年末新认定另做下一完整年度起算稳健性,官方事件集合可构建；尚未完成上市法人历史名称映射,2017-03-10,https://www.szse.cn/api/report/index/companyGeneralization?secCode=002852,2026-08-06
002852,深圳证券交易所,道道全,道道全粮油股份有限公司,2021,道道全粮油股份有限公司,1,1,候选；须核对该年度法人名称、退市时点及主体关系,2020,monitor_pass,第九次监测合格名单,农产发〔2020〕6号,2020-11-20,https://www.moa.gov.cn/nybgb/2020/202012/202102/P020210201587636946140.pdf,基准按年末已生效的正式文件；年末新认定另做下一完整年度起算稳健性,官方事件集合可构建；尚未完成上市法人历史名称映射,2017-03-10,https://www.szse.cn/api/report/index/companyGeneralization?secCode=002852,2026-08-06
002852,深圳证券交易所,道道全,道道全粮油股份有限公司,2022,道道全粮油股份有限公司,1,1,候选；须核对该年度法人名称、退市时点及主体关系,2020,monitor_pass,第九次监测合格名单,农产发〔2020〕6号,2020-11-20,https://www.moa.gov.cn/nybgb/2020/202012/202102/P020210201587636946140.pdf,基准按年末已生效的正式文件；年末新认定另做下一完整年度起算稳健性,官方事件集合可构建；尚未完成上市法人历史名称映射,2017-03-10,https://www.szse.cn/api/report/index/companyGeneralization?secCode=002852,2026-08-06
002852,深圳证券交易所,道道全,道道全粮油股份有限公司,2023,道道全粮油股份有限公司,1,1,候选；须核对该年度法人名称、退市时点及主体关系,2023,monitor_pass,第十次监测合格名单,农产发〔2023〕3号,2023-05-12,https://www.moa.gov.cn/nybgb/2023/202306/202307/P020230719348171286633.pdf,基准按年末已生效的正式文件；年末新认定另做下一完整年度起算稳健性,官方事件集合可构建；尚未完成上市法人历史名称映射,2017-03-10,https://www.szse.cn/api/report/index/companyGeneralization?secCode=002852,2026-08-06
002873,深圳证券交易所,新天药业,贵阳新天药业股份有限公司,2018,贵阳新天药业股份有限公司,1,1,候选；须核对该年度法人名称、退市时点及主体关系,2018,monitor_pass,第八次监测合格名单,农产发〔2018〕1号,2018-11-29,https://xccys.moa.gov.cn/gzdt/201812/t20181205_6314544.htm,基准按年末已生效的正式文件；年末新认定另做下一完整年度起算稳健性,官方事件集合可构建；尚未完成上市法人历史名称映射,2017-05-19,https://www.szse.cn/api/report/index/companyGeneralization?secCode=002873,2026-08-06
002873,深圳证券交易所,新天药业,贵阳新天药业股份有限公司,2019,贵阳新天药业股份有限公司,1,1,候选；须核对该年度法人名称、退市时点及主体关系,2018,monitor_pass,第八次监测合格名单,农产发〔2018〕1号,2018-11-29,https://xccys.moa.gov.cn/gzdt/201812/t20181205_6314544.htm,基准按年末已生效的正式文件；年末新认定另做下一完整年度起算稳健性,官方事件集合可构建；尚未完成上市法人历史名称映射,2017-05-19,https://www.szse.cn/api/report/index/companyGeneralization?secCode=002873,2026-08-06
002873,深圳证券交易所,新天药业,贵阳新天药业股份有限公司,2020,贵阳新天药业股份有限公司,1,1,候选；须核对该年度法人名称、退市时点及主体关系,2020,monitor_pass,第九次监测合格名单,农产发〔2020〕6号,2020-11-20,https://www.moa.gov.cn/nybgb/2020/202012/202102/P020210201587636946140.pdf,基准按年末已生效的正式文件；年末新认定另做下一完整年度起算稳健性,官方事件集合可构建；尚未完成上市法人历史名称映射,2017-05-19,https://www.szse.cn/api/report/index/companyGeneralization?secCode=002873,2026-08-06
002873,深圳证券交易所,新天药业,贵阳新天药业股份有限公司,2021,贵阳新天药业股份有限公司,1,1,候选；须核对该年度法人名称、退市时点及主体关系,2020,monitor_pass,第九次监测合格名单,农产发〔2020〕6号,2020-11-20,https://www.moa.gov.cn/nybgb/2020/202012/202102/P020210201587636946140.pdf,基准按年末已生效的正式文件；年末新认定另做下一完整年度起算稳健性,官方事件集合可构建；尚未完成上市法人历史名称映射,2017-05-19,https://www.szse.cn/api/report/index/companyGeneralization?secCode=002873,2026-08-06
002873,深圳证券交易所,新天药业,贵阳新天药业股份有限公司,2022,贵阳新天药业股份有限公司,1,1,候选；须核对该年度法人名称、退市时点及主体关系,2020,monitor_pass,第九次监测合格名单,农产发〔2020〕6号,2020-11-20,https://www.moa.gov.cn/nybgb/2020/202012/202102/P020210201587636946140.pdf,基准按年末已生效的正式文件；年末新认定另做下一完整年度起算稳健性,官方事件集合可构建；尚未完成上市法人历史名称映射,2017-05-19,https://www.szse.cn/api/report/index/companyGeneralization?secCode=002873,2026-08-06
002873,深圳证券交易所,新天药业,贵阳新天药业股份有限公司,2023,贵阳新天药业股份有限公司,1,1,候选；须核对该年度法人名称、退市时点及主体关系,2023,monitor_pass,第十次监测合格名单,农产发〔2023〕3号,2023-05-12,https://www.moa.gov.cn/nybgb/2023/202306/202307/P020230719348171286633.pdf,基准按年末已生效的正式文件；年末新认定另做下一完整年度起算稳健性,官方事件集合可构建；尚未完成上市法人历史名称映射,2017-05-19,https://www.szse.cn/api/report/index/companyGeneralization?secCode=002873,2026-08-06
002910,深圳证券交易所,庄园牧场,兰州庄园牧场股份有限公司,2018,兰州庄园牧场股份有限公司,1,1,候选；须核对该年度法人名称、退市时点及主体关系,2018,monitor_pass,第八次监测合格名单,农产发〔2018〕1号,2018-11-29,https://xccys.moa.gov.cn/gzdt/201812/t20181205_6314544.htm,基准按年末已生效的正式文件；年末新认定另做下一完整年度起算稳健性,官方事件集合可构建；尚未完成上市法人历史名称映射,2017-10-31,https://www.szse.cn/api/report/index/companyGeneralization?secCode=002910,2026-08-06
002910,深圳证券交易所,庄园牧场,兰州庄园牧场股份有限公司,2019,兰州庄园牧场股份有限公司,1,1,候选；须核对该年度法人名称、退市时点及主体关系,2018,monitor_pass,第八次监测合格名单,农产发〔2018〕1号,2018-11-29,https://xccys.moa.gov.cn/gzdt/201812/t20181205_6314544.htm,基准按年末已生效的正式文件；年末新认定另做下一完整年度起算稳健性,官方事件集合可构建；尚未完成上市法人历史名称映射,2017-10-31,https://www.szse.cn/api/report/index/companyGeneralization?secCode=002910,2026-08-06
002910,深圳证券交易所,庄园牧场,兰州庄园牧场股份有限公司,2020,兰州庄园牧场股份有限公司,1,1,候选；须核对该年度法人名称、退市时点及主体关系,2020,monitor_pass,第九次监测合格名单,农产发〔2020〕6号,2020-11-20,https://www.moa.gov.cn/nybgb/2020/202012/202102/P020210201587636946140.pdf,基准按年末已生效的正式文件；年末新认定另做下一完整年度起算稳健性,官方事件集合可构建；尚未完成上市法人历史名称映射,2017-10-31,https://www.szse.cn/api/report/index/companyGeneralization?secCode=002910,2026-08-06
002910,深圳证券交易所,庄园牧场,兰州庄园牧场股份有限公司,2021,兰州庄园牧场股份有限公司,1,1,候选；须核对该年度法人名称、退市时点及主体关系,2020,monitor_pass,第九次监测合格名单,农产发〔2020〕6号,2020-11-20,https://www.moa.gov.cn/nybgb/2020/202012/202102/P020210201587636946140.pdf,基准按年末已生效的正式文件；年末新认定另做下一完整年度起算稳健性,官方事件集合可构建；尚未完成上市法人历史名称映射,2017-10-31,https://www.szse.cn/api/report/index/companyGeneralization?secCode=002910,2026-08-06
002910,深圳证券交易所,庄园牧场,兰州庄园牧场股份有限公司,2022,兰州庄园牧场股份有限公司,1,1,候选；须核对该年度法人名称、退市时点及主体关系,2020,monitor_pass,第九次监测合格名单,农产发〔2020〕6号,2020-11-20,https://www.moa.gov.cn/nybgb/2020/202012/202102/P020210201587636946140.pdf,基准按年末已生效的正式文件；年末新认定另做下一完整年度起算稳健性,官方事件集合可构建；尚未完成上市法人历史名称映射,2017-10-31,https://www.szse.cn/api/report/index/companyGeneralization?secCode=002910,2026-08-06
002910,深圳证券交易所,庄园牧场,兰州庄园牧场股份有限公司,2023,兰州庄园牧场股份有限公司,1,1,候选；须核对该年度法人名称、退市时点及主体关系,2023,monitor_pass,第十次监测合格名单,农产发〔2023〕3号,2023-05-12,https://www.moa.gov.cn/nybgb/2023/202306/202307/P020230719348171286633.pdf,基准按年末已生效的正式文件；年末新认定另做下一完整年度起算稳健性,官方事件集合可构建；尚未完成上市法人历史名称映射,2017-10-31,https://www.szse.cn/api/report/index/companyGeneralization?secCode=002910,2026-08-06
002982,深圳证券交易所,湘佳股份,湖南湘佳牧业股份有限公司,2020,湖南湘佳牧业股份有限公司,1,1,候选；须核对该年度法人名称、退市时点及主体关系,2020,monitor_pass,第九次监测合格名单,农产发〔2020〕6号,2020-11-20,https://www.moa.gov.cn/nybgb/2020/202012/202102/P020210201587636946140.pdf,基准按年末已生效的正式文件；年末新认定另做下一完整年度起算稳健性,官方事件集合可构建；尚未完成上市法人历史名称映射,2020-04-24,https://www.szse.cn/api/report/index/companyGeneralization?secCode=002982,2026-08-06
002982,深圳证券交易所,湘佳股份,湖南湘佳牧业股份有限公司,2021,湖南湘佳牧业股份有限公司,1,1,候选；须核对该年度法人名称、退市时点及主体关系,2020,monitor_pass,第九次监测合格名单,农产发〔2020〕6号,2020-11-20,https://www.moa.gov.cn/nybgb/2020/202012/202102/P020210201587636946140.pdf,基准按年末已生效的正式文件；年末新认定另做下一完整年度起算稳健性,官方事件集合可构建；尚未完成上市法人历史名称映射,2020-04-24,https://www.szse.cn/api/report/index/companyGeneralization?secCode=002982,2026-08-06
002982,深圳证券交易所,湘佳股份,湖南湘佳牧业股份有限公司,2022,湖南湘佳牧业股份有限公司,1,1,候选；须核对该年度法人名称、退市时点及主体关系,2020,monitor_pass,第九次监测合格名单,农产发〔2020〕6号,2020-11-20,https://www.moa.gov.cn/nybgb/2020/202012/202102/P020210201587636946140.pdf,基准按年末已生效的正式文件；年末新认定另做下一完整年度起算稳健性,官方事件集合可构建；尚未完成上市法人历史名称映射,2020-04-24,https://www.szse.cn/api/report/index/companyGeneralization?secCode=002982,2026-08-06
002982,深圳证券交易所,湘佳股份,湖南湘佳牧业股份有限公司,2023,湖南湘佳牧业股份有限公司,1,1,候选；须核对该年度法人名称、退市时点及主体关系,2023,monitor_pass,第十次监测合格名单,农产发〔2023〕3号,2023-05-12,https://www.moa.gov.cn/nybgb/2023/202306/202307/P020230719348171286633.pdf,基准按年末已生效的正式文件；年末新认定另做下一完整年度起算稳健性,官方事件集合可构建；尚未完成上市法人历史名称映射,2020-04-24,https://www.szse.cn/api/report/index/companyGeneralization?secCode=002982,2026-08-06
002991,深圳证券交易所,甘源食品,甘源食品股份有限公司,2021,甘源食品股份有限公司,1,1,候选；须核对该年度法人名称、退市时点及主体关系,2021,recognition,第七批新认定名单,农产发〔2021〕4号,2021-12-22,https://xccys.moa.gov.cn/gzdt/202201/t20220113_6386872.htm,基准按年末已生效的正式文件；年末新认定另做下一完整年度起算稳健性,官方事件集合可构建；尚未完成上市法人历史名称映射,2020-07-31,https://www.szse.cn/api/report/index/companyGeneralization?secCode=002991,2026-08-06
002991,深圳证券交易所,甘源食品,甘源食品股份有限公司,2022,甘源食品股份有限公司,1,1,候选；须核对该年度法人名称、退市时点及主体关系,2021,recognition,第七批新认定名单,农产发〔2021〕4号,2021-12-22,https://xccys.moa.gov.cn/gzdt/202201/t20220113_6386872.htm,基准按年末已生效的正式文件；年末新认定另做下一完整年度起算稳健性,官方事件集合可构建；尚未完成上市法人历史名称映射,2020-07-31,https://www.szse.cn/api/report/index/companyGeneralization?secCode=002991,2026-08-06
002991,深圳证券交易所,甘源食品,甘源食品股份有限公司,2023,甘源食品股份有限公司,1,1,候选；须核对该年度法人名称、退市时点及主体关系,2021,recognition,第七批新认定名单,农产发〔2021〕4号,2021-12-22,https://xccys.moa.gov.cn/gzdt/202201/t20220113_6386872.htm,基准按年末已生效的正式文件；年末新认定另做下一完整年度起算稳健性,官方事件集合可构建；尚未完成上市法人历史名称映射,2020-07-31,https://www.szse.cn/api/report/index/companyGeneralization?secCode=002991,2026-08-06
003000,深圳证券交易所,劲仔食品,劲仔食品集团股份有限公司,2021,劲仔食品集团股份有限公司,1,1,候选；须核对该年度法人名称、退市时点及主体关系,2021,recognition,第七批新认定名单,农产发〔2021〕4号,2021-12-22,https://xccys.moa.gov.cn/gzdt/202201/t20220113_6386872.htm,基准按年末已生效的正式文件；年末新认定另做下一完整年度起算稳健性,官方事件集合可构建；尚未完成上市法人历史名称映射,2020-09-14,https://www.szse.cn/api/report/index/companyGeneralization?secCode=003000,2026-08-06
003000,深圳证券交易所,劲仔食品,劲仔食品集团股份有限公司,2022,劲仔食品集团股份有限公司,1,1,候选；须核对该年度法人名称、退市时点及主体关系,2021,recognition,第七批新认定名单,农产发〔2021〕4号,2021-12-22,https://xccys.moa.gov.cn/gzdt/202201/t20220113_6386872.htm,基准按年末已生效的正式文件；年末新认定另做下一完整年度起算稳健性,官方事件集合可构建；尚未完成上市法人历史名称映射,2020-09-14,https://www.szse.cn/api/report/index/companyGeneralization?secCode=003000,2026-08-06
003000,深圳证券交易所,劲仔食品,劲仔食品集团股份有限公司,2023,劲仔食品集团股份有限公司,1,1,候选；须核对该年度法人名称、退市时点及主体关系,2021,recognition,第七批新认定名单,农产发〔2021〕4号,2021-12-22,https://xccys.moa.gov.cn/gzdt/202201/t20220113_6386872.htm,基准按年末已生效的正式文件；年末新认定另做下一完整年度起算稳健性,官方事件集合可构建；尚未完成上市法人历史名称映射,2020-09-14,https://www.szse.cn/api/report/index/companyGeneralization?secCode=003000,2026-08-06
300087,深圳证券交易所,ST荃银,安徽荃银高科种业股份有限公司,2019,安徽荃银高科种业股份有限公司,1,1,候选；须核对该年度法人名称、退市时点及主体关系,2019,recognition,第六批新认定名单,农产发〔2019〕3号,2019-11-26,https://www.moa.gov.cn/nybgb/2019/201912/202004/P020200410023357640054.pdf,基准按年末已生效的正式文件；年末新认定另做下一完整年度起算稳健性,官方事件集合可构建；尚未完成上市法人历史名称映射,2010-05-26,https://www.szse.cn/api/report/index/companyGeneralization?secCode=300087,2026-08-06
300087,深圳证券交易所,ST荃银,安徽荃银高科种业股份有限公司,2020,安徽荃银高科种业股份有限公司,1,1,候选；须核对该年度法人名称、退市时点及主体关系,2019,recognition,第六批新认定名单,农产发〔2019〕3号,2019-11-26,https://www.moa.gov.cn/nybgb/2019/201912/202004/P020200410023357640054.pdf,基准按年末已生效的正式文件；年末新认定另做下一完整年度起算稳健性,官方事件集合可构建；尚未完成上市法人历史名称映射,2010-05-26,https://www.szse.cn/api/report/index/companyGeneralization?secCode=300087,2026-08-06
300087,深圳证券交易所,ST荃银,安徽荃银高科种业股份有限公司,2021,安徽荃银高科种业股份有限公司,1,1,候选；须核对该年度法人名称、退市时点及主体关系,2019,recognition,第六批新认定名单,农产发〔2019〕3号,2019-11-26,https://www.moa.gov.cn/nybgb/2019/201912/202004/P020200410023357640054.pdf,基准按年末已生效的正式文件；年末新认定另做下一完整年度起算稳健性,官方事件集合可构建；尚未完成上市法人历史名称映射,2010-05-26,https://www.szse.cn/api/report/index/companyGeneralization?secCode=300087,2026-08-06
300087,深圳证券交易所,ST荃银,安徽荃银高科种业股份有限公司,2022,安徽荃银高科种业股份有限公司,1,1,候选；须核对该年度法人名称、退市时点及主体关系,2019,recognition,第六批新认定名单,农产发〔2019〕3号,2019-11-26,https://www.moa.gov.cn/nybgb/2019/201912/202004/P020200410023357640054.pdf,基准按年末已生效的正式文件；年末新认定另做下一完整年度起算稳健性,官方事件集合可构建；尚未完成上市法人历史名称映射,2010-05-26,https://www.szse.cn/api/report/index/companyGeneralization?secCode=300087,2026-08-06
300087,深圳证券交易所,ST荃银,安徽荃银高科种业股份有限公司,2023,安徽荃银高科种业股份有限公司,1,1,候选；须核对该年度法人名称、退市时点及主体关系,2023,monitor_pass,第十次监测合格名单,农产发〔2023〕3号,2023-05-12,https://www.moa.gov.cn/nybgb/2023/202306/202307/P020230719348171286633.pdf,基准按年末已生效的正式文件；年末新认定另做下一完整年度起算稳健性,官方事件集合可构建；尚未完成上市法人历史名称映射,2010-05-26,https://www.szse.cn/api/report/index/companyGeneralization?secCode=300087,2026-08-06
300094,深圳证券交易所,国联水产,湛江国联水产开发股份有限公司,2014,湛江国联水产开发股份有限公司,1,1,候选；须核对该年度法人名称、退市时点及主体关系,2014,monitor_pass,第六次监测合格名单,农经发〔2014〕9号,2014-09-01,https://www.moa.gov.cn/nybgb/2014/shi/201712/P020180104776701107212.pdf,基准按年末已生效的正式文件；年末新认定另做下一完整年度起算稳健性,官方事件集合可构建；尚未完成上市法人历史名称映射,2010-07-08,https://www.szse.cn/api/report/index/companyGeneralization?secCode=300094,2026-08-06
300094,深圳证券交易所,国联水产,湛江国联水产开发股份有限公司,2015,湛江国联水产开发股份有限公司,1,1,候选；须核对该年度法人名称、退市时点及主体关系,2014,monitor_pass,第六次监测合格名单,农经发〔2014〕9号,2014-09-01,https://www.moa.gov.cn/nybgb/2014/shi/201712/P020180104776701107212.pdf,基准按年末已生效的正式文件；年末新认定另做下一完整年度起算稳健性,官方事件集合可构建；尚未完成上市法人历史名称映射,2010-07-08,https://www.szse.cn/api/report/index/companyGeneralization?secCode=300094,2026-08-06
300094,深圳证券交易所,国联水产,湛江国联水产开发股份有限公司,2018,湛江国联水产开发股份有限公司,1,1,候选；须核对该年度法人名称、退市时点及主体关系,2018,monitor_pass,第八次监测合格名单,农产发〔2018〕1号,2018-11-29,https://xccys.moa.gov.cn/gzdt/201812/t20181205_6314544.htm,基准按年末已生效的正式文件；年末新认定另做下一完整年度起算稳健性,官方事件集合可构建；尚未完成上市法人历史名称映射,2010-07-08,https://www.szse.cn/api/report/index/companyGeneralization?secCode=300094,2026-08-06
300094,深圳证券交易所,国联水产,湛江国联水产开发股份有限公司,2019,湛江国联水产开发股份有限公司,1,1,候选；须核对该年度法人名称、退市时点及主体关系,2018,monitor_pass,第八次监测合格名单,农产发〔2018〕1号,2018-11-29,https://xccys.moa.gov.cn/gzdt/201812/t20181205_6314544.htm,基准按年末已生效的正式文件；年末新认定另做下一完整年度起算稳健性,官方事件集合可构建；尚未完成上市法人历史名称映射,2010-07-08,https://www.szse.cn/api/report/index/companyGeneralization?secCode=300094,2026-08-06
300094,深圳证券交易所,国联水产,湛江国联水产开发股份有限公司,2020,湛江国联水产开发股份有限公司,1,1,候选；须核对该年度法人名称、退市时点及主体关系,2020,monitor_pass,第九次监测合格名单,农产发〔2020〕6号,2020-11-20,https://www.moa.gov.cn/nybgb/2020/202012/202102/P020210201587636946140.pdf,基准按年末已生效的正式文件；年末新认定另做下一完整年度起算稳健性,官方事件集合可构建；尚未完成上市法人历史名称映射,2010-07-08,https://www.szse.cn/api/report/index/companyGeneralization?secCode=300094,2026-08-06
300094,深圳证券交易所,国联水产,湛江国联水产开发股份有限公司,2021,湛江国联水产开发股份有限公司,1,1,候选；须核对该年度法人名称、退市时点及主体关系,2020,monitor_pass,第九次监测合格名单,农产发〔2020〕6号,2020-11-20,https://www.moa.gov.cn/nybgb/2020/202012/202102/P020210201587636946140.pdf,基准按年末已生效的正式文件；年末新认定另做下一完整年度起算稳健性,官方事件集合可构建；尚未完成上市法人历史名称映射,2010-07-08,https://www.szse.cn/api/report/index/companyGeneralization?secCode=300094,2026-08-06
300094,深圳证券交易所,国联水产,湛江国联水产开发股份有限公司,2022,湛江国联水产开发股份有限公司,1,1,候选；须核对该年度法人名称、退市时点及主体关系,2020,monitor_pass,第九次监测合格名单,农产发〔2020〕6号,2020-11-20,https://www.moa.gov.cn/nybgb/2020/202012/202102/P020210201587636946140.pdf,基准按年末已生效的正式文件；年末新认定另做下一完整年度起算稳健性,官方事件集合可构建；尚未完成上市法人历史名称映射,2010-07-08,https://www.szse.cn/api/report/index/companyGeneralization?secCode=300094,2026-08-06
300094,深圳证券交易所,国联水产,湛江国联水产开发股份有限公司,2023,湛江国联水产开发股份有限公司,1,1,候选；须核对该年度法人名称、退市时点及主体关系,2023,monitor_pass,第十次监测合格名单,农产发〔2023〕3号,2023-05-12,https://www.moa.gov.cn/nybgb/2023/202306/202307/P020230719348171286633.pdf,基准按年末已生效的正式文件；年末新认定另做下一完整年度起算稳健性,官方事件集合可构建；尚未完成上市法人历史名称映射,2010-07-08,https://www.szse.cn/api/report/index/companyGeneralization?secCode=300094,2026-08-06
300106,深圳证券交易所,西部牧业,新疆西部牧业股份有限公司,2014,新疆西部牧业股份有限公司,1,1,候选；须核对该年度法人名称、退市时点及主体关系,2014,monitor_pass,第六次监测合格名单,农经发〔2014〕9号,2014-09-01,https://www.moa.gov.cn/nybgb/2014/shi/201712/P020180104776701107212.pdf,基准按年末已生效的正式文件；年末新认定另做下一完整年度起算稳健性,官方事件集合可构建；尚未完成上市法人历史名称映射,2010-08-20,https://www.szse.cn/api/report/index/companyGeneralization?secCode=300106,2026-08-06
300106,深圳证券交易所,西部牧业,新疆西部牧业股份有限公司,2015,新疆西部牧业股份有限公司,1,1,候选；须核对该年度法人名称、退市时点及主体关系,2014,monitor_pass,第六次监测合格名单,农经发〔2014〕9号,2014-09-01,https://www.moa.gov.cn/nybgb/2014/shi/201712/P020180104776701107212.pdf,基准按年末已生效的正式文件；年末新认定另做下一完整年度起算稳健性,官方事件集合可构建；尚未完成上市法人历史名称映射,2010-08-20,https://www.szse.cn/api/report/index/companyGeneralization?secCode=300106,2026-08-06
300138,深圳证券交易所,晨光生物,晨光生物科技集团股份有限公司,2014,晨光生物科技集团股份有限公司,1,1,候选；须核对该年度法人名称、退市时点及主体关系,2014,monitor_pass,第六次监测合格名单,农经发〔2014〕9号,2014-09-01,https://www.moa.gov.cn/nybgb/2014/shi/201712/P020180104776701107212.pdf,基准按年末已生效的正式文件；年末新认定另做下一完整年度起算稳健性,官方事件集合可构建；尚未完成上市法人历史名称映射,2010-11-05,https://www.szse.cn/api/report/index/companyGeneralization?secCode=300138,2026-08-06
300138,深圳证券交易所,晨光生物,晨光生物科技集团股份有限公司,2015,晨光生物科技集团股份有限公司,1,1,候选；须核对该年度法人名称、退市时点及主体关系,2014,monitor_pass,第六次监测合格名单,农经发〔2014〕9号,2014-09-01,https://www.moa.gov.cn/nybgb/2014/shi/201712/P020180104776701107212.pdf,基准按年末已生效的正式文件；年末新认定另做下一完整年度起算稳健性,官方事件集合可构建；尚未完成上市法人历史名称映射,2010-11-05,https://www.szse.cn/api/report/index/companyGeneralization?secCode=300138,2026-08-06
300138,深圳证券交易所,晨光生物,晨光生物科技集团股份有限公司,2018,晨光生物科技集团股份有限公司,1,1,候选；须核对该年度法人名称、退市时点及主体关系,2018,monitor_pass,第八次监测合格名单,农产发〔2018〕1号,2018-11-29,https://xccys.moa.gov.cn/gzdt/201812/t20181205_6314544.htm,基准按年末已生效的正式文件；年末新认定另做下一完整年度起算稳健性,官方事件集合可构建；尚未完成上市法人历史名称映射,2010-11-05,https://www.szse.cn/api/report/index/companyGeneralization?secCode=300138,2026-08-06
300138,深圳证券交易所,晨光生物,晨光生物科技集团股份有限公司,2019,晨光生物科技集团股份有限公司,1,1,候选；须核对该年度法人名称、退市时点及主体关系,2018,monitor_pass,第八次监测合格名单,农产发〔2018〕1号,2018-11-29,https://xccys.moa.gov.cn/gzdt/201812/t20181205_6314544.htm,基准按年末已生效的正式文件；年末新认定另做下一完整年度起算稳健性,官方事件集合可构建；尚未完成上市法人历史名称映射,2010-11-05,https://www.szse.cn/api/report/index/companyGeneralization?secCode=300138,2026-08-06
300138,深圳证券交易所,晨光生物,晨光生物科技集团股份有限公司,2020,晨光生物科技集团股份有限公司,1,1,候选；须核对该年度法人名称、退市时点及主体关系,2020,monitor_pass,第九次监测合格名单,农产发〔2020〕6号,2020-11-20,https://www.moa.gov.cn/nybgb/2020/202012/202102/P020210201587636946140.pdf,基准按年末已生效的正式文件；年末新认定另做下一完整年度起算稳健性,官方事件集合可构建；尚未完成上市法人历史名称映射,2010-11-05,https://www.szse.cn/api/report/index/companyGeneralization?secCode=300138,2026-08-06
300138,深圳证券交易所,晨光生物,晨光生物科技集团股份有限公司,2021,晨光生物科技集团股份有限公司,1,1,候选；须核对该年度法人名称、退市时点及主体关系,2020,monitor_pass,第九次监测合格名单,农产发〔2020〕6号,2020-11-20,https://www.moa.gov.cn/nybgb/2020/202012/202102/P020210201587636946140.pdf,基准按年末已生效的正式文件；年末新认定另做下一完整年度起算稳健性,官方事件集合可构建；尚未完成上市法人历史名称映射,2010-11-05,https://www.szse.cn/api/report/index/companyGeneralization?secCode=300138,2026-08-06
300138,深圳证券交易所,晨光生物,晨光生物科技集团股份有限公司,2022,晨光生物科技集团股份有限公司,1,1,候选；须核对该年度法人名称、退市时点及主体关系,2020,monitor_pass,第九次监测合格名单,农产发〔2020〕6号,2020-11-20,https://www.moa.gov.cn/nybgb/2020/202012/202102/P020210201587636946140.pdf,基准按年末已生效的正式文件；年末新认定另做下一完整年度起算稳健性,官方事件集合可构建；尚未完成上市法人历史名称映射,2010-11-05,https://www.szse.cn/api/report/index/companyGeneralization?secCode=300138,2026-08-06
300138,深圳证券交易所,晨光生物,晨光生物科技集团股份有限公司,2023,晨光生物科技集团股份有限公司,1,1,候选；须核对该年度法人名称、退市时点及主体关系,2023,monitor_pass,第十次监测合格名单,农产发〔2023〕3号,2023-05-12,https://www.moa.gov.cn/nybgb/2023/202306/202307/P020230719348171286633.pdf,基准按年末已生效的正式文件；年末新认定另做下一完整年度起算稳健性,官方事件集合可构建；尚未完成上市法人历史名称映射,2010-11-05,https://www.szse.cn/api/report/index/companyGeneralization?secCode=300138,2026-08-06
300158,深圳证券交易所,振东制药,山西振东制药股份有限公司,2019,山西振东制药股份有限公司,1,1,候选；须核对该年度法人名称、退市时点及主体关系,2019,recognition,第六批新认定名单,农产发〔2019〕3号,2019-11-26,https://www.moa.gov.cn/nybgb/2019/201912/202004/P020200410023357640054.pdf,基准按年末已生效的正式文件；年末新认定另做下一完整年度起算稳健性,官方事件集合可构建；尚未完成上市法人历史名称映射,2011-01-07,https://www.szse.cn/api/report/index/companyGeneralization?secCode=300158,2026-08-06
300158,深圳证券交易所,振东制药,山西振东制药股份有限公司,2020,山西振东制药股份有限公司,1,1,候选；须核对该年度法人名称、退市时点及主体关系,2019,recognition,第六批新认定名单,农产发〔2019〕3号,2019-11-26,https://www.moa.gov.cn/nybgb/2019/201912/202004/P020200410023357640054.pdf,基准按年末已生效的正式文件；年末新认定另做下一完整年度起算稳健性,官方事件集合可构建；尚未完成上市法人历史名称映射,2011-01-07,https://www.szse.cn/api/report/index/companyGeneralization?secCode=300158,2026-08-06
300158,深圳证券交易所,振东制药,山西振东制药股份有限公司,2021,山西振东制药股份有限公司,1,1,候选；须核对该年度法人名称、退市时点及主体关系,2019,recognition,第六批新认定名单,农产发〔2019〕3号,2019-11-26,https://www.moa.gov.cn/nybgb/2019/201912/202004/P020200410023357640054.pdf,基准按年末已生效的正式文件；年末新认定另做下一完整年度起算稳健性,官方事件集合可构建；尚未完成上市法人历史名称映射,2011-01-07,https://www.szse.cn/api/report/index/companyGeneralization?secCode=300158,2026-08-06
300158,深圳证券交易所,振东制药,山西振东制药股份有限公司,2022,山西振东制药股份有限公司,1,1,候选；须核对该年度法人名称、退市时点及主体关系,2019,recognition,第六批新认定名单,农产发〔2019〕3号,2019-11-26,https://www.moa.gov.cn/nybgb/2019/201912/202004/P020200410023357640054.pdf,基准按年末已生效的正式文件；年末新认定另做下一完整年度起算稳健性,官方事件集合可构建；尚未完成上市法人历史名称映射,2011-01-07,https://www.szse.cn/api/report/index/companyGeneralization?secCode=300158,2026-08-06
300158,深圳证券交易所,振东制药,山西振东制药股份有限公司,2023,山西振东制药股份有限公司,1,1,候选；须核对该年度法人名称、退市时点及主体关系,2023,monitor_pass,第十次监测合格名单,农产发〔2023〕3号,2023-05-12,https://www.moa.gov.cn/nybgb/2023/202306/202307/P020230719348171286633.pdf,基准按年末已生效的正式文件；年末新认定另做下一完整年度起算稳健性,官方事件集合可构建；尚未完成上市法人历史名称映射,2011-01-07,https://www.szse.cn/api/report/index/companyGeneralization?secCode=300158,2026-08-06
300498,深圳证券交易所,温氏股份,温氏食品集团股份有限公司,2020,温氏食品集团股份有限公司,1,1,候选；须核对该年度法人名称、退市时点及主体关系,2020,monitor_pass,第九次监测合格名单,农产发〔2020〕6号,2020-11-20,https://www.moa.gov.cn/nybgb/2020/202012/202102/P020210201587636946140.pdf,基准按年末已生效的正式文件；年末新认定另做下一完整年度起算稳健性,官方事件集合可构建；尚未完成上市法人历史名称映射,2015-11-02,https://www.szse.cn/api/report/index/companyGeneralization?secCode=300498,2026-08-06
300498,深圳证券交易所,温氏股份,温氏食品集团股份有限公司,2021,温氏食品集团股份有限公司,1,1,候选；须核对该年度法人名称、退市时点及主体关系,2020,monitor_pass,第九次监测合格名单,农产发〔2020〕6号,2020-11-20,https://www.moa.gov.cn/nybgb/2020/202012/202102/P020210201587636946140.pdf,基准按年末已生效的正式文件；年末新认定另做下一完整年度起算稳健性,官方事件集合可构建；尚未完成上市法人历史名称映射,2015-11-02,https://www.szse.cn/api/report/index/companyGeneralization?secCode=300498,2026-08-06
300498,深圳证券交易所,温氏股份,温氏食品集团股份有限公司,2022,温氏食品集团股份有限公司,1,1,候选；须核对该年度法人名称、退市时点及主体关系,2020,monitor_pass,第九次监测合格名单,农产发〔2020〕6号,2020-11-20,https://www.moa.gov.cn/nybgb/2020/202012/202102/P020210201587636946140.pdf,基准按年末已生效的正式文件；年末新认定另做下一完整年度起算稳健性,官方事件集合可构建；尚未完成上市法人历史名称映射,2015-11-02,https://www.szse.cn/api/report/index/companyGeneralization?secCode=300498,2026-08-06
300498,深圳证券交易所,温氏股份,温氏食品集团股份有限公司,2023,温氏食品集团股份有限公司,1,1,候选；须核对该年度法人名称、退市时点及主体关系,2023,monitor_pass,第十次监测合格名单,农产发〔2023〕3号,2023-05-12,https://www.moa.gov.cn/nybgb/2023/202306/202307/P020230719348171286633.pdf,基准按年末已生效的正式文件；年末新认定另做下一完整年度起算稳健性,官方事件集合可构建；尚未完成上市法人历史名称映射,2015-11-02,https://www.szse.cn/api/report/index/companyGeneralization?secCode=300498,2026-08-06
300511,深圳证券交易所,雪榕生物,上海雪榕生物科技股份有限公司,2018,上海雪榕生物科技股份有限公司,1,1,候选；须核对该年度法人名称、退市时点及主体关系,2018,monitor_pass,第八次监测合格名单,农产发〔2018〕1号,2018-11-29,https://xccys.moa.gov.cn/gzdt/201812/t20181205_6314544.htm,基准按年末已生效的正式文件；年末新认定另做下一完整年度起算稳健性,官方事件集合可构建；尚未完成上市法人历史名称映射,2016-05-04,https://www.szse.cn/api/report/index/companyGeneralization?secCode=300511,2026-08-06
300511,深圳证券交易所,雪榕生物,上海雪榕生物科技股份有限公司,2019,上海雪榕生物科技股份有限公司,1,1,候选；须核对该年度法人名称、退市时点及主体关系,2018,monitor_pass,第八次监测合格名单,农产发〔2018〕1号,2018-11-29,https://xccys.moa.gov.cn/gzdt/201812/t20181205_6314544.htm,基准按年末已生效的正式文件；年末新认定另做下一完整年度起算稳健性,官方事件集合可构建；尚未完成上市法人历史名称映射,2016-05-04,https://www.szse.cn/api/report/index/companyGeneralization?secCode=300511,2026-08-06
300511,深圳证券交易所,雪榕生物,上海雪榕生物科技股份有限公司,2020,上海雪榕生物科技股份有限公司,1,1,候选；须核对该年度法人名称、退市时点及主体关系,2020,monitor_pass,第九次监测合格名单,农产发〔2020〕6号,2020-11-20,https://www.moa.gov.cn/nybgb/2020/202012/202102/P020210201587636946140.pdf,基准按年末已生效的正式文件；年末新认定另做下一完整年度起算稳健性,官方事件集合可构建；尚未完成上市法人历史名称映射,2016-05-04,https://www.szse.cn/api/report/index/companyGeneralization?secCode=300511,2026-08-06
300511,深圳证券交易所,雪榕生物,上海雪榕生物科技股份有限公司,2021,上海雪榕生物科技股份有限公司,1,1,候选；须核对该年度法人名称、退市时点及主体关系,2020,monitor_pass,第九次监测合格名单,农产发〔2020〕6号,2020-11-20,https://www.moa.gov.cn/nybgb/2020/202012/202102/P020210201587636946140.pdf,基准按年末已生效的正式文件；年末新认定另做下一完整年度起算稳健性,官方事件集合可构建；尚未完成上市法人历史名称映射,2016-05-04,https://www.szse.cn/api/report/index/companyGeneralization?secCode=300511,2026-08-06
300511,深圳证券交易所,雪榕生物,上海雪榕生物科技股份有限公司,2022,上海雪榕生物科技股份有限公司,1,1,候选；须核对该年度法人名称、退市时点及主体关系,2020,monitor_pass,第九次监测合格名单,农产发〔2020〕6号,2020-11-20,https://www.moa.gov.cn/nybgb/2020/202012/202102/P020210201587636946140.pdf,基准按年末已生效的正式文件；年末新认定另做下一完整年度起算稳健性,官方事件集合可构建；尚未完成上市法人历史名称映射,2016-05-04,https://www.szse.cn/api/report/index/companyGeneralization?secCode=300511,2026-08-06
300511,深圳证券交易所,雪榕生物,上海雪榕生物科技股份有限公司,2023,上海雪榕生物科技股份有限公司,1,1,候选；须核对该年度法人名称、退市时点及主体关系,2023,monitor_pass,第十次监测合格名单,农产发〔2023〕3号,2023-05-12,https://www.moa.gov.cn/nybgb/2023/202306/202307/P020230719348171286633.pdf,基准按年末已生效的正式文件；年末新认定另做下一完整年度起算稳健性,官方事件集合可构建；尚未完成上市法人历史名称映射,2016-05-04,https://www.szse.cn/api/report/index/companyGeneralization?secCode=300511,2026-08-06
300783,深圳证券交易所,三只松鼠,三只松鼠股份有限公司,2020,三只松鼠股份有限公司,1,1,候选；须核对该年度法人名称、退市时点及主体关系,2020,monitor_pass,第九次监测合格名单,农产发〔2020〕6号,2020-11-20,https://www.moa.gov.cn/nybgb/2020/202012/202102/P020210201587636946140.pdf,基准按年末已生效的正式文件；年末新认定另做下一完整年度起算稳健性,官方事件集合可构建；尚未完成上市法人历史名称映射,2019-07-12,https://www.szse.cn/api/report/index/companyGeneralization?secCode=300783,2026-08-06
300783,深圳证券交易所,三只松鼠,三只松鼠股份有限公司,2021,三只松鼠股份有限公司,1,1,候选；须核对该年度法人名称、退市时点及主体关系,2020,monitor_pass,第九次监测合格名单,农产发〔2020〕6号,2020-11-20,https://www.moa.gov.cn/nybgb/2020/202012/202102/P020210201587636946140.pdf,基准按年末已生效的正式文件；年末新认定另做下一完整年度起算稳健性,官方事件集合可构建；尚未完成上市法人历史名称映射,2019-07-12,https://www.szse.cn/api/report/index/companyGeneralization?secCode=300783,2026-08-06
300783,深圳证券交易所,三只松鼠,三只松鼠股份有限公司,2022,三只松鼠股份有限公司,1,1,候选；须核对该年度法人名称、退市时点及主体关系,2020,monitor_pass,第九次监测合格名单,农产发〔2020〕6号,2020-11-20,https://www.moa.gov.cn/nybgb/2020/202012/202102/P020210201587636946140.pdf,基准按年末已生效的正式文件；年末新认定另做下一完整年度起算稳健性,官方事件集合可构建；尚未完成上市法人历史名称映射,2019-07-12,https://www.szse.cn/api/report/index/companyGeneralization?secCode=300783,2026-08-06
300783,深圳证券交易所,三只松鼠,三只松鼠股份有限公司,2023,三只松鼠股份有限公司,1,1,候选；须核对该年度法人名称、退市时点及主体关系,2023,monitor_pass,第十次监测合格名单,农产发〔2023〕3号,2023-05-12,https://www.moa.gov.cn/nybgb/2023/202306/202307/P020230719348171286633.pdf,基准按年末已生效的正式文件；年末新认定另做下一完整年度起算稳健性,官方事件集合可构建；尚未完成上市法人历史名称映射,2019-07-12,https://www.szse.cn/api/report/index/companyGeneralization?secCode=300783,2026-08-06
300871,深圳证券交易所,回盛生物,武汉回盛生物科技股份有限公司,2021,武汉回盛生物科技股份有限公司,1,1,候选；须核对该年度法人名称、退市时点及主体关系,2021,recognition,第七批新认定名单,农产发〔2021〕4号,2021-12-22,https://xccys.moa.gov.cn/gzdt/202201/t20220113_6386872.htm,基准按年末已生效的正式文件；年末新认定另做下一完整年度起算稳健性,官方事件集合可构建；尚未完成上市法人历史名称映射,2020-08-24,https://www.szse.cn/api/report/index/companyGeneralization?secCode=300871,2026-08-06
300871,深圳证券交易所,回盛生物,武汉回盛生物科技股份有限公司,2022,武汉回盛生物科技股份有限公司,1,1,候选；须核对该年度法人名称、退市时点及主体关系,2021,recognition,第七批新认定名单,农产发〔2021〕4号,2021-12-22,https://xccys.moa.gov.cn/gzdt/202201/t20220113_6386872.htm,基准按年末已生效的正式文件；年末新认定另做下一完整年度起算稳健性,官方事件集合可构建；尚未完成上市法人历史名称映射,2020-08-24,https://www.szse.cn/api/report/index/companyGeneralization?secCode=300871,2026-08-06
300871,深圳证券交易所,回盛生物,武汉回盛生物科技股份有限公司,2023,武汉回盛生物科技股份有限公司,1,1,候选；须核对该年度法人名称、退市时点及主体关系,2021,recognition,第七批新认定名单,农产发〔2021〕4号,2021-12-22,https://xccys.moa.gov.cn/gzdt/202201/t20220113_6386872.htm,基准按年末已生效的正式文件；年末新认定另做下一完整年度起算稳健性,官方事件集合可构建；尚未完成上市法人历史名称映射,2020-08-24,https://www.szse.cn/api/report/index/companyGeneralization?secCode=300871,2026-08-06
300898,深圳证券交易所,熊猫乳品,熊猫乳品集团股份有限公司,2023,熊猫乳品集团股份有限公司,1,1,候选；须核对该年度法人名称、退市时点及主体关系,2023,replacement,第十次监测递补名单,农产发〔2023〕3号,2023-05-12,https://www.moa.gov.cn/nybgb/2023/202306/202307/P020230719348171286633.pdf,基准按年末已生效的正式文件；年末新认定另做下一完整年度起算稳健性,官方事件集合可构建；尚未完成上市法人历史名称映射,2020-10-16,https://www.szse.cn/api/report/index/companyGeneralization?secCode=300898,2026-08-06
300908,深圳证券交易所,仲景食品,仲景食品股份有限公司,2020,仲景食品股份有限公司,1,1,候选；须核对该年度法人名称、退市时点及主体关系,2019,recognition,第六批新认定名单,农产发〔2019〕3号,2019-11-26,https://www.moa.gov.cn/nybgb/2019/201912/202004/P020200410023357640054.pdf,基准按年末已生效的正式文件；年末新认定另做下一完整年度起算稳健性,官方事件集合可构建；尚未完成上市法人历史名称映射,2020-11-23,https://www.szse.cn/api/report/index/companyGeneralization?secCode=300908,2026-08-06
300908,深圳证券交易所,仲景食品,仲景食品股份有限公司,2021,仲景食品股份有限公司,1,1,候选；须核对该年度法人名称、退市时点及主体关系,2019,recognition,第六批新认定名单,农产发〔2019〕3号,2019-11-26,https://www.moa.gov.cn/nybgb/2019/201912/202004/P020200410023357640054.pdf,基准按年末已生效的正式文件；年末新认定另做下一完整年度起算稳健性,官方事件集合可构建；尚未完成上市法人历史名称映射,2020-11-23,https://www.szse.cn/api/report/index/companyGeneralization?secCode=300908,2026-08-06
300908,深圳证券交易所,仲景食品,仲景食品股份有限公司,2022,仲景食品股份有限公司,1,1,候选；须核对该年度法人名称、退市时点及主体关系,2019,recognition,第六批新认定名单,农产发〔2019〕3号,2019-11-26,https://www.moa.gov.cn/nybgb/2019/201912/202004/P020200410023357640054.pdf,基准按年末已生效的正式文件；年末新认定另做下一完整年度起算稳健性,官方事件集合可构建；尚未完成上市法人历史名称映射,2020-11-23,https://www.szse.cn/api/report/index/companyGeneralization?secCode=300908,2026-08-06
300908,深圳证券交易所,仲景食品,仲景食品股份有限公司,2023,仲景食品股份有限公司,1,1,候选；须核对该年度法人名称、退市时点及主体关系,2023,monitor_pass,第十次监测合格名单,农产发〔2023〕3号,2023-05-12,https://www.moa.gov.cn/nybgb/2023/202306/202307/P020230719348171286633.pdf,基准按年末已生效的正式文件；年末新认定另做下一完整年度起算稳健性,官方事件集合可构建；尚未完成上市法人历史名称映射,2020-11-23,https://www.szse.cn/api/report/index/companyGeneralization?secCode=300908,2026-08-06
300967,深圳证券交易所,晓鸣股份,宁夏晓鸣农牧股份有限公司,2021,宁夏晓鸣农牧股份有限公司,1,1,候选；须核对该年度法人名称、退市时点及主体关系,2019,recognition,第六批新认定名单,农产发〔2019〕3号,2019-11-26,https://www.moa.gov.cn/nybgb/2019/201912/202004/P020200410023357640054.pdf,基准按年末已生效的正式文件；年末新认定另做下一完整年度起算稳健性,官方事件集合可构建；尚未完成上市法人历史名称映射,2021-04-13,https://www.szse.cn/api/report/index/companyGeneralization?secCode=300967,2026-08-06
300967,深圳证券交易所,晓鸣股份,宁夏晓鸣农牧股份有限公司,2022,宁夏晓鸣农牧股份有限公司,1,1,候选；须核对该年度法人名称、退市时点及主体关系,2019,recognition,第六批新认定名单,农产发〔2019〕3号,2019-11-26,https://www.moa.gov.cn/nybgb/2019/201912/202004/P020200410023357640054.pdf,基准按年末已生效的正式文件；年末新认定另做下一完整年度起算稳健性,官方事件集合可构建；尚未完成上市法人历史名称映射,2021-04-13,https://www.szse.cn/api/report/index/companyGeneralization?secCode=300967,2026-08-06
300967,深圳证券交易所,晓鸣股份,宁夏晓鸣农牧股份有限公司,2023,宁夏晓鸣农牧股份有限公司,1,1,候选；须核对该年度法人名称、退市时点及主体关系,2023,monitor_pass,第十次监测合格名单,农产发〔2023〕3号,2023-05-12,https://www.moa.gov.cn/nybgb/2023/202306/202307/P020230719348171286633.pdf,基准按年末已生效的正式文件；年末新认定另做下一完整年度起算稳健性,官方事件集合可构建；尚未完成上市法人历史名称映射,2021-04-13,https://www.szse.cn/api/report/index/companyGeneralization?secCode=300967,2026-08-06
301116,深圳证券交易所,益客食品,江苏益客食品集团股份有限公司,2022,江苏益客食品集团股份有限公司,1,1,候选；须核对该年度法人名称、退市时点及主体关系,2020,monitor_pass,第九次监测合格名单,农产发〔2020〕6号,2020-11-20,https://www.moa.gov.cn/nybgb/2020/202012/202102/P020210201587636946140.pdf,基准按年末已生效的正式文件；年末新认定另做下一完整年度起算稳健性,官方事件集合可构建；尚未完成上市法人历史名称映射,2022-01-18,https://www.szse.cn/api/report/index/companyGeneralization?secCode=301116,2026-08-06
301116,深圳证券交易所,益客食品,江苏益客食品集团股份有限公司,2023,江苏益客食品集团股份有限公司,1,1,候选；须核对该年度法人名称、退市时点及主体关系,2023,monitor_pass,第十次监测合格名单,农产发〔2023〕3号,2023-05-12,https://www.moa.gov.cn/nybgb/2023/202306/202307/P020230719348171286633.pdf,基准按年末已生效的正式文件；年末新认定另做下一完整年度起算稳健性,官方事件集合可构建；尚未完成上市法人历史名称映射,2022-01-18,https://www.szse.cn/api/report/index/companyGeneralization?secCode=301116,2026-08-06
301498,深圳证券交易所,乖宝宠物,乖宝宠物食品集团股份有限公司,2023,乖宝宠物食品集团股份有限公司,1,1,候选；须核对该年度法人名称、退市时点及主体关系,2023,replacement,第十次监测递补名单,农产发〔2023〕3号,2023-05-12,https://www.moa.gov.cn/nybgb/2023/202306/202307/P020230719348171286633.pdf,基准按年末已生效的正式文件；年末新认定另做下一完整年度起算稳健性,官方事件集合可构建；尚未完成上市法人历史名称映射,2023-08-16,https://www.szse.cn/api/report/index/companyGeneralization?secCode=301498,2026-08-06
600108,上海证券交易所,亚盛集团,甘肃亚盛实业(集团)股份有限公司,2014,甘肃亚盛实业（集团）股份有限公司,1,1,候选；须核对该年度法人名称、退市时点及主体关系,2014,monitor_pass,第六次监测合格名单,农经发〔2014〕9号,2014-09-01,https://www.moa.gov.cn/nybgb/2014/shi/201712/P020180104776701107212.pdf,基准按年末已生效的正式文件；年末新认定另做下一完整年度起算稳健性,官方事件集合可构建；尚未完成上市法人历史名称映射,19970818,https://query.sse.com.cn/commonQuery.do?sqlId=COMMON_SSE_CP_GPJCTPZ_GPLB_GP_L,2026-08-06
600108,上海证券交易所,亚盛集团,甘肃亚盛实业(集团)股份有限公司,2015,甘肃亚盛实业（集团）股份有限公司,1,1,候选；须核对该年度法人名称、退市时点及主体关系,2014,monitor_pass,第六次监测合格名单,农经发〔2014〕9号,2014-09-01,https://www.moa.gov.cn/nybgb/2014/shi/201712/P020180104776701107212.pdf,基准按年末已生效的正式文件；年末新认定另做下一完整年度起算稳健性,官方事件集合可构建；尚未完成上市法人历史名称映射,19970818,https://query.sse.com.cn/commonQuery.do?sqlId=COMMON_SSE_CP_GPJCTPZ_GPLB_GP_L,2026-08-06
600108,上海证券交易所,亚盛集团,甘肃亚盛实业(集团)股份有限公司,2018,甘肃亚盛实业（集团）股份有限公司,1,1,候选；须核对该年度法人名称、退市时点及主体关系,2018,monitor_pass,第八次监测合格名单,农产发〔2018〕1号,2018-11-29,https://xccys.moa.gov.cn/gzdt/201812/t20181205_6314544.htm,基准按年末已生效的正式文件；年末新认定另做下一完整年度起算稳健性,官方事件集合可构建；尚未完成上市法人历史名称映射,19970818,https://query.sse.com.cn/commonQuery.do?sqlId=COMMON_SSE_CP_GPJCTPZ_GPLB_GP_L,2026-08-06
600108,上海证券交易所,亚盛集团,甘肃亚盛实业(集团)股份有限公司,2019,甘肃亚盛实业（集团）股份有限公司,1,1,候选；须核对该年度法人名称、退市时点及主体关系,2018,monitor_pass,第八次监测合格名单,农产发〔2018〕1号,2018-11-29,https://xccys.moa.gov.cn/gzdt/201812/t20181205_6314544.htm,基准按年末已生效的正式文件；年末新认定另做下一完整年度起算稳健性,官方事件集合可构建；尚未完成上市法人历史名称映射,19970818,https://query.sse.com.cn/commonQuery.do?sqlId=COMMON_SSE_CP_GPJCTPZ_GPLB_GP_L,2026-08-06
600108,上海证券交易所,亚盛集团,甘肃亚盛实业(集团)股份有限公司,2020,甘肃亚盛实业（集团）股份有限公司,1,1,候选；须核对该年度法人名称、退市时点及主体关系,2020,monitor_pass,第九次监测合格名单,农产发〔2020〕6号,2020-11-20,https://www.moa.gov.cn/nybgb/2020/202012/202102/P020210201587636946140.pdf,基准按年末已生效的正式文件；年末新认定另做下一完整年度起算稳健性,官方事件集合可构建；尚未完成上市法人历史名称映射,19970818,https://query.sse.com.cn/commonQuery.do?sqlId=COMMON_SSE_CP_GPJCTPZ_GPLB_GP_L,2026-08-06
600108,上海证券交易所,亚盛集团,甘肃亚盛实业(集团)股份有限公司,2021,甘肃亚盛实业（集团）股份有限公司,1,1,候选；须核对该年度法人名称、退市时点及主体关系,2020,monitor_pass,第九次监测合格名单,农产发〔2020〕6号,2020-11-20,https://www.moa.gov.cn/nybgb/2020/202012/202102/P020210201587636946140.pdf,基准按年末已生效的正式文件；年末新认定另做下一完整年度起算稳健性,官方事件集合可构建；尚未完成上市法人历史名称映射,19970818,https://query.sse.com.cn/commonQuery.do?sqlId=COMMON_SSE_CP_GPJCTPZ_GPLB_GP_L,2026-08-06
600108,上海证券交易所,亚盛集团,甘肃亚盛实业(集团)股份有限公司,2022,甘肃亚盛实业（集团）股份有限公司,1,1,候选；须核对该年度法人名称、退市时点及主体关系,2020,monitor_pass,第九次监测合格名单,农产发〔2020〕6号,2020-11-20,https://www.moa.gov.cn/nybgb/2020/202012/202102/P020210201587636946140.pdf,基准按年末已生效的正式文件；年末新认定另做下一完整年度起算稳健性,官方事件集合可构建；尚未完成上市法人历史名称映射,19970818,https://query.sse.com.cn/commonQuery.do?sqlId=COMMON_SSE_CP_GPJCTPZ_GPLB_GP_L,2026-08-06
600108,上海证券交易所,亚盛集团,甘肃亚盛实业(集团)股份有限公司,2023,甘肃亚盛实业（集团）股份有限公司,1,1,候选；须核对该年度法人名称、退市时点及主体关系,2023,monitor_pass,第十次监测合格名单,农产发〔2023〕3号,2023-05-12,https://www.moa.gov.cn/nybgb/2023/202306/202307/P020230719348171286633.pdf,基准按年末已生效的正式文件；年末新认定另做下一完整年度起算稳健性,官方事件集合可构建；尚未完成上市法人历史名称映射,19970818,https://query.sse.com.cn/commonQuery.do?sqlId=COMMON_SSE_CP_GPJCTPZ_GPLB_GP_L,2026-08-06
600127,上海证券交易所,金健米业,金健米业股份有限公司,2014,金健米业股份有限公司,1,1,候选；须核对该年度法人名称、退市时点及主体关系,2014,monitor_pass,第六次监测合格名单,农经发〔2014〕9号,2014-09-01,https://www.moa.gov.cn/nybgb/2014/shi/201712/P020180104776701107212.pdf,基准按年末已生效的正式文件；年末新认定另做下一完整年度起算稳健性,官方事件集合可构建；尚未完成上市法人历史名称映射,19980506,https://query.sse.com.cn/commonQuery.do?sqlId=COMMON_SSE_CP_GPJCTPZ_GPLB_GP_L,2026-08-06
600127,上海证券交易所,金健米业,金健米业股份有限公司,2015,金健米业股份有限公司,1,1,候选；须核对该年度法人名称、退市时点及主体关系,2014,monitor_pass,第六次监测合格名单,农经发〔2014〕9号,2014-09-01,https://www.moa.gov.cn/nybgb/2014/shi/201712/P020180104776701107212.pdf,基准按年末已生效的正式文件；年末新认定另做下一完整年度起算稳健性,官方事件集合可构建；尚未完成上市法人历史名称映射,19980506,https://query.sse.com.cn/commonQuery.do?sqlId=COMMON_SSE_CP_GPJCTPZ_GPLB_GP_L,2026-08-06
600127,上海证券交易所,金健米业,金健米业股份有限公司,2018,金健米业股份有限公司,1,1,候选；须核对该年度法人名称、退市时点及主体关系,2018,monitor_pass,第八次监测合格名单,农产发〔2018〕1号,2018-11-29,https://xccys.moa.gov.cn/gzdt/201812/t20181205_6314544.htm,基准按年末已生效的正式文件；年末新认定另做下一完整年度起算稳健性,官方事件集合可构建；尚未完成上市法人历史名称映射,19980506,https://query.sse.com.cn/commonQuery.do?sqlId=COMMON_SSE_CP_GPJCTPZ_GPLB_GP_L,2026-08-06
600127,上海证券交易所,金健米业,金健米业股份有限公司,2019,金健米业股份有限公司,1,1,候选；须核对该年度法人名称、退市时点及主体关系,2018,monitor_pass,第八次监测合格名单,农产发〔2018〕1号,2018-11-29,https://xccys.moa.gov.cn/gzdt/201812/t20181205_6314544.htm,基准按年末已生效的正式文件；年末新认定另做下一完整年度起算稳健性,官方事件集合可构建；尚未完成上市法人历史名称映射,19980506,https://query.sse.com.cn/commonQuery.do?sqlId=COMMON_SSE_CP_GPJCTPZ_GPLB_GP_L,2026-08-06
600127,上海证券交易所,金健米业,金健米业股份有限公司,2020,金健米业股份有限公司,1,1,候选；须核对该年度法人名称、退市时点及主体关系,2020,monitor_pass,第九次监测合格名单,农产发〔2020〕6号,2020-11-20,https://www.moa.gov.cn/nybgb/2020/202012/202102/P020210201587636946140.pdf,基准按年末已生效的正式文件；年末新认定另做下一完整年度起算稳健性,官方事件集合可构建；尚未完成上市法人历史名称映射,19980506,https://query.sse.com.cn/commonQuery.do?sqlId=COMMON_SSE_CP_GPJCTPZ_GPLB_GP_L,2026-08-06
600127,上海证券交易所,金健米业,金健米业股份有限公司,2021,金健米业股份有限公司,1,1,候选；须核对该年度法人名称、退市时点及主体关系,2020,monitor_pass,第九次监测合格名单,农产发〔2020〕6号,2020-11-20,https://www.moa.gov.cn/nybgb/2020/202012/202102/P020210201587636946140.pdf,基准按年末已生效的正式文件；年末新认定另做下一完整年度起算稳健性,官方事件集合可构建；尚未完成上市法人历史名称映射,19980506,https://query.sse.com.cn/commonQuery.do?sqlId=COMMON_SSE_CP_GPJCTPZ_GPLB_GP_L,2026-08-06
600127,上海证券交易所,金健米业,金健米业股份有限公司,2022,金健米业股份有限公司,1,1,候选；须核对该年度法人名称、退市时点及主体关系,2020,monitor_pass,第九次监测合格名单,农产发〔2020〕6号,2020-11-20,https://www.moa.gov.cn/nybgb/2020/202012/202102/P020210201587636946140.pdf,基准按年末已生效的正式文件；年末新认定另做下一完整年度起算稳健性,官方事件集合可构建；尚未完成上市法人历史名称映射,19980506,https://query.sse.com.cn/commonQuery.do?sqlId=COMMON_SSE_CP_GPJCTPZ_GPLB_GP_L,2026-08-06
600127,上海证券交易所,金健米业,金健米业股份有限公司,2023,金健米业股份有限公司,1,1,候选；须核对该年度法人名称、退市时点及主体关系,2023,monitor_pass,第十次监测合格名单,农产发〔2023〕3号,2023-05-12,https://www.moa.gov.cn/nybgb/2023/202306/202307/P020230719348171286633.pdf,基准按年末已生效的正式文件；年末新认定另做下一完整年度起算稳健性,官方事件集合可构建；尚未完成上市法人历史名称映射,19980506,https://query.sse.com.cn/commonQuery.do?sqlId=COMMON_SSE_CP_GPJCTPZ_GPLB_GP_L,2026-08-06
600129,上海证券交易所,太极集团,重庆太极实业(集团)股份有限公司,2018,重庆太极实业（集团）股份有限公司,1,1,候选；须核对该年度法人名称、退市时点及主体关系,2018,monitor_pass,第八次监测合格名单,农产发〔2018〕1号,2018-11-29,https://xccys.moa.gov.cn/gzdt/201812/t20181205_6314544.htm,基准按年末已生效的正式文件；年末新认定另做下一完整年度起算稳健性,官方事件集合可构建；尚未完成上市法人历史名称映射,19971118,https://query.sse.com.cn/commonQuery.do?sqlId=COMMON_SSE_CP_GPJCTPZ_GPLB_GP_L,2026-08-06
600129,上海证券交易所,太极集团,重庆太极实业(集团)股份有限公司,2019,重庆太极实业（集团）股份有限公司,1,1,候选；须核对该年度法人名称、退市时点及主体关系,2018,monitor_pass,第八次监测合格名单,农产发〔2018〕1号,2018-11-29,https://xccys.moa.gov.cn/gzdt/201812/t20181205_6314544.htm,基准按年末已生效的正式文件；年末新认定另做下一完整年度起算稳健性,官方事件集合可构建；尚未完成上市法人历史名称映射,19971118,https://query.sse.com.cn/commonQuery.do?sqlId=COMMON_SSE_CP_GPJCTPZ_GPLB_GP_L,2026-08-06
600129,上海证券交易所,太极集团,重庆太极实业(集团)股份有限公司,2020,重庆太极实业（集团）股份有限公司,1,1,候选；须核对该年度法人名称、退市时点及主体关系,2020,monitor_pass,第九次监测合格名单,农产发〔2020〕6号,2020-11-20,https://www.moa.gov.cn/nybgb/2020/202012/202102/P020210201587636946140.pdf,基准按年末已生效的正式文件；年末新认定另做下一完整年度起算稳健性,官方事件集合可构建；尚未完成上市法人历史名称映射,19971118,https://query.sse.com.cn/commonQuery.do?sqlId=COMMON_SSE_CP_GPJCTPZ_GPLB_GP_L,2026-08-06
600129,上海证券交易所,太极集团,重庆太极实业(集团)股份有限公司,2021,重庆太极实业（集团）股份有限公司,1,1,候选；须核对该年度法人名称、退市时点及主体关系,2020,monitor_pass,第九次监测合格名单,农产发〔2020〕6号,2020-11-20,https://www.moa.gov.cn/nybgb/2020/202012/202102/P020210201587636946140.pdf,基准按年末已生效的正式文件；年末新认定另做下一完整年度起算稳健性,官方事件集合可构建；尚未完成上市法人历史名称映射,19971118,https://query.sse.com.cn/commonQuery.do?sqlId=COMMON_SSE_CP_GPJCTPZ_GPLB_GP_L,2026-08-06
600129,上海证券交易所,太极集团,重庆太极实业(集团)股份有限公司,2022,重庆太极实业（集团）股份有限公司,1,1,候选；须核对该年度法人名称、退市时点及主体关系,2020,monitor_pass,第九次监测合格名单,农产发〔2020〕6号,2020-11-20,https://www.moa.gov.cn/nybgb/2020/202012/202102/P020210201587636946140.pdf,基准按年末已生效的正式文件；年末新认定另做下一完整年度起算稳健性,官方事件集合可构建；尚未完成上市法人历史名称映射,19971118,https://query.sse.com.cn/commonQuery.do?sqlId=COMMON_SSE_CP_GPJCTPZ_GPLB_GP_L,2026-08-06
600129,上海证券交易所,太极集团,重庆太极实业(集团)股份有限公司,2023,重庆太极实业（集团）股份有限公司,1,1,候选；须核对该年度法人名称、退市时点及主体关系,2023,monitor_pass,第十次监测合格名单,农产发〔2023〕3号,2023-05-12,https://www.moa.gov.cn/nybgb/2023/202306/202307/P020230719348171286633.pdf,基准按年末已生效的正式文件；年末新认定另做下一完整年度起算稳健性,官方事件集合可构建；尚未完成上市法人历史名称映射,19971118,https://query.sse.com.cn/commonQuery.do?sqlId=COMMON_SSE_CP_GPJCTPZ_GPLB_GP_L,2026-08-06
600195,上海证券交易所,中牧股份,中牧实业股份有限公司,2014,中牧实业股份有限公司,1,1,候选；须核对该年度法人名称、退市时点及主体关系,2014,monitor_pass,第六次监测合格名单,农经发〔2014〕9号,2014-09-01,https://www.moa.gov.cn/nybgb/2014/shi/201712/P020180104776701107212.pdf,基准按年末已生效的正式文件；年末新认定另做下一完整年度起算稳健性,官方事件集合可构建；尚未完成上市法人历史名称映射,19990107,https://query.sse.com.cn/commonQuery.do?sqlId=COMMON_SSE_CP_GPJCTPZ_GPLB_GP_L,2026-08-06
600195,上海证券交易所,中牧股份,中牧实业股份有限公司,2015,中牧实业股份有限公司,1,1,候选；须核对该年度法人名称、退市时点及主体关系,2014,monitor_pass,第六次监测合格名单,农经发〔2014〕9号,2014-09-01,https://www.moa.gov.cn/nybgb/2014/shi/201712/P020180104776701107212.pdf,基准按年末已生效的正式文件；年末新认定另做下一完整年度起算稳健性,官方事件集合可构建；尚未完成上市法人历史名称映射,19990107,https://query.sse.com.cn/commonQuery.do?sqlId=COMMON_SSE_CP_GPJCTPZ_GPLB_GP_L,2026-08-06
600195,上海证券交易所,中牧股份,中牧实业股份有限公司,2018,中牧实业股份有限公司,1,1,候选；须核对该年度法人名称、退市时点及主体关系,2018,monitor_pass,第八次监测合格名单,农产发〔2018〕1号,2018-11-29,https://xccys.moa.gov.cn/gzdt/201812/t20181205_6314544.htm,基准按年末已生效的正式文件；年末新认定另做下一完整年度起算稳健性,官方事件集合可构建；尚未完成上市法人历史名称映射,19990107,https://query.sse.com.cn/commonQuery.do?sqlId=COMMON_SSE_CP_GPJCTPZ_GPLB_GP_L,2026-08-06
600195,上海证券交易所,中牧股份,中牧实业股份有限公司,2019,中牧实业股份有限公司,1,1,候选；须核对该年度法人名称、退市时点及主体关系,2018,monitor_pass,第八次监测合格名单,农产发〔2018〕1号,2018-11-29,https://xccys.moa.gov.cn/gzdt/201812/t20181205_6314544.htm,基准按年末已生效的正式文件；年末新认定另做下一完整年度起算稳健性,官方事件集合可构建；尚未完成上市法人历史名称映射,19990107,https://query.sse.com.cn/commonQuery.do?sqlId=COMMON_SSE_CP_GPJCTPZ_GPLB_GP_L,2026-08-06
600195,上海证券交易所,中牧股份,中牧实业股份有限公司,2020,中牧实业股份有限公司,1,1,候选；须核对该年度法人名称、退市时点及主体关系,2020,monitor_pass,第九次监测合格名单,农产发〔2020〕6号,2020-11-20,https://www.moa.gov.cn/nybgb/2020/202012/202102/P020210201587636946140.pdf,基准按年末已生效的正式文件；年末新认定另做下一完整年度起算稳健性,官方事件集合可构建；尚未完成上市法人历史名称映射,19990107,https://query.sse.com.cn/commonQuery.do?sqlId=COMMON_SSE_CP_GPJCTPZ_GPLB_GP_L,2026-08-06
600195,上海证券交易所,中牧股份,中牧实业股份有限公司,2021,中牧实业股份有限公司,1,1,候选；须核对该年度法人名称、退市时点及主体关系,2020,monitor_pass,第九次监测合格名单,农产发〔2020〕6号,2020-11-20,https://www.moa.gov.cn/nybgb/2020/202012/202102/P020210201587636946140.pdf,基准按年末已生效的正式文件；年末新认定另做下一完整年度起算稳健性,官方事件集合可构建；尚未完成上市法人历史名称映射,19990107,https://query.sse.com.cn/commonQuery.do?sqlId=COMMON_SSE_CP_GPJCTPZ_GPLB_GP_L,2026-08-06
600195,上海证券交易所,中牧股份,中牧实业股份有限公司,2022,中牧实业股份有限公司,1,1,候选；须核对该年度法人名称、退市时点及主体关系,2020,monitor_pass,第九次监测合格名单,农产发〔2020〕6号,2020-11-20,https://www.moa.gov.cn/nybgb/2020/202012/202102/P020210201587636946140.pdf,基准按年末已生效的正式文件；年末新认定另做下一完整年度起算稳健性,官方事件集合可构建；尚未完成上市法人历史名称映射,19990107,https://query.sse.com.cn/commonQuery.do?sqlId=COMMON_SSE_CP_GPJCTPZ_GPLB_GP_L,2026-08-06
600195,上海证券交易所,中牧股份,中牧实业股份有限公司,2023,中牧实业股份有限公司,1,1,候选；须核对该年度法人名称、退市时点及主体关系,2023,monitor_pass,第十次监测合格名单,农产发〔2023〕3号,2023-05-12,https://www.moa.gov.cn/nybgb/2023/202306/202307/P020230719348171286633.pdf,基准按年末已生效的正式文件；年末新认定另做下一完整年度起算稳健性,官方事件集合可构建；尚未完成上市法人历史名称映射,19990107,https://query.sse.com.cn/commonQuery.do?sqlId=COMMON_SSE_CP_GPJCTPZ_GPLB_GP_L,2026-08-06
600211,上海证券交易所,西藏药业,西藏诺迪康药业股份有限公司,2014,西藏诺迪康药业股份有限公司,1,1,候选；须核对该年度法人名称、退市时点及主体关系,2014,monitor_pass,第六次监测合格名单,农经发〔2014〕9号,2014-09-01,https://www.moa.gov.cn/nybgb/2014/shi/201712/P020180104776701107212.pdf,基准按年末已生效的正式文件；年末新认定另做下一完整年度起算稳健性,官方事件集合可构建；尚未完成上市法人历史名称映射,19990721,https://query.sse.com.cn/commonQuery.do?sqlId=COMMON_SSE_CP_GPJCTPZ_GPLB_GP_L,2026-08-06
600211,上海证券交易所,西藏药业,西藏诺迪康药业股份有限公司,2015,西藏诺迪康药业股份有限公司,1,1,候选；须核对该年度法人名称、退市时点及主体关系,2014,monitor_pass,第六次监测合格名单,农经发〔2014〕9号,2014-09-01,https://www.moa.gov.cn/nybgb/2014/shi/201712/P020180104776701107212.pdf,基准按年末已生效的正式文件；年末新认定另做下一完整年度起算稳健性,官方事件集合可构建；尚未完成上市法人历史名称映射,19990721,https://query.sse.com.cn/commonQuery.do?sqlId=COMMON_SSE_CP_GPJCTPZ_GPLB_GP_L,2026-08-06
600211,上海证券交易所,西藏药业,西藏诺迪康药业股份有限公司,2018,西藏诺迪康药业股份有限公司,1,1,候选；须核对该年度法人名称、退市时点及主体关系,2018,monitor_pass,第八次监测合格名单,农产发〔2018〕1号,2018-11-29,https://xccys.moa.gov.cn/gzdt/201812/t20181205_6314544.htm,基准按年末已生效的正式文件；年末新认定另做下一完整年度起算稳健性,官方事件集合可构建；尚未完成上市法人历史名称映射,19990721,https://query.sse.com.cn/commonQuery.do?sqlId=COMMON_SSE_CP_GPJCTPZ_GPLB_GP_L,2026-08-06
600211,上海证券交易所,西藏药业,西藏诺迪康药业股份有限公司,2019,西藏诺迪康药业股份有限公司,1,1,候选；须核对该年度法人名称、退市时点及主体关系,2018,monitor_pass,第八次监测合格名单,农产发〔2018〕1号,2018-11-29,https://xccys.moa.gov.cn/gzdt/201812/t20181205_6314544.htm,基准按年末已生效的正式文件；年末新认定另做下一完整年度起算稳健性,官方事件集合可构建；尚未完成上市法人历史名称映射,19990721,https://query.sse.com.cn/commonQuery.do?sqlId=COMMON_SSE_CP_GPJCTPZ_GPLB_GP_L,2026-08-06
600211,上海证券交易所,西藏药业,西藏诺迪康药业股份有限公司,2020,西藏诺迪康药业股份有限公司,1,1,候选；须核对该年度法人名称、退市时点及主体关系,2020,monitor_pass,第九次监测合格名单,农产发〔2020〕6号,2020-11-20,https://www.moa.gov.cn/nybgb/2020/202012/202102/P020210201587636946140.pdf,基准按年末已生效的正式文件；年末新认定另做下一完整年度起算稳健性,官方事件集合可构建；尚未完成上市法人历史名称映射,19990721,https://query.sse.com.cn/commonQuery.do?sqlId=COMMON_SSE_CP_GPJCTPZ_GPLB_GP_L,2026-08-06
600211,上海证券交易所,西藏药业,西藏诺迪康药业股份有限公司,2021,西藏诺迪康药业股份有限公司,1,1,候选；须核对该年度法人名称、退市时点及主体关系,2020,monitor_pass,第九次监测合格名单,农产发〔2020〕6号,2020-11-20,https://www.moa.gov.cn/nybgb/2020/202012/202102/P020210201587636946140.pdf,基准按年末已生效的正式文件；年末新认定另做下一完整年度起算稳健性,官方事件集合可构建；尚未完成上市法人历史名称映射,19990721,https://query.sse.com.cn/commonQuery.do?sqlId=COMMON_SSE_CP_GPJCTPZ_GPLB_GP_L,2026-08-06
600211,上海证券交易所,西藏药业,西藏诺迪康药业股份有限公司,2022,西藏诺迪康药业股份有限公司,1,1,候选；须核对该年度法人名称、退市时点及主体关系,2020,monitor_pass,第九次监测合格名单,农产发〔2020〕6号,2020-11-20,https://www.moa.gov.cn/nybgb/2020/202012/202102/P020210201587636946140.pdf,基准按年末已生效的正式文件；年末新认定另做下一完整年度起算稳健性,官方事件集合可构建；尚未完成上市法人历史名称映射,19990721,https://query.sse.com.cn/commonQuery.do?sqlId=COMMON_SSE_CP_GPJCTPZ_GPLB_GP_L,2026-08-06
600211,上海证券交易所,西藏药业,西藏诺迪康药业股份有限公司,2023,西藏诺迪康药业股份有限公司,1,1,候选；须核对该年度法人名称、退市时点及主体关系,2023,monitor_pass,第十次监测合格名单,农产发〔2023〕3号,2023-05-12,https://www.moa.gov.cn/nybgb/2023/202306/202307/P020230719348171286633.pdf,基准按年末已生效的正式文件；年末新认定另做下一完整年度起算稳健性,官方事件集合可构建；尚未完成上市法人历史名称映射,19990721,https://query.sse.com.cn/commonQuery.do?sqlId=COMMON_SSE_CP_GPJCTPZ_GPLB_GP_L,2026-08-06
600238,上海证券交易所,ST椰岛,海南椰岛(集团)股份有限公司,2023,海南椰岛（集团）股份有限公司,1,1,候选；须核对该年度法人名称、退市时点及主体关系,2023,replacement,第十次监测递补名单,农产发〔2023〕3号,2023-05-12,https://www.moa.gov.cn/nybgb/2023/202306/202307/P020230719348171286633.pdf,基准按年末已生效的正式文件；年末新认定另做下一完整年度起算稳健性,官方事件集合可构建；尚未完成上市法人历史名称映射,20000120,https://query.sse.com.cn/commonQuery.do?sqlId=COMMON_SSE_CP_GPJCTPZ_GPLB_GP_L,2026-08-06
600285,上海证券交易所,羚锐制药,河南羚锐制药股份有限公司,2020,河南羚锐制药股份有限公司,1,1,候选；须核对该年度法人名称、退市时点及主体关系,2020,monitor_pass,第九次监测合格名单,农产发〔2020〕6号,2020-11-20,https://www.moa.gov.cn/nybgb/2020/202012/202102/P020210201587636946140.pdf,基准按年末已生效的正式文件；年末新认定另做下一完整年度起算稳健性,官方事件集合可构建；尚未完成上市法人历史名称映射,20001018,https://query.sse.com.cn/commonQuery.do?sqlId=COMMON_SSE_CP_GPJCTPZ_GPLB_GP_L,2026-08-06
600285,上海证券交易所,羚锐制药,河南羚锐制药股份有限公司,2021,河南羚锐制药股份有限公司,1,1,候选；须核对该年度法人名称、退市时点及主体关系,2020,monitor_pass,第九次监测合格名单,农产发〔2020〕6号,2020-11-20,https://www.moa.gov.cn/nybgb/2020/202012/202102/P020210201587636946140.pdf,基准按年末已生效的正式文件；年末新认定另做下一完整年度起算稳健性,官方事件集合可构建；尚未完成上市法人历史名称映射,20001018,https://query.sse.com.cn/commonQuery.do?sqlId=COMMON_SSE_CP_GPJCTPZ_GPLB_GP_L,2026-08-06
600285,上海证券交易所,羚锐制药,河南羚锐制药股份有限公司,2022,河南羚锐制药股份有限公司,1,1,候选；须核对该年度法人名称、退市时点及主体关系,2020,monitor_pass,第九次监测合格名单,农产发〔2020〕6号,2020-11-20,https://www.moa.gov.cn/nybgb/2020/202012/202102/P020210201587636946140.pdf,基准按年末已生效的正式文件；年末新认定另做下一完整年度起算稳健性,官方事件集合可构建；尚未完成上市法人历史名称映射,20001018,https://query.sse.com.cn/commonQuery.do?sqlId=COMMON_SSE_CP_GPJCTPZ_GPLB_GP_L,2026-08-06
600285,上海证券交易所,羚锐制药,河南羚锐制药股份有限公司,2023,河南羚锐制药股份有限公司,1,1,候选；须核对该年度法人名称、退市时点及主体关系,2023,monitor_pass,第十次监测合格名单,农产发〔2023〕3号,2023-05-12,https://www.moa.gov.cn/nybgb/2023/202306/202307/P020230719348171286633.pdf,基准按年末已生效的正式文件；年末新认定另做下一完整年度起算稳健性,官方事件集合可构建；尚未完成上市法人历史名称映射,20001018,https://query.sse.com.cn/commonQuery.do?sqlId=COMMON_SSE_CP_GPJCTPZ_GPLB_GP_L,2026-08-06
600295,上海证券交易所,鄂尔多斯,内蒙古鄂尔多斯资源股份有限公司,2014,内蒙古鄂尔多斯资源股份有限公司,1,1,候选；须核对该年度法人名称、退市时点及主体关系,2014,monitor_pass,第六次监测合格名单,农经发〔2014〕9号,2014-09-01,https://www.moa.gov.cn/nybgb/2014/shi/201712/P020180104776701107212.pdf,基准按年末已生效的正式文件；年末新认定另做下一完整年度起算稳健性,官方事件集合可构建；尚未完成上市法人历史名称映射,20010426,https://query.sse.com.cn/commonQuery.do?sqlId=COMMON_SSE_CP_GPJCTPZ_GPLB_GP_L,2026-08-06
600295,上海证券交易所,鄂尔多斯,内蒙古鄂尔多斯资源股份有限公司,2015,内蒙古鄂尔多斯资源股份有限公司,1,1,候选；须核对该年度法人名称、退市时点及主体关系,2014,monitor_pass,第六次监测合格名单,农经发〔2014〕9号,2014-09-01,https://www.moa.gov.cn/nybgb/2014/shi/201712/P020180104776701107212.pdf,基准按年末已生效的正式文件；年末新认定另做下一完整年度起算稳健性,官方事件集合可构建；尚未完成上市法人历史名称映射,20010426,https://query.sse.com.cn/commonQuery.do?sqlId=COMMON_SSE_CP_GPJCTPZ_GPLB_GP_L,2026-08-06
600295,上海证券交易所,鄂尔多斯,内蒙古鄂尔多斯资源股份有限公司,2018,内蒙古鄂尔多斯资源股份有限公司,1,1,候选；须核对该年度法人名称、退市时点及主体关系,2018,monitor_pass,第八次监测合格名单,农产发〔2018〕1号,2018-11-29,https://xccys.moa.gov.cn/gzdt/201812/t20181205_6314544.htm,基准按年末已生效的正式文件；年末新认定另做下一完整年度起算稳健性,官方事件集合可构建；尚未完成上市法人历史名称映射,20010426,https://query.sse.com.cn/commonQuery.do?sqlId=COMMON_SSE_CP_GPJCTPZ_GPLB_GP_L,2026-08-06
600295,上海证券交易所,鄂尔多斯,内蒙古鄂尔多斯资源股份有限公司,2019,内蒙古鄂尔多斯资源股份有限公司,1,1,候选；须核对该年度法人名称、退市时点及主体关系,2018,monitor_pass,第八次监测合格名单,农产发〔2018〕1号,2018-11-29,https://xccys.moa.gov.cn/gzdt/201812/t20181205_6314544.htm,基准按年末已生效的正式文件；年末新认定另做下一完整年度起算稳健性,官方事件集合可构建；尚未完成上市法人历史名称映射,20010426,https://query.sse.com.cn/commonQuery.do?sqlId=COMMON_SSE_CP_GPJCTPZ_GPLB_GP_L,2026-08-06
600295,上海证券交易所,鄂尔多斯,内蒙古鄂尔多斯资源股份有限公司,2020,内蒙古鄂尔多斯资源股份有限公司,1,1,候选；须核对该年度法人名称、退市时点及主体关系,2020,monitor_pass,第九次监测合格名单,农产发〔2020〕6号,2020-11-20,https://www.moa.gov.cn/nybgb/2020/202012/202102/P020210201587636946140.pdf,基准按年末已生效的正式文件；年末新认定另做下一完整年度起算稳健性,官方事件集合可构建；尚未完成上市法人历史名称映射,20010426,https://query.sse.com.cn/commonQuery.do?sqlId=COMMON_SSE_CP_GPJCTPZ_GPLB_GP_L,2026-08-06
600295,上海证券交易所,鄂尔多斯,内蒙古鄂尔多斯资源股份有限公司,2021,内蒙古鄂尔多斯资源股份有限公司,1,1,候选；须核对该年度法人名称、退市时点及主体关系,2020,monitor_pass,第九次监测合格名单,农产发〔2020〕6号,2020-11-20,https://www.moa.gov.cn/nybgb/2020/202012/202102/P020210201587636946140.pdf,基准按年末已生效的正式文件；年末新认定另做下一完整年度起算稳健性,官方事件集合可构建；尚未完成上市法人历史名称映射,20010426,https://query.sse.com.cn/commonQuery.do?sqlId=COMMON_SSE_CP_GPJCTPZ_GPLB_GP_L,2026-08-06
600295,上海证券交易所,鄂尔多斯,内蒙古鄂尔多斯资源股份有限公司,2022,内蒙古鄂尔多斯资源股份有限公司,1,1,候选；须核对该年度法人名称、退市时点及主体关系,2020,monitor_pass,第九次监测合格名单,农产发〔2020〕6号,2020-11-20,https://www.moa.gov.cn/nybgb/2020/202012/202102/P020210201587636946140.pdf,基准按年末已生效的正式文件；年末新认定另做下一完整年度起算稳健性,官方事件集合可构建；尚未完成上市法人历史名称映射,20010426,https://query.sse.com.cn/commonQuery.do?sqlId=COMMON_SSE_CP_GPJCTPZ_GPLB_GP_L,2026-08-06
600295,上海证券交易所,鄂尔多斯,内蒙古鄂尔多斯资源股份有限公司,2023,内蒙古鄂尔多斯资源股份有限公司,1,1,候选；须核对该年度法人名称、退市时点及主体关系,2023,monitor_pass,第十次监测合格名单,农产发〔2023〕3号,2023-05-12,https://www.moa.gov.cn/nybgb/2023/202306/202307/P020230719348171286633.pdf,基准按年末已生效的正式文件；年末新认定另做下一完整年度起算稳健性,官方事件集合可构建；尚未完成上市法人历史名称映射,20010426,https://query.sse.com.cn/commonQuery.do?sqlId=COMMON_SSE_CP_GPJCTPZ_GPLB_GP_L,2026-08-06
600300,上海证券交易所,维维股份,维维食品饮料股份有限公司,2014,维维食品饮料股份有限公司,1,1,候选；须核对该年度法人名称、退市时点及主体关系,2014,monitor_pass,第六次监测合格名单,农经发〔2014〕9号,2014-09-01,https://www.moa.gov.cn/nybgb/2014/shi/201712/P020180104776701107212.pdf,基准按年末已生效的正式文件；年末新认定另做下一完整年度起算稳健性,官方事件集合可构建；尚未完成上市法人历史名称映射,20000630,https://query.sse.com.cn/commonQuery.do?sqlId=COMMON_SSE_CP_GPJCTPZ_GPLB_GP_L,2026-08-06
600300,上海证券交易所,维维股份,维维食品饮料股份有限公司,2015,维维食品饮料股份有限公司,1,1,候选；须核对该年度法人名称、退市时点及主体关系,2014,monitor_pass,第六次监测合格名单,农经发〔2014〕9号,2014-09-01,https://www.moa.gov.cn/nybgb/2014/shi/201712/P020180104776701107212.pdf,基准按年末已生效的正式文件；年末新认定另做下一完整年度起算稳健性,官方事件集合可构建；尚未完成上市法人历史名称映射,20000630,https://query.sse.com.cn/commonQuery.do?sqlId=COMMON_SSE_CP_GPJCTPZ_GPLB_GP_L,2026-08-06
600300,上海证券交易所,维维股份,维维食品饮料股份有限公司,2018,维维食品饮料股份有限公司,1,1,候选；须核对该年度法人名称、退市时点及主体关系,2018,monitor_pass,第八次监测合格名单,农产发〔2018〕1号,2018-11-29,https://xccys.moa.gov.cn/gzdt/201812/t20181205_6314544.htm,基准按年末已生效的正式文件；年末新认定另做下一完整年度起算稳健性,官方事件集合可构建；尚未完成上市法人历史名称映射,20000630,https://query.sse.com.cn/commonQuery.do?sqlId=COMMON_SSE_CP_GPJCTPZ_GPLB_GP_L,2026-08-06
600300,上海证券交易所,维维股份,维维食品饮料股份有限公司,2019,维维食品饮料股份有限公司,1,1,候选；须核对该年度法人名称、退市时点及主体关系,2018,monitor_pass,第八次监测合格名单,农产发〔2018〕1号,2018-11-29,https://xccys.moa.gov.cn/gzdt/201812/t20181205_6314544.htm,基准按年末已生效的正式文件；年末新认定另做下一完整年度起算稳健性,官方事件集合可构建；尚未完成上市法人历史名称映射,20000630,https://query.sse.com.cn/commonQuery.do?sqlId=COMMON_SSE_CP_GPJCTPZ_GPLB_GP_L,2026-08-06
600300,上海证券交易所,维维股份,维维食品饮料股份有限公司,2020,维维食品饮料股份有限公司,1,1,候选；须核对该年度法人名称、退市时点及主体关系,2020,monitor_pass,第九次监测合格名单,农产发〔2020〕6号,2020-11-20,https://www.moa.gov.cn/nybgb/2020/202012/202102/P020210201587636946140.pdf,基准按年末已生效的正式文件；年末新认定另做下一完整年度起算稳健性,官方事件集合可构建；尚未完成上市法人历史名称映射,20000630,https://query.sse.com.cn/commonQuery.do?sqlId=COMMON_SSE_CP_GPJCTPZ_GPLB_GP_L,2026-08-06
600300,上海证券交易所,维维股份,维维食品饮料股份有限公司,2021,维维食品饮料股份有限公司,1,1,候选；须核对该年度法人名称、退市时点及主体关系,2020,monitor_pass,第九次监测合格名单,农产发〔2020〕6号,2020-11-20,https://www.moa.gov.cn/nybgb/2020/202012/202102/P020210201587636946140.pdf,基准按年末已生效的正式文件；年末新认定另做下一完整年度起算稳健性,官方事件集合可构建；尚未完成上市法人历史名称映射,20000630,https://query.sse.com.cn/commonQuery.do?sqlId=COMMON_SSE_CP_GPJCTPZ_GPLB_GP_L,2026-08-06
600300,上海证券交易所,维维股份,维维食品饮料股份有限公司,2022,维维食品饮料股份有限公司,1,1,候选；须核对该年度法人名称、退市时点及主体关系,2020,monitor_pass,第九次监测合格名单,农产发〔2020〕6号,2020-11-20,https://www.moa.gov.cn/nybgb/2020/202012/202102/P020210201587636946140.pdf,基准按年末已生效的正式文件；年末新认定另做下一完整年度起算稳健性,官方事件集合可构建；尚未完成上市法人历史名称映射,20000630,https://query.sse.com.cn/commonQuery.do?sqlId=COMMON_SSE_CP_GPJCTPZ_GPLB_GP_L,2026-08-06
600300,上海证券交易所,维维股份,维维食品饮料股份有限公司,2023,维维食品饮料股份有限公司,1,1,候选；须核对该年度法人名称、退市时点及主体关系,2023,monitor_pass,第十次监测合格名单,农产发〔2023〕3号,2023-05-12,https://www.moa.gov.cn/nybgb/2023/202306/202307/P020230719348171286633.pdf,基准按年末已生效的正式文件；年末新认定另做下一完整年度起算稳健性,官方事件集合可构建；尚未完成上市法人历史名称映射,20000630,https://query.sse.com.cn/commonQuery.do?sqlId=COMMON_SSE_CP_GPJCTPZ_GPLB_GP_L,2026-08-06
600305,上海证券交易所,恒顺醋业,江苏恒顺醋业股份有限公司,2014,江苏恒顺醋业股份有限公司,1,1,候选；须核对该年度法人名称、退市时点及主体关系,2014,monitor_pass,第六次监测合格名单,农经发〔2014〕9号,2014-09-01,https://www.moa.gov.cn/nybgb/2014/shi/201712/P020180104776701107212.pdf,基准按年末已生效的正式文件；年末新认定另做下一完整年度起算稳健性,官方事件集合可构建；尚未完成上市法人历史名称映射,20010206,https://query.sse.com.cn/commonQuery.do?sqlId=COMMON_SSE_CP_GPJCTPZ_GPLB_GP_L,2026-08-06
600305,上海证券交易所,恒顺醋业,江苏恒顺醋业股份有限公司,2015,江苏恒顺醋业股份有限公司,1,1,候选；须核对该年度法人名称、退市时点及主体关系,2014,monitor_pass,第六次监测合格名单,农经发〔2014〕9号,2014-09-01,https://www.moa.gov.cn/nybgb/2014/shi/201712/P020180104776701107212.pdf,基准按年末已生效的正式文件；年末新认定另做下一完整年度起算稳健性,官方事件集合可构建；尚未完成上市法人历史名称映射,20010206,https://query.sse.com.cn/commonQuery.do?sqlId=COMMON_SSE_CP_GPJCTPZ_GPLB_GP_L,2026-08-06
600305,上海证券交易所,恒顺醋业,江苏恒顺醋业股份有限公司,2018,江苏恒顺醋业股份有限公司,1,1,候选；须核对该年度法人名称、退市时点及主体关系,2018,monitor_pass,第八次监测合格名单,农产发〔2018〕1号,2018-11-29,https://xccys.moa.gov.cn/gzdt/201812/t20181205_6314544.htm,基准按年末已生效的正式文件；年末新认定另做下一完整年度起算稳健性,官方事件集合可构建；尚未完成上市法人历史名称映射,20010206,https://query.sse.com.cn/commonQuery.do?sqlId=COMMON_SSE_CP_GPJCTPZ_GPLB_GP_L,2026-08-06
600305,上海证券交易所,恒顺醋业,江苏恒顺醋业股份有限公司,2019,江苏恒顺醋业股份有限公司,1,1,候选；须核对该年度法人名称、退市时点及主体关系,2018,monitor_pass,第八次监测合格名单,农产发〔2018〕1号,2018-11-29,https://xccys.moa.gov.cn/gzdt/201812/t20181205_6314544.htm,基准按年末已生效的正式文件；年末新认定另做下一完整年度起算稳健性,官方事件集合可构建；尚未完成上市法人历史名称映射,20010206,https://query.sse.com.cn/commonQuery.do?sqlId=COMMON_SSE_CP_GPJCTPZ_GPLB_GP_L,2026-08-06
600305,上海证券交易所,恒顺醋业,江苏恒顺醋业股份有限公司,2020,江苏恒顺醋业股份有限公司,1,1,候选；须核对该年度法人名称、退市时点及主体关系,2020,monitor_pass,第九次监测合格名单,农产发〔2020〕6号,2020-11-20,https://www.moa.gov.cn/nybgb/2020/202012/202102/P020210201587636946140.pdf,基准按年末已生效的正式文件；年末新认定另做下一完整年度起算稳健性,官方事件集合可构建；尚未完成上市法人历史名称映射,20010206,https://query.sse.com.cn/commonQuery.do?sqlId=COMMON_SSE_CP_GPJCTPZ_GPLB_GP_L,2026-08-06
600305,上海证券交易所,恒顺醋业,江苏恒顺醋业股份有限公司,2021,江苏恒顺醋业股份有限公司,1,1,候选；须核对该年度法人名称、退市时点及主体关系,2020,monitor_pass,第九次监测合格名单,农产发〔2020〕6号,2020-11-20,https://www.moa.gov.cn/nybgb/2020/202012/202102/P020210201587636946140.pdf,基准按年末已生效的正式文件；年末新认定另做下一完整年度起算稳健性,官方事件集合可构建；尚未完成上市法人历史名称映射,20010206,https://query.sse.com.cn/commonQuery.do?sqlId=COMMON_SSE_CP_GPJCTPZ_GPLB_GP_L,2026-08-06
600305,上海证券交易所,恒顺醋业,江苏恒顺醋业股份有限公司,2022,江苏恒顺醋业股份有限公司,1,1,候选；须核对该年度法人名称、退市时点及主体关系,2020,monitor_pass,第九次监测合格名单,农产发〔2020〕6号,2020-11-20,https://www.moa.gov.cn/nybgb/2020/202012/202102/P020210201587636946140.pdf,基准按年末已生效的正式文件；年末新认定另做下一完整年度起算稳健性,官方事件集合可构建；尚未完成上市法人历史名称映射,20010206,https://query.sse.com.cn/commonQuery.do?sqlId=COMMON_SSE_CP_GPJCTPZ_GPLB_GP_L,2026-08-06
600305,上海证券交易所,恒顺醋业,江苏恒顺醋业股份有限公司,2023,江苏恒顺醋业股份有限公司,1,1,候选；须核对该年度法人名称、退市时点及主体关系,2023,monitor_pass,第十次监测合格名单,农产发〔2023〕3号,2023-05-12,https://www.moa.gov.cn/nybgb/2023/202306/202307/P020230719348171286633.pdf,基准按年末已生效的正式文件；年末新认定另做下一完整年度起算稳健性,官方事件集合可构建；尚未完成上市法人历史名称映射,20010206,https://query.sse.com.cn/commonQuery.do?sqlId=COMMON_SSE_CP_GPJCTPZ_GPLB_GP_L,2026-08-06
600351,上海证券交易所,亚宝药业,亚宝药业集团股份有限公司,2019,亚宝药业集团股份有限公司,1,1,候选；须核对该年度法人名称、退市时点及主体关系,2019,recognition,第六批新认定名单,农产发〔2019〕3号,2019-11-26,https://www.moa.gov.cn/nybgb/2019/201912/202004/P020200410023357640054.pdf,基准按年末已生效的正式文件；年末新认定另做下一完整年度起算稳健性,官方事件集合可构建；尚未完成上市法人历史名称映射,20020926,https://query.sse.com.cn/commonQuery.do?sqlId=COMMON_SSE_CP_GPJCTPZ_GPLB_GP_L,2026-08-06
600351,上海证券交易所,亚宝药业,亚宝药业集团股份有限公司,2020,亚宝药业集团股份有限公司,1,1,候选；须核对该年度法人名称、退市时点及主体关系,2019,recognition,第六批新认定名单,农产发〔2019〕3号,2019-11-26,https://www.moa.gov.cn/nybgb/2019/201912/202004/P020200410023357640054.pdf,基准按年末已生效的正式文件；年末新认定另做下一完整年度起算稳健性,官方事件集合可构建；尚未完成上市法人历史名称映射,20020926,https://query.sse.com.cn/commonQuery.do?sqlId=COMMON_SSE_CP_GPJCTPZ_GPLB_GP_L,2026-08-06
600351,上海证券交易所,亚宝药业,亚宝药业集团股份有限公司,2021,亚宝药业集团股份有限公司,1,1,候选；须核对该年度法人名称、退市时点及主体关系,2019,recognition,第六批新认定名单,农产发〔2019〕3号,2019-11-26,https://www.moa.gov.cn/nybgb/2019/201912/202004/P020200410023357640054.pdf,基准按年末已生效的正式文件；年末新认定另做下一完整年度起算稳健性,官方事件集合可构建；尚未完成上市法人历史名称映射,20020926,https://query.sse.com.cn/commonQuery.do?sqlId=COMMON_SSE_CP_GPJCTPZ_GPLB_GP_L,2026-08-06
600351,上海证券交易所,亚宝药业,亚宝药业集团股份有限公司,2022,亚宝药业集团股份有限公司,1,1,候选；须核对该年度法人名称、退市时点及主体关系,2019,recognition,第六批新认定名单,农产发〔2019〕3号,2019-11-26,https://www.moa.gov.cn/nybgb/2019/201912/202004/P020200410023357640054.pdf,基准按年末已生效的正式文件；年末新认定另做下一完整年度起算稳健性,官方事件集合可构建；尚未完成上市法人历史名称映射,20020926,https://query.sse.com.cn/commonQuery.do?sqlId=COMMON_SSE_CP_GPJCTPZ_GPLB_GP_L,2026-08-06
600351,上海证券交易所,亚宝药业,亚宝药业集团股份有限公司,2023,亚宝药业集团股份有限公司,1,1,候选；须核对该年度法人名称、退市时点及主体关系,2023,monitor_pass,第十次监测合格名单,农产发〔2023〕3号,2023-05-12,https://www.moa.gov.cn/nybgb/2023/202306/202307/P020230719348171286633.pdf,基准按年末已生效的正式文件；年末新认定另做下一完整年度起算稳健性,官方事件集合可构建；尚未完成上市法人历史名称映射,20020926,https://query.sse.com.cn/commonQuery.do?sqlId=COMMON_SSE_CP_GPJCTPZ_GPLB_GP_L,2026-08-06
600354,上海证券交易所,敦煌种业,甘肃省敦煌种业集团股份有限公司,2018,甘肃省敦煌种业集团股份有限公司,1,1,候选；须核对该年度法人名称、退市时点及主体关系,2018,monitor_pass,第八次监测合格名单,农产发〔2018〕1号,2018-11-29,https://xccys.moa.gov.cn/gzdt/201812/t20181205_6314544.htm,基准按年末已生效的正式文件；年末新认定另做下一完整年度起算稳健性,官方事件集合可构建；尚未完成上市法人历史名称映射,20040115,https://query.sse.com.cn/commonQuery.do?sqlId=COMMON_SSE_CP_GPJCTPZ_GPLB_GP_L,2026-08-06
600354,上海证券交易所,敦煌种业,甘肃省敦煌种业集团股份有限公司,2019,甘肃省敦煌种业集团股份有限公司,1,1,候选；须核对该年度法人名称、退市时点及主体关系,2018,monitor_pass,第八次监测合格名单,农产发〔2018〕1号,2018-11-29,https://xccys.moa.gov.cn/gzdt/201812/t20181205_6314544.htm,基准按年末已生效的正式文件；年末新认定另做下一完整年度起算稳健性,官方事件集合可构建；尚未完成上市法人历史名称映射,20040115,https://query.sse.com.cn/commonQuery.do?sqlId=COMMON_SSE_CP_GPJCTPZ_GPLB_GP_L,2026-08-06
600354,上海证券交易所,敦煌种业,甘肃省敦煌种业集团股份有限公司,2020,甘肃省敦煌种业集团股份有限公司,1,1,候选；须核对该年度法人名称、退市时点及主体关系,2020,monitor_pass,第九次监测合格名单,农产发〔2020〕6号,2020-11-20,https://www.moa.gov.cn/nybgb/2020/202012/202102/P020210201587636946140.pdf,基准按年末已生效的正式文件；年末新认定另做下一完整年度起算稳健性,官方事件集合可构建；尚未完成上市法人历史名称映射,20040115,https://query.sse.com.cn/commonQuery.do?sqlId=COMMON_SSE_CP_GPJCTPZ_GPLB_GP_L,2026-08-06
600354,上海证券交易所,敦煌种业,甘肃省敦煌种业集团股份有限公司,2021,甘肃省敦煌种业集团股份有限公司,1,1,候选；须核对该年度法人名称、退市时点及主体关系,2020,monitor_pass,第九次监测合格名单,农产发〔2020〕6号,2020-11-20,https://www.moa.gov.cn/nybgb/2020/202012/202102/P020210201587636946140.pdf,基准按年末已生效的正式文件；年末新认定另做下一完整年度起算稳健性,官方事件集合可构建；尚未完成上市法人历史名称映射,20040115,https://query.sse.com.cn/commonQuery.do?sqlId=COMMON_SSE_CP_GPJCTPZ_GPLB_GP_L,2026-08-06
600354,上海证券交易所,敦煌种业,甘肃省敦煌种业集团股份有限公司,2022,甘肃省敦煌种业集团股份有限公司,1,1,候选；须核对该年度法人名称、退市时点及主体关系,2020,monitor_pass,第九次监测合格名单,农产发〔2020〕6号,2020-11-20,https://www.moa.gov.cn/nybgb/2020/202012/202102/P020210201587636946140.pdf,基准按年末已生效的正式文件；年末新认定另做下一完整年度起算稳健性,官方事件集合可构建；尚未完成上市法人历史名称映射,20040115,https://query.sse.com.cn/commonQuery.do?sqlId=COMMON_SSE_CP_GPJCTPZ_GPLB_GP_L,2026-08-06
600354,上海证券交易所,敦煌种业,甘肃省敦煌种业集团股份有限公司,2023,甘肃省敦煌种业集团股份有限公司,1,1,候选；须核对该年度法人名称、退市时点及主体关系,2023,monitor_pass,第十次监测合格名单,农产发〔2023〕3号,2023-05-12,https://www.moa.gov.cn/nybgb/2023/202306/202307/P020230719348171286633.pdf,基准按年末已生效的正式文件；年末新认定另做下一完整年度起算稳健性,官方事件集合可构建；尚未完成上市法人历史名称映射,20040115,https://query.sse.com.cn/commonQuery.do?sqlId=COMMON_SSE_CP_GPJCTPZ_GPLB_GP_L,2026-08-06
600419,上海证券交易所,天润乳业,新疆天润乳业股份有限公司,2018,新疆天润乳业股份有限公司,1,1,候选；须核对该年度法人名称、退市时点及主体关系,2018,monitor_pass,第八次监测合格名单,农产发〔2018〕1号,2018-11-29,https://xccys.moa.gov.cn/gzdt/201812/t20181205_6314544.htm,基准按年末已生效的正式文件；年末新认定另做下一完整年度起算稳健性,官方事件集合可构建；尚未完成上市法人历史名称映射,20010628,https://query.sse.com.cn/commonQuery.do?sqlId=COMMON_SSE_CP_GPJCTPZ_GPLB_GP_L,2026-08-06
600419,上海证券交易所,天润乳业,新疆天润乳业股份有限公司,2019,新疆天润乳业股份有限公司,1,1,候选；须核对该年度法人名称、退市时点及主体关系,2018,monitor_pass,第八次监测合格名单,农产发〔2018〕1号,2018-11-29,https://xccys.moa.gov.cn/gzdt/201812/t20181205_6314544.htm,基准按年末已生效的正式文件；年末新认定另做下一完整年度起算稳健性,官方事件集合可构建；尚未完成上市法人历史名称映射,20010628,https://query.sse.com.cn/commonQuery.do?sqlId=COMMON_SSE_CP_GPJCTPZ_GPLB_GP_L,2026-08-06
600419,上海证券交易所,天润乳业,新疆天润乳业股份有限公司,2020,新疆天润乳业股份有限公司,1,1,候选；须核对该年度法人名称、退市时点及主体关系,2020,monitor_pass,第九次监测合格名单,农产发〔2020〕6号,2020-11-20,https://www.moa.gov.cn/nybgb/2020/202012/202102/P020210201587636946140.pdf,基准按年末已生效的正式文件；年末新认定另做下一完整年度起算稳健性,官方事件集合可构建；尚未完成上市法人历史名称映射,20010628,https://query.sse.com.cn/commonQuery.do?sqlId=COMMON_SSE_CP_GPJCTPZ_GPLB_GP_L,2026-08-06
600419,上海证券交易所,天润乳业,新疆天润乳业股份有限公司,2021,新疆天润乳业股份有限公司,1,1,候选；须核对该年度法人名称、退市时点及主体关系,2020,monitor_pass,第九次监测合格名单,农产发〔2020〕6号,2020-11-20,https://www.moa.gov.cn/nybgb/2020/202012/202102/P020210201587636946140.pdf,基准按年末已生效的正式文件；年末新认定另做下一完整年度起算稳健性,官方事件集合可构建；尚未完成上市法人历史名称映射,20010628,https://query.sse.com.cn/commonQuery.do?sqlId=COMMON_SSE_CP_GPJCTPZ_GPLB_GP_L,2026-08-06
600419,上海证券交易所,天润乳业,新疆天润乳业股份有限公司,2022,新疆天润乳业股份有限公司,1,1,候选；须核对该年度法人名称、退市时点及主体关系,2020,monitor_pass,第九次监测合格名单,农产发〔2020〕6号,2020-11-20,https://www.moa.gov.cn/nybgb/2020/202012/202102/P020210201587636946140.pdf,基准按年末已生效的正式文件；年末新认定另做下一完整年度起算稳健性,官方事件集合可构建；尚未完成上市法人历史名称映射,20010628,https://query.sse.com.cn/commonQuery.do?sqlId=COMMON_SSE_CP_GPJCTPZ_GPLB_GP_L,2026-08-06
600419,上海证券交易所,天润乳业,新疆天润乳业股份有限公司,2023,新疆天润乳业股份有限公司,1,1,候选；须核对该年度法人名称、退市时点及主体关系,2023,monitor_pass,第十次监测合格名单,农产发〔2023〕3号,2023-05-12,https://www.moa.gov.cn/nybgb/2023/202306/202307/P020230719348171286633.pdf,基准按年末已生效的正式文件；年末新认定另做下一完整年度起算稳健性,官方事件集合可构建；尚未完成上市法人历史名称映射,20010628,https://query.sse.com.cn/commonQuery.do?sqlId=COMMON_SSE_CP_GPJCTPZ_GPLB_GP_L,2026-08-06
600429,上海证券交易所,三元股份,北京三元食品股份有限公司,2014,北京三元食品股份有限公司,1,1,候选；须核对该年度法人名称、退市时点及主体关系,2014,monitor_pass,第六次监测合格名单,农经发〔2014〕9号,2014-09-01,https://www.moa.gov.cn/nybgb/2014/shi/201712/P020180104776701107212.pdf,基准按年末已生效的正式文件；年末新认定另做下一完整年度起算稳健性,官方事件集合可构建；尚未完成上市法人历史名称映射,20030915,https://query.sse.com.cn/commonQuery.do?sqlId=COMMON_SSE_CP_GPJCTPZ_GPLB_GP_L,2026-08-06
600429,上海证券交易所,三元股份,北京三元食品股份有限公司,2015,北京三元食品股份有限公司,1,1,候选；须核对该年度法人名称、退市时点及主体关系,2014,monitor_pass,第六次监测合格名单,农经发〔2014〕9号,2014-09-01,https://www.moa.gov.cn/nybgb/2014/shi/201712/P020180104776701107212.pdf,基准按年末已生效的正式文件；年末新认定另做下一完整年度起算稳健性,官方事件集合可构建；尚未完成上市法人历史名称映射,20030915,https://query.sse.com.cn/commonQuery.do?sqlId=COMMON_SSE_CP_GPJCTPZ_GPLB_GP_L,2026-08-06
600429,上海证券交易所,三元股份,北京三元食品股份有限公司,2018,北京三元食品股份有限公司,1,1,候选；须核对该年度法人名称、退市时点及主体关系,2018,monitor_pass,第八次监测合格名单,农产发〔2018〕1号,2018-11-29,https://xccys.moa.gov.cn/gzdt/201812/t20181205_6314544.htm,基准按年末已生效的正式文件；年末新认定另做下一完整年度起算稳健性,官方事件集合可构建；尚未完成上市法人历史名称映射,20030915,https://query.sse.com.cn/commonQuery.do?sqlId=COMMON_SSE_CP_GPJCTPZ_GPLB_GP_L,2026-08-06
600429,上海证券交易所,三元股份,北京三元食品股份有限公司,2019,北京三元食品股份有限公司,1,1,候选；须核对该年度法人名称、退市时点及主体关系,2018,monitor_pass,第八次监测合格名单,农产发〔2018〕1号,2018-11-29,https://xccys.moa.gov.cn/gzdt/201812/t20181205_6314544.htm,基准按年末已生效的正式文件；年末新认定另做下一完整年度起算稳健性,官方事件集合可构建；尚未完成上市法人历史名称映射,20030915,https://query.sse.com.cn/commonQuery.do?sqlId=COMMON_SSE_CP_GPJCTPZ_GPLB_GP_L,2026-08-06
600429,上海证券交易所,三元股份,北京三元食品股份有限公司,2020,北京三元食品股份有限公司,1,1,候选；须核对该年度法人名称、退市时点及主体关系,2020,monitor_pass,第九次监测合格名单,农产发〔2020〕6号,2020-11-20,https://www.moa.gov.cn/nybgb/2020/202012/202102/P020210201587636946140.pdf,基准按年末已生效的正式文件；年末新认定另做下一完整年度起算稳健性,官方事件集合可构建；尚未完成上市法人历史名称映射,20030915,https://query.sse.com.cn/commonQuery.do?sqlId=COMMON_SSE_CP_GPJCTPZ_GPLB_GP_L,2026-08-06
600429,上海证券交易所,三元股份,北京三元食品股份有限公司,2021,北京三元食品股份有限公司,1,1,候选；须核对该年度法人名称、退市时点及主体关系,2020,monitor_pass,第九次监测合格名单,农产发〔2020〕6号,2020-11-20,https://www.moa.gov.cn/nybgb/2020/202012/202102/P020210201587636946140.pdf,基准按年末已生效的正式文件；年末新认定另做下一完整年度起算稳健性,官方事件集合可构建；尚未完成上市法人历史名称映射,20030915,https://query.sse.com.cn/commonQuery.do?sqlId=COMMON_SSE_CP_GPJCTPZ_GPLB_GP_L,2026-08-06
600429,上海证券交易所,三元股份,北京三元食品股份有限公司,2022,北京三元食品股份有限公司,1,1,候选；须核对该年度法人名称、退市时点及主体关系,2020,monitor_pass,第九次监测合格名单,农产发〔2020〕6号,2020-11-20,https://www.moa.gov.cn/nybgb/2020/202012/202102/P020210201587636946140.pdf,基准按年末已生效的正式文件；年末新认定另做下一完整年度起算稳健性,官方事件集合可构建；尚未完成上市法人历史名称映射,20030915,https://query.sse.com.cn/commonQuery.do?sqlId=COMMON_SSE_CP_GPJCTPZ_GPLB_GP_L,2026-08-06
600429,上海证券交易所,三元股份,北京三元食品股份有限公司,2023,北京三元食品股份有限公司,1,1,候选；须核对该年度法人名称、退市时点及主体关系,2023,monitor_pass,第十次监测合格名单,农产发〔2023〕3号,2023-05-12,https://www.moa.gov.cn/nybgb/2023/202306/202307/P020230719348171286633.pdf,基准按年末已生效的正式文件；年末新认定另做下一完整年度起算稳健性,官方事件集合可构建；尚未完成上市法人历史名称映射,20030915,https://query.sse.com.cn/commonQuery.do?sqlId=COMMON_SSE_CP_GPJCTPZ_GPLB_GP_L,2026-08-06
600438,上海证券交易所,通威股份,通威股份有限公司,2014,通威股份有限公司,1,1,候选；须核对该年度法人名称、退市时点及主体关系,2014,monitor_pass,第六次监测合格名单,农经发〔2014〕9号,2014-09-01,https://www.moa.gov.cn/nybgb/2014/shi/201712/P020180104776701107212.pdf,基准按年末已生效的正式文件；年末新认定另做下一完整年度起算稳健性,官方事件集合可构建；尚未完成上市法人历史名称映射,20040302,https://query.sse.com.cn/commonQuery.do?sqlId=COMMON_SSE_CP_GPJCTPZ_GPLB_GP_L,2026-08-06
600438,上海证券交易所,通威股份,通威股份有限公司,2015,通威股份有限公司,1,1,候选；须核对该年度法人名称、退市时点及主体关系,2014,monitor_pass,第六次监测合格名单,农经发〔2014〕9号,2014-09-01,https://www.moa.gov.cn/nybgb/2014/shi/201712/P020180104776701107212.pdf,基准按年末已生效的正式文件；年末新认定另做下一完整年度起算稳健性,官方事件集合可构建；尚未完成上市法人历史名称映射,20040302,https://query.sse.com.cn/commonQuery.do?sqlId=COMMON_SSE_CP_GPJCTPZ_GPLB_GP_L,2026-08-06
600438,上海证券交易所,通威股份,通威股份有限公司,2018,通威股份有限公司,1,1,候选；须核对该年度法人名称、退市时点及主体关系,2018,monitor_pass,第八次监测合格名单,农产发〔2018〕1号,2018-11-29,https://xccys.moa.gov.cn/gzdt/201812/t20181205_6314544.htm,基准按年末已生效的正式文件；年末新认定另做下一完整年度起算稳健性,官方事件集合可构建；尚未完成上市法人历史名称映射,20040302,https://query.sse.com.cn/commonQuery.do?sqlId=COMMON_SSE_CP_GPJCTPZ_GPLB_GP_L,2026-08-06
600438,上海证券交易所,通威股份,通威股份有限公司,2019,通威股份有限公司,1,1,候选；须核对该年度法人名称、退市时点及主体关系,2018,monitor_pass,第八次监测合格名单,农产发〔2018〕1号,2018-11-29,https://xccys.moa.gov.cn/gzdt/201812/t20181205_6314544.htm,基准按年末已生效的正式文件；年末新认定另做下一完整年度起算稳健性,官方事件集合可构建；尚未完成上市法人历史名称映射,20040302,https://query.sse.com.cn/commonQuery.do?sqlId=COMMON_SSE_CP_GPJCTPZ_GPLB_GP_L,2026-08-06
600438,上海证券交易所,通威股份,通威股份有限公司,2020,通威股份有限公司,1,1,候选；须核对该年度法人名称、退市时点及主体关系,2020,monitor_pass,第九次监测合格名单,农产发〔2020〕6号,2020-11-20,https://www.moa.gov.cn/nybgb/2020/202012/202102/P020210201587636946140.pdf,基准按年末已生效的正式文件；年末新认定另做下一完整年度起算稳健性,官方事件集合可构建；尚未完成上市法人历史名称映射,20040302,https://query.sse.com.cn/commonQuery.do?sqlId=COMMON_SSE_CP_GPJCTPZ_GPLB_GP_L,2026-08-06
600438,上海证券交易所,通威股份,通威股份有限公司,2021,通威股份有限公司,1,1,候选；须核对该年度法人名称、退市时点及主体关系,2020,monitor_pass,第九次监测合格名单,农产发〔2020〕6号,2020-11-20,https://www.moa.gov.cn/nybgb/2020/202012/202102/P020210201587636946140.pdf,基准按年末已生效的正式文件；年末新认定另做下一完整年度起算稳健性,官方事件集合可构建；尚未完成上市法人历史名称映射,20040302,https://query.sse.com.cn/commonQuery.do?sqlId=COMMON_SSE_CP_GPJCTPZ_GPLB_GP_L,2026-08-06
600438,上海证券交易所,通威股份,通威股份有限公司,2022,通威股份有限公司,1,1,候选；须核对该年度法人名称、退市时点及主体关系,2020,monitor_pass,第九次监测合格名单,农产发〔2020〕6号,2020-11-20,https://www.moa.gov.cn/nybgb/2020/202012/202102/P020210201587636946140.pdf,基准按年末已生效的正式文件；年末新认定另做下一完整年度起算稳健性,官方事件集合可构建；尚未完成上市法人历史名称映射,20040302,https://query.sse.com.cn/commonQuery.do?sqlId=COMMON_SSE_CP_GPJCTPZ_GPLB_GP_L,2026-08-06
600438,上海证券交易所,通威股份,通威股份有限公司,2023,通威股份有限公司,1,1,候选；须核对该年度法人名称、退市时点及主体关系,2023,monitor_pass,第十次监测合格名单,农产发〔2023〕3号,2023-05-12,https://www.moa.gov.cn/nybgb/2023/202306/202307/P020230719348171286633.pdf,基准按年末已生效的正式文件；年末新认定另做下一完整年度起算稳健性,官方事件集合可构建；尚未完成上市法人历史名称映射,20040302,https://query.sse.com.cn/commonQuery.do?sqlId=COMMON_SSE_CP_GPJCTPZ_GPLB_GP_L,2026-08-06
600467,上海证券交易所,好当家,山东好当家海洋发展股份有限公司,2014,山东好当家海洋发展股份有限公司,1,1,候选；须核对该年度法人名称、退市时点及主体关系,2014,monitor_pass,第六次监测合格名单,农经发〔2014〕9号,2014-09-01,https://www.moa.gov.cn/nybgb/2014/shi/201712/P020180104776701107212.pdf,基准按年末已生效的正式文件；年末新认定另做下一完整年度起算稳健性,官方事件集合可构建；尚未完成上市法人历史名称映射,20040405,https://query.sse.com.cn/commonQuery.do?sqlId=COMMON_SSE_CP_GPJCTPZ_GPLB_GP_L,2026-08-06
600467,上海证券交易所,好当家,山东好当家海洋发展股份有限公司,2015,山东好当家海洋发展股份有限公司,1,1,候选；须核对该年度法人名称、退市时点及主体关系,2014,monitor_pass,第六次监测合格名单,农经发〔2014〕9号,2014-09-01,https://www.moa.gov.cn/nybgb/2014/shi/201712/P020180104776701107212.pdf,基准按年末已生效的正式文件；年末新认定另做下一完整年度起算稳健性,官方事件集合可构建；尚未完成上市法人历史名称映射,20040405,https://query.sse.com.cn/commonQuery.do?sqlId=COMMON_SSE_CP_GPJCTPZ_GPLB_GP_L,2026-08-06
600467,上海证券交易所,好当家,山东好当家海洋发展股份有限公司,2018,山东好当家海洋发展股份有限公司,1,1,候选；须核对该年度法人名称、退市时点及主体关系,2018,monitor_pass,第八次监测合格名单,农产发〔2018〕1号,2018-11-29,https://xccys.moa.gov.cn/gzdt/201812/t20181205_6314544.htm,基准按年末已生效的正式文件；年末新认定另做下一完整年度起算稳健性,官方事件集合可构建；尚未完成上市法人历史名称映射,20040405,https://query.sse.com.cn/commonQuery.do?sqlId=COMMON_SSE_CP_GPJCTPZ_GPLB_GP_L,2026-08-06
600467,上海证券交易所,好当家,山东好当家海洋发展股份有限公司,2019,山东好当家海洋发展股份有限公司,1,1,候选；须核对该年度法人名称、退市时点及主体关系,2018,monitor_pass,第八次监测合格名单,农产发〔2018〕1号,2018-11-29,https://xccys.moa.gov.cn/gzdt/201812/t20181205_6314544.htm,基准按年末已生效的正式文件；年末新认定另做下一完整年度起算稳健性,官方事件集合可构建；尚未完成上市法人历史名称映射,20040405,https://query.sse.com.cn/commonQuery.do?sqlId=COMMON_SSE_CP_GPJCTPZ_GPLB_GP_L,2026-08-06
600467,上海证券交易所,好当家,山东好当家海洋发展股份有限公司,2020,山东好当家海洋发展股份有限公司,1,1,候选；须核对该年度法人名称、退市时点及主体关系,2020,monitor_pass,第九次监测合格名单,农产发〔2020〕6号,2020-11-20,https://www.moa.gov.cn/nybgb/2020/202012/202102/P020210201587636946140.pdf,基准按年末已生效的正式文件；年末新认定另做下一完整年度起算稳健性,官方事件集合可构建；尚未完成上市法人历史名称映射,20040405,https://query.sse.com.cn/commonQuery.do?sqlId=COMMON_SSE_CP_GPJCTPZ_GPLB_GP_L,2026-08-06
600467,上海证券交易所,好当家,山东好当家海洋发展股份有限公司,2021,山东好当家海洋发展股份有限公司,1,1,候选；须核对该年度法人名称、退市时点及主体关系,2020,monitor_pass,第九次监测合格名单,农产发〔2020〕6号,2020-11-20,https://www.moa.gov.cn/nybgb/2020/202012/202102/P020210201587636946140.pdf,基准按年末已生效的正式文件；年末新认定另做下一完整年度起算稳健性,官方事件集合可构建；尚未完成上市法人历史名称映射,20040405,https://query.sse.com.cn/commonQuery.do?sqlId=COMMON_SSE_CP_GPJCTPZ_GPLB_GP_L,2026-08-06
600467,上海证券交易所,好当家,山东好当家海洋发展股份有限公司,2022,山东好当家海洋发展股份有限公司,1,1,候选；须核对该年度法人名称、退市时点及主体关系,2020,monitor_pass,第九次监测合格名单,农产发〔2020〕6号,2020-11-20,https://www.moa.gov.cn/nybgb/2020/202012/202102/P020210201587636946140.pdf,基准按年末已生效的正式文件；年末新认定另做下一完整年度起算稳健性,官方事件集合可构建；尚未完成上市法人历史名称映射,20040405,https://query.sse.com.cn/commonQuery.do?sqlId=COMMON_SSE_CP_GPJCTPZ_GPLB_GP_L,2026-08-06
600467,上海证券交易所,好当家,山东好当家海洋发展股份有限公司,2023,山东好当家海洋发展股份有限公司,1,1,候选；须核对该年度法人名称、退市时点及主体关系,2023,monitor_pass,第十次监测合格名单,农产发〔2023〕3号,2023-05-12,https://www.moa.gov.cn/nybgb/2023/202306/202307/P020230719348171286633.pdf,基准按年末已生效的正式文件；年末新认定另做下一完整年度起算稳健性,官方事件集合可构建；尚未完成上市法人历史名称映射,20040405,https://query.sse.com.cn/commonQuery.do?sqlId=COMMON_SSE_CP_GPJCTPZ_GPLB_GP_L,2026-08-06
600479,上海证券交易所,千金药业,株洲千金药业股份有限公司,2018,株洲千金药业股份有限公司,1,1,候选；须核对该年度法人名称、退市时点及主体关系,2018,monitor_pass,第八次监测合格名单,农产发〔2018〕1号,2018-11-29,https://xccys.moa.gov.cn/gzdt/201812/t20181205_6314544.htm,基准按年末已生效的正式文件；年末新认定另做下一完整年度起算稳健性,官方事件集合可构建；尚未完成上市法人历史名称映射,20040312,https://query.sse.com.cn/commonQuery.do?sqlId=COMMON_SSE_CP_GPJCTPZ_GPLB_GP_L,2026-08-06
600479,上海证券交易所,千金药业,株洲千金药业股份有限公司,2019,株洲千金药业股份有限公司,1,1,候选；须核对该年度法人名称、退市时点及主体关系,2018,monitor_pass,第八次监测合格名单,农产发〔2018〕1号,2018-11-29,https://xccys.moa.gov.cn/gzdt/201812/t20181205_6314544.htm,基准按年末已生效的正式文件；年末新认定另做下一完整年度起算稳健性,官方事件集合可构建；尚未完成上市法人历史名称映射,20040312,https://query.sse.com.cn/commonQuery.do?sqlId=COMMON_SSE_CP_GPJCTPZ_GPLB_GP_L,2026-08-06
600479,上海证券交易所,千金药业,株洲千金药业股份有限公司,2020,株洲千金药业股份有限公司,1,1,候选；须核对该年度法人名称、退市时点及主体关系,2020,monitor_pass,第九次监测合格名单,农产发〔2020〕6号,2020-11-20,https://www.moa.gov.cn/nybgb/2020/202012/202102/P020210201587636946140.pdf,基准按年末已生效的正式文件；年末新认定另做下一完整年度起算稳健性,官方事件集合可构建；尚未完成上市法人历史名称映射,20040312,https://query.sse.com.cn/commonQuery.do?sqlId=COMMON_SSE_CP_GPJCTPZ_GPLB_GP_L,2026-08-06
600479,上海证券交易所,千金药业,株洲千金药业股份有限公司,2021,株洲千金药业股份有限公司,1,1,候选；须核对该年度法人名称、退市时点及主体关系,2020,monitor_pass,第九次监测合格名单,农产发〔2020〕6号,2020-11-20,https://www.moa.gov.cn/nybgb/2020/202012/202102/P020210201587636946140.pdf,基准按年末已生效的正式文件；年末新认定另做下一完整年度起算稳健性,官方事件集合可构建；尚未完成上市法人历史名称映射,20040312,https://query.sse.com.cn/commonQuery.do?sqlId=COMMON_SSE_CP_GPJCTPZ_GPLB_GP_L,2026-08-06
600479,上海证券交易所,千金药业,株洲千金药业股份有限公司,2022,株洲千金药业股份有限公司,1,1,候选；须核对该年度法人名称、退市时点及主体关系,2020,monitor_pass,第九次监测合格名单,农产发〔2020〕6号,2020-11-20,https://www.moa.gov.cn/nybgb/2020/202012/202102/P020210201587636946140.pdf,基准按年末已生效的正式文件；年末新认定另做下一完整年度起算稳健性,官方事件集合可构建；尚未完成上市法人历史名称映射,20040312,https://query.sse.com.cn/commonQuery.do?sqlId=COMMON_SSE_CP_GPJCTPZ_GPLB_GP_L,2026-08-06
600479,上海证券交易所,千金药业,株洲千金药业股份有限公司,2023,株洲千金药业股份有限公司,1,1,候选；须核对该年度法人名称、退市时点及主体关系,2023,monitor_pass,第十次监测合格名单,农产发〔2023〕3号,2023-05-12,https://www.moa.gov.cn/nybgb/2023/202306/202307/P020230719348171286633.pdf,基准按年末已生效的正式文件；年末新认定另做下一完整年度起算稳健性,官方事件集合可构建；尚未完成上市法人历史名称映射,20040312,https://query.sse.com.cn/commonQuery.do?sqlId=COMMON_SSE_CP_GPJCTPZ_GPLB_GP_L,2026-08-06
600543,上海证券交易所,*ST莫高,甘肃莫高实业发展股份有限公司,2014,甘肃莫高实业发展股份有限公司,1,1,候选；须核对该年度法人名称、退市时点及主体关系,2014,monitor_pass,第六次监测合格名单,农经发〔2014〕9号,2014-09-01,https://www.moa.gov.cn/nybgb/2014/shi/201712/P020180104776701107212.pdf,基准按年末已生效的正式文件；年末新认定另做下一完整年度起算稳健性,官方事件集合可构建；尚未完成上市法人历史名称映射,20040324,https://query.sse.com.cn/commonQuery.do?sqlId=COMMON_SSE_CP_GPJCTPZ_GPLB_GP_L,2026-08-06
600543,上海证券交易所,*ST莫高,甘肃莫高实业发展股份有限公司,2015,甘肃莫高实业发展股份有限公司,1,1,候选；须核对该年度法人名称、退市时点及主体关系,2014,monitor_pass,第六次监测合格名单,农经发〔2014〕9号,2014-09-01,https://www.moa.gov.cn/nybgb/2014/shi/201712/P020180104776701107212.pdf,基准按年末已生效的正式文件；年末新认定另做下一完整年度起算稳健性,官方事件集合可构建；尚未完成上市法人历史名称映射,20040324,https://query.sse.com.cn/commonQuery.do?sqlId=COMMON_SSE_CP_GPJCTPZ_GPLB_GP_L,2026-08-06
600543,上海证券交易所,*ST莫高,甘肃莫高实业发展股份有限公司,2018,甘肃莫高实业发展股份有限公司,1,1,候选；须核对该年度法人名称、退市时点及主体关系,2018,monitor_pass,第八次监测合格名单,农产发〔2018〕1号,2018-11-29,https://xccys.moa.gov.cn/gzdt/201812/t20181205_6314544.htm,基准按年末已生效的正式文件；年末新认定另做下一完整年度起算稳健性,官方事件集合可构建；尚未完成上市法人历史名称映射,20040324,https://query.sse.com.cn/commonQuery.do?sqlId=COMMON_SSE_CP_GPJCTPZ_GPLB_GP_L,2026-08-06
600543,上海证券交易所,*ST莫高,甘肃莫高实业发展股份有限公司,2019,甘肃莫高实业发展股份有限公司,1,1,候选；须核对该年度法人名称、退市时点及主体关系,2018,monitor_pass,第八次监测合格名单,农产发〔2018〕1号,2018-11-29,https://xccys.moa.gov.cn/gzdt/201812/t20181205_6314544.htm,基准按年末已生效的正式文件；年末新认定另做下一完整年度起算稳健性,官方事件集合可构建；尚未完成上市法人历史名称映射,20040324,https://query.sse.com.cn/commonQuery.do?sqlId=COMMON_SSE_CP_GPJCTPZ_GPLB_GP_L,2026-08-06
600543,上海证券交易所,*ST莫高,甘肃莫高实业发展股份有限公司,2020,甘肃莫高实业发展股份有限公司,1,1,候选；须核对该年度法人名称、退市时点及主体关系,2020,monitor_pass,第九次监测合格名单,农产发〔2020〕6号,2020-11-20,https://www.moa.gov.cn/nybgb/2020/202012/202102/P020210201587636946140.pdf,基准按年末已生效的正式文件；年末新认定另做下一完整年度起算稳健性,官方事件集合可构建；尚未完成上市法人历史名称映射,20040324,https://query.sse.com.cn/commonQuery.do?sqlId=COMMON_SSE_CP_GPJCTPZ_GPLB_GP_L,2026-08-06
600543,上海证券交易所,*ST莫高,甘肃莫高实业发展股份有限公司,2021,甘肃莫高实业发展股份有限公司,1,1,候选；须核对该年度法人名称、退市时点及主体关系,2020,monitor_pass,第九次监测合格名单,农产发〔2020〕6号,2020-11-20,https://www.moa.gov.cn/nybgb/2020/202012/202102/P020210201587636946140.pdf,基准按年末已生效的正式文件；年末新认定另做下一完整年度起算稳健性,官方事件集合可构建；尚未完成上市法人历史名称映射,20040324,https://query.sse.com.cn/commonQuery.do?sqlId=COMMON_SSE_CP_GPJCTPZ_GPLB_GP_L,2026-08-06
600543,上海证券交易所,*ST莫高,甘肃莫高实业发展股份有限公司,2022,甘肃莫高实业发展股份有限公司,1,1,候选；须核对该年度法人名称、退市时点及主体关系,2020,monitor_pass,第九次监测合格名单,农产发〔2020〕6号,2020-11-20,https://www.moa.gov.cn/nybgb/2020/202012/202102/P020210201587636946140.pdf,基准按年末已生效的正式文件；年末新认定另做下一完整年度起算稳健性,官方事件集合可构建；尚未完成上市法人历史名称映射,20040324,https://query.sse.com.cn/commonQuery.do?sqlId=COMMON_SSE_CP_GPJCTPZ_GPLB_GP_L,2026-08-06
600543,上海证券交易所,*ST莫高,甘肃莫高实业发展股份有限公司,2023,甘肃莫高实业发展股份有限公司,1,1,候选；须核对该年度法人名称、退市时点及主体关系,2023,monitor_pass,第十次监测合格名单,农产发〔2023〕3号,2023-05-12,https://www.moa.gov.cn/nybgb/2023/202306/202307/P020230719348171286633.pdf,基准按年末已生效的正式文件；年末新认定另做下一完整年度起算稳健性,官方事件集合可构建；尚未完成上市法人历史名称映射,20040324,https://query.sse.com.cn/commonQuery.do?sqlId=COMMON_SSE_CP_GPJCTPZ_GPLB_GP_L,2026-08-06
600597,上海证券交易所,光明乳业,光明乳业股份有限公司,2014,光明乳业股份有限公司,1,1,候选；须核对该年度法人名称、退市时点及主体关系,2014,monitor_pass,第六次监测合格名单,农经发〔2014〕9号,2014-09-01,https://www.moa.gov.cn/nybgb/2014/shi/201712/P020180104776701107212.pdf,基准按年末已生效的正式文件；年末新认定另做下一完整年度起算稳健性,官方事件集合可构建；尚未完成上市法人历史名称映射,20020828,https://query.sse.com.cn/commonQuery.do?sqlId=COMMON_SSE_CP_GPJCTPZ_GPLB_GP_L,2026-08-06
600597,上海证券交易所,光明乳业,光明乳业股份有限公司,2015,光明乳业股份有限公司,1,1,候选；须核对该年度法人名称、退市时点及主体关系,2014,monitor_pass,第六次监测合格名单,农经发〔2014〕9号,2014-09-01,https://www.moa.gov.cn/nybgb/2014/shi/201712/P020180104776701107212.pdf,基准按年末已生效的正式文件；年末新认定另做下一完整年度起算稳健性,官方事件集合可构建；尚未完成上市法人历史名称映射,20020828,https://query.sse.com.cn/commonQuery.do?sqlId=COMMON_SSE_CP_GPJCTPZ_GPLB_GP_L,2026-08-06
600597,上海证券交易所,光明乳业,光明乳业股份有限公司,2018,光明乳业股份有限公司,1,1,候选；须核对该年度法人名称、退市时点及主体关系,2018,monitor_pass,第八次监测合格名单,农产发〔2018〕1号,2018-11-29,https://xccys.moa.gov.cn/gzdt/201812/t20181205_6314544.htm,基准按年末已生效的正式文件；年末新认定另做下一完整年度起算稳健性,官方事件集合可构建；尚未完成上市法人历史名称映射,20020828,https://query.sse.com.cn/commonQuery.do?sqlId=COMMON_SSE_CP_GPJCTPZ_GPLB_GP_L,2026-08-06
600597,上海证券交易所,光明乳业,光明乳业股份有限公司,2019,光明乳业股份有限公司,1,1,候选；须核对该年度法人名称、退市时点及主体关系,2018,monitor_pass,第八次监测合格名单,农产发〔2018〕1号,2018-11-29,https://xccys.moa.gov.cn/gzdt/201812/t20181205_6314544.htm,基准按年末已生效的正式文件；年末新认定另做下一完整年度起算稳健性,官方事件集合可构建；尚未完成上市法人历史名称映射,20020828,https://query.sse.com.cn/commonQuery.do?sqlId=COMMON_SSE_CP_GPJCTPZ_GPLB_GP_L,2026-08-06
600597,上海证券交易所,光明乳业,光明乳业股份有限公司,2020,光明乳业股份有限公司,1,1,候选；须核对该年度法人名称、退市时点及主体关系,2020,monitor_pass,第九次监测合格名单,农产发〔2020〕6号,2020-11-20,https://www.moa.gov.cn/nybgb/2020/202012/202102/P020210201587636946140.pdf,基准按年末已生效的正式文件；年末新认定另做下一完整年度起算稳健性,官方事件集合可构建；尚未完成上市法人历史名称映射,20020828,https://query.sse.com.cn/commonQuery.do?sqlId=COMMON_SSE_CP_GPJCTPZ_GPLB_GP_L,2026-08-06
600597,上海证券交易所,光明乳业,光明乳业股份有限公司,2021,光明乳业股份有限公司,1,1,候选；须核对该年度法人名称、退市时点及主体关系,2020,monitor_pass,第九次监测合格名单,农产发〔2020〕6号,2020-11-20,https://www.moa.gov.cn/nybgb/2020/202012/202102/P020210201587636946140.pdf,基准按年末已生效的正式文件；年末新认定另做下一完整年度起算稳健性,官方事件集合可构建；尚未完成上市法人历史名称映射,20020828,https://query.sse.com.cn/commonQuery.do?sqlId=COMMON_SSE_CP_GPJCTPZ_GPLB_GP_L,2026-08-06
600597,上海证券交易所,光明乳业,光明乳业股份有限公司,2022,光明乳业股份有限公司,1,1,候选；须核对该年度法人名称、退市时点及主体关系,2020,monitor_pass,第九次监测合格名单,农产发〔2020〕6号,2020-11-20,https://www.moa.gov.cn/nybgb/2020/202012/202102/P020210201587636946140.pdf,基准按年末已生效的正式文件；年末新认定另做下一完整年度起算稳健性,官方事件集合可构建；尚未完成上市法人历史名称映射,20020828,https://query.sse.com.cn/commonQuery.do?sqlId=COMMON_SSE_CP_GPJCTPZ_GPLB_GP_L,2026-08-06
600597,上海证券交易所,光明乳业,光明乳业股份有限公司,2023,光明乳业股份有限公司,1,1,候选；须核对该年度法人名称、退市时点及主体关系,2023,monitor_pass,第十次监测合格名单,农产发〔2023〕3号,2023-05-12,https://www.moa.gov.cn/nybgb/2023/202306/202307/P020230719348171286633.pdf,基准按年末已生效的正式文件；年末新认定另做下一完整年度起算稳健性,官方事件集合可构建；尚未完成上市法人历史名称映射,20020828,https://query.sse.com.cn/commonQuery.do?sqlId=COMMON_SSE_CP_GPJCTPZ_GPLB_GP_L,2026-08-06
600737,上海证券交易所,中粮糖业,中粮糖业控股股份有限公司,2023,中粮糖业控股股份有限公司,1,1,候选；须核对该年度法人名称、退市时点及主体关系,2023,monitor_pass,第十次监测合格名单,农产发〔2023〕3号,2023-05-12,https://www.moa.gov.cn/nybgb/2023/202306/202307/P020230719348171286633.pdf,基准按年末已生效的正式文件；年末新认定另做下一完整年度起算稳健性,官方事件集合可构建；尚未完成上市法人历史名称映射,19960731,https://query.sse.com.cn/commonQuery.do?sqlId=COMMON_SSE_CP_GPJCTPZ_GPLB_GP_L,2026-08-06
600873,上海证券交易所,梅花生物,梅花生物科技集团股份有限公司,2014,梅花生物科技集团股份有限公司,1,1,候选；须核对该年度法人名称、退市时点及主体关系,2014,monitor_pass,第六次监测合格名单,农经发〔2014〕9号,2014-09-01,https://www.moa.gov.cn/nybgb/2014/shi/201712/P020180104776701107212.pdf,基准按年末已生效的正式文件；年末新认定另做下一完整年度起算稳健性,官方事件集合可构建；尚未完成上市法人历史名称映射,19950217,https://query.sse.com.cn/commonQuery.do?sqlId=COMMON_SSE_CP_GPJCTPZ_GPLB_GP_L,2026-08-06
600873,上海证券交易所,梅花生物,梅花生物科技集团股份有限公司,2015,梅花生物科技集团股份有限公司,1,1,候选；须核对该年度法人名称、退市时点及主体关系,2014,monitor_pass,第六次监测合格名单,农经发〔2014〕9号,2014-09-01,https://www.moa.gov.cn/nybgb/2014/shi/201712/P020180104776701107212.pdf,基准按年末已生效的正式文件；年末新认定另做下一完整年度起算稳健性,官方事件集合可构建；尚未完成上市法人历史名称映射,19950217,https://query.sse.com.cn/commonQuery.do?sqlId=COMMON_SSE_CP_GPJCTPZ_GPLB_GP_L,2026-08-06
600873,上海证券交易所,梅花生物,梅花生物科技集团股份有限公司,2018,梅花生物科技集团股份有限公司,1,1,候选；须核对该年度法人名称、退市时点及主体关系,2018,monitor_pass,第八次监测合格名单,农产发〔2018〕1号,2018-11-29,https://xccys.moa.gov.cn/gzdt/201812/t20181205_6314544.htm,基准按年末已生效的正式文件；年末新认定另做下一完整年度起算稳健性,官方事件集合可构建；尚未完成上市法人历史名称映射,19950217,https://query.sse.com.cn/commonQuery.do?sqlId=COMMON_SSE_CP_GPJCTPZ_GPLB_GP_L,2026-08-06
600873,上海证券交易所,梅花生物,梅花生物科技集团股份有限公司,2019,梅花生物科技集团股份有限公司,1,1,候选；须核对该年度法人名称、退市时点及主体关系,2018,monitor_pass,第八次监测合格名单,农产发〔2018〕1号,2018-11-29,https://xccys.moa.gov.cn/gzdt/201812/t20181205_6314544.htm,基准按年末已生效的正式文件；年末新认定另做下一完整年度起算稳健性,官方事件集合可构建；尚未完成上市法人历史名称映射,19950217,https://query.sse.com.cn/commonQuery.do?sqlId=COMMON_SSE_CP_GPJCTPZ_GPLB_GP_L,2026-08-06
600873,上海证券交易所,梅花生物,梅花生物科技集团股份有限公司,2020,梅花生物科技集团股份有限公司,1,1,候选；须核对该年度法人名称、退市时点及主体关系,2020,monitor_pass,第九次监测合格名单,农产发〔2020〕6号,2020-11-20,https://www.moa.gov.cn/nybgb/2020/202012/202102/P020210201587636946140.pdf,基准按年末已生效的正式文件；年末新认定另做下一完整年度起算稳健性,官方事件集合可构建；尚未完成上市法人历史名称映射,19950217,https://query.sse.com.cn/commonQuery.do?sqlId=COMMON_SSE_CP_GPJCTPZ_GPLB_GP_L,2026-08-06
600873,上海证券交易所,梅花生物,梅花生物科技集团股份有限公司,2021,梅花生物科技集团股份有限公司,1,1,候选；须核对该年度法人名称、退市时点及主体关系,2020,monitor_pass,第九次监测合格名单,农产发〔2020〕6号,2020-11-20,https://www.moa.gov.cn/nybgb/2020/202012/202102/P020210201587636946140.pdf,基准按年末已生效的正式文件；年末新认定另做下一完整年度起算稳健性,官方事件集合可构建；尚未完成上市法人历史名称映射,19950217,https://query.sse.com.cn/commonQuery.do?sqlId=COMMON_SSE_CP_GPJCTPZ_GPLB_GP_L,2026-08-06
600873,上海证券交易所,梅花生物,梅花生物科技集团股份有限公司,2022,梅花生物科技集团股份有限公司,1,1,候选；须核对该年度法人名称、退市时点及主体关系,2020,monitor_pass,第九次监测合格名单,农产发〔2020〕6号,2020-11-20,https://www.moa.gov.cn/nybgb/2020/202012/202102/P020210201587636946140.pdf,基准按年末已生效的正式文件；年末新认定另做下一完整年度起算稳健性,官方事件集合可构建；尚未完成上市法人历史名称映射,19950217,https://query.sse.com.cn/commonQuery.do?sqlId=COMMON_SSE_CP_GPJCTPZ_GPLB_GP_L,2026-08-06
600873,上海证券交易所,梅花生物,梅花生物科技集团股份有限公司,2023,梅花生物科技集团股份有限公司,1,1,候选；须核对该年度法人名称、退市时点及主体关系,2023,monitor_pass,第十次监测合格名单,农产发〔2023〕3号,2023-05-12,https://www.moa.gov.cn/nybgb/2023/202306/202307/P020230719348171286633.pdf,基准按年末已生效的正式文件；年末新认定另做下一完整年度起算稳健性,官方事件集合可构建；尚未完成上市法人历史名称映射,19950217,https://query.sse.com.cn/commonQuery.do?sqlId=COMMON_SSE_CP_GPJCTPZ_GPLB_GP_L,2026-08-06
600882,上海证券交易所,妙可蓝多,上海妙可蓝多食品科技股份有限公司,2020,上海妙可蓝多食品科技股份有限公司,1,1,候选；须核对该年度法人名称、退市时点及主体关系,2020,replacement,2020年递补名单（128家）,农产发〔2020〕8号,2020-11-25,https://www.moa.gov.cn/nybgb/2020/202012/202102/P020210201587636946140.pdf,基准按年末已生效的正式文件；年末新认定另做下一完整年度起算稳健性,官方事件集合可构建；尚未完成上市法人历史名称映射,19951206,https://query.sse.com.cn/commonQuery.do?sqlId=COMMON_SSE_CP_GPJCTPZ_GPLB_GP_L,2026-08-06
600882,上海证券交易所,妙可蓝多,上海妙可蓝多食品科技股份有限公司,2021,上海妙可蓝多食品科技股份有限公司,1,1,候选；须核对该年度法人名称、退市时点及主体关系,2020,replacement,2020年递补名单（128家）,农产发〔2020〕8号,2020-11-25,https://www.moa.gov.cn/nybgb/2020/202012/202102/P020210201587636946140.pdf,基准按年末已生效的正式文件；年末新认定另做下一完整年度起算稳健性,官方事件集合可构建；尚未完成上市法人历史名称映射,19951206,https://query.sse.com.cn/commonQuery.do?sqlId=COMMON_SSE_CP_GPJCTPZ_GPLB_GP_L,2026-08-06
600882,上海证券交易所,妙可蓝多,上海妙可蓝多食品科技股份有限公司,2022,上海妙可蓝多食品科技股份有限公司,1,1,候选；须核对该年度法人名称、退市时点及主体关系,2020,replacement,2020年递补名单（128家）,农产发〔2020〕8号,2020-11-25,https://www.moa.gov.cn/nybgb/2020/202012/202102/P020210201587636946140.pdf,基准按年末已生效的正式文件；年末新认定另做下一完整年度起算稳健性,官方事件集合可构建；尚未完成上市法人历史名称映射,19951206,https://query.sse.com.cn/commonQuery.do?sqlId=COMMON_SSE_CP_GPJCTPZ_GPLB_GP_L,2026-08-06
600882,上海证券交易所,妙可蓝多,上海妙可蓝多食品科技股份有限公司,2023,上海妙可蓝多食品科技股份有限公司,1,1,候选；须核对该年度法人名称、退市时点及主体关系,2023,monitor_pass,第十次监测合格名单,农产发〔2023〕3号,2023-05-12,https://www.moa.gov.cn/nybgb/2023/202306/202307/P020230719348171286633.pdf,基准按年末已生效的正式文件；年末新认定另做下一完整年度起算稳健性,官方事件集合可构建；尚未完成上市法人历史名称映射,19951206,https://query.sse.com.cn/commonQuery.do?sqlId=COMMON_SSE_CP_GPJCTPZ_GPLB_GP_L,2026-08-06
600887,上海证券交易所,伊利股份,内蒙古伊利实业集团股份有限公司,2014,内蒙古伊利实业集团股份有限公司,1,1,候选；须核对该年度法人名称、退市时点及主体关系,2014,monitor_pass,第六次监测合格名单,农经发〔2014〕9号,2014-09-01,https://www.moa.gov.cn/nybgb/2014/shi/201712/P020180104776701107212.pdf,基准按年末已生效的正式文件；年末新认定另做下一完整年度起算稳健性,官方事件集合可构建；尚未完成上市法人历史名称映射,19960312,https://query.sse.com.cn/commonQuery.do?sqlId=COMMON_SSE_CP_GPJCTPZ_GPLB_GP_L,2026-08-06
600887,上海证券交易所,伊利股份,内蒙古伊利实业集团股份有限公司,2015,内蒙古伊利实业集团股份有限公司,1,1,候选；须核对该年度法人名称、退市时点及主体关系,2014,monitor_pass,第六次监测合格名单,农经发〔2014〕9号,2014-09-01,https://www.moa.gov.cn/nybgb/2014/shi/201712/P020180104776701107212.pdf,基准按年末已生效的正式文件；年末新认定另做下一完整年度起算稳健性,官方事件集合可构建；尚未完成上市法人历史名称映射,19960312,https://query.sse.com.cn/commonQuery.do?sqlId=COMMON_SSE_CP_GPJCTPZ_GPLB_GP_L,2026-08-06
600887,上海证券交易所,伊利股份,内蒙古伊利实业集团股份有限公司,2018,内蒙古伊利实业集团股份有限公司,1,1,候选；须核对该年度法人名称、退市时点及主体关系,2018,monitor_pass,第八次监测合格名单,农产发〔2018〕1号,2018-11-29,https://xccys.moa.gov.cn/gzdt/201812/t20181205_6314544.htm,基准按年末已生效的正式文件；年末新认定另做下一完整年度起算稳健性,官方事件集合可构建；尚未完成上市法人历史名称映射,19960312,https://query.sse.com.cn/commonQuery.do?sqlId=COMMON_SSE_CP_GPJCTPZ_GPLB_GP_L,2026-08-06
600887,上海证券交易所,伊利股份,内蒙古伊利实业集团股份有限公司,2019,内蒙古伊利实业集团股份有限公司,1,1,候选；须核对该年度法人名称、退市时点及主体关系,2018,monitor_pass,第八次监测合格名单,农产发〔2018〕1号,2018-11-29,https://xccys.moa.gov.cn/gzdt/201812/t20181205_6314544.htm,基准按年末已生效的正式文件；年末新认定另做下一完整年度起算稳健性,官方事件集合可构建；尚未完成上市法人历史名称映射,19960312,https://query.sse.com.cn/commonQuery.do?sqlId=COMMON_SSE_CP_GPJCTPZ_GPLB_GP_L,2026-08-06
600887,上海证券交易所,伊利股份,内蒙古伊利实业集团股份有限公司,2020,内蒙古伊利实业集团股份有限公司,1,1,候选；须核对该年度法人名称、退市时点及主体关系,2020,monitor_pass,第九次监测合格名单,农产发〔2020〕6号,2020-11-20,https://www.moa.gov.cn/nybgb/2020/202012/202102/P020210201587636946140.pdf,基准按年末已生效的正式文件；年末新认定另做下一完整年度起算稳健性,官方事件集合可构建；尚未完成上市法人历史名称映射,19960312,https://query.sse.com.cn/commonQuery.do?sqlId=COMMON_SSE_CP_GPJCTPZ_GPLB_GP_L,2026-08-06
600887,上海证券交易所,伊利股份,内蒙古伊利实业集团股份有限公司,2021,内蒙古伊利实业集团股份有限公司,1,1,候选；须核对该年度法人名称、退市时点及主体关系,2020,monitor_pass,第九次监测合格名单,农产发〔2020〕6号,2020-11-20,https://www.moa.gov.cn/nybgb/2020/202012/202102/P020210201587636946140.pdf,基准按年末已生效的正式文件；年末新认定另做下一完整年度起算稳健性,官方事件集合可构建；尚未完成上市法人历史名称映射,19960312,https://query.sse.com.cn/commonQuery.do?sqlId=COMMON_SSE_CP_GPJCTPZ_GPLB_GP_L,2026-08-06
600887,上海证券交易所,伊利股份,内蒙古伊利实业集团股份有限公司,2022,内蒙古伊利实业集团股份有限公司,1,1,候选；须核对该年度法人名称、退市时点及主体关系,2020,monitor_pass,第九次监测合格名单,农产发〔2020〕6号,2020-11-20,https://www.moa.gov.cn/nybgb/2020/202012/202102/P020210201587636946140.pdf,基准按年末已生效的正式文件；年末新认定另做下一完整年度起算稳健性,官方事件集合可构建；尚未完成上市法人历史名称映射,19960312,https://query.sse.com.cn/commonQuery.do?sqlId=COMMON_SSE_CP_GPJCTPZ_GPLB_GP_L,2026-08-06
600887,上海证券交易所,伊利股份,内蒙古伊利实业集团股份有限公司,2023,内蒙古伊利实业集团股份有限公司,1,1,候选；须核对该年度法人名称、退市时点及主体关系,2023,monitor_pass,第十次监测合格名单,农产发〔2023〕3号,2023-05-12,https://www.moa.gov.cn/nybgb/2023/202306/202307/P020230719348171286633.pdf,基准按年末已生效的正式文件；年末新认定另做下一完整年度起算稳健性,官方事件集合可构建；尚未完成上市法人历史名称映射,19960312,https://query.sse.com.cn/commonQuery.do?sqlId=COMMON_SSE_CP_GPJCTPZ_GPLB_GP_L,2026-08-06
600962,上海证券交易所,国投中鲁,国投中鲁果汁股份有限公司,2014,国投中鲁果汁股份有限公司,1,1,候选；须核对该年度法人名称、退市时点及主体关系,2014,monitor_pass,第六次监测合格名单,农经发〔2014〕9号,2014-09-01,https://www.moa.gov.cn/nybgb/2014/shi/201712/P020180104776701107212.pdf,基准按年末已生效的正式文件；年末新认定另做下一完整年度起算稳健性,官方事件集合可构建；尚未完成上市法人历史名称映射,20040622,https://query.sse.com.cn/commonQuery.do?sqlId=COMMON_SSE_CP_GPJCTPZ_GPLB_GP_L,2026-08-06
600962,上海证券交易所,国投中鲁,国投中鲁果汁股份有限公司,2015,国投中鲁果汁股份有限公司,1,1,候选；须核对该年度法人名称、退市时点及主体关系,2014,monitor_pass,第六次监测合格名单,农经发〔2014〕9号,2014-09-01,https://www.moa.gov.cn/nybgb/2014/shi/201712/P020180104776701107212.pdf,基准按年末已生效的正式文件；年末新认定另做下一完整年度起算稳健性,官方事件集合可构建；尚未完成上市法人历史名称映射,20040622,https://query.sse.com.cn/commonQuery.do?sqlId=COMMON_SSE_CP_GPJCTPZ_GPLB_GP_L,2026-08-06
600962,上海证券交易所,国投中鲁,国投中鲁果汁股份有限公司,2018,国投中鲁果汁股份有限公司,1,1,候选；须核对该年度法人名称、退市时点及主体关系,2018,monitor_pass,第八次监测合格名单,农产发〔2018〕1号,2018-11-29,https://xccys.moa.gov.cn/gzdt/201812/t20181205_6314544.htm,基准按年末已生效的正式文件；年末新认定另做下一完整年度起算稳健性,官方事件集合可构建；尚未完成上市法人历史名称映射,20040622,https://query.sse.com.cn/commonQuery.do?sqlId=COMMON_SSE_CP_GPJCTPZ_GPLB_GP_L,2026-08-06
600962,上海证券交易所,国投中鲁,国投中鲁果汁股份有限公司,2019,国投中鲁果汁股份有限公司,1,1,候选；须核对该年度法人名称、退市时点及主体关系,2018,monitor_pass,第八次监测合格名单,农产发〔2018〕1号,2018-11-29,https://xccys.moa.gov.cn/gzdt/201812/t20181205_6314544.htm,基准按年末已生效的正式文件；年末新认定另做下一完整年度起算稳健性,官方事件集合可构建；尚未完成上市法人历史名称映射,20040622,https://query.sse.com.cn/commonQuery.do?sqlId=COMMON_SSE_CP_GPJCTPZ_GPLB_GP_L,2026-08-06
600962,上海证券交易所,国投中鲁,国投中鲁果汁股份有限公司,2020,国投中鲁果汁股份有限公司,1,1,候选；须核对该年度法人名称、退市时点及主体关系,2020,monitor_pass,第九次监测合格名单,农产发〔2020〕6号,2020-11-20,https://www.moa.gov.cn/nybgb/2020/202012/202102/P020210201587636946140.pdf,基准按年末已生效的正式文件；年末新认定另做下一完整年度起算稳健性,官方事件集合可构建；尚未完成上市法人历史名称映射,20040622,https://query.sse.com.cn/commonQuery.do?sqlId=COMMON_SSE_CP_GPJCTPZ_GPLB_GP_L,2026-08-06
600962,上海证券交易所,国投中鲁,国投中鲁果汁股份有限公司,2021,国投中鲁果汁股份有限公司,1,1,候选；须核对该年度法人名称、退市时点及主体关系,2020,monitor_pass,第九次监测合格名单,农产发〔2020〕6号,2020-11-20,https://www.moa.gov.cn/nybgb/2020/202012/202102/P020210201587636946140.pdf,基准按年末已生效的正式文件；年末新认定另做下一完整年度起算稳健性,官方事件集合可构建；尚未完成上市法人历史名称映射,20040622,https://query.sse.com.cn/commonQuery.do?sqlId=COMMON_SSE_CP_GPJCTPZ_GPLB_GP_L,2026-08-06
600962,上海证券交易所,国投中鲁,国投中鲁果汁股份有限公司,2022,国投中鲁果汁股份有限公司,1,1,候选；须核对该年度法人名称、退市时点及主体关系,2020,monitor_pass,第九次监测合格名单,农产发〔2020〕6号,2020-11-20,https://www.moa.gov.cn/nybgb/2020/202012/202102/P020210201587636946140.pdf,基准按年末已生效的正式文件；年末新认定另做下一完整年度起算稳健性,官方事件集合可构建；尚未完成上市法人历史名称映射,20040622,https://query.sse.com.cn/commonQuery.do?sqlId=COMMON_SSE_CP_GPJCTPZ_GPLB_GP_L,2026-08-06
600962,上海证券交易所,国投中鲁,国投中鲁果汁股份有限公司,2023,国投中鲁果汁股份有限公司,1,1,候选；须核对该年度法人名称、退市时点及主体关系,2023,monitor_pass,第十次监测合格名单,农产发〔2023〕3号,2023-05-12,https://www.moa.gov.cn/nybgb/2023/202306/202307/P020230719348171286633.pdf,基准按年末已生效的正式文件；年末新认定另做下一完整年度起算稳健性,官方事件集合可构建；尚未完成上市法人历史名称映射,20040622,https://query.sse.com.cn/commonQuery.do?sqlId=COMMON_SSE_CP_GPJCTPZ_GPLB_GP_L,2026-08-06
600965,上海证券交易所,*ST福成,河北福成五丰食品股份有限公司,2014,河北福成五丰食品股份有限公司,1,1,候选；须核对该年度法人名称、退市时点及主体关系,2014,monitor_pass,第六次监测合格名单,农经发〔2014〕9号,2014-09-01,https://www.moa.gov.cn/nybgb/2014/shi/201712/P020180104776701107212.pdf,基准按年末已生效的正式文件；年末新认定另做下一完整年度起算稳健性,官方事件集合可构建；尚未完成上市法人历史名称映射,20040713,https://query.sse.com.cn/commonQuery.do?sqlId=COMMON_SSE_CP_GPJCTPZ_GPLB_GP_L,2026-08-06
600965,上海证券交易所,*ST福成,河北福成五丰食品股份有限公司,2015,河北福成五丰食品股份有限公司,1,1,候选；须核对该年度法人名称、退市时点及主体关系,2014,monitor_pass,第六次监测合格名单,农经发〔2014〕9号,2014-09-01,https://www.moa.gov.cn/nybgb/2014/shi/201712/P020180104776701107212.pdf,基准按年末已生效的正式文件；年末新认定另做下一完整年度起算稳健性,官方事件集合可构建；尚未完成上市法人历史名称映射,20040713,https://query.sse.com.cn/commonQuery.do?sqlId=COMMON_SSE_CP_GPJCTPZ_GPLB_GP_L,2026-08-06
600965,上海证券交易所,*ST福成,河北福成五丰食品股份有限公司,2018,河北福成五丰食品股份有限公司,1,1,候选；须核对该年度法人名称、退市时点及主体关系,2018,monitor_pass,第八次监测合格名单,农产发〔2018〕1号,2018-11-29,https://xccys.moa.gov.cn/gzdt/201812/t20181205_6314544.htm,基准按年末已生效的正式文件；年末新认定另做下一完整年度起算稳健性,官方事件集合可构建；尚未完成上市法人历史名称映射,20040713,https://query.sse.com.cn/commonQuery.do?sqlId=COMMON_SSE_CP_GPJCTPZ_GPLB_GP_L,2026-08-06
600965,上海证券交易所,*ST福成,河北福成五丰食品股份有限公司,2019,河北福成五丰食品股份有限公司,1,1,候选；须核对该年度法人名称、退市时点及主体关系,2018,monitor_pass,第八次监测合格名单,农产发〔2018〕1号,2018-11-29,https://xccys.moa.gov.cn/gzdt/201812/t20181205_6314544.htm,基准按年末已生效的正式文件；年末新认定另做下一完整年度起算稳健性,官方事件集合可构建；尚未完成上市法人历史名称映射,20040713,https://query.sse.com.cn/commonQuery.do?sqlId=COMMON_SSE_CP_GPJCTPZ_GPLB_GP_L,2026-08-06
600965,上海证券交易所,*ST福成,河北福成五丰食品股份有限公司,2020,河北福成五丰食品股份有限公司,1,1,候选；须核对该年度法人名称、退市时点及主体关系,2020,monitor_pass,第九次监测合格名单,农产发〔2020〕6号,2020-11-20,https://www.moa.gov.cn/nybgb/2020/202012/202102/P020210201587636946140.pdf,基准按年末已生效的正式文件；年末新认定另做下一完整年度起算稳健性,官方事件集合可构建；尚未完成上市法人历史名称映射,20040713,https://query.sse.com.cn/commonQuery.do?sqlId=COMMON_SSE_CP_GPJCTPZ_GPLB_GP_L,2026-08-06
600965,上海证券交易所,*ST福成,河北福成五丰食品股份有限公司,2021,河北福成五丰食品股份有限公司,1,1,候选；须核对该年度法人名称、退市时点及主体关系,2020,monitor_pass,第九次监测合格名单,农产发〔2020〕6号,2020-11-20,https://www.moa.gov.cn/nybgb/2020/202012/202102/P020210201587636946140.pdf,基准按年末已生效的正式文件；年末新认定另做下一完整年度起算稳健性,官方事件集合可构建；尚未完成上市法人历史名称映射,20040713,https://query.sse.com.cn/commonQuery.do?sqlId=COMMON_SSE_CP_GPJCTPZ_GPLB_GP_L,2026-08-06
600965,上海证券交易所,*ST福成,河北福成五丰食品股份有限公司,2022,河北福成五丰食品股份有限公司,1,1,候选；须核对该年度法人名称、退市时点及主体关系,2020,monitor_pass,第九次监测合格名单,农产发〔2020〕6号,2020-11-20,https://www.moa.gov.cn/nybgb/2020/202012/202102/P020210201587636946140.pdf,基准按年末已生效的正式文件；年末新认定另做下一完整年度起算稳健性,官方事件集合可构建；尚未完成上市法人历史名称映射,20040713,https://query.sse.com.cn/commonQuery.do?sqlId=COMMON_SSE_CP_GPJCTPZ_GPLB_GP_L,2026-08-06
600965,上海证券交易所,*ST福成,河北福成五丰食品股份有限公司,2023,河北福成五丰食品股份有限公司,1,1,候选；须核对该年度法人名称、退市时点及主体关系,2023,monitor_pass,第十次监测合格名单,农产发〔2023〕3号,2023-05-12,https://www.moa.gov.cn/nybgb/2023/202306/202307/P020230719348171286633.pdf,基准按年末已生效的正式文件；年末新认定另做下一完整年度起算稳健性,官方事件集合可构建；尚未完成上市法人历史名称映射,20040713,https://query.sse.com.cn/commonQuery.do?sqlId=COMMON_SSE_CP_GPJCTPZ_GPLB_GP_L,2026-08-06
600975,上海证券交易所,新五丰,湖南新五丰股份有限公司,2014,湖南新五丰股份有限公司,1,1,候选；须核对该年度法人名称、退市时点及主体关系,2014,monitor_pass,第六次监测合格名单,农经发〔2014〕9号,2014-09-01,https://www.moa.gov.cn/nybgb/2014/shi/201712/P020180104776701107212.pdf,基准按年末已生效的正式文件；年末新认定另做下一完整年度起算稳健性,官方事件集合可构建；尚未完成上市法人历史名称映射,20040609,https://query.sse.com.cn/commonQuery.do?sqlId=COMMON_SSE_CP_GPJCTPZ_GPLB_GP_L,2026-08-06
600975,上海证券交易所,新五丰,湖南新五丰股份有限公司,2015,湖南新五丰股份有限公司,1,1,候选；须核对该年度法人名称、退市时点及主体关系,2014,monitor_pass,第六次监测合格名单,农经发〔2014〕9号,2014-09-01,https://www.moa.gov.cn/nybgb/2014/shi/201712/P020180104776701107212.pdf,基准按年末已生效的正式文件；年末新认定另做下一完整年度起算稳健性,官方事件集合可构建；尚未完成上市法人历史名称映射,20040609,https://query.sse.com.cn/commonQuery.do?sqlId=COMMON_SSE_CP_GPJCTPZ_GPLB_GP_L,2026-08-06
600975,上海证券交易所,新五丰,湖南新五丰股份有限公司,2018,湖南新五丰股份有限公司,1,1,候选；须核对该年度法人名称、退市时点及主体关系,2018,monitor_pass,第八次监测合格名单,农产发〔2018〕1号,2018-11-29,https://xccys.moa.gov.cn/gzdt/201812/t20181205_6314544.htm,基准按年末已生效的正式文件；年末新认定另做下一完整年度起算稳健性,官方事件集合可构建；尚未完成上市法人历史名称映射,20040609,https://query.sse.com.cn/commonQuery.do?sqlId=COMMON_SSE_CP_GPJCTPZ_GPLB_GP_L,2026-08-06
600975,上海证券交易所,新五丰,湖南新五丰股份有限公司,2019,湖南新五丰股份有限公司,1,1,候选；须核对该年度法人名称、退市时点及主体关系,2018,monitor_pass,第八次监测合格名单,农产发〔2018〕1号,2018-11-29,https://xccys.moa.gov.cn/gzdt/201812/t20181205_6314544.htm,基准按年末已生效的正式文件；年末新认定另做下一完整年度起算稳健性,官方事件集合可构建；尚未完成上市法人历史名称映射,20040609,https://query.sse.com.cn/commonQuery.do?sqlId=COMMON_SSE_CP_GPJCTPZ_GPLB_GP_L,2026-08-06
600975,上海证券交易所,新五丰,湖南新五丰股份有限公司,2020,湖南新五丰股份有限公司,1,1,候选；须核对该年度法人名称、退市时点及主体关系,2020,monitor_pass,第九次监测合格名单,农产发〔2020〕6号,2020-11-20,https://www.moa.gov.cn/nybgb/2020/202012/202102/P020210201587636946140.pdf,基准按年末已生效的正式文件；年末新认定另做下一完整年度起算稳健性,官方事件集合可构建；尚未完成上市法人历史名称映射,20040609,https://query.sse.com.cn/commonQuery.do?sqlId=COMMON_SSE_CP_GPJCTPZ_GPLB_GP_L,2026-08-06
600975,上海证券交易所,新五丰,湖南新五丰股份有限公司,2021,湖南新五丰股份有限公司,1,1,候选；须核对该年度法人名称、退市时点及主体关系,2020,monitor_pass,第九次监测合格名单,农产发〔2020〕6号,2020-11-20,https://www.moa.gov.cn/nybgb/2020/202012/202102/P020210201587636946140.pdf,基准按年末已生效的正式文件；年末新认定另做下一完整年度起算稳健性,官方事件集合可构建；尚未完成上市法人历史名称映射,20040609,https://query.sse.com.cn/commonQuery.do?sqlId=COMMON_SSE_CP_GPJCTPZ_GPLB_GP_L,2026-08-06
600975,上海证券交易所,新五丰,湖南新五丰股份有限公司,2022,湖南新五丰股份有限公司,1,1,候选；须核对该年度法人名称、退市时点及主体关系,2020,monitor_pass,第九次监测合格名单,农产发〔2020〕6号,2020-11-20,https://www.moa.gov.cn/nybgb/2020/202012/202102/P020210201587636946140.pdf,基准按年末已生效的正式文件；年末新认定另做下一完整年度起算稳健性,官方事件集合可构建；尚未完成上市法人历史名称映射,20040609,https://query.sse.com.cn/commonQuery.do?sqlId=COMMON_SSE_CP_GPJCTPZ_GPLB_GP_L,2026-08-06
600975,上海证券交易所,新五丰,湖南新五丰股份有限公司,2023,湖南新五丰股份有限公司,1,1,候选；须核对该年度法人名称、退市时点及主体关系,2023,monitor_pass,第十次监测合格名单,农产发〔2023〕3号,2023-05-12,https://www.moa.gov.cn/nybgb/2023/202306/202307/P020230719348171286633.pdf,基准按年末已生效的正式文件；年末新认定另做下一完整年度起算稳健性,官方事件集合可构建；尚未完成上市法人历史名称映射,20040609,https://query.sse.com.cn/commonQuery.do?sqlId=COMMON_SSE_CP_GPJCTPZ_GPLB_GP_L,2026-08-06
601118,上海证券交易所,海南橡胶,海南天然橡胶产业集团股份有限公司,2014,海南天然橡胶产业集团股份有限公司,1,1,候选；须核对该年度法人名称、退市时点及主体关系,2014,monitor_pass,第六次监测合格名单,农经发〔2014〕9号,2014-09-01,https://www.moa.gov.cn/nybgb/2014/shi/201712/P020180104776701107212.pdf,基准按年末已生效的正式文件；年末新认定另做下一完整年度起算稳健性,官方事件集合可构建；尚未完成上市法人历史名称映射,20110107,https://query.sse.com.cn/commonQuery.do?sqlId=COMMON_SSE_CP_GPJCTPZ_GPLB_GP_L,2026-08-06
601118,上海证券交易所,海南橡胶,海南天然橡胶产业集团股份有限公司,2015,海南天然橡胶产业集团股份有限公司,1,1,候选；须核对该年度法人名称、退市时点及主体关系,2014,monitor_pass,第六次监测合格名单,农经发〔2014〕9号,2014-09-01,https://www.moa.gov.cn/nybgb/2014/shi/201712/P020180104776701107212.pdf,基准按年末已生效的正式文件；年末新认定另做下一完整年度起算稳健性,官方事件集合可构建；尚未完成上市法人历史名称映射,20110107,https://query.sse.com.cn/commonQuery.do?sqlId=COMMON_SSE_CP_GPJCTPZ_GPLB_GP_L,2026-08-06
601118,上海证券交易所,海南橡胶,海南天然橡胶产业集团股份有限公司,2018,海南天然橡胶产业集团股份有限公司,1,1,候选；须核对该年度法人名称、退市时点及主体关系,2018,monitor_pass,第八次监测合格名单,农产发〔2018〕1号,2018-11-29,https://xccys.moa.gov.cn/gzdt/201812/t20181205_6314544.htm,基准按年末已生效的正式文件；年末新认定另做下一完整年度起算稳健性,官方事件集合可构建；尚未完成上市法人历史名称映射,20110107,https://query.sse.com.cn/commonQuery.do?sqlId=COMMON_SSE_CP_GPJCTPZ_GPLB_GP_L,2026-08-06
601118,上海证券交易所,海南橡胶,海南天然橡胶产业集团股份有限公司,2019,海南天然橡胶产业集团股份有限公司,1,1,候选；须核对该年度法人名称、退市时点及主体关系,2018,monitor_pass,第八次监测合格名单,农产发〔2018〕1号,2018-11-29,https://xccys.moa.gov.cn/gzdt/201812/t20181205_6314544.htm,基准按年末已生效的正式文件；年末新认定另做下一完整年度起算稳健性,官方事件集合可构建；尚未完成上市法人历史名称映射,20110107,https://query.sse.com.cn/commonQuery.do?sqlId=COMMON_SSE_CP_GPJCTPZ_GPLB_GP_L,2026-08-06
601118,上海证券交易所,海南橡胶,海南天然橡胶产业集团股份有限公司,2020,海南天然橡胶产业集团股份有限公司,1,1,候选；须核对该年度法人名称、退市时点及主体关系,2020,monitor_pass,第九次监测合格名单,农产发〔2020〕6号,2020-11-20,https://www.moa.gov.cn/nybgb/2020/202012/202102/P020210201587636946140.pdf,基准按年末已生效的正式文件；年末新认定另做下一完整年度起算稳健性,官方事件集合可构建；尚未完成上市法人历史名称映射,20110107,https://query.sse.com.cn/commonQuery.do?sqlId=COMMON_SSE_CP_GPJCTPZ_GPLB_GP_L,2026-08-06
601118,上海证券交易所,海南橡胶,海南天然橡胶产业集团股份有限公司,2021,海南天然橡胶产业集团股份有限公司,1,1,候选；须核对该年度法人名称、退市时点及主体关系,2020,monitor_pass,第九次监测合格名单,农产发〔2020〕6号,2020-11-20,https://www.moa.gov.cn/nybgb/2020/202012/202102/P020210201587636946140.pdf,基准按年末已生效的正式文件；年末新认定另做下一完整年度起算稳健性,官方事件集合可构建；尚未完成上市法人历史名称映射,20110107,https://query.sse.com.cn/commonQuery.do?sqlId=COMMON_SSE_CP_GPJCTPZ_GPLB_GP_L,2026-08-06
601118,上海证券交易所,海南橡胶,海南天然橡胶产业集团股份有限公司,2022,海南天然橡胶产业集团股份有限公司,1,1,候选；须核对该年度法人名称、退市时点及主体关系,2020,monitor_pass,第九次监测合格名单,农产发〔2020〕6号,2020-11-20,https://www.moa.gov.cn/nybgb/2020/202012/202102/P020210201587636946140.pdf,基准按年末已生效的正式文件；年末新认定另做下一完整年度起算稳健性,官方事件集合可构建；尚未完成上市法人历史名称映射,20110107,https://query.sse.com.cn/commonQuery.do?sqlId=COMMON_SSE_CP_GPJCTPZ_GPLB_GP_L,2026-08-06
601118,上海证券交易所,海南橡胶,海南天然橡胶产业集团股份有限公司,2023,海南天然橡胶产业集团股份有限公司,1,1,候选；须核对该年度法人名称、退市时点及主体关系,2023,monitor_pass,第十次监测合格名单,农产发〔2023〕3号,2023-05-12,https://www.moa.gov.cn/nybgb/2023/202306/202307/P020230719348171286633.pdf,基准按年末已生效的正式文件；年末新认定另做下一完整年度起算稳健性,官方事件集合可构建；尚未完成上市法人历史名称映射,20110107,https://query.sse.com.cn/commonQuery.do?sqlId=COMMON_SSE_CP_GPJCTPZ_GPLB_GP_L,2026-08-06
601933,上海证券交易所,永辉超市,永辉超市股份有限公司,2014,永辉超市股份有限公司,1,1,候选；须核对该年度法人名称、退市时点及主体关系,2014,monitor_pass,第六次监测合格名单,农经发〔2014〕9号,2014-09-01,https://www.moa.gov.cn/nybgb/2014/shi/201712/P020180104776701107212.pdf,基准按年末已生效的正式文件；年末新认定另做下一完整年度起算稳健性,官方事件集合可构建；尚未完成上市法人历史名称映射,20101215,https://query.sse.com.cn/commonQuery.do?sqlId=COMMON_SSE_CP_GPJCTPZ_GPLB_GP_L,2026-08-06
601933,上海证券交易所,永辉超市,永辉超市股份有限公司,2015,永辉超市股份有限公司,1,1,候选；须核对该年度法人名称、退市时点及主体关系,2014,monitor_pass,第六次监测合格名单,农经发〔2014〕9号,2014-09-01,https://www.moa.gov.cn/nybgb/2014/shi/201712/P020180104776701107212.pdf,基准按年末已生效的正式文件；年末新认定另做下一完整年度起算稳健性,官方事件集合可构建；尚未完成上市法人历史名称映射,20101215,https://query.sse.com.cn/commonQuery.do?sqlId=COMMON_SSE_CP_GPJCTPZ_GPLB_GP_L,2026-08-06
601933,上海证券交易所,永辉超市,永辉超市股份有限公司,2018,永辉超市股份有限公司,1,1,候选；须核对该年度法人名称、退市时点及主体关系,2018,monitor_pass,第八次监测合格名单,农产发〔2018〕1号,2018-11-29,https://xccys.moa.gov.cn/gzdt/201812/t20181205_6314544.htm,基准按年末已生效的正式文件；年末新认定另做下一完整年度起算稳健性,官方事件集合可构建；尚未完成上市法人历史名称映射,20101215,https://query.sse.com.cn/commonQuery.do?sqlId=COMMON_SSE_CP_GPJCTPZ_GPLB_GP_L,2026-08-06
601933,上海证券交易所,永辉超市,永辉超市股份有限公司,2019,永辉超市股份有限公司,1,1,候选；须核对该年度法人名称、退市时点及主体关系,2018,monitor_pass,第八次监测合格名单,农产发〔2018〕1号,2018-11-29,https://xccys.moa.gov.cn/gzdt/201812/t20181205_6314544.htm,基准按年末已生效的正式文件；年末新认定另做下一完整年度起算稳健性,官方事件集合可构建；尚未完成上市法人历史名称映射,20101215,https://query.sse.com.cn/commonQuery.do?sqlId=COMMON_SSE_CP_GPJCTPZ_GPLB_GP_L,2026-08-06
601933,上海证券交易所,永辉超市,永辉超市股份有限公司,2020,永辉超市股份有限公司,1,1,候选；须核对该年度法人名称、退市时点及主体关系,2020,monitor_pass,第九次监测合格名单,农产发〔2020〕6号,2020-11-20,https://www.moa.gov.cn/nybgb/2020/202012/202102/P020210201587636946140.pdf,基准按年末已生效的正式文件；年末新认定另做下一完整年度起算稳健性,官方事件集合可构建；尚未完成上市法人历史名称映射,20101215,https://query.sse.com.cn/commonQuery.do?sqlId=COMMON_SSE_CP_GPJCTPZ_GPLB_GP_L,2026-08-06
601933,上海证券交易所,永辉超市,永辉超市股份有限公司,2021,永辉超市股份有限公司,1,1,候选；须核对该年度法人名称、退市时点及主体关系,2020,monitor_pass,第九次监测合格名单,农产发〔2020〕6号,2020-11-20,https://www.moa.gov.cn/nybgb/2020/202012/202102/P020210201587636946140.pdf,基准按年末已生效的正式文件；年末新认定另做下一完整年度起算稳健性,官方事件集合可构建；尚未完成上市法人历史名称映射,20101215,https://query.sse.com.cn/commonQuery.do?sqlId=COMMON_SSE_CP_GPJCTPZ_GPLB_GP_L,2026-08-06
601933,上海证券交易所,永辉超市,永辉超市股份有限公司,2022,永辉超市股份有限公司,1,1,候选；须核对该年度法人名称、退市时点及主体关系,2020,monitor_pass,第九次监测合格名单,农产发〔2020〕6号,2020-11-20,https://www.moa.gov.cn/nybgb/2020/202012/202102/P020210201587636946140.pdf,基准按年末已生效的正式文件；年末新认定另做下一完整年度起算稳健性,官方事件集合可构建；尚未完成上市法人历史名称映射,20101215,https://query.sse.com.cn/commonQuery.do?sqlId=COMMON_SSE_CP_GPJCTPZ_GPLB_GP_L,2026-08-06
601933,上海证券交易所,永辉超市,永辉超市股份有限公司,2023,永辉超市股份有限公司,1,1,候选；须核对该年度法人名称、退市时点及主体关系,2023,monitor_pass,第十次监测合格名单,农产发〔2023〕3号,2023-05-12,https://www.moa.gov.cn/nybgb/2023/202306/202307/P020230719348171286633.pdf,基准按年末已生效的正式文件；年末新认定另做下一完整年度起算稳健性,官方事件集合可构建；尚未完成上市法人历史名称映射,20101215,https://query.sse.com.cn/commonQuery.do?sqlId=COMMON_SSE_CP_GPJCTPZ_GPLB_GP_L,2026-08-06
601996,上海证券交易所,丰林集团,广西丰林木业集团股份有限公司,2014,广西丰林木业集团股份有限公司,1,1,候选；须核对该年度法人名称、退市时点及主体关系,2014,monitor_pass,第六次监测合格名单,农经发〔2014〕9号,2014-09-01,https://www.moa.gov.cn/nybgb/2014/shi/201712/P020180104776701107212.pdf,基准按年末已生效的正式文件；年末新认定另做下一完整年度起算稳健性,官方事件集合可构建；尚未完成上市法人历史名称映射,20110929,https://query.sse.com.cn/commonQuery.do?sqlId=COMMON_SSE_CP_GPJCTPZ_GPLB_GP_L,2026-08-06
601996,上海证券交易所,丰林集团,广西丰林木业集团股份有限公司,2015,广西丰林木业集团股份有限公司,1,1,候选；须核对该年度法人名称、退市时点及主体关系,2014,monitor_pass,第六次监测合格名单,农经发〔2014〕9号,2014-09-01,https://www.moa.gov.cn/nybgb/2014/shi/201712/P020180104776701107212.pdf,基准按年末已生效的正式文件；年末新认定另做下一完整年度起算稳健性,官方事件集合可构建；尚未完成上市法人历史名称映射,20110929,https://query.sse.com.cn/commonQuery.do?sqlId=COMMON_SSE_CP_GPJCTPZ_GPLB_GP_L,2026-08-06
601996,上海证券交易所,丰林集团,广西丰林木业集团股份有限公司,2018,广西丰林木业集团股份有限公司,1,1,候选；须核对该年度法人名称、退市时点及主体关系,2018,monitor_pass,第八次监测合格名单,农产发〔2018〕1号,2018-11-29,https://xccys.moa.gov.cn/gzdt/201812/t20181205_6314544.htm,基准按年末已生效的正式文件；年末新认定另做下一完整年度起算稳健性,官方事件集合可构建；尚未完成上市法人历史名称映射,20110929,https://query.sse.com.cn/commonQuery.do?sqlId=COMMON_SSE_CP_GPJCTPZ_GPLB_GP_L,2026-08-06
601996,上海证券交易所,丰林集团,广西丰林木业集团股份有限公司,2019,广西丰林木业集团股份有限公司,1,1,候选；须核对该年度法人名称、退市时点及主体关系,2018,monitor_pass,第八次监测合格名单,农产发〔2018〕1号,2018-11-29,https://xccys.moa.gov.cn/gzdt/201812/t20181205_6314544.htm,基准按年末已生效的正式文件；年末新认定另做下一完整年度起算稳健性,官方事件集合可构建；尚未完成上市法人历史名称映射,20110929,https://query.sse.com.cn/commonQuery.do?sqlId=COMMON_SSE_CP_GPJCTPZ_GPLB_GP_L,2026-08-06
601996,上海证券交易所,丰林集团,广西丰林木业集团股份有限公司,2020,广西丰林木业集团股份有限公司,1,1,候选；须核对该年度法人名称、退市时点及主体关系,2020,monitor_pass,第九次监测合格名单,农产发〔2020〕6号,2020-11-20,https://www.moa.gov.cn/nybgb/2020/202012/202102/P020210201587636946140.pdf,基准按年末已生效的正式文件；年末新认定另做下一完整年度起算稳健性,官方事件集合可构建；尚未完成上市法人历史名称映射,20110929,https://query.sse.com.cn/commonQuery.do?sqlId=COMMON_SSE_CP_GPJCTPZ_GPLB_GP_L,2026-08-06
601996,上海证券交易所,丰林集团,广西丰林木业集团股份有限公司,2021,广西丰林木业集团股份有限公司,1,1,候选；须核对该年度法人名称、退市时点及主体关系,2020,monitor_pass,第九次监测合格名单,农产发〔2020〕6号,2020-11-20,https://www.moa.gov.cn/nybgb/2020/202012/202102/P020210201587636946140.pdf,基准按年末已生效的正式文件；年末新认定另做下一完整年度起算稳健性,官方事件集合可构建；尚未完成上市法人历史名称映射,20110929,https://query.sse.com.cn/commonQuery.do?sqlId=COMMON_SSE_CP_GPJCTPZ_GPLB_GP_L,2026-08-06
601996,上海证券交易所,丰林集团,广西丰林木业集团股份有限公司,2022,广西丰林木业集团股份有限公司,1,1,候选；须核对该年度法人名称、退市时点及主体关系,2020,monitor_pass,第九次监测合格名单,农产发〔2020〕6号,2020-11-20,https://www.moa.gov.cn/nybgb/2020/202012/202102/P020210201587636946140.pdf,基准按年末已生效的正式文件；年末新认定另做下一完整年度起算稳健性,官方事件集合可构建；尚未完成上市法人历史名称映射,20110929,https://query.sse.com.cn/commonQuery.do?sqlId=COMMON_SSE_CP_GPJCTPZ_GPLB_GP_L,2026-08-06
601996,上海证券交易所,丰林集团,广西丰林木业集团股份有限公司,2023,广西丰林木业集团股份有限公司,1,1,候选；须核对该年度法人名称、退市时点及主体关系,2023,monitor_pass,第十次监测合格名单,农产发〔2023〕3号,2023-05-12,https://www.moa.gov.cn/nybgb/2023/202306/202307/P020230719348171286633.pdf,基准按年末已生效的正式文件；年末新认定另做下一完整年度起算稳健性,官方事件集合可构建；尚未完成上市法人历史名称映射,20110929,https://query.sse.com.cn/commonQuery.do?sqlId=COMMON_SSE_CP_GPJCTPZ_GPLB_GP_L,2026-08-06
603151,上海证券交易所,邦基科技,山东邦基科技股份有限公司,2022,山东邦基科技股份有限公司,1,1,候选；须核对该年度法人名称、退市时点及主体关系,2021,recognition,第七批新认定名单,农产发〔2021〕4号,2021-12-22,https://xccys.moa.gov.cn/gzdt/202201/t20220113_6386872.htm,基准按年末已生效的正式文件；年末新认定另做下一完整年度起算稳健性,官方事件集合可构建；尚未完成上市法人历史名称映射,20221019,https://query.sse.com.cn/commonQuery.do?sqlId=COMMON_SSE_CP_GPJCTPZ_GPLB_GP_L,2026-08-06
603151,上海证券交易所,邦基科技,山东邦基科技股份有限公司,2023,山东邦基科技股份有限公司,1,1,候选；须核对该年度法人名称、退市时点及主体关系,2021,recognition,第七批新认定名单,农产发〔2021〕4号,2021-12-22,https://xccys.moa.gov.cn/gzdt/202201/t20220113_6386872.htm,基准按年末已生效的正式文件；年末新认定另做下一完整年度起算稳健性,官方事件集合可构建；尚未完成上市法人历史名称映射,20221019,https://query.sse.com.cn/commonQuery.do?sqlId=COMMON_SSE_CP_GPJCTPZ_GPLB_GP_L,2026-08-06
603156,上海证券交易所,养元饮品,河北养元智汇饮品股份有限公司,2018,河北养元智汇饮品股份有限公司,1,1,候选；须核对该年度法人名称、退市时点及主体关系,2018,monitor_pass,第八次监测合格名单,农产发〔2018〕1号,2018-11-29,https://xccys.moa.gov.cn/gzdt/201812/t20181205_6314544.htm,基准按年末已生效的正式文件；年末新认定另做下一完整年度起算稳健性,官方事件集合可构建；尚未完成上市法人历史名称映射,20180212,https://query.sse.com.cn/commonQuery.do?sqlId=COMMON_SSE_CP_GPJCTPZ_GPLB_GP_L,2026-08-06
603156,上海证券交易所,养元饮品,河北养元智汇饮品股份有限公司,2019,河北养元智汇饮品股份有限公司,1,1,候选；须核对该年度法人名称、退市时点及主体关系,2018,monitor_pass,第八次监测合格名单,农产发〔2018〕1号,2018-11-29,https://xccys.moa.gov.cn/gzdt/201812/t20181205_6314544.htm,基准按年末已生效的正式文件；年末新认定另做下一完整年度起算稳健性,官方事件集合可构建；尚未完成上市法人历史名称映射,20180212,https://query.sse.com.cn/commonQuery.do?sqlId=COMMON_SSE_CP_GPJCTPZ_GPLB_GP_L,2026-08-06
603156,上海证券交易所,养元饮品,河北养元智汇饮品股份有限公司,2020,河北养元智汇饮品股份有限公司,1,1,候选；须核对该年度法人名称、退市时点及主体关系,2020,monitor_pass,第九次监测合格名单,农产发〔2020〕6号,2020-11-20,https://www.moa.gov.cn/nybgb/2020/202012/202102/P020210201587636946140.pdf,基准按年末已生效的正式文件；年末新认定另做下一完整年度起算稳健性,官方事件集合可构建；尚未完成上市法人历史名称映射,20180212,https://query.sse.com.cn/commonQuery.do?sqlId=COMMON_SSE_CP_GPJCTPZ_GPLB_GP_L,2026-08-06
603156,上海证券交易所,养元饮品,河北养元智汇饮品股份有限公司,2021,河北养元智汇饮品股份有限公司,1,1,候选；须核对该年度法人名称、退市时点及主体关系,2020,monitor_pass,第九次监测合格名单,农产发〔2020〕6号,2020-11-20,https://www.moa.gov.cn/nybgb/2020/202012/202102/P020210201587636946140.pdf,基准按年末已生效的正式文件；年末新认定另做下一完整年度起算稳健性,官方事件集合可构建；尚未完成上市法人历史名称映射,20180212,https://query.sse.com.cn/commonQuery.do?sqlId=COMMON_SSE_CP_GPJCTPZ_GPLB_GP_L,2026-08-06
603156,上海证券交易所,养元饮品,河北养元智汇饮品股份有限公司,2022,河北养元智汇饮品股份有限公司,1,1,候选；须核对该年度法人名称、退市时点及主体关系,2020,monitor_pass,第九次监测合格名单,农产发〔2020〕6号,2020-11-20,https://www.moa.gov.cn/nybgb/2020/202012/202102/P020210201587636946140.pdf,基准按年末已生效的正式文件；年末新认定另做下一完整年度起算稳健性,官方事件集合可构建；尚未完成上市法人历史名称映射,20180212,https://query.sse.com.cn/commonQuery.do?sqlId=COMMON_SSE_CP_GPJCTPZ_GPLB_GP_L,2026-08-06
603156,上海证券交易所,养元饮品,河北养元智汇饮品股份有限公司,2023,河北养元智汇饮品股份有限公司,1,1,候选；须核对该年度法人名称、退市时点及主体关系,2023,monitor_pass,第十次监测合格名单,农产发〔2023〕3号,2023-05-12,https://www.moa.gov.cn/nybgb/2023/202306/202307/P020230719348171286633.pdf,基准按年末已生效的正式文件；年末新认定另做下一完整年度起算稳健性,官方事件集合可构建；尚未完成上市法人历史名称映射,20180212,https://query.sse.com.cn/commonQuery.do?sqlId=COMMON_SSE_CP_GPJCTPZ_GPLB_GP_L,2026-08-06
603182,上海证券交易所,嘉华股份,山东嘉华生物科技股份有限公司,2023,山东嘉华生物科技股份有限公司,1,1,候选；须核对该年度法人名称、退市时点及主体关系,2023,monitor_pass,第十次监测合格名单,农产发〔2023〕3号,2023-05-12,https://www.moa.gov.cn/nybgb/2023/202306/202307/P020230719348171286633.pdf,基准按年末已生效的正式文件；年末新认定另做下一完整年度起算稳健性,官方事件集合可构建；尚未完成上市法人历史名称映射,20220909,https://query.sse.com.cn/commonQuery.do?sqlId=COMMON_SSE_CP_GPJCTPZ_GPLB_GP_L,2026-08-06
603237,上海证券交易所,五芳斋,浙江五芳斋实业股份有限公司,2022,浙江五芳斋实业股份有限公司,1,1,候选；须核对该年度法人名称、退市时点及主体关系,2020,monitor_pass,第九次监测合格名单,农产发〔2020〕6号,2020-11-20,https://www.moa.gov.cn/nybgb/2020/202012/202102/P020210201587636946140.pdf,基准按年末已生效的正式文件；年末新认定另做下一完整年度起算稳健性,官方事件集合可构建；尚未完成上市法人历史名称映射,20220831,https://query.sse.com.cn/commonQuery.do?sqlId=COMMON_SSE_CP_GPJCTPZ_GPLB_GP_L,2026-08-06
603237,上海证券交易所,五芳斋,浙江五芳斋实业股份有限公司,2023,浙江五芳斋实业股份有限公司,1,1,候选；须核对该年度法人名称、退市时点及主体关系,2023,monitor_pass,第十次监测合格名单,农产发〔2023〕3号,2023-05-12,https://www.moa.gov.cn/nybgb/2023/202306/202307/P020230719348171286633.pdf,基准按年末已生效的正式文件；年末新认定另做下一完整年度起算稳健性,官方事件集合可构建；尚未完成上市法人历史名称映射,20220831,https://query.sse.com.cn/commonQuery.do?sqlId=COMMON_SSE_CP_GPJCTPZ_GPLB_GP_L,2026-08-06
603288,上海证券交易所,海天味业,佛山市海天调味食品股份有限公司,2021,佛山市海天调味食品股份有限公司,1,1,候选；须核对该年度法人名称、退市时点及主体关系,2021,recognition,第七批新认定名单,农产发〔2021〕4号,2021-12-22,https://xccys.moa.gov.cn/gzdt/202201/t20220113_6386872.htm,基准按年末已生效的正式文件；年末新认定另做下一完整年度起算稳健性,官方事件集合可构建；尚未完成上市法人历史名称映射,20140211,https://query.sse.com.cn/commonQuery.do?sqlId=COMMON_SSE_CP_GPJCTPZ_GPLB_GP_L,2026-08-06
603288,上海证券交易所,海天味业,佛山市海天调味食品股份有限公司,2022,佛山市海天调味食品股份有限公司,1,1,候选；须核对该年度法人名称、退市时点及主体关系,2021,recognition,第七批新认定名单,农产发〔2021〕4号,2021-12-22,https://xccys.moa.gov.cn/gzdt/202201/t20220113_6386872.htm,基准按年末已生效的正式文件；年末新认定另做下一完整年度起算稳健性,官方事件集合可构建；尚未完成上市法人历史名称映射,20140211,https://query.sse.com.cn/commonQuery.do?sqlId=COMMON_SSE_CP_GPJCTPZ_GPLB_GP_L,2026-08-06
603288,上海证券交易所,海天味业,佛山市海天调味食品股份有限公司,2023,佛山市海天调味食品股份有限公司,1,1,候选；须核对该年度法人名称、退市时点及主体关系,2021,recognition,第七批新认定名单,农产发〔2021〕4号,2021-12-22,https://xccys.moa.gov.cn/gzdt/202201/t20220113_6386872.htm,基准按年末已生效的正式文件；年末新认定另做下一完整年度起算稳健性,官方事件集合可构建；尚未完成上市法人历史名称映射,20140211,https://query.sse.com.cn/commonQuery.do?sqlId=COMMON_SSE_CP_GPJCTPZ_GPLB_GP_L,2026-08-06
603317,上海证券交易所,天味食品,四川天味食品集团股份有限公司,2019,四川天味食品集团股份有限公司,1,1,候选；须核对该年度法人名称、退市时点及主体关系,2018,monitor_pass,第八次监测合格名单,农产发〔2018〕1号,2018-11-29,https://xccys.moa.gov.cn/gzdt/201812/t20181205_6314544.htm,基准按年末已生效的正式文件；年末新认定另做下一完整年度起算稳健性,官方事件集合可构建；尚未完成上市法人历史名称映射,20190416,https://query.sse.com.cn/commonQuery.do?sqlId=COMMON_SSE_CP_GPJCTPZ_GPLB_GP_L,2026-08-06
603317,上海证券交易所,天味食品,四川天味食品集团股份有限公司,2020,四川天味食品集团股份有限公司,1,1,候选；须核对该年度法人名称、退市时点及主体关系,2020,monitor_pass,第九次监测合格名单,农产发〔2020〕6号,2020-11-20,https://www.moa.gov.cn/nybgb/2020/202012/202102/P020210201587636946140.pdf,基准按年末已生效的正式文件；年末新认定另做下一完整年度起算稳健性,官方事件集合可构建；尚未完成上市法人历史名称映射,20190416,https://query.sse.com.cn/commonQuery.do?sqlId=COMMON_SSE_CP_GPJCTPZ_GPLB_GP_L,2026-08-06
603317,上海证券交易所,天味食品,四川天味食品集团股份有限公司,2021,四川天味食品集团股份有限公司,1,1,候选；须核对该年度法人名称、退市时点及主体关系,2020,monitor_pass,第九次监测合格名单,农产发〔2020〕6号,2020-11-20,https://www.moa.gov.cn/nybgb/2020/202012/202102/P020210201587636946140.pdf,基准按年末已生效的正式文件；年末新认定另做下一完整年度起算稳健性,官方事件集合可构建；尚未完成上市法人历史名称映射,20190416,https://query.sse.com.cn/commonQuery.do?sqlId=COMMON_SSE_CP_GPJCTPZ_GPLB_GP_L,2026-08-06
603317,上海证券交易所,天味食品,四川天味食品集团股份有限公司,2022,四川天味食品集团股份有限公司,1,1,候选；须核对该年度法人名称、退市时点及主体关系,2020,monitor_pass,第九次监测合格名单,农产发〔2020〕6号,2020-11-20,https://www.moa.gov.cn/nybgb/2020/202012/202102/P020210201587636946140.pdf,基准按年末已生效的正式文件；年末新认定另做下一完整年度起算稳健性,官方事件集合可构建；尚未完成上市法人历史名称映射,20190416,https://query.sse.com.cn/commonQuery.do?sqlId=COMMON_SSE_CP_GPJCTPZ_GPLB_GP_L,2026-08-06
603317,上海证券交易所,天味食品,四川天味食品集团股份有限公司,2023,四川天味食品集团股份有限公司,1,1,候选；须核对该年度法人名称、退市时点及主体关系,2023,monitor_pass,第十次监测合格名单,农产发〔2023〕3号,2023-05-12,https://www.moa.gov.cn/nybgb/2023/202306/202307/P020230719348171286633.pdf,基准按年末已生效的正式文件；年末新认定另做下一完整年度起算稳健性,官方事件集合可构建；尚未完成上市法人历史名称映射,20190416,https://query.sse.com.cn/commonQuery.do?sqlId=COMMON_SSE_CP_GPJCTPZ_GPLB_GP_L,2026-08-06
603336,上海证券交易所,宏辉果蔬,宏辉果蔬股份有限公司,2020,宏辉果蔬股份有限公司,1,1,候选；须核对该年度法人名称、退市时点及主体关系,2020,replacement,2020年递补名单（128家）,农产发〔2020〕8号,2020-11-25,https://www.moa.gov.cn/nybgb/2020/202012/202102/P020210201587636946140.pdf,基准按年末已生效的正式文件；年末新认定另做下一完整年度起算稳健性,官方事件集合可构建；尚未完成上市法人历史名称映射,20161124,https://query.sse.com.cn/commonQuery.do?sqlId=COMMON_SSE_CP_GPJCTPZ_GPLB_GP_L,2026-08-06
603336,上海证券交易所,宏辉果蔬,宏辉果蔬股份有限公司,2021,宏辉果蔬股份有限公司,1,1,候选；须核对该年度法人名称、退市时点及主体关系,2020,replacement,2020年递补名单（128家）,农产发〔2020〕8号,2020-11-25,https://www.moa.gov.cn/nybgb/2020/202012/202102/P020210201587636946140.pdf,基准按年末已生效的正式文件；年末新认定另做下一完整年度起算稳健性,官方事件集合可构建；尚未完成上市法人历史名称映射,20161124,https://query.sse.com.cn/commonQuery.do?sqlId=COMMON_SSE_CP_GPJCTPZ_GPLB_GP_L,2026-08-06
603336,上海证券交易所,宏辉果蔬,宏辉果蔬股份有限公司,2022,宏辉果蔬股份有限公司,1,1,候选；须核对该年度法人名称、退市时点及主体关系,2020,replacement,2020年递补名单（128家）,农产发〔2020〕8号,2020-11-25,https://www.moa.gov.cn/nybgb/2020/202012/202102/P020210201587636946140.pdf,基准按年末已生效的正式文件；年末新认定另做下一完整年度起算稳健性,官方事件集合可构建；尚未完成上市法人历史名称映射,20161124,https://query.sse.com.cn/commonQuery.do?sqlId=COMMON_SSE_CP_GPJCTPZ_GPLB_GP_L,2026-08-06
603336,上海证券交易所,宏辉果蔬,宏辉果蔬股份有限公司,2023,宏辉果蔬股份有限公司,1,1,候选；须核对该年度法人名称、退市时点及主体关系,2023,monitor_pass,第十次监测合格名单,农产发〔2023〕3号,2023-05-12,https://www.moa.gov.cn/nybgb/2023/202306/202307/P020230719348171286633.pdf,基准按年末已生效的正式文件；年末新认定另做下一完整年度起算稳健性,官方事件集合可构建；尚未完成上市法人历史名称映射,20161124,https://query.sse.com.cn/commonQuery.do?sqlId=COMMON_SSE_CP_GPJCTPZ_GPLB_GP_L,2026-08-06
603345,上海证券交易所,安井食品,安井食品集团股份有限公司,2023,安井食品集团股份有限公司,1,1,候选；须核对该年度法人名称、退市时点及主体关系,2023,monitor_pass,第十次监测合格名单,农产发〔2023〕3号,2023-05-12,https://www.moa.gov.cn/nybgb/2023/202306/202307/P020230719348171286633.pdf,基准按年末已生效的正式文件；年末新认定另做下一完整年度起算稳健性,官方事件集合可构建；尚未完成上市法人历史名称映射,20170222,https://query.sse.com.cn/commonQuery.do?sqlId=COMMON_SSE_CP_GPJCTPZ_GPLB_GP_L,2026-08-06
603363,上海证券交易所,傲农生物,福建傲农生物科技集团股份有限公司,2021,福建傲农生物科技集团股份有限公司,1,1,候选；须核对该年度法人名称、退市时点及主体关系,2021,recognition,第七批新认定名单,农产发〔2021〕4号,2021-12-22,https://xccys.moa.gov.cn/gzdt/202201/t20220113_6386872.htm,基准按年末已生效的正式文件；年末新认定另做下一完整年度起算稳健性,官方事件集合可构建；尚未完成上市法人历史名称映射,20170926,https://query.sse.com.cn/commonQuery.do?sqlId=COMMON_SSE_CP_GPJCTPZ_GPLB_GP_L,2026-08-06
603363,上海证券交易所,傲农生物,福建傲农生物科技集团股份有限公司,2022,福建傲农生物科技集团股份有限公司,1,1,候选；须核对该年度法人名称、退市时点及主体关系,2021,recognition,第七批新认定名单,农产发〔2021〕4号,2021-12-22,https://xccys.moa.gov.cn/gzdt/202201/t20220113_6386872.htm,基准按年末已生效的正式文件；年末新认定另做下一完整年度起算稳健性,官方事件集合可构建；尚未完成上市法人历史名称映射,20170926,https://query.sse.com.cn/commonQuery.do?sqlId=COMMON_SSE_CP_GPJCTPZ_GPLB_GP_L,2026-08-06
603363,上海证券交易所,傲农生物,福建傲农生物科技集团股份有限公司,2023,福建傲农生物科技集团股份有限公司,1,1,候选；须核对该年度法人名称、退市时点及主体关系,2021,recognition,第七批新认定名单,农产发〔2021〕4号,2021-12-22,https://xccys.moa.gov.cn/gzdt/202201/t20220113_6386872.htm,基准按年末已生效的正式文件；年末新认定另做下一完整年度起算稳健性,官方事件集合可构建；尚未完成上市法人历史名称映射,20170926,https://query.sse.com.cn/commonQuery.do?sqlId=COMMON_SSE_CP_GPJCTPZ_GPLB_GP_L,2026-08-06
603517,上海证券交易所,ST绝味,绝味食品股份有限公司,2020,绝味食品股份有限公司,1,1,候选；须核对该年度法人名称、退市时点及主体关系,2020,monitor_pass,第九次监测合格名单,农产发〔2020〕6号,2020-11-20,https://www.moa.gov.cn/nybgb/2020/202012/202102/P020210201587636946140.pdf,基准按年末已生效的正式文件；年末新认定另做下一完整年度起算稳健性,官方事件集合可构建；尚未完成上市法人历史名称映射,20170317,https://query.sse.com.cn/commonQuery.do?sqlId=COMMON_SSE_CP_GPJCTPZ_GPLB_GP_L,2026-08-06
603517,上海证券交易所,ST绝味,绝味食品股份有限公司,2021,绝味食品股份有限公司,1,1,候选；须核对该年度法人名称、退市时点及主体关系,2020,monitor_pass,第九次监测合格名单,农产发〔2020〕6号,2020-11-20,https://www.moa.gov.cn/nybgb/2020/202012/202102/P020210201587636946140.pdf,基准按年末已生效的正式文件；年末新认定另做下一完整年度起算稳健性,官方事件集合可构建；尚未完成上市法人历史名称映射,20170317,https://query.sse.com.cn/commonQuery.do?sqlId=COMMON_SSE_CP_GPJCTPZ_GPLB_GP_L,2026-08-06
603517,上海证券交易所,ST绝味,绝味食品股份有限公司,2022,绝味食品股份有限公司,1,1,候选；须核对该年度法人名称、退市时点及主体关系,2020,monitor_pass,第九次监测合格名单,农产发〔2020〕6号,2020-11-20,https://www.moa.gov.cn/nybgb/2020/202012/202102/P020210201587636946140.pdf,基准按年末已生效的正式文件；年末新认定另做下一完整年度起算稳健性,官方事件集合可构建；尚未完成上市法人历史名称映射,20170317,https://query.sse.com.cn/commonQuery.do?sqlId=COMMON_SSE_CP_GPJCTPZ_GPLB_GP_L,2026-08-06
603517,上海证券交易所,ST绝味,绝味食品股份有限公司,2023,绝味食品股份有限公司,1,1,候选；须核对该年度法人名称、退市时点及主体关系,2023,monitor_pass,第十次监测合格名单,农产发〔2023〕3号,2023-05-12,https://www.moa.gov.cn/nybgb/2023/202306/202307/P020230719348171286633.pdf,基准按年末已生效的正式文件；年末新认定另做下一完整年度起算稳健性,官方事件集合可构建；尚未完成上市法人历史名称映射,20170317,https://query.sse.com.cn/commonQuery.do?sqlId=COMMON_SSE_CP_GPJCTPZ_GPLB_GP_L,2026-08-06
603609,上海证券交易所,禾丰股份,禾丰食品股份有限公司,2023,禾丰食品股份有限公司,1,1,候选；须核对该年度法人名称、退市时点及主体关系,2023,monitor_pass,第十次监测合格名单,农产发〔2023〕3号,2023-05-12,https://www.moa.gov.cn/nybgb/2023/202306/202307/P020230719348171286633.pdf,基准按年末已生效的正式文件；年末新认定另做下一完整年度起算稳健性,官方事件集合可构建；尚未完成上市法人历史名称映射,20140808,https://query.sse.com.cn/commonQuery.do?sqlId=COMMON_SSE_CP_GPJCTPZ_GPLB_GP_L,2026-08-06
603668,上海证券交易所,天马科技,福建天马科技集团股份有限公司,2018,福建天马科技集团股份有限公司,1,1,候选；须核对该年度法人名称、退市时点及主体关系,2018,monitor_pass,第八次监测合格名单,农产发〔2018〕1号,2018-11-29,https://xccys.moa.gov.cn/gzdt/201812/t20181205_6314544.htm,基准按年末已生效的正式文件；年末新认定另做下一完整年度起算稳健性,官方事件集合可构建；尚未完成上市法人历史名称映射,20170117,https://query.sse.com.cn/commonQuery.do?sqlId=COMMON_SSE_CP_GPJCTPZ_GPLB_GP_L,2026-08-06
603668,上海证券交易所,天马科技,福建天马科技集团股份有限公司,2019,福建天马科技集团股份有限公司,1,1,候选；须核对该年度法人名称、退市时点及主体关系,2018,monitor_pass,第八次监测合格名单,农产发〔2018〕1号,2018-11-29,https://xccys.moa.gov.cn/gzdt/201812/t20181205_6314544.htm,基准按年末已生效的正式文件；年末新认定另做下一完整年度起算稳健性,官方事件集合可构建；尚未完成上市法人历史名称映射,20170117,https://query.sse.com.cn/commonQuery.do?sqlId=COMMON_SSE_CP_GPJCTPZ_GPLB_GP_L,2026-08-06
603668,上海证券交易所,天马科技,福建天马科技集团股份有限公司,2020,福建天马科技集团股份有限公司,1,1,候选；须核对该年度法人名称、退市时点及主体关系,2020,monitor_pass,第九次监测合格名单,农产发〔2020〕6号,2020-11-20,https://www.moa.gov.cn/nybgb/2020/202012/202102/P020210201587636946140.pdf,基准按年末已生效的正式文件；年末新认定另做下一完整年度起算稳健性,官方事件集合可构建；尚未完成上市法人历史名称映射,20170117,https://query.sse.com.cn/commonQuery.do?sqlId=COMMON_SSE_CP_GPJCTPZ_GPLB_GP_L,2026-08-06
603668,上海证券交易所,天马科技,福建天马科技集团股份有限公司,2021,福建天马科技集团股份有限公司,1,1,候选；须核对该年度法人名称、退市时点及主体关系,2020,monitor_pass,第九次监测合格名单,农产发〔2020〕6号,2020-11-20,https://www.moa.gov.cn/nybgb/2020/202012/202102/P020210201587636946140.pdf,基准按年末已生效的正式文件；年末新认定另做下一完整年度起算稳健性,官方事件集合可构建；尚未完成上市法人历史名称映射,20170117,https://query.sse.com.cn/commonQuery.do?sqlId=COMMON_SSE_CP_GPJCTPZ_GPLB_GP_L,2026-08-06
603668,上海证券交易所,天马科技,福建天马科技集团股份有限公司,2022,福建天马科技集团股份有限公司,1,1,候选；须核对该年度法人名称、退市时点及主体关系,2020,monitor_pass,第九次监测合格名单,农产发〔2020〕6号,2020-11-20,https://www.moa.gov.cn/nybgb/2020/202012/202102/P020210201587636946140.pdf,基准按年末已生效的正式文件；年末新认定另做下一完整年度起算稳健性,官方事件集合可构建；尚未完成上市法人历史名称映射,20170117,https://query.sse.com.cn/commonQuery.do?sqlId=COMMON_SSE_CP_GPJCTPZ_GPLB_GP_L,2026-08-06
603668,上海证券交易所,天马科技,福建天马科技集团股份有限公司,2023,福建天马科技集团股份有限公司,1,1,候选；须核对该年度法人名称、退市时点及主体关系,2023,monitor_pass,第十次监测合格名单,农产发〔2023〕3号,2023-05-12,https://www.moa.gov.cn/nybgb/2023/202306/202307/P020230719348171286633.pdf,基准按年末已生效的正式文件；年末新认定另做下一完整年度起算稳健性,官方事件集合可构建；尚未完成上市法人历史名称映射,20170117,https://query.sse.com.cn/commonQuery.do?sqlId=COMMON_SSE_CP_GPJCTPZ_GPLB_GP_L,2026-08-06
603708,上海证券交易所,家家悦,家家悦集团股份有限公司,2018,家家悦集团股份有限公司,1,1,候选；须核对该年度法人名称、退市时点及主体关系,2018,monitor_pass,第八次监测合格名单,农产发〔2018〕1号,2018-11-29,https://xccys.moa.gov.cn/gzdt/201812/t20181205_6314544.htm,基准按年末已生效的正式文件；年末新认定另做下一完整年度起算稳健性,官方事件集合可构建；尚未完成上市法人历史名称映射,20161213,https://query.sse.com.cn/commonQuery.do?sqlId=COMMON_SSE_CP_GPJCTPZ_GPLB_GP_L,2026-08-06
603708,上海证券交易所,家家悦,家家悦集团股份有限公司,2019,家家悦集团股份有限公司,1,1,候选；须核对该年度法人名称、退市时点及主体关系,2018,monitor_pass,第八次监测合格名单,农产发〔2018〕1号,2018-11-29,https://xccys.moa.gov.cn/gzdt/201812/t20181205_6314544.htm,基准按年末已生效的正式文件；年末新认定另做下一完整年度起算稳健性,官方事件集合可构建；尚未完成上市法人历史名称映射,20161213,https://query.sse.com.cn/commonQuery.do?sqlId=COMMON_SSE_CP_GPJCTPZ_GPLB_GP_L,2026-08-06
603708,上海证券交易所,家家悦,家家悦集团股份有限公司,2020,家家悦集团股份有限公司,1,1,候选；须核对该年度法人名称、退市时点及主体关系,2020,monitor_pass,第九次监测合格名单,农产发〔2020〕6号,2020-11-20,https://www.moa.gov.cn/nybgb/2020/202012/202102/P020210201587636946140.pdf,基准按年末已生效的正式文件；年末新认定另做下一完整年度起算稳健性,官方事件集合可构建；尚未完成上市法人历史名称映射,20161213,https://query.sse.com.cn/commonQuery.do?sqlId=COMMON_SSE_CP_GPJCTPZ_GPLB_GP_L,2026-08-06
603708,上海证券交易所,家家悦,家家悦集团股份有限公司,2021,家家悦集团股份有限公司,1,1,候选；须核对该年度法人名称、退市时点及主体关系,2020,monitor_pass,第九次监测合格名单,农产发〔2020〕6号,2020-11-20,https://www.moa.gov.cn/nybgb/2020/202012/202102/P020210201587636946140.pdf,基准按年末已生效的正式文件；年末新认定另做下一完整年度起算稳健性,官方事件集合可构建；尚未完成上市法人历史名称映射,20161213,https://query.sse.com.cn/commonQuery.do?sqlId=COMMON_SSE_CP_GPJCTPZ_GPLB_GP_L,2026-08-06
603708,上海证券交易所,家家悦,家家悦集团股份有限公司,2022,家家悦集团股份有限公司,1,1,候选；须核对该年度法人名称、退市时点及主体关系,2020,monitor_pass,第九次监测合格名单,农产发〔2020〕6号,2020-11-20,https://www.moa.gov.cn/nybgb/2020/202012/202102/P020210201587636946140.pdf,基准按年末已生效的正式文件；年末新认定另做下一完整年度起算稳健性,官方事件集合可构建；尚未完成上市法人历史名称映射,20161213,https://query.sse.com.cn/commonQuery.do?sqlId=COMMON_SSE_CP_GPJCTPZ_GPLB_GP_L,2026-08-06
603708,上海证券交易所,家家悦,家家悦集团股份有限公司,2023,家家悦集团股份有限公司,1,1,候选；须核对该年度法人名称、退市时点及主体关系,2023,monitor_pass,第十次监测合格名单,农产发〔2023〕3号,2023-05-12,https://www.moa.gov.cn/nybgb/2023/202306/202307/P020230719348171286633.pdf,基准按年末已生效的正式文件；年末新认定另做下一完整年度起算稳健性,官方事件集合可构建；尚未完成上市法人历史名称映射,20161213,https://query.sse.com.cn/commonQuery.do?sqlId=COMMON_SSE_CP_GPJCTPZ_GPLB_GP_L,2026-08-06
603896,上海证券交易所,寿仙谷,浙江寿仙谷医药股份有限公司,2021,浙江寿仙谷医药股份有限公司,1,1,候选；须核对该年度法人名称、退市时点及主体关系,2021,recognition,第七批新认定名单,农产发〔2021〕4号,2021-12-22,https://xccys.moa.gov.cn/gzdt/202201/t20220113_6386872.htm,基准按年末已生效的正式文件；年末新认定另做下一完整年度起算稳健性,官方事件集合可构建；尚未完成上市法人历史名称映射,20170510,https://query.sse.com.cn/commonQuery.do?sqlId=COMMON_SSE_CP_GPJCTPZ_GPLB_GP_L,2026-08-06
603896,上海证券交易所,寿仙谷,浙江寿仙谷医药股份有限公司,2022,浙江寿仙谷医药股份有限公司,1,1,候选；须核对该年度法人名称、退市时点及主体关系,2021,recognition,第七批新认定名单,农产发〔2021〕4号,2021-12-22,https://xccys.moa.gov.cn/gzdt/202201/t20220113_6386872.htm,基准按年末已生效的正式文件；年末新认定另做下一完整年度起算稳健性,官方事件集合可构建；尚未完成上市法人历史名称映射,20170510,https://query.sse.com.cn/commonQuery.do?sqlId=COMMON_SSE_CP_GPJCTPZ_GPLB_GP_L,2026-08-06
603896,上海证券交易所,寿仙谷,浙江寿仙谷医药股份有限公司,2023,浙江寿仙谷医药股份有限公司,1,1,候选；须核对该年度法人名称、退市时点及主体关系,2021,recognition,第七批新认定名单,农产发〔2021〕4号,2021-12-22,https://xccys.moa.gov.cn/gzdt/202201/t20220113_6386872.htm,基准按年末已生效的正式文件；年末新认定另做下一完整年度起算稳健性,官方事件集合可构建；尚未完成上市法人历史名称映射,20170510,https://query.sse.com.cn/commonQuery.do?sqlId=COMMON_SSE_CP_GPJCTPZ_GPLB_GP_L,2026-08-06
605016,上海证券交易所,百龙创园,山东百龙创园生物科技股份有限公司,2021,山东百龙创园生物科技股份有限公司,1,1,候选；须核对该年度法人名称、退市时点及主体关系,2021,recognition,第七批新认定名单,农产发〔2021〕4号,2021-12-22,https://xccys.moa.gov.cn/gzdt/202201/t20220113_6386872.htm,基准按年末已生效的正式文件；年末新认定另做下一完整年度起算稳健性,官方事件集合可构建；尚未完成上市法人历史名称映射,20210421,https://query.sse.com.cn/commonQuery.do?sqlId=COMMON_SSE_CP_GPJCTPZ_GPLB_GP_L,2026-08-06
605016,上海证券交易所,百龙创园,山东百龙创园生物科技股份有限公司,2022,山东百龙创园生物科技股份有限公司,1,1,候选；须核对该年度法人名称、退市时点及主体关系,2021,recognition,第七批新认定名单,农产发〔2021〕4号,2021-12-22,https://xccys.moa.gov.cn/gzdt/202201/t20220113_6386872.htm,基准按年末已生效的正式文件；年末新认定另做下一完整年度起算稳健性,官方事件集合可构建；尚未完成上市法人历史名称映射,20210421,https://query.sse.com.cn/commonQuery.do?sqlId=COMMON_SSE_CP_GPJCTPZ_GPLB_GP_L,2026-08-06
605016,上海证券交易所,百龙创园,山东百龙创园生物科技股份有限公司,2023,山东百龙创园生物科技股份有限公司,1,1,候选；须核对该年度法人名称、退市时点及主体关系,2021,recognition,第七批新认定名单,农产发〔2021〕4号,2021-12-22,https://xccys.moa.gov.cn/gzdt/202201/t20220113_6386872.htm,基准按年末已生效的正式文件；年末新认定另做下一完整年度起算稳健性,官方事件集合可构建；尚未完成上市法人历史名称映射,20210421,https://query.sse.com.cn/commonQuery.do?sqlId=COMMON_SSE_CP_GPJCTPZ_GPLB_GP_L,2026-08-06
605179,上海证券交易所,一鸣食品,浙江一鸣食品股份有限公司,2020,浙江一鸣食品股份有限公司,1,1,候选；须核对该年度法人名称、退市时点及主体关系,2020,monitor_pass,第九次监测合格名单,农产发〔2020〕6号,2020-11-20,https://www.moa.gov.cn/nybgb/2020/202012/202102/P020210201587636946140.pdf,基准按年末已生效的正式文件；年末新认定另做下一完整年度起算稳健性,官方事件集合可构建；尚未完成上市法人历史名称映射,20201228,https://query.sse.com.cn/commonQuery.do?sqlId=COMMON_SSE_CP_GPJCTPZ_GPLB_GP_L,2026-08-06
605179,上海证券交易所,一鸣食品,浙江一鸣食品股份有限公司,2021,浙江一鸣食品股份有限公司,1,1,候选；须核对该年度法人名称、退市时点及主体关系,2020,monitor_pass,第九次监测合格名单,农产发〔2020〕6号,2020-11-20,https://www.moa.gov.cn/nybgb/2020/202012/202102/P020210201587636946140.pdf,基准按年末已生效的正式文件；年末新认定另做下一完整年度起算稳健性,官方事件集合可构建；尚未完成上市法人历史名称映射,20201228,https://query.sse.com.cn/commonQuery.do?sqlId=COMMON_SSE_CP_GPJCTPZ_GPLB_GP_L,2026-08-06
605179,上海证券交易所,一鸣食品,浙江一鸣食品股份有限公司,2022,浙江一鸣食品股份有限公司,1,1,候选；须核对该年度法人名称、退市时点及主体关系,2020,monitor_pass,第九次监测合格名单,农产发〔2020〕6号,2020-11-20,https://www.moa.gov.cn/nybgb/2020/202012/202102/P020210201587636946140.pdf,基准按年末已生效的正式文件；年末新认定另做下一完整年度起算稳健性,官方事件集合可构建；尚未完成上市法人历史名称映射,20201228,https://query.sse.com.cn/commonQuery.do?sqlId=COMMON_SSE_CP_GPJCTPZ_GPLB_GP_L,2026-08-06
605179,上海证券交易所,一鸣食品,浙江一鸣食品股份有限公司,2023,浙江一鸣食品股份有限公司,1,1,候选；须核对该年度法人名称、退市时点及主体关系,2023,monitor_pass,第十次监测合格名单,农产发〔2023〕3号,2023-05-12,https://www.moa.gov.cn/nybgb/2023/202306/202307/P020230719348171286633.pdf,基准按年末已生效的正式文件；年末新认定另做下一完整年度起算稳健性,官方事件集合可构建；尚未完成上市法人历史名称映射,20201228,https://query.sse.com.cn/commonQuery.do?sqlId=COMMON_SSE_CP_GPJCTPZ_GPLB_GP_L,2026-08-06
605198,上海证券交易所,安德利,烟台北方安德利果汁股份有限公司,2020,烟台北方安德利果汁股份有限公司,1,1,候选；须核对该年度法人名称、退市时点及主体关系,2020,monitor_pass,第九次监测合格名单,农产发〔2020〕6号,2020-11-20,https://www.moa.gov.cn/nybgb/2020/202012/202102/P020210201587636946140.pdf,基准按年末已生效的正式文件；年末新认定另做下一完整年度起算稳健性,官方事件集合可构建；尚未完成上市法人历史名称映射,20200918,https://query.sse.com.cn/commonQuery.do?sqlId=COMMON_SSE_CP_GPJCTPZ_GPLB_GP_L,2026-08-06
605198,上海证券交易所,安德利,烟台北方安德利果汁股份有限公司,2021,烟台北方安德利果汁股份有限公司,1,1,候选；须核对该年度法人名称、退市时点及主体关系,2020,monitor_pass,第九次监测合格名单,农产发〔2020〕6号,2020-11-20,https://www.moa.gov.cn/nybgb/2020/202012/202102/P020210201587636946140.pdf,基准按年末已生效的正式文件；年末新认定另做下一完整年度起算稳健性,官方事件集合可构建；尚未完成上市法人历史名称映射,20200918,https://query.sse.com.cn/commonQuery.do?sqlId=COMMON_SSE_CP_GPJCTPZ_GPLB_GP_L,2026-08-06
605198,上海证券交易所,安德利,烟台北方安德利果汁股份有限公司,2022,烟台北方安德利果汁股份有限公司,1,1,候选；须核对该年度法人名称、退市时点及主体关系,2020,monitor_pass,第九次监测合格名单,农产发〔2020〕6号,2020-11-20,https://www.moa.gov.cn/nybgb/2020/202012/202102/P020210201587636946140.pdf,基准按年末已生效的正式文件；年末新认定另做下一完整年度起算稳健性,官方事件集合可构建；尚未完成上市法人历史名称映射,20200918,https://query.sse.com.cn/commonQuery.do?sqlId=COMMON_SSE_CP_GPJCTPZ_GPLB_GP_L,2026-08-06
605198,上海证券交易所,安德利,烟台北方安德利果汁股份有限公司,2023,烟台北方安德利果汁股份有限公司,1,1,候选；须核对该年度法人名称、退市时点及主体关系,2023,monitor_pass,第十次监测合格名单,农产发〔2023〕3号,2023-05-12,https://www.moa.gov.cn/nybgb/2023/202306/202307/P020230719348171286633.pdf,基准按年末已生效的正式文件；年末新认定另做下一完整年度起算稳健性,官方事件集合可构建；尚未完成上市法人历史名称映射,20200918,https://query.sse.com.cn/commonQuery.do?sqlId=COMMON_SSE_CP_GPJCTPZ_GPLB_GP_L,2026-08-06
605296,上海证券交易所,神农集团,云南神农农业产业集团股份有限公司,2021,云南神农农业产业集团股份有限公司,1,1,候选；须核对该年度法人名称、退市时点及主体关系,2020,monitor_pass,第九次监测合格名单,农产发〔2020〕6号,2020-11-20,https://www.moa.gov.cn/nybgb/2020/202012/202102/P020210201587636946140.pdf,基准按年末已生效的正式文件；年末新认定另做下一完整年度起算稳健性,官方事件集合可构建；尚未完成上市法人历史名称映射,20210528,https://query.sse.com.cn/commonQuery.do?sqlId=COMMON_SSE_CP_GPJCTPZ_GPLB_GP_L,2026-08-06
605296,上海证券交易所,神农集团,云南神农农业产业集团股份有限公司,2022,云南神农农业产业集团股份有限公司,1,1,候选；须核对该年度法人名称、退市时点及主体关系,2020,monitor_pass,第九次监测合格名单,农产发〔2020〕6号,2020-11-20,https://www.moa.gov.cn/nybgb/2020/202012/202102/P020210201587636946140.pdf,基准按年末已生效的正式文件；年末新认定另做下一完整年度起算稳健性,官方事件集合可构建；尚未完成上市法人历史名称映射,20210528,https://query.sse.com.cn/commonQuery.do?sqlId=COMMON_SSE_CP_GPJCTPZ_GPLB_GP_L,2026-08-06
605296,上海证券交易所,神农集团,云南神农农业产业集团股份有限公司,2023,云南神农农业产业集团股份有限公司,1,1,候选；须核对该年度法人名称、退市时点及主体关系,2023,monitor_pass,第十次监测合格名单,农产发〔2023〕3号,2023-05-12,https://www.moa.gov.cn/nybgb/2023/202306/202307/P020230719348171286633.pdf,基准按年末已生效的正式文件；年末新认定另做下一完整年度起算稳健性,官方事件集合可构建；尚未完成上市法人历史名称映射,20210528,https://query.sse.com.cn/commonQuery.do?sqlId=COMMON_SSE_CP_GPJCTPZ_GPLB_GP_L,2026-08-06
605337,上海证券交易所,李子园,浙江李子园食品股份有限公司,2021,浙江李子园食品股份有限公司,1,1,候选；须核对该年度法人名称、退市时点及主体关系,2020,monitor_pass,第九次监测合格名单,农产发〔2020〕6号,2020-11-20,https://www.moa.gov.cn/nybgb/2020/202012/202102/P020210201587636946140.pdf,基准按年末已生效的正式文件；年末新认定另做下一完整年度起算稳健性,官方事件集合可构建；尚未完成上市法人历史名称映射,20210208,https://query.sse.com.cn/commonQuery.do?sqlId=COMMON_SSE_CP_GPJCTPZ_GPLB_GP_L,2026-08-06
605337,上海证券交易所,李子园,浙江李子园食品股份有限公司,2022,浙江李子园食品股份有限公司,1,1,候选；须核对该年度法人名称、退市时点及主体关系,2020,monitor_pass,第九次监测合格名单,农产发〔2020〕6号,2020-11-20,https://www.moa.gov.cn/nybgb/2020/202012/202102/P020210201587636946140.pdf,基准按年末已生效的正式文件；年末新认定另做下一完整年度起算稳健性,官方事件集合可构建；尚未完成上市法人历史名称映射,20210208,https://query.sse.com.cn/commonQuery.do?sqlId=COMMON_SSE_CP_GPJCTPZ_GPLB_GP_L,2026-08-06
605337,上海证券交易所,李子园,浙江李子园食品股份有限公司,2023,浙江李子园食品股份有限公司,1,1,候选；须核对该年度法人名称、退市时点及主体关系,2023,monitor_pass,第十次监测合格名单,农产发〔2023〕3号,2023-05-12,https://www.moa.gov.cn/nybgb/2023/202306/202307/P020230719348171286633.pdf,基准按年末已生效的正式文件；年末新认定另做下一完整年度起算稳健性,官方事件集合可构建；尚未完成上市法人历史名称映射,20210208,https://query.sse.com.cn/commonQuery.do?sqlId=COMMON_SSE_CP_GPJCTPZ_GPLB_GP_L,2026-08-06
605338,上海证券交易所,巴比食品,中饮巴比食品股份有限公司,2020,中饮巴比食品股份有限公司,1,1,候选；须核对该年度法人名称、退市时点及主体关系,2020,monitor_pass,第九次监测合格名单,农产发〔2020〕6号,2020-11-20,https://www.moa.gov.cn/nybgb/2020/202012/202102/P020210201587636946140.pdf,基准按年末已生效的正式文件；年末新认定另做下一完整年度起算稳健性,官方事件集合可构建；尚未完成上市法人历史名称映射,20201012,https://query.sse.com.cn/commonQuery.do?sqlId=COMMON_SSE_CP_GPJCTPZ_GPLB_GP_L,2026-08-06
605338,上海证券交易所,巴比食品,中饮巴比食品股份有限公司,2021,中饮巴比食品股份有限公司,1,1,候选；须核对该年度法人名称、退市时点及主体关系,2020,monitor_pass,第九次监测合格名单,农产发〔2020〕6号,2020-11-20,https://www.moa.gov.cn/nybgb/2020/202012/202102/P020210201587636946140.pdf,基准按年末已生效的正式文件；年末新认定另做下一完整年度起算稳健性,官方事件集合可构建；尚未完成上市法人历史名称映射,20201012,https://query.sse.com.cn/commonQuery.do?sqlId=COMMON_SSE_CP_GPJCTPZ_GPLB_GP_L,2026-08-06
605338,上海证券交易所,巴比食品,中饮巴比食品股份有限公司,2022,中饮巴比食品股份有限公司,1,1,候选；须核对该年度法人名称、退市时点及主体关系,2020,monitor_pass,第九次监测合格名单,农产发〔2020〕6号,2020-11-20,https://www.moa.gov.cn/nybgb/2020/202012/202102/P020210201587636946140.pdf,基准按年末已生效的正式文件；年末新认定另做下一完整年度起算稳健性,官方事件集合可构建；尚未完成上市法人历史名称映射,20201012,https://query.sse.com.cn/commonQuery.do?sqlId=COMMON_SSE_CP_GPJCTPZ_GPLB_GP_L,2026-08-06
605338,上海证券交易所,巴比食品,中饮巴比食品股份有限公司,2023,中饮巴比食品股份有限公司,1,1,候选；须核对该年度法人名称、退市时点及主体关系,2023,monitor_pass,第十次监测合格名单,农产发〔2023〕3号,2023-05-12,https://www.moa.gov.cn/nybgb/2023/202306/202307/P020230719348171286633.pdf,基准按年末已生效的正式文件；年末新认定另做下一完整年度起算稳健性,官方事件集合可构建；尚未完成上市法人历史名称映射,20201012,https://query.sse.com.cn/commonQuery.do?sqlId=COMMON_SSE_CP_GPJCTPZ_GPLB_GP_L,2026-08-06
605589,上海证券交易所,圣泉集团,济南圣泉集团股份有限公司,2021,济南圣泉集团股份有限公司,1,1,候选；须核对该年度法人名称、退市时点及主体关系,2020,monitor_pass,第九次监测合格名单,农产发〔2020〕6号,2020-11-20,https://www.moa.gov.cn/nybgb/2020/202012/202102/P020210201587636946140.pdf,基准按年末已生效的正式文件；年末新认定另做下一完整年度起算稳健性,官方事件集合可构建；尚未完成上市法人历史名称映射,20210810,https://query.sse.com.cn/commonQuery.do?sqlId=COMMON_SSE_CP_GPJCTPZ_GPLB_GP_L,2026-08-06
605589,上海证券交易所,圣泉集团,济南圣泉集团股份有限公司,2022,济南圣泉集团股份有限公司,1,1,候选；须核对该年度法人名称、退市时点及主体关系,2020,monitor_pass,第九次监测合格名单,农产发〔2020〕6号,2020-11-20,https://www.moa.gov.cn/nybgb/2020/202012/202102/P020210201587636946140.pdf,基准按年末已生效的正式文件；年末新认定另做下一完整年度起算稳健性,官方事件集合可构建；尚未完成上市法人历史名称映射,20210810,https://query.sse.com.cn/commonQuery.do?sqlId=COMMON_SSE_CP_GPJCTPZ_GPLB_GP_L,2026-08-06
605589,上海证券交易所,圣泉集团,济南圣泉集团股份有限公司,2023,济南圣泉集团股份有限公司,1,1,候选；须核对该年度法人名称、退市时点及主体关系,2023,monitor_pass,第十次监测合格名单,农产发〔2023〕3号,2023-05-12,https://www.moa.gov.cn/nybgb/2023/202306/202307/P020230719348171286633.pdf,基准按年末已生效的正式文件；年末新认定另做下一完整年度起算稳健性,官方事件集合可构建；尚未完成上市法人历史名称映射,20210810,https://query.sse.com.cn/commonQuery.do?sqlId=COMMON_SSE_CP_GPJCTPZ_GPLB_GP_L,2026-08-06
