stock_code,short_name,listed_legal_full_name,official_list_name,list_year,event_type,candidate_basis,review_status,leading_firm_direct_match,exchange_source_url,moa_source_url
000066,中国长城,中国长城科技集团股份有限公司,中国长城葡萄酒有限公司,2014,monitor_pass,证券简称核心词出现在官方名单名称中，但当前法人全称不一致,待人工核实母集团/子公司/更名/无关同名；不得直接赋值,0,https://www.szse.cn/api/report/index/companyGeneralization?secCode=000066,https://www.moa.gov.cn/nybgb/2014/shi/201712/P020180104776701107212.pdf
000066,中国长城,中国长城科技集团股份有限公司,中国长城葡萄酒有限公司,2018,monitor_pass,证券简称核心词出现在官方名单名称中，但当前法人全称不一致,待人工核实母集团/子公司/更名/无关同名；不得直接赋值,0,https://www.szse.cn/api/report/index/companyGeneralization?secCode=000066,https://xccys.moa.gov.cn/gzdt/201812/t20181205_6314544.htm
000066,中国长城,中国长城科技集团股份有限公司,中国长城葡萄酒有限公司,2020,monitor_pass,证券简称核心词出现在官方名单名称中，但当前法人全称不一致,待人工核实母集团/子公司/更名/无关同名；不得直接赋值,0,https://www.szse.cn/api/report/index/companyGeneralization?secCode=000066,https://www.moa.gov.cn/nybgb/2020/202012/202102/P020210201587636946140.pdf
000066,中国长城,中国长城科技集团股份有限公司,中国长城葡萄酒有限公司,2023,monitor_pass,证券简称核心词出现在官方名单名称中，但当前法人全称不一致,待人工核实母集团/子公司/更名/无关同名；不得直接赋值,0,https://www.szse.cn/api/report/index/companyGeneralization?secCode=000066,https://www.moa.gov.cn/nybgb/2023/202306/202307/P020230719348171286633.pdf
000430,张家界,张家界旅游集团股份有限公司,张家界久瑞生物科技有限公司,2019,recognition,证券简称核心词出现在官方名单名称中，但当前法人全称不一致,待人工核实母集团/子公司/更名/无关同名；不得直接赋值,0,https://www.szse.cn/api/report/index/companyGeneralization?secCode=000430,https://www.moa.gov.cn/nybgb/2019/201912/202004/P020200410023357640054.pdf
000430,张家界,张家界旅游集团股份有限公司,张家界绿航果业有限公司,2021,recognition,证券简称核心词出现在官方名单名称中，但当前法人全称不一致,待人工核实母集团/子公司/更名/无关同名；不得直接赋值,0,https://www.szse.cn/api/report/index/companyGeneralization?secCode=000430,https://xccys.moa.gov.cn/gzdt/202201/t20220113_6386872.htm
000430,张家界,张家界旅游集团股份有限公司,张家界久瑞生物科技有限公司,2023,monitor_pass,证券简称核心词出现在官方名单名称中，但当前法人全称不一致,待人工核实母集团/子公司/更名/无关同名；不得直接赋值,0,https://www.szse.cn/api/report/index/companyGeneralization?secCode=000430,https://www.moa.gov.cn/nybgb/2023/202306/202307/P020230719348171286633.pdf
000525,红太阳,南京红太阳股份有限公司,甘肃红太阳面业集团有限责任公司,2014,monitor_pass,证券简称核心词出现在官方名单名称中，但当前法人全称不一致,待人工核实母集团/子公司/更名/无关同名；不得直接赋值,0,https://www.szse.cn/api/report/index/companyGeneralization?secCode=000525,https://www.moa.gov.cn/nybgb/2014/shi/201712/P020180104776701107212.pdf
000525,红太阳,南京红太阳股份有限公司,甘肃红太阳面业集团有限责任公司,2018,monitor_pass,证券简称核心词出现在官方名单名称中，但当前法人全称不一致,待人工核实母集团/子公司/更名/无关同名；不得直接赋值,0,https://www.szse.cn/api/report/index/companyGeneralization?secCode=000525,https://xccys.moa.gov.cn/gzdt/201812/t20181205_6314544.htm
000525,红太阳,南京红太阳股份有限公司,福建省红太阳精品有限公司,2019,recognition,证券简称核心词出现在官方名单名称中，但当前法人全称不一致,待人工核实母集团/子公司/更名/无关同名；不得直接赋值,0,https://www.szse.cn/api/report/index/companyGeneralization?secCode=000525,https://www.moa.gov.cn/nybgb/2019/201912/202004/P020200410023357640054.pdf
000525,红太阳,南京红太阳股份有限公司,甘肃红太阳面业集团有限责任公司,2020,monitor_pass,证券简称核心词出现在官方名单名称中，但当前法人全称不一致,待人工核实母集团/子公司/更名/无关同名；不得直接赋值,0,https://www.szse.cn/api/report/index/companyGeneralization?secCode=000525,https://www.moa.gov.cn/nybgb/2020/202012/202102/P020210201587636946140.pdf
000525,红太阳,南京红太阳股份有限公司,甘肃红太阳面业集团有限责任公司,2023,monitor_pass,证券简称核心词出现在官方名单名称中，但当前法人全称不一致,待人工核实母集团/子公司/更名/无关同名；不得直接赋值,0,https://www.szse.cn/api/report/index/companyGeneralization?secCode=000525,https://www.moa.gov.cn/nybgb/2023/202306/202307/P020230719348171286633.pdf
000525,红太阳,南京红太阳股份有限公司,福建省红太阳精品有限公司,2023,monitor_pass,证券简称核心词出现在官方名单名称中，但当前法人全称不一致,待人工核实母集团/子公司/更名/无关同名；不得直接赋值,0,https://www.szse.cn/api/report/index/companyGeneralization?secCode=000525,https://www.moa.gov.cn/nybgb/2023/202306/202307/P020230719348171286633.pdf
000568,泸州老窖,泸州老窖股份有限公司,泸州老窖集团有限责任公司,2014,monitor_pass,证券简称核心词出现在官方名单名称中，但当前法人全称不一致,待人工核实母集团/子公司/更名/无关同名；不得直接赋值,0,https://www.szse.cn/api/report/index/companyGeneralization?secCode=000568,https://www.moa.gov.cn/nybgb/2014/shi/201712/P020180104776701107212.pdf
000639,ST西王,西王食品股份有限公司,山西维之王食品有限公司,2014,monitor_pass,剔除常见公司后缀后的名称相似度=0.727，但当前法人全称不一致,待人工核实母集团/子公司/更名/无关同名；不得直接赋值,0,https://www.szse.cn/api/report/index/companyGeneralization?secCode=000639,https://www.moa.gov.cn/nybgb/2014/shi/201712/P020180104776701107212.pdf
000639,ST西王,西王食品股份有限公司,西王集团有限公司,2014,monitor_pass,证券简称核心词出现在官方名单名称中，但当前法人全称不一致,待人工核实母集团/子公司/更名/无关同名；不得直接赋值,0,https://www.szse.cn/api/report/index/companyGeneralization?secCode=000639,https://www.moa.gov.cn/nybgb/2014/shi/201712/P020180104776701107212.pdf
000639,ST西王,西王食品股份有限公司,西王集团有限公司,2018,monitor_pass,证券简称核心词出现在官方名单名称中，但当前法人全称不一致,待人工核实母集团/子公司/更名/无关同名；不得直接赋值,0,https://www.szse.cn/api/report/index/companyGeneralization?secCode=000639,https://xccys.moa.gov.cn/gzdt/201812/t20181205_6314544.htm
000639,ST西王,西王食品股份有限公司,西王集团有限公司,2020,monitor_pass,证券简称核心词出现在官方名单名称中，但当前法人全称不一致,待人工核实母集团/子公司/更名/无关同名；不得直接赋值,0,https://www.szse.cn/api/report/index/companyGeneralization?secCode=000639,https://www.moa.gov.cn/nybgb/2020/202012/202102/P020210201587636946140.pdf
000639,ST西王,西王食品股份有限公司,西王集团有限公司,2023,monitor_pass,证券简称核心词出现在官方名单名称中，但当前法人全称不一致,待人工核实母集团/子公司/更名/无关同名；不得直接赋值,0,https://www.szse.cn/api/report/index/companyGeneralization?secCode=000639,https://www.moa.gov.cn/nybgb/2023/202306/202307/P020230719348171286633.pdf
000663,永安林业,福建省永安林业(集团)股份有限公司,福建省圣农实业有限公司,2014,monitor_pass,剔除常见公司后缀后的名称相似度=0.571，但当前法人全称不一致,待人工核实母集团/子公司/更名/无关同名；不得直接赋值,0,https://www.szse.cn/api/report/index/companyGeneralization?secCode=000663,https://www.moa.gov.cn/nybgb/2014/shi/201712/P020180104776701107212.pdf
000663,永安林业,福建省永安林业(集团)股份有限公司,福建省天湖茶业有限公司,2020,replacement,剔除常见公司后缀后的名称相似度=0.571，但当前法人全称不一致,待人工核实母集团/子公司/更名/无关同名；不得直接赋值,0,https://www.szse.cn/api/report/index/companyGeneralization?secCode=000663,https://www.moa.gov.cn/nybgb/2020/202012/202102/P020210201587636946140.pdf
000663,永安林业,福建省永安林业(集团)股份有限公司,福建省天湖茶业有限公司,2023,monitor_pass,剔除常见公司后缀后的名称相似度=0.571，但当前法人全称不一致,待人工核实母集团/子公司/更名/无关同名；不得直接赋值,0,https://www.szse.cn/api/report/index/companyGeneralization?secCode=000663,https://www.moa.gov.cn/nybgb/2023/202306/202307/P020230719348171286633.pdf
000713,国投丰乐,国投丰乐种业股份有限公司,合肥丰乐种业股份有限公司,2014,monitor_pass,剔除常见公司后缀后的名称相似度=0.667，但当前法人全称不一致,待人工核实母集团/子公司/更名/无关同名；不得直接赋值,0,https://www.szse.cn/api/report/index/companyGeneralization?secCode=000713,https://www.moa.gov.cn/nybgb/2014/shi/201712/P020180104776701107212.pdf
000713,国投丰乐,国投丰乐种业股份有限公司,合肥丰乐种业股份有限公司,2018,monitor_pass,剔除常见公司后缀后的名称相似度=0.667，但当前法人全称不一致,待人工核实母集团/子公司/更名/无关同名；不得直接赋值,0,https://www.szse.cn/api/report/index/companyGeneralization?secCode=000713,https://xccys.moa.gov.cn/gzdt/201812/t20181205_6314544.htm
000713,国投丰乐,国投丰乐种业股份有限公司,合肥丰乐种业股份有限公司,2020,monitor_pass,剔除常见公司后缀后的名称相似度=0.667，但当前法人全称不一致,待人工核实母集团/子公司/更名/无关同名；不得直接赋值,0,https://www.szse.cn/api/report/index/companyGeneralization?secCode=000713,https://www.moa.gov.cn/nybgb/2020/202012/202102/P020210201587636946140.pdf
000713,国投丰乐,国投丰乐种业股份有限公司,合肥丰乐种业股份有限公司,2023,monitor_pass,剔除常见公司后缀后的名称相似度=0.667，但当前法人全称不一致,待人工核实母集团/子公司/更名/无关同名；不得直接赋值,0,https://www.szse.cn/api/report/index/companyGeneralization?secCode=000713,https://www.moa.gov.cn/nybgb/2023/202306/202307/P020230719348171286633.pdf
000848,承德露露,承德露露股份公司,河北承德露露股份有限公司,2014,monitor_pass,证券简称核心词出现在官方名单名称中，但当前法人全称不一致,待人工核实母集团/子公司/更名/无关同名；不得直接赋值,0,https://www.szse.cn/api/report/index/companyGeneralization?secCode=000848,https://www.moa.gov.cn/nybgb/2014/shi/201712/P020180104776701107212.pdf
000848,承德露露,承德露露股份公司,河北承德露露股份有限公司,2018,monitor_pass,证券简称核心词出现在官方名单名称中，但当前法人全称不一致,待人工核实母集团/子公司/更名/无关同名；不得直接赋值,0,https://www.szse.cn/api/report/index/companyGeneralization?secCode=000848,https://xccys.moa.gov.cn/gzdt/201812/t20181205_6314544.htm
000848,承德露露,承德露露股份公司,河北承德露露股份有限公司,2020,monitor_pass,证券简称核心词出现在官方名单名称中，但当前法人全称不一致,待人工核实母集团/子公司/更名/无关同名；不得直接赋值,0,https://www.szse.cn/api/report/index/companyGeneralization?secCode=000848,https://www.moa.gov.cn/nybgb/2020/202012/202102/P020210201587636946140.pdf
000998,隆平高科,袁隆平农业高科技股份有限公司,汇美农业科技有限公司,2016,replacement,剔除常见公司后缀后的名称相似度=0.571，但当前法人全称不一致,待人工核实母集团/子公司/更名/无关同名；不得直接赋值,0,https://www.szse.cn/api/report/index/companyGeneralization?secCode=000998,https://www.moa.gov.cn/nybgb/2016/shiyiqi/201712/P020180624662692968052.pdf
000998,隆平高科,袁隆平农业高科技股份有限公司,华裕农业科技有限公司,2018,monitor_pass,剔除常见公司后缀后的名称相似度=0.571，但当前法人全称不一致,待人工核实母集团/子公司/更名/无关同名；不得直接赋值,0,https://www.szse.cn/api/report/index/companyGeneralization?secCode=000998,https://xccys.moa.gov.cn/gzdt/201812/t20181205_6314544.htm
000998,隆平高科,袁隆平农业高科技股份有限公司,汇美农业科技有限公司,2018,monitor_pass,剔除常见公司后缀后的名称相似度=0.571，但当前法人全称不一致,待人工核实母集团/子公司/更名/无关同名；不得直接赋值,0,https://www.szse.cn/api/report/index/companyGeneralization?secCode=000998,https://xccys.moa.gov.cn/gzdt/201812/t20181205_6314544.htm
000998,隆平高科,袁隆平农业高科技股份有限公司,江西博莱农业高科技股份有限公司,2018,monitor_pass,剔除常见公司后缀后的名称相似度=0.588，但当前法人全称不一致,待人工核实母集团/子公司/更名/无关同名；不得直接赋值,0,https://www.szse.cn/api/report/index/companyGeneralization?secCode=000998,https://xccys.moa.gov.cn/gzdt/201812/t20181205_6314544.htm
000998,隆平高科,袁隆平农业高科技股份有限公司,三瑞农业科技股份有限公司,2019,recognition,剔除常见公司后缀后的名称相似度=0.571，但当前法人全称不一致,待人工核实母集团/子公司/更名/无关同名；不得直接赋值,0,https://www.szse.cn/api/report/index/companyGeneralization?secCode=000998,https://www.moa.gov.cn/nybgb/2019/201912/202004/P020200410023357640054.pdf
000998,隆平高科,袁隆平农业高科技股份有限公司,华裕农业科技有限公司,2020,monitor_pass,剔除常见公司后缀后的名称相似度=0.571，但当前法人全称不一致,待人工核实母集团/子公司/更名/无关同名；不得直接赋值,0,https://www.szse.cn/api/report/index/companyGeneralization?secCode=000998,https://www.moa.gov.cn/nybgb/2020/202012/202102/P020210201587636946140.pdf
000998,隆平高科,袁隆平农业高科技股份有限公司,江西博莱农业高科技股份有限公司,2020,monitor_pass,剔除常见公司后缀后的名称相似度=0.588，但当前法人全称不一致,待人工核实母集团/子公司/更名/无关同名；不得直接赋值,0,https://www.szse.cn/api/report/index/companyGeneralization?secCode=000998,https://www.moa.gov.cn/nybgb/2020/202012/202102/P020210201587636946140.pdf
000998,隆平高科,袁隆平农业高科技股份有限公司,江西博莱农业高科技股份有限公司,2023,monitor_pass,剔除常见公司后缀后的名称相似度=0.588，但当前法人全称不一致,待人工核实母集团/子公司/更名/无关同名；不得直接赋值,0,https://www.szse.cn/api/report/index/companyGeneralization?secCode=000998,https://www.moa.gov.cn/nybgb/2023/202306/202307/P020230719348171286633.pdf
001201,东瑞股份,东瑞食品集团股份有限公司,东瑞食品集团有限公司,2014,monitor_pass,剔除常见公司后缀后的名称相似度=1.000，但当前法人全称不一致,待人工核实母集团/子公司/更名/无关同名；不得直接赋值,0,https://www.szse.cn/api/report/index/companyGeneralization?secCode=001201,https://www.moa.gov.cn/nybgb/2014/shi/201712/P020180104776701107212.pdf
001201,东瑞股份,东瑞食品集团股份有限公司,山东凯加食品股份有限公司,2014,monitor_pass,剔除常见公司后缀后的名称相似度=0.600，但当前法人全称不一致,待人工核实母集团/子公司/更名/无关同名；不得直接赋值,0,https://www.szse.cn/api/report/index/companyGeneralization?secCode=001201,https://www.moa.gov.cn/nybgb/2014/shi/201712/P020180104776701107212.pdf
001201,东瑞股份,东瑞食品集团股份有限公司,山东春雪食品有限公司,2014,monitor_pass,剔除常见公司后缀后的名称相似度=0.600，但当前法人全称不一致,待人工核实母集团/子公司/更名/无关同名；不得直接赋值,0,https://www.szse.cn/api/report/index/companyGeneralization?secCode=001201,https://www.moa.gov.cn/nybgb/2014/shi/201712/P020180104776701107212.pdf
001201,东瑞股份,东瑞食品集团股份有限公司,山东汇康食品有限公司,2014,monitor_pass,剔除常见公司后缀后的名称相似度=0.600，但当前法人全称不一致,待人工核实母集团/子公司/更名/无关同名；不得直接赋值,0,https://www.szse.cn/api/report/index/companyGeneralization?secCode=001201,https://www.moa.gov.cn/nybgb/2014/shi/201712/P020180104776701107212.pdf
001201,东瑞股份,东瑞食品集团股份有限公司,山东绿润食品有限公司,2014,monitor_pass,剔除常见公司后缀后的名称相似度=0.600，但当前法人全称不一致,待人工核实母集团/子公司/更名/无关同名；不得直接赋值,0,https://www.szse.cn/api/report/index/companyGeneralization?secCode=001201,https://www.moa.gov.cn/nybgb/2014/shi/201712/P020180104776701107212.pdf
001201,东瑞股份,东瑞食品集团股份有限公司,山东莺歌食品有限公司,2014,monitor_pass,剔除常见公司后缀后的名称相似度=0.600，但当前法人全称不一致,待人工核实母集团/子公司/更名/无关同名；不得直接赋值,0,https://www.szse.cn/api/report/index/companyGeneralization?secCode=001201,https://www.moa.gov.cn/nybgb/2014/shi/201712/P020180104776701107212.pdf
001201,东瑞股份,东瑞食品集团股份有限公司,山东银宝食品有限公司,2014,monitor_pass,剔除常见公司后缀后的名称相似度=0.600，但当前法人全称不一致,待人工核实母集团/子公司/更名/无关同名；不得直接赋值,0,https://www.szse.cn/api/report/index/companyGeneralization?secCode=001201,https://www.moa.gov.cn/nybgb/2014/shi/201712/P020180104776701107212.pdf
001201,东瑞股份,东瑞食品集团股份有限公司,福建东方食品集团有限公司,2014,monitor_pass,剔除常见公司后缀后的名称相似度=0.600，但当前法人全称不一致,待人工核实母集团/子公司/更名/无关同名；不得直接赋值,0,https://www.szse.cn/api/report/index/companyGeneralization?secCode=001201,https://www.moa.gov.cn/nybgb/2014/shi/201712/P020180104776701107212.pdf
001318,阳光乳业,江西阳光乳业股份有限公司,江西阳光乳业集团有限公司,2014,monitor_pass,证券简称核心词出现在官方名单名称中，但当前法人全称不一致,待人工核实母集团/子公司/更名/无关同名；不得直接赋值,0,https://www.szse.cn/api/report/index/companyGeneralization?secCode=001318,https://www.moa.gov.cn/nybgb/2014/shi/201712/P020180104776701107212.pdf
001318,阳光乳业,江西阳光乳业股份有限公司,江西阳光乳业集团有限公司,2018,monitor_pass,证券简称核心词出现在官方名单名称中，但当前法人全称不一致,待人工核实母集团/子公司/更名/无关同名；不得直接赋值,0,https://www.szse.cn/api/report/index/companyGeneralization?secCode=001318,https://xccys.moa.gov.cn/gzdt/201812/t20181205_6314544.htm
001318,阳光乳业,江西阳光乳业股份有限公司,江西阳光乳业集团有限公司,2020,monitor_pass,证券简称核心词出现在官方名单名称中，但当前法人全称不一致,待人工核实母集团/子公司/更名/无关同名；不得直接赋值,0,https://www.szse.cn/api/report/index/companyGeneralization?secCode=001318,https://www.moa.gov.cn/nybgb/2020/202012/202102/P020210201587636946140.pdf
001318,阳光乳业,江西阳光乳业股份有限公司,江西阳光乳业集团有限公司,2023,monitor_pass,证券简称核心词出现在官方名单名称中，但当前法人全称不一致,待人工核实母集团/子公司/更名/无关同名；不得直接赋值,0,https://www.szse.cn/api/report/index/companyGeneralization?secCode=001318,https://www.moa.gov.cn/nybgb/2023/202306/202307/P020230719348171286633.pdf
002041,登海种业,山东登海种业股份有限公司,山东冠丰种业科技有限公司,2014,monitor_pass,剔除常见公司后缀后的名称相似度=0.571，但当前法人全称不一致,待人工核实母集团/子公司/更名/无关同名；不得直接赋值,0,https://www.szse.cn/api/report/index/companyGeneralization?secCode=002041,https://www.moa.gov.cn/nybgb/2014/shi/201712/P020180104776701107212.pdf
002041,登海种业,山东登海种业股份有限公司,山东渤海油脂工业有限公司,2014,monitor_pass,剔除常见公司后缀后的名称相似度=0.571，但当前法人全称不一致,待人工核实母集团/子公司/更名/无关同名；不得直接赋值,0,https://www.szse.cn/api/report/index/companyGeneralization?secCode=002041,https://www.moa.gov.cn/nybgb/2014/shi/201712/P020180104776701107212.pdf
002041,登海种业,山东登海种业股份有限公司,山东冠丰种业科技有限公司,2018,monitor_pass,剔除常见公司后缀后的名称相似度=0.571，但当前法人全称不一致,待人工核实母集团/子公司/更名/无关同名；不得直接赋值,0,https://www.szse.cn/api/report/index/companyGeneralization?secCode=002041,https://xccys.moa.gov.cn/gzdt/201812/t20181205_6314544.htm
002041,登海种业,山东登海种业股份有限公司,山东渤海油脂工业有限公司,2018,monitor_pass,剔除常见公司后缀后的名称相似度=0.571，但当前法人全称不一致,待人工核实母集团/子公司/更名/无关同名；不得直接赋值,0,https://www.szse.cn/api/report/index/companyGeneralization?secCode=002041,https://xccys.moa.gov.cn/gzdt/201812/t20181205_6314544.htm
002041,登海种业,山东登海种业股份有限公司,山东渤海油脂工业有限公司,2020,monitor_pass,剔除常见公司后缀后的名称相似度=0.571，但当前法人全称不一致,待人工核实母集团/子公司/更名/无关同名；不得直接赋值,0,https://www.szse.cn/api/report/index/companyGeneralization?secCode=002041,https://www.moa.gov.cn/nybgb/2020/202012/202102/P020210201587636946140.pdf
002041,登海种业,山东登海种业股份有限公司,山东圣丰种业科技有限公司,2021,recognition,剔除常见公司后缀后的名称相似度=0.571，但当前法人全称不一致,待人工核实母集团/子公司/更名/无关同名；不得直接赋值,0,https://www.szse.cn/api/report/index/companyGeneralization?secCode=002041,https://xccys.moa.gov.cn/gzdt/202201/t20220113_6386872.htm
002041,登海种业,山东登海种业股份有限公司,山东蓝海生态农业有限公司,2021,recognition,剔除常见公司后缀后的名称相似度=0.571，但当前法人全称不一致,待人工核实母集团/子公司/更名/无关同名；不得直接赋值,0,https://www.szse.cn/api/report/index/companyGeneralization?secCode=002041,https://xccys.moa.gov.cn/gzdt/202201/t20220113_6386872.htm
002041,登海种业,山东登海种业股份有限公司,山东种业集团有限公司,2023,replacement,剔除常见公司后缀后的名称相似度=0.800，但当前法人全称不一致,待人工核实母集团/子公司/更名/无关同名；不得直接赋值,0,https://www.szse.cn/api/report/index/companyGeneralization?secCode=002041,https://www.moa.gov.cn/nybgb/2023/202306/202307/P020230719348171286633.pdf
002082,ST万邦,万邦德医药控股集团股份有限公司,河南万邦国际农产品物流股份有限公司,2014,monitor_pass,证券简称核心词出现在官方名单名称中，但当前法人全称不一致,待人工核实母集团/子公司/更名/无关同名；不得直接赋值,0,https://www.szse.cn/api/report/index/companyGeneralization?secCode=002082,https://www.moa.gov.cn/nybgb/2014/shi/201712/P020180104776701107212.pdf
002082,ST万邦,万邦德医药控股集团股份有限公司,河南万邦国际农产品物流股份有限公司,2018,monitor_pass,证券简称核心词出现在官方名单名称中，但当前法人全称不一致,待人工核实母集团/子公司/更名/无关同名；不得直接赋值,0,https://www.szse.cn/api/report/index/companyGeneralization?secCode=002082,https://xccys.moa.gov.cn/gzdt/201812/t20181205_6314544.htm
002082,ST万邦,万邦德医药控股集团股份有限公司,河南万邦国际农产品物流股份有限公司,2020,monitor_pass,证券简称核心词出现在官方名单名称中，但当前法人全称不一致,待人工核实母集团/子公司/更名/无关同名；不得直接赋值,0,https://www.szse.cn/api/report/index/companyGeneralization?secCode=002082,https://www.moa.gov.cn/nybgb/2020/202012/202102/P020210201587636946140.pdf
002082,ST万邦,万邦德医药控股集团股份有限公司,河南万邦国际农产品物流股份有限公司,2023,monitor_pass,证券简称核心词出现在官方名单名称中，但当前法人全称不一致,待人工核实母集团/子公司/更名/无关同名；不得直接赋值,0,https://www.szse.cn/api/report/index/companyGeneralization?secCode=002082,https://www.moa.gov.cn/nybgb/2023/202306/202307/P020230719348171286633.pdf
002086,东方海洋,山东东方海洋科技股份有限公司,山东俚岛海洋科技股份有限公司,2014,monitor_pass,剔除常见公司后缀后的名称相似度=0.750，但当前法人全称不一致,待人工核实母集团/子公司/更名/无关同名；不得直接赋值,0,https://www.szse.cn/api/report/index/companyGeneralization?secCode=002086,https://www.moa.gov.cn/nybgb/2014/shi/201712/P020180104776701107212.pdf
002086,东方海洋,山东东方海洋科技股份有限公司,山东俚岛海洋科技股份有限公司,2018,monitor_pass,剔除常见公司后缀后的名称相似度=0.750，但当前法人全称不一致,待人工核实母集团/子公司/更名/无关同名；不得直接赋值,0,https://www.szse.cn/api/report/index/companyGeneralization?secCode=002086,https://xccys.moa.gov.cn/gzdt/201812/t20181205_6314544.htm
002086,东方海洋,山东东方海洋科技股份有限公司,山东俚岛海洋科技股份有限公司,2020,monitor_pass,剔除常见公司后缀后的名称相似度=0.750，但当前法人全称不一致,待人工核实母集团/子公司/更名/无关同名；不得直接赋值,0,https://www.szse.cn/api/report/index/companyGeneralization?secCode=002086,https://www.moa.gov.cn/nybgb/2020/202012/202102/P020210201587636946140.pdf
002086,东方海洋,山东东方海洋科技股份有限公司,山东福洋生物科技股份有限公司,2020,replacement,剔除常见公司后缀后的名称相似度=0.625，但当前法人全称不一致,待人工核实母集团/子公司/更名/无关同名；不得直接赋值,0,https://www.szse.cn/api/report/index/companyGeneralization?secCode=002086,https://www.moa.gov.cn/nybgb/2020/202012/202102/P020210201587636946140.pdf
002086,东方海洋,山东东方海洋科技股份有限公司,山西东方物华农业科技有限责任公司,2020,replacement,剔除常见公司后缀后的名称相似度=0.556，但当前法人全称不一致,待人工核实母集团/子公司/更名/无关同名；不得直接赋值,0,https://www.szse.cn/api/report/index/companyGeneralization?secCode=002086,https://www.moa.gov.cn/nybgb/2020/202012/202102/P020210201587636946140.pdf
002086,东方海洋,山东东方海洋科技股份有限公司,山东邦基科技股份有限公司,2021,recognition,剔除常见公司后缀后的名称相似度=0.571，但当前法人全称不一致,待人工核实母集团/子公司/更名/无关同名；不得直接赋值,0,https://www.szse.cn/api/report/index/companyGeneralization?secCode=002086,https://xccys.moa.gov.cn/gzdt/202201/t20220113_6386872.htm
002086,东方海洋,山东东方海洋科技股份有限公司,山东俚岛海洋科技股份有限公司,2023,monitor_pass,剔除常见公司后缀后的名称相似度=0.750，但当前法人全称不一致,待人工核实母集团/子公司/更名/无关同名；不得直接赋值,0,https://www.szse.cn/api/report/index/companyGeneralization?secCode=002086,https://www.moa.gov.cn/nybgb/2023/202306/202307/P020230719348171286633.pdf
002086,东方海洋,山东东方海洋科技股份有限公司,山东福洋生物科技股份有限公司,2023,monitor_pass,剔除常见公司后缀后的名称相似度=0.625，但当前法人全称不一致,待人工核实母集团/子公司/更名/无关同名；不得直接赋值,0,https://www.szse.cn/api/report/index/companyGeneralization?secCode=002086,https://www.moa.gov.cn/nybgb/2023/202306/202307/P020230719348171286633.pdf
002124,天邦食品,天邦食品股份有限公司,吉林天景食品有限公司,2014,monitor_pass,剔除常见公司后缀后的名称相似度=0.600，但当前法人全称不一致,待人工核实母集团/子公司/更名/无关同名；不得直接赋值,0,https://www.szse.cn/api/report/index/companyGeneralization?secCode=002124,https://www.moa.gov.cn/nybgb/2014/shi/201712/P020180104776701107212.pdf
002124,天邦食品,天邦食品股份有限公司,四川天味食品集团股份有限公司,2014,monitor_pass,剔除常见公司后缀后的名称相似度=0.600，但当前法人全称不一致,待人工核实母集团/子公司/更名/无关同名；不得直接赋值,0,https://www.szse.cn/api/report/index/companyGeneralization?secCode=002124,https://www.moa.gov.cn/nybgb/2014/shi/201712/P020180104776701107212.pdf
002124,天邦食品,天邦食品股份有限公司,浙江天和食品有限公司,2014,monitor_pass,剔除常见公司后缀后的名称相似度=0.600，但当前法人全称不一致,待人工核实母集团/子公司/更名/无关同名；不得直接赋值,0,https://www.szse.cn/api/report/index/companyGeneralization?secCode=002124,https://www.moa.gov.cn/nybgb/2014/shi/201712/P020180104776701107212.pdf
002124,天邦食品,天邦食品股份有限公司,遵义天阳食品有限公司,2014,monitor_pass,剔除常见公司后缀后的名称相似度=0.600，但当前法人全称不一致,待人工核实母集团/子公司/更名/无关同名；不得直接赋值,0,https://www.szse.cn/api/report/index/companyGeneralization?secCode=002124,https://www.moa.gov.cn/nybgb/2014/shi/201712/P020180104776701107212.pdf
002124,天邦食品,天邦食品股份有限公司,青岛天祥食品集团有限公司,2014,monitor_pass,剔除常见公司后缀后的名称相似度=0.600，但当前法人全称不一致,待人工核实母集团/子公司/更名/无关同名；不得直接赋值,0,https://www.szse.cn/api/report/index/companyGeneralization?secCode=002124,https://www.moa.gov.cn/nybgb/2014/shi/201712/P020180104776701107212.pdf
002124,天邦食品,天邦食品股份有限公司,邦杰食品股份有限公司,2019,recognition,剔除常见公司后缀后的名称相似度=0.750，但当前法人全称不一致,待人工核实母集团/子公司/更名/无关同名；不得直接赋值,0,https://www.szse.cn/api/report/index/companyGeneralization?secCode=002124,https://www.moa.gov.cn/nybgb/2019/201912/202004/P020200410023357640054.pdf
002124,天邦食品,天邦食品股份有限公司,天津食品集团有限公司,2021,recognition,剔除常见公司后缀后的名称相似度=0.750，但当前法人全称不一致,待人工核实母集团/子公司/更名/无关同名；不得直接赋值,0,https://www.szse.cn/api/report/index/companyGeneralization?secCode=002124,https://xccys.moa.gov.cn/gzdt/202201/t20220113_6386872.htm
002124,天邦食品,天邦食品股份有限公司,邦杰食品股份有限公司,2023,monitor_pass,剔除常见公司后缀后的名称相似度=0.750，但当前法人全称不一致,待人工核实母集团/子公司/更名/无关同名；不得直接赋值,0,https://www.szse.cn/api/report/index/companyGeneralization?secCode=002124,https://www.moa.gov.cn/nybgb/2023/202306/202307/P020230719348171286633.pdf
002157,正邦科技,江西正邦科技股份有限公司,陕西正能农牧科技有限责任公司,2023,replacement,剔除常见公司后缀后的名称相似度=0.571，但当前法人全称不一致,待人工核实母集团/子公司/更名/无关同名；不得直接赋值,0,https://www.szse.cn/api/report/index/companyGeneralization?secCode=002157,https://www.moa.gov.cn/nybgb/2023/202306/202307/P020230719348171286633.pdf
002175,*ST东智,广西东方智造科技股份有限公司,广东智威农业科技股份有限公司,2014,monitor_pass,证券简称核心词出现在官方名单名称中，但当前法人全称不一致,待人工核实母集团/子公司/更名/无关同名；不得直接赋值,0,https://www.szse.cn/api/report/index/companyGeneralization?secCode=002175,https://www.moa.gov.cn/nybgb/2014/shi/201712/P020180104776701107212.pdf
002175,*ST东智,广西东方智造科技股份有限公司,广东智威农业科技股份有限公司,2018,monitor_pass,证券简称核心词出现在官方名单名称中，但当前法人全称不一致,待人工核实母集团/子公司/更名/无关同名；不得直接赋值,0,https://www.szse.cn/api/report/index/companyGeneralization?secCode=002175,https://xccys.moa.gov.cn/gzdt/201812/t20181205_6314544.htm
002175,*ST东智,广西东方智造科技股份有限公司,广东智威农业科技股份有限公司,2020,monitor_pass,证券简称核心词出现在官方名单名称中，但当前法人全称不一致,待人工核实母集团/子公司/更名/无关同名；不得直接赋值,0,https://www.szse.cn/api/report/index/companyGeneralization?secCode=002175,https://www.moa.gov.cn/nybgb/2020/202012/202102/P020210201587636946140.pdf
002175,*ST东智,广西东方智造科技股份有限公司,广东智威农业科技股份有限公司,2023,monitor_pass,证券简称核心词出现在官方名单名称中，但当前法人全称不一致,待人工核实母集团/子公司/更名/无关同名；不得直接赋值,0,https://www.szse.cn/api/report/index/companyGeneralization?secCode=002175,https://www.moa.gov.cn/nybgb/2023/202306/202307/P020230719348171286633.pdf
002193,ST如意,山东如意毛纺服装集团股份有限公司,如意情集团股份有限公司,2014,monitor_pass,证券简称核心词出现在官方名单名称中，但当前法人全称不一致,待人工核实母集团/子公司/更名/无关同名；不得直接赋值,0,https://www.szse.cn/api/report/index/companyGeneralization?secCode=002193,https://www.moa.gov.cn/nybgb/2014/shi/201712/P020180104776701107212.pdf
002193,ST如意,山东如意毛纺服装集团股份有限公司,新疆如意纺织服装有限公司,2016,replacement,证券简称核心词出现在官方名单名称中，但当前法人全称不一致,待人工核实母集团/子公司/更名/无关同名；不得直接赋值,0,https://www.szse.cn/api/report/index/companyGeneralization?secCode=002193,https://www.moa.gov.cn/nybgb/2016/shiyiqi/201712/P020180624662692968052.pdf
002193,ST如意,山东如意毛纺服装集团股份有限公司,如意情集团股份有限公司,2018,monitor_pass,证券简称核心词出现在官方名单名称中，但当前法人全称不一致,待人工核实母集团/子公司/更名/无关同名；不得直接赋值,0,https://www.szse.cn/api/report/index/companyGeneralization?secCode=002193,https://xccys.moa.gov.cn/gzdt/201812/t20181205_6314544.htm
002193,ST如意,山东如意毛纺服装集团股份有限公司,新疆如意纺织服装有限公司,2018,monitor_pass,证券简称核心词出现在官方名单名称中，但当前法人全称不一致,待人工核实母集团/子公司/更名/无关同名；不得直接赋值,0,https://www.szse.cn/api/report/index/companyGeneralization?secCode=002193,https://xccys.moa.gov.cn/gzdt/201812/t20181205_6314544.htm
002193,ST如意,山东如意毛纺服装集团股份有限公司,柘城县如意面业有限公司,2019,recognition,证券简称核心词出现在官方名单名称中，但当前法人全称不一致,待人工核实母集团/子公司/更名/无关同名；不得直接赋值,0,https://www.szse.cn/api/report/index/companyGeneralization?secCode=002193,https://www.moa.gov.cn/nybgb/2019/201912/202004/P020200410023357640054.pdf
002193,ST如意,山东如意毛纺服装集团股份有限公司,如意情集团股份有限公司,2020,monitor_pass,证券简称核心词出现在官方名单名称中，但当前法人全称不一致,待人工核实母集团/子公司/更名/无关同名；不得直接赋值,0,https://www.szse.cn/api/report/index/companyGeneralization?secCode=002193,https://www.moa.gov.cn/nybgb/2020/202012/202102/P020210201587636946140.pdf
002193,ST如意,山东如意毛纺服装集团股份有限公司,新疆如意纺织服装有限公司,2020,monitor_pass,证券简称核心词出现在官方名单名称中，但当前法人全称不一致,待人工核实母集团/子公司/更名/无关同名；不得直接赋值,0,https://www.szse.cn/api/report/index/companyGeneralization?secCode=002193,https://www.moa.gov.cn/nybgb/2020/202012/202102/P020210201587636946140.pdf
002193,ST如意,山东如意毛纺服装集团股份有限公司,如意情集团股份有限公司,2023,monitor_pass,证券简称核心词出现在官方名单名称中，但当前法人全称不一致,待人工核实母集团/子公司/更名/无关同名；不得直接赋值,0,https://www.szse.cn/api/report/index/companyGeneralization?secCode=002193,https://www.moa.gov.cn/nybgb/2023/202306/202307/P020230719348171286633.pdf
002200,交投生态,云南交投生态科技股份有限公司,万臻生态科技有限公司,2018,monitor_pass,剔除常见公司后缀后的名称相似度=0.571，但当前法人全称不一致,待人工核实母集团/子公司/更名/无关同名；不得直接赋值,0,https://www.szse.cn/api/report/index/companyGeneralization?secCode=002200,https://xccys.moa.gov.cn/gzdt/201812/t20181205_6314544.htm
002200,交投生态,云南交投生态科技股份有限公司,云南博浩生物科技集团股份有限公司,2018,monitor_pass,剔除常见公司后缀后的名称相似度=0.625，但当前法人全称不一致,待人工核实母集团/子公司/更名/无关同名；不得直接赋值,0,https://www.szse.cn/api/report/index/companyGeneralization?secCode=002200,https://xccys.moa.gov.cn/gzdt/201812/t20181205_6314544.htm
002200,交投生态,云南交投生态科技股份有限公司,云南万兴隆生物科技集团有限公司,2019,recognition,剔除常见公司后缀后的名称相似度=0.588，但当前法人全称不一致,待人工核实母集团/子公司/更名/无关同名；不得直接赋值,0,https://www.szse.cn/api/report/index/companyGeneralization?secCode=002200,https://www.moa.gov.cn/nybgb/2019/201912/202004/P020200410023357640054.pdf
002200,交投生态,云南交投生态科技股份有限公司,云南品斛堂生物科技有限公司,2019,recognition,剔除常见公司后缀后的名称相似度=0.588，但当前法人全称不一致,待人工核实母集团/子公司/更名/无关同名；不得直接赋值,0,https://www.szse.cn/api/report/index/companyGeneralization?secCode=002200,https://www.moa.gov.cn/nybgb/2019/201912/202004/P020200410023357640054.pdf
002200,交投生态,云南交投生态科技股份有限公司,万臻生态科技有限公司,2020,monitor_pass,剔除常见公司后缀后的名称相似度=0.571，但当前法人全称不一致,待人工核实母集团/子公司/更名/无关同名；不得直接赋值,0,https://www.szse.cn/api/report/index/companyGeneralization?secCode=002200,https://www.moa.gov.cn/nybgb/2020/202012/202102/P020210201587636946140.pdf
002200,交投生态,云南交投生态科技股份有限公司,云南博浩生物科技集团股份有限公司,2020,monitor_pass,剔除常见公司后缀后的名称相似度=0.625，但当前法人全称不一致,待人工核实母集团/子公司/更名/无关同名；不得直接赋值,0,https://www.szse.cn/api/report/index/companyGeneralization?secCode=002200,https://www.moa.gov.cn/nybgb/2020/202012/202102/P020210201587636946140.pdf
002200,交投生态,云南交投生态科技股份有限公司,云南博浩生物科技集团股份有限公司,2023,monitor_pass,剔除常见公司后缀后的名称相似度=0.625，但当前法人全称不一致,待人工核实母集团/子公司/更名/无关同名；不得直接赋值,0,https://www.szse.cn/api/report/index/companyGeneralization?secCode=002200,https://www.moa.gov.cn/nybgb/2023/202306/202307/P020230719348171286633.pdf
002200,交投生态,云南交投生态科技股份有限公司,云南品斛堂生物科技有限公司,2023,monitor_pass,剔除常见公司后缀后的名称相似度=0.588，但当前法人全称不一致,待人工核实母集团/子公司/更名/无关同名；不得直接赋值,0,https://www.szse.cn/api/report/index/companyGeneralization?secCode=002200,https://www.moa.gov.cn/nybgb/2023/202306/202307/P020230719348171286633.pdf
002211,ST宏达,上海宏达新材料股份有限公司,辽宁宏达牛业发展有限公司,2014,monitor_pass,证券简称核心词出现在官方名单名称中，但当前法人全称不一致,待人工核实母集团/子公司/更名/无关同名；不得直接赋值,0,https://www.szse.cn/api/report/index/companyGeneralization?secCode=002211,https://www.moa.gov.cn/nybgb/2014/shi/201712/P020180104776701107212.pdf
002211,ST宏达,上海宏达新材料股份有限公司,陕西省白水县宏达果业有限责任公司,2014,monitor_pass,证券简称核心词出现在官方名单名称中，但当前法人全称不一致,待人工核实母集团/子公司/更名/无关同名；不得直接赋值,0,https://www.szse.cn/api/report/index/companyGeneralization?secCode=002211,https://www.moa.gov.cn/nybgb/2014/shi/201712/P020180104776701107212.pdf
002211,ST宏达,上海宏达新材料股份有限公司,辽宁宏达牛业发展有限公司,2018,monitor_pass,证券简称核心词出现在官方名单名称中，但当前法人全称不一致,待人工核实母集团/子公司/更名/无关同名；不得直接赋值,0,https://www.szse.cn/api/report/index/companyGeneralization?secCode=002211,https://xccys.moa.gov.cn/gzdt/201812/t20181205_6314544.htm
002211,ST宏达,上海宏达新材料股份有限公司,陕西省白水县宏达果业有限责任公司,2018,monitor_pass,证券简称核心词出现在官方名单名称中，但当前法人全称不一致,待人工核实母集团/子公司/更名/无关同名；不得直接赋值,0,https://www.szse.cn/api/report/index/companyGeneralization?secCode=002211,https://xccys.moa.gov.cn/gzdt/201812/t20181205_6314544.htm
002211,ST宏达,上海宏达新材料股份有限公司,辽宁宏达牛业发展有限公司,2020,monitor_pass,证券简称核心词出现在官方名单名称中，但当前法人全称不一致,待人工核实母集团/子公司/更名/无关同名；不得直接赋值,0,https://www.szse.cn/api/report/index/companyGeneralization?secCode=002211,https://www.moa.gov.cn/nybgb/2020/202012/202102/P020210201587636946140.pdf
002211,ST宏达,上海宏达新材料股份有限公司,陕西省白水县宏达果业有限责任公司,2020,monitor_pass,证券简称核心词出现在官方名单名称中，但当前法人全称不一致,待人工核实母集团/子公司/更名/无关同名；不得直接赋值,0,https://www.szse.cn/api/report/index/companyGeneralization?secCode=002211,https://www.moa.gov.cn/nybgb/2020/202012/202102/P020210201587636946140.pdf
002211,ST宏达,上海宏达新材料股份有限公司,陕西省白水县宏达果业有限责任公司,2023,monitor_pass,证券简称核心词出现在官方名单名称中，但当前法人全称不一致,待人工核实母集团/子公司/更名/无关同名；不得直接赋值,0,https://www.szse.cn/api/report/index/companyGeneralization?secCode=002211,https://www.moa.gov.cn/nybgb/2023/202306/202307/P020230719348171286633.pdf
002216,三全食品,三全食品股份有限公司,九三食品股份有限公司,2021,recognition,剔除常见公司后缀后的名称相似度=0.750，但当前法人全称不一致,待人工核实母集团/子公司/更名/无关同名；不得直接赋值,0,https://www.szse.cn/api/report/index/companyGeneralization?secCode=002216,https://xccys.moa.gov.cn/gzdt/202201/t20220113_6386872.htm
002234,民和股份,山东民和牧业股份有限公司,山东人和集团有限公司,2020,replacement,剔除常见公司后缀后的名称相似度=0.600，但当前法人全称不一致,待人工核实母集团/子公司/更名/无关同名；不得直接赋值,0,https://www.szse.cn/api/report/index/companyGeneralization?secCode=002234,https://www.moa.gov.cn/nybgb/2020/202012/202102/P020210201587636946140.pdf
002234,民和股份,山东民和牧业股份有限公司,山东新和盛农牧集团有限公司,2020,monitor_pass,剔除常见公司后缀后的名称相似度=0.615，但当前法人全称不一致,待人工核实母集团/子公司/更名/无关同名；不得直接赋值,0,https://www.szse.cn/api/report/index/companyGeneralization?secCode=002234,https://www.moa.gov.cn/nybgb/2020/202012/202102/P020210201587636946140.pdf
002234,民和股份,山东民和牧业股份有限公司,山东人和集团有限公司,2023,monitor_pass,剔除常见公司后缀后的名称相似度=0.600，但当前法人全称不一致,待人工核实母集团/子公司/更名/无关同名；不得直接赋值,0,https://www.szse.cn/api/report/index/companyGeneralization?secCode=002234,https://www.moa.gov.cn/nybgb/2023/202306/202307/P020230719348171286633.pdf
002234,民和股份,山东民和牧业股份有限公司,山东种业集团有限公司,2023,replacement,剔除常见公司后缀后的名称相似度=0.600，但当前法人全称不一致,待人工核实母集团/子公司/更名/无关同名；不得直接赋值,0,https://www.szse.cn/api/report/index/companyGeneralization?secCode=002234,https://www.moa.gov.cn/nybgb/2023/202306/202307/P020230719348171286633.pdf
002299,圣农发展,福建圣农发展股份有限公司,福建省圣农实业有限公司,2014,monitor_pass,剔除常见公司后缀后的名称相似度=0.615，但当前法人全称不一致,待人工核实母集团/子公司/更名/无关同名；不得直接赋值,0,https://www.szse.cn/api/report/index/companyGeneralization?secCode=002299,https://www.moa.gov.cn/nybgb/2014/shi/201712/P020180104776701107212.pdf
002299,圣农发展,福建圣农发展股份有限公司,福建圣农控股集团有限公司,2018,monitor_pass,剔除常见公司后缀后的名称相似度=0.667，但当前法人全称不一致,待人工核实母集团/子公司/更名/无关同名；不得直接赋值,0,https://www.szse.cn/api/report/index/companyGeneralization?secCode=002299,https://xccys.moa.gov.cn/gzdt/201812/t20181205_6314544.htm
002299,圣农发展,福建圣农发展股份有限公司,福建圣农控股集团有限公司,2020,monitor_pass,剔除常见公司后缀后的名称相似度=0.667，但当前法人全称不一致,待人工核实母集团/子公司/更名/无关同名；不得直接赋值,0,https://www.szse.cn/api/report/index/companyGeneralization?secCode=002299,https://www.moa.gov.cn/nybgb/2020/202012/202102/P020210201587636946140.pdf
002299,圣农发展,福建圣农发展股份有限公司,福建圣农控股集团有限公司,2023,monitor_pass,剔除常见公司后缀后的名称相似度=0.667，但当前法人全称不一致,待人工核实母集团/子公司/更名/无关同名；不得直接赋值,0,https://www.szse.cn/api/report/index/companyGeneralization?secCode=002299,https://www.moa.gov.cn/nybgb/2023/202306/202307/P020230719348171286633.pdf
002299,圣农发展,福建圣农发展股份有限公司,福建省喜浪农业科技发展有限公司,2023,replacement,剔除常见公司后缀后的名称相似度=0.588，但当前法人全称不一致,待人工核实母集团/子公司/更名/无关同名；不得直接赋值,0,https://www.szse.cn/api/report/index/companyGeneralization?secCode=002299,https://www.moa.gov.cn/nybgb/2023/202306/202307/P020230719348171286633.pdf
002321,华英农业,河南华英农业发展股份有限公司,华斯农业开发股份有限公司,2014,monitor_pass,剔除常见公司后缀后的名称相似度=0.571，但当前法人全称不一致,待人工核实母集团/子公司/更名/无关同名；不得直接赋值,0,https://www.szse.cn/api/report/index/companyGeneralization?secCode=002321,https://www.moa.gov.cn/nybgb/2014/shi/201712/P020180104776701107212.pdf
002321,华英农业,河南华英农业发展股份有限公司,河南天和农业发展有限公司,2014,monitor_pass,剔除常见公司后缀后的名称相似度=0.750，但当前法人全称不一致,待人工核实母集团/子公司/更名/无关同名；不得直接赋值,0,https://www.szse.cn/api/report/index/companyGeneralization?secCode=002321,https://www.moa.gov.cn/nybgb/2014/shi/201712/P020180104776701107212.pdf
002321,华英农业,河南华英农业发展股份有限公司,河南飞天农业开发股份有限公司,2014,monitor_pass,剔除常见公司后缀后的名称相似度=0.625，但当前法人全称不一致,待人工核实母集团/子公司/更名/无关同名；不得直接赋值,0,https://www.szse.cn/api/report/index/companyGeneralization?secCode=002321,https://www.moa.gov.cn/nybgb/2014/shi/201712/P020180104776701107212.pdf
002321,华英农业,河南华英农业发展股份有限公司,河南飞天农业开发股份有限公司,2018,monitor_pass,剔除常见公司后缀后的名称相似度=0.625，但当前法人全称不一致,待人工核实母集团/子公司/更名/无关同名；不得直接赋值,0,https://www.szse.cn/api/report/index/companyGeneralization?secCode=002321,https://xccys.moa.gov.cn/gzdt/201812/t20181205_6314544.htm
002321,华英农业,河南华英农业发展股份有限公司,河南飞天农业开发股份有限公司,2020,monitor_pass,剔除常见公司后缀后的名称相似度=0.625，但当前法人全称不一致,待人工核实母集团/子公司/更名/无关同名；不得直接赋值,0,https://www.szse.cn/api/report/index/companyGeneralization?secCode=002321,https://www.moa.gov.cn/nybgb/2020/202012/202102/P020210201587636946140.pdf
002321,华英农业,河南华英农业发展股份有限公司,河南金沃野农业发展有限公司,2021,recognition,剔除常见公司后缀后的名称相似度=0.706，但当前法人全称不一致,待人工核实母集团/子公司/更名/无关同名；不得直接赋值,0,https://www.szse.cn/api/report/index/companyGeneralization?secCode=002321,https://xccys.moa.gov.cn/gzdt/202201/t20220113_6386872.htm
002321,华英农业,河南华英农业发展股份有限公司,河南省农都农业发展有限公司,2023,replacement,剔除常见公司后缀后的名称相似度=0.706，但当前法人全称不一致,待人工核实母集团/子公司/更名/无关同名；不得直接赋值,0,https://www.szse.cn/api/report/index/companyGeneralization?secCode=002321,https://www.moa.gov.cn/nybgb/2023/202306/202307/P020230719348171286633.pdf
002321,华英农业,河南华英农业发展股份有限公司,海南高明农业发展有限公司,2023,replacement,剔除常见公司后缀后的名称相似度=0.625，但当前法人全称不一致,待人工核实母集团/子公司/更名/无关同名；不得直接赋值,0,https://www.szse.cn/api/report/index/companyGeneralization?secCode=002321,https://www.moa.gov.cn/nybgb/2023/202306/202307/P020230719348171286633.pdf
002330,得利斯,山东得利斯食品股份有限公司,得利斯集团有限公司,2014,monitor_pass,证券简称核心词出现在官方名单名称中，但当前法人全称不一致,待人工核实母集团/子公司/更名/无关同名；不得直接赋值,0,https://www.szse.cn/api/report/index/companyGeneralization?secCode=002330,https://www.moa.gov.cn/nybgb/2014/shi/201712/P020180104776701107212.pdf
002330,得利斯,山东得利斯食品股份有限公司,得利斯集团有限公司,2018,monitor_pass,证券简称核心词出现在官方名单名称中，但当前法人全称不一致,待人工核实母集团/子公司/更名/无关同名；不得直接赋值,0,https://www.szse.cn/api/report/index/companyGeneralization?secCode=002330,https://xccys.moa.gov.cn/gzdt/201812/t20181205_6314544.htm
002330,得利斯,山东得利斯食品股份有限公司,得利斯集团有限公司,2020,monitor_pass,证券简称核心词出现在官方名单名称中，但当前法人全称不一致,待人工核实母集团/子公司/更名/无关同名；不得直接赋值,0,https://www.szse.cn/api/report/index/companyGeneralization?secCode=002330,https://www.moa.gov.cn/nybgb/2020/202012/202102/P020210201587636946140.pdf
002330,得利斯,山东得利斯食品股份有限公司,山东利生食品集团有限公司,2023,replacement,剔除常见公司后缀后的名称相似度=0.769，但当前法人全称不一致,待人工核实母集团/子公司/更名/无关同名；不得直接赋值,0,https://www.szse.cn/api/report/index/companyGeneralization?secCode=002330,https://www.moa.gov.cn/nybgb/2023/202306/202307/P020230719348171286633.pdf
002330,得利斯,山东得利斯食品股份有限公司,得利斯集团有限公司,2023,monitor_pass,证券简称核心词出现在官方名单名称中，但当前法人全称不一致,待人工核实母集团/子公司/更名/无关同名；不得直接赋值,0,https://www.szse.cn/api/report/index/companyGeneralization?secCode=002330,https://www.moa.gov.cn/nybgb/2023/202306/202307/P020230719348171286633.pdf
002385,大北农,北京大北农科技集团股份有限公司,宁夏大北农科技实业有限公司,2014,monitor_pass,证券简称核心词出现在官方名单名称中，但当前法人全称不一致,待人工核实母集团/子公司/更名/无关同名；不得直接赋值,0,https://www.szse.cn/api/report/index/companyGeneralization?secCode=002385,https://www.moa.gov.cn/nybgb/2014/shi/201712/P020180104776701107212.pdf
002385,大北农,北京大北农科技集团股份有限公司,新乡市大北农农牧有限责任公司,2016,replacement,证券简称核心词出现在官方名单名称中，但当前法人全称不一致,待人工核实母集团/子公司/更名/无关同名；不得直接赋值,0,https://www.szse.cn/api/report/index/companyGeneralization?secCode=002385,https://www.moa.gov.cn/nybgb/2016/shiyiqi/201712/P020180624662692968052.pdf
002385,大北农,北京大北农科技集团股份有限公司,宁夏大北农科技实业有限公司,2018,monitor_pass,证券简称核心词出现在官方名单名称中，但当前法人全称不一致,待人工核实母集团/子公司/更名/无关同名；不得直接赋值,0,https://www.szse.cn/api/report/index/companyGeneralization?secCode=002385,https://xccys.moa.gov.cn/gzdt/201812/t20181205_6314544.htm
002385,大北农,北京大北农科技集团股份有限公司,新乡市大北农农牧有限责任公司,2018,monitor_pass,证券简称核心词出现在官方名单名称中，但当前法人全称不一致,待人工核实母集团/子公司/更名/无关同名；不得直接赋值,0,https://www.szse.cn/api/report/index/companyGeneralization?secCode=002385,https://xccys.moa.gov.cn/gzdt/201812/t20181205_6314544.htm
002385,大北农,北京大北农科技集团股份有限公司,宁夏大北农科技实业有限公司,2020,monitor_pass,证券简称核心词出现在官方名单名称中，但当前法人全称不一致,待人工核实母集团/子公司/更名/无关同名；不得直接赋值,0,https://www.szse.cn/api/report/index/companyGeneralization?secCode=002385,https://www.moa.gov.cn/nybgb/2020/202012/202102/P020210201587636946140.pdf
002385,大北农,北京大北农科技集团股份有限公司,新乡市大北农农牧有限责任公司,2020,monitor_pass,证券简称核心词出现在官方名单名称中，但当前法人全称不一致,待人工核实母集团/子公司/更名/无关同名；不得直接赋值,0,https://www.szse.cn/api/report/index/companyGeneralization?secCode=002385,https://www.moa.gov.cn/nybgb/2020/202012/202102/P020210201587636946140.pdf
002385,大北农,北京大北农科技集团股份有限公司,宁夏大北农科技实业有限公司,2023,monitor_pass,证券简称核心词出现在官方名单名称中，但当前法人全称不一致,待人工核实母集团/子公司/更名/无关同名；不得直接赋值,0,https://www.szse.cn/api/report/index/companyGeneralization?secCode=002385,https://www.moa.gov.cn/nybgb/2023/202306/202307/P020230719348171286633.pdf
002385,大北农,北京大北农科技集团股份有限公司,新乡市大北农农牧有限责任公司,2023,monitor_pass,证券简称核心词出现在官方名单名称中，但当前法人全称不一致,待人工核实母集团/子公司/更名/无关同名；不得直接赋值,0,https://www.szse.cn/api/report/index/companyGeneralization?secCode=002385,https://www.moa.gov.cn/nybgb/2023/202306/202307/P020230719348171286633.pdf
002431,ST棕榈,棕榈生态城镇发展股份有限公司,棕榈园林股份有限公司,2014,monitor_pass,证券简称核心词出现在官方名单名称中，但当前法人全称不一致,待人工核实母集团/子公司/更名/无关同名；不得直接赋值,0,https://www.szse.cn/api/report/index/companyGeneralization?secCode=002431,https://www.moa.gov.cn/nybgb/2014/shi/201712/P020180104776701107212.pdf
002501,*ST利源,吉林利源精制股份有限公司,阳信亿利源清真肉类有限公司,2021,recognition,证券简称核心词出现在官方名单名称中，但当前法人全称不一致,待人工核实母集团/子公司/更名/无关同名；不得直接赋值,0,https://www.szse.cn/api/report/index/companyGeneralization?secCode=002501,https://xccys.moa.gov.cn/gzdt/202201/t20220113_6386872.htm
002515,金字火腿,金字火腿股份有限公司,金华金字火腿有限公司,2021,recognition,证券简称核心词出现在官方名单名称中，但当前法人全称不一致,待人工核实母集团/子公司/更名/无关同名；不得直接赋值,0,https://www.szse.cn/api/report/index/companyGeneralization?secCode=002515,https://xccys.moa.gov.cn/gzdt/202201/t20220113_6386872.htm
002567,唐人神,唐人神集团股份有限公司,辽宁唐人神曙光农牧集团有限公司,2014,monitor_pass,证券简称核心词出现在官方名单名称中，但当前法人全称不一致,待人工核实母集团/子公司/更名/无关同名；不得直接赋值,0,https://www.szse.cn/api/report/index/companyGeneralization?secCode=002567,https://www.moa.gov.cn/nybgb/2014/shi/201712/P020180104776701107212.pdf
002570,贝因美,贝因美股份有限公司,黑龙江贝因美乳业有限公司,2020,replacement,证券简称核心词出现在官方名单名称中，但当前法人全称不一致,待人工核实母集团/子公司/更名/无关同名；不得直接赋值,0,https://www.szse.cn/api/report/index/companyGeneralization?secCode=002570,https://www.moa.gov.cn/nybgb/2020/202012/202102/P020210201587636946140.pdf
002570,贝因美,贝因美股份有限公司,黑龙江贝因美乳业有限公司,2023,monitor_pass,证券简称核心词出现在官方名单名称中，但当前法人全称不一致,待人工核实母集团/子公司/更名/无关同名；不得直接赋值,0,https://www.szse.cn/api/report/index/companyGeneralization?secCode=002570,https://www.moa.gov.cn/nybgb/2023/202306/202307/P020230719348171286633.pdf
002582,好想你,好想你健康食品股份有限公司,好想你枣业股份有限公司,2014,monitor_pass,证券简称核心词出现在官方名单名称中，但当前法人全称不一致,待人工核实母集团/子公司/更名/无关同名；不得直接赋值,0,https://www.szse.cn/api/report/index/companyGeneralization?secCode=002582,https://www.moa.gov.cn/nybgb/2014/shi/201712/P020180104776701107212.pdf
002630,*ST华西,华西能源工业股份有限公司,陕西华西牧业有限责任公司,2021,recognition,证券简称核心词出现在官方名单名称中，但当前法人全称不一致,待人工核实母集团/子公司/更名/无关同名；不得直接赋值,0,https://www.szse.cn/api/report/index/companyGeneralization?secCode=002630,https://xccys.moa.gov.cn/gzdt/202201/t20220113_6386872.htm
002679,福建金森,福建金森林业股份有限公司,福建省永安林业（集团）股份有限公司,2014,monitor_pass,剔除常见公司后缀后的名称相似度=0.615，但当前法人全称不一致,待人工核实母集团/子公司/更名/无关同名；不得直接赋值,0,https://www.szse.cn/api/report/index/companyGeneralization?secCode=002679,https://www.moa.gov.cn/nybgb/2014/shi/201712/P020180104776701107212.pdf
002679,福建金森,福建金森林业股份有限公司,福建省永安林业（集团）股份有限公司,2018,monitor_pass,剔除常见公司后缀后的名称相似度=0.615，但当前法人全称不一致,待人工核实母集团/子公司/更名/无关同名；不得直接赋值,0,https://www.szse.cn/api/report/index/companyGeneralization?secCode=002679,https://xccys.moa.gov.cn/gzdt/201812/t20181205_6314544.htm
002695,煌上煌,江西煌上煌集团食品股份有限公司,煌上煌集团有限公司,2014,monitor_pass,证券简称核心词出现在官方名单名称中，但当前法人全称不一致,待人工核实母集团/子公司/更名/无关同名；不得直接赋值,0,https://www.szse.cn/api/report/index/companyGeneralization?secCode=002695,https://www.moa.gov.cn/nybgb/2014/shi/201712/P020180104776701107212.pdf
002695,煌上煌,江西煌上煌集团食品股份有限公司,煌上煌集团有限公司,2018,monitor_pass,证券简称核心词出现在官方名单名称中，但当前法人全称不一致,待人工核实母集团/子公司/更名/无关同名；不得直接赋值,0,https://www.szse.cn/api/report/index/companyGeneralization?secCode=002695,https://xccys.moa.gov.cn/gzdt/201812/t20181205_6314544.htm
002695,煌上煌,江西煌上煌集团食品股份有限公司,煌上煌集团有限公司,2020,monitor_pass,证券简称核心词出现在官方名单名称中，但当前法人全称不一致,待人工核实母集团/子公司/更名/无关同名；不得直接赋值,0,https://www.szse.cn/api/report/index/companyGeneralization?secCode=002695,https://www.moa.gov.cn/nybgb/2020/202012/202102/P020210201587636946140.pdf
002695,煌上煌,江西煌上煌集团食品股份有限公司,煌上煌集团有限公司,2023,monitor_pass,证券简称核心词出现在官方名单名称中，但当前法人全称不一致,待人工核实母集团/子公司/更名/无关同名；不得直接赋值,0,https://www.szse.cn/api/report/index/companyGeneralization?secCode=002695,https://www.moa.gov.cn/nybgb/2023/202306/202307/P020230719348171286633.pdf
002696,百洋股份,百洋产业投资集团股份有限公司,百洋水产集团股份有限公司,2014,monitor_pass,剔除常见公司后缀后的名称相似度=0.600，但当前法人全称不一致,待人工核实母集团/子公司/更名/无关同名；不得直接赋值,0,https://www.szse.cn/api/report/index/companyGeneralization?secCode=002696,https://www.moa.gov.cn/nybgb/2014/shi/201712/P020180104776701107212.pdf
002696,百洋股份,百洋产业投资集团股份有限公司,西藏农牧产业投资集团有限公司,2019,recognition,剔除常见公司后缀后的名称相似度=0.571，但当前法人全称不一致,待人工核实母集团/子公司/更名/无关同名；不得直接赋值,0,https://www.szse.cn/api/report/index/companyGeneralization?secCode=002696,https://www.moa.gov.cn/nybgb/2019/201912/202004/P020200410023357640054.pdf
002696,百洋股份,百洋产业投资集团股份有限公司,西藏农牧产业投资集团有限公司,2023,monitor_pass,剔除常见公司后缀后的名称相似度=0.571，但当前法人全称不一致,待人工核实母集团/子公司/更名/无关同名；不得直接赋值,0,https://www.szse.cn/api/report/index/companyGeneralization?secCode=002696,https://www.moa.gov.cn/nybgb/2023/202306/202307/P020230719348171286633.pdf
002702,海欣食品,海欣食品股份有限公司,海通食品集团有限公司,2014,monitor_pass,剔除常见公司后缀后的名称相似度=0.750，但当前法人全称不一致,待人工核实母集团/子公司/更名/无关同名；不得直接赋值,0,https://www.szse.cn/api/report/index/companyGeneralization?secCode=002702,https://www.moa.gov.cn/nybgb/2014/shi/201712/P020180104776701107212.pdf
002702,海欣食品,海欣食品股份有限公司,海通食品集团有限公司,2018,monitor_pass,剔除常见公司后缀后的名称相似度=0.750，但当前法人全称不一致,待人工核实母集团/子公司/更名/无关同名；不得直接赋值,0,https://www.szse.cn/api/report/index/companyGeneralization?secCode=002702,https://xccys.moa.gov.cn/gzdt/201812/t20181205_6314544.htm
002702,海欣食品,海欣食品股份有限公司,海通食品集团有限公司,2020,monitor_pass,剔除常见公司后缀后的名称相似度=0.750，但当前法人全称不一致,待人工核实母集团/子公司/更名/无关同名；不得直接赋值,0,https://www.szse.cn/api/report/index/companyGeneralization?secCode=002702,https://www.moa.gov.cn/nybgb/2020/202012/202102/P020210201587636946140.pdf
002702,海欣食品,海欣食品股份有限公司,海通食品集团有限公司,2023,monitor_pass,剔除常见公司后缀后的名称相似度=0.750，但当前法人全称不一致,待人工核实母集团/子公司/更名/无关同名；不得直接赋值,0,https://www.szse.cn/api/report/index/companyGeneralization?secCode=002702,https://www.moa.gov.cn/nybgb/2023/202306/202307/P020230719348171286633.pdf
002714,牧原股份,牧原食品集团股份有限公司,牧原食品股份有限公司,2014,monitor_pass,剔除常见公司后缀后的名称相似度=1.000，但当前法人全称不一致,待人工核实母集团/子公司/更名/无关同名；不得直接赋值,0,https://www.szse.cn/api/report/index/companyGeneralization?secCode=002714,https://www.moa.gov.cn/nybgb/2014/shi/201712/P020180104776701107212.pdf
002714,牧原股份,牧原食品集团股份有限公司,牧原食品股份有限公司,2018,monitor_pass,剔除常见公司后缀后的名称相似度=1.000，但当前法人全称不一致,待人工核实母集团/子公司/更名/无关同名；不得直接赋值,0,https://www.szse.cn/api/report/index/companyGeneralization?secCode=002714,https://xccys.moa.gov.cn/gzdt/201812/t20181205_6314544.htm
002714,牧原股份,牧原食品集团股份有限公司,牧原食品股份有限公司,2020,monitor_pass,剔除常见公司后缀后的名称相似度=1.000，但当前法人全称不一致,待人工核实母集团/子公司/更名/无关同名；不得直接赋值,0,https://www.szse.cn/api/report/index/companyGeneralization?secCode=002714,https://www.moa.gov.cn/nybgb/2020/202012/202102/P020210201587636946140.pdf
002714,牧原股份,牧原食品集团股份有限公司,牧原食品股份有限公司,2023,monitor_pass,剔除常见公司后缀后的名称相似度=1.000，但当前法人全称不一致,待人工核实母集团/子公司/更名/无关同名；不得直接赋值,0,https://www.szse.cn/api/report/index/companyGeneralization?secCode=002714,https://www.moa.gov.cn/nybgb/2023/202306/202307/P020230719348171286633.pdf
002719,ST麦趣,麦趣尔集团股份有限公司,新疆麦趣尔集团有限责任公司,2014,monitor_pass,证券简称核心词出现在官方名单名称中，但当前法人全称不一致,待人工核实母集团/子公司/更名/无关同名；不得直接赋值,0,https://www.szse.cn/api/report/index/companyGeneralization?secCode=002719,https://www.moa.gov.cn/nybgb/2014/shi/201712/P020180104776701107212.pdf
002726,ST龙大,山东龙大美食股份有限公司,龙大食品集团有限公司,2014,monitor_pass,证券简称核心词出现在官方名单名称中，但当前法人全称不一致,待人工核实母集团/子公司/更名/无关同名；不得直接赋值,0,https://www.szse.cn/api/report/index/companyGeneralization?secCode=002726,https://www.moa.gov.cn/nybgb/2014/shi/201712/P020180104776701107212.pdf
002726,ST龙大,山东龙大美食股份有限公司,龙大食品集团有限公司,2018,monitor_pass,证券简称核心词出现在官方名单名称中，但当前法人全称不一致,待人工核实母集团/子公司/更名/无关同名；不得直接赋值,0,https://www.szse.cn/api/report/index/companyGeneralization?secCode=002726,https://xccys.moa.gov.cn/gzdt/201812/t20181205_6314544.htm
002726,ST龙大,山东龙大美食股份有限公司,龙大食品集团有限公司,2020,monitor_pass,证券简称核心词出现在官方名单名称中，但当前法人全称不一致,待人工核实母集团/子公司/更名/无关同名；不得直接赋值,0,https://www.szse.cn/api/report/index/companyGeneralization?secCode=002726,https://www.moa.gov.cn/nybgb/2020/202012/202102/P020210201587636946140.pdf
002726,ST龙大,山东龙大美食股份有限公司,龙大食品集团有限公司,2023,monitor_pass,证券简称核心词出现在官方名单名称中，但当前法人全称不一致,待人工核实母集团/子公司/更名/无关同名；不得直接赋值,0,https://www.szse.cn/api/report/index/companyGeneralization?secCode=002726,https://www.moa.gov.cn/nybgb/2023/202306/202307/P020230719348171286633.pdf
002746,仙坛股份,山东仙坛集团股份有限公司,山东仙坛股份有限公司,2014,monitor_pass,证券简称核心词出现在官方名单名称中，但当前法人全称不一致,待人工核实母集团/子公司/更名/无关同名；不得直接赋值,0,https://www.szse.cn/api/report/index/companyGeneralization?secCode=002746,https://www.moa.gov.cn/nybgb/2014/shi/201712/P020180104776701107212.pdf
002746,仙坛股份,山东仙坛集团股份有限公司,山东仙坛股份有限公司,2018,monitor_pass,证券简称核心词出现在官方名单名称中，但当前法人全称不一致,待人工核实母集团/子公司/更名/无关同名；不得直接赋值,0,https://www.szse.cn/api/report/index/companyGeneralization?secCode=002746,https://xccys.moa.gov.cn/gzdt/201812/t20181205_6314544.htm
002746,仙坛股份,山东仙坛集团股份有限公司,山东仙坛股份有限公司,2020,monitor_pass,证券简称核心词出现在官方名单名称中，但当前法人全称不一致,待人工核实母集团/子公司/更名/无关同名；不得直接赋值,0,https://www.szse.cn/api/report/index/companyGeneralization?secCode=002746,https://www.moa.gov.cn/nybgb/2020/202012/202102/P020210201587636946140.pdf
002746,仙坛股份,山东仙坛集团股份有限公司,山东仙坛股份有限公司,2023,monitor_pass,证券简称核心词出现在官方名单名称中，但当前法人全称不一致,待人工核实母集团/子公司/更名/无关同名；不得直接赋值,0,https://www.szse.cn/api/report/index/companyGeneralization?secCode=002746,https://www.moa.gov.cn/nybgb/2023/202306/202307/P020230719348171286633.pdf
002982,湘佳股份,湖南湘佳牧业股份有限公司,湖南湘窖酒业有限公司,2014,monitor_pass,剔除常见公司后缀后的名称相似度=0.667，但当前法人全称不一致,待人工核实母集团/子公司/更名/无关同名；不得直接赋值,0,https://www.szse.cn/api/report/index/companyGeneralization?secCode=002982,https://www.moa.gov.cn/nybgb/2014/shi/201712/P020180104776701107212.pdf
002982,湘佳股份,湖南湘佳牧业股份有限公司,湖南湘窖酒业有限公司,2018,monitor_pass,剔除常见公司后缀后的名称相似度=0.667，但当前法人全称不一致,待人工核实母集团/子公司/更名/无关同名；不得直接赋值,0,https://www.szse.cn/api/report/index/companyGeneralization?secCode=002982,https://xccys.moa.gov.cn/gzdt/201812/t20181205_6314544.htm
002982,湘佳股份,湖南湘佳牧业股份有限公司,湖南南山牧业有限公司,2019,recognition,剔除常见公司后缀后的名称相似度=0.667，但当前法人全称不一致,待人工核实母集团/子公司/更名/无关同名；不得直接赋值,0,https://www.szse.cn/api/report/index/companyGeneralization?secCode=002982,https://www.moa.gov.cn/nybgb/2019/201912/202004/P020200410023357640054.pdf
002982,湘佳股份,湖南湘佳牧业股份有限公司,湖南湘窖酒业有限公司,2020,monitor_pass,剔除常见公司后缀后的名称相似度=0.667，但当前法人全称不一致,待人工核实母集团/子公司/更名/无关同名；不得直接赋值,0,https://www.szse.cn/api/report/index/companyGeneralization?secCode=002982,https://www.moa.gov.cn/nybgb/2020/202012/202102/P020210201587636946140.pdf
002982,湘佳股份,湖南湘佳牧业股份有限公司,湖南德农牧业集团有限公司,2021,recognition,剔除常见公司后缀后的名称相似度=0.667，但当前法人全称不一致,待人工核实母集团/子公司/更名/无关同名；不得直接赋值,0,https://www.szse.cn/api/report/index/companyGeneralization?secCode=002982,https://xccys.moa.gov.cn/gzdt/202201/t20220113_6386872.htm
002982,湘佳股份,湖南湘佳牧业股份有限公司,湖南湘纯农业科技有限公司,2021,recognition,剔除常见公司后缀后的名称相似度=0.571，但当前法人全称不一致,待人工核实母集团/子公司/更名/无关同名；不得直接赋值,0,https://www.szse.cn/api/report/index/companyGeneralization?secCode=002982,https://xccys.moa.gov.cn/gzdt/202201/t20220113_6386872.htm
002982,湘佳股份,湖南湘佳牧业股份有限公司,湖南南山牧业有限公司,2023,monitor_pass,剔除常见公司后缀后的名称相似度=0.667，但当前法人全称不一致,待人工核实母集团/子公司/更名/无关同名；不得直接赋值,0,https://www.szse.cn/api/report/index/companyGeneralization?secCode=002982,https://www.moa.gov.cn/nybgb/2023/202306/202307/P020230719348171286633.pdf
002982,湘佳股份,湖南湘佳牧业股份有限公司,湖南湘窖酒业有限公司,2023,monitor_pass,剔除常见公司后缀后的名称相似度=0.667，但当前法人全称不一致,待人工核实母集团/子公司/更名/无关同名；不得直接赋值,0,https://www.szse.cn/api/report/index/companyGeneralization?secCode=002982,https://www.moa.gov.cn/nybgb/2023/202306/202307/P020230719348171286633.pdf
002991,甘源食品,甘源食品股份有限公司,广源食品股份有限公司,2014,monitor_pass,剔除常见公司后缀后的名称相似度=0.750，但当前法人全称不一致,待人工核实母集团/子公司/更名/无关同名；不得直接赋值,0,https://www.szse.cn/api/report/index/companyGeneralization?secCode=002991,https://www.moa.gov.cn/nybgb/2014/shi/201712/P020180104776701107212.pdf
300094,国联水产,湛江国联水产开发股份有限公司,湛江港洋水产有限公司,2019,recognition,剔除常见公司后缀后的名称相似度=0.571，但当前法人全称不一致,待人工核实母集团/子公司/更名/无关同名；不得直接赋值,0,https://www.szse.cn/api/report/index/companyGeneralization?secCode=300094,https://www.moa.gov.cn/nybgb/2019/201912/202004/P020200410023357640054.pdf
300094,国联水产,湛江国联水产开发股份有限公司,湛江港洋水产有限公司,2023,monitor_pass,剔除常见公司后缀后的名称相似度=0.571，但当前法人全称不一致,待人工核实母集团/子公司/更名/无关同名；不得直接赋值,0,https://www.szse.cn/api/report/index/companyGeneralization?secCode=300094,https://www.moa.gov.cn/nybgb/2023/202306/202307/P020230719348171286633.pdf
300106,西部牧业,新疆西部牧业股份有限公司,新疆果业集团有限公司,2014,monitor_pass,剔除常见公司后缀后的名称相似度=0.600，但当前法人全称不一致,待人工核实母集团/子公司/更名/无关同名；不得直接赋值,0,https://www.szse.cn/api/report/index/companyGeneralization?secCode=300106,https://www.moa.gov.cn/nybgb/2014/shi/201712/P020180104776701107212.pdf
300106,西部牧业,新疆西部牧业股份有限公司,新疆西域种业股份有限公司,2014,monitor_pass,剔除常见公司后缀后的名称相似度=0.667，但当前法人全称不一致,待人工核实母集团/子公司/更名/无关同名；不得直接赋值,0,https://www.szse.cn/api/report/index/companyGeneralization?secCode=300106,https://www.moa.gov.cn/nybgb/2014/shi/201712/P020180104776701107212.pdf
300106,西部牧业,新疆西部牧业股份有限公司,新疆果业集团有限公司,2018,monitor_pass,剔除常见公司后缀后的名称相似度=0.600，但当前法人全称不一致,待人工核实母集团/子公司/更名/无关同名；不得直接赋值,0,https://www.szse.cn/api/report/index/companyGeneralization?secCode=300106,https://xccys.moa.gov.cn/gzdt/201812/t20181205_6314544.htm
300106,西部牧业,新疆西部牧业股份有限公司,新疆天莱牧业集团有限责任公司,2020,monitor_pass,剔除常见公司后缀后的名称相似度=0.667，但当前法人全称不一致,待人工核实母集团/子公司/更名/无关同名；不得直接赋值,0,https://www.szse.cn/api/report/index/companyGeneralization?secCode=300106,https://www.moa.gov.cn/nybgb/2020/202012/202102/P020210201587636946140.pdf
300106,西部牧业,新疆西部牧业股份有限公司,新疆果业集团有限公司,2020,monitor_pass,剔除常见公司后缀后的名称相似度=0.600，但当前法人全称不一致,待人工核实母集团/子公司/更名/无关同名；不得直接赋值,0,https://www.szse.cn/api/report/index/companyGeneralization?secCode=300106,https://www.moa.gov.cn/nybgb/2020/202012/202102/P020210201587636946140.pdf
300106,西部牧业,新疆西部牧业股份有限公司,新疆西部银力棉业（集团）有限责任公司,2020,monitor_pass,剔除常见公司后缀后的名称相似度=0.714，但当前法人全称不一致,待人工核实母集团/子公司/更名/无关同名；不得直接赋值,0,https://www.szse.cn/api/report/index/companyGeneralization?secCode=300106,https://www.moa.gov.cn/nybgb/2020/202012/202102/P020210201587636946140.pdf
300106,西部牧业,新疆西部牧业股份有限公司,新疆天莱牧业集团有限责任公司,2023,monitor_pass,剔除常见公司后缀后的名称相似度=0.667，但当前法人全称不一致,待人工核实母集团/子公司/更名/无关同名；不得直接赋值,0,https://www.szse.cn/api/report/index/companyGeneralization?secCode=300106,https://www.moa.gov.cn/nybgb/2023/202306/202307/P020230719348171286633.pdf
300106,西部牧业,新疆西部牧业股份有限公司,新疆西部银力棉业（集团）有限责任公司,2023,monitor_pass,剔除常见公司后缀后的名称相似度=0.714，但当前法人全称不一致,待人工核实母集团/子公司/更名/无关同名；不得直接赋值,0,https://www.szse.cn/api/report/index/companyGeneralization?secCode=300106,https://www.moa.gov.cn/nybgb/2023/202306/202307/P020230719348171286633.pdf
300119,瑞普生物,瑞普生物股份有限公司,天津瑞普生物技术股份有限公司,2021,recognition,证券简称核心词出现在官方名单名称中，但当前法人全称不一致,待人工核实母集团/子公司/更名/无关同名；不得直接赋值,0,https://www.szse.cn/api/report/index/companyGeneralization?secCode=300119,https://xccys.moa.gov.cn/gzdt/202201/t20220113_6386872.htm
300138,晨光生物,晨光生物科技集团股份有限公司,晨光生物科技集团腾冲有限公司,2021,recognition,证券简称核心词出现在官方名单名称中，但当前法人全称不一致,待人工核实母集团/子公司/更名/无关同名；不得直接赋值,0,https://www.szse.cn/api/report/index/companyGeneralization?secCode=300138,https://xccys.moa.gov.cn/gzdt/202201/t20220113_6386872.htm
300138,晨光生物,晨光生物科技集团股份有限公司,晨光生物科技集团莎车有限公司,2021,recognition,证券简称核心词出现在官方名单名称中，但当前法人全称不一致,待人工核实母集团/子公司/更名/无关同名；不得直接赋值,0,https://www.szse.cn/api/report/index/companyGeneralization?secCode=300138,https://xccys.moa.gov.cn/gzdt/202201/t20220113_6386872.htm
300143,盈康生命,盈康生命科技股份有限公司,青海康普生物科技股份有限公司,2014,monitor_pass,剔除常见公司后缀后的名称相似度=0.571，但当前法人全称不一致,待人工核实母集团/子公司/更名/无关同名；不得直接赋值,0,https://www.szse.cn/api/report/index/companyGeneralization?secCode=300143,https://www.moa.gov.cn/nybgb/2014/shi/201712/P020180104776701107212.pdf
300143,盈康生命,盈康生命科技股份有限公司,青海康普生物科技股份有限公司,2018,monitor_pass,剔除常见公司后缀后的名称相似度=0.571，但当前法人全称不一致,待人工核实母集团/子公司/更名/无关同名；不得直接赋值,0,https://www.szse.cn/api/report/index/companyGeneralization?secCode=300143,https://xccys.moa.gov.cn/gzdt/201812/t20181205_6314544.htm
300143,盈康生命,盈康生命科技股份有限公司,辽宁全康生物科技集团有限责任公司,2019,recognition,剔除常见公司后缀后的名称相似度=0.571，但当前法人全称不一致,待人工核实母集团/子公司/更名/无关同名；不得直接赋值,0,https://www.szse.cn/api/report/index/companyGeneralization?secCode=300143,https://www.moa.gov.cn/nybgb/2019/201912/202004/P020200410023357640054.pdf
300143,盈康生命,盈康生命科技股份有限公司,通化康元生物科技有限公司,2020,monitor_pass,剔除常见公司后缀后的名称相似度=0.571，但当前法人全称不一致,待人工核实母集团/子公司/更名/无关同名；不得直接赋值,0,https://www.szse.cn/api/report/index/companyGeneralization?secCode=300143,https://www.moa.gov.cn/nybgb/2020/202012/202102/P020210201587636946140.pdf
300143,盈康生命,盈康生命科技股份有限公司,青海康普生物科技股份有限公司,2020,monitor_pass,剔除常见公司后缀后的名称相似度=0.571，但当前法人全称不一致,待人工核实母集团/子公司/更名/无关同名；不得直接赋值,0,https://www.szse.cn/api/report/index/companyGeneralization?secCode=300143,https://www.moa.gov.cn/nybgb/2020/202012/202102/P020210201587636946140.pdf
300143,盈康生命,盈康生命科技股份有限公司,通化康元生物科技有限公司,2023,monitor_pass,剔除常见公司后缀后的名称相似度=0.571，但当前法人全称不一致,待人工核实母集团/子公司/更名/无关同名；不得直接赋值,0,https://www.szse.cn/api/report/index/companyGeneralization?secCode=300143,https://www.moa.gov.cn/nybgb/2023/202306/202307/P020230719348171286633.pdf
300143,盈康生命,盈康生命科技股份有限公司,青海康普生物科技股份有限公司,2023,monitor_pass,剔除常见公司后缀后的名称相似度=0.571，但当前法人全称不一致,待人工核实母集团/子公司/更名/无关同名；不得直接赋值,0,https://www.szse.cn/api/report/index/companyGeneralization?secCode=300143,https://www.moa.gov.cn/nybgb/2023/202306/202307/P020230719348171286633.pdf
300189,神农种业,海南神农种业科技股份有限公司,河南滑丰种业科技有限公司,2014,monitor_pass,剔除常见公司后缀后的名称相似度=0.625，但当前法人全称不一致,待人工核实母集团/子公司/更名/无关同名；不得直接赋值,0,https://www.szse.cn/api/report/index/companyGeneralization?secCode=300189,https://www.moa.gov.cn/nybgb/2014/shi/201712/P020180104776701107212.pdf
300189,神农种业,海南神农种业科技股份有限公司,海南神农大丰种业科技股份有限公司,2014,monitor_pass,剔除常见公司后缀后的名称相似度=0.889，但当前法人全称不一致,待人工核实母集团/子公司/更名/无关同名；不得直接赋值,0,https://www.szse.cn/api/report/index/companyGeneralization?secCode=300189,https://www.moa.gov.cn/nybgb/2014/shi/201712/P020180104776701107212.pdf
300189,神农种业,海南神农种业科技股份有限公司,河南滑丰种业科技有限公司,2018,monitor_pass,剔除常见公司后缀后的名称相似度=0.625，但当前法人全称不一致,待人工核实母集团/子公司/更名/无关同名；不得直接赋值,0,https://www.szse.cn/api/report/index/companyGeneralization?secCode=300189,https://xccys.moa.gov.cn/gzdt/201812/t20181205_6314544.htm
300189,神农种业,海南神农种业科技股份有限公司,海南神农基因科技股份有限公司,2018,monitor_pass,剔除常见公司后缀后的名称相似度=0.750，但当前法人全称不一致,待人工核实母集团/子公司/更名/无关同名；不得直接赋值,0,https://www.szse.cn/api/report/index/companyGeneralization?secCode=300189,https://xccys.moa.gov.cn/gzdt/201812/t20181205_6314544.htm
300189,神农种业,海南神农种业科技股份有限公司,海南神农科技股份有限公司,2020,monitor_pass,剔除常见公司后缀后的名称相似度=0.857，但当前法人全称不一致,待人工核实母集团/子公司/更名/无关同名；不得直接赋值,0,https://www.szse.cn/api/report/index/companyGeneralization?secCode=300189,https://www.moa.gov.cn/nybgb/2020/202012/202102/P020210201587636946140.pdf
300189,神农种业,海南神农种业科技股份有限公司,江苏神农大丰种业科技有限公司,2023,replacement,剔除常见公司后缀后的名称相似度=0.667，但当前法人全称不一致,待人工核实母集团/子公司/更名/无关同名；不得直接赋值,0,https://www.szse.cn/api/report/index/companyGeneralization?secCode=300189,https://www.moa.gov.cn/nybgb/2023/202306/202307/P020230719348171286633.pdf
300189,神农种业,海南神农种业科技股份有限公司,海南神农科技股份有限公司,2023,monitor_pass,剔除常见公司后缀后的名称相似度=0.857，但当前法人全称不一致,待人工核实母集团/子公司/更名/无关同名；不得直接赋值,0,https://www.szse.cn/api/report/index/companyGeneralization?secCode=300189,https://www.moa.gov.cn/nybgb/2023/202306/202307/P020230719348171286633.pdf
300189,神农种业,海南神农种业科技股份有限公司,神农科技集团有限公司,2023,replacement,剔除常见公司后缀后的名称相似度=0.667，但当前法人全称不一致,待人工核实母集团/子公司/更名/无关同名；不得直接赋值,0,https://www.szse.cn/api/report/index/companyGeneralization?secCode=300189,https://www.moa.gov.cn/nybgb/2023/202306/202307/P020230719348171286633.pdf
300313,天山生物,新疆天山畜牧生物工程股份有限公司,新疆天康畜牧生物技术股份有限公司,2014,monitor_pass,剔除常见公司后缀后的名称相似度=0.700，但当前法人全称不一致,待人工核实母集团/子公司/更名/无关同名；不得直接赋值,0,https://www.szse.cn/api/report/index/companyGeneralization?secCode=300313,https://www.moa.gov.cn/nybgb/2014/shi/201712/P020180104776701107212.pdf
300313,天山生物,新疆天山畜牧生物工程股份有限公司,新疆天玉生物科技有限公司,2014,monitor_pass,剔除常见公司后缀后的名称相似度=0.556，但当前法人全称不一致,待人工核实母集团/子公司/更名/无关同名；不得直接赋值,0,https://www.szse.cn/api/report/index/companyGeneralization?secCode=300313,https://www.moa.gov.cn/nybgb/2014/shi/201712/P020180104776701107212.pdf
300313,天山生物,新疆天山畜牧生物工程股份有限公司,新疆昆天生物科技集团股份有限公司,2019,recognition,剔除常见公司后缀后的名称相似度=0.556，但当前法人全称不一致,待人工核实母集团/子公司/更名/无关同名；不得直接赋值,0,https://www.szse.cn/api/report/index/companyGeneralization?secCode=300313,https://www.moa.gov.cn/nybgb/2019/201912/202004/P020200410023357640054.pdf
300313,天山生物,新疆天山畜牧生物工程股份有限公司,生源（天津）生物工程有限公司,2019,recognition,剔除常见公司后缀后的名称相似度=0.556，但当前法人全称不一致,待人工核实母集团/子公司/更名/无关同名；不得直接赋值,0,https://www.szse.cn/api/report/index/companyGeneralization?secCode=300313,https://www.moa.gov.cn/nybgb/2019/201912/202004/P020200410023357640054.pdf
300313,天山生物,新疆天山畜牧生物工程股份有限公司,新疆天药生物科技有限公司,2020,monitor_pass,剔除常见公司后缀后的名称相似度=0.556，但当前法人全称不一致,待人工核实母集团/子公司/更名/无关同名；不得直接赋值,0,https://www.szse.cn/api/report/index/companyGeneralization?secCode=300313,https://www.moa.gov.cn/nybgb/2020/202012/202102/P020210201587636946140.pdf
300313,天山生物,新疆天山畜牧生物工程股份有限公司,新疆天药生物科技有限公司,2023,monitor_pass,剔除常见公司后缀后的名称相似度=0.556，但当前法人全称不一致,待人工核实母集团/子公司/更名/无关同名；不得直接赋值,0,https://www.szse.cn/api/report/index/companyGeneralization?secCode=300313,https://www.moa.gov.cn/nybgb/2023/202306/202307/P020230719348171286633.pdf
300313,天山生物,新疆天山畜牧生物工程股份有限公司,新疆昆天生物科技集团股份有限公司,2023,monitor_pass,剔除常见公司后缀后的名称相似度=0.556，但当前法人全称不一致,待人工核实母集团/子公司/更名/无关同名；不得直接赋值,0,https://www.szse.cn/api/report/index/companyGeneralization?secCode=300313,https://www.moa.gov.cn/nybgb/2023/202306/202307/P020230719348171286633.pdf
300313,天山生物,新疆天山畜牧生物工程股份有限公司,生源（天津）生物工程有限公司,2023,monitor_pass,剔除常见公司后缀后的名称相似度=0.556，但当前法人全称不一致,待人工核实母集团/子公司/更名/无关同名；不得直接赋值,0,https://www.szse.cn/api/report/index/companyGeneralization?secCode=300313,https://www.moa.gov.cn/nybgb/2023/202306/202307/P020230719348171286633.pdf
300419,ST浩丰,北京浩丰创源科技股份有限公司,青岛浩丰食品集团有限公司,2020,monitor_pass,证券简称核心词出现在官方名单名称中，但当前法人全称不一致,待人工核实母集团/子公司/更名/无关同名；不得直接赋值,0,https://www.szse.cn/api/report/index/companyGeneralization?secCode=300419,https://www.moa.gov.cn/nybgb/2020/202012/202102/P020210201587636946140.pdf
300419,ST浩丰,北京浩丰创源科技股份有限公司,凯盛浩丰农业有限公司,2023,monitor_pass,证券简称核心词出现在官方名单名称中，但当前法人全称不一致,待人工核实母集团/子公司/更名/无关同名；不得直接赋值,0,https://www.szse.cn/api/report/index/companyGeneralization?secCode=300419,https://www.moa.gov.cn/nybgb/2023/202306/202307/P020230719348171286633.pdf
300472,*ST新元,万向新元科技股份有限公司,中钢新元现代农业科技（吉林）有限公司,2021,recognition,证券简称核心词出现在官方名单名称中，但当前法人全称不一致,待人工核实母集团/子公司/更名/无关同名；不得直接赋值,0,https://www.szse.cn/api/report/index/companyGeneralization?secCode=300472,https://xccys.moa.gov.cn/gzdt/202201/t20220113_6386872.htm
300498,温氏股份,温氏食品集团股份有限公司,广东温氏食品集团股份有限公司,2014,monitor_pass,剔除常见公司后缀后的名称相似度=0.800，但当前法人全称不一致,待人工核实母集团/子公司/更名/无关同名；不得直接赋值,0,https://www.szse.cn/api/report/index/companyGeneralization?secCode=300498,https://www.moa.gov.cn/nybgb/2014/shi/201712/P020180104776701107212.pdf
300498,温氏股份,温氏食品集团股份有限公司,安徽詹氏食品股份有限公司,2016,replacement,剔除常见公司后缀后的名称相似度=0.600，但当前法人全称不一致,待人工核实母集团/子公司/更名/无关同名；不得直接赋值,0,https://www.szse.cn/api/report/index/companyGeneralization?secCode=300498,https://www.moa.gov.cn/nybgb/2016/shiyiqi/201712/P020180624662692968052.pdf
300498,温氏股份,温氏食品集团股份有限公司,安徽詹氏食品股份有限公司,2018,monitor_pass,剔除常见公司后缀后的名称相似度=0.600，但当前法人全称不一致,待人工核实母集团/子公司/更名/无关同名；不得直接赋值,0,https://www.szse.cn/api/report/index/companyGeneralization?secCode=300498,https://xccys.moa.gov.cn/gzdt/201812/t20181205_6314544.htm
300498,温氏股份,温氏食品集团股份有限公司,广东温氏食品集团股份有限公司,2018,monitor_pass,剔除常见公司后缀后的名称相似度=0.800，但当前法人全称不一致,待人工核实母集团/子公司/更名/无关同名；不得直接赋值,0,https://www.szse.cn/api/report/index/companyGeneralization?secCode=300498,https://xccys.moa.gov.cn/gzdt/201812/t20181205_6314544.htm
300498,温氏股份,温氏食品集团股份有限公司,安徽詹氏食品股份有限公司,2020,monitor_pass,剔除常见公司后缀后的名称相似度=0.600，但当前法人全称不一致,待人工核实母集团/子公司/更名/无关同名；不得直接赋值,0,https://www.szse.cn/api/report/index/companyGeneralization?secCode=300498,https://www.moa.gov.cn/nybgb/2020/202012/202102/P020210201587636946140.pdf
300498,温氏股份,温氏食品集团股份有限公司,安徽詹氏食品股份有限公司,2023,monitor_pass,剔除常见公司后缀后的名称相似度=0.600，但当前法人全称不一致,待人工核实母集团/子公司/更名/无关同名；不得直接赋值,0,https://www.szse.cn/api/report/index/companyGeneralization?secCode=300498,https://www.moa.gov.cn/nybgb/2023/202306/202307/P020230719348171286633.pdf
300511,雪榕生物,上海雪榕生物科技股份有限公司,上海大山合菌物科技股份有限公司,2014,monitor_pass,剔除常见公司后缀后的名称相似度=0.588，但当前法人全称不一致,待人工核实母集团/子公司/更名/无关同名；不得直接赋值,0,https://www.szse.cn/api/report/index/companyGeneralization?secCode=300511,https://www.moa.gov.cn/nybgb/2014/shi/201712/P020180104776701107212.pdf
300511,雪榕生物,上海雪榕生物科技股份有限公司,青海康普生物科技股份有限公司,2014,monitor_pass,剔除常见公司后缀后的名称相似度=0.625，但当前法人全称不一致,待人工核实母集团/子公司/更名/无关同名；不得直接赋值,0,https://www.szse.cn/api/report/index/companyGeneralization?secCode=300511,https://www.moa.gov.cn/nybgb/2014/shi/201712/P020180104776701107212.pdf
300511,雪榕生物,上海雪榕生物科技股份有限公司,上海大山合菌物科技股份有限公司,2018,monitor_pass,剔除常见公司后缀后的名称相似度=0.588，但当前法人全称不一致,待人工核实母集团/子公司/更名/无关同名；不得直接赋值,0,https://www.szse.cn/api/report/index/companyGeneralization?secCode=300511,https://xccys.moa.gov.cn/gzdt/201812/t20181205_6314544.htm
300511,雪榕生物,上海雪榕生物科技股份有限公司,青海康普生物科技股份有限公司,2018,monitor_pass,剔除常见公司后缀后的名称相似度=0.625，但当前法人全称不一致,待人工核实母集团/子公司/更名/无关同名；不得直接赋值,0,https://www.szse.cn/api/report/index/companyGeneralization?secCode=300511,https://xccys.moa.gov.cn/gzdt/201812/t20181205_6314544.htm
300511,雪榕生物,上海雪榕生物科技股份有限公司,上海丰科生物科技股份有限公司,2019,recognition,剔除常见公司后缀后的名称相似度=0.750，但当前法人全称不一致,待人工核实母集团/子公司/更名/无关同名；不得直接赋值,0,https://www.szse.cn/api/report/index/companyGeneralization?secCode=300511,https://www.moa.gov.cn/nybgb/2019/201912/202004/P020200410023357640054.pdf
300511,雪榕生物,上海雪榕生物科技股份有限公司,青海康普生物科技股份有限公司,2020,monitor_pass,剔除常见公司后缀后的名称相似度=0.625，但当前法人全称不一致,待人工核实母集团/子公司/更名/无关同名；不得直接赋值,0,https://www.szse.cn/api/report/index/companyGeneralization?secCode=300511,https://www.moa.gov.cn/nybgb/2020/202012/202102/P020210201587636946140.pdf
300511,雪榕生物,上海雪榕生物科技股份有限公司,上海丰科生物科技股份有限公司,2023,monitor_pass,剔除常见公司后缀后的名称相似度=0.750，但当前法人全称不一致,待人工核实母集团/子公司/更名/无关同名；不得直接赋值,0,https://www.szse.cn/api/report/index/companyGeneralization?secCode=300511,https://www.moa.gov.cn/nybgb/2023/202306/202307/P020230719348171286633.pdf
300511,雪榕生物,上海雪榕生物科技股份有限公司,青海康普生物科技股份有限公司,2023,monitor_pass,剔除常见公司后缀后的名称相似度=0.625，但当前法人全称不一致,待人工核实母集团/子公司/更名/无关同名；不得直接赋值,0,https://www.szse.cn/api/report/index/companyGeneralization?secCode=300511,https://www.moa.gov.cn/nybgb/2023/202306/202307/P020230719348171286633.pdf
300555,ST路通,无锡路通视信网络股份有限公司,唐山金路通商贸有限公司,2014,monitor_pass,证券简称核心词出现在官方名单名称中，但当前法人全称不一致,待人工核实母集团/子公司/更名/无关同名；不得直接赋值,0,https://www.szse.cn/api/report/index/companyGeneralization?secCode=300555,https://www.moa.gov.cn/nybgb/2014/shi/201712/P020180104776701107212.pdf
300555,ST路通,无锡路通视信网络股份有限公司,唐山金路通商贸有限公司,2018,monitor_pass,证券简称核心词出现在官方名单名称中，但当前法人全称不一致,待人工核实母集团/子公司/更名/无关同名；不得直接赋值,0,https://www.szse.cn/api/report/index/companyGeneralization?secCode=300555,https://xccys.moa.gov.cn/gzdt/201812/t20181205_6314544.htm
300555,ST路通,无锡路通视信网络股份有限公司,唐山金路通商贸有限公司,2020,monitor_pass,证券简称核心词出现在官方名单名称中，但当前法人全称不一致,待人工核实母集团/子公司/更名/无关同名；不得直接赋值,0,https://www.szse.cn/api/report/index/companyGeneralization?secCode=300555,https://www.moa.gov.cn/nybgb/2020/202012/202102/P020210201587636946140.pdf
300555,ST路通,无锡路通视信网络股份有限公司,唐山金路通商贸有限公司,2023,monitor_pass,证券简称核心词出现在官方名单名称中，但当前法人全称不一致,待人工核实母集团/子公司/更名/无关同名；不得直接赋值,0,https://www.szse.cn/api/report/index/companyGeneralization?secCode=300555,https://www.moa.gov.cn/nybgb/2023/202306/202307/P020230719348171286633.pdf
300606,金太阳,东莞金太阳研磨股份有限公司,金太阳粮油股份有限公司,2021,recognition,证券简称核心词出现在官方名单名称中，但当前法人全称不一致,待人工核实母集团/子公司/更名/无关同名；不得直接赋值,0,https://www.szse.cn/api/report/index/companyGeneralization?secCode=300606,https://xccys.moa.gov.cn/gzdt/202201/t20220113_6386872.htm
300761,立华股份,江苏立华食品集团股份有限公司,江苏中宝食品有限公司,2014,monitor_pass,剔除常见公司后缀后的名称相似度=0.667，但当前法人全称不一致,待人工核实母集团/子公司/更名/无关同名；不得直接赋值,0,https://www.szse.cn/api/report/index/companyGeneralization?secCode=300761,https://www.moa.gov.cn/nybgb/2014/shi/201712/P020180104776701107212.pdf
300761,立华股份,江苏立华食品集团股份有限公司,江苏梁丰食品集团有限公司,2014,monitor_pass,剔除常见公司后缀后的名称相似度=0.667，但当前法人全称不一致,待人工核实母集团/子公司/更名/无关同名；不得直接赋值,0,https://www.szse.cn/api/report/index/companyGeneralization?secCode=300761,https://www.moa.gov.cn/nybgb/2014/shi/201712/P020180104776701107212.pdf
300761,立华股份,江苏立华食品集团股份有限公司,江苏省食品集团有限公司,2014,monitor_pass,剔除常见公司后缀后的名称相似度=0.727，但当前法人全称不一致,待人工核实母集团/子公司/更名/无关同名；不得直接赋值,0,https://www.szse.cn/api/report/index/companyGeneralization?secCode=300761,https://www.moa.gov.cn/nybgb/2014/shi/201712/P020180104776701107212.pdf
300761,立华股份,江苏立华食品集团股份有限公司,江苏荷仙食品集团有限公司,2014,monitor_pass,剔除常见公司后缀后的名称相似度=0.667，但当前法人全称不一致,待人工核实母集团/子公司/更名/无关同名；不得直接赋值,0,https://www.szse.cn/api/report/index/companyGeneralization?secCode=300761,https://www.moa.gov.cn/nybgb/2014/shi/201712/P020180104776701107212.pdf
300761,立华股份,江苏立华食品集团股份有限公司,江苏省食品集团有限公司,2018,monitor_pass,剔除常见公司后缀后的名称相似度=0.727，但当前法人全称不一致,待人工核实母集团/子公司/更名/无关同名；不得直接赋值,0,https://www.szse.cn/api/report/index/companyGeneralization?secCode=300761,https://xccys.moa.gov.cn/gzdt/201812/t20181205_6314544.htm
300761,立华股份,江苏立华食品集团股份有限公司,江苏省食品集团有限公司,2020,monitor_pass,剔除常见公司后缀后的名称相似度=0.727，但当前法人全称不一致,待人工核实母集团/子公司/更名/无关同名；不得直接赋值,0,https://www.szse.cn/api/report/index/companyGeneralization?secCode=300761,https://www.moa.gov.cn/nybgb/2020/202012/202102/P020210201587636946140.pdf
300761,立华股份,江苏立华食品集团股份有限公司,江苏华石食品（集团）股份有限公司,2023,monitor_pass,剔除常见公司后缀后的名称相似度=0.833，但当前法人全称不一致,待人工核实母集团/子公司/更名/无关同名；不得直接赋值,0,https://www.szse.cn/api/report/index/companyGeneralization?secCode=300761,https://www.moa.gov.cn/nybgb/2023/202306/202307/P020230719348171286633.pdf
300761,立华股份,江苏立华食品集团股份有限公司,江苏省食品集团有限公司,2023,monitor_pass,剔除常见公司后缀后的名称相似度=0.727，但当前法人全称不一致,待人工核实母集团/子公司/更名/无关同名；不得直接赋值,0,https://www.szse.cn/api/report/index/companyGeneralization?secCode=300761,https://www.moa.gov.cn/nybgb/2023/202306/202307/P020230719348171286633.pdf
300970,华绿生物,江苏华绿生物科技集团股份有限公司,江苏红豆杉生物科技股份有限公司,2014,monitor_pass,剔除常见公司后缀后的名称相似度=0.706，但当前法人全称不一致,待人工核实母集团/子公司/更名/无关同名；不得直接赋值,0,https://www.szse.cn/api/report/index/companyGeneralization?secCode=300970,https://www.moa.gov.cn/nybgb/2014/shi/201712/P020180104776701107212.pdf
300970,华绿生物,江苏华绿生物科技集团股份有限公司,江苏华绿生物科技股份有限公司,2019,recognition,证券简称核心词出现在官方名单名称中，但当前法人全称不一致,待人工核实母集团/子公司/更名/无关同名；不得直接赋值,0,https://www.szse.cn/api/report/index/companyGeneralization?secCode=300970,https://www.moa.gov.cn/nybgb/2019/201912/202004/P020200410023357640054.pdf
300970,华绿生物,江苏华绿生物科技集团股份有限公司,江苏安惠生物科技有限公司,2019,recognition,剔除常见公司后缀后的名称相似度=0.750，但当前法人全称不一致,待人工核实母集团/子公司/更名/无关同名；不得直接赋值,0,https://www.szse.cn/api/report/index/companyGeneralization?secCode=300970,https://www.moa.gov.cn/nybgb/2019/201912/202004/P020200410023357640054.pdf
300970,华绿生物,江苏华绿生物科技集团股份有限公司,江苏江南生物科技有限公司,2019,recognition,剔除常见公司后缀后的名称相似度=0.750，但当前法人全称不一致,待人工核实母集团/子公司/更名/无关同名；不得直接赋值,0,https://www.szse.cn/api/report/index/companyGeneralization?secCode=300970,https://www.moa.gov.cn/nybgb/2019/201912/202004/P020200410023357640054.pdf
300970,华绿生物,江苏华绿生物科技集团股份有限公司,江苏农爱田生物科技有限公司,2023,replacement,剔除常见公司后缀后的名称相似度=0.706，但当前法人全称不一致,待人工核实母集团/子公司/更名/无关同名；不得直接赋值,0,https://www.szse.cn/api/report/index/companyGeneralization?secCode=300970,https://www.moa.gov.cn/nybgb/2023/202306/202307/P020230719348171286633.pdf
300970,华绿生物,江苏华绿生物科技集团股份有限公司,江苏华绿生物科技股份有限公司,2023,monitor_pass,证券简称核心词出现在官方名单名称中，但当前法人全称不一致,待人工核实母集团/子公司/更名/无关同名；不得直接赋值,0,https://www.szse.cn/api/report/index/companyGeneralization?secCode=300970,https://www.moa.gov.cn/nybgb/2023/202306/202307/P020230719348171286633.pdf
300970,华绿生物,江苏华绿生物科技集团股份有限公司,江苏安惠生物科技有限公司,2023,monitor_pass,剔除常见公司后缀后的名称相似度=0.750，但当前法人全称不一致,待人工核实母集团/子公司/更名/无关同名；不得直接赋值,0,https://www.szse.cn/api/report/index/companyGeneralization?secCode=300970,https://www.moa.gov.cn/nybgb/2023/202306/202307/P020230719348171286633.pdf
300970,华绿生物,江苏华绿生物科技集团股份有限公司,江苏江南生物科技有限公司,2023,monitor_pass,剔除常见公司后缀后的名称相似度=0.750，但当前法人全称不一致,待人工核实母集团/子公司/更名/无关同名；不得直接赋值,0,https://www.szse.cn/api/report/index/companyGeneralization?secCode=300970,https://www.moa.gov.cn/nybgb/2023/202306/202307/P020230719348171286633.pdf
300972,万辰集团,福建万辰食品集团股份有限公司,森美（福建）食品有限公司,2014,monitor_pass,剔除常见公司后缀后的名称相似度=0.667，但当前法人全称不一致,待人工核实母集团/子公司/更名/无关同名；不得直接赋值,0,https://www.szse.cn/api/report/index/companyGeneralization?secCode=300972,https://www.moa.gov.cn/nybgb/2014/shi/201712/P020180104776701107212.pdf
300972,万辰集团,福建万辰食品集团股份有限公司,福建三和食品集团有限公司,2014,monitor_pass,剔除常见公司后缀后的名称相似度=0.667，但当前法人全称不一致,待人工核实母集团/子公司/更名/无关同名；不得直接赋值,0,https://www.szse.cn/api/report/index/companyGeneralization?secCode=300972,https://www.moa.gov.cn/nybgb/2014/shi/201712/P020180104776701107212.pdf
300972,万辰集团,福建万辰食品集团股份有限公司,福建东方食品集团有限公司,2014,monitor_pass,剔除常见公司后缀后的名称相似度=0.667，但当前法人全称不一致,待人工核实母集团/子公司/更名/无关同名；不得直接赋值,0,https://www.szse.cn/api/report/index/companyGeneralization?secCode=300972,https://www.moa.gov.cn/nybgb/2014/shi/201712/P020180104776701107212.pdf
300972,万辰集团,福建万辰食品集团股份有限公司,福建森宝食品集团股份有限公司,2014,monitor_pass,剔除常见公司后缀后的名称相似度=0.667，但当前法人全称不一致,待人工核实母集团/子公司/更名/无关同名；不得直接赋值,0,https://www.szse.cn/api/report/index/companyGeneralization?secCode=300972,https://www.moa.gov.cn/nybgb/2014/shi/201712/P020180104776701107212.pdf
300972,万辰集团,福建万辰食品集团股份有限公司,福建绿宝食品集团有限公司,2014,monitor_pass,剔除常见公司后缀后的名称相似度=0.667，但当前法人全称不一致,待人工核实母集团/子公司/更名/无关同名；不得直接赋值,0,https://www.szse.cn/api/report/index/companyGeneralization?secCode=300972,https://www.moa.gov.cn/nybgb/2014/shi/201712/P020180104776701107212.pdf
300972,万辰集团,福建万辰食品集团股份有限公司,森美（福建）食品有限公司,2018,monitor_pass,剔除常见公司后缀后的名称相似度=0.667，但当前法人全称不一致,待人工核实母集团/子公司/更名/无关同名；不得直接赋值,0,https://www.szse.cn/api/report/index/companyGeneralization?secCode=300972,https://xccys.moa.gov.cn/gzdt/201812/t20181205_6314544.htm
300972,万辰集团,福建万辰食品集团股份有限公司,福建东方食品集团有限公司,2018,monitor_pass,剔除常见公司后缀后的名称相似度=0.667，但当前法人全称不一致,待人工核实母集团/子公司/更名/无关同名；不得直接赋值,0,https://www.szse.cn/api/report/index/companyGeneralization?secCode=300972,https://xccys.moa.gov.cn/gzdt/201812/t20181205_6314544.htm
300972,万辰集团,福建万辰食品集团股份有限公司,福建正大食品有限公司,2018,monitor_pass,剔除常见公司后缀后的名称相似度=0.667，但当前法人全称不一致,待人工核实母集团/子公司/更名/无关同名；不得直接赋值,0,https://www.szse.cn/api/report/index/companyGeneralization?secCode=300972,https://xccys.moa.gov.cn/gzdt/201812/t20181205_6314544.htm
301116,益客食品,江苏益客食品集团股份有限公司,江苏省食品集团有限公司,2014,monitor_pass,剔除常见公司后缀后的名称相似度=0.727，但当前法人全称不一致,待人工核实母集团/子公司/更名/无关同名；不得直接赋值,0,https://www.szse.cn/api/report/index/companyGeneralization?secCode=301116,https://www.moa.gov.cn/nybgb/2014/shi/201712/P020180104776701107212.pdf
301116,益客食品,江苏益客食品集团股份有限公司,江苏省食品集团有限公司,2018,monitor_pass,剔除常见公司后缀后的名称相似度=0.727，但当前法人全称不一致,待人工核实母集团/子公司/更名/无关同名；不得直接赋值,0,https://www.szse.cn/api/report/index/companyGeneralization?secCode=301116,https://xccys.moa.gov.cn/gzdt/201812/t20181205_6314544.htm
301116,益客食品,江苏益客食品集团股份有限公司,江苏省食品集团有限公司,2020,monitor_pass,剔除常见公司后缀后的名称相似度=0.727，但当前法人全称不一致,待人工核实母集团/子公司/更名/无关同名；不得直接赋值,0,https://www.szse.cn/api/report/index/companyGeneralization?secCode=301116,https://www.moa.gov.cn/nybgb/2020/202012/202102/P020210201587636946140.pdf
301116,益客食品,江苏益客食品集团股份有限公司,江苏省食品集团有限公司,2023,monitor_pass,剔除常见公司后缀后的名称相似度=0.727，但当前法人全称不一致,待人工核实母集团/子公司/更名/无关同名；不得直接赋值,0,https://www.szse.cn/api/report/index/companyGeneralization?secCode=301116,https://www.moa.gov.cn/nybgb/2023/202306/202307/P020230719348171286633.pdf
600053,*ST九鼎,昆吾九鼎投资控股股份有限公司,湖南九鼎科技（集团）有限公司,2014,monitor_pass,证券简称核心词出现在官方名单名称中，但当前法人全称不一致,待人工核实母集团/子公司/更名/无关同名；不得直接赋值,0,https://query.sse.com.cn/commonQuery.do?sqlId=COMMON_SSE_CP_GPJCTPZ_GPLB_GP_L,https://www.moa.gov.cn/nybgb/2014/shi/201712/P020180104776701107212.pdf
600053,*ST九鼎,昆吾九鼎投资控股股份有限公司,湖南九鼎科技（集团）有限公司,2018,monitor_pass,证券简称核心词出现在官方名单名称中，但当前法人全称不一致,待人工核实母集团/子公司/更名/无关同名；不得直接赋值,0,https://query.sse.com.cn/commonQuery.do?sqlId=COMMON_SSE_CP_GPJCTPZ_GPLB_GP_L,https://xccys.moa.gov.cn/gzdt/201812/t20181205_6314544.htm
600053,*ST九鼎,昆吾九鼎投资控股股份有限公司,新疆九鼎农业集团有限公司,2019,recognition,证券简称核心词出现在官方名单名称中，但当前法人全称不一致,待人工核实母集团/子公司/更名/无关同名；不得直接赋值,0,https://query.sse.com.cn/commonQuery.do?sqlId=COMMON_SSE_CP_GPJCTPZ_GPLB_GP_L,https://www.moa.gov.cn/nybgb/2019/201912/202004/P020200410023357640054.pdf
600053,*ST九鼎,昆吾九鼎投资控股股份有限公司,湖南九鼎科技（集团）有限公司,2020,monitor_pass,证券简称核心词出现在官方名单名称中，但当前法人全称不一致,待人工核实母集团/子公司/更名/无关同名；不得直接赋值,0,https://query.sse.com.cn/commonQuery.do?sqlId=COMMON_SSE_CP_GPJCTPZ_GPLB_GP_L,https://www.moa.gov.cn/nybgb/2020/202012/202102/P020210201587636946140.pdf
600053,*ST九鼎,昆吾九鼎投资控股股份有限公司,新疆九鼎农业集团有限公司,2023,monitor_pass,证券简称核心词出现在官方名单名称中，但当前法人全称不一致,待人工核实母集团/子公司/更名/无关同名；不得直接赋值,0,https://query.sse.com.cn/commonQuery.do?sqlId=COMMON_SSE_CP_GPJCTPZ_GPLB_GP_L,https://www.moa.gov.cn/nybgb/2023/202306/202307/P020230719348171286633.pdf
600053,*ST九鼎,昆吾九鼎投资控股股份有限公司,湖南九鼎科技（集团）有限公司,2023,monitor_pass,证券简称核心词出现在官方名单名称中，但当前法人全称不一致,待人工核实母集团/子公司/更名/无关同名；不得直接赋值,0,https://query.sse.com.cn/commonQuery.do?sqlId=COMMON_SSE_CP_GPJCTPZ_GPLB_GP_L,https://www.moa.gov.cn/nybgb/2023/202306/202307/P020230719348171286633.pdf
600075,新疆天业,新疆天业股份有限公司,新疆果业集团有限公司,2014,monitor_pass,剔除常见公司后缀后的名称相似度=0.750，但当前法人全称不一致,待人工核实母集团/子公司/更名/无关同名；不得直接赋值,0,https://query.sse.com.cn/commonQuery.do?sqlId=COMMON_SSE_CP_GPJCTPZ_GPLB_GP_L,https://www.moa.gov.cn/nybgb/2014/shi/201712/P020180104776701107212.pdf
600075,新疆天业,新疆天业股份有限公司,新疆天润乳业股份有限公司,2018,monitor_pass,剔除常见公司后缀后的名称相似度=0.800，但当前法人全称不一致,待人工核实母集团/子公司/更名/无关同名；不得直接赋值,0,https://query.sse.com.cn/commonQuery.do?sqlId=COMMON_SSE_CP_GPJCTPZ_GPLB_GP_L,https://xccys.moa.gov.cn/gzdt/201812/t20181205_6314544.htm
600075,新疆天业,新疆天业股份有限公司,新疆果业集团有限公司,2018,monitor_pass,剔除常见公司后缀后的名称相似度=0.750，但当前法人全称不一致,待人工核实母集团/子公司/更名/无关同名；不得直接赋值,0,https://query.sse.com.cn/commonQuery.do?sqlId=COMMON_SSE_CP_GPJCTPZ_GPLB_GP_L,https://xccys.moa.gov.cn/gzdt/201812/t20181205_6314544.htm
600075,新疆天业,新疆天业股份有限公司,新疆天润乳业股份有限公司,2020,monitor_pass,剔除常见公司后缀后的名称相似度=0.800，但当前法人全称不一致,待人工核实母集团/子公司/更名/无关同名；不得直接赋值,0,https://query.sse.com.cn/commonQuery.do?sqlId=COMMON_SSE_CP_GPJCTPZ_GPLB_GP_L,https://www.moa.gov.cn/nybgb/2020/202012/202102/P020210201587636946140.pdf
600075,新疆天业,新疆天业股份有限公司,新疆天莱牧业集团有限责任公司,2020,monitor_pass,剔除常见公司后缀后的名称相似度=0.800，但当前法人全称不一致,待人工核实母集团/子公司/更名/无关同名；不得直接赋值,0,https://query.sse.com.cn/commonQuery.do?sqlId=COMMON_SSE_CP_GPJCTPZ_GPLB_GP_L,https://www.moa.gov.cn/nybgb/2020/202012/202102/P020210201587636946140.pdf
600075,新疆天业,新疆天业股份有限公司,新疆天玉种业有限责任公司,2021,recognition,剔除常见公司后缀后的名称相似度=0.800，但当前法人全称不一致,待人工核实母集团/子公司/更名/无关同名；不得直接赋值,0,https://query.sse.com.cn/commonQuery.do?sqlId=COMMON_SSE_CP_GPJCTPZ_GPLB_GP_L,https://xccys.moa.gov.cn/gzdt/202201/t20220113_6386872.htm
600075,新疆天业,新疆天业股份有限公司,新疆天润乳业股份有限公司,2023,monitor_pass,剔除常见公司后缀后的名称相似度=0.800，但当前法人全称不一致,待人工核实母集团/子公司/更名/无关同名；不得直接赋值,0,https://query.sse.com.cn/commonQuery.do?sqlId=COMMON_SSE_CP_GPJCTPZ_GPLB_GP_L,https://www.moa.gov.cn/nybgb/2023/202306/202307/P020230719348171286633.pdf
600075,新疆天业,新疆天业股份有限公司,新疆天莱牧业集团有限责任公司,2023,monitor_pass,剔除常见公司后缀后的名称相似度=0.800，但当前法人全称不一致,待人工核实母集团/子公司/更名/无关同名；不得直接赋值,0,https://query.sse.com.cn/commonQuery.do?sqlId=COMMON_SSE_CP_GPJCTPZ_GPLB_GP_L,https://www.moa.gov.cn/nybgb/2023/202306/202307/P020230719348171286633.pdf
600079,ST人福,人福医药集团股份公司,人福湖北食品产业有限公司,2018,monitor_pass,证券简称核心词出现在官方名单名称中，但当前法人全称不一致,待人工核实母集团/子公司/更名/无关同名；不得直接赋值,0,https://query.sse.com.cn/commonQuery.do?sqlId=COMMON_SSE_CP_GPJCTPZ_GPLB_GP_L,https://xccys.moa.gov.cn/gzdt/201812/t20181205_6314544.htm
600084,*ST尼雅,中信尼雅葡萄酒股份有限公司,新疆昆仑尼雅生态农牧发展有限公司,2019,recognition,证券简称核心词出现在官方名单名称中，但当前法人全称不一致,待人工核实母集团/子公司/更名/无关同名；不得直接赋值,0,https://query.sse.com.cn/commonQuery.do?sqlId=COMMON_SSE_CP_GPJCTPZ_GPLB_GP_L,https://www.moa.gov.cn/nybgb/2019/201912/202004/P020200410023357640054.pdf
600084,*ST尼雅,中信尼雅葡萄酒股份有限公司,新疆昆仑尼雅生态农牧发展有限公司,2023,monitor_pass,证券简称核心词出现在官方名单名称中，但当前法人全称不一致,待人工核实母集团/子公司/更名/无关同名；不得直接赋值,0,https://query.sse.com.cn/commonQuery.do?sqlId=COMMON_SSE_CP_GPJCTPZ_GPLB_GP_L,https://www.moa.gov.cn/nybgb/2023/202306/202307/P020230719348171286633.pdf
600085,同仁堂,北京同仁堂股份有限公司,北京同仁堂（亳州）饮片有限责任公司,2014,monitor_pass,证券简称核心词出现在官方名单名称中，但当前法人全称不一致,待人工核实母集团/子公司/更名/无关同名；不得直接赋值,0,https://query.sse.com.cn/commonQuery.do?sqlId=COMMON_SSE_CP_GPJCTPZ_GPLB_GP_L,https://www.moa.gov.cn/nybgb/2014/shi/201712/P020180104776701107212.pdf
600085,同仁堂,北京同仁堂股份有限公司,北京同仁堂（亳州）饮片有限责任公司,2018,monitor_pass,证券简称核心词出现在官方名单名称中，但当前法人全称不一致,待人工核实母集团/子公司/更名/无关同名；不得直接赋值,0,https://query.sse.com.cn/commonQuery.do?sqlId=COMMON_SSE_CP_GPJCTPZ_GPLB_GP_L,https://xccys.moa.gov.cn/gzdt/201812/t20181205_6314544.htm
600085,同仁堂,北京同仁堂股份有限公司,北京同仁堂（亳州）饮片有限责任公司,2020,monitor_pass,证券简称核心词出现在官方名单名称中，但当前法人全称不一致,待人工核实母集团/子公司/更名/无关同名；不得直接赋值,0,https://query.sse.com.cn/commonQuery.do?sqlId=COMMON_SSE_CP_GPJCTPZ_GPLB_GP_L,https://www.moa.gov.cn/nybgb/2020/202012/202102/P020210201587636946140.pdf
600108,亚盛集团,甘肃亚盛实业(集团)股份有限公司,甘肃莫高实业发展股份有限公司,2014,monitor_pass,剔除常见公司后缀后的名称相似度=0.571，但当前法人全称不一致,待人工核实母集团/子公司/更名/无关同名；不得直接赋值,0,https://query.sse.com.cn/commonQuery.do?sqlId=COMMON_SSE_CP_GPJCTPZ_GPLB_GP_L,https://www.moa.gov.cn/nybgb/2014/shi/201712/P020180104776701107212.pdf
600108,亚盛集团,甘肃亚盛实业(集团)股份有限公司,甘肃莫高实业发展股份有限公司,2018,monitor_pass,剔除常见公司后缀后的名称相似度=0.571，但当前法人全称不一致,待人工核实母集团/子公司/更名/无关同名；不得直接赋值,0,https://query.sse.com.cn/commonQuery.do?sqlId=COMMON_SSE_CP_GPJCTPZ_GPLB_GP_L,https://xccys.moa.gov.cn/gzdt/201812/t20181205_6314544.htm
600108,亚盛集团,甘肃亚盛实业(集团)股份有限公司,甘肃莫高实业发展股份有限公司,2020,monitor_pass,剔除常见公司后缀后的名称相似度=0.571，但当前法人全称不一致,待人工核实母集团/子公司/更名/无关同名；不得直接赋值,0,https://query.sse.com.cn/commonQuery.do?sqlId=COMMON_SSE_CP_GPJCTPZ_GPLB_GP_L,https://www.moa.gov.cn/nybgb/2020/202012/202102/P020210201587636946140.pdf
600108,亚盛集团,甘肃亚盛实业(集团)股份有限公司,甘肃祁连牧歌实业有限公司,2021,recognition,剔除常见公司后缀后的名称相似度=0.571，但当前法人全称不一致,待人工核实母集团/子公司/更名/无关同名；不得直接赋值,0,https://query.sse.com.cn/commonQuery.do?sqlId=COMMON_SSE_CP_GPJCTPZ_GPLB_GP_L,https://xccys.moa.gov.cn/gzdt/202201/t20220113_6386872.htm
600108,亚盛集团,甘肃亚盛实业(集团)股份有限公司,甘肃莫高实业发展股份有限公司,2023,monitor_pass,剔除常见公司后缀后的名称相似度=0.571，但当前法人全称不一致,待人工核实母集团/子公司/更名/无关同名；不得直接赋值,0,https://query.sse.com.cn/commonQuery.do?sqlId=COMMON_SSE_CP_GPJCTPZ_GPLB_GP_L,https://www.moa.gov.cn/nybgb/2023/202306/202307/P020230719348171286633.pdf
600129,太极集团,重庆太极实业(集团)股份有限公司,太极集团有限公司,2014,monitor_pass,证券简称核心词出现在官方名单名称中，但当前法人全称不一致,待人工核实母集团/子公司/更名/无关同名；不得直接赋值,0,https://query.sse.com.cn/commonQuery.do?sqlId=COMMON_SSE_CP_GPJCTPZ_GPLB_GP_L,https://www.moa.gov.cn/nybgb/2014/shi/201712/P020180104776701107212.pdf
600165,ST宁科,宁夏中科生物科技股份有限公司,宁夏伊品生物科技股份有限公司,2014,monitor_pass,剔除常见公司后缀后的名称相似度=0.750，但当前法人全称不一致,待人工核实母集团/子公司/更名/无关同名；不得直接赋值,0,https://query.sse.com.cn/commonQuery.do?sqlId=COMMON_SSE_CP_GPJCTPZ_GPLB_GP_L,https://www.moa.gov.cn/nybgb/2014/shi/201712/P020180104776701107212.pdf
600165,ST宁科,宁夏中科生物科技股份有限公司,宁夏佳立生物科技有限公司,2014,monitor_pass,剔除常见公司后缀后的名称相似度=0.750，但当前法人全称不一致,待人工核实母集团/子公司/更名/无关同名；不得直接赋值,0,https://query.sse.com.cn/commonQuery.do?sqlId=COMMON_SSE_CP_GPJCTPZ_GPLB_GP_L,https://www.moa.gov.cn/nybgb/2014/shi/201712/P020180104776701107212.pdf
600165,ST宁科,宁夏中科生物科技股份有限公司,宁夏伊品生物科技股份有限公司,2018,monitor_pass,剔除常见公司后缀后的名称相似度=0.750，但当前法人全称不一致,待人工核实母集团/子公司/更名/无关同名；不得直接赋值,0,https://query.sse.com.cn/commonQuery.do?sqlId=COMMON_SSE_CP_GPJCTPZ_GPLB_GP_L,https://xccys.moa.gov.cn/gzdt/201812/t20181205_6314544.htm
600165,ST宁科,宁夏中科生物科技股份有限公司,宁夏伊品生物科技股份有限公司,2020,monitor_pass,剔除常见公司后缀后的名称相似度=0.750，但当前法人全称不一致,待人工核实母集团/子公司/更名/无关同名；不得直接赋值,0,https://query.sse.com.cn/commonQuery.do?sqlId=COMMON_SSE_CP_GPJCTPZ_GPLB_GP_L,https://www.moa.gov.cn/nybgb/2020/202012/202102/P020210201587636946140.pdf
600165,ST宁科,宁夏中科生物科技股份有限公司,宁夏伊品生物科技股份有限公司,2023,monitor_pass,剔除常见公司后缀后的名称相似度=0.750，但当前法人全称不一致,待人工核实母集团/子公司/更名/无关同名；不得直接赋值,0,https://query.sse.com.cn/commonQuery.do?sqlId=COMMON_SSE_CP_GPJCTPZ_GPLB_GP_L,https://www.moa.gov.cn/nybgb/2023/202306/202307/P020230719348171286633.pdf
600197,伊力特,新疆伊力特实业股份有限公司,新疆伊力特集团有限公司,2014,monitor_pass,证券简称核心词出现在官方名单名称中，但当前法人全称不一致,待人工核实母集团/子公司/更名/无关同名；不得直接赋值,0,https://query.sse.com.cn/commonQuery.do?sqlId=COMMON_SSE_CP_GPJCTPZ_GPLB_GP_L,https://www.moa.gov.cn/nybgb/2014/shi/201712/P020180104776701107212.pdf
600197,伊力特,新疆伊力特实业股份有限公司,新疆伊力特集团有限公司,2018,monitor_pass,证券简称核心词出现在官方名单名称中，但当前法人全称不一致,待人工核实母集团/子公司/更名/无关同名；不得直接赋值,0,https://query.sse.com.cn/commonQuery.do?sqlId=COMMON_SSE_CP_GPJCTPZ_GPLB_GP_L,https://xccys.moa.gov.cn/gzdt/201812/t20181205_6314544.htm
600197,伊力特,新疆伊力特实业股份有限公司,新疆伊力特集团有限公司,2020,monitor_pass,证券简称核心词出现在官方名单名称中，但当前法人全称不一致,待人工核实母集团/子公司/更名/无关同名；不得直接赋值,0,https://query.sse.com.cn/commonQuery.do?sqlId=COMMON_SSE_CP_GPJCTPZ_GPLB_GP_L,https://www.moa.gov.cn/nybgb/2020/202012/202102/P020210201587636946140.pdf
600197,伊力特,新疆伊力特实业股份有限公司,新疆伊力特集团有限公司,2023,monitor_pass,证券简称核心词出现在官方名单名称中，但当前法人全称不一致,待人工核实母集团/子公司/更名/无关同名；不得直接赋值,0,https://query.sse.com.cn/commonQuery.do?sqlId=COMMON_SSE_CP_GPJCTPZ_GPLB_GP_L,https://www.moa.gov.cn/nybgb/2023/202306/202307/P020230719348171286633.pdf
600201,生物股份,金宇生物技术股份有限公司,保龄宝生物股份有限公司,2016,replacement,证券简称核心词出现在官方名单名称中，但当前法人全称不一致,待人工核实母集团/子公司/更名/无关同名；不得直接赋值,0,https://query.sse.com.cn/commonQuery.do?sqlId=COMMON_SSE_CP_GPJCTPZ_GPLB_GP_L,https://www.moa.gov.cn/nybgb/2016/shiyiqi/201712/P020180624662692968052.pdf
600201,生物股份,金宇生物技术股份有限公司,保龄宝生物股份有限公司,2018,monitor_pass,证券简称核心词出现在官方名单名称中，但当前法人全称不一致,待人工核实母集团/子公司/更名/无关同名；不得直接赋值,0,https://query.sse.com.cn/commonQuery.do?sqlId=COMMON_SSE_CP_GPJCTPZ_GPLB_GP_L,https://xccys.moa.gov.cn/gzdt/201812/t20181205_6314544.htm
600201,生物股份,金宇生物技术股份有限公司,天康生物股份有限公司,2018,monitor_pass,证券简称核心词出现在官方名单名称中，但当前法人全称不一致,待人工核实母集团/子公司/更名/无关同名；不得直接赋值,0,https://query.sse.com.cn/commonQuery.do?sqlId=COMMON_SSE_CP_GPJCTPZ_GPLB_GP_L,https://xccys.moa.gov.cn/gzdt/201812/t20181205_6314544.htm
600201,生物股份,金宇生物技术股份有限公司,保龄宝生物股份有限公司,2020,monitor_pass,证券简称核心词出现在官方名单名称中，但当前法人全称不一致,待人工核实母集团/子公司/更名/无关同名；不得直接赋值,0,https://query.sse.com.cn/commonQuery.do?sqlId=COMMON_SSE_CP_GPJCTPZ_GPLB_GP_L,https://www.moa.gov.cn/nybgb/2020/202012/202102/P020210201587636946140.pdf
600201,生物股份,金宇生物技术股份有限公司,天康生物股份有限公司,2020,monitor_pass,证券简称核心词出现在官方名单名称中，但当前法人全称不一致,待人工核实母集团/子公司/更名/无关同名；不得直接赋值,0,https://query.sse.com.cn/commonQuery.do?sqlId=COMMON_SSE_CP_GPJCTPZ_GPLB_GP_L,https://www.moa.gov.cn/nybgb/2020/202012/202102/P020210201587636946140.pdf
600201,生物股份,金宇生物技术股份有限公司,保龄宝生物股份有限公司,2023,monitor_pass,证券简称核心词出现在官方名单名称中，但当前法人全称不一致,待人工核实母集团/子公司/更名/无关同名；不得直接赋值,0,https://query.sse.com.cn/commonQuery.do?sqlId=COMMON_SSE_CP_GPJCTPZ_GPLB_GP_L,https://www.moa.gov.cn/nybgb/2023/202306/202307/P020230719348171286633.pdf
600201,生物股份,金宇生物技术股份有限公司,天康生物股份有限公司,2023,monitor_pass,证券简称核心词出现在官方名单名称中，但当前法人全称不一致,待人工核实母集团/子公司/更名/无关同名；不得直接赋值,0,https://query.sse.com.cn/commonQuery.do?sqlId=COMMON_SSE_CP_GPJCTPZ_GPLB_GP_L,https://www.moa.gov.cn/nybgb/2023/202306/202307/P020230719348171286633.pdf
600201,生物股份,金宇生物技术股份有限公司,欧诗漫生物股份有限公司,2023,replacement,证券简称核心词出现在官方名单名称中，但当前法人全称不一致,待人工核实母集团/子公司/更名/无关同名；不得直接赋值,0,https://query.sse.com.cn/commonQuery.do?sqlId=COMMON_SSE_CP_GPJCTPZ_GPLB_GP_L,https://www.moa.gov.cn/nybgb/2023/202306/202307/P020230719348171286633.pdf
600216,浙江医药,浙江医药股份有限公司,浙江寿仙谷医药股份有限公司,2021,recognition,剔除常见公司后缀后的名称相似度=0.727，但当前法人全称不一致,待人工核实母集团/子公司/更名/无关同名；不得直接赋值,0,https://query.sse.com.cn/commonQuery.do?sqlId=COMMON_SSE_CP_GPJCTPZ_GPLB_GP_L,https://xccys.moa.gov.cn/gzdt/202201/t20220113_6386872.htm
600251,冠农股份,新疆冠农股份有限公司,新疆冠农果茸集团股份有限公司,2014,monitor_pass,剔除常见公司后缀后的名称相似度=0.800，但当前法人全称不一致,待人工核实母集团/子公司/更名/无关同名；不得直接赋值,0,https://query.sse.com.cn/commonQuery.do?sqlId=COMMON_SSE_CP_GPJCTPZ_GPLB_GP_L,https://www.moa.gov.cn/nybgb/2014/shi/201712/P020180104776701107212.pdf
600251,冠农股份,新疆冠农股份有限公司,新疆冠农果茸集团股份有限公司,2018,monitor_pass,剔除常见公司后缀后的名称相似度=0.800，但当前法人全称不一致,待人工核实母集团/子公司/更名/无关同名；不得直接赋值,0,https://query.sse.com.cn/commonQuery.do?sqlId=COMMON_SSE_CP_GPJCTPZ_GPLB_GP_L,https://xccys.moa.gov.cn/gzdt/201812/t20181205_6314544.htm
600251,冠农股份,新疆冠农股份有限公司,新疆冠农果茸股份有限公司,2020,monitor_pass,剔除常见公司后缀后的名称相似度=0.800，但当前法人全称不一致,待人工核实母集团/子公司/更名/无关同名；不得直接赋值,0,https://query.sse.com.cn/commonQuery.do?sqlId=COMMON_SSE_CP_GPJCTPZ_GPLB_GP_L,https://www.moa.gov.cn/nybgb/2020/202012/202102/P020210201587636946140.pdf
600251,冠农股份,新疆冠农股份有限公司,新疆冠农果茸股份有限公司,2023,monitor_pass,剔除常见公司后缀后的名称相似度=0.800，但当前法人全称不一致,待人工核实母集团/子公司/更名/无关同名；不得直接赋值,0,https://query.sse.com.cn/commonQuery.do?sqlId=COMMON_SSE_CP_GPJCTPZ_GPLB_GP_L,https://www.moa.gov.cn/nybgb/2023/202306/202307/P020230719348171286633.pdf
600257,大湖股份,大湖健康产业股份有限公司,湖北健康（集团）股份有限公司,2014,monitor_pass,剔除常见公司后缀后的名称相似度=0.600，但当前法人全称不一致,待人工核实母集团/子公司/更名/无关同名；不得直接赋值,0,https://query.sse.com.cn/commonQuery.do?sqlId=COMMON_SSE_CP_GPJCTPZ_GPLB_GP_L,https://www.moa.gov.cn/nybgb/2014/shi/201712/P020180104776701107212.pdf
600257,大湖股份,大湖健康产业股份有限公司,湖北健康（集团）股份有限公司,2018,monitor_pass,剔除常见公司后缀后的名称相似度=0.600，但当前法人全称不一致,待人工核实母集团/子公司/更名/无关同名；不得直接赋值,0,https://query.sse.com.cn/commonQuery.do?sqlId=COMMON_SSE_CP_GPJCTPZ_GPLB_GP_L,https://xccys.moa.gov.cn/gzdt/201812/t20181205_6314544.htm
600257,大湖股份,大湖健康产业股份有限公司,补天健康产业控股集团有限公司,2021,recognition,剔除常见公司后缀后的名称相似度=0.571，但当前法人全称不一致,待人工核实母集团/子公司/更名/无关同名；不得直接赋值,0,https://query.sse.com.cn/commonQuery.do?sqlId=COMMON_SSE_CP_GPJCTPZ_GPLB_GP_L,https://xccys.moa.gov.cn/gzdt/202201/t20220113_6386872.htm
600265,*ST景谷,云南景谷林业股份有限公司,云南谷多农牧业有限公司,2021,recognition,剔除常见公司后缀后的名称相似度=0.615，但当前法人全称不一致,待人工核实母集团/子公司/更名/无关同名；不得直接赋值,0,https://query.sse.com.cn/commonQuery.do?sqlId=COMMON_SSE_CP_GPJCTPZ_GPLB_GP_L,https://xccys.moa.gov.cn/gzdt/202201/t20220113_6386872.htm
600295,鄂尔多斯,内蒙古鄂尔多斯资源股份有限公司,鄂尔多斯市四季青农业开发有限公司,2014,monitor_pass,证券简称核心词出现在官方名单名称中，但当前法人全称不一致,待人工核实母集团/子公司/更名/无关同名；不得直接赋值,0,https://query.sse.com.cn/commonQuery.do?sqlId=COMMON_SSE_CP_GPJCTPZ_GPLB_GP_L,https://www.moa.gov.cn/nybgb/2014/shi/201712/P020180104776701107212.pdf
600295,鄂尔多斯,内蒙古鄂尔多斯资源股份有限公司,鄂尔多斯市四季青农业开发有限公司,2018,monitor_pass,证券简称核心词出现在官方名单名称中，但当前法人全称不一致,待人工核实母集团/子公司/更名/无关同名；不得直接赋值,0,https://query.sse.com.cn/commonQuery.do?sqlId=COMMON_SSE_CP_GPJCTPZ_GPLB_GP_L,https://xccys.moa.gov.cn/gzdt/201812/t20181205_6314544.htm
600295,鄂尔多斯,内蒙古鄂尔多斯资源股份有限公司,鄂尔多斯市四季青农业开发有限公司,2020,monitor_pass,证券简称核心词出现在官方名单名称中，但当前法人全称不一致,待人工核实母集团/子公司/更名/无关同名；不得直接赋值,0,https://query.sse.com.cn/commonQuery.do?sqlId=COMMON_SSE_CP_GPJCTPZ_GPLB_GP_L,https://www.moa.gov.cn/nybgb/2020/202012/202102/P020210201587636946140.pdf
600295,鄂尔多斯,内蒙古鄂尔多斯资源股份有限公司,鄂尔多斯市恒科农牧业开发有限责任公司,2023,replacement,证券简称核心词出现在官方名单名称中，但当前法人全称不一致,待人工核实母集团/子公司/更名/无关同名；不得直接赋值,0,https://query.sse.com.cn/commonQuery.do?sqlId=COMMON_SSE_CP_GPJCTPZ_GPLB_GP_L,https://www.moa.gov.cn/nybgb/2023/202306/202307/P020230719348171286633.pdf
600313,农发种业,中农发种业集团股份有限公司,中地种业（集团）有限公司,2014,monitor_pass,剔除常见公司后缀后的名称相似度=0.667，但当前法人全称不一致,待人工核实母集团/子公司/更名/无关同名；不得直接赋值,0,https://query.sse.com.cn/commonQuery.do?sqlId=COMMON_SSE_CP_GPJCTPZ_GPLB_GP_L,https://www.moa.gov.cn/nybgb/2014/shi/201712/P020180104776701107212.pdf
600313,农发种业,中农发种业集团股份有限公司,中地种业（集团）有限公司,2018,monitor_pass,剔除常见公司后缀后的名称相似度=0.667，但当前法人全称不一致,待人工核实母集团/子公司/更名/无关同名；不得直接赋值,0,https://query.sse.com.cn/commonQuery.do?sqlId=COMMON_SSE_CP_GPJCTPZ_GPLB_GP_L,https://xccys.moa.gov.cn/gzdt/201812/t20181205_6314544.htm
600313,农发种业,中农发种业集团股份有限公司,中地种业（集团）有限公司,2020,monitor_pass,剔除常见公司后缀后的名称相似度=0.667，但当前法人全称不一致,待人工核实母集团/子公司/更名/无关同名；不得直接赋值,0,https://query.sse.com.cn/commonQuery.do?sqlId=COMMON_SSE_CP_GPJCTPZ_GPLB_GP_L,https://www.moa.gov.cn/nybgb/2020/202012/202102/P020210201587636946140.pdf
600313,农发种业,中农发种业集团股份有限公司,中地种业（集团）有限公司,2023,monitor_pass,剔除常见公司后缀后的名称相似度=0.667，但当前法人全称不一致,待人工核实母集团/子公司/更名/无关同名；不得直接赋值,0,https://query.sse.com.cn/commonQuery.do?sqlId=COMMON_SSE_CP_GPJCTPZ_GPLB_GP_L,https://www.moa.gov.cn/nybgb/2023/202306/202307/P020230719348171286633.pdf
600354,敦煌种业,甘肃省敦煌种业集团股份有限公司,甘肃省敦煌种业股份有限公司,2014,monitor_pass,证券简称核心词出现在官方名单名称中，但当前法人全称不一致,待人工核实母集团/子公司/更名/无关同名；不得直接赋值,0,https://query.sse.com.cn/commonQuery.do?sqlId=COMMON_SSE_CP_GPJCTPZ_GPLB_GP_L,https://www.moa.gov.cn/nybgb/2014/shi/201712/P020180104776701107212.pdf
600359,新农开发,新疆塔里木农业综合开发股份有限公司,新疆塔里木河种业股份有限公司,2014,monitor_pass,剔除常见公司后缀后的名称相似度=0.632，但当前法人全称不一致,待人工核实母集团/子公司/更名/无关同名；不得直接赋值,0,https://query.sse.com.cn/commonQuery.do?sqlId=COMMON_SSE_CP_GPJCTPZ_GPLB_GP_L,https://www.moa.gov.cn/nybgb/2014/shi/201712/P020180104776701107212.pdf
600359,新农开发,新疆塔里木农业综合开发股份有限公司,新疆塔里木河种业股份有限公司,2018,monitor_pass,剔除常见公司后缀后的名称相似度=0.632，但当前法人全称不一致,待人工核实母集团/子公司/更名/无关同名；不得直接赋值,0,https://query.sse.com.cn/commonQuery.do?sqlId=COMMON_SSE_CP_GPJCTPZ_GPLB_GP_L,https://xccys.moa.gov.cn/gzdt/201812/t20181205_6314544.htm
600359,新农开发,新疆塔里木农业综合开发股份有限公司,新疆塔里木河种业股份有限公司,2020,monitor_pass,剔除常见公司后缀后的名称相似度=0.632，但当前法人全称不一致,待人工核实母集团/子公司/更名/无关同名；不得直接赋值,0,https://query.sse.com.cn/commonQuery.do?sqlId=COMMON_SSE_CP_GPJCTPZ_GPLB_GP_L,https://www.moa.gov.cn/nybgb/2020/202012/202102/P020210201587636946140.pdf
600359,新农开发,新疆塔里木农业综合开发股份有限公司,新疆塔里木河种业股份有限公司,2023,monitor_pass,剔除常见公司后缀后的名称相似度=0.632，但当前法人全称不一致,待人工核实母集团/子公司/更名/无关同名；不得直接赋值,0,https://query.sse.com.cn/commonQuery.do?sqlId=COMMON_SSE_CP_GPJCTPZ_GPLB_GP_L,https://www.moa.gov.cn/nybgb/2023/202306/202307/P020230719348171286633.pdf
600446,金证股份,深圳市金证科技股份有限公司,深圳市金新农科技股份有限公司,2021,recognition,剔除常见公司后缀后的名称相似度=0.800，但当前法人全称不一致,待人工核实母集团/子公司/更名/无关同名；不得直接赋值,0,https://query.sse.com.cn/commonQuery.do?sqlId=COMMON_SSE_CP_GPJCTPZ_GPLB_GP_L,https://xccys.moa.gov.cn/gzdt/202201/t20220113_6386872.htm
600511,国药股份,国药集团药业股份有限公司,华佗国药股份有限公司,2021,recognition,证券简称核心词出现在官方名单名称中，但当前法人全称不一致,待人工核实母集团/子公司/更名/无关同名；不得直接赋值,0,https://query.sse.com.cn/commonQuery.do?sqlId=COMMON_SSE_CP_GPJCTPZ_GPLB_GP_L,https://xccys.moa.gov.cn/gzdt/202201/t20220113_6386872.htm
600522,中天科技,江苏中天科技股份有限公司,江苏天成科技集团有限公司,2021,recognition,剔除常见公司后缀后的名称相似度=0.833，但当前法人全称不一致,待人工核实母集团/子公司/更名/无关同名；不得直接赋值,0,https://query.sse.com.cn/commonQuery.do?sqlId=COMMON_SSE_CP_GPJCTPZ_GPLB_GP_L,https://xccys.moa.gov.cn/gzdt/202201/t20220113_6386872.htm
600540,新赛股份,新疆赛里木现代农业股份有限公司,新疆塔里木河种业股份有限公司,2014,monitor_pass,剔除常见公司后缀后的名称相似度=0.588，但当前法人全称不一致,待人工核实母集团/子公司/更名/无关同名；不得直接赋值,0,https://query.sse.com.cn/commonQuery.do?sqlId=COMMON_SSE_CP_GPJCTPZ_GPLB_GP_L,https://www.moa.gov.cn/nybgb/2014/shi/201712/P020180104776701107212.pdf
600540,新赛股份,新疆赛里木现代农业股份有限公司,新疆塔里木河种业股份有限公司,2018,monitor_pass,剔除常见公司后缀后的名称相似度=0.588，但当前法人全称不一致,待人工核实母集团/子公司/更名/无关同名；不得直接赋值,0,https://query.sse.com.cn/commonQuery.do?sqlId=COMMON_SSE_CP_GPJCTPZ_GPLB_GP_L,https://xccys.moa.gov.cn/gzdt/201812/t20181205_6314544.htm
600540,新赛股份,新疆赛里木现代农业股份有限公司,新疆塔里木河种业股份有限公司,2020,monitor_pass,剔除常见公司后缀后的名称相似度=0.588，但当前法人全称不一致,待人工核实母集团/子公司/更名/无关同名；不得直接赋值,0,https://query.sse.com.cn/commonQuery.do?sqlId=COMMON_SSE_CP_GPJCTPZ_GPLB_GP_L,https://www.moa.gov.cn/nybgb/2020/202012/202102/P020210201587636946140.pdf
600540,新赛股份,新疆赛里木现代农业股份有限公司,新疆塔里木河种业股份有限公司,2023,monitor_pass,剔除常见公司后缀后的名称相似度=0.588，但当前法人全称不一致,待人工核实母集团/子公司/更名/无关同名；不得直接赋值,0,https://query.sse.com.cn/commonQuery.do?sqlId=COMMON_SSE_CP_GPJCTPZ_GPLB_GP_L,https://www.moa.gov.cn/nybgb/2023/202306/202307/P020230719348171286633.pdf
600582,天地科技,天地科技股份有限公司,天府科技集团有限公司,2020,monitor_pass,剔除常见公司后缀后的名称相似度=0.750，但当前法人全称不一致,待人工核实母集团/子公司/更名/无关同名；不得直接赋值,0,https://query.sse.com.cn/commonQuery.do?sqlId=COMMON_SSE_CP_GPJCTPZ_GPLB_GP_L,https://www.moa.gov.cn/nybgb/2020/202012/202102/P020210201587636946140.pdf
600582,天地科技,天地科技股份有限公司,天府科技集团有限公司,2023,monitor_pass,剔除常见公司后缀后的名称相似度=0.750，但当前法人全称不一致,待人工核实母集团/子公司/更名/无关同名；不得直接赋值,0,https://query.sse.com.cn/commonQuery.do?sqlId=COMMON_SSE_CP_GPJCTPZ_GPLB_GP_L,https://www.moa.gov.cn/nybgb/2023/202306/202307/P020230719348171286633.pdf
600597,光明乳业,光明乳业股份有限公司,光明米业（集团）有限公司,2014,monitor_pass,剔除常见公司后缀后的名称相似度=0.750，但当前法人全称不一致,待人工核实母集团/子公司/更名/无关同名；不得直接赋值,0,https://query.sse.com.cn/commonQuery.do?sqlId=COMMON_SSE_CP_GPJCTPZ_GPLB_GP_L,https://www.moa.gov.cn/nybgb/2014/shi/201712/P020180104776701107212.pdf
600597,光明乳业,光明乳业股份有限公司,光明米业（集团）有限公司,2018,monitor_pass,剔除常见公司后缀后的名称相似度=0.750，但当前法人全称不一致,待人工核实母集团/子公司/更名/无关同名；不得直接赋值,0,https://query.sse.com.cn/commonQuery.do?sqlId=COMMON_SSE_CP_GPJCTPZ_GPLB_GP_L,https://xccys.moa.gov.cn/gzdt/201812/t20181205_6314544.htm
600597,光明乳业,光明乳业股份有限公司,光明米业（集团）有限公司,2020,monitor_pass,剔除常见公司后缀后的名称相似度=0.750，但当前法人全称不一致,待人工核实母集团/子公司/更名/无关同名；不得直接赋值,0,https://query.sse.com.cn/commonQuery.do?sqlId=COMMON_SSE_CP_GPJCTPZ_GPLB_GP_L,https://www.moa.gov.cn/nybgb/2020/202012/202102/P020210201587636946140.pdf
600598,北大荒,黑龙江北大荒农业股份有限公司,北大荒丰缘集团有限公司,2014,monitor_pass,证券简称核心词出现在官方名单名称中，但当前法人全称不一致,待人工核实母集团/子公司/更名/无关同名；不得直接赋值,0,https://query.sse.com.cn/commonQuery.do?sqlId=COMMON_SSE_CP_GPJCTPZ_GPLB_GP_L,https://www.moa.gov.cn/nybgb/2014/shi/201712/P020180104776701107212.pdf
600598,北大荒,黑龙江北大荒农业股份有限公司,北大荒马铃薯集团有限公司,2014,monitor_pass,证券简称核心词出现在官方名单名称中，但当前法人全称不一致,待人工核实母集团/子公司/更名/无关同名；不得直接赋值,0,https://query.sse.com.cn/commonQuery.do?sqlId=COMMON_SSE_CP_GPJCTPZ_GPLB_GP_L,https://www.moa.gov.cn/nybgb/2014/shi/201712/P020180104776701107212.pdf
600598,北大荒,黑龙江北大荒农业股份有限公司,黑龙江北大仓集团有限公司,2014,monitor_pass,剔除常见公司后缀后的名称相似度=0.714，但当前法人全称不一致,待人工核实母集团/子公司/更名/无关同名；不得直接赋值,0,https://query.sse.com.cn/commonQuery.do?sqlId=COMMON_SSE_CP_GPJCTPZ_GPLB_GP_L,https://www.moa.gov.cn/nybgb/2014/shi/201712/P020180104776701107212.pdf
600598,北大荒,黑龙江北大荒农业股份有限公司,北大荒马铃薯集团有限公司,2018,monitor_pass,证券简称核心词出现在官方名单名称中，但当前法人全称不一致,待人工核实母集团/子公司/更名/无关同名；不得直接赋值,0,https://query.sse.com.cn/commonQuery.do?sqlId=COMMON_SSE_CP_GPJCTPZ_GPLB_GP_L,https://xccys.moa.gov.cn/gzdt/201812/t20181205_6314544.htm
600598,北大荒,黑龙江北大荒农业股份有限公司,北大荒马铃薯集团有限公司,2020,monitor_pass,证券简称核心词出现在官方名单名称中，但当前法人全称不一致,待人工核实母集团/子公司/更名/无关同名；不得直接赋值,0,https://query.sse.com.cn/commonQuery.do?sqlId=COMMON_SSE_CP_GPJCTPZ_GPLB_GP_L,https://www.moa.gov.cn/nybgb/2020/202012/202102/P020210201587636946140.pdf
600598,北大荒,黑龙江北大荒农业股份有限公司,北大荒垦丰种业股份有限公司,2021,recognition,证券简称核心词出现在官方名单名称中，但当前法人全称不一致,待人工核实母集团/子公司/更名/无关同名；不得直接赋值,0,https://query.sse.com.cn/commonQuery.do?sqlId=COMMON_SSE_CP_GPJCTPZ_GPLB_GP_L,https://xccys.moa.gov.cn/gzdt/202201/t20220113_6386872.htm
600598,北大荒,黑龙江北大荒农业股份有限公司,北大荒完达山乳业股份有限公司,2023,monitor_pass,证券简称核心词出现在官方名单名称中，但当前法人全称不一致,待人工核实母集团/子公司/更名/无关同名；不得直接赋值,0,https://query.sse.com.cn/commonQuery.do?sqlId=COMMON_SSE_CP_GPJCTPZ_GPLB_GP_L,https://www.moa.gov.cn/nybgb/2023/202306/202307/P020230719348171286633.pdf
600598,北大荒,黑龙江北大荒农业股份有限公司,北大荒薯业集团有限公司,2023,monitor_pass,证券简称核心词出现在官方名单名称中，但当前法人全称不一致,待人工核实母集团/子公司/更名/无关同名；不得直接赋值,0,https://query.sse.com.cn/commonQuery.do?sqlId=COMMON_SSE_CP_GPJCTPZ_GPLB_GP_L,https://www.moa.gov.cn/nybgb/2023/202306/202307/P020230719348171286633.pdf
600667,太极实业,无锡市太极实业股份有限公司,重庆太极实业（集团）股份有限公司,2018,monitor_pass,证券简称核心词出现在官方名单名称中，但当前法人全称不一致,待人工核实母集团/子公司/更名/无关同名；不得直接赋值,0,https://query.sse.com.cn/commonQuery.do?sqlId=COMMON_SSE_CP_GPJCTPZ_GPLB_GP_L,https://xccys.moa.gov.cn/gzdt/201812/t20181205_6314544.htm
600667,太极实业,无锡市太极实业股份有限公司,重庆太极实业（集团）股份有限公司,2020,monitor_pass,证券简称核心词出现在官方名单名称中，但当前法人全称不一致,待人工核实母集团/子公司/更名/无关同名；不得直接赋值,0,https://query.sse.com.cn/commonQuery.do?sqlId=COMMON_SSE_CP_GPJCTPZ_GPLB_GP_L,https://www.moa.gov.cn/nybgb/2020/202012/202102/P020210201587636946140.pdf
600667,太极实业,无锡市太极实业股份有限公司,重庆太极实业（集团）股份有限公司,2023,monitor_pass,证券简称核心词出现在官方名单名称中，但当前法人全称不一致,待人工核实母集团/子公司/更名/无关同名；不得直接赋值,0,https://query.sse.com.cn/commonQuery.do?sqlId=COMMON_SSE_CP_GPJCTPZ_GPLB_GP_L,https://www.moa.gov.cn/nybgb/2023/202306/202307/P020230719348171286633.pdf
600717,天津港,天津港股份有限公司,天津港强集团有限公司,2021,recognition,证券简称核心词出现在官方名单名称中，但当前法人全称不一致,待人工核实母集团/子公司/更名/无关同名；不得直接赋值,0,https://query.sse.com.cn/commonQuery.do?sqlId=COMMON_SSE_CP_GPJCTPZ_GPLB_GP_L,https://xccys.moa.gov.cn/gzdt/202201/t20220113_6386872.htm
600730,*ST高科,中国高科集团股份有限公司,袁隆平农业高科技股份有限公司,2014,monitor_pass,证券简称核心词出现在官方名单名称中，但当前法人全称不一致,待人工核实母集团/子公司/更名/无关同名；不得直接赋值,0,https://query.sse.com.cn/commonQuery.do?sqlId=COMMON_SSE_CP_GPJCTPZ_GPLB_GP_L,https://www.moa.gov.cn/nybgb/2014/shi/201712/P020180104776701107212.pdf
600730,*ST高科,中国高科集团股份有限公司,聚宝金昊农业高科有限公司,2018,monitor_pass,证券简称核心词出现在官方名单名称中，但当前法人全称不一致,待人工核实母集团/子公司/更名/无关同名；不得直接赋值,0,https://query.sse.com.cn/commonQuery.do?sqlId=COMMON_SSE_CP_GPJCTPZ_GPLB_GP_L,https://xccys.moa.gov.cn/gzdt/201812/t20181205_6314544.htm
600730,*ST高科,中国高科集团股份有限公司,袁隆平农业高科技股份有限公司,2018,monitor_pass,证券简称核心词出现在官方名单名称中，但当前法人全称不一致,待人工核实母集团/子公司/更名/无关同名；不得直接赋值,0,https://query.sse.com.cn/commonQuery.do?sqlId=COMMON_SSE_CP_GPJCTPZ_GPLB_GP_L,https://xccys.moa.gov.cn/gzdt/201812/t20181205_6314544.htm
600730,*ST高科,中国高科集团股份有限公司,安徽荃银高科种业股份有限公司,2019,recognition,证券简称核心词出现在官方名单名称中，但当前法人全称不一致,待人工核实母集团/子公司/更名/无关同名；不得直接赋值,0,https://query.sse.com.cn/commonQuery.do?sqlId=COMMON_SSE_CP_GPJCTPZ_GPLB_GP_L,https://www.moa.gov.cn/nybgb/2019/201912/202004/P020200410023357640054.pdf
600730,*ST高科,中国高科集团股份有限公司,海南广陵高科实业有限公司,2019,recognition,证券简称核心词出现在官方名单名称中，但当前法人全称不一致,待人工核实母集团/子公司/更名/无关同名；不得直接赋值,0,https://query.sse.com.cn/commonQuery.do?sqlId=COMMON_SSE_CP_GPJCTPZ_GPLB_GP_L,https://www.moa.gov.cn/nybgb/2019/201912/202004/P020200410023357640054.pdf
600730,*ST高科,中国高科集团股份有限公司,湘村高科农业股份有限公司,2020,monitor_pass,证券简称核心词出现在官方名单名称中，但当前法人全称不一致,待人工核实母集团/子公司/更名/无关同名；不得直接赋值,0,https://query.sse.com.cn/commonQuery.do?sqlId=COMMON_SSE_CP_GPJCTPZ_GPLB_GP_L,https://www.moa.gov.cn/nybgb/2020/202012/202102/P020210201587636946140.pdf
600730,*ST高科,中国高科集团股份有限公司,袁隆平农业高科技股份有限公司,2020,monitor_pass,证券简称核心词出现在官方名单名称中，但当前法人全称不一致,待人工核实母集团/子公司/更名/无关同名；不得直接赋值,0,https://query.sse.com.cn/commonQuery.do?sqlId=COMMON_SSE_CP_GPJCTPZ_GPLB_GP_L,https://www.moa.gov.cn/nybgb/2020/202012/202102/P020210201587636946140.pdf
600730,*ST高科,中国高科集团股份有限公司,湘村高科农业股份有限公司,2023,monitor_pass,证券简称核心词出现在官方名单名称中，但当前法人全称不一致,待人工核实母集团/子公司/更名/无关同名；不得直接赋值,0,https://query.sse.com.cn/commonQuery.do?sqlId=COMMON_SSE_CP_GPJCTPZ_GPLB_GP_L,https://www.moa.gov.cn/nybgb/2023/202306/202307/P020230719348171286633.pdf
600771,广誉远,广誉远中药股份有限公司,山西广誉远国药有限公司,2021,recognition,证券简称核心词出现在官方名单名称中，但当前法人全称不一致,待人工核实母集团/子公司/更名/无关同名；不得直接赋值,0,https://query.sse.com.cn/commonQuery.do?sqlId=COMMON_SSE_CP_GPJCTPZ_GPLB_GP_L,https://xccys.moa.gov.cn/gzdt/202201/t20220113_6386872.htm
600809,山西汾酒,山西杏花村汾酒厂股份有限公司,山西杏花村汾酒集团有限责任公司,2023,replacement,剔除常见公司后缀后的名称相似度=0.933，但当前法人全称不一致,待人工核实母集团/子公司/更名/无关同名；不得直接赋值,0,https://query.sse.com.cn/commonQuery.do?sqlId=COMMON_SSE_CP_GPJCTPZ_GPLB_GP_L,https://www.moa.gov.cn/nybgb/2023/202306/202307/P020230719348171286633.pdf
600873,梅花生物,梅花生物科技集团股份有限公司,通辽梅花生物科技有限公司,2019,recognition,证券简称核心词出现在官方名单名称中，但当前法人全称不一致,待人工核实母集团/子公司/更名/无关同名；不得直接赋值,0,https://query.sse.com.cn/commonQuery.do?sqlId=COMMON_SSE_CP_GPJCTPZ_GPLB_GP_L,https://www.moa.gov.cn/nybgb/2019/201912/202004/P020200410023357640054.pdf
600873,梅花生物,梅花生物科技集团股份有限公司,通辽梅花生物科技有限公司,2023,monitor_pass,证券简称核心词出现在官方名单名称中，但当前法人全称不一致,待人工核实母集团/子公司/更名/无关同名；不得直接赋值,0,https://query.sse.com.cn/commonQuery.do?sqlId=COMMON_SSE_CP_GPJCTPZ_GPLB_GP_L,https://www.moa.gov.cn/nybgb/2023/202306/202307/P020230719348171286633.pdf
600965,*ST福成,河北福成五丰食品股份有限公司,成都丰丰食品有限公司,2014,monitor_pass,剔除常见公司后缀后的名称相似度=0.571，但当前法人全称不一致,待人工核实母集团/子公司/更名/无关同名；不得直接赋值,0,https://query.sse.com.cn/commonQuery.do?sqlId=COMMON_SSE_CP_GPJCTPZ_GPLB_GP_L,https://www.moa.gov.cn/nybgb/2014/shi/201712/P020180104776701107212.pdf
600965,*ST福成,河北福成五丰食品股份有限公司,河北国宾食品有限公司,2014,monitor_pass,剔除常见公司后缀后的名称相似度=0.571，但当前法人全称不一致,待人工核实母集团/子公司/更名/无关同名；不得直接赋值,0,https://query.sse.com.cn/commonQuery.do?sqlId=COMMON_SSE_CP_GPJCTPZ_GPLB_GP_L,https://www.moa.gov.cn/nybgb/2014/shi/201712/P020180104776701107212.pdf
600965,*ST福成,河北福成五丰食品股份有限公司,河北怡达食品集团有限公司,2014,monitor_pass,剔除常见公司后缀后的名称相似度=0.571，但当前法人全称不一致,待人工核实母集团/子公司/更名/无关同名；不得直接赋值,0,https://query.sse.com.cn/commonQuery.do?sqlId=COMMON_SSE_CP_GPJCTPZ_GPLB_GP_L,https://www.moa.gov.cn/nybgb/2014/shi/201712/P020180104776701107212.pdf
600965,*ST福成,河北福成五丰食品股份有限公司,河北栗源食品有限公司,2014,monitor_pass,剔除常见公司后缀后的名称相似度=0.571，但当前法人全称不一致,待人工核实母集团/子公司/更名/无关同名；不得直接赋值,0,https://query.sse.com.cn/commonQuery.do?sqlId=COMMON_SSE_CP_GPJCTPZ_GPLB_GP_L,https://www.moa.gov.cn/nybgb/2014/shi/201712/P020180104776701107212.pdf
600965,*ST福成,河北福成五丰食品股份有限公司,河北顶大食品集团有限公司,2014,monitor_pass,剔除常见公司后缀后的名称相似度=0.571，但当前法人全称不一致,待人工核实母集团/子公司/更名/无关同名；不得直接赋值,0,https://query.sse.com.cn/commonQuery.do?sqlId=COMMON_SSE_CP_GPJCTPZ_GPLB_GP_L,https://www.moa.gov.cn/nybgb/2014/shi/201712/P020180104776701107212.pdf
600965,*ST福成,河北福成五丰食品股份有限公司,河北双鸽食品股份有限公司,2018,monitor_pass,剔除常见公司后缀后的名称相似度=0.571，但当前法人全称不一致,待人工核实母集团/子公司/更名/无关同名；不得直接赋值,0,https://query.sse.com.cn/commonQuery.do?sqlId=COMMON_SSE_CP_GPJCTPZ_GPLB_GP_L,https://xccys.moa.gov.cn/gzdt/201812/t20181205_6314544.htm
600965,*ST福成,河北福成五丰食品股份有限公司,河北怡达食品集团有限公司,2018,monitor_pass,剔除常见公司后缀后的名称相似度=0.571，但当前法人全称不一致,待人工核实母集团/子公司/更名/无关同名；不得直接赋值,0,https://query.sse.com.cn/commonQuery.do?sqlId=COMMON_SSE_CP_GPJCTPZ_GPLB_GP_L,https://xccys.moa.gov.cn/gzdt/201812/t20181205_6314544.htm
600965,*ST福成,河北福成五丰食品股份有限公司,河北顶大食品集团有限公司,2018,monitor_pass,剔除常见公司后缀后的名称相似度=0.571，但当前法人全称不一致,待人工核实母集团/子公司/更名/无关同名；不得直接赋值,0,https://query.sse.com.cn/commonQuery.do?sqlId=COMMON_SSE_CP_GPJCTPZ_GPLB_GP_L,https://xccys.moa.gov.cn/gzdt/201812/t20181205_6314544.htm
601008,连云港,江苏连云港港口股份有限公司,连云港市农业发展集团有限公司,2020,monitor_pass,证券简称核心词出现在官方名单名称中，但当前法人全称不一致,待人工核实母集团/子公司/更名/无关同名；不得直接赋值,0,https://query.sse.com.cn/commonQuery.do?sqlId=COMMON_SSE_CP_GPJCTPZ_GPLB_GP_L,https://www.moa.gov.cn/nybgb/2020/202012/202102/P020210201587636946140.pdf
601008,连云港,江苏连云港港口股份有限公司,连云港银丰食用菌科技有限公司,2021,recognition,证券简称核心词出现在官方名单名称中，但当前法人全称不一致,待人工核实母集团/子公司/更名/无关同名；不得直接赋值,0,https://query.sse.com.cn/commonQuery.do?sqlId=COMMON_SSE_CP_GPJCTPZ_GPLB_GP_L,https://xccys.moa.gov.cn/gzdt/202201/t20220113_6386872.htm
601008,连云港,江苏连云港港口股份有限公司,连云港市农业发展集团有限公司,2023,monitor_pass,证券简称核心词出现在官方名单名称中，但当前法人全称不一致,待人工核实母集团/子公司/更名/无关同名；不得直接赋值,0,https://query.sse.com.cn/commonQuery.do?sqlId=COMMON_SSE_CP_GPJCTPZ_GPLB_GP_L,https://www.moa.gov.cn/nybgb/2023/202306/202307/P020230719348171286633.pdf
601187,厦门银行,厦门银行股份有限公司,厦门银祥集团有限公司,2014,monitor_pass,剔除常见公司后缀后的名称相似度=0.750，但当前法人全称不一致,待人工核实母集团/子公司/更名/无关同名；不得直接赋值,0,https://query.sse.com.cn/commonQuery.do?sqlId=COMMON_SSE_CP_GPJCTPZ_GPLB_GP_L,https://www.moa.gov.cn/nybgb/2014/shi/201712/P020180104776701107212.pdf
601187,厦门银行,厦门银行股份有限公司,厦门银鹭集团有限公司,2014,monitor_pass,剔除常见公司后缀后的名称相似度=0.750，但当前法人全称不一致,待人工核实母集团/子公司/更名/无关同名；不得直接赋值,0,https://query.sse.com.cn/commonQuery.do?sqlId=COMMON_SSE_CP_GPJCTPZ_GPLB_GP_L,https://www.moa.gov.cn/nybgb/2014/shi/201712/P020180104776701107212.pdf
601187,厦门银行,厦门银行股份有限公司,厦门银祥集团有限公司,2018,monitor_pass,剔除常见公司后缀后的名称相似度=0.750，但当前法人全称不一致,待人工核实母集团/子公司/更名/无关同名；不得直接赋值,0,https://query.sse.com.cn/commonQuery.do?sqlId=COMMON_SSE_CP_GPJCTPZ_GPLB_GP_L,https://xccys.moa.gov.cn/gzdt/201812/t20181205_6314544.htm
601187,厦门银行,厦门银行股份有限公司,厦门银祥集团有限公司,2020,monitor_pass,剔除常见公司后缀后的名称相似度=0.750，但当前法人全称不一致,待人工核实母集团/子公司/更名/无关同名；不得直接赋值,0,https://query.sse.com.cn/commonQuery.do?sqlId=COMMON_SSE_CP_GPJCTPZ_GPLB_GP_L,https://www.moa.gov.cn/nybgb/2020/202012/202102/P020210201587636946140.pdf
601187,厦门银行,厦门银行股份有限公司,厦门银祥集团有限公司,2023,monitor_pass,剔除常见公司后缀后的名称相似度=0.750，但当前法人全称不一致,待人工核实母集团/子公司/更名/无关同名；不得直接赋值,0,https://query.sse.com.cn/commonQuery.do?sqlId=COMMON_SSE_CP_GPJCTPZ_GPLB_GP_L,https://www.moa.gov.cn/nybgb/2023/202306/202307/P020230719348171286633.pdf
601952,苏垦农发,江苏省农垦农业发展股份有限公司,江苏省农垦米业集团有限公司,2014,monitor_pass,剔除常见公司后缀后的名称相似度=0.750，但当前法人全称不一致,待人工核实母集团/子公司/更名/无关同名；不得直接赋值,0,https://query.sse.com.cn/commonQuery.do?sqlId=COMMON_SSE_CP_GPJCTPZ_GPLB_GP_L,https://www.moa.gov.cn/nybgb/2014/shi/201712/P020180104776701107212.pdf
601952,苏垦农发,江苏省农垦农业发展股份有限公司,江苏省农垦米业集团有限公司,2018,monitor_pass,剔除常见公司后缀后的名称相似度=0.750，但当前法人全称不一致,待人工核实母集团/子公司/更名/无关同名；不得直接赋值,0,https://query.sse.com.cn/commonQuery.do?sqlId=COMMON_SSE_CP_GPJCTPZ_GPLB_GP_L,https://xccys.moa.gov.cn/gzdt/201812/t20181205_6314544.htm
601952,苏垦农发,江苏省农垦农业发展股份有限公司,江苏省农垦米业集团有限公司,2020,monitor_pass,剔除常见公司后缀后的名称相似度=0.750，但当前法人全称不一致,待人工核实母集团/子公司/更名/无关同名；不得直接赋值,0,https://query.sse.com.cn/commonQuery.do?sqlId=COMMON_SSE_CP_GPJCTPZ_GPLB_GP_L,https://www.moa.gov.cn/nybgb/2020/202012/202102/P020210201587636946140.pdf
601952,苏垦农发,江苏省农垦农业发展股份有限公司,江苏省农垦米业集团有限公司,2023,monitor_pass,剔除常见公司后缀后的名称相似度=0.750，但当前法人全称不一致,待人工核实母集团/子公司/更名/无关同名；不得直接赋值,0,https://query.sse.com.cn/commonQuery.do?sqlId=COMMON_SSE_CP_GPJCTPZ_GPLB_GP_L,https://www.moa.gov.cn/nybgb/2023/202306/202307/P020230719348171286633.pdf
603025,大豪科技,北京大豪科技股份有限公司,北京大北农科技集团股份有限公司,2014,monitor_pass,剔除常见公司后缀后的名称相似度=0.769，但当前法人全称不一致,待人工核实母集团/子公司/更名/无关同名；不得直接赋值,0,https://query.sse.com.cn/commonQuery.do?sqlId=COMMON_SSE_CP_GPJCTPZ_GPLB_GP_L,https://www.moa.gov.cn/nybgb/2014/shi/201712/P020180104776701107212.pdf
603025,大豪科技,北京大豪科技股份有限公司,北京大北农科技集团股份有限公司,2018,monitor_pass,剔除常见公司后缀后的名称相似度=0.769，但当前法人全称不一致,待人工核实母集团/子公司/更名/无关同名；不得直接赋值,0,https://query.sse.com.cn/commonQuery.do?sqlId=COMMON_SSE_CP_GPJCTPZ_GPLB_GP_L,https://xccys.moa.gov.cn/gzdt/201812/t20181205_6314544.htm
603025,大豪科技,北京大豪科技股份有限公司,北京大北农科技集团股份有限公司,2020,monitor_pass,剔除常见公司后缀后的名称相似度=0.769，但当前法人全称不一致,待人工核实母集团/子公司/更名/无关同名；不得直接赋值,0,https://query.sse.com.cn/commonQuery.do?sqlId=COMMON_SSE_CP_GPJCTPZ_GPLB_GP_L,https://www.moa.gov.cn/nybgb/2020/202012/202102/P020210201587636946140.pdf
603025,大豪科技,北京大豪科技股份有限公司,北农大科技股份有限公司,2020,monitor_pass,剔除常见公司后缀后的名称相似度=0.727，但当前法人全称不一致,待人工核实母集团/子公司/更名/无关同名；不得直接赋值,0,https://query.sse.com.cn/commonQuery.do?sqlId=COMMON_SSE_CP_GPJCTPZ_GPLB_GP_L,https://www.moa.gov.cn/nybgb/2020/202012/202102/P020210201587636946140.pdf
603025,大豪科技,北京大豪科技股份有限公司,北京大北农科技集团股份有限公司,2023,monitor_pass,剔除常见公司后缀后的名称相似度=0.769，但当前法人全称不一致,待人工核实母集团/子公司/更名/无关同名；不得直接赋值,0,https://query.sse.com.cn/commonQuery.do?sqlId=COMMON_SSE_CP_GPJCTPZ_GPLB_GP_L,https://www.moa.gov.cn/nybgb/2023/202306/202307/P020230719348171286633.pdf
603025,大豪科技,北京大豪科技股份有限公司,北农大科技股份有限公司,2023,monitor_pass,剔除常见公司后缀后的名称相似度=0.727，但当前法人全称不一致,待人工核实母集团/子公司/更名/无关同名；不得直接赋值,0,https://query.sse.com.cn/commonQuery.do?sqlId=COMMON_SSE_CP_GPJCTPZ_GPLB_GP_L,https://www.moa.gov.cn/nybgb/2023/202306/202307/P020230719348171286633.pdf
603077,和邦生物,四川和邦生物科技股份有限公司,四川岚晟生物科技股份有限公司,2021,recognition,剔除常见公司后缀后的名称相似度=0.750，但当前法人全称不一致,待人工核实母集团/子公司/更名/无关同名；不得直接赋值,0,https://query.sse.com.cn/commonQuery.do?sqlId=COMMON_SSE_CP_GPJCTPZ_GPLB_GP_L,https://xccys.moa.gov.cn/gzdt/202201/t20220113_6386872.htm
603099,长白山,长白山旅游股份有限公司,长白山皇封参业股份有限公司,2020,monitor_pass,证券简称核心词出现在官方名单名称中，但当前法人全称不一致,待人工核实母集团/子公司/更名/无关同名；不得直接赋值,0,https://query.sse.com.cn/commonQuery.do?sqlId=COMMON_SSE_CP_GPJCTPZ_GPLB_GP_L,https://www.moa.gov.cn/nybgb/2020/202012/202102/P020210201587636946140.pdf
603099,长白山,长白山旅游股份有限公司,长白山皇封参业股份有限公司,2023,monitor_pass,证券简称核心词出现在官方名单名称中，但当前法人全称不一致,待人工核实母集团/子公司/更名/无关同名；不得直接赋值,0,https://query.sse.com.cn/commonQuery.do?sqlId=COMMON_SSE_CP_GPJCTPZ_GPLB_GP_L,https://www.moa.gov.cn/nybgb/2023/202306/202307/P020230719348171286633.pdf
603116,红蜻蜓,浙江红蜻蜓鞋业股份有限公司,重庆红蜻蜓油脂有限责任公司,2014,monitor_pass,证券简称核心词出现在官方名单名称中，但当前法人全称不一致,待人工核实母集团/子公司/更名/无关同名；不得直接赋值,0,https://query.sse.com.cn/commonQuery.do?sqlId=COMMON_SSE_CP_GPJCTPZ_GPLB_GP_L,https://www.moa.gov.cn/nybgb/2014/shi/201712/P020180104776701107212.pdf
603116,红蜻蜓,浙江红蜻蜓鞋业股份有限公司,重庆红蜻蜓油脂有限责任公司,2018,monitor_pass,证券简称核心词出现在官方名单名称中，但当前法人全称不一致,待人工核实母集团/子公司/更名/无关同名；不得直接赋值,0,https://query.sse.com.cn/commonQuery.do?sqlId=COMMON_SSE_CP_GPJCTPZ_GPLB_GP_L,https://xccys.moa.gov.cn/gzdt/201812/t20181205_6314544.htm
603161,科华控股,科华控股股份有限公司,华斯控股股份有限公司,2018,monitor_pass,剔除常见公司后缀后的名称相似度=0.750，但当前法人全称不一致,待人工核实母集团/子公司/更名/无关同名；不得直接赋值,0,https://query.sse.com.cn/commonQuery.do?sqlId=COMMON_SSE_CP_GPJCTPZ_GPLB_GP_L,https://xccys.moa.gov.cn/gzdt/201812/t20181205_6314544.htm
603161,科华控股,科华控股股份有限公司,华斯控股股份有限公司,2020,monitor_pass,剔除常见公司后缀后的名称相似度=0.750，但当前法人全称不一致,待人工核实母集团/子公司/更名/无关同名；不得直接赋值,0,https://query.sse.com.cn/commonQuery.do?sqlId=COMMON_SSE_CP_GPJCTPZ_GPLB_GP_L,https://www.moa.gov.cn/nybgb/2020/202012/202102/P020210201587636946140.pdf
603161,科华控股,科华控股股份有限公司,华斯控股股份有限公司,2023,monitor_pass,剔除常见公司后缀后的名称相似度=0.750，但当前法人全称不一致,待人工核实母集团/子公司/更名/无关同名；不得直接赋值,0,https://query.sse.com.cn/commonQuery.do?sqlId=COMMON_SSE_CP_GPJCTPZ_GPLB_GP_L,https://www.moa.gov.cn/nybgb/2023/202306/202307/P020230719348171286633.pdf
603182,嘉华股份,山东嘉华生物科技股份有限公司,山东丁马生物科技有限公司,2014,monitor_pass,剔除常见公司后缀后的名称相似度=0.750，但当前法人全称不一致,待人工核实母集团/子公司/更名/无关同名；不得直接赋值,0,https://query.sse.com.cn/commonQuery.do?sqlId=COMMON_SSE_CP_GPJCTPZ_GPLB_GP_L,https://www.moa.gov.cn/nybgb/2014/shi/201712/P020180104776701107212.pdf
603182,嘉华股份,山东嘉华生物科技股份有限公司,山东丁马生物科技有限公司,2018,monitor_pass,剔除常见公司后缀后的名称相似度=0.750，但当前法人全称不一致,待人工核实母集团/子公司/更名/无关同名；不得直接赋值,0,https://query.sse.com.cn/commonQuery.do?sqlId=COMMON_SSE_CP_GPJCTPZ_GPLB_GP_L,https://xccys.moa.gov.cn/gzdt/201812/t20181205_6314544.htm
603182,嘉华股份,山东嘉华生物科技股份有限公司,山东丁马生物科技有限公司,2020,monitor_pass,剔除常见公司后缀后的名称相似度=0.750，但当前法人全称不一致,待人工核实母集团/子公司/更名/无关同名；不得直接赋值,0,https://query.sse.com.cn/commonQuery.do?sqlId=COMMON_SSE_CP_GPJCTPZ_GPLB_GP_L,https://www.moa.gov.cn/nybgb/2020/202012/202102/P020210201587636946140.pdf
603182,嘉华股份,山东嘉华生物科技股份有限公司,山东福洋生物科技股份有限公司,2020,replacement,剔除常见公司后缀后的名称相似度=0.750，但当前法人全称不一致,待人工核实母集团/子公司/更名/无关同名；不得直接赋值,0,https://query.sse.com.cn/commonQuery.do?sqlId=COMMON_SSE_CP_GPJCTPZ_GPLB_GP_L,https://www.moa.gov.cn/nybgb/2020/202012/202102/P020210201587636946140.pdf
603182,嘉华股份,山东嘉华生物科技股份有限公司,山东福洋生物科技股份有限公司,2023,monitor_pass,剔除常见公司后缀后的名称相似度=0.750，但当前法人全称不一致,待人工核实母集团/子公司/更名/无关同名；不得直接赋值,0,https://query.sse.com.cn/commonQuery.do?sqlId=COMMON_SSE_CP_GPJCTPZ_GPLB_GP_L,https://www.moa.gov.cn/nybgb/2023/202306/202307/P020230719348171286633.pdf
603182,嘉华股份,山东嘉华生物科技股份有限公司,山东飞达集团生物科技股份有限公司,2023,monitor_pass,剔除常见公司后缀后的名称相似度=0.750，但当前法人全称不一致,待人工核实母集团/子公司/更名/无关同名；不得直接赋值,0,https://query.sse.com.cn/commonQuery.do?sqlId=COMMON_SSE_CP_GPJCTPZ_GPLB_GP_L,https://www.moa.gov.cn/nybgb/2023/202306/202307/P020230719348171286633.pdf
603278,大业股份,山东大业股份有限公司,山东种业集团有限公司,2023,replacement,剔除常见公司后缀后的名称相似度=0.750，但当前法人全称不一致,待人工核实母集团/子公司/更名/无关同名；不得直接赋值,0,https://query.sse.com.cn/commonQuery.do?sqlId=COMMON_SSE_CP_GPJCTPZ_GPLB_GP_L,https://www.moa.gov.cn/nybgb/2023/202306/202307/P020230719348171286633.pdf
603345,安井食品,安井食品集团股份有限公司,福建安井食品股份有限公司,2018,monitor_pass,证券简称核心词出现在官方名单名称中，但当前法人全称不一致,待人工核实母集团/子公司/更名/无关同名；不得直接赋值,0,https://query.sse.com.cn/commonQuery.do?sqlId=COMMON_SSE_CP_GPJCTPZ_GPLB_GP_L,https://xccys.moa.gov.cn/gzdt/201812/t20181205_6314544.htm
603345,安井食品,安井食品集团股份有限公司,福建安井食品股份有限公司,2020,monitor_pass,证券简称核心词出现在官方名单名称中，但当前法人全称不一致,待人工核实母集团/子公司/更名/无关同名；不得直接赋值,0,https://query.sse.com.cn/commonQuery.do?sqlId=COMMON_SSE_CP_GPJCTPZ_GPLB_GP_L,https://www.moa.gov.cn/nybgb/2020/202012/202102/P020210201587636946140.pdf
603363,傲农生物,福建傲农生物科技集团股份有限公司,福建万辰生物科技股份有限公司,2020,replacement,剔除常见公司后缀后的名称相似度=0.750，但当前法人全称不一致,待人工核实母集团/子公司/更名/无关同名；不得直接赋值,0,https://query.sse.com.cn/commonQuery.do?sqlId=COMMON_SSE_CP_GPJCTPZ_GPLB_GP_L,https://www.moa.gov.cn/nybgb/2020/202012/202102/P020210201587636946140.pdf
603363,傲农生物,福建傲农生物科技集团股份有限公司,福建万辰生物科技股份有限公司,2023,monitor_pass,剔除常见公司后缀后的名称相似度=0.750，但当前法人全称不一致,待人工核实母集团/子公司/更名/无关同名；不得直接赋值,0,https://query.sse.com.cn/commonQuery.do?sqlId=COMMON_SSE_CP_GPJCTPZ_GPLB_GP_L,https://www.moa.gov.cn/nybgb/2023/202306/202307/P020230719348171286633.pdf
603536,惠发食品,山东惠发食品股份有限公司,山东省天惠食品集团有限公司,2023,replacement,剔除常见公司后缀后的名称相似度=0.769，但当前法人全称不一致,待人工核实母集团/子公司/更名/无关同名；不得直接赋值,0,https://query.sse.com.cn/commonQuery.do?sqlId=COMMON_SSE_CP_GPJCTPZ_GPLB_GP_L,https://www.moa.gov.cn/nybgb/2023/202306/202307/P020230719348171286633.pdf
603609,禾丰股份,禾丰食品股份有限公司,乐禾食品集团股份有限公司,2021,recognition,剔除常见公司后缀后的名称相似度=0.750，但当前法人全称不一致,待人工核实母集团/子公司/更名/无关同名；不得直接赋值,0,https://query.sse.com.cn/commonQuery.do?sqlId=COMMON_SSE_CP_GPJCTPZ_GPLB_GP_L,https://xccys.moa.gov.cn/gzdt/202201/t20220113_6386872.htm
603696,安记食品,安记食品股份有限公司,安井食品集团股份有限公司,2023,monitor_pass,剔除常见公司后缀后的名称相似度=0.750，但当前法人全称不一致,待人工核实母集团/子公司/更名/无关同名；不得直接赋值,0,https://query.sse.com.cn/commonQuery.do?sqlId=COMMON_SSE_CP_GPJCTPZ_GPLB_GP_L,https://www.moa.gov.cn/nybgb/2023/202306/202307/P020230719348171286633.pdf
603711,香飘飘,香飘飘食品股份有限公司,武汉飘飘食品集团有限公司,2014,monitor_pass,剔除常见公司后缀后的名称相似度=0.727，但当前法人全称不一致,待人工核实母集团/子公司/更名/无关同名；不得直接赋值,0,https://query.sse.com.cn/commonQuery.do?sqlId=COMMON_SSE_CP_GPJCTPZ_GPLB_GP_L,https://www.moa.gov.cn/nybgb/2014/shi/201712/P020180104776701107212.pdf
603719,良品铺子,良品铺子股份有限公司,湖北良品铺子食品工业有限公司,2019,recognition,证券简称核心词出现在官方名单名称中，但当前法人全称不一致,待人工核实母集团/子公司/更名/无关同名；不得直接赋值,0,https://query.sse.com.cn/commonQuery.do?sqlId=COMMON_SSE_CP_GPJCTPZ_GPLB_GP_L,https://www.moa.gov.cn/nybgb/2019/201912/202004/P020200410023357640054.pdf
603719,良品铺子,良品铺子股份有限公司,湖北良品铺子食品工业有限公司,2023,monitor_pass,证券简称核心词出现在官方名单名称中，但当前法人全称不一致,待人工核实母集团/子公司/更名/无关同名；不得直接赋值,0,https://query.sse.com.cn/commonQuery.do?sqlId=COMMON_SSE_CP_GPJCTPZ_GPLB_GP_L,https://www.moa.gov.cn/nybgb/2023/202306/202307/P020230719348171286633.pdf
603789,ST星农,星光农机股份有限公司,湖北同星农业有限公司,2014,monitor_pass,证券简称核心词出现在官方名单名称中，但当前法人全称不一致,待人工核实母集团/子公司/更名/无关同名；不得直接赋值,0,https://query.sse.com.cn/commonQuery.do?sqlId=COMMON_SSE_CP_GPJCTPZ_GPLB_GP_L,https://www.moa.gov.cn/nybgb/2014/shi/201712/P020180104776701107212.pdf
603789,ST星农,星光农机股份有限公司,江西万年鑫星农牧股份有限公司,2019,recognition,证券简称核心词出现在官方名单名称中，但当前法人全称不一致,待人工核实母集团/子公司/更名/无关同名；不得直接赋值,0,https://query.sse.com.cn/commonQuery.do?sqlId=COMMON_SSE_CP_GPJCTPZ_GPLB_GP_L,https://www.moa.gov.cn/nybgb/2019/201912/202004/P020200410023357640054.pdf
603789,ST星农,星光农机股份有限公司,天津海吉星农产品物流有限公司,2020,replacement,证券简称核心词出现在官方名单名称中，但当前法人全称不一致,待人工核实母集团/子公司/更名/无关同名；不得直接赋值,0,https://query.sse.com.cn/commonQuery.do?sqlId=COMMON_SSE_CP_GPJCTPZ_GPLB_GP_L,https://www.moa.gov.cn/nybgb/2020/202012/202102/P020210201587636946140.pdf
603789,ST星农,星光农机股份有限公司,天津海吉星农产品物流有限公司,2023,monitor_pass,证券简称核心词出现在官方名单名称中，但当前法人全称不一致,待人工核实母集团/子公司/更名/无关同名；不得直接赋值,0,https://query.sse.com.cn/commonQuery.do?sqlId=COMMON_SSE_CP_GPJCTPZ_GPLB_GP_L,https://www.moa.gov.cn/nybgb/2023/202306/202307/P020230719348171286633.pdf
603789,ST星农,星光农机股份有限公司,江西万年鑫星农牧股份有限公司,2023,monitor_pass,证券简称核心词出现在官方名单名称中，但当前法人全称不一致,待人工核实母集团/子公司/更名/无关同名；不得直接赋值,0,https://query.sse.com.cn/commonQuery.do?sqlId=COMMON_SSE_CP_GPJCTPZ_GPLB_GP_L,https://www.moa.gov.cn/nybgb/2023/202306/202307/P020230719348171286633.pdf
603828,*ST利达,苏州柯利达装饰股份有限公司,庆安鑫利达米业有限公司,2014,monitor_pass,证券简称核心词出现在官方名单名称中，但当前法人全称不一致,待人工核实母集团/子公司/更名/无关同名；不得直接赋值,0,https://query.sse.com.cn/commonQuery.do?sqlId=COMMON_SSE_CP_GPJCTPZ_GPLB_GP_L,https://www.moa.gov.cn/nybgb/2014/shi/201712/P020180104776701107212.pdf
603828,*ST利达,苏州柯利达装饰股份有限公司,庆安鑫利达米业有限公司,2018,monitor_pass,证券简称核心词出现在官方名单名称中，但当前法人全称不一致,待人工核实母集团/子公司/更名/无关同名；不得直接赋值,0,https://query.sse.com.cn/commonQuery.do?sqlId=COMMON_SSE_CP_GPJCTPZ_GPLB_GP_L,https://xccys.moa.gov.cn/gzdt/201812/t20181205_6314544.htm
603828,*ST利达,苏州柯利达装饰股份有限公司,庆安鑫利达米业有限公司,2020,monitor_pass,证券简称核心词出现在官方名单名称中，但当前法人全称不一致,待人工核实母集团/子公司/更名/无关同名；不得直接赋值,0,https://query.sse.com.cn/commonQuery.do?sqlId=COMMON_SSE_CP_GPJCTPZ_GPLB_GP_L,https://www.moa.gov.cn/nybgb/2020/202012/202102/P020210201587636946140.pdf
603828,*ST利达,苏州柯利达装饰股份有限公司,庆安鑫利达米业有限公司,2023,monitor_pass,证券简称核心词出现在官方名单名称中，但当前法人全称不一致,待人工核实母集团/子公司/更名/无关同名；不得直接赋值,0,https://query.sse.com.cn/commonQuery.do?sqlId=COMMON_SSE_CP_GPJCTPZ_GPLB_GP_L,https://www.moa.gov.cn/nybgb/2023/202306/202307/P020230719348171286633.pdf
603855,华荣股份,华荣科技股份有限公司,华山科技股份有限公司,2018,monitor_pass,剔除常见公司后缀后的名称相似度=0.750，但当前法人全称不一致,待人工核实母集团/子公司/更名/无关同名；不得直接赋值,0,https://query.sse.com.cn/commonQuery.do?sqlId=COMMON_SSE_CP_GPJCTPZ_GPLB_GP_L,https://xccys.moa.gov.cn/gzdt/201812/t20181205_6314544.htm
603855,华荣股份,华荣科技股份有限公司,华山科技股份有限公司,2020,monitor_pass,剔除常见公司后缀后的名称相似度=0.750，但当前法人全称不一致,待人工核实母集团/子公司/更名/无关同名；不得直接赋值,0,https://query.sse.com.cn/commonQuery.do?sqlId=COMMON_SSE_CP_GPJCTPZ_GPLB_GP_L,https://www.moa.gov.cn/nybgb/2020/202012/202102/P020210201587636946140.pdf
603855,华荣股份,华荣科技股份有限公司,华山科技股份有限公司,2023,monitor_pass,剔除常见公司后缀后的名称相似度=0.750，但当前法人全称不一致,待人工核实母集团/子公司/更名/无关同名；不得直接赋值,0,https://query.sse.com.cn/commonQuery.do?sqlId=COMMON_SSE_CP_GPJCTPZ_GPLB_GP_L,https://www.moa.gov.cn/nybgb/2023/202306/202307/P020230719348171286633.pdf
603977,国泰集团,江西国泰集团股份有限公司,江西国鸿集团股份有限公司,2014,monitor_pass,剔除常见公司后缀后的名称相似度=0.750，但当前法人全称不一致,待人工核实母集团/子公司/更名/无关同名；不得直接赋值,0,https://query.sse.com.cn/commonQuery.do?sqlId=COMMON_SSE_CP_GPJCTPZ_GPLB_GP_L,https://www.moa.gov.cn/nybgb/2014/shi/201712/P020180104776701107212.pdf
603977,国泰集团,江西国泰集团股份有限公司,江西国鸿集团股份有限公司,2018,monitor_pass,剔除常见公司后缀后的名称相似度=0.750，但当前法人全称不一致,待人工核实母集团/子公司/更名/无关同名；不得直接赋值,0,https://query.sse.com.cn/commonQuery.do?sqlId=COMMON_SSE_CP_GPJCTPZ_GPLB_GP_L,https://xccys.moa.gov.cn/gzdt/201812/t20181205_6314544.htm
603977,国泰集团,江西国泰集团股份有限公司,江西国鸿集团股份有限公司,2020,monitor_pass,剔除常见公司后缀后的名称相似度=0.750，但当前法人全称不一致,待人工核实母集团/子公司/更名/无关同名；不得直接赋值,0,https://query.sse.com.cn/commonQuery.do?sqlId=COMMON_SSE_CP_GPJCTPZ_GPLB_GP_L,https://www.moa.gov.cn/nybgb/2020/202012/202102/P020210201587636946140.pdf
603977,国泰集团,江西国泰集团股份有限公司,江西国鸿集团股份有限公司,2023,monitor_pass,剔除常见公司后缀后的名称相似度=0.750，但当前法人全称不一致,待人工核实母集团/子公司/更名/无关同名；不得直接赋值,0,https://query.sse.com.cn/commonQuery.do?sqlId=COMMON_SSE_CP_GPJCTPZ_GPLB_GP_L,https://www.moa.gov.cn/nybgb/2023/202306/202307/P020230719348171286633.pdf
605018,长华集团,长华控股集团股份有限公司,华斯控股股份有限公司,2018,monitor_pass,剔除常见公司后缀后的名称相似度=0.750，但当前法人全称不一致,待人工核实母集团/子公司/更名/无关同名；不得直接赋值,0,https://query.sse.com.cn/commonQuery.do?sqlId=COMMON_SSE_CP_GPJCTPZ_GPLB_GP_L,https://xccys.moa.gov.cn/gzdt/201812/t20181205_6314544.htm
605018,长华集团,长华控股集团股份有限公司,华斯控股股份有限公司,2020,monitor_pass,剔除常见公司后缀后的名称相似度=0.750，但当前法人全称不一致,待人工核实母集团/子公司/更名/无关同名；不得直接赋值,0,https://query.sse.com.cn/commonQuery.do?sqlId=COMMON_SSE_CP_GPJCTPZ_GPLB_GP_L,https://www.moa.gov.cn/nybgb/2020/202012/202102/P020210201587636946140.pdf
605018,长华集团,长华控股集团股份有限公司,华斯控股股份有限公司,2023,monitor_pass,剔除常见公司后缀后的名称相似度=0.750，但当前法人全称不一致,待人工核实母集团/子公司/更名/无关同名；不得直接赋值,0,https://query.sse.com.cn/commonQuery.do?sqlId=COMMON_SSE_CP_GPJCTPZ_GPLB_GP_L,https://www.moa.gov.cn/nybgb/2023/202306/202307/P020230719348171286633.pdf
605228,神通科技,神通科技集团股份有限公司,神农科技集团有限公司,2023,replacement,剔除常见公司后缀后的名称相似度=0.750，但当前法人全称不一致,待人工核实母集团/子公司/更名/无关同名；不得直接赋值,0,https://query.sse.com.cn/commonQuery.do?sqlId=COMMON_SSE_CP_GPJCTPZ_GPLB_GP_L,https://www.moa.gov.cn/nybgb/2023/202306/202307/P020230719348171286633.pdf
605303,园林股份,杭州市园林绿化股份有限公司,安徽恩龙园林股份有限公司,2014,monitor_pass,证券简称核心词出现在官方名单名称中，但当前法人全称不一致,待人工核实母集团/子公司/更名/无关同名；不得直接赋值,0,https://query.sse.com.cn/commonQuery.do?sqlId=COMMON_SSE_CP_GPJCTPZ_GPLB_GP_L,https://www.moa.gov.cn/nybgb/2014/shi/201712/P020180104776701107212.pdf
605303,园林股份,杭州市园林绿化股份有限公司,棕榈园林股份有限公司,2014,monitor_pass,证券简称核心词出现在官方名单名称中，但当前法人全称不一致,待人工核实母集团/子公司/更名/无关同名；不得直接赋值,0,https://query.sse.com.cn/commonQuery.do?sqlId=COMMON_SSE_CP_GPJCTPZ_GPLB_GP_L,https://www.moa.gov.cn/nybgb/2014/shi/201712/P020180104776701107212.pdf
605303,园林股份,杭州市园林绿化股份有限公司,浙江滕头园林股份有限公司,2014,monitor_pass,证券简称核心词出现在官方名单名称中，但当前法人全称不一致,待人工核实母集团/子公司/更名/无关同名；不得直接赋值,0,https://query.sse.com.cn/commonQuery.do?sqlId=COMMON_SSE_CP_GPJCTPZ_GPLB_GP_L,https://www.moa.gov.cn/nybgb/2014/shi/201712/P020180104776701107212.pdf
605303,园林股份,杭州市园林绿化股份有限公司,安徽恩龙园林股份有限公司,2018,monitor_pass,证券简称核心词出现在官方名单名称中，但当前法人全称不一致,待人工核实母集团/子公司/更名/无关同名；不得直接赋值,0,https://query.sse.com.cn/commonQuery.do?sqlId=COMMON_SSE_CP_GPJCTPZ_GPLB_GP_L,https://xccys.moa.gov.cn/gzdt/201812/t20181205_6314544.htm
605303,园林股份,杭州市园林绿化股份有限公司,浙江滕头园林股份有限公司,2018,monitor_pass,证券简称核心词出现在官方名单名称中，但当前法人全称不一致,待人工核实母集团/子公司/更名/无关同名；不得直接赋值,0,https://query.sse.com.cn/commonQuery.do?sqlId=COMMON_SSE_CP_GPJCTPZ_GPLB_GP_L,https://xccys.moa.gov.cn/gzdt/201812/t20181205_6314544.htm
605303,园林股份,杭州市园林绿化股份有限公司,安徽恩龙园林股份有限公司,2020,monitor_pass,证券简称核心词出现在官方名单名称中，但当前法人全称不一致,待人工核实母集团/子公司/更名/无关同名；不得直接赋值,0,https://query.sse.com.cn/commonQuery.do?sqlId=COMMON_SSE_CP_GPJCTPZ_GPLB_GP_L,https://www.moa.gov.cn/nybgb/2020/202012/202102/P020210201587636946140.pdf
605303,园林股份,杭州市园林绿化股份有限公司,浙江滕头园林股份有限公司,2020,monitor_pass,证券简称核心词出现在官方名单名称中，但当前法人全称不一致,待人工核实母集团/子公司/更名/无关同名；不得直接赋值,0,https://query.sse.com.cn/commonQuery.do?sqlId=COMMON_SSE_CP_GPJCTPZ_GPLB_GP_L,https://www.moa.gov.cn/nybgb/2020/202012/202102/P020210201587636946140.pdf
605303,园林股份,杭州市园林绿化股份有限公司,春泉园林股份有限公司,2021,recognition,证券简称核心词出现在官方名单名称中，但当前法人全称不一致,待人工核实母集团/子公司/更名/无关同名；不得直接赋值,0,https://query.sse.com.cn/commonQuery.do?sqlId=COMMON_SSE_CP_GPJCTPZ_GPLB_GP_L,https://xccys.moa.gov.cn/gzdt/202201/t20220113_6386872.htm
605337,李子园,浙江李子园食品股份有限公司,浙江李子园牛奶食品有限公司,2014,monitor_pass,证券简称核心词出现在官方名单名称中，但当前法人全称不一致,待人工核实母集团/子公司/更名/无关同名；不得直接赋值,0,https://query.sse.com.cn/commonQuery.do?sqlId=COMMON_SSE_CP_GPJCTPZ_GPLB_GP_L,https://www.moa.gov.cn/nybgb/2014/shi/201712/P020180104776701107212.pdf
605567,春雪食品,春雪食品集团股份有限公司,山东春雪食品有限公司,2014,monitor_pass,证券简称核心词出现在官方名单名称中，但当前法人全称不一致,待人工核实母集团/子公司/更名/无关同名；不得直接赋值,0,https://query.sse.com.cn/commonQuery.do?sqlId=COMMON_SSE_CP_GPJCTPZ_GPLB_GP_L,https://www.moa.gov.cn/nybgb/2014/shi/201712/P020180104776701107212.pdf
605567,春雪食品,春雪食品集团股份有限公司,山东春雪食品有限公司,2018,monitor_pass,证券简称核心词出现在官方名单名称中，但当前法人全称不一致,待人工核实母集团/子公司/更名/无关同名；不得直接赋值,0,https://query.sse.com.cn/commonQuery.do?sqlId=COMMON_SSE_CP_GPJCTPZ_GPLB_GP_L,https://xccys.moa.gov.cn/gzdt/201812/t20181205_6314544.htm
605567,春雪食品,春雪食品集团股份有限公司,山东春雪食品有限公司,2020,monitor_pass,证券简称核心词出现在官方名单名称中，但当前法人全称不一致,待人工核实母集团/子公司/更名/无关同名；不得直接赋值,0,https://query.sse.com.cn/commonQuery.do?sqlId=COMMON_SSE_CP_GPJCTPZ_GPLB_GP_L,https://www.moa.gov.cn/nybgb/2020/202012/202102/P020210201587636946140.pdf
605567,春雪食品,春雪食品集团股份有限公司,山东春雪食品有限公司,2023,monitor_pass,证券简称核心词出现在官方名单名称中，但当前法人全称不一致,待人工核实母集团/子公司/更名/无关同名；不得直接赋值,0,https://query.sse.com.cn/commonQuery.do?sqlId=COMMON_SSE_CP_GPJCTPZ_GPLB_GP_L,https://www.moa.gov.cn/nybgb/2023/202306/202307/P020230719348171286633.pdf
688062,迈威生物,迈威(上海)生物科技股份有限公司,上海雪榕生物科技股份有限公司,2014,monitor_pass,剔除常见公司后缀后的名称相似度=0.750，但当前法人全称不一致,待人工核实母集团/子公司/更名/无关同名；不得直接赋值,0,https://query.sse.com.cn/commonQuery.do?sqlId=COMMON_SSE_CP_GPJCTPZ_GPLB_GP_L,https://www.moa.gov.cn/nybgb/2014/shi/201712/P020180104776701107212.pdf
688062,迈威生物,迈威(上海)生物科技股份有限公司,上海雪榕生物科技股份有限公司,2018,monitor_pass,剔除常见公司后缀后的名称相似度=0.750，但当前法人全称不一致,待人工核实母集团/子公司/更名/无关同名；不得直接赋值,0,https://query.sse.com.cn/commonQuery.do?sqlId=COMMON_SSE_CP_GPJCTPZ_GPLB_GP_L,https://xccys.moa.gov.cn/gzdt/201812/t20181205_6314544.htm
688062,迈威生物,迈威(上海)生物科技股份有限公司,上海丰科生物科技股份有限公司,2019,recognition,剔除常见公司后缀后的名称相似度=0.750，但当前法人全称不一致,待人工核实母集团/子公司/更名/无关同名；不得直接赋值,0,https://query.sse.com.cn/commonQuery.do?sqlId=COMMON_SSE_CP_GPJCTPZ_GPLB_GP_L,https://www.moa.gov.cn/nybgb/2019/201912/202004/P020200410023357640054.pdf
688062,迈威生物,迈威(上海)生物科技股份有限公司,上海雪榕生物科技股份有限公司,2020,monitor_pass,剔除常见公司后缀后的名称相似度=0.750，但当前法人全称不一致,待人工核实母集团/子公司/更名/无关同名；不得直接赋值,0,https://query.sse.com.cn/commonQuery.do?sqlId=COMMON_SSE_CP_GPJCTPZ_GPLB_GP_L,https://www.moa.gov.cn/nybgb/2020/202012/202102/P020210201587636946140.pdf
688062,迈威生物,迈威(上海)生物科技股份有限公司,上海丰科生物科技股份有限公司,2023,monitor_pass,剔除常见公司后缀后的名称相似度=0.750，但当前法人全称不一致,待人工核实母集团/子公司/更名/无关同名；不得直接赋值,0,https://query.sse.com.cn/commonQuery.do?sqlId=COMMON_SSE_CP_GPJCTPZ_GPLB_GP_L,https://www.moa.gov.cn/nybgb/2023/202306/202307/P020230719348171286633.pdf
688062,迈威生物,迈威(上海)生物科技股份有限公司,上海雪榕生物科技股份有限公司,2023,monitor_pass,剔除常见公司后缀后的名称相似度=0.750，但当前法人全称不一致,待人工核实母集团/子公司/更名/无关同名；不得直接赋值,0,https://query.sse.com.cn/commonQuery.do?sqlId=COMMON_SSE_CP_GPJCTPZ_GPLB_GP_L,https://www.moa.gov.cn/nybgb/2023/202306/202307/P020230719348171286633.pdf
688116,天奈科技,江苏天奈科技股份有限公司,江苏天成科技集团有限公司,2021,recognition,剔除常见公司后缀后的名称相似度=0.833，但当前法人全称不一致,待人工核实母集团/子公司/更名/无关同名；不得直接赋值,0,https://query.sse.com.cn/commonQuery.do?sqlId=COMMON_SSE_CP_GPJCTPZ_GPLB_GP_L,https://xccys.moa.gov.cn/gzdt/202201/t20220113_6386872.htm
688189,ST南新,湖南南新制药股份有限公司,湖南新五丰股份有限公司,2014,monitor_pass,证券简称核心词出现在官方名单名称中，但当前法人全称不一致,待人工核实母集团/子公司/更名/无关同名；不得直接赋值,0,https://query.sse.com.cn/commonQuery.do?sqlId=COMMON_SSE_CP_GPJCTPZ_GPLB_GP_L,https://www.moa.gov.cn/nybgb/2014/shi/201712/P020180104776701107212.pdf
688189,ST南新,湖南南新制药股份有限公司,湖南新金浩茶油股份有限公司,2014,monitor_pass,证券简称核心词出现在官方名单名称中，但当前法人全称不一致,待人工核实母集团/子公司/更名/无关同名；不得直接赋值,0,https://query.sse.com.cn/commonQuery.do?sqlId=COMMON_SSE_CP_GPJCTPZ_GPLB_GP_L,https://www.moa.gov.cn/nybgb/2014/shi/201712/P020180104776701107212.pdf
688189,ST南新,湖南南新制药股份有限公司,湖南新五丰股份有限公司,2018,monitor_pass,证券简称核心词出现在官方名单名称中，但当前法人全称不一致,待人工核实母集团/子公司/更名/无关同名；不得直接赋值,0,https://query.sse.com.cn/commonQuery.do?sqlId=COMMON_SSE_CP_GPJCTPZ_GPLB_GP_L,https://xccys.moa.gov.cn/gzdt/201812/t20181205_6314544.htm
688189,ST南新,湖南南新制药股份有限公司,湖南新金浩茶油股份有限公司,2018,monitor_pass,证券简称核心词出现在官方名单名称中，但当前法人全称不一致,待人工核实母集团/子公司/更名/无关同名；不得直接赋值,0,https://query.sse.com.cn/commonQuery.do?sqlId=COMMON_SSE_CP_GPJCTPZ_GPLB_GP_L,https://xccys.moa.gov.cn/gzdt/201812/t20181205_6314544.htm
688189,ST南新,湖南南新制药股份有限公司,湖南新发食品有限公司,2019,recognition,证券简称核心词出现在官方名单名称中，但当前法人全称不一致,待人工核实母集团/子公司/更名/无关同名；不得直接赋值,0,https://query.sse.com.cn/commonQuery.do?sqlId=COMMON_SSE_CP_GPJCTPZ_GPLB_GP_L,https://www.moa.gov.cn/nybgb/2019/201912/202004/P020200410023357640054.pdf
688189,ST南新,湖南南新制药股份有限公司,湖南新五丰股份有限公司,2020,monitor_pass,证券简称核心词出现在官方名单名称中，但当前法人全称不一致,待人工核实母集团/子公司/更名/无关同名；不得直接赋值,0,https://query.sse.com.cn/commonQuery.do?sqlId=COMMON_SSE_CP_GPJCTPZ_GPLB_GP_L,https://www.moa.gov.cn/nybgb/2020/202012/202102/P020210201587636946140.pdf
688189,ST南新,湖南南新制药股份有限公司,湖南新五丰股份有限公司,2023,monitor_pass,证券简称核心词出现在官方名单名称中，但当前法人全称不一致,待人工核实母集团/子公司/更名/无关同名；不得直接赋值,0,https://query.sse.com.cn/commonQuery.do?sqlId=COMMON_SSE_CP_GPJCTPZ_GPLB_GP_L,https://www.moa.gov.cn/nybgb/2023/202306/202307/P020230719348171286633.pdf
688189,ST南新,湖南南新制药股份有限公司,湖南新发食品有限公司,2023,monitor_pass,证券简称核心词出现在官方名单名称中，但当前法人全称不一致,待人工核实母集团/子公司/更名/无关同名；不得直接赋值,0,https://query.sse.com.cn/commonQuery.do?sqlId=COMMON_SSE_CP_GPJCTPZ_GPLB_GP_L,https://www.moa.gov.cn/nybgb/2023/202306/202307/P020230719348171286633.pdf
688193,仁度生物,上海仁度生物科技股份有限公司,上海雪榕生物科技股份有限公司,2014,monitor_pass,剔除常见公司后缀后的名称相似度=0.750，但当前法人全称不一致,待人工核实母集团/子公司/更名/无关同名；不得直接赋值,0,https://query.sse.com.cn/commonQuery.do?sqlId=COMMON_SSE_CP_GPJCTPZ_GPLB_GP_L,https://www.moa.gov.cn/nybgb/2014/shi/201712/P020180104776701107212.pdf
688193,仁度生物,上海仁度生物科技股份有限公司,上海雪榕生物科技股份有限公司,2018,monitor_pass,剔除常见公司后缀后的名称相似度=0.750，但当前法人全称不一致,待人工核实母集团/子公司/更名/无关同名；不得直接赋值,0,https://query.sse.com.cn/commonQuery.do?sqlId=COMMON_SSE_CP_GPJCTPZ_GPLB_GP_L,https://xccys.moa.gov.cn/gzdt/201812/t20181205_6314544.htm
688193,仁度生物,上海仁度生物科技股份有限公司,上海丰科生物科技股份有限公司,2019,recognition,剔除常见公司后缀后的名称相似度=0.750，但当前法人全称不一致,待人工核实母集团/子公司/更名/无关同名；不得直接赋值,0,https://query.sse.com.cn/commonQuery.do?sqlId=COMMON_SSE_CP_GPJCTPZ_GPLB_GP_L,https://www.moa.gov.cn/nybgb/2019/201912/202004/P020200410023357640054.pdf
688193,仁度生物,上海仁度生物科技股份有限公司,上海雪榕生物科技股份有限公司,2020,monitor_pass,剔除常见公司后缀后的名称相似度=0.750，但当前法人全称不一致,待人工核实母集团/子公司/更名/无关同名；不得直接赋值,0,https://query.sse.com.cn/commonQuery.do?sqlId=COMMON_SSE_CP_GPJCTPZ_GPLB_GP_L,https://www.moa.gov.cn/nybgb/2020/202012/202102/P020210201587636946140.pdf
688193,仁度生物,上海仁度生物科技股份有限公司,上海丰科生物科技股份有限公司,2023,monitor_pass,剔除常见公司后缀后的名称相似度=0.750，但当前法人全称不一致,待人工核实母集团/子公司/更名/无关同名；不得直接赋值,0,https://query.sse.com.cn/commonQuery.do?sqlId=COMMON_SSE_CP_GPJCTPZ_GPLB_GP_L,https://www.moa.gov.cn/nybgb/2023/202306/202307/P020230719348171286633.pdf
688193,仁度生物,上海仁度生物科技股份有限公司,上海雪榕生物科技股份有限公司,2023,monitor_pass,剔除常见公司后缀后的名称相似度=0.750，但当前法人全称不一致,待人工核实母集团/子公司/更名/无关同名；不得直接赋值,0,https://query.sse.com.cn/commonQuery.do?sqlId=COMMON_SSE_CP_GPJCTPZ_GPLB_GP_L,https://www.moa.gov.cn/nybgb/2023/202306/202307/P020230719348171286633.pdf
688281,华秦科技,陕西华秦科技实业股份有限公司,陕西华秦农牧科技有限公司,2014,monitor_pass,剔除常见公司后缀后的名称相似度=0.750，但当前法人全称不一致,待人工核实母集团/子公司/更名/无关同名；不得直接赋值,0,https://query.sse.com.cn/commonQuery.do?sqlId=COMMON_SSE_CP_GPJCTPZ_GPLB_GP_L,https://www.moa.gov.cn/nybgb/2014/shi/201712/P020180104776701107212.pdf
688281,华秦科技,陕西华秦科技实业股份有限公司,陕西华秦农牧科技有限公司,2018,monitor_pass,剔除常见公司后缀后的名称相似度=0.750，但当前法人全称不一致,待人工核实母集团/子公司/更名/无关同名；不得直接赋值,0,https://query.sse.com.cn/commonQuery.do?sqlId=COMMON_SSE_CP_GPJCTPZ_GPLB_GP_L,https://xccys.moa.gov.cn/gzdt/201812/t20181205_6314544.htm
688281,华秦科技,陕西华秦科技实业股份有限公司,陕西华秦农牧科技有限公司,2020,monitor_pass,剔除常见公司后缀后的名称相似度=0.750，但当前法人全称不一致,待人工核实母集团/子公司/更名/无关同名；不得直接赋值,0,https://query.sse.com.cn/commonQuery.do?sqlId=COMMON_SSE_CP_GPJCTPZ_GPLB_GP_L,https://www.moa.gov.cn/nybgb/2020/202012/202102/P020210201587636946140.pdf
688281,华秦科技,陕西华秦科技实业股份有限公司,陕西华秦农牧科技有限公司,2023,monitor_pass,剔除常见公司后缀后的名称相似度=0.750，但当前法人全称不一致,待人工核实母集团/子公司/更名/无关同名；不得直接赋值,0,https://query.sse.com.cn/commonQuery.do?sqlId=COMMON_SSE_CP_GPJCTPZ_GPLB_GP_L,https://www.moa.gov.cn/nybgb/2023/202306/202307/P020230719348171286633.pdf
688317,之江生物,上海之江生物科技股份有限公司,上海雪榕生物科技股份有限公司,2014,monitor_pass,剔除常见公司后缀后的名称相似度=0.750，但当前法人全称不一致,待人工核实母集团/子公司/更名/无关同名；不得直接赋值,0,https://query.sse.com.cn/commonQuery.do?sqlId=COMMON_SSE_CP_GPJCTPZ_GPLB_GP_L,https://www.moa.gov.cn/nybgb/2014/shi/201712/P020180104776701107212.pdf
688317,之江生物,上海之江生物科技股份有限公司,上海雪榕生物科技股份有限公司,2018,monitor_pass,剔除常见公司后缀后的名称相似度=0.750，但当前法人全称不一致,待人工核实母集团/子公司/更名/无关同名；不得直接赋值,0,https://query.sse.com.cn/commonQuery.do?sqlId=COMMON_SSE_CP_GPJCTPZ_GPLB_GP_L,https://xccys.moa.gov.cn/gzdt/201812/t20181205_6314544.htm
688317,之江生物,上海之江生物科技股份有限公司,上海丰科生物科技股份有限公司,2019,recognition,剔除常见公司后缀后的名称相似度=0.750，但当前法人全称不一致,待人工核实母集团/子公司/更名/无关同名；不得直接赋值,0,https://query.sse.com.cn/commonQuery.do?sqlId=COMMON_SSE_CP_GPJCTPZ_GPLB_GP_L,https://www.moa.gov.cn/nybgb/2019/201912/202004/P020200410023357640054.pdf
688317,之江生物,上海之江生物科技股份有限公司,上海雪榕生物科技股份有限公司,2020,monitor_pass,剔除常见公司后缀后的名称相似度=0.750，但当前法人全称不一致,待人工核实母集团/子公司/更名/无关同名；不得直接赋值,0,https://query.sse.com.cn/commonQuery.do?sqlId=COMMON_SSE_CP_GPJCTPZ_GPLB_GP_L,https://www.moa.gov.cn/nybgb/2020/202012/202102/P020210201587636946140.pdf
688317,之江生物,上海之江生物科技股份有限公司,上海丰科生物科技股份有限公司,2023,monitor_pass,剔除常见公司后缀后的名称相似度=0.750，但当前法人全称不一致,待人工核实母集团/子公司/更名/无关同名；不得直接赋值,0,https://query.sse.com.cn/commonQuery.do?sqlId=COMMON_SSE_CP_GPJCTPZ_GPLB_GP_L,https://www.moa.gov.cn/nybgb/2023/202306/202307/P020230719348171286633.pdf
688317,之江生物,上海之江生物科技股份有限公司,上海雪榕生物科技股份有限公司,2023,monitor_pass,剔除常见公司后缀后的名称相似度=0.750，但当前法人全称不一致,待人工核实母集团/子公司/更名/无关同名；不得直接赋值,0,https://query.sse.com.cn/commonQuery.do?sqlId=COMMON_SSE_CP_GPJCTPZ_GPLB_GP_L,https://www.moa.gov.cn/nybgb/2023/202306/202307/P020230719348171286633.pdf
688366,昊海生科,上海昊海生物科技股份有限公司,上海雪榕生物科技股份有限公司,2014,monitor_pass,剔除常见公司后缀后的名称相似度=0.750，但当前法人全称不一致,待人工核实母集团/子公司/更名/无关同名；不得直接赋值,0,https://query.sse.com.cn/commonQuery.do?sqlId=COMMON_SSE_CP_GPJCTPZ_GPLB_GP_L,https://www.moa.gov.cn/nybgb/2014/shi/201712/P020180104776701107212.pdf
688366,昊海生科,上海昊海生物科技股份有限公司,上海雪榕生物科技股份有限公司,2018,monitor_pass,剔除常见公司后缀后的名称相似度=0.750，但当前法人全称不一致,待人工核实母集团/子公司/更名/无关同名；不得直接赋值,0,https://query.sse.com.cn/commonQuery.do?sqlId=COMMON_SSE_CP_GPJCTPZ_GPLB_GP_L,https://xccys.moa.gov.cn/gzdt/201812/t20181205_6314544.htm
688366,昊海生科,上海昊海生物科技股份有限公司,上海丰科生物科技股份有限公司,2019,recognition,剔除常见公司后缀后的名称相似度=0.750，但当前法人全称不一致,待人工核实母集团/子公司/更名/无关同名；不得直接赋值,0,https://query.sse.com.cn/commonQuery.do?sqlId=COMMON_SSE_CP_GPJCTPZ_GPLB_GP_L,https://www.moa.gov.cn/nybgb/2019/201912/202004/P020200410023357640054.pdf
688366,昊海生科,上海昊海生物科技股份有限公司,上海雪榕生物科技股份有限公司,2020,monitor_pass,剔除常见公司后缀后的名称相似度=0.750，但当前法人全称不一致,待人工核实母集团/子公司/更名/无关同名；不得直接赋值,0,https://query.sse.com.cn/commonQuery.do?sqlId=COMMON_SSE_CP_GPJCTPZ_GPLB_GP_L,https://www.moa.gov.cn/nybgb/2020/202012/202102/P020210201587636946140.pdf
688366,昊海生科,上海昊海生物科技股份有限公司,上海丰科生物科技股份有限公司,2023,monitor_pass,剔除常见公司后缀后的名称相似度=0.750，但当前法人全称不一致,待人工核实母集团/子公司/更名/无关同名；不得直接赋值,0,https://query.sse.com.cn/commonQuery.do?sqlId=COMMON_SSE_CP_GPJCTPZ_GPLB_GP_L,https://www.moa.gov.cn/nybgb/2023/202306/202307/P020230719348171286633.pdf
688366,昊海生科,上海昊海生物科技股份有限公司,上海雪榕生物科技股份有限公司,2023,monitor_pass,剔除常见公司后缀后的名称相似度=0.750，但当前法人全称不一致,待人工核实母集团/子公司/更名/无关同名；不得直接赋值,0,https://query.sse.com.cn/commonQuery.do?sqlId=COMMON_SSE_CP_GPJCTPZ_GPLB_GP_L,https://www.moa.gov.cn/nybgb/2023/202306/202307/P020230719348171286633.pdf
688399,硕世生物,江苏硕世生物科技股份有限公司,江苏华绿生物科技股份有限公司,2019,recognition,剔除常见公司后缀后的名称相似度=0.750，但当前法人全称不一致,待人工核实母集团/子公司/更名/无关同名；不得直接赋值,0,https://query.sse.com.cn/commonQuery.do?sqlId=COMMON_SSE_CP_GPJCTPZ_GPLB_GP_L,https://www.moa.gov.cn/nybgb/2019/201912/202004/P020200410023357640054.pdf
688399,硕世生物,江苏硕世生物科技股份有限公司,江苏安惠生物科技有限公司,2019,recognition,剔除常见公司后缀后的名称相似度=0.750，但当前法人全称不一致,待人工核实母集团/子公司/更名/无关同名；不得直接赋值,0,https://query.sse.com.cn/commonQuery.do?sqlId=COMMON_SSE_CP_GPJCTPZ_GPLB_GP_L,https://www.moa.gov.cn/nybgb/2019/201912/202004/P020200410023357640054.pdf
688399,硕世生物,江苏硕世生物科技股份有限公司,江苏江南生物科技有限公司,2019,recognition,剔除常见公司后缀后的名称相似度=0.750，但当前法人全称不一致,待人工核实母集团/子公司/更名/无关同名；不得直接赋值,0,https://query.sse.com.cn/commonQuery.do?sqlId=COMMON_SSE_CP_GPJCTPZ_GPLB_GP_L,https://www.moa.gov.cn/nybgb/2019/201912/202004/P020200410023357640054.pdf
688399,硕世生物,江苏硕世生物科技股份有限公司,江苏华绿生物科技股份有限公司,2023,monitor_pass,剔除常见公司后缀后的名称相似度=0.750，但当前法人全称不一致,待人工核实母集团/子公司/更名/无关同名；不得直接赋值,0,https://query.sse.com.cn/commonQuery.do?sqlId=COMMON_SSE_CP_GPJCTPZ_GPLB_GP_L,https://www.moa.gov.cn/nybgb/2023/202306/202307/P020230719348171286633.pdf
688399,硕世生物,江苏硕世生物科技股份有限公司,江苏安惠生物科技有限公司,2023,monitor_pass,剔除常见公司后缀后的名称相似度=0.750，但当前法人全称不一致,待人工核实母集团/子公司/更名/无关同名；不得直接赋值,0,https://query.sse.com.cn/commonQuery.do?sqlId=COMMON_SSE_CP_GPJCTPZ_GPLB_GP_L,https://www.moa.gov.cn/nybgb/2023/202306/202307/P020230719348171286633.pdf
688399,硕世生物,江苏硕世生物科技股份有限公司,江苏江南生物科技有限公司,2023,monitor_pass,剔除常见公司后缀后的名称相似度=0.750，但当前法人全称不一致,待人工核实母集团/子公司/更名/无关同名；不得直接赋值,0,https://query.sse.com.cn/commonQuery.do?sqlId=COMMON_SSE_CP_GPJCTPZ_GPLB_GP_L,https://www.moa.gov.cn/nybgb/2023/202306/202307/P020230719348171286633.pdf
688765,禾元生物,武汉禾元生物科技股份有限公司,武汉回盛生物科技股份有限公司,2021,recognition,剔除常见公司后缀后的名称相似度=0.750，但当前法人全称不一致,待人工核实母集团/子公司/更名/无关同名；不得直接赋值,0,https://query.sse.com.cn/commonQuery.do?sqlId=COMMON_SSE_CP_GPJCTPZ_GPLB_GP_L,https://xccys.moa.gov.cn/gzdt/202201/t20220113_6386872.htm
